# TEXT EXPORT
# data-description.comment: 
# data-description.name: 
# data-description.probe: 
# data-description.user-name: Yazhini
# data-description.instrument: JPK01814-H-21-02-0019
# data-description.source-software: 8.0.163
# data-description.modification-software: 8.1.62
# index: 5474
# xPosition: -1.0438495900363586E-5
# yPosition: -2.321078727457229E-5
# quantitative-imaging-settings.type: simple-quantitative-imaging-settings
# quantitative-imaging-settings.relative-setpoint: 0.30087220298747946
# quantitative-imaging-settings.control-settings.control-settings-type: quantitative-imaging-control-settings
# quantitative-imaging-settings.control-settings.next-line-motion-time: 0.05
# quantitative-imaging-settings.control-settings.next-line-additional-delay: 0.01
# quantitative-imaging-settings.control-settings.max-retries-per-position: 5
# quantitative-imaging-settings.control-settings.max-bad-adjecent-pixels: 0
# quantitative-imaging-settings.control-settings.max-pixel-replays: 1
# quantitative-imaging-settings.control-settings.pixelwise-retract-if-required: true
# quantitative-imaging-settings.control-settings.no-data-extend-fraction: 0.2
# quantitative-imaging-settings.control-settings.overscan-delay-factor: 3.4
# quantitative-imaging-settings.control-settings.overscan-distance-factor: 0.383
# quantitative-imaging-settings.control-settings.line-clock.active: false
# quantitative-imaging-settings.control-settings.line-clock.name: pulse-2
# quantitative-imaging-settings.control-settings.frame-clock.active: false
# quantitative-imaging-settings.control-settings.frame-clock.name: pulse-3
# quantitative-imaging-settings.control-settings.closed-loop: false
# quantitative-imaging-settings.control-settings.start-option.type: smooth-xyz-motion
# quantitative-imaging-settings.control-settings.start-option.additional-retract: 3.0E-9
# quantitative-imaging-settings.control-settings.start-option.start-time: 0.006250000000000001
# quantitative-imaging-settings.control-settings.start-option.motion-time: 0.006250000000000001
# quantitative-imaging-settings.control-settings.pixel-clock.active: false
# quantitative-imaging-settings.control-settings.pixel-clock.name: pixel-clock
# quantitative-imaging-settings.control-settings.ttl-outputs.pins.list: 
# quantitative-imaging-settings.control-settings.baseline-adjust-settings.enabled: true
# quantitative-imaging-settings.control-settings.baseline-adjust-settings.interval: 1
# quantitative-imaging-settings.control-settings.averager.type: instrumentdefault
# quantitative-imaging-settings.control-settings.averager.value: NaN
# quantitative-imaging-settings.extend.type: z-extend-force
# quantitative-imaging-settings.extend.identifier.type: standard
# quantitative-imaging-settings.extend.identifier.name: extend-spm
# quantitative-imaging-settings.extend.style: extend
# quantitative-imaging-settings.extend.duration: 0.025000000000000005
# quantitative-imaging-settings.extend.num-points: 1500
# quantitative-imaging-settings.extend.z-start: 5.000000000000001E-7
# quantitative-imaging-settings.extend.z-end: 0.0
# quantitative-imaging-settings.extend.setpoint: 0.30087220298747946
# quantitative-imaging-settings.retract.type: z-retract-height
# quantitative-imaging-settings.retract.identifier.type: standard
# quantitative-imaging-settings.retract.identifier.name: retract-spm
# quantitative-imaging-settings.retract.style: retract
# quantitative-imaging-settings.retract.duration: 0.025000000000000005
# quantitative-imaging-settings.retract.num-points: 1500
# quantitative-imaging-settings.retract.z-start: 5.000000000000001E-7
# quantitative-imaging-settings.retract.z-end: 0.0
# quantitative-imaging-settings.retract.setpoint: 0.15000000000000002
# quantitative-imaging-settings.data-description.comment: 
# quantitative-imaging-settings.data-description.name: 
# quantitative-imaging-settings.data-description.probe: 
# quantitative-imaging-settings.data-description.user-name: afm_csec
# quantitative-imaging-settings.data-description.instrument: JPK01814-H-21-02-0019
# quantitative-imaging-settings.data-description.source-software: 8.0.163
# quantitative-imaging-settings.data-description.modification-software: 
# feedbackMode: contact
# date: Wed Oct 02 16:05:23 BST 2024
# segmentIndex: 0
# segment: extend
# columns: verticalTipPosition vDeflection height error smoothedMeasuredHeight measuredHeight seriesTime time
# fancyNames: "Vertical Tip Position" "Vertical Deflection" "Height" "Error Signal" "Height (measured & smoothed)" "Height (measured)" "Series Time" "Segment Time"
# heightMultiplier: 0.788494
# heightOffset: 0.0
# sensitivity: 4.798575435590727E-8
# springConstant: 0.06926368726396598
# calibrationSlots: nominal force nominal volts nominal nominal elapsed elapsed
# units: m N m V m m s s
#
 2.9070485458e-07 -1.4559677552e-11  1.0016273605e-05      0.0000000000  2.9091506108e-07  2.9098456422e-07  8.3333333333e-06  8.3333333333e-06
 2.9055952952e-07 -8.3097330376e-12  1.0015943452e-05      0.0000000000  2.9067950195e-07  2.8987585611e-07  2.5000000000e-05  2.5000000000e-05
 2.9022355134e-07 -1.5265126743e-11  1.0015603444e-05      0.0000000000  2.9044394283e-07  2.9057078362e-07  4.1666666667e-05  4.1666666667e-05
 2.9009751716e-07 -7.6790253652e-12  1.0015273598e-05      0.0000000000  2.9020838370e-07  2.8936058779e-07  5.8333333333e-05  5.8333333333e-05
 2.8976532395e-07 -1.4372258432e-11  1.0014943442e-05      0.0000000000  2.8997282457e-07  2.9076105541e-07  7.5000000000e-05  7.5000000000e-05
 2.8972702154e-07 -7.0953031005e-13  1.0014603448e-05      0.0000000000  2.8973726544e-07  2.8989069800e-07  9.1666666667e-05  9.1666666667e-05
 2.8952137003e-07  1.3619814985e-12  1.0014273592e-05      0.0000000000  2.8950170632e-07  2.8927589153e-07  0.00010833333333  0.00010833333333
 2.8929331735e-07  1.9134030993e-12  1.0013943436e-05      0.0000000000  2.8926569244e-07  2.8855162612e-07  0.00012500000000  0.00012500000000
 2.8912368740e-07  6.4799010031e-12  1.0013603441e-05      0.0000000000  2.8903013331e-07  2.8959011826e-07  0.00014166666667  0.00014166666667
 2.8879647748e-07  1.3182945522e-13  1.0013273585e-05      0.0000000000  2.8879457418e-07  2.8823585860e-07  0.00015833333333  0.00015833333333
 2.8866526284e-07  7.3906104622e-12  1.0012943440e-05      0.0000000000  2.8855856031e-07  2.8876026160e-07  0.00017500000000  0.00017500000000
 2.8819306439e-07 -8.9999013356e-12  1.0012603435e-05      0.0000000000  2.8832300118e-07  2.8764366087e-07  0.00019166666667  0.00019166666667
 2.8798138971e-07 -7.3140788561e-12  1.0012273579e-05      0.0000000000  2.8808698731e-07  2.8711844031e-07  0.00020833333333  0.00020833333333
 2.8800502009e-07  1.0638342014e-11  1.0011943437e-05      0.0000000000  2.8785142818e-07  2.8741839115e-07  0.00022500000000  0.00022500000000
 2.8746052311e-07 -1.0728335206e-11  1.0011603425e-05      0.0000000000  2.8761541430e-07  2.8720631248e-07  0.00024166666667  0.00024166666667
 2.8742676824e-07  3.2808694318e-12  1.0011273583e-05      0.0000000000  2.8737940043e-07  2.8761844223e-07  0.00025833333333  0.00025833333333
 2.8711231087e-07 -2.1839135986e-12  1.0010943427e-05      0.0000000000  2.8714384130e-07  2.8652974865e-07  0.00027500000000  0.00027500000000
 2.8693604590e-07  1.9545154856e-12  1.0010603422e-05      0.0000000000  2.8690782743e-07  2.8730451423e-07  0.00029166666667  0.00029166666667
 2.8691291303e-07  1.6699439183e-11  1.0010273576e-05      0.0000000000  2.8667181355e-07  2.8720129705e-07  0.00030833333333  0.00030833333333
 2.8672282623e-07  1.9880517426e-11  1.0009943434e-05      0.0000000000  2.8643579968e-07  2.8633167859e-07  0.00032500000000  0.00032500000000
 2.8650845083e-07  2.1379277945e-11  1.0009603457e-05      0.0000000000  2.8619978580e-07  2.8554208685e-07  0.00034166666667  0.00034166666667
 2.8617069508e-07  1.4332260458e-11  1.0009273629e-05      0.0000000000  2.8596377193e-07  2.8497944711e-07  0.00035833333333  0.00035833333333
 2.8613094294e-07  2.7926072063e-11  1.0008943501e-05      0.0000000000  2.8572775805e-07  2.8577347256e-07  0.00037500000000  0.00037500000000
 2.8567734524e-07  1.2855414102e-11  1.0008603524e-05      0.0000000000  2.8549174418e-07  2.8532997673e-07  0.00039166666667  0.00039166666667
 2.8545693142e-07  1.3935931614e-11  1.0008273672e-05      0.0000000000  2.8525573030e-07  2.8518800398e-07  0.00040833333333  0.00040833333333
 2.8530189763e-07  1.9544910514e-11  1.0007943530e-05      0.0000000000  2.8501971642e-07  2.8494083304e-07  0.00042500000000  0.00042500000000
 2.8513335782e-07  2.4218413052e-11  1.0007603521e-05      0.0000000000  2.8478370255e-07  2.8434489339e-07  0.00044166666667  0.00044166666667
 2.8497408537e-07  2.9533807569e-11  1.0007273672e-05      0.0000000000  2.8454768867e-07  2.8340389549e-07  0.00045833333333  0.00045833333333
 2.8458821440e-07  1.9154152074e-11  1.0006943523e-05      0.0000000000  2.8431167480e-07  2.8361218508e-07  0.00047500000000  0.00047500000000
 2.8424540403e-07  1.1788530696e-11  1.0006603515e-05      0.0000000000  2.8407520618e-07  2.8477603145e-07  0.00049166666667  0.00049166666667
 2.8430884122e-07  3.2529615624e-11  1.0006273669e-05      0.0000000000  2.8383919230e-07  2.8413581768e-07  0.00050833333333  0.00050833333333
 2.8372961613e-07  8.7575414416e-12  1.0005943513e-05      0.0000000000  2.8360317843e-07  2.8385052006e-07  0.00052500000000  0.00052500000000
 2.8351375572e-07  1.0184942608e-11  1.0005603515e-05      0.0000000000  2.8336670980e-07  2.8447542027e-07  0.00054166666667  0.00054166666667
 2.8333306213e-07  1.4016629310e-11  1.0005273663e-05      0.0000000000  2.8313069593e-07  2.8298579125e-07  0.00055833333333  0.00055833333333
 2.8290378137e-07  6.6174956155e-13  1.0004943507e-05      0.0000000000  2.8289422731e-07  2.8339664749e-07  0.00057500000000  0.00057500000000
 2.8243653578e-07 -1.5354211621e-11  1.0004603512e-05      0.0000000000  2.8265821343e-07  2.8287859632e-07  0.00059166666667  0.00059166666667
 2.8245149359e-07  2.0605099915e-12  1.0004273653e-05      0.0000000000  2.8242174481e-07  2.8295972361e-07  0.00060833333333  0.00060833333333
 2.8220283656e-07  1.2162964387e-12  1.0003943507e-05      0.0000000000  2.8218527619e-07  2.8221516065e-07  0.00062500000000  0.00062500000000
 2.8193103742e-07 -1.2623230039e-12  1.0003603506e-05      0.0000000000  2.8194926231e-07  2.8208200814e-07  0.00064166666667  0.00064166666667
 2.8178497390e-07  4.9994676556e-12  1.0003273650e-05      0.0000000000  2.8171279369e-07  2.8240279108e-07  0.00065833333333  0.00065833333333
 2.8142283766e-07 -3.7047349150e-12  1.0002943504e-05      0.0000000000  2.8147632507e-07  2.8176374077e-07  0.00067500000000  0.00067500000000
 2.8109058490e-07 -1.0339097258e-11  1.0002603496e-05      0.0000000000  2.8123985644e-07  2.8111615322e-07  0.00069166666667  0.00069166666667
 2.8074645196e-07 -1.7796324958e-11  1.0002273654e-05      0.0000000000  2.8100338782e-07  2.7990627183e-07  0.00070833333333  0.00070833333333
 2.8057820499e-07 -1.3102539484e-11  1.0001943498e-05      0.0000000000  2.8076737395e-07  2.8095312826e-07  0.00072500000000  0.00072500000000
 2.8010973223e-07 -2.9172001413e-11  1.0001603493e-05      0.0000000000  2.8053090532e-07  2.8091548897e-07  0.00074166666667  0.00074166666667
 2.8055544744e-07  1.8078566287e-11  1.0001273644e-05      0.0000000000  2.8029443670e-07  2.8051342152e-07  0.00075833333333  0.00075833333333
 2.7990564584e-07 -1.0550400035e-11  1.0000943488e-05      0.0000000000  2.8005796808e-07  2.7953937526e-07  0.00077500000000  0.00077500000000
 2.8001501429e-07  1.3403550996e-11  1.0000603497e-05      0.0000000000  2.7982149946e-07  2.7962786060e-07  0.00079166666667  0.00079166666667
 2.7972960444e-07  1.0045198346e-11  1.0000273638e-05      0.0000000000  2.7958457609e-07  2.7898065039e-07  0.00080833333333  0.00080833333333
 2.7966549800e-07  2.1983638488e-11  9.9999434850e-06      0.0000000000  2.7934810746e-07  2.7900042909e-07  0.00082500000000  0.00082500000000
 2.7945556032e-07  2.3821269421e-11  9.9996034871e-06      0.0000000000  2.7911163884e-07  2.7884004548e-07  0.00084166666667  0.00084166666667
 2.7927986767e-07  2.8030837877e-11  9.9992736278e-06      0.0000000000  2.7887517022e-07  2.7904681000e-07  0.00085833333333  0.00085833333333
 2.7911196648e-07  3.2811568174e-11  9.9989434890e-06      0.0000000000  2.7863824685e-07  2.7870239638e-07  0.00087500000000  0.00087500000000
 2.7884460506e-07  3.0671819147e-11  9.9986034806e-06      0.0000000000  2.7840177823e-07  2.7873836910e-07  0.00089166666667  0.00089166666667
 2.7842666476e-07  1.8102421974e-11  9.9982736283e-06      0.0000000000  2.7816530960e-07  2.7787343589e-07  0.00090833333333  0.00090833333333
 2.7771124349e-07 -1.5040107096e-11  9.9979434791e-06      0.0000000000  2.7792838624e-07  2.7810479015e-07  0.00092500000000  0.00092500000000
 2.7774233055e-07  3.4917860038e-12  9.9976034777e-06      0.0000000000  2.7769191761e-07  2.7823615032e-07  0.00094166666667  0.00094166666667
 2.7742827322e-07 -1.8507966015e-12  9.9972736288e-06      0.0000000000  2.7745499424e-07  2.7829155586e-07  0.00095833333333  0.00095833333333
 2.7723547877e-07  1.1742373337e-12  9.9969434727e-06      0.0000000000  2.7721852562e-07  2.7786455277e-07  0.00097500000000  0.00097500000000
 2.7717675669e-07  1.3517115809e-11  9.9966034712e-06      0.0000000000  2.7698160225e-07  2.7739470630e-07  0.00099166666667  0.00099166666667
 2.7681866594e-07  5.1246163649e-12  9.9962736189e-06      0.0000000000  2.7674467888e-07  2.7726804711e-07   0.0010083333333   0.0010083333333
 2.7643763533e-07 -4.8882796793e-12  9.9959434697e-06      0.0000000000  2.7650821026e-07  2.7698190048e-07   0.0010250000000   0.0010250000000
 2.7625299329e-07 -1.2670818541e-12  9.9956034718e-06      0.0000000000  2.7627128689e-07  2.7667256340e-07   0.0010416666667   0.0010416666667
 2.7616555641e-07  9.0869030715e-12  9.9952736124e-06      0.0000000000  2.7603436352e-07  2.7643932246e-07   0.0010583333333   0.0010583333333
 2.7580697270e-07  6.6025945220e-13  9.9949434632e-06      0.0000000000  2.7579744015e-07  2.7573213151e-07   0.0010750000000   0.0010750000000
 2.7566012365e-07  6.8676415081e-12  9.9946034618e-06      0.0000000000  2.7556097153e-07  2.7581879306e-07   0.0010916666667   0.0010916666667
 2.7550943728e-07  1.2840734502e-11  9.9942736095e-06      0.0000000000  2.7532404816e-07  2.7580605797e-07   0.0011083333333   0.0011083333333
 2.7529753500e-07  1.4573787226e-11  9.9939434638e-06      0.0000000000  2.7508712479e-07  2.7566013891e-07   0.0011250000000   0.0011250000000
 2.7507478227e-07  1.5555297979e-11  9.9936034554e-06      0.0000000000  2.7485020142e-07  2.7522900084e-07   0.0011416666667   0.0011416666667
 2.7469527037e-07  5.6790907190e-12  9.9932736065e-06      0.0000000000  2.7461327805e-07  2.7561517301e-07   0.0011583333333   0.0011583333333
 2.7449923683e-07  8.5112712603e-12  9.9929434573e-06      0.0000000000  2.7437635468e-07  2.7491870470e-07   0.0011750000000   0.0011750000000
 2.7426624420e-07  8.8150258197e-12  9.9926034559e-06      0.0000000000  2.7413897656e-07  2.7420888812e-07   0.0011916666667   0.0011916666667
 2.7395151088e-07  3.4256222052e-12  9.9922736036e-06      0.0000000000  2.7390205319e-07  2.7361027567e-07   0.0012083333333   0.0012083333333
 2.7386502945e-07  1.3845785759e-11  9.9919434474e-06      0.0000000000  2.7366512982e-07  2.7368726798e-07   0.0012250000000   0.0012250000000
 2.7362811397e-07  1.3846331597e-11  9.9916034495e-06      0.0000000000  2.7342820645e-07  2.7339189234e-07   0.0012416666667   0.0012416666667
 2.7323173565e-07  2.8018938912e-12  9.9912735971e-06      0.0000000000  2.7319128308e-07  2.7342764495e-07   0.0012583333333   0.0012583333333
 2.7300473307e-07  3.5205418126e-12  9.9909434479e-06      0.0000000000  2.7295390496e-07  2.7253205318e-07   0.0012750000000   0.0012750000000
 2.7289888756e-07  1.2599477769e-11  9.9906034465e-06      0.0000000000  2.7271698159e-07  2.7272051689e-07   0.0012916666667   0.0012916666667
 2.7245797273e-07 -1.4982253740e-12  9.9902735872e-06      0.0000000000  2.7247960348e-07  2.7298427490e-07   0.0013083333333   0.0013083333333
 2.7224151572e-07 -8.0650019932e-14  9.9899434415e-06      0.0000000000  2.7224268011e-07  2.7169062487e-07   0.0013250000000   0.0013250000000
 2.7208391189e-07  5.4133141487e-12  9.9896034400e-06      0.0000000000  2.7200575674e-07  2.7212547341e-07   0.0013416666667   0.0013416666667
 2.7176756506e-07 -5.6350361603e-14  9.9892735877e-06      0.0000000000  2.7176837862e-07  2.7186125945e-07   0.0013583333333   0.0013583333333
 2.7146574115e-07 -4.5201034268e-12  9.9889434385e-06      0.0000000000  2.7153100050e-07  2.7171960115e-07   0.0013750000000   0.0013750000000
 2.7126822392e-07 -1.7906885235e-12  9.9886034301e-06      0.0000000000  2.7129407713e-07  2.7110690148e-07   0.0013916666667   0.0013916666667
 2.7081486835e-07 -1.6750083299e-11  9.9882735882e-06      0.0000000000  2.7105669902e-07  2.7058716802e-07   0.0014083333333   0.0014083333333
 2.7070258420e-07 -8.0856140117e-12  9.9879434321e-06      0.0000000000  2.7081932090e-07  2.7045749014e-07   0.0014250000000   0.0014250000000
 2.7056712560e-07 -1.0577898798e-12  9.9876034551e-06      0.0000000000  2.7058239753e-07  2.7045660969e-07   0.0014416666667   0.0014416666667
 2.7059787952e-07  1.7514023465e-11  9.9872736272e-06      0.0000000000  2.7034501941e-07  2.7079209302e-07   0.0014583333333   0.0014583333333
 2.7021882025e-07  7.7006647418e-12  9.9869434955e-06      0.0000000000  2.7010764129e-07  2.6982117551e-07   0.0014750000000   0.0014750000000
 2.7002084830e-07  1.0430080693e-11  9.9866035185e-06      0.0000000000  2.6987026318e-07  2.7042683157e-07   0.0014916666667   0.0014916666667
 2.6983761542e-07  1.4180379708e-11  9.9862736836e-06      0.0000000000  2.6963288506e-07  2.6933845244e-07   0.0015083333333   0.0015083333333
 2.6936920175e-07 -1.8219946871e-12  9.9859435379e-06      0.0000000000  2.6939550694e-07  2.6962568391e-07   0.0015250000000   0.0015250000000
 2.6920676561e-07  3.3687628552e-12  9.9856035330e-06      0.0000000000  2.6915812883e-07  2.6942663906e-07   0.0015416666667   0.0015416666667
 2.6887707681e-07 -3.0250151315e-12  9.9852736772e-06      0.0000000000  2.6892075071e-07  2.6805041529e-07   0.0015583333333   0.0015583333333
 2.6857031209e-07 -7.8309872095e-12  9.9849435349e-06      0.0000000000  2.6868337259e-07  2.6878417699e-07   0.0015750000000   0.0015750000000
 2.6814753816e-07 -2.0672184723e-11  9.9846035265e-06      0.0000000000  2.6844599447e-07  2.6837751862e-07   0.0015916666667   0.0015916666667
 2.6763445757e-07 -3.9768354460e-11  9.9842736777e-06      0.0000000000  2.6820861636e-07  2.6810733017e-07   0.0016083333333   0.0016083333333
 2.6730070300e-07 -4.6443743236e-11  9.9839435250e-06      0.0000000000  2.6797123824e-07  2.6878589073e-07   0.0016250000000   0.0016250000000
 2.6710047387e-07 -4.3839169925e-11  9.9836035236e-06      0.0000000000  2.6773340538e-07  2.6801112516e-07   0.0016416666667   0.0016416666667
 2.6698755595e-07 -3.5218597647e-11  9.9832736747e-06      0.0000000000  2.6749602726e-07  2.6735748451e-07   0.0016583333333   0.0016583333333
 2.6650522106e-07 -5.2185207237e-11  9.9829435185e-06      0.0000000000  2.6725864914e-07  2.6750887494e-07   0.0016750000000   0.0016750000000
 2.6634567750e-07 -4.6762601373e-11  9.9826035206e-06      0.0000000000  2.6702081628e-07  2.6718901961e-07   0.0016916666667   0.0016916666667
 2.6638306218e-07 -2.7731516492e-11  9.9822736648e-06      0.0000000000  2.6678343816e-07  2.6667588953e-07   0.0017083333333   0.0017083333333
 2.6634171662e-07 -1.4122081356e-11  9.9819435156e-06      0.0000000000  2.6654560530e-07  2.6715823527e-07   0.0017250000000   0.0017250000000
 2.6649729904e-07  1.3095814290e-11  9.9816035177e-06      0.0000000000  2.6630822718e-07  2.6687520167e-07   0.0017416666667   0.0017416666667
 2.6648482005e-07  2.8704654571e-11  9.9812736583e-06      0.0000000000  2.6607039431e-07  2.6605463691e-07   0.0017583333333   0.0017583333333
 2.6639136587e-07  3.8673357307e-11  9.9809435126e-06      0.0000000000  2.6583301620e-07  2.6508878199e-07   0.0017750000000   0.0017750000000
 2.6620143678e-07  4.1991349553e-11  9.9806035077e-06      0.0000000000  2.6559518333e-07  2.6442341248e-07   0.0017916666667   0.0017916666667
 2.6584475840e-07  3.3728173375e-11  9.9802736589e-06      0.0000000000  2.6535780521e-07  2.6478894121e-07   0.0018083333333   0.0018083333333
 2.6539766544e-07  1.9234047233e-11  9.9799435097e-06      0.0000000000  2.6511997235e-07  2.6562522830e-07   0.0018250000000   0.0018250000000
 2.6502722536e-07  1.0049182955e-11  9.9796035013e-06      0.0000000000  2.6488213949e-07  2.6427626708e-07   0.0018416666667   0.0018416666667
 2.6459065180e-07 -3.7163305571e-12  9.9792736559e-06      0.0000000000  2.6464430662e-07  2.6460363768e-07   0.0018583333333   0.0018583333333
 2.6419023551e-07 -1.5008955576e-11  9.9789434997e-06      0.0000000000  2.6440692850e-07  2.6500543786e-07   0.0018750000000   0.0018750000000
 2.6378760747e-07 -2.6423277159e-11  9.9786035053e-06      0.0000000000  2.6416909564e-07  2.6433849611e-07   0.0018916666667   0.0018916666667
 2.6367598917e-07 -1.7681191286e-11  9.9782736495e-06      0.0000000000  2.6393126277e-07  2.6317229138e-07   0.0019083333333   0.0019083333333
 2.6348680339e-07 -1.4311714436e-11  9.9779434933e-06      0.0000000000  2.6369342991e-07  2.6342078300e-07   0.0019250000000   0.0019250000000
 2.6337901842e-07 -5.3041182778e-12  9.9776034988e-06      0.0000000000  2.6345559705e-07  2.6322088914e-07   0.0019416666667   0.0019416666667
 2.6311299379e-07 -7.2567836949e-12  9.9772736395e-06      0.0000000000  2.6321776418e-07  2.6306232932e-07   0.0019583333333   0.0019583333333
 2.6306714186e-07  6.0405237176e-12  9.9769434973e-06      0.0000000000  2.6297993132e-07  2.6222766163e-07   0.0019750000000   0.0019750000000
 2.6256666181e-07 -1.2151388785e-11  9.9766034924e-06      0.0000000000  2.6274209845e-07  2.6251874507e-07   0.0019916666667   0.0019916666667
 2.6216431620e-07 -2.3514650363e-11  9.9762736331e-06      0.0000000000  2.6250381084e-07  2.6272054133e-07   0.0020083333333   0.0020083333333
 2.6209647963e-07 -1.1740080610e-11  9.9759434909e-06      0.0000000000  2.6226597798e-07  2.6256605360e-07   0.0020250000000   0.0020250000000
 2.6154063611e-07 -3.3766670781e-11  9.9756034859e-06      0.0000000000  2.6202814511e-07  2.6119163790e-07   0.0020416666667   0.0020416666667
 2.6139229114e-07 -2.7568409202e-11  9.9752736371e-06      0.0000000000  2.6179031225e-07  2.6169228443e-07   0.0020583333333   0.0020583333333
 2.6122830456e-07 -2.2422046245e-11  9.9749434844e-06      0.0000000000  2.6155202463e-07  2.6100223084e-07   0.0020750000000   0.0020750000000
 2.6092121095e-07 -2.7219300794e-11  9.9746034795e-06      0.0000000000  2.6131419177e-07  2.6140461274e-07   0.0020916666667   0.0020916666667
 2.6115360312e-07  5.3502187470e-12  9.9742736306e-06      0.0000000000  2.6107635891e-07  2.6142693847e-07   0.0021083333333   0.0021083333333
 2.6063720491e-07 -1.3912746427e-11  9.9739434780e-06      0.0000000000  2.6083807129e-07  2.6152300198e-07   0.0021250000000   0.0021250000000
 2.6080237534e-07  1.4000747608e-11  9.9736034835e-06      0.0000000000  2.6060023843e-07  2.6058154813e-07   0.0021416666667   0.0021416666667
 2.6066876840e-07  2.1251317044e-11  9.9732736242e-06      0.0000000000  2.6036195082e-07  2.6056632891e-07   0.0021583333333   0.0021583333333
 2.6060489099e-07  3.3300113561e-11  9.9729434715e-06      0.0000000000  2.6012411795e-07  2.6035105860e-07   0.0021750000000   0.0021750000000
 2.6035940128e-07  3.2801269287e-11  9.9726034736e-06      0.0000000000  2.5988583034e-07  2.5960517497e-07   0.0021916666667   0.0021916666667
 2.6024157062e-07  4.1113064534e-11  9.9722736177e-06      0.0000000000  2.5964799748e-07  2.5962754786e-07   0.0022083333333   0.0022083333333
 2.5968064016e-07  1.8765631207e-11  9.9719434755e-06      0.0000000000  2.5940970986e-07  2.5927632646e-07   0.0022250000000   0.0022250000000
 2.5950519180e-07  2.3118109716e-11  9.9716034671e-06      0.0000000000  2.5917142225e-07  2.5977074695e-07   0.0022416666667   0.0022416666667
 2.5899184540e-07  4.0665238174e-12  9.9712736113e-06      0.0000000000  2.5893313464e-07  2.5934814612e-07   0.0022583333333   0.0022583333333
 2.5864385969e-07 -3.5630686765e-12  9.9709434691e-06      0.0000000000  2.5869530178e-07  2.5908963937e-07   0.0022750000000   0.0022750000000
 2.5845244587e-07 -3.1641727576e-13  9.9706034607e-06      0.0000000000  2.5845701416e-07  2.5743283469e-07   0.0022916666667   0.0022916666667
 2.5785967531e-07 -2.4869212669e-11  9.9702736153e-06      0.0000000000  2.5821872655e-07  2.5902491049e-07   0.0023083333333   0.0023083333333
 2.5783400107e-07 -1.0142827073e-11  9.9699434591e-06      0.0000000000  2.5798043894e-07  2.5821481682e-07   0.0023250000000   0.0023250000000
 2.5740439522e-07 -2.3394233752e-11  9.9696034577e-06      0.0000000000  2.5774215133e-07  2.5786683422e-07   0.0023416666667   0.0023416666667
 2.5719244249e-07 -2.1570182272e-11  9.9692736089e-06      0.0000000000  2.5750386372e-07  2.5717987793e-07   0.0023583333333   0.0023583333333
 2.5709418407e-07 -1.1871244181e-11  9.9689434527e-06      0.0000000000  2.5726557611e-07  2.5763986649e-07   0.0023750000000   0.0023750000000
 2.5688062502e-07 -1.0158452744e-11  9.9686034617e-06      0.0000000000  2.5702728849e-07  2.5717179664e-07   0.0023916666667   0.0023916666667
 2.5671125703e-07 -5.3848257336e-12  9.9682735989e-06      0.0000000000  2.5678900088e-07  2.5725347421e-07   0.0024083333333   0.0024083333333
 2.5649728224e-07 -3.7008301422e-12  9.9679434497e-06      0.0000000000  2.5655071327e-07  2.5615133803e-07   0.0024250000000   0.0024250000000
 2.5630277840e-07 -6.6820442195e-13  9.9676034518e-06      0.0000000000  2.5631242566e-07  2.5637313311e-07   0.0024416666667   0.0024416666667
 2.5620636092e-07  9.1897410852e-12  9.9672735925e-06      0.0000000000  2.5607368330e-07  2.5651586053e-07   0.0024583333333   0.0024583333333
 2.5603202593e-07  1.3619335462e-11  9.9669434538e-06      0.0000000000  2.5583539569e-07  2.5659055738e-07   0.0024750000000   0.0024750000000
 2.5585245729e-07  1.7686427891e-11  9.9666034419e-06      0.0000000000  2.5559710808e-07  2.5555436070e-07   0.0024916666667   0.0024916666667
 2.5581883880e-07  3.1894063661e-11  9.9662735930e-06      0.0000000000  2.5535836572e-07  2.5428698271e-07   0.0025083333333   0.0025083333333
 2.5524669078e-07  8.7696606696e-12  9.9659434438e-06      0.0000000000  2.5512007810e-07  2.5556582229e-07   0.0025250000000   0.0025250000000
 2.5527467134e-07  2.7212375967e-11  9.9656034389e-06      0.0000000000  2.5488179049e-07  2.5499517988e-07   0.0025416666667   0.0025416666667
 2.5464745538e-07  3.0526212338e-13  9.9652735901e-06      0.0000000000  2.5464304813e-07  2.5431687088e-07   0.0025583333333   0.0025583333333
 2.5468461246e-07  1.9383577248e-11  9.9649434339e-06      0.0000000000  2.5440476052e-07  2.5523625056e-07   0.0025750000000   0.0025750000000
 2.5400683198e-07 -1.1025822111e-11  9.9646034394e-06      0.0000000000  2.5416601816e-07  2.5387221160e-07   0.0025916666667   0.0025916666667
 2.5375249947e-07 -1.2105652991e-11  9.9642735836e-06      0.0000000000  2.5392727580e-07  2.5303716657e-07   0.0026083333333   0.0026083333333
 2.5356741370e-07 -8.4206977233e-12  9.9639434484e-06      0.0000000000  2.5368898819e-07  2.5291583726e-07   0.0026250000000   0.0026250000000
 2.5338146787e-07 -4.7638155076e-12  9.9636034644e-06      0.0000000000  2.5345024583e-07  2.5387738425e-07   0.0026416666667   0.0026416666667
 2.5258768243e-07 -4.3239643018e-11  9.9632736330e-06      0.0000000000  2.5321195822e-07  2.5279026291e-07   0.0026583333333   0.0026583333333
 2.5286299522e-07 -7.6342878569e-12  9.9629435083e-06      0.0000000000  2.5297321586e-07  2.5216974924e-07   0.0026750000000   0.0026750000000
 2.5248726837e-07 -1.7122339208e-11  9.9626035383e-06      0.0000000000  2.5273447350e-07  2.5306757358e-07   0.0026916666667   0.0026916666667
 2.5239022299e-07 -7.3078835706e-12  9.9622736825e-06      0.0000000000  2.5249573114e-07  2.5160086773e-07   0.0027083333333   0.0027083333333
 2.5237313908e-07  8.0449977862e-12  9.9619435402e-06      0.0000000000  2.5225698878e-07  2.5313495954e-07   0.0027250000000   0.0027250000000
 2.5218976812e-07  1.1880225482e-11  9.9616035283e-06      0.0000000000  2.5201824642e-07  2.5199012148e-07   0.0027416666667   0.0027416666667
 2.5206900431e-07  2.0020357081e-11  9.9612736865e-06      0.0000000000  2.5177995881e-07  2.5317308622e-07   0.0027583333333   0.0027583333333
 2.5205575079e-07  3.5638545152e-11  9.9609435303e-06      0.0000000000  2.5154121645e-07  2.5248895995e-07   0.0027750000000   0.0027750000000
 2.5167178336e-07  2.5579721641e-11  9.9606035289e-06      0.0000000000  2.5130247409e-07  2.5136688784e-07   0.0027916666667   0.0027916666667
 2.5125156941e-07  1.3010329707e-11  9.9602736765e-06      0.0000000000  2.5106373173e-07  2.5146483803e-07   0.0028083333333   0.0028083333333
 2.5055189995e-07 -1.8883683230e-11  9.9599435204e-06      0.0000000000  2.5082453463e-07  2.5080665362e-07   0.0028250000000   0.0028250000000
 2.5044552308e-07 -9.7155610894e-12  9.9596035329e-06      0.0000000000  2.5058579227e-07  2.5119413074e-07   0.0028416666667   0.0028416666667
 2.5004899949e-07 -2.0644070967e-11  9.9592736701e-06      0.0000000000  2.5034704991e-07  2.5101780468e-07   0.0028583333333   0.0028583333333
 2.4994462118e-07 -1.1337521495e-11  9.9589435209e-06      0.0000000000  2.5010830755e-07  2.4961537176e-07   0.0028750000000   0.0028750000000
 2.4946048471e-07 -2.8334422801e-11  9.9586035230e-06      0.0000000000  2.4986956519e-07  2.5005374211e-07   0.0028916666667   0.0028916666667
 2.4931291597e-07 -2.1987903887e-11  9.9582736636e-06      0.0000000000  2.4963036808e-07  2.4997939115e-07   0.0029083333333   0.0029083333333
 2.4904745221e-07 -2.3838726887e-11  9.9579435249e-06      0.0000000000  2.4939162572e-07  2.5026927969e-07   0.0029250000000   0.0029250000000
 2.4873764643e-07 -2.8760841535e-11  9.9576035130e-06      0.0000000000  2.4915288337e-07  2.4965392295e-07   0.0029416666667   0.0029416666667
 2.4860747555e-07 -2.1209283089e-11  9.9572736607e-06      0.0000000000  2.4891368626e-07  2.4877966639e-07   0.0029583333333   0.0029583333333
 2.4835190971e-07 -2.2374539178e-11  9.9569435150e-06      0.0000000000  2.4867494390e-07  2.4898056648e-07   0.0029750000000   0.0029750000000
 2.4802794117e-07 -2.8277618741e-11  9.9566035101e-06      0.0000000000  2.4843620154e-07  2.4852120681e-07   0.0029916666667   0.0029916666667
 2.4793760300e-07 -1.7967099941e-11  9.9562736612e-06      0.0000000000  2.4819700443e-07  2.4722688072e-07   0.0030083333333   0.0030083333333
 2.4777327443e-07 -1.2812926266e-11  9.9559435050e-06      0.0000000000  2.4795826207e-07  2.4735457759e-07   0.0030250000000   0.0030250000000
 2.4744885116e-07 -1.8716004781e-11  9.9556035071e-06      0.0000000000  2.4771906497e-07  2.4757640411e-07   0.0030416666667   0.0030416666667
 2.4745660627e-07 -1.6111838471e-12  9.9552736513e-06      0.0000000000  2.4747986786e-07  2.4785566435e-07   0.0030583333333   0.0030583333333
 2.4699024037e-07 -1.7377229294e-11  9.9549435021e-06      0.0000000000  2.4724112550e-07  2.4807601297e-07   0.0030750000000   0.0030750000000
 2.4727249896e-07  1.8740715181e-11  9.9546035076e-06      0.0000000000  2.4700192840e-07  2.4678033476e-07   0.0030916666667   0.0030916666667
 2.4676548546e-07  1.9076389785e-13  9.9542736448e-06      0.0000000000  2.4676273129e-07  2.4646871794e-07   0.0031083333333   0.0031083333333
 2.4662571243e-07  7.0772419367e-12  9.9539434991e-06      0.0000000000  2.4652353418e-07  2.4628146485e-07   0.0031250000000   0.0031250000000
 2.4651470041e-07  1.5924316303e-11  9.9536035012e-06      0.0000000000  2.4628479182e-07  2.4568538370e-07   0.0031416666667   0.0031416666667
 2.4620405060e-07  1.0975238983e-11  9.9532736419e-06      0.0000000000  2.4604559472e-07  2.4618373477e-07   0.0031583333333   0.0031583333333
 2.4558440085e-07 -1.5376313854e-11  9.9529434997e-06      0.0000000000  2.4580639761e-07  2.4666812441e-07   0.0031750000000   0.0031750000000
 2.4533619897e-07 -1.6000018225e-11  9.9526034878e-06      0.0000000000  2.4556720050e-07  2.4504977657e-07   0.0031916666667   0.0031916666667
 2.4500440161e-07 -2.2413852881e-11  9.9522736389e-06      0.0000000000  2.4532800340e-07  2.4524570840e-07   0.0032083333333   0.0032083333333
 2.4491653171e-07 -1.1932372625e-11  9.9519434932e-06      0.0000000000  2.4508880629e-07  2.4551432461e-07   0.0032250000000   0.0032250000000
 2.4463459698e-07 -1.4892537888e-11  9.9516034883e-06      0.0000000000  2.4484960918e-07  2.4396976173e-07   0.0032416666667   0.0032416666667
 2.4449066546e-07 -8.2940923343e-12  9.9512736359e-06      0.0000000000  2.4461041208e-07  2.4374702331e-07   0.0032583333333   0.0032583333333
 2.4415956600e-07 -1.4659588462e-11  9.9509434833e-06      0.0000000000  2.4437121497e-07  2.4507865851e-07   0.0032750000000   0.0032750000000
 2.4416629431e-07  2.3741126550e-12  9.9506034853e-06      0.0000000000  2.4413201786e-07  2.4453161534e-07   0.0032916666667   0.0032916666667
 2.4401085559e-07  8.1755276849e-12  9.9502736295e-06      0.0000000000  2.4389282076e-07  2.4404890800e-07   0.0033083333333   0.0033083333333
 2.4371887680e-07  4.5511713661e-12  9.9499434803e-06      0.0000000000  2.4365316890e-07  2.4318067310e-07   0.0033250000000   0.0033250000000
 2.4345136213e-07  2.5897926117e-12  9.9496034824e-06      0.0000000000  2.4341397180e-07  2.4327453548e-07   0.0033416666667   0.0033416666667
 2.4313359875e-07 -2.8519971783e-12  9.9492736196e-06      0.0000000000  2.4317477469e-07  2.4276901502e-07   0.0033583333333   0.0033583333333
 2.4299853704e-07  4.3923017554e-12  9.9489434808e-06      0.0000000000  2.4293512284e-07  2.4260913452e-07   0.0033750000000   0.0033750000000
 2.4280672889e-07  7.6746354514e-12  9.9486034759e-06      0.0000000000  2.4269592573e-07  2.4216199111e-07   0.0033916666667   0.0033916666667
 2.4258274560e-07  8.7284001465e-12  9.9482736201e-06      0.0000000000  2.4245672862e-07  2.4249321370e-07   0.0034083333333   0.0034083333333
 2.4242214272e-07  1.4203623691e-11  9.9479434744e-06      0.0000000000  2.4221707677e-07  2.4263809508e-07   0.0034250000000   0.0034250000000
 2.4232792874e-07  2.4245689701e-11  9.9476034660e-06      0.0000000000  2.4197787966e-07  2.4215598518e-07   0.0034416666667   0.0034416666667
 2.4191871489e-07  1.2501200915e-11  9.9472736206e-06      0.0000000000  2.4173822781e-07  2.4187395781e-07   0.0034583333333   0.0034583333333
 2.4180325985e-07  2.1072032374e-11  9.9469434679e-06      0.0000000000  2.4149903070e-07  2.4087591926e-07   0.0034750000000   0.0034750000000
 2.4162078214e-07  2.5032124359e-11  9.9466034665e-06      0.0000000000  2.4125937885e-07  2.4127492085e-07   0.0034916666667   0.0034916666667
 2.4132818987e-07  2.1333778695e-11  9.9462736107e-06      0.0000000000  2.4102018174e-07  2.3989633873e-07   0.0035083333333   0.0035083333333
 2.4136288836e-07  4.0336295043e-11  9.9459434580e-06      0.0000000000  2.4078052989e-07  2.4045518938e-07   0.0035250000000   0.0035250000000
 2.4092857073e-07  2.6853025727e-11  9.9456034670e-06      0.0000000000  2.4054087803e-07  2.4078653774e-07   0.0035416666667   0.0035416666667
 2.4078545602e-07  3.3539543942e-11  9.9452736042e-06      0.0000000000  2.4030122618e-07  2.3966161989e-07   0.0035583333333   0.0035583333333
 2.4016854226e-07  7.3774959016e-12  9.9449434585e-06      0.0000000000  2.4006202907e-07  2.4043860231e-07   0.0035750000000   0.0035750000000
 2.3982203363e-07 -2.3798342354e-14  9.9446034571e-06      0.0000000000  2.3982237722e-07  2.3998518569e-07   0.0035916666667   0.0035916666667
 2.3939556701e-07 -1.2963277724e-11  9.9442735978e-06      0.0000000000  2.3958272537e-07  2.3933564857e-07   0.0036083333333   0.0036083333333
 2.3905073525e-07 -2.0248426255e-11  9.9439434591e-06      0.0000000000  2.3934307351e-07  2.4019474879e-07   0.0036250000000   0.0036250000000
 2.3872559967e-07 -2.6169343823e-11  9.9436034507e-06      0.0000000000  2.3910342166e-07  2.3988267602e-07   0.0036416666667   0.0036416666667
 2.3848019124e-07 -2.6568065720e-11  9.9432735983e-06      0.0000000000  2.3886376980e-07  2.3854564805e-07   0.0036583333333   0.0036583333333
 2.3827669770e-07 -2.4063607451e-11  9.9429434491e-06      0.0000000000  2.3862411795e-07  2.3833004757e-07   0.0036750000000   0.0036750000000
 2.3818898172e-07 -1.3539968733e-11  9.9426034442e-06      0.0000000000  2.3838446610e-07  2.3791876683e-07   0.0036916666667   0.0036916666667
 2.3799409239e-07 -1.0439551191e-11  9.9422735954e-06      0.0000000000  2.3814481424e-07  2.3771846419e-07   0.0037083333333   0.0037083333333
 2.3773621703e-07 -1.1701778342e-11  9.9419434427e-06      0.0000000000  2.3790516239e-07  2.3859485898e-07   0.0037250000000   0.0037250000000
 2.3788695065e-07  1.5337758556e-11  9.9416034447e-06      0.0000000000  2.3766551053e-07  2.3819159663e-07   0.0037416666667   0.0037416666667
 2.3734465490e-07 -5.6244729958e-12  9.9412735854e-06      0.0000000000  2.3742585868e-07  2.3761413073e-07   0.0037583333333   0.0037583333333
 2.3745324117e-07  1.8495783230e-11  9.9409434397e-06      0.0000000000  2.3718620683e-07  2.3588322664e-07   0.0037750000000   0.0037750000000
 2.3709211532e-07  1.0113543625e-11  9.9406034418e-06      0.0000000000  2.3694610023e-07  2.3612689150e-07   0.0037916666667   0.0037916666667
 2.3697301293e-07  1.8463244022e-11  9.9402735825e-06      0.0000000000  2.3670644837e-07  2.3638085449e-07   0.0038083333333   0.0038083333333
 2.3657008171e-07  7.1539130268e-12  9.9399434577e-06      0.0000000000  2.3646679652e-07  2.3640313305e-07   0.0038250000000   0.0038250000000
 2.3621075829e-07 -1.1034828914e-12  9.9396034842e-06      0.0000000000  2.3622668992e-07  2.3653546800e-07   0.0038416666667   0.0038416666667
 2.3574856269e-07 -1.6517683939e-11  9.9392736528e-06      0.0000000000  2.3598703806e-07  2.3630085921e-07   0.0038583333333   0.0038583333333
 2.3558887307e-07 -1.0947706949e-11  9.9389435281e-06      0.0000000000  2.3574693146e-07  2.3510899563e-07   0.0038750000000   0.0038750000000
 2.3516073547e-07 -2.4002924904e-11  9.9386035371e-06      0.0000000000  2.3550727961e-07  2.3630922350e-07   0.0038916666667   0.0038916666667
 2.3491809509e-07 -2.4209921246e-11  9.9382736883e-06      0.0000000000  2.3526762775e-07  2.3621050291e-07   0.0039083333333   0.0039083333333
 2.3494570808e-07 -5.6666753857e-12  9.9379435356e-06      0.0000000000  2.3502752115e-07  2.3424554033e-07   0.0039250000000   0.0039250000000
 2.3445402711e-07 -2.3091643416e-11  9.9376035377e-06      0.0000000000  2.3478741455e-07  2.3546054720e-07   0.0039416666667   0.0039416666667
 2.3456022553e-07  8.6322175935e-13  9.9372736818e-06      0.0000000000  2.3454776270e-07  2.3439766971e-07   0.0039583333333   0.0039583333333
 2.3430208835e-07 -3.8564277483e-13  9.9369435292e-06      0.0000000000  2.3430765610e-07  2.3497140941e-07   0.0039750000000   0.0039750000000
 2.3409031552e-07  1.5768587336e-12  9.9366035347e-06      0.0000000000  2.3406754949e-07  2.3416570227e-07   0.0039916666667   0.0039916666667
 2.3388552826e-07  3.9917093638e-12  9.9362736754e-06      0.0000000000  2.3382789764e-07  2.3349780146e-07   0.0040083333333   0.0040083333333
 2.3352636864e-07 -4.2543421756e-12  9.9359435297e-06      0.0000000000  2.3358779104e-07  2.3393244561e-07   0.0040250000000   0.0040250000000
 2.3314129485e-07 -1.4295303938e-11  9.9356035283e-06      0.0000000000  2.3334768444e-07  2.3288219315e-07   0.0040416666667   0.0040416666667
 2.3298110025e-07 -8.7603039066e-12  9.9352736655e-06      0.0000000000  2.3310757784e-07  2.3193940291e-07   0.0040583333333   0.0040583333333
 2.3261448933e-07 -1.7522459914e-11  9.9349435267e-06      0.0000000000  2.3286747124e-07  2.3227276373e-07   0.0040750000000   0.0040750000000
 2.3234497478e-07 -1.9590859714e-11  9.9346035218e-06      0.0000000000  2.3262781938e-07  2.3201068801e-07   0.0040916666667   0.0040916666667
 2.3205824864e-07 -2.2819901318e-11  9.9342736695e-06      0.0000000000  2.3238771278e-07  2.3223746707e-07   0.0041083333333   0.0041083333333
 2.3185988483e-07 -1.9928641245e-11  9.9339435482e-06      0.0000000000  2.3214760618e-07  2.3296896476e-07   0.0041250000000   0.0041250000000
 2.3190072436e-07 -4.6927664191e-13  9.9336035782e-06      0.0000000000  2.3190749958e-07  2.3207288560e-07   0.0041416666667   0.0041416666667
 2.3189691567e-07  1.5897588062e-11  9.9332737259e-06      0.0000000000  2.3166739298e-07  2.3174097123e-07   0.0041583333333   0.0041583333333
 2.3149520337e-07  4.7041817517e-12  9.9329435767e-06      0.0000000000  2.3142728638e-07  2.3211329202e-07   0.0041750000000   0.0041750000000
 2.3137181482e-07  1.2820001274e-11  9.9326035823e-06      0.0000000000  2.3118672503e-07  2.3041504324e-07   0.0041916666667   0.0041916666667
 2.3105441351e-07  7.4662851929e-12  9.9322737194e-06      0.0000000000  2.3094661843e-07  2.3083649634e-07   0.0042083333333   0.0042083333333
 2.3059909210e-07 -7.4402862371e-12  9.9319435807e-06      0.0000000000  2.3070651182e-07  2.3110668479e-07   0.0042250000000   0.0042250000000
 2.3040946423e-07 -3.9439432716e-12  9.9316035758e-06      0.0000000000  2.3046640522e-07  2.3087877372e-07   0.0042416666667   0.0042416666667
 2.3017269422e-07 -3.7128382689e-12  9.9312737235e-06      0.0000000000  2.3022629862e-07  2.3017232172e-07   0.0042583333333   0.0042583333333
 2.2994761018e-07 -2.6408231917e-12  9.9309435813e-06      0.0000000000  2.2998573727e-07  2.2954267336e-07   0.0042750000000   0.0042750000000
 2.2976158772e-07  1.1052441605e-12  9.9306035798e-06      0.0000000000  2.2974563067e-07  2.3004764355e-07   0.0042916666667   0.0042916666667
 2.2954688252e-07  2.8646387219e-12  9.9302737275e-06      0.0000000000  2.2950552407e-07  2.2994603005e-07   0.0043083333333   0.0043083333333
 2.2904789375e-07 -1.5034997061e-11  9.9299435748e-06      0.0000000000  2.2926496272e-07  2.2918928228e-07   0.0043250000000   0.0043250000000
 2.2905345476e-07  1.9808475447e-12  9.9296035839e-06      0.0000000000  2.2902485612e-07  2.2767693448e-07   0.0043416666667   0.0043416666667
 2.2856685250e-07 -1.5060853390e-11  9.9292737210e-06      0.0000000000  2.2878429477e-07  2.2948115184e-07   0.0043583333333   0.0043583333333
 2.2848061622e-07 -4.4032278108e-12  9.9289435788e-06      0.0000000000  2.2854418817e-07  2.2863076180e-07   0.0043750000000   0.0043750000000
 2.2805877918e-07 -1.6959050416e-11  9.9286035809e-06      0.0000000000  2.2830362682e-07  2.2879573634e-07   0.0043916666667   0.0043916666667
 2.2793775761e-07 -8.7107821543e-12  9.9282737251e-06      0.0000000000  2.2806352022e-07  2.2794588086e-07   0.0044083333333   0.0044083333333
 2.2758842753e-07 -1.6244505584e-11  9.9279435829e-06      0.0000000000  2.2782295887e-07  2.2687031544e-07   0.0044250000000   0.0044250000000
 2.2738727245e-07 -1.3515082300e-11  9.9276035779e-06      0.0000000000  2.2758239752e-07  2.2823548640e-07   0.0044416666667   0.0044416666667
 2.2732051994e-07 -1.5079382884e-12  9.9272737291e-06      0.0000000000  2.2734229092e-07  2.2746704121e-07   0.0044583333333   0.0044583333333
 2.2699082460e-07 -7.6816872107e-12  9.9269435764e-06      0.0000000000  2.2710172957e-07  2.2720779551e-07   0.0044750000000   0.0044750000000
 2.2676057130e-07 -6.9677140565e-12  9.9266035820e-06      0.0000000000  2.2686116823e-07  2.2796267232e-07   0.0044916666667   0.0044916666667
 2.2689370722e-07  1.8884439394e-11  9.9262737261e-06      0.0000000000  2.2662106162e-07  2.2685973430e-07   0.0045083333333   0.0045083333333
 2.2641768475e-07  2.5755335196e-12  9.9259435804e-06      0.0000000000  2.2638050028e-07  2.2697546646e-07   0.0045250000000   0.0045250000000
 2.2622348213e-07  5.7865099587e-12  9.9256035825e-06      0.0000000000  2.2613993893e-07  2.2565423945e-07   0.0045416666667   0.0045416666667
 2.2581144362e-07 -6.0906300891e-12  9.9252737232e-06      0.0000000000  2.2589937758e-07  2.2533930521e-07   0.0045583333333   0.0045583333333
 2.2546555758e-07 -1.3385806954e-11  9.9249435845e-06      0.0000000000  2.2565881623e-07  2.2502643061e-07   0.0045750000000   0.0045750000000
 2.2549255205e-07  5.1460955749e-12  9.9246035761e-06      0.0000000000  2.2541825488e-07  2.2644328091e-07   0.0045916666667   0.0045916666667
 2.2486461156e-07 -2.1685212160e-11  9.9242737307e-06      0.0000000000  2.2517769353e-07  2.2551358737e-07   0.0046083333333   0.0046083333333
 2.2480389615e-07 -9.2284188550e-12  9.9239435815e-06      0.0000000000  2.2493713218e-07  2.2446792585e-07   0.0046250000000   0.0046250000000
 2.2414463979e-07 -3.8228779240e-11  9.9236035836e-06      0.0000000000  2.2469657084e-07  2.2379540267e-07   0.0046416666667   0.0046416666667
 2.2394650739e-07 -3.5289993870e-11  9.9232737277e-06      0.0000000000  2.2445600949e-07  2.2371463699e-07   0.0046583333333   0.0046583333333
 2.2381237098e-07 -2.7918609888e-11  9.9229435820e-06      0.0000000000  2.2421544814e-07  2.2289232706e-07   0.0046750000000   0.0046750000000
 2.2362537866e-07 -2.4208221688e-11  9.9226035841e-06      0.0000000000  2.2397488679e-07  2.2447308278e-07   0.0046916666667   0.0046916666667
 2.2341153437e-07 -2.2326202104e-11  9.9222737213e-06      0.0000000000  2.2373387069e-07  2.2381996096e-07   0.0047083333333   0.0047083333333
 2.2331402818e-07 -1.2417674612e-11  9.9219435861e-06      0.0000000000  2.2349330934e-07  2.2358672002e-07   0.0047250000000   0.0047250000000
 2.2291742665e-07 -2.3225593068e-11  9.9216035812e-06      0.0000000000  2.2325274800e-07  2.2301774418e-07   0.0047416666667   0.0047416666667
 2.2276128369e-07 -1.7378464265e-11  9.9212737288e-06      0.0000000000  2.2301218665e-07  2.2329271222e-07   0.0047583333333   0.0047583333333
 2.2240444969e-07 -2.5400439093e-11  9.9209435831e-06      0.0000000000  2.2277117055e-07  2.2307645141e-07   0.0047750000000   0.0047750000000
 2.2238560803e-07 -1.0043315596e-11  9.9206035852e-06      0.0000000000  2.2253060920e-07  2.2270031010e-07   0.0047916666667   0.0047916666667
 2.2213310586e-07 -1.0838884043e-11  9.9202737293e-06      0.0000000000  2.2228959311e-07  2.2235075526e-07   0.0048083333333   0.0048083333333
 2.2211854827e-07  4.8149699131e-12  9.9199435802e-06      0.0000000000  2.2204903176e-07  2.2174112145e-07   0.0048250000000   0.0048250000000
 2.2155308404e-07 -1.7657504385e-11  9.9196035857e-06      0.0000000000  2.2180801566e-07  2.2212946330e-07   0.0048416666667   0.0048416666667
 2.2152152510e-07 -3.1812265705e-12  9.9192737264e-06      0.0000000000  2.2156745431e-07  2.2225109134e-07   0.0048583333333   0.0048583333333
 2.2130379191e-07 -1.5685665866e-12  9.9189435877e-06      0.0000000000  2.2132643822e-07  2.2213202604e-07   0.0048750000000   0.0048750000000
 2.2095173893e-07 -9.2908880028e-12  9.9186035828e-06      0.0000000000  2.2108587687e-07  2.2081516984e-07   0.0048916666667   0.0048916666667
 2.2075572694e-07 -6.1737375977e-12  9.9182737304e-06      0.0000000000  2.2084486077e-07  2.2028820410e-07   0.0049083333333   0.0049083333333
 2.2019754007e-07 -2.8142155047e-11  9.9179435847e-06      0.0000000000  2.2060384468e-07  2.2004876855e-07   0.0049250000000   0.0049250000000
 2.2013801285e-07 -1.5603064103e-11  9.9176035833e-06      0.0000000000  2.2036328333e-07  2.2004625298e-07   0.0049416666667   0.0049416666667
 2.1954149993e-07 -4.0226084724e-11  9.9172737310e-06      0.0000000000  2.2012226723e-07  2.2037766422e-07   0.0049583333333   0.0049583333333
 2.1963822878e-07 -1.6832624365e-11  9.9169435818e-06      0.0000000000  2.1988125114e-07  2.1921150667e-07   0.0049750000000   0.0049750000000
 2.1924600483e-07 -2.7337335146e-11  9.9166035873e-06      0.0000000000  2.1964068979e-07  2.2004523102e-07   0.0049916666667   0.0049916666667
 2.1905012163e-07 -2.4211264691e-11  9.9162737280e-06      0.0000000000  2.1939967369e-07  2.1989599455e-07   0.0050083333333   0.0050083333333
 2.1903514164e-07 -8.5551704218e-12  9.9159435893e-06      0.0000000000  2.1915865760e-07  2.1895540544e-07   0.0050250000000   0.0050250000000
 2.1899035218e-07  5.0362098724e-12  9.9156035844e-06      0.0000000000  2.1891764150e-07  2.1885637041e-07   0.0050416666667   0.0050416666667
 2.1868140817e-07  3.3127221898e-13  9.9152737285e-06      0.0000000000  2.1867662540e-07  2.1944138303e-07   0.0050583333333   0.0050583333333
 2.1886626798e-07  2.9829007775e-11  9.9149435863e-06      0.0000000000  2.1843560931e-07  2.1786117760e-07   0.0050750000000   0.0050750000000
 2.1849470506e-07  2.0786853124e-11  9.9146035849e-06      0.0000000000  2.1819459321e-07  2.1786636597e-07   0.0050916666667   0.0050916666667
 2.1834443221e-07  2.7072064765e-11  9.9142737326e-06      0.0000000000  2.1795357712e-07  2.1895408476e-07   0.0051083333333   0.0051083333333
 2.1787621106e-07  1.1335005466e-11  9.9139435834e-06      0.0000000000  2.1771256102e-07  2.1791372166e-07   0.0051250000000   0.0051250000000
 2.1753117095e-07  4.1299184519e-12  9.9136035924e-06      0.0000000000  2.1747154492e-07  2.1797428413e-07   0.0051416666667   0.0051416666667
 2.1727147477e-07  2.8360671303e-12  9.9132737296e-06      0.0000000000  2.1723052883e-07  2.1752786395e-07   0.0051583333333   0.0051583333333
 2.1694023030e-07 -3.4134826629e-12  9.9129435874e-06      0.0000000000  2.1698951273e-07  2.1758407132e-07   0.0051750000000   0.0051750000000
 2.1664082888e-07 -7.4259680030e-12  9.9126035860e-06      0.0000000000  2.1674804189e-07  2.1632328099e-07   0.0051916666667   0.0051916666667
 2.1655976056e-07  3.6526046023e-12  9.9122737301e-06      0.0000000000  2.1650702579e-07  2.1613788313e-07   0.0052083333333   0.0052083333333
 2.1617400549e-07 -6.3725506604e-12  9.9119435879e-06      0.0000000000  2.1626600970e-07  2.1606095371e-07   0.0052250000000   0.0052250000000
 2.1603084942e-07  4.0559552651e-13  9.9116035830e-06      0.0000000000  2.1602499360e-07  2.1622151027e-07   0.0052416666667   0.0052416666667
 2.1570112366e-07 -5.7072654822e-12  9.9112737377e-06      0.0000000000  2.1578352276e-07  2.1658320274e-07   0.0052583333333   0.0052583333333
 2.1528958588e-07 -1.7518225854e-11  9.9109435850e-06      0.0000000000  2.1554250666e-07  2.1545427569e-07   0.0052750000000   0.0052750000000
 2.1545472333e-07  1.0644963937e-11  9.9106035905e-06      0.0000000000  2.1530103582e-07  2.1490971665e-07   0.0052916666667   0.0052916666667
 2.1516232405e-07  7.0859751104e-12  9.9102737312e-06      0.0000000000  2.1506001972e-07  2.1537113595e-07   0.0053083333333   0.0053083333333
 2.1497070757e-07  1.0539071931e-11  9.9099435890e-06      0.0000000000  2.1481854888e-07  2.1524112790e-07   0.0053250000000   0.0053250000000
 2.1486514706e-07  1.9921224990e-11  9.9096035876e-06      0.0000000000  2.1457753278e-07  2.1373384269e-07   0.0053416666667   0.0053416666667
 2.1427450451e-07 -4.2636942866e-12  9.9092737282e-06      0.0000000000  2.1433606194e-07  2.1474232088e-07   0.0053583333333   0.0053583333333
 2.1427606899e-07  1.2538330303e-11  9.9089435965e-06      0.0000000000  2.1409504584e-07  2.1448002505e-07   0.0053750000000   0.0053750000000
 2.1370319729e-07 -1.0415714608e-11  9.9086035846e-06      0.0000000000  2.1385357500e-07  2.1473607911e-07   0.0053916666667   0.0053916666667
 2.1373543131e-07  8.5105958263e-12  9.9082737358e-06      0.0000000000  2.1361255890e-07  2.1409107003e-07   0.0054083333333   0.0054083333333
 2.1318235814e-07 -1.3072130198e-11  9.9079435866e-06      0.0000000000  2.1337108806e-07  2.1386988812e-07   0.0054250000000   0.0054250000000
 2.1292029498e-07 -1.4498430260e-11  9.9076035921e-06      0.0000000000  2.1312961722e-07  2.1341213213e-07   0.0054416666667   0.0054416666667
 2.1271336710e-07 -1.2105857058e-11  9.9072737328e-06      0.0000000000  2.1288814637e-07  2.1240094970e-07   0.0054583333333   0.0054583333333
 2.1259052469e-07 -3.9207117843e-12  9.9069435871e-06      0.0000000000  2.1264713028e-07  2.1208799648e-07   0.0054750000000   0.0054750000000
 2.1233618642e-07 -4.8119568979e-12  9.9066035962e-06      0.0000000000  2.1240565944e-07  2.1152777799e-07   0.0054916666667   0.0054916666667
 2.1223922934e-07  5.1975987323e-12  9.9062737298e-06      0.0000000000  2.1216418859e-07  2.1310719730e-07   0.0055083333333   0.0055083333333
 2.1181901283e-07 -7.1829853604e-12  9.9059435946e-06      0.0000000000  2.1192271775e-07  2.1195553575e-07   0.0055250000000   0.0055250000000
 2.1140193148e-07 -1.9346416203e-11  9.9056035862e-06      0.0000000000  2.1168124691e-07  2.1200818987e-07   0.0055416666667   0.0055416666667
 2.1121607073e-07 -1.5494656070e-11  9.9052737374e-06      0.0000000000  2.1143977606e-07  2.1150100284e-07   0.0055583333333   0.0055583333333
 2.1114226269e-07 -3.8817122033e-12  9.9049435882e-06      0.0000000000  2.1119830522e-07  2.1091921329e-07   0.0055750000000   0.0055750000000
 2.1100792193e-07  3.5385120727e-12  9.9046035902e-06      0.0000000000  2.1095683438e-07  2.1214061916e-07   0.0055916666667   0.0055916666667
 2.1085584264e-07  9.7301012491e-12  9.9042737379e-06      0.0000000000  2.1071536353e-07  2.1041006097e-07   0.0056083333333   0.0056083333333
 2.1045289493e-07 -1.4543818682e-12  9.9039435852e-06      0.0000000000  2.1047389269e-07  2.1022827925e-07   0.0056250000000   0.0056250000000
 2.0993770428e-07 -2.0413225225e-11  9.9036035978e-06      0.0000000000  2.1023242185e-07  2.0900060017e-07   0.0056416666667   0.0056416666667
 2.0993090610e-07 -4.1589313695e-12  9.9032737314e-06      0.0000000000  2.0999095100e-07  2.1005033378e-07   0.0056583333333   0.0056583333333
 2.0958868135e-07 -1.1137518390e-11  9.9029435962e-06      0.0000000000  2.0974948016e-07  2.1036410456e-07   0.0056750000000   0.0056750000000
 2.0913844217e-07 -2.5566085690e-11  9.9026035878e-06      0.0000000000  2.0950755457e-07  2.0946184652e-07   0.0056916666667   0.0056916666667
 2.0907829217e-07 -1.3007135361e-11  9.9022737355e-06      0.0000000000  2.0926608372e-07  2.0863977242e-07   0.0057083333333   0.0057083333333
 2.0868641721e-07 -2.3424679244e-11  9.9019435968e-06      0.0000000000  2.0902461288e-07  2.0926973522e-07   0.0057250000000   0.0057250000000
 2.0851113331e-07 -1.8840327620e-11  9.9016035883e-06      0.0000000000  2.0878314204e-07  2.0824465424e-07   0.0057416666667   0.0057416666667
 2.0855946910e-07  1.2642457849e-12  9.9012737395e-06      0.0000000000  2.0854121645e-07  2.0809293364e-07   0.0057583333333   0.0057583333333
 2.0829195292e-07 -5.3974991997e-13  9.9009435868e-06      0.0000000000  2.0829974560e-07  2.0789561824e-07   0.0057750000000   0.0057750000000
 2.0822436634e-07  1.1535612606e-11  9.9006035994e-06      0.0000000000  2.0805782001e-07  2.0837099898e-07   0.0057916666667   0.0057916666667
 2.0814953845e-07  2.3077917820e-11  9.9002737331e-06      0.0000000000  2.0781634917e-07  2.0747422803e-07   0.0058083333333   0.0058083333333
 2.0785474279e-07  1.9384444558e-11  9.8999435943e-06      0.0000000000  2.0757487833e-07  2.0685042839e-07   0.0058250000000   0.0058250000000
 2.0787805549e-07  3.7755826343e-11  9.8996035964e-06      0.0000000000  2.0733295274e-07  2.0705643823e-07   0.0058416666667   0.0058416666667
 2.0774435145e-07  4.5251650016e-11  9.8992737336e-06      0.0000000000  2.0709102715e-07  2.0713148097e-07   0.0058583333333   0.0058583333333
 2.0774925951e-07  6.2316761609e-11  9.8989435984e-06      0.0000000000  2.0684955630e-07  2.0750545260e-07   0.0058750000000   0.0058750000000
 2.0737318171e-07  5.3024884666e-11  9.8986035899e-06      0.0000000000  2.0660763071e-07  2.0605338426e-07   0.0058916666667   0.0058916666667
 2.0715603421e-07  5.4709609338e-11  9.8982737411e-06      0.0000000000  2.0636615987e-07  2.0662555173e-07   0.0059083333333   0.0059083333333
 2.0668817514e-07  3.9060623748e-11  9.8979435884e-06      0.0000000000  2.0612423428e-07  2.0568592168e-07   0.0059250000000   0.0059250000000
 2.0621192802e-07  2.2830650505e-11  9.8976035975e-06      0.0000000000  2.0588230869e-07  2.0550789760e-07   0.0059416666667   0.0059416666667
 2.0597327868e-07  2.3026078451e-11  9.8972737381e-06      0.0000000000  2.0564083784e-07  2.0597052751e-07   0.0059583333333   0.0059583333333
 2.0555782185e-07  1.1006664898e-11  9.8969435924e-06      0.0000000000  2.0539891225e-07  2.0466771136e-07   0.0059750000000   0.0059750000000
 2.0529942397e-07  9.8657334580e-12  9.8966035980e-06      0.0000000000  2.0515698666e-07  2.0463442716e-07   0.0059916666667   0.0059916666667
 2.0462235220e-07 -2.0274095397e-11  9.8962737352e-06      0.0000000000  2.0491506107e-07  2.0510215112e-07   0.0060083333333   0.0060083333333
 2.0451997312e-07 -1.0608589858e-11  9.8959436000e-06      0.0000000000  2.0467313548e-07  2.0533243626e-07   0.0060250000000   0.0060250000000
 2.0386141257e-07 -3.9466263314e-11  9.8956035881e-06      0.0000000000  2.0443120989e-07  2.0396713952e-07   0.0060416666667   0.0060416666667
 2.0385090853e-07 -2.3437153407e-11  9.8952737427e-06      0.0000000000  2.0418928430e-07  2.0472585258e-07   0.0060583333333   0.0060583333333
 2.0367345082e-07 -1.8971870448e-11  9.8949435970e-06      0.0000000000  2.0394735871e-07  2.0390758329e-07   0.0060750000000   0.0060750000000
 2.0381058046e-07  7.2828923529e-12  9.8946035956e-06      0.0000000000  2.0370543312e-07  2.0346646154e-07   0.0060916666667   0.0060916666667
 2.0351530816e-07  3.5879026195e-12  9.8942737397e-06      0.0000000000  2.0346350753e-07  2.0403625493e-07   0.0061083333333   0.0061083333333
 2.0338777399e-07  1.1511074413e-11  9.8939435940e-06      0.0000000000  2.0322158194e-07  2.0408208556e-07   0.0061250000000   0.0061250000000
 2.0322877326e-07  1.7254755986e-11  9.8936035996e-06      0.0000000000  2.0297965635e-07  2.0275266721e-07   0.0061416666667   0.0061416666667
 2.0293565742e-07  1.3709130824e-11  9.8932737333e-06      0.0000000000  2.0273773076e-07  2.0319209094e-07   0.0061583333333   0.0061583333333
 2.0298467507e-07  3.3860932377e-11  9.8929436016e-06      0.0000000000  2.0249580516e-07  2.0193721221e-07   0.0061750000000   0.0061750000000
 2.0264104307e-07  2.6816371345e-11  9.8926035966e-06      0.0000000000  2.0225387957e-07  2.0150473775e-07   0.0061916666667   0.0061916666667
 2.0276704494e-07  5.2331881426e-11  9.8922737408e-06      0.0000000000  2.0201149924e-07  2.0098303899e-07   0.0062083333333   0.0062083333333
 2.0221263185e-07  3.0687844985e-11  9.8919435986e-06      0.0000000000  2.0176957365e-07  2.0170908103e-07   0.0062250000000   0.0062250000000
 2.0224907730e-07  4.9968849792e-11  9.8916035972e-06      0.0000000000  2.0152764805e-07  2.0186512527e-07   0.0062416666667   0.0062416666667
 2.0169245351e-07  2.8171691996e-11  9.8912737414e-06      0.0000000000  2.0128572246e-07  2.0204050800e-07   0.0062583333333   0.0062583333333
 2.0126522793e-07  1.5368629042e-11  9.8909435922e-06      0.0000000000  2.0104334213e-07  2.0051292524e-07   0.0062750000000   0.0062750000000
 2.0083687668e-07  2.4561001120e-12  9.8906036012e-06      0.0000000000  2.0080141654e-07  1.9996130687e-07   0.0062916666667   0.0062916666667
 2.0069055076e-07  9.1091836790e-12  9.8902737384e-06      0.0000000000  2.0055903620e-07  2.0017887264e-07   0.0063083333333   0.0063083333333
 2.0040125516e-07  5.8281619911e-12  9.8899435997e-06      0.0000000000  2.0031711061e-07  2.0059461853e-07   0.0063250000000   0.0063250000000
 2.0009399181e-07  1.3341255918e-12  9.8896035983e-06      0.0000000000  2.0007473027e-07  2.0008422414e-07   0.0063416666667   0.0063416666667
 2.0003028077e-07  1.3677922402e-11  9.8892737424e-06      0.0000000000  1.9983280468e-07  1.9991613658e-07   0.0063583333333   0.0063583333333
 1.9965785543e-07  4.6705257772e-12  9.8889436002e-06      0.0000000000  1.9959042434e-07  1.9866347470e-07   0.0063750000000   0.0063750000000
 1.9956065549e-07  1.4694757973e-11  9.8886035953e-06      0.0000000000  1.9934849875e-07  1.9994736116e-07   0.0063916666667   0.0063916666667
 1.9922947333e-07  8.5440166068e-12  9.8882737430e-06      0.0000000000  1.9910611841e-07  1.9882036795e-07   0.0064083333333   0.0064083333333
 1.9885831926e-07 -3.7532691056e-13  9.8879435973e-06      0.0000000000  1.9886373807e-07  1.9901955430e-07   0.0064250000000   0.0064250000000
 1.9875957445e-07  9.5419016981e-12  9.8876036028e-06      0.0000000000  1.9862181248e-07  1.9864075592e-07   0.0064416666667   0.0064416666667
 1.9851430240e-07  9.3416109329e-12  9.8872737400e-06      0.0000000000  1.9837943214e-07  1.9810767419e-07   0.0064583333333   0.0064583333333
 1.9805414821e-07 -5.7422088659e-12  9.8869436013e-06      0.0000000000  1.9813705181e-07  1.9825922184e-07   0.0064750000000   0.0064750000000
 1.9801932513e-07  8.6339724124e-12  9.8866035999e-06      0.0000000000  1.9789467147e-07  1.9788389809e-07   0.0064916666667   0.0064916666667
 1.9775426122e-07  7.0313266012e-12  9.8862737405e-06      0.0000000000  1.9765274588e-07  1.9745081046e-07   0.0065083333333   0.0065083333333
 1.9737280710e-07 -2.6014358511e-12  9.8859436018e-06      0.0000000000  1.9741036554e-07  1.9793301469e-07   0.0065250000000   0.0065250000000
 1.9750304441e-07  2.3207436537e-11  9.8856035969e-06      0.0000000000  1.9716798520e-07  1.9680262546e-07   0.0065416666667   0.0065416666667
 1.9720170059e-07  1.9123407829e-11  9.8852737446e-06      0.0000000000  1.9692560486e-07  1.9593563263e-07   0.0065583333333   0.0065583333333
 1.9708808365e-07  2.8042036040e-11  9.8849435989e-06      0.0000000000  1.9668322453e-07  1.9637461614e-07   0.0065750000000   0.0065750000000
 1.9676871756e-07  2.2709718512e-11  9.8846036044e-06      0.0000000000  1.9644084419e-07  1.9621761284e-07   0.0065916666667   0.0065916666667
 1.9660755290e-07  2.8335016155e-11  9.8842737416e-06      0.0000000000  1.9619846385e-07  1.9608386287e-07   0.0066083333333   0.0066083333333
 1.9622217168e-07  1.8430247697e-11  9.8839435994e-06      0.0000000000  1.9595608351e-07  1.9503997797e-07   0.0066250000000   0.0066250000000
 1.9583327909e-07  8.2822690800e-12  9.8836036015e-06      0.0000000000  1.9571370317e-07  1.9616769440e-07   0.0066416666667   0.0066416666667
 1.9580875312e-07  2.3371665724e-11  9.8832737421e-06      0.0000000000  1.9547132284e-07  1.9579312532e-07   0.0066583333333   0.0066583333333
 1.9526433042e-07  2.4510982016e-12  9.8829436034e-06      0.0000000000  1.9522894250e-07  1.9535124890e-07   0.0066750000000   0.0066750000000
 1.9529162611e-07  2.1161351450e-11  9.8826035985e-06      0.0000000000  1.9498610741e-07  1.9647201605e-07   0.0066916666667   0.0066916666667
 1.9470197327e-07 -2.8920227537e-12  9.8822737497e-06      0.0000000000  1.9474372707e-07  1.9473931962e-07   0.0067083333333   0.0067083333333
 1.9446517263e-07 -2.5055518911e-12  9.8819436005e-06      0.0000000000  1.9450134674e-07  1.9404113758e-07   0.0067250000000   0.0067250000000
 1.9407344733e-07 -1.2849734595e-11  9.8816036025e-06      0.0000000000  1.9425896640e-07  1.9352986274e-07   0.0067416666667   0.0067416666667
 1.9358561744e-07 -2.9818978018e-11  9.8812737432e-06      0.0000000000  1.9401613131e-07  1.9351127893e-07   0.0067583333333   0.0067583333333
 1.9348576115e-07 -1.9947236915e-11  9.8809436010e-06      0.0000000000  1.9377375097e-07  1.9410850781e-07   0.0067750000000   0.0067750000000
 1.9328381715e-07 -1.7146467546e-11  9.8806036031e-06      0.0000000000  1.9353137064e-07  1.9233801487e-07   0.0067916666667   0.0067916666667
 1.9326817087e-07 -1.4105327885e-12  9.8802737402e-06      0.0000000000  1.9328853555e-07  1.9183206991e-07   0.0068083333333   0.0068083333333
 1.9278831755e-07 -1.7858787120e-11  9.8799436050e-06      0.0000000000  1.9304615521e-07  1.9300262972e-07   0.0068250000000   0.0068250000000
 1.9290162006e-07  6.8086160198e-12  9.8796036001e-06      0.0000000000  1.9280332013e-07  1.9277036356e-07   0.0068416666667   0.0068416666667
 1.9254689209e-07 -9.7299547979e-13  9.8792737478e-06      0.0000000000  1.9256093979e-07  1.9260826621e-07   0.0068583333333   0.0068583333333
 1.9250629005e-07  1.3034411253e-11  9.8789436021e-06      0.0000000000  1.9231810470e-07  1.9196086733e-07   0.0068750000000   0.0068750000000
 1.9230949607e-07  1.6191890089e-11  9.8786036041e-06      0.0000000000  1.9207572437e-07  1.9160398589e-07   0.0068916666667   0.0068916666667
 1.9195019335e-07  8.1249120634e-12  9.8782737448e-06      0.0000000000  1.9183288928e-07  1.9105959979e-07   0.0069083333333   0.0069083333333
 1.9193734156e-07  2.4022905686e-11  9.8779436026e-06      0.0000000000  1.9159050894e-07  1.9101538857e-07   0.0069250000000   0.0069250000000
 1.9154850911e-07  1.3910589810e-11  9.8776036047e-06      0.0000000000  1.9134767386e-07  1.9134953550e-07   0.0069416666667   0.0069416666667
 1.9105034685e-07 -3.7743118136e-12  9.8772737418e-06      0.0000000000  1.9110483877e-07  1.9107359268e-07   0.0069583333333   0.0069583333333
 1.9075224372e-07 -7.6338772721e-12  9.8769436066e-06      0.0000000000  1.9086245843e-07  1.9117243904e-07   0.0069750000000   0.0069750000000
 1.9042547017e-07 -1.3447765413e-11  9.8766036017e-06      0.0000000000  1.9061962335e-07  1.9114446900e-07   0.0069916666667   0.0069916666667
 1.9045145931e-07  5.1719918926e-12  9.8762737459e-06      0.0000000000  1.9037678826e-07  1.9109409461e-07   0.0070083333333   0.0070083333333
 1.8990659791e-07 -1.5747464202e-11  9.8759436037e-06      0.0000000000  1.9013395318e-07  1.9051291824e-07   0.0070250000000   0.0070250000000
 1.8973200982e-07 -1.1020425649e-11  9.8756036057e-06      0.0000000000  1.8989111809e-07  1.9056554092e-07   0.0070416666667   0.0070416666667
 1.8959347346e-07 -3.8278086023e-12  9.8752737464e-06      0.0000000000  1.8964873775e-07  1.8903578848e-07   0.0070583333333   0.0070583333333
 1.8935135771e-07 -3.7779853002e-12  9.8749436007e-06      0.0000000000  1.8940590267e-07  1.8947889125e-07   0.0070750000000   0.0070750000000
 1.8905445454e-07 -7.5229400233e-12  9.8746036098e-06      0.0000000000  1.8916306758e-07  1.8987100646e-07   0.0070916666667   0.0070916666667
 1.8870384259e-07 -1.4987962726e-11  9.8742737435e-06      0.0000000000  1.8892023250e-07  1.8891925448e-07   0.0071083333333   0.0071083333333
 1.8834116611e-07 -2.3288620153e-11  9.8739436047e-06      0.0000000000  1.8867739741e-07  1.8827136821e-07   0.0071250000000   0.0071250000000
 1.8807310359e-07 -2.5035964845e-11  9.8736036033e-06      0.0000000000  1.8843456233e-07  1.8818017862e-07   0.0071416666667   0.0071416666667
 1.8796879519e-07 -1.5441095865e-11  9.8732737475e-06      0.0000000000  1.8819172724e-07  1.8840305854e-07   0.0071583333333   0.0071583333333
 1.8770615950e-07 -1.6812558534e-11  9.8729436053e-06      0.0000000000  1.8794889216e-07  1.8701016909e-07   0.0071750000000   0.0071750000000
 1.8756381952e-07 -9.8203999346e-12  9.8726036038e-06      0.0000000000  1.8770560232e-07  1.8780035828e-07   0.0071916666667   0.0071916666667
 1.8735613903e-07 -7.3854626052e-12  9.8722737515e-06      0.0000000000  1.8746276724e-07  1.8809552953e-07   0.0072083333333   0.0072083333333
 1.8734777333e-07  8.8547510776e-12  9.8719436023e-06      0.0000000000  1.8721993215e-07  1.8728996389e-07   0.0072250000000   0.0072250000000
 1.8684203366e-07 -9.3549900010e-12  9.8716036079e-06      0.0000000000  1.8697709707e-07  1.8639358600e-07   0.0072416666667   0.0072416666667
 1.8679455344e-07  4.1760083364e-12  9.8712737451e-06      0.0000000000  1.8673426198e-07  1.8706128243e-07   0.0072583333333   0.0072583333333
 1.8640691105e-07 -5.8223815380e-12  9.8709436063e-06      0.0000000000  1.8649097215e-07  1.8848791202e-07   0.0072750000000   0.0072750000000
 1.8615043615e-07 -6.7671253022e-12  9.8706036049e-06      0.0000000000  1.8624813706e-07  1.8642348990e-07   0.0072916666667   0.0072916666667
 1.8595180047e-07 -3.7057117655e-12  9.8702737456e-06      0.0000000000  1.8600530198e-07  1.8598206942e-07   0.0073083333333   0.0073083333333
 1.8571969087e-07 -2.9313276716e-12  9.8699436104e-06      0.0000000000  1.8576201215e-07  1.8540792094e-07   0.0073250000000   0.0073250000000
 1.8576501203e-07  1.7027436472e-11  9.8696036020e-06      0.0000000000  1.8551917706e-07  1.8594109700e-07   0.0073416666667   0.0073416666667
 1.8528588496e-07  6.9247997462e-13  9.8692737531e-06      0.0000000000  1.8527588723e-07  1.8483878787e-07   0.0073583333333   0.0073583333333
 1.8522946228e-07  1.3604090028e-11  9.8689436039e-06      0.0000000000  1.8503305214e-07  1.8433520126e-07   0.0073750000000   0.0073750000000
 1.8487493847e-07  5.8996149982e-12  9.8686036095e-06      0.0000000000  1.8478976231e-07  1.8557715623e-07   0.0073916666667   0.0073916666667
 1.8448116227e-07 -4.5551234600e-12  9.8682737467e-06      0.0000000000  1.8454692723e-07  1.8367476856e-07   0.0074083333333   0.0074083333333
 1.8422866152e-07 -5.1931052876e-12  9.8679436079e-06      0.0000000000  1.8430363739e-07  1.8568243303e-07   0.0074250000000   0.0074250000000
 1.8404248582e-07 -1.2686676625e-12  9.8676036100e-06      0.0000000000  1.8406080231e-07  1.8542630035e-07   0.0074416666667   0.0074416666667
 1.8379664202e-07 -1.4455643341e-12  9.8672737437e-06      0.0000000000  1.8381751247e-07  1.8489276267e-07   0.0074583333333   0.0074583333333
 1.8340502444e-07 -1.1719291353e-11  9.8669436120e-06      0.0000000000  1.8357422264e-07  1.8306785471e-07   0.0074750000000   0.0074750000000
 1.8321189574e-07 -8.2764438948e-12  9.8666036036e-06      0.0000000000  1.8333138756e-07  1.8374141557e-07   0.0074916666667   0.0074916666667
 1.8268995843e-07 -2.7576595263e-11  9.8662737547e-06      0.0000000000  1.8308809772e-07  1.8309437830e-07   0.0075083333333   0.0075083333333
 1.8270009675e-07 -1.0023227034e-11  9.8659436055e-06      0.0000000000  1.8284480789e-07  1.8135165102e-07   0.0075250000000   0.0075250000000
 1.8231544472e-07 -1.9814494089e-11  9.8656036111e-06      0.0000000000  1.8260151806e-07  1.8226096839e-07   0.0075416666667   0.0075416666667
 1.8212828417e-07 -1.5958270788e-11  9.8652737518e-06      0.0000000000  1.8235868297e-07  1.8357412985e-07   0.0075583333333   0.0075583333333
 1.8185585905e-07 -1.7976287982e-11  9.8649436060e-06      0.0000000000  1.8211539314e-07  1.8278195964e-07   0.0075750000000   0.0075750000000
 1.8143129389e-07 -3.0532085795e-11  9.8646036116e-06      0.0000000000  1.8187210331e-07  1.8114630151e-07   0.0075916666667   0.0075916666667
 1.8138667419e-07 -1.6771459896e-11  9.8642737453e-06      0.0000000000  1.8162881347e-07  1.8108061356e-07   0.0076083333333   0.0076083333333
 1.8145948272e-07  5.1226785463e-12  9.8639436136e-06      0.0000000000  1.8138552364e-07  1.7977465294e-07   0.0076250000000   0.0076250000000
 1.8105011032e-07 -6.3808124581e-12  9.8636036052e-06      0.0000000000  1.8114223381e-07  1.8031754541e-07   0.0076416666667   0.0076416666667
 1.8107899231e-07  1.2470811675e-11  9.8632737528e-06      0.0000000000  1.8089894398e-07  1.7984496325e-07   0.0076583333333   0.0076583333333
 1.8082491436e-07  1.1723586995e-11  9.8629436106e-06      0.0000000000  1.8065565414e-07  1.8334332586e-07   0.0076750000000   0.0076750000000
 1.8083192740e-07  2.9060486708e-11  9.8626036092e-06      0.0000000000  1.8041236431e-07  1.8064820199e-07   0.0076916666667   0.0076916666667
 1.8038635656e-07  1.5049758420e-11  9.8622737534e-06      0.0000000000  1.8016907448e-07  1.8001462305e-07   0.0077083333333   0.0077083333333
 1.8023437942e-07  2.1374412283e-11  9.8619436077e-06      0.0000000000  1.7992578465e-07  1.8049036539e-07   0.0077250000000   0.0077250000000
 1.7993676422e-07  1.7611637014e-11  9.8616036132e-06      0.0000000000  1.7968249481e-07  1.7982461854e-07   0.0077416666667   0.0077416666667
 1.7967274615e-07  1.6207420240e-11  9.8612737469e-06      0.0000000000  1.7943875023e-07  1.7978344173e-07   0.0077583333333   0.0077583333333
 1.7917730574e-07 -1.2574586051e-12  9.8609436152e-06      0.0000000000  1.7919546040e-07  1.7980355060e-07   0.0077750000000   0.0077750000000
 1.7887454025e-07 -5.3769618479e-12  9.8606036103e-06      0.0000000000  1.7895217057e-07  1.8124197196e-07   0.0077916666667   0.0077916666667
 1.7851417121e-07 -1.3486299810e-11  9.8602737509e-06      0.0000000000  1.7870888073e-07  1.7851425566e-07   0.0078083333333   0.0078083333333
 1.7838958205e-07 -5.2331560028e-12  9.8599436122e-06      0.0000000000  1.7846513615e-07  1.7752326072e-07   0.0078250000000   0.0078250000000
 1.7808089410e-07 -9.7628705066e-12  9.8596036108e-06      0.0000000000  1.7822184632e-07  1.7879224239e-07   0.0078416666667   0.0078416666667
 1.7779891920e-07 -1.2442340868e-11  9.8592737550e-06      0.0000000000  1.7797855649e-07  1.7569701636e-07   0.0078583333333   0.0078583333333
 1.7745353560e-07 -1.9482234114e-11  9.8589436058e-06      0.0000000000  1.7773481191e-07  1.7713551632e-07   0.0078750000000   0.0078750000000
 1.7714819524e-07 -2.3780082838e-11  9.8586036148e-06      0.0000000000  1.7749152208e-07  1.7643285341e-07   0.0078916666667   0.0078916666667
 1.7710099640e-07 -1.0166599702e-11  9.8582737520e-06      0.0000000000  1.7724777750e-07  1.7719087469e-07   0.0079083333333   0.0079083333333
 1.7662924636e-07 -2.5990596491e-11  9.8579436133e-06      0.0000000000  1.7700448766e-07  1.7716798296e-07   0.0079250000000   0.0079250000000
 1.7669219840e-07 -4.7476576621e-12  9.8576036119e-06      0.0000000000  1.7676074308e-07  1.7676618278e-07   0.0079416666667   0.0079416666667
 1.7627493678e-07 -1.6797585006e-11  9.8572737525e-06      0.0000000000  1.7651745325e-07  1.7838096165e-07   0.0079583333333   0.0079583333333
 1.7644156977e-07  1.1626678789e-11  9.8569436138e-06      0.0000000000  1.7627370867e-07  1.7642153332e-07   0.0079750000000   0.0079750000000
 1.7606567291e-07  2.4418270823e-12  9.8566036089e-06      0.0000000000  1.7603041884e-07  1.7416471690e-07   0.0079916666667   0.0079916666667
 1.7601449888e-07  1.5779973074e-11  9.8562737566e-06      0.0000000000  1.7578667426e-07  1.7674918693e-07   0.0080083333333   0.0080083333333
 1.7587587574e-07  2.3061072016e-11  9.8559436109e-06      0.0000000000  1.7554292968e-07  1.7622413932e-07   0.0080250000000   0.0080250000000
 1.7580080507e-07  3.4744049065e-11  9.8556036164e-06      0.0000000000  1.7529918510e-07  1.7643735000e-07   0.0080416666667   0.0080416666667
 1.7558716555e-07  3.6797738584e-11  9.8552737536e-06      0.0000000000  1.7505589526e-07  1.7639144076e-07   0.0080583333333   0.0080583333333
 1.7521258727e-07  2.7735714423e-11  9.8549436149e-06      0.0000000000  1.7481215068e-07  1.7679698285e-07   0.0080750000000   0.0080750000000
 1.7491631978e-07  2.4097783889e-11  9.8546036135e-06      0.0000000000  1.7456840610e-07  1.7186850028e-07   0.0080916666667   0.0080916666667
 1.7450191895e-07  1.2277502614e-11  9.8542737506e-06      0.0000000000  1.7432466152e-07  1.7273726974e-07   0.0081083333333   0.0081083333333
 1.7417752205e-07  6.6912258932e-12  9.8539436154e-06      0.0000000000  1.7408091694e-07  1.7559180244e-07   0.0081250000000   0.0081250000000
 1.7349570938e-07 -2.3682482789e-11  9.8536036105e-06      0.0000000000  1.7383762711e-07  1.7318420876e-07   0.0081416666667   0.0081416666667
 1.7355420021e-07 -2.7485441148e-12  9.8532737582e-06      0.0000000000  1.7359388253e-07  1.7236913110e-07   0.0081583333333   0.0081583333333
 1.7320806020e-07 -9.8408287752e-12  9.8529436125e-06      0.0000000000  1.7335013795e-07  1.7155627029e-07   0.0081750000000   0.0081750000000
 1.7288449720e-07 -1.5369347247e-11  9.8526036180e-06      0.0000000000  1.7310639337e-07  1.7328153005e-07   0.0081916666667   0.0081916666667
 1.7259918676e-07 -1.8248351786e-11  9.8522737552e-06      0.0000000000  1.7286264879e-07  1.7276332166e-07   0.0082083333333   0.0082083333333
 1.7252809423e-07 -6.2898340227e-12  9.8519436130e-06      0.0000000000  1.7261890421e-07  1.7225973504e-07   0.0082250000000   0.0082250000000
 1.7231525842e-07 -4.1489786522e-12  9.8516036151e-06      0.0000000000  1.7237515963e-07  1.7422447752e-07   0.0082416666667   0.0082416666667
 1.7195343271e-07 -1.2296215479e-11  9.8512737522e-06      0.0000000000  1.7213096030e-07  1.7301684442e-07   0.0082583333333   0.0082583333333
 1.7208844070e-07  1.3937583844e-11  9.8509436205e-06      0.0000000000  1.7188721572e-07  1.7235350309e-07   0.0082750000000   0.0082750000000
 1.7161372223e-07 -2.0605194281e-12  9.8506036121e-06      0.0000000000  1.7164347114e-07  1.7302814879e-07   0.0082916666667   0.0082916666667
 1.7133740850e-07 -4.3163788994e-12  9.8502737598e-06      0.0000000000  1.7139972656e-07  1.7162084195e-07   0.0083083333333   0.0083083333333
 1.7127560231e-07  8.2853447915e-12  9.8499436141e-06      0.0000000000  1.7115598198e-07  1.7140288312e-07   0.0083250000000   0.0083250000000
 1.7103192597e-07  8.3215690857e-12  9.8496036161e-06      0.0000000000  1.7091178266e-07  1.6963534598e-07   0.0083416666667   0.0083416666667
 1.7090670331e-07  1.6530834390e-11  9.8492737568e-06      0.0000000000  1.7066803808e-07  1.7087805562e-07   0.0083583333333   0.0083583333333
 1.7075534981e-07  2.2930180840e-11  9.8489436146e-06      0.0000000000  1.7042429350e-07  1.6987563054e-07   0.0083750000000   0.0083750000000
 1.7042025932e-07  1.6634724182e-11  9.8486036202e-06      0.0000000000  1.7018009417e-07  1.6921257220e-07   0.0083916666667   0.0083916666667
 1.7041799513e-07  3.3360546000e-11  9.8482737539e-06      0.0000000000  1.6993634959e-07  1.7066561534e-07   0.0084083333333   0.0084083333333
 1.6983673708e-07  9.9831185610e-12  9.8479436221e-06      0.0000000000  1.6969260501e-07  1.7105106427e-07   0.0084250000000   0.0084250000000
 1.6980987998e-07  2.5037042765e-11  9.8476036137e-06      0.0000000000  1.6944840568e-07  1.6845659483e-07   0.0084416666667   0.0084416666667
 1.6939057040e-07  1.2876763236e-11  9.8472737579e-06      0.0000000000  1.6920466110e-07  1.6762189569e-07   0.0084583333333   0.0084583333333
 1.6899492100e-07  2.3867733667e-12  9.8469436157e-06      0.0000000000  1.6896046177e-07  1.6746891730e-07   0.0084750000000   0.0084750000000
 1.6845479633e-07 -1.8141604915e-11  9.8466036177e-06      0.0000000000  1.6871671719e-07  1.6796094800e-07   0.0084916666667   0.0084916666667
 1.6835803975e-07 -7.9291766335e-12  9.8462737584e-06      0.0000000000  1.6847251787e-07  1.6760046614e-07   0.0085083333333   0.0085083333333
 1.6805036047e-07 -1.2326032115e-11  9.8459436127e-06      0.0000000000  1.6822831854e-07  1.6937924475e-07   0.0085250000000   0.0085250000000
 1.6788027050e-07 -7.2244418988e-12  9.8456036253e-06      0.0000000000  1.6798457396e-07  1.6940822103e-07   0.0085416666667   0.0085416666667
 1.6770991578e-07 -2.1096926357e-12  9.8452737555e-06      0.0000000000  1.6774037463e-07  1.6819043130e-07   0.0085583333333   0.0085583333333
 1.6732204390e-07 -1.2092480628e-11  9.8449436202e-06      0.0000000000  1.6749663005e-07  1.6746808402e-07   0.0085750000000   0.0085750000000
 1.6724033821e-07 -8.3757239833e-13  9.8446036153e-06      0.0000000000  1.6725243072e-07  1.6780833122e-07   0.0085916666667   0.0085916666667
 1.6678244717e-07 -1.5638648331e-11  9.8442737595e-06      0.0000000000  1.6700823140e-07  1.6831054999e-07   0.0086083333333   0.0086083333333
 1.6671307267e-07 -3.5296360626e-12  9.8439436208e-06      0.0000000000  1.6676403207e-07  1.6620397627e-07   0.0086250000000   0.0086250000000
 1.6663342725e-07  7.8679744605e-12  9.8436036158e-06      0.0000000000  1.6651983274e-07  1.6883633656e-07   0.0086416666667   0.0086416666667
 1.6633569210e-07  4.1283886678e-12  9.8432737635e-06      0.0000000000  1.6627608816e-07  1.6626779326e-07   0.0086583333333   0.0086583333333
 1.6640197438e-07  2.5633489183e-11  9.8429436143e-06      0.0000000000  1.6603188883e-07  1.6388832684e-07   0.0086750000000   0.0086750000000
 1.6613306280e-07  2.3921827833e-11  9.8426036234e-06      0.0000000000  1.6578768951e-07  1.6538654026e-07   0.0086916666667   0.0086916666667
 1.6555441785e-07  7.5689109709e-13  9.8422737571e-06      0.0000000000  1.6554349018e-07  1.6391920552e-07   0.0087083333333   0.0087083333333
 1.6548322462e-07  1.2739930792e-11  9.8419436218e-06      0.0000000000  1.6529929085e-07  1.6386818652e-07   0.0087250000000   0.0087250000000
 1.6493028489e-07 -8.6445676695e-12  9.8416036204e-06      0.0000000000  1.6505509152e-07  1.6468750921e-07   0.0087416666667   0.0087416666667
 1.6495317179e-07  9.8548091170e-12  9.8412737576e-06      0.0000000000  1.6481089220e-07  1.6587355553e-07   0.0087583333333   0.0087583333333
 1.6498214814e-07  2.8775963619e-11  9.8409436259e-06      0.0000000000  1.6456669287e-07  1.6442777612e-07   0.0087750000000   0.0087750000000
 1.6442019567e-07  6.7672097096e-12  9.8406036140e-06      0.0000000000  1.6432249354e-07  1.6323580248e-07   0.0087916666667   0.0087916666667
 1.6414590563e-07  4.6830159822e-12  9.8402737651e-06      0.0000000000  1.6407829421e-07  1.6397332182e-07   0.0088083333333   0.0088083333333
 1.6391327292e-07  5.4841623215e-12  9.8399436159e-06      0.0000000000  1.6383409489e-07  1.6441559130e-07   0.0088250000000   0.0088250000000
 1.6377935418e-07  1.3154099812e-11  9.8396036250e-06      0.0000000000  1.6358944081e-07  1.6290937521e-07   0.0088416666667   0.0088416666667
 1.6346486110e-07  8.2852959597e-12  9.8392737587e-06      0.0000000000  1.6334524148e-07  1.6508879055e-07   0.0088583333333   0.0088583333333
 1.6332702245e-07  1.5652228298e-11  9.8389436199e-06      0.0000000000  1.6310104216e-07  1.6415151885e-07   0.0088750000000   0.0088750000000
 1.6288583992e-07  2.0084455713e-12  9.8386036255e-06      0.0000000000  1.6285684283e-07  1.6397876175e-07   0.0088916666667   0.0088916666667
 1.6279640214e-07  1.2759298000e-11  9.8382737557e-06      0.0000000000  1.6261218876e-07  1.6335434894e-07   0.0089083333333   0.0089083333333
 1.6227005282e-07 -6.7834507240e-12  9.8379436275e-06      0.0000000000  1.6236798943e-07  1.6183932833e-07   0.0089250000000   0.0089250000000
 1.6188474889e-07 -1.6556875583e-11  9.8376036156e-06      0.0000000000  1.6212379010e-07  1.6119545126e-07   0.0089416666667   0.0089416666667
 1.6195940615e-07  5.5598045932e-12  9.8372737667e-06      0.0000000000  1.6187913603e-07  1.5980811179e-07   0.0089583333333   0.0089583333333
 1.6170723515e-07  5.0076572091e-12  9.8369436210e-06      0.0000000000  1.6163493670e-07  1.6093758913e-07   0.0089750000000   0.0089750000000
 1.6168867875e-07  2.0668016315e-11  9.8366036231e-06      0.0000000000  1.6139028262e-07  1.6147878358e-07   0.0089916666667   0.0089916666667
 1.6147617374e-07  2.2863281337e-11  9.8362737638e-06      0.0000000000  1.6114608330e-07  1.6011562508e-07   0.0090083333333   0.0090083333333
 1.6090293827e-07  1.0452252971e-13  9.8359436181e-06      0.0000000000  1.6090142922e-07  1.6099986532e-07   0.0090250000000   0.0090250000000
 1.6087633874e-07  1.5176286834e-11  9.8356036271e-06      0.0000000000  1.6065722989e-07  1.6012270014e-07   0.0090416666667   0.0090416666667
 1.6027155308e-07 -9.7677546736e-12  9.8352737573e-06      0.0000000000  1.6041257582e-07  1.6109048890e-07   0.0090583333333   0.0090583333333
 1.6008029822e-07 -6.1006258865e-12  9.8349436291e-06      0.0000000000  1.6016837649e-07  1.5900333227e-07   0.0090750000000   0.0090750000000
 1.5964020610e-07 -1.9637385472e-11  9.8346036207e-06      0.0000000000  1.5992372242e-07  1.6011387990e-07   0.0090916666667   0.0090916666667
 1.5959160295e-07 -6.0896727776e-12  9.8342737648e-06      0.0000000000  1.5967952309e-07  1.6275881806e-07   0.0091083333333   0.0091083333333
 1.5923634551e-07 -1.3750469731e-11  9.8339436261e-06      0.0000000000  1.5943486901e-07  1.5970514617e-07   0.0091250000000   0.0091250000000
 1.5876638274e-07 -2.9356181241e-11  9.8336036212e-06      0.0000000000  1.5919021494e-07  1.6027177938e-07   0.0091416666667   0.0091416666667
 1.5865273945e-07 -2.0281891069e-11  9.8332737654e-06      0.0000000000  1.5894556087e-07  1.5977083412e-07   0.0091583333333   0.0091583333333
 1.5847067420e-07 -1.5978255645e-11  9.8329436197e-06      0.0000000000  1.5870136154e-07  1.5869644787e-07   0.0091750000000   0.0091750000000
 1.5812714652e-07 -2.2826606304e-11  9.8326036287e-06      0.0000000000  1.5845670746e-07  1.5831213095e-07   0.0091916666667   0.0091916666667
 1.5822267772e-07  7.3588072791e-13  9.8322737589e-06      0.0000000000  1.5821205339e-07  1.5803813769e-07   0.0092083333333   0.0092083333333
 1.5788763455e-07 -5.5248014931e-12  9.8319436272e-06      0.0000000000  1.5796739931e-07  1.5965510196e-07   0.0092250000000   0.0092250000000
 1.5807353681e-07  2.4297117788e-11  9.8316036223e-06      0.0000000000  1.5772274524e-07  1.5735251780e-07   0.0092416666667   0.0092416666667
 1.5750761825e-07  2.0451547666e-12  9.8312737629e-06      0.0000000000  1.5747809116e-07  1.5596080752e-07   0.0092583333333   0.0092583333333
 1.5731386468e-07  5.5707111940e-12  9.8309436277e-06      0.0000000000  1.5723343709e-07  1.5611389597e-07   0.0092750000000   0.0092750000000
 1.5704913352e-07  4.1800986659e-12  9.8306036228e-06      0.0000000000  1.5698878301e-07  1.5606383603e-07   0.0092916666667   0.0092916666667
 1.5676930285e-07  1.7436380375e-12  9.8302737670e-06      0.0000000000  1.5674412894e-07  1.5447326957e-07   0.0093083333333   0.0093083333333
 1.5652301826e-07  1.6307023776e-12  9.8299436213e-06      0.0000000000  1.5649947486e-07  1.5756734788e-07   0.0093250000000   0.0093250000000
 1.5604533032e-07 -1.4510082586e-11  9.8296036303e-06      0.0000000000  1.5625482079e-07  1.5694458591e-07   0.0093416666667   0.0093416666667
 1.5598392842e-07 -1.8173611865e-12  9.8292737605e-06      0.0000000000  1.5601016672e-07  1.5535870471e-07   0.0093583333333   0.0093583333333
 1.5556299117e-07 -1.4027383629e-11  9.8289436253e-06      0.0000000000  1.5576551264e-07  1.5546916988e-07   0.0093750000000   0.0093750000000
 1.5540383693e-07 -8.1053502889e-12  9.8286036274e-06      0.0000000000  1.5552085857e-07  1.5712616324e-07   0.0093916666667   0.0093916666667
 1.5519663879e-07 -5.5110137678e-12  9.8282737645e-06      0.0000000000  1.5527620449e-07  1.5454309249e-07   0.0094083333333   0.0094083333333
 1.5489271726e-07 -9.5845986207e-12  9.8279436293e-06      0.0000000000  1.5503109567e-07  1.5493052245e-07   0.0094250000000   0.0094250000000
 1.5473150301e-07 -3.8052490677e-12  9.8276036244e-06      0.0000000000  1.5478644159e-07  1.5559902071e-07   0.0094416666667   0.0094416666667
 1.5441464001e-07 -8.8067052293e-12  9.8272737686e-06      0.0000000000  1.5454178752e-07  1.5470248560e-07   0.0094583333333   0.0094583333333
 1.5432461281e-07  1.9033222401e-12  9.8269436229e-06      0.0000000000  1.5429713344e-07  1.5353049505e-07   0.0094750000000   0.0094750000000
 1.5376381089e-07 -1.9962745787e-11  9.8266036284e-06      0.0000000000  1.5405202462e-07  1.5439280262e-07   0.0094916666667   0.0094916666667
 1.5368599305e-07 -8.4070531648e-12  9.8262737656e-06      0.0000000000  1.5380737055e-07  1.5425042109e-07   0.0095083333333   0.0095083333333
 1.5337340103e-07 -1.3112685677e-11  9.8259436234e-06      0.0000000000  1.5356271647e-07  1.5346905214e-07   0.0095250000000   0.0095250000000
 1.5321456449e-07 -7.1371494960e-12  9.8256036290e-06      0.0000000000  1.5331760765e-07  1.5192346730e-07   0.0095416666667   0.0095416666667
 1.5307006890e-07 -1.9980349639e-13  9.8252737626e-06      0.0000000000  1.5307295358e-07  1.5321968007e-07   0.0095583333333   0.0095583333333
 1.5272559032e-07 -7.0825193583e-12  9.8249436309e-06      0.0000000000  1.5282784475e-07  1.5155935358e-07   0.0095750000000   0.0095750000000
 1.5255948334e-07 -1.6420576791e-12  9.8246036225e-06      0.0000000000  1.5258319068e-07  1.5246121857e-07   0.0095916666667   0.0095916666667
 1.5225150031e-07 -5.9969572203e-12  9.8242737702e-06      0.0000000000  1.5233808186e-07  1.5173113589e-07   0.0096083333333   0.0096083333333
 1.5202003843e-07 -5.0832173353e-12  9.8239436280e-06      0.0000000000  1.5209342778e-07  1.5242785576e-07   0.0096250000000   0.0096250000000
 1.5186944219e-07  1.4630725003e-12  9.8236036265e-06      0.0000000000  1.5184831896e-07  1.5224796072e-07   0.0096416666667   0.0096416666667
 1.5166795331e-07  4.4843510503e-12  9.8232737672e-06      0.0000000000  1.5160321014e-07  1.5146358880e-07   0.0096583333333   0.0096583333333
 1.5127360327e-07 -5.8841437298e-12  9.8229436250e-06      0.0000000000  1.5135855606e-07  1.5212954004e-07   0.0096750000000   0.0096750000000
 1.5130017043e-07  1.2933136850e-11  9.8226036306e-06      0.0000000000  1.5111344724e-07  1.5113123421e-07   0.0096916666667   0.0096916666667
 1.5067209254e-07 -1.3592713468e-11  9.8222737608e-06      0.0000000000  1.5086833842e-07  1.5185139609e-07   0.0097083333333   0.0097083333333
 1.5057435221e-07 -3.3854278507e-12  9.8219436325e-06      0.0000000000  1.5062322960e-07  1.5109004167e-07   0.0097250000000   0.0097250000000
 1.4992645333e-07 -3.1315650404e-11  9.8216036276e-06      0.0000000000  1.5037857552e-07  1.5006893844e-07   0.0097416666667   0.0097416666667
 1.4981303129e-07 -2.2194538176e-11  9.8212737683e-06      0.0000000000  1.5013346670e-07  1.4992750025e-07   0.0097583333333   0.0097583333333
 1.4972749017e-07 -1.1142290646e-11  9.8209436296e-06      0.0000000000  1.4988835788e-07  1.5138041761e-07   0.0097750000000   0.0097750000000
 1.4933921677e-07 -2.1058397196e-11  9.8206036281e-06      0.0000000000  1.4964324906e-07  1.4908475127e-07   0.0097916666667   0.0097916666667
 1.4912834511e-07 -1.8687005358e-11  9.8202737688e-06      0.0000000000  1.4939814023e-07  1.4885845960e-07   0.0098083333333   0.0098083333333
 1.4879390927e-07 -2.4874123879e-11  9.8199436266e-06      0.0000000000  1.4915303141e-07  1.4938114887e-07   0.0098250000000   0.0098250000000
 1.4833301936e-07 -3.9819917199e-11  9.8196036322e-06      0.0000000000  1.4890792259e-07  1.4876094964e-07   0.0098416666667   0.0098416666667
 1.4840535506e-07 -1.7832539687e-11  9.8192737659e-06      0.0000000000  1.4866281377e-07  1.4912498475e-07   0.0098583333333   0.0098583333333
 1.4798959590e-07 -2.9652410680e-11  9.8189436306e-06      0.0000000000  1.4841770494e-07  1.4744327587e-07   0.0098750000000   0.0098750000000
 1.4778904352e-07 -2.6566267451e-11  9.8186036292e-06      0.0000000000  1.4817259612e-07  1.4778102322e-07   0.0098916666667   0.0098916666667
 1.4781369255e-07 -7.8818437984e-12  9.8182737699e-06      0.0000000000  1.4792748730e-07  1.4768676778e-07   0.0099083333333   0.0099083333333
 1.4780200715e-07  8.2859228496e-12  9.8179436312e-06      0.0000000000  1.4768237848e-07  1.4730290680e-07   0.0099250000000   0.0099250000000
 1.4752626339e-07  6.1640338280e-12  9.8176036297e-06      0.0000000000  1.4743726966e-07  1.4746786561e-07   0.0099416666667   0.0099416666667
 1.4729590180e-07  7.1854815882e-12  9.8172737704e-06      0.0000000000  1.4719216083e-07  1.4713225650e-07   0.0099583333333   0.0099583333333
 1.4685349078e-07 -6.4803955983e-12  9.8169436282e-06      0.0000000000  1.4694705201e-07  1.4722220402e-07   0.0099750000000   0.0099750000000
 1.4698415039e-07  1.9578208510e-11  9.8166036338e-06      0.0000000000  1.4670148844e-07  1.4709678690e-07   0.0099916666667   0.0099916666667
 1.4655166349e-07  6.5997118555e-12  9.8162737675e-06      0.0000000000  1.4645637962e-07  1.4714621794e-07    0.010008333333    0.010008333333
 1.4644837049e-07  1.6422398969e-11  9.8159436322e-06      0.0000000000  1.4621127080e-07  1.4612211175e-07    0.010025000000    0.010025000000
 1.4608893774e-07  8.5039024494e-12  9.8156036308e-06      0.0000000000  1.4596616198e-07  1.4537199881e-07    0.010041666667    0.010041666667
 1.4588211772e-07  1.1187423059e-11  9.8152737680e-06      0.0000000000  1.4572059841e-07  1.4536398041e-07    0.010058333333    0.010058333333
 1.4583235368e-07  2.4717723395e-11  9.8149436328e-06      0.0000000000  1.4547548958e-07  1.4470798141e-07    0.010075000000    0.010075000000
 1.4546165076e-07  1.6050110281e-11  9.8146036313e-06      0.0000000000  1.4522992601e-07  1.4574403659e-07    0.010091666667    0.010091666667
 1.4554964599e-07  3.9122125156e-11  9.8142737720e-06      0.0000000000  1.4498481719e-07  1.4532115275e-07    0.010108333333    0.010108333333
 1.4518440621e-07  3.0801412109e-11  9.8139436298e-06      0.0000000000  1.4473970837e-07  1.4436056482e-07    0.010125000000    0.010125000000
 1.4489687740e-07  2.7894744800e-11  9.8136036354e-06      0.0000000000  1.4449414480e-07  1.4415354874e-07    0.010141666667    0.010141666667
 1.4451977026e-07  1.8752054699e-11  9.8132737691e-06      0.0000000000  1.4424903598e-07  1.4368252309e-07    0.010158333333    0.010158333333
 1.4437429066e-07  2.5684239529e-11  9.8129436338e-06      0.0000000000  1.4400347241e-07  1.4521766830e-07    0.010175000000    0.010175000000
 1.4408186940e-07  2.2438702852e-11  9.8126036324e-06      0.0000000000  1.4375790884e-07  1.4386487082e-07    0.010191666667    0.010191666667
 1.4382678744e-07  2.1747926662e-11  9.8122737696e-06      0.0000000000  1.4351280002e-07  1.4406839653e-07    0.010208333333    0.010208333333
 1.4340606719e-07  9.6159289932e-12  9.8119436344e-06      0.0000000000  1.4326723645e-07  1.4285519773e-07    0.010225000000    0.010225000000
 1.4312929342e-07  7.4226980781e-12  9.8116036295e-06      0.0000000000  1.4302212763e-07  1.4288588774e-07    0.010241666667    0.010241666667
 1.4282217529e-07  3.1592023373e-12  9.8112737771e-06      0.0000000000  1.4277656406e-07  1.4348396564e-07    0.010258333333    0.010258333333
 1.4239458300e-07 -9.4487780817e-12  9.8109436314e-06      0.0000000000  1.4253100049e-07  1.4232255623e-07    0.010275000000    0.010275000000
 1.4218044313e-07 -7.2722568270e-12  9.8106036335e-06      0.0000000000  1.4228543692e-07  1.4246817656e-07    0.010291666667    0.010291666667
 1.4222057456e-07  1.2484534494e-11  9.8102737707e-06      0.0000000000  1.4204032810e-07  1.4247540884e-07    0.010308333333    0.010308333333
 1.4194162698e-07  1.0172234914e-11  9.8099436354e-06      0.0000000000  1.4179476453e-07  1.4182266436e-07    0.010325000000    0.010325000000
 1.4181915882e-07  1.8698277221e-11  9.8096036340e-06      0.0000000000  1.4154920096e-07  1.4089971571e-07    0.010341666667    0.010341666667
 1.4145408605e-07  1.0420629446e-11  9.8092737677e-06      0.0000000000  1.4130363739e-07  1.4168880434e-07    0.010358333333    0.010358333333
 1.4136615898e-07  2.1339114287e-11  9.8089436395e-06      0.0000000000  1.4105807382e-07  1.4049613892e-07    0.010375000000    0.010375000000
 1.4110129053e-07  2.0001987141e-11  9.8086036311e-06      0.0000000000  1.4081251025e-07  1.4049252278e-07    0.010391666667    0.010391666667
 1.4082056670e-07  1.7566657494e-11  9.8082737752e-06      0.0000000000  1.4056694668e-07  1.4030166927e-07    0.010408333333    0.010408333333
 1.4074974758e-07  2.9670102501e-11  9.8079436330e-06      0.0000000000  1.4032138311e-07  1.4101376558e-07    0.010425000000    0.010425000000
 1.4046402121e-07  2.6888278879e-11  9.8076036386e-06      0.0000000000  1.4007581954e-07  1.3988546743e-07    0.010441666667    0.010441666667
 1.3997008328e-07  9.6849552027e-12  9.8072737723e-06      0.0000000000  1.3983025597e-07  1.3978717134e-07    0.010458333333    0.010458333333
 1.3954364978e-07 -2.8427632729e-12  9.8069436335e-06      0.0000000000  1.3958469240e-07  1.3861337273e-07    0.010475000000    0.010475000000
 1.3925277339e-07 -5.9812963620e-12  9.8066036391e-06      0.0000000000  1.3933912883e-07  1.3863352877e-07    0.010491666667    0.010491666667
 1.3910564632e-07  8.3677845058e-13  9.8062737693e-06      0.0000000000  1.3909356526e-07  1.3907406880e-07    0.010508333333    0.010508333333
 1.3859299678e-07 -1.7662580371e-11  9.8059436376e-06      0.0000000000  1.3884800169e-07  1.3931869272e-07    0.010525000000    0.010525000000
 1.3863584712e-07  2.3140301585e-12  9.8056036327e-06      0.0000000000  1.3860243812e-07  1.3866077559e-07    0.010541666667    0.010541666667
 1.3832420233e-07 -2.2315009695e-12  9.8052737768e-06      0.0000000000  1.3835641981e-07  1.3780265016e-07    0.010558333333    0.010558333333
 1.3830058707e-07  1.3141456962e-11  9.8049436346e-06      0.0000000000  1.3811085624e-07  1.3776332858e-07    0.010575000000    0.010575000000
 1.3819459925e-07  2.2808988071e-11  9.8046036367e-06      0.0000000000  1.3786529267e-07  1.3744303303e-07    0.010591666667    0.010591666667
 1.3780641538e-07  1.2930579958e-11  9.8042737774e-06      0.0000000000  1.3761972910e-07  1.3659544157e-07    0.010608333333    0.010608333333
 1.3757814376e-07  1.4159781849e-11  9.8039436317e-06      0.0000000000  1.3737371078e-07  1.3723257376e-07    0.010625000000    0.010625000000
 1.3696873394e-07 -1.1041551038e-11  9.8036036407e-06      0.0000000000  1.3712814721e-07  1.3764918438e-07    0.010641666667    0.010641666667
 1.3709692794e-07  1.4846276678e-11  9.8032737709e-06      0.0000000000  1.3688258364e-07  1.3671477415e-07    0.010658333333    0.010658333333
 1.3656163009e-07 -5.1902907044e-12  9.8029436427e-06      0.0000000000  1.3663656533e-07  1.3710000297e-07    0.010675000000    0.010675000000
 1.3641907672e-07  1.9445754267e-12  9.8026036343e-06      0.0000000000  1.3639100176e-07  1.3658152730e-07    0.010691666667    0.010691666667
 1.3628493333e-07  9.6934455477e-12  9.8022737749e-06      0.0000000000  1.3614498344e-07  1.3637267171e-07    0.010708333333    0.010708333333
 1.3585618225e-07 -2.9947968148e-12  9.8019436397e-06      0.0000000000  1.3589941987e-07  1.3404686564e-07    0.010725000000    0.010725000000
 1.3571986931e-07  4.6038019248e-12  9.8016036348e-06      0.0000000000  1.3565340155e-07  1.3613586179e-07    0.010741666667    0.010741666667
 1.3552455647e-07  8.0843530585e-12  9.8012737790e-06      0.0000000000  1.3540783798e-07  1.3481134880e-07    0.010758333333    0.010758333333
 1.3523911895e-07  5.3540335946e-12  9.8009436333e-06      0.0000000000  1.3516181967e-07  1.3634811341e-07    0.010775000000    0.010775000000
 1.3533430288e-07  2.8986958853e-11  9.8006036423e-06      0.0000000000  1.3491580135e-07  1.3495308572e-07    0.010791666667    0.010791666667
 1.3513718760e-07  3.2342666300e-11  9.8002737725e-06      0.0000000000  1.3467023778e-07  1.3387252059e-07    0.010808333333    0.010808333333
 1.3476394081e-07  2.3530353257e-11  9.7999436408e-06      0.0000000000  1.3442421946e-07  1.3410121778e-07    0.010825000000    0.010825000000
 1.3451947555e-07  2.3637923635e-11  9.7996036394e-06      0.0000000000  1.3417820115e-07  1.3421878945e-07    0.010841666667    0.010841666667
 1.3406718907e-07  9.3195328863e-12  9.7992737730e-06      0.0000000000  1.3393263758e-07  1.3400496560e-07    0.010858333333    0.010858333333
 1.3376989007e-07  5.7676435080e-12  9.7989436413e-06      0.0000000000  1.3368661926e-07  1.3408455210e-07    0.010875000000    0.010875000000
 1.3359598131e-07  1.0762216869e-11  9.7986036364e-06      0.0000000000  1.3344060094e-07  1.3399691576e-07    0.010891666667    0.010891666667
 1.3298633905e-07 -1.4423717705e-11  9.7982737806e-06      0.0000000000  1.3319458263e-07  1.3319023384e-07    0.010908333333    0.010908333333
 1.3311786650e-07  1.1726493774e-11  9.7979436349e-06      0.0000000000  1.3294856431e-07  1.3315028336e-07    0.010925000000    0.010925000000
 1.3273640853e-07  2.3454442665e-12  9.7976036439e-06      0.0000000000  1.3270254599e-07  1.3343894556e-07    0.010941666667    0.010941666667
 1.3228962211e-07 -1.1560494908e-11  9.7972737776e-06      0.0000000000  1.3245652768e-07  1.3261888392e-07    0.010958333333    0.010958333333
 1.3235994778e-07  1.0319158317e-11  9.7969436389e-06      0.0000000000  1.3221096411e-07  1.3140343683e-07    0.010975000000    0.010975000000
 1.3182913732e-07 -9.4065952910e-12  9.7966036410e-06      0.0000000000  1.3196494579e-07  1.3201231597e-07    0.010991666667    0.010991666667
 1.3172277225e-07  2.6630370136e-13  9.7962737747e-06      0.0000000000  1.3171892747e-07  1.3197750670e-07    0.011008333333    0.011008333333
 1.3158921427e-07  8.0557211865e-12  9.7959436429e-06      0.0000000000  1.3147290916e-07  1.3247373526e-07    0.011025000000    0.011025000000
 1.3102267084e-07 -1.4113532865e-11  9.7956036345e-06      0.0000000000  1.3122643609e-07  1.3157614675e-07    0.011041666667    0.011041666667
 1.3123846065e-07  1.7873000691e-11  9.7952737822e-06      0.0000000000  1.3098041777e-07  1.3131003039e-07    0.011058333333    0.011058333333
 1.3057442642e-07 -1.1080322544e-11  9.7949436400e-06      0.0000000000  1.3073439946e-07  1.3038128020e-07    0.011075000000    0.011075000000
 1.3080325547e-07  2.1809356820e-11  9.7946036420e-06      0.0000000000  1.3048838114e-07  1.3053743450e-07    0.011091666667    0.011091666667
 1.3063038980e-07  2.6876178885e-11  9.7942737792e-06      0.0000000000  1.3024236282e-07  1.3048776762e-07    0.011108333333    0.011108333333
 1.3021209562e-07  1.4943717489e-11  9.7939436405e-06      0.0000000000  1.2999634451e-07  1.2946002957e-07    0.011125000000    0.011125000000
 1.3041491672e-07  4.6031990909e-11  9.7936036426e-06      0.0000000000  1.2975032619e-07  1.2946012390e-07    0.011141666667    0.011141666667
 1.3004730893e-07  3.7641752731e-11  9.7932737728e-06      0.0000000000  1.2950385313e-07  1.2980445891e-07    0.011158333333    0.011158333333
 1.2984055518e-07  4.0361361728e-11  9.7929436480e-06      0.0000000000  1.2925783481e-07  1.2900301253e-07    0.011175000000    0.011175000000
 1.2951111337e-07  3.4583142614e-11  9.7926036396e-06      0.0000000000  1.2901181649e-07  1.2895020118e-07    0.011191666667    0.011191666667
 1.2908173658e-07  2.1914556067e-11  9.7922737803e-06      0.0000000000  1.2876534343e-07  1.2885737647e-07    0.011208333333    0.011208333333
 1.2879460910e-07  1.9067184080e-11  9.7919436416e-06      0.0000000000  1.2851932511e-07  1.2848442680e-07    0.011225000000    0.011225000000
 1.2814457358e-07 -8.9165371241e-12  9.7916036436e-06      0.0000000000  1.2827330680e-07  1.2853083915e-07    0.011241666667    0.011241666667
 1.2773230475e-07 -2.0400163505e-11  9.7912737808e-06      0.0000000000  1.2802683373e-07  1.2831390228e-07    0.011258333333    0.011258333333
 1.2731862969e-07 -3.2012687507e-11  9.7909436386e-06      0.0000000000  1.2778081541e-07  1.2824672071e-07    0.011275000000    0.011275000000
 1.2695937762e-07 -3.9824177296e-11  9.7906036477e-06      0.0000000000  1.2753434235e-07  1.2767903410e-07    0.011291666667    0.011291666667
 1.2677986515e-07 -3.5217737147e-11  9.7902737779e-06      0.0000000000  1.2728832403e-07  1.2672552122e-07    0.011308333333    0.011308333333
 1.2658355227e-07 -3.1743457563e-11  9.7899436461e-06      0.0000000000  1.2704185097e-07  1.2786675887e-07    0.011325000000    0.011325000000
 1.2662388787e-07 -1.1909529773e-11  9.7896036412e-06      0.0000000000  1.2679583265e-07  1.2779036401e-07    0.011341666667    0.011341666667
 1.2630139159e-07 -1.7175178079e-11  9.7892737819e-06      0.0000000000  1.2654935959e-07  1.2696028723e-07    0.011358333333    0.011358333333
 1.2607276196e-07 -1.5939275849e-11  9.7889436432e-06      0.0000000000  1.2630288652e-07  1.2676911928e-07    0.011375000000    0.011375000000
 1.2608013662e-07  1.6116558302e-12  9.7886036417e-06      0.0000000000  1.2605686821e-07  1.2542492192e-07    0.011391666667    0.011391666667
 1.2537722516e-07 -3.0002950313e-11  9.7882737824e-06      0.0000000000  1.2581039514e-07  1.2567286325e-07    0.011408333333    0.011408333333
 1.2566986613e-07  7.3380756194e-12  9.7879436402e-06      0.0000000000  1.2556392208e-07  1.2505557266e-07    0.011425000000    0.011425000000
 1.2557970675e-07  1.8164937727e-11  9.7876036493e-06      0.0000000000  1.2531744901e-07  1.2545036067e-07    0.011441666667    0.011441666667
 1.2525716636e-07  1.2864737059e-11  9.7872737795e-06      0.0000000000  1.2507143070e-07  1.2594416799e-07    0.011458333333    0.011458333333
 1.2508645931e-07  1.8112570563e-11  9.7869436477e-06      0.0000000000  1.2482495763e-07  1.2519940064e-07    0.011475000000    0.011475000000
 1.2505372341e-07  3.2916794125e-11  9.7866036428e-06      0.0000000000  1.2457848457e-07  1.2544598986e-07    0.011491666667    0.011491666667
 1.2481435314e-07  3.3408760485e-11  9.7862737800e-06      0.0000000000  1.2433201150e-07  1.2443763745e-07    0.011508333333    0.011508333333
 1.2451392781e-07  2.9671827383e-11  9.7859436483e-06      0.0000000000  1.2408553844e-07  1.2315601501e-07    0.011525000000    0.011525000000
 1.2441758841e-07  4.0070638130e-11  9.7856036433e-06      0.0000000000  1.2383906538e-07  1.2422195836e-07    0.011541666667    0.011541666667
 1.2382570980e-07  1.6146577067e-11  9.7852737840e-06      0.0000000000  1.2359259231e-07  1.2388397517e-07    0.011558333333    0.011558333333
 1.2352578331e-07  1.2444195279e-11  9.7849436418e-06      0.0000000000  1.2334611925e-07  1.2401843264e-07    0.011575000000    0.011575000000
 1.2322189497e-07  8.4674016636e-12  9.7846036509e-06      0.0000000000  1.2309964618e-07  1.2255587749e-07    0.011591666667    0.011591666667
 1.2298590435e-07  9.1934545633e-12  9.7842737811e-06      0.0000000000  1.2285317312e-07  1.2265238123e-07    0.011608333333    0.011608333333
 1.2268724940e-07  5.5791443892e-12  9.7839436458e-06      0.0000000000  1.2260670006e-07  1.2250053485e-07    0.011625000000    0.011625000000
 1.2245752243e-07  6.7390411304e-12  9.7836036479e-06      0.0000000000  1.2236022699e-07  1.2247333520e-07    0.011641666667    0.011641666667
 1.2208289752e-07 -2.1372287332e-12  9.7832737816e-06      0.0000000000  1.2211375393e-07  1.2236060601e-07    0.011658333333    0.011658333333
 1.2165172416e-07 -1.4930251828e-11  9.7829436499e-06      0.0000000000  1.2186728086e-07  1.2164335276e-07    0.011675000000    0.011675000000
 1.2123092834e-07 -2.7004489153e-11  9.7826036415e-06      0.0000000000  1.2162080780e-07  1.2251286117e-07    0.011691666667    0.011691666667
 1.2113255805e-07 -1.6746345004e-11  9.7822737891e-06      0.0000000000  1.2137433473e-07  1.2183480372e-07    0.011708333333    0.011708333333
 1.2121367063e-07  5.9749421381e-12  9.7819436434e-06      0.0000000000  1.2112740692e-07  1.2078255453e-07    0.011725000000    0.011725000000
 1.2099707642e-07  8.0444619010e-12  9.7816036490e-06      0.0000000000  1.2088093386e-07  1.2062647884e-07    0.011741666667    0.011741666667
 1.2115769168e-07  3.6240900581e-11  9.7812737827e-06      0.0000000000  1.2063446079e-07  1.1994988357e-07    0.011758333333    0.011758333333
 1.2102179185e-07  4.3931107738e-11  9.7809436474e-06      0.0000000000  1.2038753298e-07  1.2074576425e-07    0.011775000000    0.011775000000
 1.2064631701e-07  3.4995969246e-11  9.7806036495e-06      0.0000000000  1.2014105992e-07  1.2056846340e-07    0.011791666667    0.011791666667
 1.2027091966e-07  2.6066197589e-11  9.7802737797e-06      0.0000000000  1.1989458686e-07  1.2081395205e-07    0.011808333333    0.011808333333
 1.2006048813e-07  2.8594064619e-11  9.7799436515e-06      0.0000000000  1.1964765904e-07  1.1983578654e-07    0.011825000000    0.011825000000
 1.1955111087e-07  1.0384350428e-11  9.7796036431e-06      0.0000000000  1.1940118598e-07  1.2020431824e-07    0.011841666667    0.011841666667
 1.1974511726e-07  4.0925079224e-11  9.7792737872e-06      0.0000000000  1.1915425817e-07  1.1966263638e-07    0.011858333333    0.011858333333
 1.1933505913e-07  2.9594574199e-11  9.7789436485e-06      0.0000000000  1.1890778510e-07  1.2039034499e-07    0.011875000000    0.011875000000
 1.1900728299e-07  2.3994721168e-11  9.7786036506e-06      0.0000000000  1.1866085729e-07  1.1930311359e-07    0.011891666667    0.011891666667
 1.1861538927e-07  1.3922350329e-11  9.7782737843e-06      0.0000000000  1.1841438423e-07  1.1886373702e-07    0.011908333333    0.011908333333
 1.1810240554e-07 -4.5056634567e-12  9.7779436456e-06      0.0000000000  1.1816745642e-07  1.1820907441e-07    0.011925000000    0.011925000000
 1.1775062134e-07 -1.1799901386e-11  9.7776036511e-06      0.0000000000  1.1792098335e-07  1.1765624542e-07    0.011941666667    0.011941666667
 1.1760750533e-07 -4.6095131285e-12  9.7772737813e-06      0.0000000000  1.1767405554e-07  1.1812527433e-07    0.011958333333    0.011958333333
 1.1693052328e-07 -3.4396655371e-11  9.7769436531e-06      0.0000000000  1.1742712773e-07  1.1724820348e-07    0.011975000000    0.011975000000
 1.1706284829e-07 -8.1597036864e-12  9.7766036482e-06      0.0000000000  1.1718065466e-07  1.1631994068e-07    0.011991666667    0.011991666667
 1.1682780300e-07 -7.3366765817e-12  9.7762737853e-06      0.0000000000  1.1693372685e-07  1.1660394907e-07    0.012008333333    0.012008333333
 1.1653476085e-07 -1.0530725511e-11  9.7759436501e-06      0.0000000000  1.1668679904e-07  1.1666130417e-07    0.012025000000    0.012025000000
 1.1633135954e-07 -7.5159199850e-12  9.7756036487e-06      0.0000000000  1.1643987123e-07  1.1626376475e-07    0.012041666667    0.012041666667
 1.1616438027e-07 -2.0098861959e-12  9.7752737859e-06      0.0000000000  1.1619339817e-07  1.1601838616e-07    0.012058333333    0.012058333333
 1.1588406850e-07 -4.3221826331e-12  9.7749436437e-06      0.0000000000  1.1594647035e-07  1.1528187305e-07    0.012075000000    0.012075000000
 1.1575920614e-07  4.1325209239e-12  9.7746036562e-06      0.0000000000  1.1569954254e-07  1.1582500135e-07    0.012091666667    0.012091666667
 1.1535412732e-07 -6.8216013597e-12  9.7742737829e-06      0.0000000000  1.1545261473e-07  1.1657674942e-07    0.012108333333    0.012108333333
 1.1494013836e-07 -1.8392872661e-11  9.7739436512e-06      0.0000000000  1.1520568692e-07  1.1608830342e-07    0.012125000000    0.012125000000
 1.1507561352e-07  8.0937674449e-12  9.7736036498e-06      0.0000000000  1.1495875911e-07  1.1510295279e-07    0.012141666667    0.012141666667
 1.1421309310e-07 -3.4544446385e-11  9.7732737869e-06      0.0000000000  1.1471183130e-07  1.1461719531e-07    0.012158333333    0.012158333333
 1.1431602922e-07 -1.0311580898e-11  9.7729436517e-06      0.0000000000  1.1446490349e-07  1.1562399121e-07    0.012175000000    0.012175000000
 1.1411546061e-07 -7.1005712856e-12  9.7726036468e-06      0.0000000000  1.1421797567e-07  1.1437544858e-07    0.012191666667    0.012191666667
 1.1365756087e-07 -2.1713265022e-11  9.7722737910e-06      0.0000000000  1.1397104786e-07  1.1332308934e-07    0.012208333333    0.012208333333
 1.1339836458e-07 -2.2563024883e-11  9.7719436488e-06      0.0000000000  1.1372412005e-07  1.1282061901e-07    0.012225000000    0.012225000000
 1.1319522083e-07 -1.9530379257e-11  9.7716036543e-06      0.0000000000  1.1347719224e-07  1.1355758807e-07    0.012241666667    0.012241666667
 1.1254197137e-07 -4.7673715443e-11  9.7712737845e-06      0.0000000000  1.1323026443e-07  1.1306664222e-07    0.012258333333    0.012258333333
 1.1256747894e-07 -2.8803835689e-11  9.7709436528e-06      0.0000000000  1.1298333662e-07  1.1220365858e-07    0.012275000000    0.012275000000
 1.1209556021e-07 -4.4356039119e-11  9.7706036514e-06      0.0000000000  1.1273595406e-07  1.1237562956e-07    0.012291666667    0.012291666667
 1.1195725650e-07 -3.6832333392e-11  9.7702737851e-06      0.0000000000  1.1248902625e-07  1.1281398418e-07    0.012308333333    0.012308333333
 1.1179845504e-07 -3.0728377612e-11  9.7699436568e-06      0.0000000000  1.1224209843e-07  1.1179129299e-07    0.012325000000    0.012325000000
 1.1189865195e-07 -6.6852389971e-12  9.7696036484e-06      0.0000000000  1.1199517062e-07  1.1163068927e-07    0.012341666667    0.012341666667
 1.1161248801e-07 -9.3713807136e-12  9.7692737926e-06      0.0000000000  1.1174778806e-07  1.1239446492e-07    0.012358333333    0.012358333333
 1.1162941756e-07  8.9043533880e-12  9.7689436504e-06      0.0000000000  1.1150086025e-07  1.1164477649e-07    0.012375000000    0.012375000000
 1.1142659152e-07  1.1990501855e-11  9.7686036559e-06      0.0000000000  1.1125347769e-07  1.1146576190e-07    0.012391666667    0.012391666667
 1.1133666648e-07  2.2865092829e-11  9.7682737861e-06      0.0000000000  1.1100654988e-07  1.1094753778e-07    0.012408333333    0.012408333333
 1.1119051470e-07  2.9845212191e-11  9.7679436509e-06      0.0000000000  1.1075962207e-07  1.1069519419e-07    0.012425000000    0.012425000000
 1.1073018385e-07  1.5095628196e-11  9.7676036565e-06      0.0000000000  1.1051223951e-07  1.1099536515e-07    0.012441666667    0.012441666667
 1.1058943377e-07  2.2449889985e-11  9.7672737832e-06      0.0000000000  1.1026531170e-07  1.1011777546e-07    0.012458333333    0.012458333333
 1.1018979649e-07  1.1904166390e-11  9.7669436584e-06      0.0000000000  1.1001792914e-07  1.1069346474e-07    0.012475000000    0.012475000000
 1.0994158932e-07  1.1815553283e-11  9.7666036500e-06      0.0000000000  1.0977100133e-07  1.1014159481e-07    0.012491666667    0.012491666667
 1.0965268939e-07  8.9399067708e-12  9.7662737942e-06      0.0000000000  1.0952361877e-07  1.1074989222e-07    0.012508333333    0.012508333333
 1.0959155853e-07  2.1840386492e-11  9.7659436520e-06      0.0000000000  1.0927623621e-07  1.0921493569e-07    0.012525000000    0.012525000000
 1.0957768094e-07  3.7982303991e-11  9.7656036540e-06      0.0000000000  1.0902930840e-07  1.0970030011e-07    0.012541666667    0.012541666667
 1.0924672717e-07  3.2193854021e-11  9.7652737912e-06      0.0000000000  1.0878192584e-07  1.0864658874e-07    0.012558333333    0.012558333333
 1.0900490819e-07  3.2579207522e-11  9.7649436525e-06      0.0000000000  1.0853454328e-07  1.0829621635e-07    0.012575000000    0.012575000000
 1.0868871993e-07  2.7781973926e-11  9.7646036581e-06      0.0000000000  1.0828761547e-07  1.0812339637e-07    0.012591666667    0.012591666667
 1.0838385453e-07  2.3800500304e-11  9.7642737848e-06      0.0000000000  1.0804023291e-07  1.0824463135e-07    0.012608333333    0.012608333333
 1.0793929864e-07  1.0143548406e-11  9.7639436600e-06      0.0000000000  1.0779285035e-07  1.0699929608e-07    0.012625000000    0.012625000000
 1.0784745736e-07  2.0916910815e-11  9.7636036516e-06      0.0000000000  1.0754546779e-07  1.0707380426e-07    0.012641666667    0.012641666667
 1.0711085690e-07 -1.2999622365e-11  9.7632737923e-06      0.0000000000  1.0729853998e-07  1.0688057667e-07    0.012658333333    0.012658333333
 1.0706784797e-07  1.1560490366e-12  9.7629436571e-06      0.0000000000  1.0705115742e-07  1.0662626779e-07    0.012675000000    0.012675000000
 1.0666185058e-07 -9.8301991843e-12  9.7626036521e-06      0.0000000000  1.0680377487e-07  1.0613318370e-07    0.012691666667    0.012691666667
 1.0634520439e-07 -1.4627653809e-11  9.7622737928e-06      0.0000000000  1.0655639231e-07  1.0612911161e-07    0.012708333333    0.012708333333
 1.0622761567e-07 -5.6376536741e-12  9.7619436541e-06      0.0000000000  1.0630900975e-07  1.0660166232e-07    0.012725000000    0.012725000000
 1.0608041066e-07  1.3010125608e-12  9.7616036597e-06      0.0000000000  1.0606162719e-07  1.0593479918e-07    0.012741666667    0.012741666667
 1.0586327410e-07  3.3959621135e-12  9.7612737864e-06      0.0000000000  1.0581424463e-07  1.0648247125e-07    0.012758333333    0.012758333333
 1.0579655851e-07  1.5909622572e-11  9.7609436581e-06      0.0000000000  1.0556686207e-07  1.0568127642e-07    0.012775000000    0.012775000000
 1.0556154450e-07  1.6766313735e-11  9.7606036567e-06      0.0000000000  1.0531947951e-07  1.0495638211e-07    0.012791666667    0.012791666667
 1.0530801927e-07  1.6340849498e-11  9.7602737904e-06      0.0000000000  1.0507209695e-07  1.0435674771e-07    0.012808333333    0.012808333333
 1.0518808065e-07  2.5168086480e-11  9.7599436587e-06      0.0000000000  1.0482471439e-07  1.0454653210e-07    0.012825000000    0.012825000000
 1.0486036491e-07  1.9603914696e-11  9.7596036572e-06      0.0000000000  1.0457733184e-07  1.0503796535e-07    0.012841666667    0.012841666667
 1.0486968370e-07  3.7415493687e-11  9.7592737944e-06      0.0000000000  1.0432949453e-07  1.0423279277e-07    0.012858333333    0.012858333333
 1.0432808057e-07  1.7036691928e-11  9.7589436522e-06      0.0000000000  1.0408211197e-07  1.0426582541e-07    0.012875000000    0.012875000000
 1.0441057025e-07  3.9884859501e-11  9.7586036613e-06      0.0000000000  1.0383472941e-07  1.0368923996e-07    0.012891666667    0.012891666667
 1.0391771023e-07  2.2882185620e-11  9.7582737915e-06      0.0000000000  1.0358734685e-07  1.0341589132e-07    0.012908333333    0.012908333333
 1.0372841827e-07  2.6937252431e-11  9.7579436562e-06      0.0000000000  1.0333950955e-07  1.0423323299e-07    0.012925000000    0.012925000000
 1.0346713875e-07  2.5974697550e-11  9.7576036583e-06      0.0000000000  1.0309212699e-07  1.0406035012e-07    0.012941666667    0.012941666667
 1.0325611783e-07  2.8493238439e-11  9.7572737920e-06      0.0000000000  1.0284474443e-07  1.0333382069e-07    0.012958333333    0.012958333333
 1.0265855168e-07  4.2697296301e-12  9.7569436603e-06      0.0000000000  1.0259690712e-07  1.0195264438e-07    0.012975000000    0.012975000000
 1.0279279968e-07  3.0702868990e-11  9.7566036553e-06      0.0000000000  1.0234952456e-07  1.0214481857e-07    0.012991666667    0.012991666667
 1.0230724641e-07  1.4206287655e-11  9.7562737960e-06      0.0000000000  1.0210214200e-07  1.0244631020e-07    0.013008333333    0.013008333333
 1.0215854357e-07  2.1072706234e-11  9.7559436573e-06      0.0000000000  1.0185430470e-07  1.0211842076e-07    0.013025000000    0.013025000000
 1.0203245405e-07  2.9473909045e-11  9.7556036594e-06      0.0000000000  1.0160692214e-07  1.0174819105e-07    0.013041666667    0.013041666667
 1.0149745579e-07  9.5840825259e-12  9.7552737931e-06      0.0000000000  1.0135908483e-07  1.0179455623e-07    0.013058333333    0.013058333333
 1.0180531334e-07  4.8042059965e-11  9.7549436613e-06      0.0000000000  1.0111170227e-07  1.0044322093e-07    0.013075000000    0.013075000000
 1.0107517750e-07  1.4636285021e-11  9.7546036599e-06      0.0000000000  1.0086386497e-07  1.0042569052e-07    0.013091666667    0.013091666667
 1.0083978624e-07  1.5498344066e-11  9.7542737901e-06      0.0000000000  1.0061602766e-07  1.0022633122e-07    0.013108333333    0.013108333333
 1.0085370195e-07  3.3596825608e-11  9.7539436619e-06      0.0000000000  1.0036864510e-07  1.0046686734e-07    0.013125000000    0.013125000000
 1.0024613848e-07  8.6808655336e-12  9.7536036570e-06      0.0000000000  1.0012080780e-07  1.0013161984e-07    0.013141666667    0.013141666667
 9.9981568579e-08  7.5219040438e-12  9.7532737976e-06      0.0000000000  9.9872970490e-08  1.0004168804e-07    0.013158333333    0.013158333333
 9.9530510704e-08 -6.5853993403e-12  9.7529436589e-06      0.0000000000  9.9625587931e-08  9.9040976689e-08    0.013175000000    0.013175000000
 9.9406541592e-08  1.9941685054e-12  9.7526036610e-06      0.0000000000  9.9377750625e-08  9.9296228913e-08    0.013191666667    0.013191666667
 9.8791748861e-08 -2.3422517279e-11  9.7522737947e-06      0.0000000000  9.9129913319e-08  9.9591274384e-08    0.013208333333    0.013208333333
 9.8682734181e-08 -1.3807150269e-11  9.7519436594e-06      0.0000000000  9.8882076013e-08  9.8776762731e-08    0.013225000000    0.013225000000
 9.8411154350e-08 -1.5483142591e-11  9.7516036615e-06      0.0000000000  9.8634693454e-08  9.9106648912e-08    0.013241666667    0.013241666667
 9.8093586651e-08 -2.0312926723e-11  9.7512737917e-06      0.0000000000  9.8386856147e-08  9.8048079343e-08    0.013258333333    0.013258333333
 9.8240467514e-08  7.0267091375e-12  9.7509436635e-06      0.0000000000  9.8139018841e-08  9.7961433516e-08    0.013275000000    0.013275000000
 9.7851268161e-08 -2.7645474399e-12  9.7506036586e-06      0.0000000000  9.7891181535e-08  9.7662221624e-08    0.013291666667    0.013291666667
 9.7648596035e-08  3.6375948958e-13  9.7502737992e-06      0.0000000000  9.7643344229e-08  9.7206179370e-08    0.013308333333    0.013308333333
 9.7395780737e-08  1.8965383001e-14  9.7499436605e-06      0.0000000000  9.7395506923e-08  9.7521899721e-08    0.013325000000    0.013325000000
 9.7288806828e-08  9.7756837245e-12  9.7496036626e-06      0.0000000000  9.7147669616e-08  9.6976884733e-08    0.013341666667    0.013341666667
 9.7172688727e-08  1.8899041505e-11  9.7492737963e-06      0.0000000000  9.6899832310e-08  9.6676525110e-08    0.013358333333    0.013358333333
 9.6558819392e-08 -6.4536864108e-12  9.7489436610e-06      0.0000000000  9.6651995004e-08  9.5965922415e-08    0.013375000000    0.013375000000
 9.6999558470e-08  4.1239652866e-11  9.7486036631e-06      0.0000000000  9.6404157698e-08  9.6218659064e-08    0.013391666667    0.013391666667
 9.6327422689e-08  1.1851176032e-11  9.7482737933e-06      0.0000000000  9.6156320391e-08  9.6276643062e-08    0.013408333333    0.013408333333
 9.6390083136e-08  3.3357395308e-11  9.7479436651e-06      0.0000000000  9.5908483085e-08  9.6335350287e-08    0.013425000000    0.013425000000
 9.6545249455e-08  6.1270912392e-11  9.7476036602e-06      0.0000000000  9.5660645779e-08  9.5742963883e-08    0.013441666667    0.013441666667
 9.5930951573e-08  3.5919999144e-11  9.7472737973e-06      0.0000000000  9.5412353725e-08  9.5531514104e-08    0.013458333333    0.013458333333
 9.5872488060e-08  4.9036726353e-11  9.7469436621e-06      0.0000000000  9.5164516419e-08  9.4588032079e-08    0.013475000000    0.013475000000
 9.5239431791e-08  2.2355040535e-11  9.7466036642e-06      0.0000000000  9.4916679113e-08  9.4619681153e-08    0.013491666667    0.013491666667
 9.5037258502e-08  2.5517898778e-11  9.7462737979e-06      0.0000000000  9.4668841807e-08  9.5274249421e-08    0.013508333333    0.013508333333
 9.4702633097e-08  1.9538132488e-11  9.7459436592e-06      0.0000000000  9.4420549753e-08  9.4865358471e-08    0.013525000000    0.013525000000
 9.4413345761e-08  1.6667150617e-11  9.7456036682e-06      0.0000000000  9.4172712447e-08  9.4119411951e-08    0.013541666667    0.013541666667
 9.4108363618e-08  1.2709088548e-11  9.7452737949e-06      0.0000000000  9.3924875141e-08  9.3737516262e-08    0.013558333333    0.013558333333
 9.3890194690e-08  1.4795527285e-11  9.7449436667e-06      0.0000000000  9.3676583087e-08  9.2897817417e-08    0.013575000000    0.013575000000
 9.3781161041e-08  2.4409580346e-11  9.7446036618e-06      0.0000000000  9.3428745781e-08  9.2579298489e-08    0.013591666667    0.013591666667
 9.3452886660e-08  1.8869709466e-11  9.7442737989e-06      0.0000000000  9.3180453727e-08  9.2558843722e-08    0.013608333333    0.013608333333
 9.3220414413e-08  1.9933950142e-11  9.7439436637e-06      0.0000000000  9.2932616421e-08  9.2147390030e-08    0.013625000000    0.013625000000
 9.2985520674e-08  2.0861966787e-11  9.7436036623e-06      0.0000000000  9.2684324367e-08  9.0919710949e-08    0.013641666667    0.013641666667
 9.2823856345e-08  2.6830624901e-11  9.7432738030e-06      0.0000000000  9.2436487061e-08  9.1774676189e-08    0.013658333333    0.013658333333
 9.2539878827e-08  2.4358918099e-11  9.7429436608e-06      0.0000000000  9.2188195008e-08  9.2077315551e-08    0.013675000000    0.013675000000
 9.2077033234e-08  9.4666513647e-12  9.7426036663e-06      0.0000000000  9.1940357701e-08  9.1881572392e-08    0.013691666667    0.013691666667
 9.1782057516e-08  6.2331685939e-12  9.7422737965e-06      0.0000000000  9.1692065648e-08  9.1215275258e-08    0.013708333333    0.013708333333
 9.1483068368e-08  2.6902034563e-12  9.7419436683e-06      0.0000000000  9.1444228342e-08  9.2105364209e-08    0.013725000000    0.013725000000
 9.1040368395e-08 -1.0775205854e-11  9.7416036634e-06      0.0000000000  9.1195936288e-08  9.3314695317e-08    0.013741666667    0.013741666667
 9.0925485249e-08 -1.5348130095e-12  9.7412737971e-06      0.0000000000  9.0947644234e-08  9.1387733628e-08    0.013758333333    0.013758333333
 9.0548693259e-08 -1.0435192427e-11  9.7409436688e-06      0.0000000000  9.0699352181e-08  9.1801640005e-08    0.013775000000    0.013775000000
 9.0391506175e-08 -4.1564237799e-12  9.7406036604e-06      0.0000000000  9.0451514875e-08  9.1964083244e-08    0.013791666667    0.013791666667
 9.0149898304e-08 -3.6934526449e-12  9.7402738046e-06      0.0000000000  9.0203222821e-08  9.0845988887e-08    0.013808333333    0.013808333333
 8.9742237981e-08 -1.4731886615e-11  9.7399436624e-06      0.0000000000  8.9954930767e-08  8.9916609803e-08    0.013825000000    0.013825000000
 8.9560133096e-08 -1.0147519276e-11  9.7396036714e-06      0.0000000000  8.9706638714e-08  9.1792065099e-08    0.013841666667    0.013841666667
 8.9598207855e-08  9.6873020565e-12  9.7392737981e-06      0.0000000000  8.9458346660e-08  8.9932064865e-08    0.013858333333    0.013858333333
 8.9004794058e-08 -1.4248599913e-11  9.7389436664e-06      0.0000000000  8.9210509354e-08  8.8965219439e-08    0.013875000000    0.013875000000
 8.9062683641e-08  6.9586691926e-12  9.7386036685e-06      0.0000000000  8.8962217300e-08  8.8460532259e-08    0.013891666667    0.013891666667
 8.8596628088e-08 -8.1244337460e-12  9.7382737952e-06      0.0000000000  8.8713925247e-08  8.8240560971e-08    0.013908333333    0.013908333333
 8.8241402330e-08 -1.5531056413e-11  9.7379436704e-06      0.0000000000  8.8465633193e-08  8.5881156264e-08    0.013925000000    0.013925000000
 8.8092257848e-08 -8.6637299761e-12  9.7376036620e-06      0.0000000000  8.8217341140e-08  8.7862029863e-08    0.013941666667    0.013941666667
 8.7823869599e-08 -1.0055666578e-11  9.7372738062e-06      0.0000000000  8.7969049086e-08  8.8650992711e-08    0.013958333333    0.013958333333
 8.7486765771e-08 -1.6207097565e-11  9.7369436640e-06      0.0000000000  8.7720757032e-08  8.8099846010e-08    0.013975000000    0.013975000000
 8.7453756074e-08 -1.2958477192e-12  9.7366036695e-06      0.0000000000  8.7472464979e-08  8.6722883291e-08    0.013991666667    0.013991666667
 8.6906469675e-08 -2.1973801123e-11  9.7362738032e-06      0.0000000000  8.7223718178e-08  8.6937037312e-08    0.014008333333    0.014008333333
 8.6512537665e-08 -3.2061361467e-11  9.7359436645e-06      0.0000000000  8.6975426124e-08  8.7994584929e-08    0.014025000000    0.014025000000
 8.6318587330e-08 -2.8297453663e-11  9.7356036701e-06      0.0000000000  8.6727134071e-08  8.5957676902e-08    0.014041666667    0.014041666667
 8.6373383961e-08 -7.3044138077e-12  9.7352737968e-06      0.0000000000  8.6478842017e-08  8.8268672519e-08    0.014058333333    0.014058333333
 8.6085447273e-08 -1.0050347374e-11  9.7349436755e-06      0.0000000000  8.6230549964e-08  8.7525964802e-08    0.014075000000    0.014075000000
 8.6155500010e-08  1.2030884107e-11  9.7346036636e-06      0.0000000000  8.5981803163e-08  8.5611895433e-08    0.014091666667    0.014091666667
 8.6244496523e-08  3.5392733915e-11  9.7342738043e-06      0.0000000000  8.5733511109e-08  8.4748440129e-08    0.014108333333    0.014108333333
 8.5832233377e-08  2.4035491437e-11  9.7339436970e-06      0.0000000000  8.5485219055e-08  8.6177019297e-08    0.014125000000    0.014125000000
 8.5708581969e-08  3.2668562124e-11  9.7336037235e-06      0.0000000000  8.5236927002e-08  8.4384798079e-08    0.014141666667    0.014141666667
 8.5094537399e-08  7.3666916923e-12  9.7332738607e-06      0.0000000000  8.4988180201e-08  8.4101292807e-08    0.014158333333    0.014158333333
 8.5035683813e-08  2.0487898480e-11  9.7329437220e-06      0.0000000000  8.4739888147e-08  8.3352673490e-08    0.014175000000    0.014175000000
 8.4767889806e-08  1.9168618768e-11  9.7326037310e-06      0.0000000000  8.4491141346e-08  8.5448556022e-08    0.014191666667    0.014191666667
 8.4180694262e-08 -4.3050866176e-12  9.7322738543e-06      0.0000000000  8.4242849293e-08  8.3402890650e-08    0.014208333333    0.014208333333
 8.4249237127e-08  1.7671565605e-11  9.7319437295e-06      0.0000000000  8.3994102492e-08  8.3372892421e-08    0.014225000000    0.014225000000
 8.3930139270e-08  1.2767294552e-11  9.7316037211e-06      0.0000000000  8.3745810438e-08  8.4330461665e-08    0.014241666667    0.014241666667
 8.3903882199e-08  2.8177753637e-11  9.7312738583e-06      0.0000000000  8.3497063637e-08  8.4202041575e-08    0.014258333333    0.014258333333
 8.3472772780e-08  1.5515148825e-11  9.7309437265e-06      0.0000000000  8.3248771584e-08  8.3405374780e-08    0.014275000000    0.014275000000
 8.3374417281e-08  2.5931804909e-11  9.7306037251e-06      0.0000000000  8.3000024783e-08  8.4204022590e-08    0.014291666667    0.014291666667
 8.2950367199e-08  1.3758155782e-11  9.7302738623e-06      0.0000000000  8.2751732729e-08  8.4367126167e-08    0.014308333333    0.014308333333
 8.2738084678e-08  1.6283806244e-11  9.7299437201e-06      0.0000000000  8.2502985928e-08  8.3908285336e-08    0.014325000000    0.014325000000
 8.2669342269e-08  2.8751574152e-11  9.7296037326e-06      0.0000000000  8.2254239127e-08  8.1759764403e-08    0.014341666667    0.014341666667
 8.2167944076e-08  1.1220509697e-11  9.7292738559e-06      0.0000000000  8.2005947074e-08  8.2354634937e-08    0.014358333333    0.014358333333
 8.2003911443e-08  1.7088125356e-11  9.7289437276e-06      0.0000000000  8.1757200273e-08  8.1758899674e-08    0.014375000000    0.014375000000
 8.1759293201e-08  1.7374084514e-11  9.7286037262e-06      0.0000000000  8.1508453472e-08  8.0686415832e-08    0.014391666667    0.014391666667
 8.1599567883e-08  2.3540040683e-11  9.7282738599e-06      0.0000000000  8.1259706671e-08  8.0407642985e-08    0.014408333333    0.014408333333
 8.1113432991e-08  7.0661687073e-12  9.7279437316e-06      0.0000000000  8.1011414617e-08  8.1201589814e-08    0.014425000000    0.014425000000
 8.1134559590e-08  2.5758595475e-11  9.7276037232e-06      0.0000000000  8.0762667817e-08  8.0254617429e-08    0.014441666667    0.014441666667
 8.0522478574e-08  5.9272804627e-13  9.7272738639e-06      0.0000000000  8.0513921016e-08  8.0646245248e-08    0.014458333333    0.014458333333
 8.0381122601e-08  8.0310127546e-12  9.7269437217e-06      0.0000000000  8.0265174215e-08  8.1359599352e-08    0.014475000000    0.014475000000
 7.9799945186e-08 -1.4994357287e-11  9.7266037308e-06      0.0000000000  8.0016427414e-08  7.9858791745e-08    0.014491666667    0.014491666667
 7.9742063110e-08 -1.7743626744e-12  9.7262738610e-06      0.0000000000  7.9767680613e-08  7.8011007771e-08    0.014508333333    0.014508333333
 7.9082558881e-08 -3.0224936723e-11  9.7259437257e-06      0.0000000000  7.9518933812e-08  8.0147532557e-08    0.014525000000    0.014525000000
 7.8920856917e-08 -2.4195890367e-11  9.7256037313e-06      0.0000000000  7.9270187011e-08  8.0751396272e-08    0.014541666667    0.014541666667
 7.8802412995e-08 -1.5170632534e-11  9.7252738580e-06      0.0000000000  7.9021440210e-08  7.9291325253e-08    0.014558333333    0.014558333333
 7.8621658757e-08 -1.0461216892e-11  9.7249437332e-06      0.0000000000  7.8772693409e-08  7.9687606885e-08    0.014575000000    0.014575000000
 7.8231807508e-08 -2.0234631274e-11  9.7246037213e-06      0.0000000000  7.8523946608e-08  7.9563054491e-08    0.014591666667    0.014591666667
 7.7991628036e-08 -1.9641226493e-11  9.7242738655e-06      0.0000000000  7.8275199807e-08  7.7668779551e-08    0.014608333333    0.014608333333
 7.7984367931e-08 -2.9149675047e-12  9.7239437268e-06      0.0000000000  7.8026453006e-08  7.7461810640e-08    0.014625000000    0.014625000000
 7.7519127870e-08 -1.7878591496e-11  9.7236037289e-06      0.0000000000  7.7777251458e-08  7.8743150074e-08    0.014641666667    0.014641666667
 7.7899133071e-08  2.5671090561e-11  9.7232738626e-06      0.0000000000  7.7528504657e-08  7.8312184956e-08    0.014658333333    0.014658333333
 7.7189286615e-08 -6.2663717383e-12  9.7229437273e-06      0.0000000000  7.7279757856e-08  7.5792396637e-08    0.014675000000    0.014675000000
 7.7212730790e-08  1.2586578917e-11  9.7226037329e-06      0.0000000000  7.7031011055e-08  7.5931916700e-08    0.014691666667    0.014691666667
 7.7029890379e-08  1.7182995970e-11  9.7222738561e-06      0.0000000000  7.6781809507e-08  7.5396052116e-08    0.014708333333    0.014708333333
 7.7208950966e-08  4.6814513074e-11  9.7219437348e-06      0.0000000000  7.6533062706e-08  7.5836261971e-08    0.014725000000    0.014725000000
 7.6475845651e-08  1.3266056438e-11  9.7216037264e-06      0.0000000000  7.6284315905e-08  7.5665973284e-08    0.014741666667    0.014741666667
 7.6415915609e-08  2.6375698866e-11  9.7212738636e-06      0.0000000000  7.6035114357e-08  7.6714826446e-08    0.014758333333    0.014758333333
 7.6314987905e-08  3.6614194533e-11  9.7209437319e-06      0.0000000000  7.5786367556e-08  7.7524086837e-08    0.014775000000    0.014775000000
 7.5940844555e-08  2.7928767160e-11  9.7206037305e-06      0.0000000000  7.5537620755e-08  7.5651099949e-08    0.014791666667    0.014791666667
 7.5523143399e-08  1.6257863028e-11  9.7202738642e-06      0.0000000000  7.5288419207e-08  7.6839740454e-08    0.014808333333    0.014808333333
 7.5420767276e-08  2.6396035892e-11  9.7199437254e-06      0.0000000000  7.5039672406e-08  7.5253497640e-08    0.014825000000    0.014825000000
 7.4939562015e-08  1.0326603299e-11  9.7196037345e-06      0.0000000000  7.4790470857e-08  7.4903298193e-08    0.014841666667    0.014841666667
 7.4817239345e-08  1.9083204771e-11  9.7192738612e-06      0.0000000000  7.4541724056e-08  7.4013114907e-08    0.014858333333    0.014858333333
 7.4683427404e-08  2.7075514461e-11  9.7189437330e-06      0.0000000000  7.4292522508e-08  7.4460934376e-08    0.014875000000    0.014875000000
 7.4362132777e-08  2.2082082016e-11  9.7186037315e-06      0.0000000000  7.4043320960e-08  7.3383953945e-08    0.014891666667    0.014891666667
 7.3940975543e-08  1.0140299717e-11  9.7182738652e-06      0.0000000000  7.3794574159e-08  7.1789865682e-08    0.014908333333    0.014908333333
 7.3818365133e-08  1.8908468692e-11  9.7179437335e-06      0.0000000000  7.3545372611e-08  7.3433054819e-08    0.014925000000    0.014925000000
 7.3332524719e-08  2.5179883247e-12  9.7176037286e-06      0.0000000000  7.3296171062e-08  7.4011511228e-08    0.014941666667    0.014941666667
 7.3307120508e-08  1.7987519608e-11  9.7172738658e-06      0.0000000000  7.3047424261e-08  7.3278252639e-08    0.014958333333    0.014958333333
 7.3042657001e-08  1.6930420089e-11  9.7169437270e-06      0.0000000000  7.2798222713e-08  7.1153582498e-08    0.014975000000    0.014975000000
 7.2668573787e-08  8.2806554568e-12  9.7166037361e-06      0.0000000000  7.2549021165e-08  7.1905802232e-08    0.014991666667    0.014991666667
 7.2378144554e-08  5.4250739941e-12  9.7162738628e-06      0.0000000000  7.2299819617e-08  7.1257349956e-08    0.015008333333    0.015008333333
 7.2064549958e-08  9.3347659118e-13  9.7159437346e-06      0.0000000000  7.2051072816e-08  7.3051284909e-08    0.015025000000    0.015025000000
 7.1861192557e-08  4.1088112425e-12  9.7156037331e-06      0.0000000000  7.1801871267e-08  7.3428778342e-08    0.015041666667    0.015041666667
 7.1530608654e-08 -1.5280306995e-12  9.7152738633e-06      0.0000000000  7.1552669719e-08  7.2448160144e-08    0.015058333333    0.015058333333
 7.1493618451e-08  1.3170509511e-11  9.7149437351e-06      0.0000000000  7.1303468171e-08  7.1780290776e-08    0.015075000000    0.015075000000
 7.1413348563e-08  2.4871339232e-11  9.7146037302e-06      0.0000000000  7.1054266622e-08  7.2099847378e-08    0.015091666667    0.015091666667
 7.0970170632e-08  1.1435819736e-11  9.7142738674e-06      0.0000000000  7.0805065074e-08  6.9844383074e-08    0.015108333333    0.015108333333
 7.0988866120e-08  2.9991356246e-11  9.7139437321e-06      0.0000000000  7.0555863526e-08  7.0860518042e-08    0.015125000000    0.015125000000
 7.0438391936e-08  9.1241026625e-12  9.7136037377e-06      0.0000000000  7.0306661978e-08  7.0041494077e-08    0.015141666667    0.015141666667
 7.0319444921e-08  1.8146011897e-11  9.7132738644e-06      0.0000000000  7.0057460429e-08  7.1235841792e-08    0.015158333333    0.015158333333
 7.0008244336e-08  1.3851730008e-11  9.7129437327e-06      0.0000000000  6.9808258881e-08  6.9853785035e-08    0.015175000000    0.015175000000
 6.9951922114e-08  2.7211263380e-11  9.7126037347e-06      0.0000000000  6.9559057333e-08  6.7408300504e-08    0.015191666667    0.015191666667
 6.9751072526e-08  3.0560298424e-11  9.7122738649e-06      0.0000000000  6.9309855784e-08  6.9137443685e-08    0.015208333333    0.015208333333
 6.9254741833e-08  1.3443222616e-11  9.7119437367e-06      0.0000000000  6.9060654236e-08  6.8547541411e-08    0.015225000000    0.015225000000
 6.8850787961e-08  2.7245060600e-12  9.7116037318e-06      0.0000000000  6.8811452688e-08  6.8086845344e-08    0.015241666667    0.015241666667
 6.8315757181e-08 -1.7041582961e-11  9.7112738725e-06      0.0000000000  6.8561796392e-08  6.7293794687e-08    0.015258333333    0.015258333333
 6.8066373685e-08 -1.7054185342e-11  9.7109437337e-06      0.0000000000  6.8312594844e-08  6.9437677530e-08    0.015275000000    0.015275000000
 6.7479076382e-08 -4.0471944003e-11  9.7106037358e-06      0.0000000000  6.8063393296e-08  6.7558401704e-08    0.015291666667    0.015291666667
 6.7155042825e-08 -4.5655084814e-11  9.7102738660e-06      0.0000000000  6.7814191747e-08  6.8213347308e-08    0.015308333333    0.015308333333
 6.6611487992e-08 -6.6011581210e-11  9.7099437343e-06      0.0000000000  6.7564535452e-08  6.7994743864e-08    0.015325000000    0.015325000000
 6.6663833225e-08 -4.5125339277e-11  9.7096037363e-06      0.0000000000  6.7315333903e-08  6.7776156142e-08    0.015341666667    0.015341666667
 6.6475774145e-08 -4.0858889000e-11  9.7092738631e-06      0.0000000000  6.7065677608e-08  6.6654005421e-08    0.015358333333    0.015358333333
 6.6437432244e-08 -2.6253972302e-11  9.7089437418e-06      0.0000000000  6.6816476060e-08  6.8963633194e-08    0.015375000000    0.015375000000
 6.6504455104e-08 -4.3511037596e-12  9.7086037334e-06      0.0000000000  6.6567274511e-08  6.7282694714e-08    0.015391666667    0.015391666667
 6.6518167314e-08  1.3890770048e-11  9.7082738706e-06      0.0000000000  6.6317618216e-08  6.6158688757e-08    0.015408333333    0.015408333333
 6.6538391643e-08  3.2552199765e-11  9.7079437353e-06      0.0000000000  6.6068416667e-08  6.6376899142e-08    0.015425000000    0.015425000000
 6.6331231929e-08  3.5495669684e-11  9.7076037374e-06      0.0000000000  6.5818760372e-08  6.6262833551e-08    0.015441666667    0.015441666667
 6.6254676737e-08  4.7453792880e-11  9.7072738676e-06      0.0000000000  6.5569558823e-08  6.3731080529e-08    0.015458333333    0.015458333333
 6.6080625447e-08  5.2690474402e-11  9.7069437359e-06      0.0000000000  6.5319902528e-08  6.3856843544e-08    0.015475000000    0.015475000000
 6.5826797035e-08  5.2370000753e-11  9.7066037414e-06      0.0000000000  6.5070700979e-08  6.5840625777e-08    0.015491666667    0.015491666667
 6.5429853357e-08  4.2168333536e-11  9.7062738647e-06      0.0000000000  6.4821044684e-08  6.5819369170e-08    0.015508333333    0.015508333333
 6.4979869402e-08  2.8292901171e-11  9.7059437399e-06      0.0000000000  6.4571388388e-08  6.3798875268e-08    0.015525000000    0.015525000000
 6.4579263378e-08  1.7806068901e-11  9.7056037350e-06      0.0000000000  6.4322186840e-08  6.3805887433e-08    0.015541666667    0.015541666667
 6.4219802503e-08  1.0200598886e-11  9.7052738722e-06      0.0000000000  6.4072530544e-08  6.3407499007e-08    0.015558333333    0.015558333333
 6.3819114739e-08 -2.6039750262e-13  9.7049437369e-06      0.0000000000  6.3822874249e-08  6.2194268759e-08    0.015575000000    0.015575000000
 6.3594444685e-08  1.4702417202e-12  9.7046037355e-06      0.0000000000  6.3573217953e-08  6.3445154016e-08    0.015591666667    0.015591666667
 6.3211394155e-08 -7.8006322841e-12  9.7042738727e-06      0.0000000000  6.3324016405e-08  6.3152907122e-08    0.015608333333    0.015608333333
 6.3080668239e-08  4.3692430907e-13  9.7039437340e-06      0.0000000000  6.3074360109e-08  6.3654984394e-08    0.015625000000    0.015625000000
 6.3019771268e-08  1.3511091155e-11  9.7036037430e-06      0.0000000000  6.2824703813e-08  6.2259280643e-08    0.015641666667    0.015641666667
 6.2799250621e-08  1.5529133647e-11  9.7032738663e-06      0.0000000000  6.2575047518e-08  6.1989799700e-08    0.015658333333    0.015658333333
 6.2589486639e-08  1.8292222389e-11  9.7029437415e-06      0.0000000000  6.2325391222e-08  6.3593572926e-08    0.015675000000    0.015675000000
 6.2414000024e-08  2.3429487919e-11  9.7026037366e-06      0.0000000000  6.2075734927e-08  6.1738745342e-08    0.015691666667    0.015691666667
 6.2167680643e-08  2.3660614923e-11  9.7022738703e-06      0.0000000000  6.1826078631e-08  6.2157761481e-08    0.015708333333    0.015708333333
 6.2188174315e-08  4.2372197836e-11  9.7019437420e-06      0.0000000000  6.1576422335e-08  6.1617604697e-08    0.015725000000    0.015725000000
 6.1564114295e-08  1.6439615343e-11  9.7016037371e-06      0.0000000000  6.1326766040e-08  6.1208635135e-08    0.015741666667    0.015741666667
 6.1467163702e-08  2.7016575334e-11  9.7012738743e-06      0.0000000000  6.1077109744e-08  6.0951857844e-08    0.015758333333    0.015758333333
 6.0940958362e-08  7.8617688247e-12  9.7009437356e-06      0.0000000000  6.0827453448e-08  6.0268517691e-08    0.015775000000    0.015775000000
 6.0398527048e-08 -1.2416908463e-11  9.7006037446e-06      0.0000000000  6.0577797153e-08  6.1283143314e-08    0.015791666667    0.015791666667
 6.0211240672e-08 -8.0969378858e-12  9.7002738679e-06      0.0000000000  6.0328140857e-08  5.8935388862e-08    0.015808333333    0.015808333333
 5.9786701429e-08 -2.0209975646e-11  9.6999437396e-06      0.0000000000  6.0078484561e-08  5.8589230056e-08    0.015825000000    0.015825000000
 5.9642630611e-08 -1.2896736099e-11  9.6996037417e-06      0.0000000000  5.9828828266e-08  5.9119434598e-08    0.015841666667    0.015841666667
 5.9502608225e-08 -5.2715898566e-12  9.6992738684e-06      0.0000000000  5.9578717223e-08  5.8363708782e-08    0.015858333333    0.015858333333
 5.9142622328e-08 -1.2913424806e-11  9.6989437436e-06      0.0000000000  5.9329060927e-08  5.9214224598e-08    0.015875000000    0.015875000000
 5.9255026314e-08  1.2164205310e-11  9.6986037387e-06      0.0000000000  5.9079404632e-08  5.9339767500e-08    0.015891666667    0.015891666667
 5.8655442188e-08 -1.2073086522e-11  9.6982738759e-06      0.0000000000  5.8829748336e-08  6.0095634817e-08    0.015908333333    0.015908333333
 5.8482835329e-08 -6.7048609748e-12  9.6979437372e-06      0.0000000000  5.8579637293e-08  5.7311129425e-08    0.015925000000    0.015925000000
 5.8244775219e-08 -5.9016663674e-12  9.6976037428e-06      0.0000000000  5.8329980997e-08  5.9191317146e-08    0.015941666667    0.015941666667
 5.7899750703e-08 -1.2507220988e-11  9.6972738730e-06      0.0000000000  5.8080324702e-08  5.9055649056e-08    0.015958333333    0.015958333333
 5.7687343196e-08 -9.8957350354e-12  9.6969437412e-06      0.0000000000  5.7830213659e-08  5.9402106586e-08    0.015975000000    0.015975000000
 5.7431000043e-08 -1.0358891424e-11  9.6966037433e-06      0.0000000000  5.7580557363e-08  5.8219723573e-08    0.015991666667    0.015991666667
 5.7237448962e-08 -6.4413398959e-12  9.6962738700e-06      0.0000000000  5.7330446320e-08  5.8352420140e-08    0.016008333333    0.016008333333
 5.6968330016e-08 -7.7893948521e-12  9.6959437452e-06      0.0000000000  5.7080790024e-08  5.7540141059e-08    0.016025000000    0.016025000000
 5.6888953105e-08  4.0362806518e-12  9.6956037368e-06      0.0000000000  5.6830678981e-08  5.6011897965e-08    0.016041666667    0.016041666667
 5.6367393071e-08 -1.4796774843e-11  9.6952738775e-06      0.0000000000  5.6581022686e-08  5.5656148531e-08    0.016058333333    0.016058333333
 5.6350319261e-08  1.3442431793e-12  9.6949437423e-06      0.0000000000  5.6330911643e-08  5.5547570037e-08    0.016075000000    0.016075000000
 5.5994321659e-08 -6.0213478159e-12  9.6946037409e-06      0.0000000000  5.6081255347e-08  5.3919144180e-08    0.016091666667    0.016091666667
 5.5934914540e-08  7.1875091307e-12  9.6942738746e-06      0.0000000000  5.5831144304e-08  5.5082471714e-08    0.016108333333    0.016108333333
 5.5705270292e-08  8.6051148672e-12  9.6939437428e-06      0.0000000000  5.5581033261e-08  5.6226162043e-08    0.016125000000    0.016125000000
 5.5332535054e-08  8.0213476099e-14  9.6936037449e-06      0.0000000000  5.5331376966e-08  5.5373728101e-08    0.016141666667    0.016141666667
 5.5152229213e-08  4.9151791895e-12  9.6932738681e-06      0.0000000000  5.5081265923e-08  5.4260664894e-08    0.016158333333    0.016158333333
 5.5092409558e-08  1.8095462366e-11  9.6929437469e-06      0.0000000000  5.4831154880e-08  5.4412511274e-08    0.016175000000    0.016175000000
 5.4666628165e-08  5.8963886878e-12  9.6926037419e-06      0.0000000000  5.4581498584e-08  5.4967384170e-08    0.016191666667    0.016191666667
 5.4538901705e-08  1.4373196134e-11  9.6922738756e-06      0.0000000000  5.4331387541e-08  5.3401784791e-08    0.016208333333    0.016208333333
 5.4397404715e-08  2.1896205954e-11  9.6919437439e-06      0.0000000000  5.4081276498e-08  5.4085863895e-08    0.016225000000    0.016225000000
 5.4156829597e-08  2.2556699315e-11  9.6916037460e-06      0.0000000000  5.3831165455e-08  5.4509140788e-08    0.016241666667    0.016241666667
 5.3637566853e-08  3.9142600441e-12  9.6912738762e-06      0.0000000000  5.3581054412e-08  5.4387607084e-08    0.016258333333    0.016258333333
 5.3636796234e-08  2.1184497173e-11  9.6909437409e-06      0.0000000000  5.3330943369e-08  5.3458400945e-08    0.016275000000    0.016275000000
 5.3276996586e-08  1.3587059952e-11  9.6906037465e-06      0.0000000000  5.3080832326e-08  5.4459143740e-08    0.016291666667    0.016291666667
 5.3068015194e-08  1.6404353728e-11  9.6902738732e-06      0.0000000000  5.2831176030e-08  5.3122005714e-08    0.016308333333    0.016308333333
 5.2806858694e-08  1.5639304663e-11  9.6899437450e-06      0.0000000000  5.2581064987e-08  5.1814928806e-08    0.016325000000    0.016325000000
 5.2421308405e-08  6.2582830908e-12  9.6896037435e-06      0.0000000000  5.2330953944e-08  5.1218957708e-08    0.016341666667    0.016341666667
 5.2243835276e-08  1.1289452891e-11  9.6892738772e-06      0.0000000000  5.2080842901e-08  5.1855272336e-08    0.016358333333    0.016358333333
 5.1879189952e-08  3.3878837268e-12  9.6889437455e-06      0.0000000000  5.1830277111e-08  5.0918676696e-08    0.016375000000    0.016375000000
 5.1807538206e-08  1.5748632685e-11  9.6886037441e-06      0.0000000000  5.1580166068e-08  5.1516487309e-08    0.016391666667    0.016391666667
 5.1409898259e-08  5.5302367950e-12  9.6882738778e-06      0.0000000000  5.1330055025e-08  5.1263876439e-08    0.016408333333    0.016408333333
 5.1267676927e-08  1.3003075960e-11  9.6879437425e-06      0.0000000000  5.1079943982e-08  5.0213781212e-08    0.016425000000    0.016425000000
 5.0926932491e-08  6.7254730215e-12  9.6876037481e-06      0.0000000000  5.0829832939e-08  5.0293713599e-08    0.016441666667    0.016441666667
 5.0602407885e-08  1.5713152153e-12  9.6872738748e-06      0.0000000000  5.0579721896e-08  5.0723892601e-08    0.016458333333    0.016458333333
 5.0472820470e-08  9.9192260885e-12  9.6869437501e-06      0.0000000000  5.0329610853e-08  5.2403148790e-08    0.016475000000    0.016475000000
 5.0264493723e-08  1.2844858002e-11  9.6866037451e-06      0.0000000000  5.0079045063e-08  5.1469886287e-08    0.016491666667    0.016491666667
 4.9788990797e-08 -2.7666149092e-12  9.6862738753e-06      0.0000000000  4.9828934020e-08  5.1316074615e-08    0.016508333333    0.016508333333
 4.9972609912e-08  2.7275135105e-11  9.6859437471e-06      0.0000000000  4.9578822977e-08  5.0771138238e-08    0.016525000000    0.016525000000
 4.9363090491e-08  2.4126831103e-12  9.6856037457e-06      0.0000000000  4.9328257187e-08  5.0169852988e-08    0.016541666667    0.016541666667
 4.9211142498e-08  9.2118179201e-12  9.6852738794e-06      0.0000000000  4.9078146144e-08  4.8556316189e-08    0.016558333333    0.016558333333
 4.8929321254e-08  7.0154524536e-12  9.6849437441e-06      0.0000000000  4.8828035101e-08  4.9522941502e-08    0.016575000000    0.016575000000
 4.8947856488e-08  2.5654381619e-11  9.6846037497e-06      0.0000000000  4.8577469310e-08  4.9933734855e-08    0.016591666667    0.016591666667
 4.8724129087e-08  2.7481809983e-11  9.6842738764e-06      0.0000000000  4.8327358267e-08  4.7623446744e-08    0.016608333333    0.016608333333
 4.8314066319e-08  1.6434461202e-11  9.6839437482e-06      0.0000000000  4.8076792477e-08  4.6809296705e-08    0.016625000000    0.016625000000
 4.8009372568e-08  1.2653861548e-11  9.6836037467e-06      0.0000000000  4.7826681434e-08  4.7744351555e-08    0.016641666667    0.016641666667
 4.7181662974e-08 -2.7321246324e-11  9.6832738769e-06      0.0000000000  4.7576115644e-08  4.5575108575e-08    0.016658333333    0.016658333333
 4.7055245995e-08 -1.8753739366e-11  9.6829437487e-06      0.0000000000  4.7326004601e-08  4.6333554356e-08    0.016675000000    0.016675000000
 4.6552591321e-08 -3.6214344993e-11  9.6826037438e-06      0.0000000000  4.7075438810e-08  4.6750589480e-08    0.016691666667    0.016691666667
 4.6534046916e-08 -2.0175185798e-11  9.6822738845e-06      0.0000000000  4.6825327767e-08  4.6952841688e-08    0.016708333333    0.016708333333
 4.6414240686e-08 -1.1118296461e-11  9.6819437457e-06      0.0000000000  4.6574761977e-08  4.5686564258e-08    0.016725000000    0.016725000000
 4.6125572538e-08 -1.3757406265e-11  9.6816037513e-06      0.0000000000  4.6324196187e-08  4.6632043020e-08    0.016741666667    0.016741666667
 4.6197879052e-08  8.5744225432e-12  9.6812738780e-06      0.0000000000  4.6074085144e-08  4.7318496197e-08    0.016758333333    0.016758333333
 4.5972286441e-08  1.0304157051e-11  9.6809437498e-06      0.0000000000  4.5823519353e-08  4.5304762903e-08    0.016775000000    0.016775000000
 4.5816748282e-08  1.6886121153e-11  9.6806037483e-06      0.0000000000  4.5572953563e-08  4.6257222385e-08    0.016791666667    0.016791666667
 4.5657698756e-08  2.3224875094e-11  9.6802738751e-06      0.0000000000  4.5322387773e-08  4.6562927605e-08    0.016808333333    0.016808333333
 4.5491963936e-08  2.9069083392e-11  9.6799437538e-06      0.0000000000  4.5072276730e-08  4.5925292300e-08    0.016825000000    0.016825000000
 4.5182437867e-08  2.4985277112e-11  9.6796037454e-06      0.0000000000  4.4821710939e-08  4.4763002440e-08    0.016841666667    0.016841666667
 4.4558463118e-08 -8.7840422720e-13  9.6792738826e-06      0.0000000000  4.4571145149e-08  4.5058346636e-08    0.016858333333    0.016858333333
 4.4401415087e-08  5.5989806158e-12  9.6789437473e-06      0.0000000000  4.4320579359e-08  4.3815747052e-08    0.016875000000    0.016875000000
 4.4210083812e-08  9.7017815320e-12  9.6786037529e-06      0.0000000000  4.4070013568e-08  4.2981723973e-08    0.016891666667    0.016891666667
 4.4033330770e-08  1.4814324703e-11  9.6782738796e-06      0.0000000000  4.3819447778e-08  4.3033403311e-08    0.016908333333    0.016908333333
 4.3814030938e-08  1.6979920243e-11  9.6779437479e-06      0.0000000000  4.3568881988e-08  4.3345240244e-08    0.016925000000    0.016925000000
 4.3449913842e-08  9.1149380882e-12  9.6776037499e-06      0.0000000000  4.3318316197e-08  4.3369719930e-08    0.016941666667    0.016941666667
 4.3680018632e-08  4.2407954835e-11  9.6772738767e-06      0.0000000000  4.3067750407e-08  4.1819874338e-08    0.016958333333    0.016958333333
 4.3324756098e-08  3.5156272383e-11  9.6769437554e-06      0.0000000000  4.2817184617e-08  4.3795543843e-08    0.016975000000    0.016975000000
 4.3401487508e-08  5.7826083303e-11  9.6766037470e-06      0.0000000000  4.2566618826e-08  4.2024893679e-08    0.016991666667    0.016991666667
 4.3143395124e-08  5.7304763622e-11  9.6762738807e-06      0.0000000000  4.2316053036e-08  4.1756356076e-08    0.017008333333    0.017008333333
 4.2472399277e-08  2.8184227686e-11  9.6759437490e-06      0.0000000000  4.2065487245e-08  4.1656959430e-08    0.017025000000    0.017025000000
 4.2343641763e-08  3.6621118031e-11  9.6756037510e-06      0.0000000000  4.1814921455e-08  4.2651712012e-08    0.017041666667    0.017041666667
 4.1925783559e-08  2.5033828631e-11  9.6752738812e-06      0.0000000000  4.1564355665e-08  4.3039000465e-08    0.017058333333    0.017058333333
 4.1632978046e-08  2.2139647159e-11  9.6749437460e-06      0.0000000000  4.1313335127e-08  4.2419791745e-08    0.017075000000    0.017075000000
 4.1259590644e-08  1.3632569457e-11  9.6746037585e-06      0.0000000000  4.1062769337e-08  4.1840454884e-08    0.017091666667    0.017091666667
 4.1467775447e-08  4.5407327075e-11  9.6742738783e-06      0.0000000000  4.0812203546e-08  4.0953211676e-08    0.017108333333    0.017108333333
 4.1170998720e-08  4.2206587237e-11  9.6739437535e-06      0.0000000000  4.0561637756e-08  4.0820357886e-08    0.017125000000    0.017125000000
 4.1048481635e-08  5.1107210190e-11  9.6736037486e-06      0.0000000000  4.0310617218e-08  3.9617551550e-08    0.017141666667    0.017141666667
 4.0721393927e-08  4.5807019999e-11  9.6732738823e-06      0.0000000000  4.0060051428e-08  3.9965471258e-08    0.017158333333    0.017158333333
 4.0535066808e-08  5.0287924745e-11  9.6729437540e-06      0.0000000000  3.9809030890e-08  4.0146859919e-08    0.017175000000    0.017175000000
 4.0103483230e-08  3.7749965289e-11  9.6726037491e-06      0.0000000000  3.9558465100e-08  3.9482339409e-08    0.017191666667    0.017191666667
 3.9738622820e-08  2.9833498530e-11  9.6722738863e-06      0.0000000000  3.9307899310e-08  4.1063330960e-08    0.017208333333    0.017208333333
 3.9402347386e-08  2.3928430065e-11  9.6719437476e-06      0.0000000000  3.9056878772e-08  3.8609796591e-08    0.017225000000    0.017225000000
 3.8987244144e-08  1.2531959410e-11  9.6716037566e-06      0.0000000000  3.8806312982e-08  3.7967004357e-08    0.017241666667    0.017241666667
 3.8787681670e-08  1.6096134705e-11  9.6712738799e-06      0.0000000000  3.8555292444e-08  3.8666051131e-08    0.017258333333    0.017258333333
 3.8435461057e-08  9.0551467936e-12  9.6709437551e-06      0.0000000000  3.8304726654e-08  3.8922183805e-08    0.017275000000    0.017275000000
 3.8151745765e-08  6.7905876047e-12  9.6706037502e-06      0.0000000000  3.8053706116e-08  3.7799357024e-08    0.017291666667    0.017291666667
 3.8072764042e-08  1.8675132785e-11  9.6702738804e-06      0.0000000000  3.7803140326e-08  3.7418876346e-08    0.017308333333    0.017308333333
 3.7791031275e-08  1.6547890548e-11  9.6699437591e-06      0.0000000000  3.7552119788e-08  3.9174967621e-08    0.017325000000    0.017325000000
 3.7862415232e-08  3.8878814642e-11  9.6696037472e-06      0.0000000000  3.7301099250e-08  3.7491230564e-08    0.017341666667    0.017341666667
 3.7305681460e-08  1.7672491264e-11  9.6692738879e-06      0.0000000000  3.7050533460e-08  3.7113925799e-08    0.017358333333    0.017358333333
 3.7291061797e-08  3.4046487542e-11  9.6689437492e-06      0.0000000000  3.6799512922e-08  3.8019831427e-08    0.017375000000    0.017375000000
 3.6836878261e-08  1.9974669170e-11  9.6686037583e-06      0.0000000000  3.6548492385e-08  3.7572813797e-08    0.017391666667    0.017391666667
 3.6613383886e-08  2.1881232687e-11  9.6682738815e-06      0.0000000000  3.6297471847e-08  3.5711728722e-08    0.017408333333    0.017408333333
 3.6380114471e-08  2.3079243386e-11  9.6679437532e-06      0.0000000000  3.6046906057e-08  3.5624611224e-08    0.017425000000    0.017425000000
 3.6230044304e-08  3.0071438303e-11  9.6676037588e-06      0.0000000000  3.5795885519e-08  3.7955589937e-08    0.017441666667    0.017441666667
 3.5635903628e-08  6.3056723383e-12  9.6672738785e-06      0.0000000000  3.5544864981e-08  3.5362975730e-08    0.017458333333    0.017458333333
 3.5180306675e-08 -7.8640445080e-12  9.6669437607e-06      0.0000000000  3.5293844443e-08  3.4378002444e-08    0.017475000000    0.017475000000
 3.5034098957e-08 -6.0432211776e-13  9.6666037488e-06      0.0000000000  3.5042823906e-08  3.3428986154e-08    0.017491666667    0.017491666667
 3.4654138250e-08 -9.5351936778e-12  9.6662738895e-06      0.0000000000  3.4791803368e-08  3.3680071957e-08    0.017508333333    0.017508333333
 3.4365726353e-08 -1.2125057096e-11  9.6659437543e-06      0.0000000000  3.4540782830e-08  3.3273445024e-08    0.017525000000    0.017525000000
 3.3905105224e-08 -2.6642766929e-11  9.6656037564e-06      0.0000000000  3.4289762293e-08  3.4181331667e-08    0.017541666667    0.017541666667
 3.3515600612e-08 -3.6234684517e-11  9.6652738866e-06      0.0000000000  3.4038741755e-08  3.4182903901e-08    0.017558333333    0.017558333333
 3.3539300849e-08 -1.7206510712e-11  9.6649437513e-06      0.0000000000  3.3787721217e-08  3.4170671919e-08    0.017575000000    0.017575000000
 3.3367085189e-08 -1.1748194266e-11  9.6646037604e-06      0.0000000000  3.3536700680e-08  3.3456107194e-08    0.017591666667    0.017591666667
 3.3409352222e-08  8.5659842545e-12  9.6642738801e-06      0.0000000000  3.3285680142e-08  3.4303242707e-08    0.017608333333    0.017608333333
 3.3357667902e-08  2.2372745734e-11  9.6639437623e-06      0.0000000000  3.3034659604e-08  3.2482422550e-08    0.017625000000    0.017625000000
 3.3176954641e-08  2.7242486932e-11  9.6636037504e-06      0.0000000000  3.2783639067e-08  3.2015296044e-08    0.017641666667    0.017641666667
 3.2719790639e-08  1.2964230474e-11  9.6632738876e-06      0.0000000000  3.2532618529e-08  3.4128724710e-08    0.017658333333    0.017658333333
 3.2475106497e-08  1.3403112656e-11  9.6629437594e-06      0.0000000000  3.2281597991e-08  3.2856488512e-08    0.017675000000    0.017675000000
 3.2293423368e-08  1.8237174702e-11  9.6626037545e-06      0.0000000000  3.2030122706e-08  3.1660757231e-08    0.017691666667    0.017691666667
 3.2254672749e-08  3.2939771989e-11  9.6622738882e-06      0.0000000000  3.1779102168e-08  3.1366670822e-08    0.017708333333    0.017708333333
 3.1983497593e-08  3.1543788787e-11  9.6619437529e-06      0.0000000000  3.1528081631e-08  3.0927608698e-08    0.017725000000    0.017725000000
 3.1868190538e-08  4.0943804995e-11  9.6616037620e-06      0.0000000000  3.1277061093e-08  2.9889776898e-08    0.017741666667    0.017741666667
 3.1486133504e-08  3.1899231605e-11  9.6612738817e-06      0.0000000000  3.1025585808e-08  3.0696899050e-08    0.017758333333    0.017758333333
 3.1419530021e-08  4.4672636755e-11  9.6609437605e-06      0.0000000000  3.0774565270e-08  3.1225201188e-08    0.017775000000    0.017775000000
 3.1062683357e-08  3.7342729102e-11  9.6606037590e-06      0.0000000000  3.0523544733e-08  3.1135568116e-08    0.017791666667    0.017791666667
 3.0614994612e-08  2.3752261362e-11  9.6602738857e-06      0.0000000000  3.0272069448e-08  2.8552230091e-08    0.017808333333    0.017808333333
 3.0174976775e-08  1.0661611475e-11  9.6599437610e-06      0.0000000000  3.0021048910e-08  3.0468327641e-08    0.017825000000    0.017825000000
 2.9724973392e-08 -3.0891765824e-12  9.6596037561e-06      0.0000000000  2.9769573625e-08  2.9837122774e-08    0.017841666667    0.017841666667
 2.9422650426e-08 -6.6425719550e-12  9.6592738898e-06      0.0000000000  2.9518553087e-08  2.9673531805e-08    0.017858333333    0.017858333333
 2.8922500931e-08 -2.3866664618e-11  9.6589437545e-06      0.0000000000  2.9267077802e-08  3.0592172530e-08    0.017875000000    0.017875000000
 2.8849424853e-08 -1.1541575258e-11  9.6586037636e-06      0.0000000000  2.9016057264e-08  2.9619321169e-08    0.017891666667    0.017891666667
 2.8412068480e-08 -2.4416384797e-11  9.6582738868e-06      0.0000000000  2.8764581979e-08  2.9878692646e-08    0.017908333333    0.017908333333
 2.8418531976e-08 -6.5820912088e-12  9.6579437586e-06      0.0000000000  2.8513561442e-08  2.6017772827e-08    0.017925000000    0.017925000000
 2.7786730302e-08 -3.2924899278e-11  9.6576037606e-06      0.0000000000  2.8262086157e-08  2.6664920149e-08    0.017941666667    0.017941666667
 2.7903540806e-08 -7.4160675346e-12  9.6572738873e-06      0.0000000000  2.8010610872e-08  2.9446737020e-08    0.017958333333    0.017958333333
 2.7608450046e-08 -1.0468533628e-11  9.6569437626e-06      0.0000000000  2.7759590334e-08  2.5545473671e-08    0.017975000000    0.017975000000
 2.7406681433e-08 -7.0256662639e-12  9.6566037542e-06      0.0000000000  2.7508115049e-08  2.5318002826e-08    0.017991666667    0.017991666667
 2.7269978363e-08  9.2388054110e-13  9.6562738914e-06      0.0000000000  2.7256639764e-08  2.7371152032e-08    0.018008333333    0.018008333333
 2.7009582334e-08  3.0599693723e-13  9.6559437596e-06      0.0000000000  2.7005164479e-08  2.6652656722e-08    0.018025000000    0.018025000000
 2.7333836213e-08  4.0151624226e-11  9.6556037617e-06      0.0000000000  2.6754143941e-08  2.6581528846e-08    0.018041666667    0.018041666667
 2.6837511227e-08  2.3192431138e-11  9.6552738884e-06      0.0000000000  2.6502668656e-08  2.6406570624e-08    0.018058333333    0.018058333333
 2.6758543437e-08  3.5140936282e-11  9.6549437602e-06      0.0000000000  2.6251193371e-08  2.7975770419e-08    0.018075000000    0.018075000000
 2.6626043746e-08  4.3381624636e-11  9.6546037622e-06      0.0000000000  2.5999718086e-08  2.4528772698e-08    0.018091666667    0.018091666667
 2.6057118556e-08  2.1393873664e-11  9.6542738855e-06      0.0000000000  2.5748242801e-08  2.5308490809e-08    0.018108333333    0.018108333333
 2.5814876519e-08  2.2033402500e-11  9.6539437642e-06      0.0000000000  2.5496767516e-08  2.5746530981e-08    0.018125000000    0.018125000000
 2.5566499611e-08  2.2248007544e-11  9.6536037593e-06      0.0000000000  2.5245292231e-08  2.5736783129e-08    0.018141666667    0.018141666667
 2.5240610808e-08  1.7093852881e-11  9.6532738930e-06      0.0000000000  2.4993816946e-08  2.6094089075e-08    0.018158333333    0.018158333333
 2.4730096879e-08 -8.4811874229e-13  9.6529437612e-06      0.0000000000  2.4742341661e-08  2.5275851227e-08    0.018175000000    0.018175000000
 2.4410391040e-08 -5.5740184749e-12  9.6526037633e-06      0.0000000000  2.4490866376e-08  2.4954533722e-08    0.018191666667    0.018191666667
 2.4082651435e-08 -1.0856366470e-11  9.6522738900e-06      0.0000000000  2.4239391091e-08  2.1976187574e-08    0.018208333333    0.018208333333
 2.3606433843e-08 -2.6422847356e-11  9.6519437583e-06      0.0000000000  2.3987915806e-08  2.3938713201e-08    0.018225000000    0.018225000000
 2.3417798252e-08 -2.2070338464e-11  9.6516037638e-06      0.0000000000  2.3736440521e-08  2.4802655897e-08    0.018241666667    0.018241666667
 2.3194187135e-08 -2.0140363395e-11  9.6512738871e-06      0.0000000000  2.3484965236e-08  2.2878304117e-08    0.018258333333    0.018258333333
 2.2821389987e-08 -2.8543562984e-11  9.6509437658e-06      0.0000000000  2.3233489951e-08  2.2135171897e-08    0.018275000000    0.018275000000
 2.3080040496e-08  6.7896304433e-12  9.6506037609e-06      0.0000000000  2.2982014666e-08  2.2165877631e-08    0.018291666667    0.018291666667
 2.2643162940e-08 -6.0205169391e-12  9.6502738946e-06      0.0000000000  2.2730084633e-08  2.2430563260e-08    0.018308333333    0.018308333333
 2.2719567353e-08  1.6689639871e-11  9.6499437628e-06      0.0000000000  2.2478609348e-08  2.1911317191e-08    0.018325000000    0.018325000000
 2.2512648718e-08  1.9775797767e-11  9.6496037614e-06      0.0000000000  2.2227134063e-08  2.2161428208e-08    0.018341666667    0.018341666667
 2.2222826630e-08  1.7119756768e-11  9.6492738916e-06      0.0000000000  2.1975658778e-08  2.4238491097e-08    0.018358333333    0.018358333333
 2.2018787751e-08  2.0436874683e-11  9.6489437634e-06      0.0000000000  2.1723728746e-08  2.1803163200e-08    0.018375000000    0.018375000000
 2.1771955984e-08  2.0758501820e-11  9.6486037654e-06      0.0000000000  2.1472253461e-08  2.2679463657e-08    0.018391666667    0.018391666667
 2.1782336454e-08  3.8895596991e-11  9.6482738887e-06      0.0000000000  2.1220778176e-08  2.1725258995e-08    0.018408333333    0.018408333333
 2.1371826741e-08  2.7911783575e-11  9.6479437674e-06      0.0000000000  2.0968848143e-08  2.0430036732e-08    0.018425000000    0.018425000000
 2.1166968382e-08  3.1140643765e-11  9.6476037625e-06      0.0000000000  2.0717372858e-08  1.9525546115e-08    0.018441666667    0.018441666667
 2.0759446349e-08  2.0363768107e-11  9.6472738927e-06      0.0000000000  2.0465442826e-08  1.9700724451e-08    0.018458333333    0.018458333333
 2.0452425728e-08  1.6516493297e-11  9.6469437644e-06      0.0000000000  2.0213967541e-08  2.1488936471e-08    0.018475000000    0.018475000000
 2.0139217886e-08  1.2272166273e-11  9.6466037630e-06      0.0000000000  1.9962037508e-08  1.8870584790e-08    0.018491666667    0.018491666667
 2.0027299578e-08  2.1938397053e-11  9.6462738932e-06      0.0000000000  1.9710562223e-08  1.8896715322e-08    0.018508333333    0.018508333333
 1.9481583836e-08  1.5897155661e-12  9.6459437615e-06      0.0000000000  1.9458632191e-08  1.9574835658e-08    0.018525000000    0.018525000000
 1.9346509001e-08  9.6520399324e-12  9.6456037705e-06      0.0000000000  1.9207156906e-08  1.8433330734e-08    0.018541666667    0.018541666667
 1.9065695662e-08  7.6514756043e-12  9.6452738903e-06      0.0000000000  1.8955226873e-08  1.7474849595e-08    0.018558333333    0.018558333333
 1.8661382273e-08 -2.9031575640e-12  9.6449437655e-06      0.0000000000  1.8703296841e-08  1.7636082213e-08    0.018575000000    0.018575000000
 1.8572658431e-08  8.3696075286e-12  9.6446037641e-06      0.0000000000  1.8451821556e-08  1.8768641124e-08    0.018591666667    0.018591666667
 1.8331726163e-08  9.1313532002e-12  9.6442738943e-06      0.0000000000  1.8199891524e-08  1.7737915822e-08    0.018608333333    0.018608333333
 1.8008301640e-08  4.1793812155e-12  9.6439437660e-06      0.0000000000  1.7947961491e-08  1.7402448209e-08    0.018625000000    0.018625000000
 1.7914487914e-08  1.5131099582e-11  9.6436037646e-06      0.0000000000  1.7696031459e-08  1.8895253144e-08    0.018641666667    0.018641666667
 1.7648098890e-08  1.4098119046e-11  9.6432738983e-06      0.0000000000  1.7444556174e-08  1.8721191095e-08    0.018658333333    0.018658333333
 1.7267411741e-08  5.1799264162e-12  9.6429437631e-06      0.0000000000  1.7192626141e-08  1.6777202110e-08    0.018675000000    0.018675000000
 1.7216858996e-08  1.9128059828e-11  9.6426037687e-06      0.0000000000  1.6940696109e-08  1.7479644909e-08    0.018691666667    0.018691666667
 1.6564015062e-08 -8.6407152657e-12  9.6422738919e-06      0.0000000000  1.6688766077e-08  1.7518589150e-08    0.018708333333    0.018708333333
 1.6486153710e-08  3.4159233992e-12  9.6419437671e-06      0.0000000000  1.6436836044e-08  1.6620057301e-08    0.018725000000    0.018725000000
 1.5816559048e-08 -2.5513068901e-11  9.6416037657e-06      0.0000000000  1.6184906012e-08  1.5950175472e-08    0.018741666667    0.018741666667
 1.5660780211e-08 -1.8853282548e-11  9.6412738924e-06      0.0000000000  1.5932975979e-08  1.7163264219e-08    0.018758333333    0.018758333333
 1.5529534714e-08 -1.0494226675e-11  9.6409437711e-06      0.0000000000  1.5681045947e-08  1.4857850035e-08    0.018775000000    0.018775000000
 1.5058733814e-08 -2.5654029961e-11  9.6406037627e-06      0.0000000000  1.5429115915e-08  1.4433771302e-08    0.018791666667    0.018791666667
 1.5253033256e-08  5.2534687628e-12  9.6402738999e-06      0.0000000000  1.5177185882e-08  1.5379438733e-08    0.018808333333    0.018808333333
 1.4698063507e-08 -1.5736179386e-11  9.6399437647e-06      0.0000000000  1.4925255850e-08  1.3279861450e-08    0.018825000000    0.018825000000
 1.4901925556e-08  1.5833660808e-11  9.6396037703e-06      0.0000000000  1.4673325818e-08  1.3515240634e-08    0.018841666667    0.018841666667
 1.4725723512e-08  2.1078860480e-11  9.6392738935e-06      0.0000000000  1.4421395785e-08  1.5108794336e-08    0.018858333333    0.018858333333
 1.4808802798e-08  4.4282841187e-11  9.6389437687e-06      0.0000000000  1.4169465753e-08  1.5073026008e-08    0.018875000000    0.018875000000
 1.4385125329e-08  3.2386980421e-11  9.6386037708e-06      0.0000000000  1.3917535720e-08  1.3342153370e-08    0.018891666667    0.018891666667
 1.4285691867e-08  4.2949455195e-11  9.6382738905e-06      0.0000000000  1.3665605688e-08  1.2368688838e-08    0.018908333333    0.018908333333
 1.4059278270e-08  4.4748315028e-11  9.6379437727e-06      0.0000000000  1.3413220908e-08  1.4136964928e-08    0.018925000000    0.018925000000
 1.3781091107e-08  4.2929649396e-11  9.6376037643e-06      0.0000000000  1.3161290876e-08  1.2712646516e-08    0.018941666667    0.018941666667
 1.3428787723e-08  3.5977420976e-11  9.6372739015e-06      0.0000000000  1.2909360843e-08  1.4373696233e-08    0.018958333333    0.018958333333
 1.3103946845e-08  3.0927346947e-11  9.6369437663e-06      0.0000000000  1.2657430811e-08  1.3901554301e-08    0.018975000000    0.018975000000
 1.2833802553e-08  2.9697257610e-11  9.6366037684e-06      0.0000000000  1.2405046031e-08  1.3444883153e-08    0.018991666667    0.018991666667
 1.2120171534e-08 -2.2818550985e-12  9.6362738986e-06      0.0000000000  1.2153115999e-08  1.2362148344e-08    0.019008333333    0.019008333333
 1.1957607227e-08  3.9079445543e-12  9.6359437668e-06      0.0000000000  1.1901185966e-08  1.2777642678e-08    0.019025000000    0.019025000000
 1.1503089232e-08 -1.0092547288e-11  9.6356037724e-06      0.0000000000  1.1648801187e-08  1.1364785852e-08    0.019041666667    0.019041666667
 1.1273390556e-08 -8.5527215722e-12  9.6352738921e-06      0.0000000000  1.1396871154e-08  1.0327347111e-08    0.019058333333    0.019058333333
 1.1208142835e-08  4.4090811372e-12  9.6349437744e-06      0.0000000000  1.1144486375e-08  9.1668338754e-09    0.019075000000    0.019075000000
 1.0825923638e-08 -4.6152267763e-12  9.6346037659e-06      0.0000000000  1.0892556342e-08  1.0660440650e-08    0.019091666667    0.019091666667
 1.0578823119e-08 -4.2492193698e-12  9.6342738996e-06      0.0000000000  1.0640171562e-08  9.9570073432e-09    0.019108333333    0.019108333333
 1.0675437544e-08  1.9892254889e-11  9.6339437714e-06      0.0000000000  1.0388241530e-08  8.7549556802e-09    0.019125000000    0.019125000000
 1.0469669453e-08  2.3121098667e-11  9.6336037700e-06      0.0000000000  1.0135856750e-08  1.0367297582e-08    0.019141666667    0.019141666667
 1.0312892942e-08  2.9711782392e-11  9.6332739002e-06      0.0000000000  9.8839267180e-09  1.0067959911e-08    0.019158333333    0.019158333333
 1.0068888314e-08  3.0292222618e-11  9.6329437684e-06      0.0000000000  9.6315419382e-09  8.3642712021e-09    0.019175000000    0.019175000000
 9.6495884298e-09  1.8699569526e-11  9.6326037740e-06      0.0000000000  9.3796119058e-09  8.6337678675e-09    0.019191666667    0.019191666667
 9.4120318158e-09  1.9726622960e-11  9.6322738937e-06      0.0000000000  9.1272271261e-09  1.0425375913e-08    0.019208333333    0.019208333333
 9.5086903454e-09  4.3902649580e-11  9.6319437725e-06      0.0000000000  8.8748423463e-09  1.1571974876e-08    0.019225000000    0.019225000000
 8.9372651288e-09  2.1804732535e-11  9.6316037675e-06      0.0000000000  8.6224575666e-09  9.2476309913e-09    0.019241666667    0.019241666667
 8.5295018265e-09  1.1011145663e-11  9.6312738977e-06      0.0000000000  8.3705275342e-09  1.0133270520e-08    0.019258333333    0.019258333333
 8.0423320277e-09 -5.2509304689e-12  9.6309437730e-06      0.0000000000  8.1181427545e-09  9.6613015335e-09    0.019275000000    0.019275000000
 7.4438691323e-09 -2.9221576845e-11  9.6306037716e-06      0.0000000000  7.8657579747e-09  7.7143881926e-09    0.019291666667    0.019291666667
 7.5666261799e-09 -3.2378706359e-12  9.6302739018e-06      0.0000000000  7.6133731950e-09  6.4758764184e-09    0.019308333333    0.019308333333
 7.2315817133e-09 -8.9946828147e-12  9.6299437665e-06      0.0000000000  7.3614431626e-09  8.7953463770e-09    0.019325000000    0.019325000000
 6.9457297889e-09 -1.1312740654e-11  9.6296037756e-06      0.0000000000  7.1090583829e-09  7.7109764444e-09    0.019341666667    0.019341666667
 6.9798567727e-09  8.5321205373e-12  9.6292738953e-06      0.0000000000  6.8566736031e-09  5.6054718390e-09    0.019358333333    0.019358333333
 6.6114452637e-09  4.9568144693e-13  9.6289437741e-06      0.0000000000  6.6042888234e-09  6.7134095624e-09    0.019375000000    0.019375000000
 6.3049927196e-09 -3.2492512750e-12  9.6286037726e-06      0.0000000000  6.3519040436e-09  4.3248870774e-09    0.019391666667    0.019391666667
 6.4093221760e-09  2.1458092015e-11  9.6282738993e-06      0.0000000000  6.0995192639e-09  4.7433057669e-09    0.019408333333    0.019408333333
 5.8669337282e-09  1.3713686450e-12  9.6279437746e-06      0.0000000000  5.8471344841e-09  5.9950714755e-09    0.019425000000    0.019425000000
 5.7018514741e-09  7.4182634825e-12  9.6276037697e-06      0.0000000000  5.5947497044e-09  6.4077200655e-09    0.019441666667    0.019441666667
 5.4491825199e-09  7.3985805123e-12  9.6272739034e-06      0.0000000000  5.3423649247e-09  4.4120831865e-09    0.019458333333    0.019458333333
 5.0423383588e-09 -3.2998457749e-12  9.6269437681e-06      0.0000000000  5.0899801449e-09  5.1318991735e-09    0.019475000000    0.019475000000
 4.6841274991e-09 -1.0629750284e-11  9.6266037772e-06      0.0000000000  4.8375953652e-09  5.4707470898e-09    0.019491666667    0.019491666667
 4.4647850136e-09 -8.3096216697e-12  9.6262739004e-06      0.0000000000  4.5847558381e-09  5.7286092221e-09    0.019508333333    0.019508333333
 4.4042368373e-09  4.9776888386e-12  9.6259437722e-06      0.0000000000  4.3323710583e-09  2.8205576658e-09    0.019525000000    0.019525000000
 4.1346074133e-09  3.7832611952e-12  9.6256037742e-06      0.0000000000  4.0799862786e-09  4.7692161867e-09    0.019541666667    0.019541666667
 3.9954820684e-09  1.1628027268e-11  9.6252738975e-06      0.0000000000  3.8276014989e-09  4.0566953664e-09    0.019558333333    0.019558333333
 3.7310542328e-09  1.0793880813e-11  9.6249437762e-06      0.0000000000  3.5752167191e-09  3.7627347367e-09    0.019575000000    0.019575000000
 3.4959910233e-09  1.2025134115e-11  9.6246037678e-06      0.0000000000  3.3223771920e-09  3.0910133941e-09    0.019591666667    0.019591666667
 3.2420021674e-09  1.1914029886e-11  9.6242739050e-06      0.0000000000  3.0699924123e-09  3.4510550275e-09    0.019608333333    0.019608333333
 3.1266858187e-09  2.1407894825e-11  9.6239437732e-06      0.0000000000  2.8176076325e-09  2.7213654097e-09    0.019625000000    0.019625000000
 2.8630395232e-09  2.0659378196e-11  9.6236037753e-06      0.0000000000  2.5647681054e-09  2.5904297449e-09    0.019641666667    0.019641666667
 2.4950886438e-09  1.2654844015e-11  9.6232739020e-06      0.0000000000  2.3123833257e-09  2.6271256913e-09    0.019658333333    0.019658333333
 2.0428430702e-09 -1.1882515097e-12  9.6229437738e-06      0.0000000000  2.0599985460e-09  1.5576919837e-09    0.019675000000    0.019675000000
 1.7603988628e-09 -3.2387808273e-12  9.6226037758e-06      0.0000000000  1.8071590189e-09  1.0914459296e-09    0.019691666667    0.019691666667
 1.5599389680e-09  3.5772816478e-13  9.6222738956e-06      0.0000000000  1.5547742391e-09  2.1774038187e-09    0.019708333333    0.019708333333
 1.2209431177e-09 -5.6097764602e-12  9.6219437778e-06      0.0000000000  1.3019347120e-09  1.5622200182e-09    0.019725000000    0.019725000000
 8.6788227931e-10 -1.2582971502e-11  9.6216037729e-06      0.0000000000  1.0495499323e-09  1.0581931761e-09    0.019741666667    0.019741666667
 6.2679695147e-10 -1.1768832321e-11  9.6212739031e-06      0.0000000000  7.9671040520e-10  4.9151280085e-10    0.019758333333    0.019758333333
 5.3803574259e-10 -4.3566047947e-13  9.6209437748e-06      0.0000000000  5.4432562546e-10  7.0106866340e-11    0.019775000000    0.019775000000
 5.3498453467e-10  1.6865599541e-11  9.6206037769e-06      0.0000000000  2.9148609837e-10  1.5506483744e-09    0.019791666667    0.019791666667
-2.3170039546e-11 -4.2816463994e-12  9.6202739036e-06      0.0000000000  3.8646571273e-11 -7.3956954051e-11    0.019808333333    0.019808333333
 1.2814390978e-10  2.3680016120e-11  9.6199437719e-06      0.0000000000 -2.1373820847e-10  3.2914817429e-10    0.019825000000    0.019825000000
-3.6571194664e-10  6.9863364599e-12  9.6196037774e-06      0.0000000000 -4.6657773556e-10 -2.9252895351e-10    0.019841666667    0.019841666667
-4.4969906569e-10  1.8650179366e-11  9.6192739007e-06      0.0000000000 -7.1896251530e-10 -6.8893636413e-10    0.019858333333    0.019858333333
-7.3444161204e-10  1.6440458617e-11  9.6189437794e-06      0.0000000000 -9.7180204240e-10 -4.4009885618e-10    0.019875000000    0.019875000000
-8.2427208228e-10  2.7731066952e-11  9.6186037745e-06      0.0000000000 -1.2246415695e-09 -1.2848445733e-09    0.019891666667    0.019891666667
-1.0440329819e-09  3.0022214658e-11  9.6182739047e-06      0.0000000000 -1.4774810966e-09 -1.6789250773e-09    0.019908333333    0.019908333333
-7.1990513767e-10  6.9985102230e-11  9.6179437764e-06      0.0000000000 -1.7303206237e-09 -2.2727893820e-09    0.019925000000    0.019925000000
-1.0325377074e-09  6.5812118147e-11  9.6176037750e-06      0.0000000000 -1.9827054034e-09 -1.4403228140e-09    0.019941666667    0.019941666667
-1.3574731310e-09  6.0818490513e-11  9.6172739052e-06      0.0000000000 -2.2355449305e-09 -2.2126514235e-09    0.019958333333    0.019958333333
-1.3121106650e-09  8.1473060111e-11  9.6169437735e-06      0.0000000000 -2.4883844576e-09 -3.3100080107e-09    0.019975000000    0.019975000000
-1.7838210288e-09  6.6313258920e-11  9.6166037825e-06      0.0000000000 -2.7412239847e-09 -2.5178692501e-09    0.019991666667    0.019991666667
-2.0757474208e-09  6.3605958537e-11  9.6162739023e-06      0.0000000000 -2.9940635118e-09 -2.9142137714e-09    0.020008333333    0.020008333333
-2.4728266946e-09  5.3615381828e-11  9.6159437810e-06      0.0000000000 -3.2469030389e-09 -1.7389058123e-09    0.020025000000    0.020025000000
-2.7779312631e-09  4.9995312347e-11  9.6156037761e-06      0.0000000000 -3.4997425660e-09 -3.6261371427e-09    0.020041666667    0.020041666667
-3.0016833959e-09  5.2010012528e-11  9.6152739028e-06      0.0000000000 -3.7525820931e-09 -3.8911372183e-09    0.020058333333    0.020058333333
-3.5256482409e-09  3.3230873300e-11  9.6149437781e-06      0.0000000000 -4.0054216202e-09 -4.2286487355e-09    0.020075000000    0.020075000000
-3.6255214531e-09  4.3825884294e-11  9.6146037766e-06      0.0000000000 -4.2582611473e-09 -3.7780306894e-09    0.020091666667    0.020091666667
-3.5837053545e-09  6.4234819403e-11  9.6142739068e-06      0.0000000000 -4.5111006743e-09 -4.2280670088e-09    0.020108333333    0.020108333333
-3.5739428284e-09  8.2423605890e-11  9.6139437751e-06      0.0000000000 -4.7639402014e-09 -4.4954568804e-09    0.020125000000    0.020125000000
-3.8383615603e-09  8.1621587468e-11  9.6136037841e-06      0.0000000000 -5.0167797285e-09 -4.6605414722e-09    0.020141666667    0.020141666667
-4.0179838216e-09  8.6692885273e-11  9.6132739039e-06      0.0000000000 -5.2696192556e-09 -4.3557953158e-09    0.020158333333    0.020158333333
-4.3007026774e-09  8.4654830268e-11  9.6129437791e-06      0.0000000000 -5.5229135301e-09 -5.2682886049e-09    0.020175000000    0.020175000000
-4.8584198672e-09  6.3537879186e-11  9.6126037777e-06      0.0000000000 -5.7757530572e-09 -6.5426944861e-09    0.020191666667    0.020191666667
-5.0718716902e-09  6.6266016808e-11  9.6122739044e-06      0.0000000000 -6.0285925843e-09 -6.2883069914e-09    0.020208333333    0.020208333333
-5.3975576409e-09  6.1220404900e-11  9.6119437831e-06      0.0000000000 -6.2814321113e-09 -6.1009281186e-09    0.020225000000    0.020225000000
-5.5396014262e-09  6.8926023990e-11  9.6116037747e-06      0.0000000000 -6.5347263858e-09 -5.6082528075e-09    0.020241666667    0.020241666667
-5.9085219063e-09  6.0885829163e-11  9.6112739119e-06      0.0000000000 -6.7875659129e-09 -7.5387520233e-09    0.020258333333    0.020258333333
-6.2108394516e-09  5.7458799187e-11  9.6109437767e-06      0.0000000000 -7.0404054400e-09 -6.8719360514e-09    0.020275000000    0.020275000000
-6.3024119590e-09  6.8660245083e-11  9.6106037823e-06      0.0000000000 -7.2936997144e-09 -6.9712855309e-09    0.020291666667    0.020291666667
-6.4704786678e-09  7.4531923057e-11  9.6102739055e-06      0.0000000000 -7.5465392415e-09 -7.4342141708e-09    0.020308333333    0.020308333333
-6.7722810773e-09  7.1140573281e-11  9.6099437807e-06      0.0000000000 -7.7993787686e-09 -8.4703636803e-09    0.020325000000    0.020325000000
-6.7358738845e-09  9.1206365108e-11  9.6096037828e-06      0.0000000000 -8.0526730431e-09 -7.4296232470e-09    0.020341666667    0.020341666667
-7.0745696842e-09  8.5259643089e-11  9.6092739025e-06      0.0000000000 -8.3055125701e-09 -8.7087615531e-09    0.020358333333    0.020358333333
-7.2031074551e-09  9.3900738540e-11  9.6089437882e-06      0.0000000000 -8.5588068446e-09 -8.4282278036e-09    0.020375000000    0.020375000000
-7.4582561486e-09  9.3740797160e-11  9.6086037763e-06      0.0000000000 -8.8116463717e-09 -8.7706761362e-09    0.020391666667    0.020391666667
-7.5543542623e-09  1.0462878288e-10  9.6082739100e-06      0.0000000000 -9.0649406461e-09 -8.3420222020e-09    0.020408333333    0.020408333333
-7.9842010312e-09  9.2368608638e-11  9.6079437783e-06      0.0000000000 -9.3177801732e-09 -9.5013248169e-09    0.020425000000    0.020425000000
-8.3605743944e-09  8.3843697121e-11  9.6076037839e-06      0.0000000000 -9.5710744477e-09 -1.0352406638e-08    0.020441666667    0.020441666667
-8.2984355308e-09  1.0569175935e-10  9.6072739071e-06      0.0000000000 -9.8243687221e-09 -9.6194467729e-09    0.020458333333    0.020458333333
-8.6781976408e-09  9.6900633261e-11  9.6069437788e-06      0.0000000000 -1.0077208249e-08 -1.0785321327e-08    0.020475000000    0.020475000000
-8.4115808871e-09  1.3291158812e-10  9.6066037879e-06      0.0000000000 -1.0330502524e-08 -1.1343920418e-08    0.020491666667    0.020491666667
-8.5938143434e-09  1.3783352240e-10  9.6062739041e-06      0.0000000000 -1.0583796798e-08 -1.1619218628e-08    0.020508333333    0.020508333333
-8.6058593188e-09  1.5451184092e-10  9.6059437864e-06      0.0000000000 -1.0836636325e-08 -1.0353224200e-08    0.020525000000    0.020525000000
-8.8694454780e-09  1.5379898704e-10  9.6056037779e-06      0.0000000000 -1.1089930600e-08 -1.0978533188e-08    0.020541666667    0.020541666667
-8.9991799775e-09  1.6235719265e-10  9.6052739116e-06      0.0000000000 -1.1343224874e-08 -1.1208645387e-08    0.020558333333    0.020558333333
-9.4208230303e-09  1.5069673551e-10  9.6049437834e-06      0.0000000000 -1.1596519149e-08 -1.1909468785e-08    0.020575000000    0.020575000000
-9.6895592109e-09  1.4962717216e-10  9.6046037820e-06      0.0000000000 -1.1849813423e-08 -1.1661873342e-08    0.020591666667    0.020591666667
-1.0173085367e-08  1.3364896563e-10  9.6042739122e-06      0.0000000000 -1.2102652950e-08 -1.1206790151e-08    0.020608333333    0.020608333333
-1.0336273764e-08  1.3989003096e-10  9.6039437769e-06      0.0000000000 -1.2355947224e-08 -1.2018456060e-08    0.020625000000    0.020625000000
-1.0697969232e-08  1.3238176456e-10  9.6036037895e-06      0.0000000000 -1.2609241499e-08 -1.1910427848e-08    0.020641666667    0.020641666667
-1.1095734355e-08  1.2237518092e-10  9.6032739057e-06      0.0000000000 -1.2862535773e-08 -1.2052211928e-08    0.020658333333    0.020658333333
-1.1143254742e-08  1.3662783910e-10  9.6029437880e-06      0.0000000000 -1.3115830048e-08 -1.2974846128e-08    0.020675000000    0.020675000000
-1.1241522678e-08  1.4736553493e-10  9.6026037830e-06      0.0000000000 -1.3369124322e-08 -1.2955460480e-08    0.020691666667    0.020691666667
-1.1241088417e-08  1.6493970881e-10  9.6022739097e-06      0.0000000000 -1.3622418597e-08 -1.3680512007e-08    0.020708333333    0.020708333333
-1.1295400420e-08  1.7872195465e-10  9.6019437885e-06      0.0000000000 -1.3875712871e-08 -1.5132643243e-08    0.020725000000    0.020725000000
-1.1580874504e-08  1.7649306239e-10  9.6016037801e-06      0.0000000000 -1.4129007146e-08 -1.3796873061e-08    0.020741666667    0.020741666667
-1.1497523698e-08  1.9981034198e-10  9.6012739138e-06      0.0000000000 -1.4382301420e-08 -1.4824532506e-08    0.020758333333    0.020758333333
-1.2122982018e-08  1.7403288791e-10  9.6009437785e-06      0.0000000000 -1.4635595694e-08 -1.5499854265e-08    0.020775000000    0.020775000000
-1.2037845852e-08  1.9750532559e-10  9.6006037911e-06      0.0000000000 -1.4889344716e-08 -1.4860442335e-08    0.020791666667    0.020791666667
-1.2551407768e-08  1.7947822905e-10  9.6002739073e-06      0.0000000000 -1.5142638991e-08 -1.4589514936e-08    0.020808333333    0.020808333333
-1.3115048732e-08  1.5798247300e-10  9.5999437861e-06      0.0000000000 -1.5395933265e-08 -1.5407658451e-08    0.020825000000    0.020825000000
-1.3065508784e-08  1.7895788785e-10  9.5996037881e-06      0.0000000000 -1.5649227540e-08 -1.6592478427e-08    0.020841666667    0.020841666667
-1.3880898556e-08  1.4002508115e-10  9.5992739079e-06      0.0000000000 -1.5902521814e-08 -1.5656055733e-08    0.020858333333    0.020858333333
-1.3936904502e-08  1.5372149568e-10  9.5989437901e-06      0.0000000000 -1.6156270836e-08 -1.5666778370e-08    0.020875000000    0.020875000000
-1.4274137169e-08  1.4790761313e-10  9.5986037817e-06      0.0000000000 -1.6409565110e-08 -1.6576677473e-08    0.020891666667    0.020891666667
-1.4127391804e-08  1.7561583358e-10  9.5982739154e-06      0.0000000000 -1.6662859385e-08 -1.5872536661e-08    0.020908333333    0.020908333333
-1.4046501767e-08  1.9879416871e-10  9.5979437836e-06      0.0000000000 -1.6916608407e-08 -1.6732988998e-08    0.020925000000    0.020925000000
-1.4073698339e-08  2.1445452922e-10  9.5976037892e-06      0.0000000000 -1.7169902681e-08 -1.7730618769e-08    0.020941666667    0.020941666667
-1.4249397481e-08  2.1982905425e-10  9.5972739124e-06      0.0000000000 -1.7423196955e-08 -1.7877937114e-08    0.020958333333    0.020958333333
-1.4508108267e-08  2.1948538414e-10  9.5969437842e-06      0.0000000000 -1.7676945977e-08 -1.7353848564e-08    0.020975000000    0.020975000000
-1.4508524194e-08  2.3700067089e-10  9.5966037897e-06      0.0000000000 -1.7930240252e-08 -1.8893521801e-08    0.020991666667    0.020991666667
-1.4883488129e-08  2.2860487907e-10  9.5962739095e-06      0.0000000000 -1.8183989273e-08 -1.9114467874e-08    0.021008333333    0.021008333333
-1.5257347801e-08  2.2025407509e-10  9.5959437917e-06      0.0000000000 -1.8437283548e-08 -1.7769374342e-08    0.021025000000    0.021025000000
-1.5538383897e-08  2.1836407175e-10  9.5956037833e-06      0.0000000000 -1.8691032570e-08 -1.8065237376e-08    0.021041666667    0.021041666667
-1.6076360521e-08  1.9864592250e-10  9.5952739170e-06      0.0000000000 -1.8944326844e-08 -1.7761183002e-08    0.021058333333    0.021058333333
-1.6094851334e-08  2.1494077350e-10  9.5949437887e-06      0.0000000000 -1.9198075866e-08 -1.8525477495e-08    0.021075000000    0.021075000000
-1.6488735037e-08  2.0520303129e-10  9.5946037873e-06      0.0000000000 -1.9451370140e-08 -1.9157924427e-08    0.021091666667    0.021091666667
-1.6683638461e-08  2.0927889433e-10  9.5942739140e-06      0.0000000000 -1.9705119162e-08 -1.8999600442e-08    0.021108333333    0.021108333333
-1.7032524452e-08  2.0268935711e-10  9.5939437858e-06      0.0000000000 -1.9958868184e-08 -1.9636449630e-08    0.021125000000    0.021125000000
-1.7107874191e-08  2.1501445171e-10  9.5936037913e-06      0.0000000000 -2.0212162458e-08 -2.0574538892e-08    0.021141666667    0.021141666667
-1.7486813328e-08  2.0634332274e-10  9.5932739076e-06      0.0000000000 -2.0465911480e-08 -2.0544116160e-08    0.021158333333    0.021158333333
-1.7432269224e-08  2.2769684142e-10  9.5929437933e-06      0.0000000000 -2.0719660502e-08 -2.1240238578e-08    0.021175000000    0.021175000000
-1.7534597040e-08  2.3818483242e-10  9.5926037884e-06      0.0000000000 -2.0973409524e-08 -2.1289496676e-08    0.021191666667    0.021191666667
-1.7758658823e-08  2.4020958258e-10  9.5922739151e-06      0.0000000000 -2.1226703798e-08 -2.1181437019e-08    0.021208333333    0.021208333333
-1.7854417323e-08  2.5115258866e-10  9.5919437903e-06      0.0000000000 -2.1480452820e-08 -2.1884131375e-08    0.021225000000    0.021225000000
-1.8547976407e-08  2.2068972208e-10  9.5916037889e-06      0.0000000000 -2.1734201842e-08 -2.1165636065e-08    0.021241666667    0.021241666667
-1.8613451446e-08  2.3373027236e-10  9.5912739156e-06      0.0000000000 -2.1987950864e-08 -2.1705871461e-08    0.021258333333    0.021258333333
-1.9143009269e-08  2.1462673780e-10  9.5909437874e-06      0.0000000000 -2.2241699885e-08 -2.2466439758e-08    0.021275000000    0.021275000000
-1.9062765823e-08  2.3776028762e-10  9.5906037929e-06      0.0000000000 -2.2495448907e-08 -2.3084689416e-08    0.021291666667    0.021291666667
-1.9483839215e-08  2.2617078479e-10  9.5902739127e-06      0.0000000000 -2.2749197929e-08 -2.3298749103e-08    0.021308333333    0.021308333333
-1.9343187842e-08  2.5345691293e-10  9.5899437914e-06      0.0000000000 -2.3002492203e-08 -2.3520497015e-08    0.021325000000    0.021325000000
-1.9741388726e-08  2.4345164429e-10  9.5896037900e-06      0.0000000000 -2.3256241225e-08 -2.3403648569e-08    0.021341666667    0.021341666667
-1.9673878591e-08  2.6570323804e-10  9.5892739167e-06      0.0000000000 -2.3509990247e-08 -2.3449086138e-08    0.021358333333    0.021358333333
-2.0029475774e-08  2.5864885888e-10  9.5889437919e-06      0.0000000000 -2.3763739269e-08 -2.4126436079e-08    0.021375000000    0.021375000000
-2.0489160012e-08  2.4441652396e-10  9.5886037870e-06      0.0000000000 -2.4017943038e-08 -2.3099688530e-08    0.021391666667    0.021391666667
-2.0599167305e-08  2.5437260608e-10  9.5882739172e-06      0.0000000000 -2.4271692060e-08 -2.3362267365e-08    0.021408333333    0.021408333333
-2.1293801815e-08  2.2383525153e-10  9.5879437890e-06      0.0000000000 -2.4525441082e-08 -2.5155086031e-08    0.021425000000    0.021425000000
-2.1167722778e-08  2.5014354337e-10  9.5876037945e-06      0.0000000000 -2.4779190103e-08 -2.4432235632e-08    0.021441666667    0.021441666667
-2.1536586843e-08  2.4217025101e-10  9.5872739143e-06      0.0000000000 -2.5032939125e-08 -2.4938557936e-08    0.021458333333    0.021458333333
-2.1708421913e-08  2.4784391337e-10  9.5869437930e-06      0.0000000000 -2.5286688147e-08 -2.5170871263e-08    0.021475000000    0.021475000000
-2.1807144581e-08  2.5858161025e-10  9.5866037916e-06      0.0000000000 -2.5540437169e-08 -2.5585422256e-08    0.021491666667    0.021491666667
-2.1770490737e-08  2.7872748105e-10  9.5862739148e-06      0.0000000000 -2.5794640938e-08 -2.5836209334e-08    0.021508333333    0.021508333333
-2.1978521305e-08  2.8189410970e-10  9.5859437935e-06      0.0000000000 -2.6048389960e-08 -2.5902463284e-08    0.021525000000    0.021525000000
-2.2050463595e-08  2.9448671431e-10  9.5856037921e-06      0.0000000000 -2.6302138981e-08 -2.5436028562e-08    0.021541666667    0.021541666667
-2.2043611761e-08  3.1253689050e-10  9.5852739188e-06      0.0000000000 -2.6555888003e-08 -2.6934713652e-08    0.021558333333    0.021558333333
-2.2387416110e-08  3.0633082395e-10  9.5849437906e-06      0.0000000000 -2.6810091772e-08 -2.7482542939e-08    0.021575000000    0.021575000000
-2.2626478797e-08  3.0734805366e-10  9.5846037962e-06      0.0000000000 -2.7063840794e-08 -2.7442215132e-08    0.021591666667    0.021591666667
-2.3175922496e-08  2.8689864747e-10  9.5842739159e-06      0.0000000000 -2.7318044563e-08 -2.6819861944e-08    0.021608333333    0.021608333333
-2.3498526945e-08  2.8212946668e-10  9.5839437911e-06      0.0000000000 -2.7571793585e-08 -2.7068966731e-08    0.021625000000    0.021625000000
-2.3757675116e-08  2.8175550171e-10  9.5836037932e-06      0.0000000000 -2.7825542607e-08 -2.7955093653e-08    0.021641666667    0.021641666667
-2.3966326874e-08  2.8491060197e-10  9.5832739164e-06      0.0000000000 -2.8079746376e-08 -2.7604768427e-08    0.021658333333    0.021658333333
-2.4406723734e-08  2.7198268450e-10  9.5829437952e-06      0.0000000000 -2.8333495398e-08 -2.7024126612e-08    0.021675000000    0.021675000000
-2.4482725637e-08  2.8432560279e-10  9.5826037902e-06      0.0000000000 -2.8587699167e-08 -2.7564236229e-08    0.021691666667    0.021691666667
-2.4880398027e-08  2.7435693967e-10  9.5822739239e-06      0.0000000000 -2.8841448189e-08 -2.8380257227e-08    0.021708333333    0.021708333333
-2.5064822909e-08  2.7919008269e-10  9.5819437922e-06      0.0000000000 -2.9095651958e-08 -2.8671796616e-08    0.021725000000    0.021725000000
-2.5083976344e-08  2.9543903799e-10  9.5816037943e-06      0.0000000000 -2.9349400980e-08 -2.9385056386e-08    0.021741666667    0.021741666667
-2.5431584362e-08  2.8896951536e-10  9.5812739175e-06      0.0000000000 -2.9603604749e-08 -2.9851915612e-08    0.021758333333    0.021758333333
-2.5421126291e-08  3.0730097027e-10  9.5809437962e-06      0.0000000000 -2.9857808518e-08 -3.0043869686e-08    0.021775000000    0.021775000000
-2.5580620012e-08  3.1382943991e-10  9.5806037948e-06      0.0000000000 -3.0111557540e-08 -3.0989002557e-08    0.021791666667    0.021791666667
-2.5529964255e-08  3.3494513482e-10  9.5802739145e-06      0.0000000000 -3.0365761309e-08 -3.1069092168e-08    0.021808333333    0.021808333333
-2.5727988667e-08  3.3883632426e-10  9.5799437968e-06      0.0000000000 -3.0619965078e-08 -3.1212039702e-08    0.021825000000    0.021825000000
-2.5968596494e-08  3.3974653188e-10  9.5796037918e-06      0.0000000000 -3.0873714100e-08 -3.1196223026e-08    0.021841666667    0.021841666667
-2.6078141000e-08  3.4976616578e-10  9.5792739220e-06      0.0000000000 -3.1127917869e-08 -3.1322866491e-08    0.021858333333    0.021858333333
-2.6003177944e-08  3.7256547386e-10  9.5789437938e-06      0.0000000000 -3.1382121638e-08 -3.1568732477e-08    0.021875000000    0.021875000000
-2.6657278360e-08  3.4486715759e-10  9.5786037959e-06      0.0000000000 -3.1636325407e-08 -3.1632738131e-08    0.021891666667    0.021891666667
-2.6746882465e-08  3.5626793724e-10  9.5782739191e-06      0.0000000000 -3.1890529177e-08 -3.1462716724e-08    0.021908333333    0.021908333333
-2.7174742128e-08  3.4420839220e-10  9.5779437943e-06      0.0000000000 -3.2144278198e-08 -3.1827789507e-08    0.021925000000    0.021925000000
-2.7572625041e-08  3.3425664491e-10  9.5776037964e-06      0.0000000000 -3.2398481967e-08 -3.1448425115e-08    0.021941666667    0.021941666667
-2.7542939957e-08  3.5391983367e-10  9.5772739161e-06      0.0000000000 -3.2652685737e-08 -3.2038626114e-08    0.021958333333    0.021958333333
-2.7978271207e-08  3.4137427649e-10  9.5769437984e-06      0.0000000000 -3.2906889506e-08 -3.2424279443e-08    0.021975000000    0.021975000000
-2.8045517941e-08  3.5432361013e-10  9.5766037934e-06      0.0000000000 -3.3161093275e-08 -3.3191042343e-08    0.021991666667    0.021991666667
-2.8300053917e-08  3.5430060021e-10  9.5762739201e-06      0.0000000000 -3.3415297044e-08 -3.3106361809e-08    0.022008333333    0.022008333333
-2.8635022673e-08  3.4870651941e-10  9.5759437954e-06      0.0000000000 -3.3669500813e-08 -3.3964974631e-08    0.022025000000    0.022025000000
-2.8605704971e-08  3.6834426197e-10  9.5756037975e-06      0.0000000000 -3.3923704582e-08 -3.4642073015e-08    0.022041666667    0.022041666667
-2.9024609590e-08  3.5693647383e-10  9.5752739207e-06      0.0000000000 -3.4177908351e-08 -3.4418469866e-08    0.022058333333    0.022058333333
-2.8842685332e-08  3.8714430905e-10  9.5749437924e-06      0.0000000000 -3.4432112121e-08 -3.4365548463e-08    0.022075000000    0.022075000000
-2.9110013401e-08  3.8623527168e-10  9.5746038015e-06      0.0000000000 -3.4686315890e-08 -3.5031326760e-08    0.022091666667    0.022091666667
-2.9220845480e-08  3.9616572359e-10  9.5742739177e-06      0.0000000000 -3.4940519659e-08 -3.5888445960e-08    0.022108333333    0.022108333333
-2.9323500561e-08  4.0669404197e-10  9.5739437965e-06      0.0000000000 -3.5195178175e-08 -3.5676021397e-08    0.022125000000    0.022125000000
-2.9244226984e-08  4.2979191263e-10  9.5736037950e-06      0.0000000000 -3.5449381945e-08 -3.5556610209e-08    0.022141666667    0.022141666667
-2.9366646678e-08  4.3891976361e-10  9.5732739218e-06      0.0000000000 -3.5703585714e-08 -3.6329913603e-08    0.022158333333    0.022158333333
-2.9719656940e-08  4.3207606154e-10  9.5729437970e-06      0.0000000000 -3.5957789483e-08 -3.6813548568e-08    0.022175000000    0.022175000000
-3.0005782921e-08  4.2986501147e-10  9.5726037956e-06      0.0000000000 -3.6211993252e-08 -3.5922893612e-08    0.022191666667    0.022191666667
-3.0438854287e-08  4.1750747964e-10  9.5722739258e-06      0.0000000000 -3.6466651768e-08 -3.6254210526e-08    0.022208333333    0.022208333333
-3.0649303409e-08  4.2053808782e-10  9.5719437940e-06      0.0000000000 -3.6720855538e-08 -3.7396721680e-08    0.022225000000    0.022225000000
-3.0994398002e-08  4.1424265421e-10  9.5716037996e-06      0.0000000000 -3.6975059307e-08 -3.6302289448e-08    0.022241666667    0.022241666667
-3.1133768795e-08  4.2222790706e-10  9.5712739193e-06      0.0000000000 -3.7229717823e-08 -3.6911435869e-08    0.022258333333    0.022258333333
-3.1552684102e-08  4.1081937866e-10  9.5709438016e-06      0.0000000000 -3.7483921592e-08 -3.7098107237e-08    0.022275000000    0.022275000000
-3.1701044940e-08  4.1815045028e-10  9.5706037966e-06      0.0000000000 -3.7738125362e-08 -3.7409928447e-08    0.022291666667    0.022291666667
-3.2240449886e-08  3.9842786265e-10  9.5702739199e-06      0.0000000000 -3.7992783878e-08 -3.7824117827e-08    0.022308333333    0.022308333333
-3.2243108539e-08  4.1585080492e-10  9.5699438021e-06      0.0000000000 -3.8246987647e-08 -3.8265585470e-08    0.022325000000    0.022325000000
-3.2606425505e-08  4.0832472007e-10  9.5696037937e-06      0.0000000000 -3.8501646164e-08 -3.7965996242e-08    0.022341666667    0.022341666667
-3.2761355393e-08  4.1520079511e-10  9.5692739274e-06      0.0000000000 -3.8755849933e-08 -3.8528824643e-08    0.022358333333    0.022358333333
-3.2999136347e-08  4.1636979732e-10  9.5689437956e-06      0.0000000000 -3.9010508449e-08 -3.8597609889e-08    0.022375000000    0.022375000000
-3.3317192727e-08  4.1194713005e-10  9.5686038047e-06      0.0000000000 -3.9264712218e-08 -3.9399575114e-08    0.022391666667    0.022391666667
-3.3305150755e-08  4.3041978929e-10  9.5682739209e-06      0.0000000000 -3.9519370735e-08 -3.9497430971e-08    0.022408333333    0.022408333333
-3.3371026821e-08  4.4346406038e-10  9.5679437997e-06      0.0000000000 -3.9773574504e-08 -3.9066670243e-08    0.022425000000    0.022425000000
-3.3566450687e-08  4.4756687073e-10  9.5676038017e-06      0.0000000000 -4.0028233021e-08 -4.0359691377e-08    0.022441666667    0.022441666667
-3.3557289520e-08  4.6583999474e-10  9.5672739180e-06      0.0000000000 -4.0282891537e-08 -4.0294663770e-08    0.022458333333    0.022458333333
-3.4088171234e-08  4.4667626015e-10  9.5669438037e-06      0.0000000000 -4.0537095306e-08 -4.0552069955e-08    0.022475000000    0.022475000000
-3.3879569980e-08  4.7876333999e-10  9.5666037953e-06      0.0000000000 -4.0791753823e-08 -4.1009700165e-08    0.022491666667    0.022491666667
-3.4482755569e-08  4.5462306985e-10  9.5662739290e-06      0.0000000000 -4.1046412339e-08 -4.1033771071e-08    0.022508333333    0.022508333333
-3.4838019016e-08  4.4762330391e-10  9.5659437973e-06      0.0000000000 -4.1300616108e-08 -4.1787107091e-08    0.022525000000    0.022525000000
-3.5028292860e-08  4.5208282373e-10  9.5656038028e-06      0.0000000000 -4.1555274625e-08 -4.1252940519e-08    0.022541666667    0.022541666667
-3.5364172169e-08  4.4645717218e-10  9.5652739260e-06      0.0000000000 -4.1809933141e-08 -4.1351110823e-08    0.022558333333    0.022558333333
-3.5591668844e-08  4.4833850145e-10  9.5649437978e-06      0.0000000000 -4.2064591658e-08 -4.2249957119e-08    0.022575000000    0.022575000000
-3.5672048333e-08  4.6037821206e-10  9.5646038033e-06      0.0000000000 -4.2318795427e-08 -4.1466497092e-08    0.022591666667    0.022591666667
-3.6066654985e-08  4.5068488818e-10  9.5642739196e-06      0.0000000000 -4.2573453944e-08 -4.2771640152e-08    0.022608333333    0.022608333333
-3.6196026320e-08  4.5936274034e-10  9.5639438053e-06      0.0000000000 -4.2828112460e-08 -4.2698877153e-08    0.022625000000    0.022625000000
-3.6004935139e-08  4.9023700798e-10  9.5636037969e-06      0.0000000000 -4.3082770977e-08 -4.2821008306e-08    0.022641666667    0.022641666667
-3.6371505903e-08  4.8248555307e-10  9.5632739271e-06      0.0000000000 -4.3337429493e-08 -4.3826373469e-08    0.022658333333    0.022658333333
-3.6344281855e-08  5.0200977887e-10  9.5629438023e-06      0.0000000000 -4.3592088010e-08 -4.3828606042e-08    0.022675000000    0.022675000000
-3.6526315665e-08  5.0704003383e-10  9.5626038009e-06      0.0000000000 -4.3846746526e-08 -4.3738218297e-08    0.022691666667    0.022691666667
-3.6474167116e-08  5.2829062241e-10  9.5622739276e-06      0.0000000000 -4.4101405043e-08 -4.4465659620e-08    0.022708333333    0.022708333333
-3.7242649821e-08  4.9270126455e-10  9.5619437994e-06      0.0000000000 -4.4356063559e-08 -4.5470490224e-08    0.022725000000    0.022725000000
-3.7283570641e-08  5.0750552548e-10  9.5616038049e-06      0.0000000000 -4.4610722076e-08 -4.2974835701e-08    0.022741666667    0.022741666667
-3.7855630329e-08  4.8552114999e-10  9.5612739212e-06      0.0000000000 -4.4865380592e-08 -4.5797514940e-08    0.022758333333    0.022758333333
-3.7982909326e-08  4.9434392521e-10  9.5609438069e-06      0.0000000000 -4.5120039109e-08 -4.4936339375e-08    0.022775000000    0.022775000000
-3.7910270506e-08  5.1701374556e-10  9.5606038020e-06      0.0000000000 -4.5374697625e-08 -4.5545108460e-08    0.022791666667    0.022791666667
-3.8368416532e-08  5.0291945038e-10  9.5602739252e-06      0.0000000000 -4.5629356142e-08 -4.5537074343e-08    0.022808333333    0.022808333333
-3.8147585060e-08  5.3588513768e-10  9.5599438039e-06      0.0000000000 -4.5884469405e-08 -4.6402400606e-08    0.022825000000    0.022825000000
-3.8503949564e-08  5.2884060598e-10  9.5596038025e-06      0.0000000000 -4.6139127922e-08 -4.6713514311e-08    0.022841666667    0.022841666667
-3.8416812666e-08  5.5251461669e-10  9.5592739292e-06      0.0000000000 -4.6393786438e-08 -4.6563931948e-08    0.022858333333    0.022858333333
-3.8661240421e-08  5.5322323698e-10  9.5589437975e-06      0.0000000000 -4.6648444955e-08 -4.7024407903e-08    0.022875000000    0.022875000000
-3.8854089409e-08  5.5750439280e-10  9.5586038100e-06      0.0000000000 -4.6903103471e-08 -4.7545273373e-08    0.022891666667    0.022891666667
-3.9301053924e-08  5.4421606775e-10  9.5582739263e-06      0.0000000000 -4.7158216735e-08 -4.8309174808e-08    0.022908333333    0.022908333333
-3.9414572545e-08  5.5399193735e-10  9.5579438050e-06      0.0000000000 -4.7412875252e-08 -4.6745980947e-08    0.022925000000    0.022925000000
-3.9637549492e-08  5.5618631966e-10  9.5576038036e-06      0.0000000000 -4.7667533768e-08 -4.7107877817e-08    0.022941666667    0.022941666667
-3.9673938541e-08  5.7133596523e-10  9.5572739268e-06      0.0000000000 -4.7922647032e-08 -4.8076877203e-08    0.022958333333    0.022958333333
-3.9693323055e-08  5.8763191020e-10  9.5569438056e-06      0.0000000000 -4.8177305549e-08 -4.8551251708e-08    0.022975000000    0.022975000000
-4.0044795105e-08  5.8092624787e-10  9.5566038006e-06      0.0000000000 -4.8431964065e-08 -4.8086467832e-08    0.022991666667    0.022991666667
-4.0001132116e-08  6.0162059280e-10  9.5562739308e-06      0.0000000000 -4.8687077329e-08 -4.8193584149e-08    0.023008333333    0.023008333333
-4.0280306951e-08  5.9992250218e-10  9.5559438026e-06      0.0000000000 -4.8941735845e-08 -4.8188395776e-08    0.023025000000    0.023025000000
-4.0579960282e-08  5.9683749288e-10  9.5556038082e-06      0.0000000000 -4.9196849109e-08 -4.9112570765e-08    0.023041666667    0.023041666667
-4.0983595436e-08  5.8651882168e-10  9.5552739279e-06      0.0000000000 -4.9451507626e-08 -4.9462864546e-08    0.023058333333    0.023058333333
-4.1414943697e-08  5.7431213597e-10  9.5549438066e-06      0.0000000000 -4.9706620890e-08 -5.0996013011e-08    0.023075000000    0.023075000000
-4.1676031336e-08  5.7386683120e-10  9.5546038052e-06      0.0000000000 -4.9961279406e-08 -5.0082356269e-08    0.023091666667    0.023091666667
-4.2162136815e-08  5.5786745868e-10  9.5542739249e-06      0.0000000000 -5.0216392670e-08 -4.9946452344e-08    0.023108333333    0.023108333333
-4.2381747478e-08  5.6029500221e-10  9.5539438106e-06      0.0000000000 -5.0471051186e-08 -5.1433455734e-08    0.023125000000    0.023125000000
-4.2706893616e-08  5.5544426717e-10  9.5536038022e-06      0.0000000000 -5.0726164450e-08 -5.1434336186e-08    0.023141666667    0.023141666667
-4.3145328466e-08  5.4274673813e-10  9.5532739324e-06      0.0000000000 -5.0981277714e-08 -5.0918973535e-08    0.023158333333    0.023158333333
-4.3300852558e-08  5.4961315392e-10  9.5529438042e-06      0.0000000000 -5.1235936231e-08 -5.1355347139e-08    0.023175000000    0.023175000000
-4.3832002755e-08  5.3049381810e-10  9.5526038098e-06      0.0000000000 -5.1491049494e-08 -5.2226789393e-08    0.023191666667    0.023191666667
-4.3872704998e-08  5.4534471602e-10  9.5522739295e-06      0.0000000000 -5.1746162758e-08 -5.2165063478e-08    0.023208333333    0.023208333333
-4.4026056595e-08  5.5236160676e-10  9.5519438047e-06      0.0000000000 -5.2000821275e-08 -5.3208162263e-08    0.023225000000    0.023225000000
-4.4098332811e-08  5.6502557492e-10  9.5516038103e-06      0.0000000000 -5.2255934539e-08 -5.2917361824e-08    0.023241666667    0.023241666667
-4.4291188192e-08  5.6933778541e-10  9.5512739265e-06      0.0000000000 -5.2511047802e-08 -5.1858870866e-08    0.023258333333    0.023258333333
-4.4250352839e-08  5.8983627788e-10  9.5509438123e-06      0.0000000000 -5.2766161066e-08 -5.2610681819e-08    0.023275000000    0.023275000000
-4.4359709742e-08  5.9993190086e-10  9.5506038038e-06      0.0000000000 -5.3021274330e-08 -5.2893558198e-08    0.023291666667    0.023291666667
-4.4266714511e-08  6.2401168130e-10  9.5502739340e-06      0.0000000000 -5.3275932847e-08 -5.3620307738e-08    0.023308333333    0.023308333333
-4.4769295248e-08  6.0687117160e-10  9.5499438058e-06      0.0000000000 -5.3531046111e-08 -5.3884537419e-08    0.023325000000    0.023325000000
-4.4816593526e-08  6.2126520381e-10  9.5496038079e-06      0.0000000000 -5.3786159374e-08 -5.4117243803e-08    0.023341666667    0.023341666667
-4.4934627581e-08  6.3075981528e-10  9.5492739311e-06      0.0000000000 -5.4041272638e-08 -5.4486420118e-08    0.023358333333    0.023358333333
-4.5221998612e-08  6.2852552337e-10  9.5489438063e-06      0.0000000000 -5.4296385902e-08 -5.4076915996e-08    0.023375000000    0.023375000000
-4.5497703743e-08  6.2709925474e-10  9.5486038119e-06      0.0000000000 -5.4551499166e-08 -5.4098015379e-08    0.023391666667    0.023391666667
-4.5641118118e-08  6.3483593164e-10  9.5482739281e-06      0.0000000000 -5.4806612430e-08 -5.4039481100e-08    0.023408333333    0.023408333333
-4.5906456409e-08  6.3412770852e-10  9.5479438139e-06      0.0000000000 -5.5061725694e-08 -5.5356840419e-08    0.023425000000    0.023425000000
-4.6310913944e-08  6.2378357366e-10  9.5476038054e-06      0.0000000000 -5.5316838957e-08 -5.5799675906e-08    0.023441666667    0.023441666667
-4.6232423451e-08  6.4689019991e-10  9.5472739322e-06      0.0000000000 -5.5571952221e-08 -5.6318701863e-08    0.023458333333    0.023458333333
-4.6933653137e-08  6.1599053162e-10  9.5469438109e-06      0.0000000000 -5.5827065485e-08 -5.5965751005e-08    0.023475000000    0.023475000000
-4.6835461107e-08  6.4046175896e-10  9.5466038095e-06      0.0000000000 -5.6082178749e-08 -5.5698659858e-08    0.023491666667    0.023491666667
-4.7354510958e-08  6.2218053772e-10  9.5462739327e-06      0.0000000000 -5.6337292013e-08 -5.5891274271e-08    0.023508333333    0.023508333333
-4.7217948264e-08  6.4930945879e-10  9.5459438044e-06      0.0000000000 -5.6592405277e-08 -5.5877045551e-08    0.023525000000    0.023525000000
-4.7478400228e-08  6.4897117821e-10  9.5456038170e-06      0.0000000000 -5.6847973288e-08 -5.7634913451e-08    0.023541666667    0.023541666667
-4.7627801720e-08  6.5629316532e-10  9.5452739297e-06      0.0000000000 -5.7103086552e-08 -5.6773313383e-08    0.023558333333    0.023558333333
-4.7409738569e-08  6.8906710856e-10  9.5449438120e-06      0.0000000000 -5.7358199816e-08 -5.7062101363e-08    0.023575000000    0.023575000000
-4.7810076353e-08  6.7900832276e-10  9.5446038105e-06      0.0000000000 -5.7613313079e-08 -5.6836281363e-08    0.023591666667    0.023591666667
-4.7837436367e-08  6.9478335266e-10  9.5442739338e-06      0.0000000000 -5.7868426343e-08 -5.7083310802e-08    0.023608333333    0.023608333333
-4.8165465161e-08  6.8976445167e-10  9.5439438125e-06      0.0000000000 -5.8123994354e-08 -5.8034591109e-08    0.023625000000    0.023625000000
-4.8155082131e-08  7.0815370394e-10  9.5436038076e-06      0.0000000000 -5.8379107618e-08 -5.7786020881e-08    0.023641666667    0.023641666667
-4.8703069090e-08  6.8786819188e-10  9.5432739378e-06      0.0000000000 -5.8634220882e-08 -5.8768981707e-08    0.023658333333    0.023658333333
-4.8847802546e-08  6.9554500186e-10  9.5429438060e-06      0.0000000000 -5.8889788893e-08 -5.8696281597e-08    0.023675000000    0.023675000000
-4.9130460406e-08  6.9363716157e-10  9.5426038151e-06      0.0000000000 -5.9144902157e-08 -5.9574736016e-08    0.023691666667    0.023691666667
-4.9261723670e-08  7.0221546924e-10  9.5422739313e-06      0.0000000000 -5.9400015421e-08 -5.9921885329e-08    0.023708333333    0.023708333333
-4.9616404058e-08  6.9535058056e-10  9.5419438136e-06      0.0000000000 -5.9655583432e-08 -5.9631871007e-08    0.023725000000    0.023725000000
-4.9726276097e-08  7.0541052334e-10  9.5416038121e-06      0.0000000000 -5.9910696696e-08 -5.9631776673e-08    0.023741666667    0.023741666667
-5.0037523436e-08  7.0155396778e-10  9.5412739319e-06      0.0000000000 -6.0166264707e-08 -6.0499634233e-08    0.023758333333    0.023758333333
-4.9819267376e-08  7.3434127259e-10  9.5409438176e-06      0.0000000000 -6.0421377971e-08 -6.0162500052e-08    0.023775000000    0.023775000000
-5.0009677981e-08  7.3885431479e-10  9.5406038057e-06      0.0000000000 -6.0676945982e-08 -6.0652706955e-08    0.023791666667    0.023791666667
-4.9980032936e-08  7.5857772524e-10  9.5402739394e-06      0.0000000000 -6.0932059246e-08 -6.0324204340e-08    0.023808333333    0.023808333333
-5.0407040197e-08  7.4670321065e-10  9.5399438111e-06      0.0000000000 -6.1187627257e-08 -6.1395886343e-08    0.023825000000    0.023825000000
-5.0604463935e-08  7.5069899995e-10  9.5396038167e-06      0.0000000000 -6.1442740521e-08 -6.0910946424e-08    0.023841666667    0.023841666667
-5.1106313096e-08  7.3364065939e-10  9.5392739329e-06      0.0000000000 -6.1698308532e-08 -6.1331393295e-08    0.023858333333    0.023858333333
-5.1441069114e-08  7.2815580608e-10  9.5389438117e-06      0.0000000000 -6.1953876544e-08 -6.1964421954e-08    0.023875000000    0.023875000000
-5.1886727621e-08  7.1495793996e-10  9.5386038172e-06      0.0000000000 -6.2208989807e-08 -6.1283440152e-08    0.023891666667    0.023891666667
-5.2249556398e-08  7.0752866380e-10  9.5382739300e-06      0.0000000000 -6.2464557819e-08 -6.2033411591e-08    0.023908333333    0.023908333333
-5.2646338979e-08  6.9774762202e-10  9.5379438192e-06      0.0000000000 -6.2720125830e-08 -6.2813098257e-08    0.023925000000    0.023925000000
-5.2932601720e-08  6.9559009436e-10  9.5376038108e-06      0.0000000000 -6.2975239094e-08 -6.4162625488e-08    0.023941666667    0.023941666667
-5.2936983668e-08  7.1298816726e-10  9.5372739410e-06      0.0000000000 -6.3230807105e-08 -6.2657918741e-08    0.023958333333    0.023958333333
-5.2729144392e-08  7.4508546469e-10  9.5369438127e-06      0.0000000000 -6.3486375116e-08 -6.3844531064e-08    0.023975000000    0.023975000000
-5.2882792281e-08  7.5211333073e-10  9.5366038148e-06      0.0000000000 -6.3741488380e-08 -6.3645910716e-08    0.023991666667    0.023991666667
-5.2767772287e-08  7.7778162242e-10  9.5362739380e-06      0.0000000000 -6.3997056391e-08 -6.3867721518e-08    0.024008333333    0.024008333333
-5.3097265530e-08  7.7266128824e-10  9.5359438098e-06      0.0000000000 -6.4252624402e-08 -6.3426332487e-08    0.024025000000    0.024025000000
-5.3118753030e-08  7.8887456754e-10  9.5356038188e-06      0.0000000000 -6.4508192414e-08 -6.5495345536e-08    0.024041666667    0.024041666667
-5.3348403458e-08  7.9066971494e-10  9.5352739316e-06      0.0000000000 -6.4763760425e-08 -6.4798421279e-08    0.024058333333    0.024058333333
-5.3422323119e-08  8.0325134949e-10  9.5349438208e-06      0.0000000000 -6.5019328436e-08 -6.3986881149e-08    0.024075000000    0.024075000000
-5.3802257448e-08  7.9463727972e-10  9.5346038124e-06      0.0000000000 -6.5274896447e-08 -6.5526177049e-08    0.024091666667    0.024091666667
-5.4173632188e-08  7.8661607868e-10  9.5342739391e-06      0.0000000000 -6.5530464458e-08 -6.5422865539e-08    0.024108333333    0.024108333333
-5.4479785100e-08  7.8308088445e-10  9.5339438423e-06      0.0000000000 -6.5785577722e-08 -6.5585859060e-08    0.024125000000    0.024125000000
-5.4678436006e-08  7.8702317301e-10  9.5336038688e-06      0.0000000000 -6.6041145733e-08 -6.5610448803e-08    0.024141666667    0.024141666667
-5.4928364827e-08  7.8741376415e-10  9.5332739955e-06      0.0000000000 -6.6296713745e-08 -6.6666188350e-08    0.024158333333    0.024158333333
-5.5257536378e-08  7.8231571159e-10  9.5329438708e-06      0.0000000000 -6.6552281756e-08 -6.6991640831e-08    0.024175000000    0.024175000000
-5.5621247939e-08  7.7482529053e-10  9.5326038763e-06      0.0000000000 -6.6807849767e-08 -6.6957366125e-08    0.024191666667    0.024191666667
-5.5894678205e-08  7.7361958241e-10  9.5322739891e-06      0.0000000000 -6.7063872526e-08 -6.6727867098e-08    0.024208333333    0.024208333333
-5.5893084525e-08  7.9143154934e-10  9.5319438748e-06      0.0000000000 -6.7319440537e-08 -6.7001215738e-08    0.024225000000    0.024225000000
-5.6037401972e-08  7.9913717367e-10  9.5316038699e-06      0.0000000000 -6.7575008548e-08 -6.7394856016e-08    0.024241666667    0.024241666667
-5.5832351589e-08  8.3104130204e-10  9.5312739931e-06      0.0000000000 -6.7830576559e-08 -6.7835034427e-08    0.024258333333    0.024258333333
-5.6229987297e-08  8.2120116955e-10  9.5309438753e-06      0.0000000000 -6.8086144570e-08 -6.8266408326e-08    0.024275000000    0.024275000000
-5.6392844820e-08  8.2762263980e-10  9.5306038704e-06      0.0000000000 -6.8341712582e-08 -6.8399891010e-08    0.024291666667    0.024291666667
-5.6435144285e-08  8.4239440571e-10  9.5302739971e-06      0.0000000000 -6.8597280593e-08 -6.7495180281e-08    0.024308333333    0.024308333333
-5.6670089262e-08  8.4385433053e-10  9.5299438689e-06      0.0000000000 -6.8853303351e-08 -6.9491241663e-08    0.024325000000    0.024325000000
-5.6769343020e-08  8.5468123210e-10  9.5296038779e-06      0.0000000000 -6.9108871362e-08 -6.9076470557e-08    0.024341666667    0.024341666667
-5.7153850515e-08  8.4575040803e-10  9.5292739907e-06      0.0000000000 -6.9364439374e-08 -6.9066219590e-08    0.024358333333    0.024358333333
-5.7263209269e-08  8.5587740028e-10  9.5289438729e-06      0.0000000000 -6.9620007385e-08 -6.9084394617e-08    0.024375000000    0.024375000000
-5.7625573122e-08  8.4851182395e-10  9.5286038750e-06      0.0000000000 -6.9876030143e-08 -6.9441103114e-08    0.024391666667    0.024391666667
-5.7701830933e-08  8.6093150963e-10  9.5282739947e-06      0.0000000000 -7.0131598155e-08 -6.9910226357e-08    0.024408333333    0.024408333333
-5.8238149033e-08  8.4148572324e-10  9.5279438769e-06      0.0000000000 -7.0387166166e-08 -6.9587792566e-08    0.024425000000    0.024425000000
-5.8333995341e-08  8.5258013482e-10  9.5276038720e-06      0.0000000000 -7.0643188924e-08 -7.0585972619e-08    0.024441666667    0.024441666667
-5.8761988788e-08  8.4063731338e-10  9.5272739987e-06      0.0000000000 -7.0898756936e-08 -7.1346839641e-08    0.024458333333    0.024458333333
-5.8750867502e-08  8.5910919745e-10  9.5269438705e-06      0.0000000000 -7.1154324947e-08 -7.0334666703e-08    0.024475000000    0.024475000000
-5.9050915162e-08  8.5605987045e-10  9.5266038760e-06      0.0000000000 -7.1410347705e-08 -7.1263212504e-08    0.024491666667    0.024491666667
-5.8856615566e-08  8.8721935971e-10  9.5262739958e-06      0.0000000000 -7.1665915717e-08 -7.2076875150e-08    0.024508333333    0.024508333333
-5.9073744275e-08  8.8991330498e-10  9.5259438710e-06      0.0000000000 -7.1921938475e-08 -7.2150738713e-08    0.024525000000    0.024525000000
-5.9057893520e-08  9.0871276955e-10  9.5256038766e-06      0.0000000000 -7.2177506486e-08 -7.2024221027e-08    0.024541666667    0.024541666667
-5.9235145700e-08  9.1416871021e-10  9.5252739928e-06      0.0000000000 -7.2433529245e-08 -7.1977840118e-08    0.024558333333    0.024558333333
-5.9548866920e-08  9.1014080456e-10  9.5249438785e-06      0.0000000000 -7.2689097256e-08 -7.2760498306e-08    0.024575000000    0.024575000000
-5.9628747761e-08  9.2234104325e-10  9.5246038701e-06      0.0000000000 -7.2945120015e-08 -7.2083006864e-08    0.024591666667    0.024591666667
-6.0238302486e-08  8.9785411573e-10  9.5242740003e-06      0.0000000000 -7.3201142773e-08 -7.3122520954e-08    0.024608333333    0.024608333333
-6.0377998673e-08  9.0587982550e-10  9.5239438756e-06      0.0000000000 -7.3456710784e-08 -7.3694515481e-08    0.024625000000    0.024625000000
-6.0685771498e-08  9.0229542505e-10  9.5236038741e-06      0.0000000000 -7.3712733543e-08 -7.3735865241e-08    0.024641666667    0.024641666667
-6.1047843603e-08  8.9491855881e-10  9.5232739974e-06      0.0000000000 -7.3968301554e-08 -7.4292184593e-08    0.024658333333    0.024658333333
-6.1054687389e-08  9.1217761323e-10  9.5229438761e-06      0.0000000000 -7.4224324313e-08 -7.3750691410e-08    0.024675000000    0.024675000000
-6.1288041271e-08  9.1374774323e-10  9.5226038782e-06      0.0000000000 -7.4480347071e-08 -7.4660920681e-08    0.024691666667    0.024691666667
-6.1580410008e-08  9.1119878928e-10  9.5222739909e-06      0.0000000000 -7.4735915082e-08 -7.4856915398e-08    0.024708333333    0.024708333333
-6.1480823760e-08  9.3582958027e-10  9.5219438801e-06      0.0000000000 -7.4991937841e-08 -7.5558933693e-08    0.024725000000    0.024725000000
-6.1548344283e-08  9.4888594019e-10  9.5216038752e-06      0.0000000000 -7.5247960599e-08 -7.5273337350e-08    0.024741666667    0.024741666667
-6.1800981020e-08  9.4912046852e-10  9.5212739984e-06      0.0000000000 -7.5503983358e-08 -7.5850268692e-08    0.024758333333    0.024758333333
-6.2101891445e-08  9.4597988577e-10  9.5209438772e-06      0.0000000000 -7.5759551369e-08 -7.6450752103e-08    0.024775000000    0.024775000000
-6.2003321308e-08  9.7054029720e-10  9.5206038792e-06      0.0000000000 -7.6015574128e-08 -7.5638787469e-08    0.024791666667    0.024791666667
-6.2261317273e-08  9.7040362561e-10  9.5202739990e-06      0.0000000000 -7.6271596886e-08 -7.6182576114e-08    0.024808333333    0.024808333333
-6.2592858750e-08  9.6517292074e-10  9.5199438742e-06      0.0000000000 -7.6527619645e-08 -7.6821547818e-08    0.024825000000    0.024825000000
-6.2731450635e-08  9.7330661598e-10  9.5196038798e-06      0.0000000000 -7.6783642403e-08 -7.6181051047e-08    0.024841666667    0.024841666667
-6.3206652191e-08  9.5812548433e-10  9.5192739960e-06      0.0000000000 -7.7039665162e-08 -7.8107651122e-08    0.024858333333    0.024858333333
-6.3028205023e-08  9.8821847348e-10  9.5189438782e-06      0.0000000000 -7.7295687920e-08 -7.7177360141e-08    0.024875000000    0.024875000000
-6.3631336047e-08  9.6417647509e-10  9.5186038768e-06      0.0000000000 -7.7551710679e-08 -7.7866218837e-08    0.024891666667    0.024891666667
-6.3908210348e-08  9.6273222040e-10  9.5182740000e-06      0.0000000000 -7.7807733438e-08 -7.7926451129e-08    0.024908333333    0.024908333333
-6.3931180447e-08  9.7887430690e-10  9.5179438788e-06      0.0000000000 -7.8063756196e-08 -7.8126250652e-08    0.024925000000    0.024925000000
-6.4365903236e-08  9.6649688391e-10  9.5176038774e-06      0.0000000000 -7.8319778955e-08 -7.8669426126e-08    0.024941666667    0.024941666667
-6.4221805040e-08  9.9421073657e-10  9.5172740006e-06      0.0000000000 -7.8575801713e-08 -7.9073993432e-08    0.024958333333    0.024958333333
-6.4474678771e-08  9.9442884979e-10  9.5169438758e-06      0.0000000000 -7.8831824472e-08 -7.9902183523e-08    0.024975000000    0.024975000000
-6.4563314782e-08  1.0060226731e-09  9.5166038814e-06      0.0000000000 -7.9087847230e-08 -7.8937271946e-08    0.024991666667    0.024991666667

# index: 5474
# xPosition: -1.0438495900363586E-5
# yPosition: -2.321078727457229E-5
# quantitative-imaging-settings.type: simple-quantitative-imaging-settings
# quantitative-imaging-settings.relative-setpoint: 0.30087220298747946
# quantitative-imaging-settings.control-settings.control-settings-type: quantitative-imaging-control-settings
# quantitative-imaging-settings.control-settings.next-line-motion-time: 0.05
# quantitative-imaging-settings.control-settings.next-line-additional-delay: 0.01
# quantitative-imaging-settings.control-settings.max-retries-per-position: 5
# quantitative-imaging-settings.control-settings.max-bad-adjecent-pixels: 0
# quantitative-imaging-settings.control-settings.max-pixel-replays: 1
# quantitative-imaging-settings.control-settings.pixelwise-retract-if-required: true
# quantitative-imaging-settings.control-settings.no-data-extend-fraction: 0.2
# quantitative-imaging-settings.control-settings.overscan-delay-factor: 3.4
# quantitative-imaging-settings.control-settings.overscan-distance-factor: 0.383
# quantitative-imaging-settings.control-settings.line-clock.active: false
# quantitative-imaging-settings.control-settings.line-clock.name: pulse-2
# quantitative-imaging-settings.control-settings.frame-clock.active: false
# quantitative-imaging-settings.control-settings.frame-clock.name: pulse-3
# quantitative-imaging-settings.control-settings.closed-loop: false
# quantitative-imaging-settings.control-settings.start-option.type: smooth-xyz-motion
# quantitative-imaging-settings.control-settings.start-option.additional-retract: 3.0E-9
# quantitative-imaging-settings.control-settings.start-option.start-time: 0.006250000000000001
# quantitative-imaging-settings.control-settings.start-option.motion-time: 0.006250000000000001
# quantitative-imaging-settings.control-settings.pixel-clock.active: false
# quantitative-imaging-settings.control-settings.pixel-clock.name: pixel-clock
# quantitative-imaging-settings.control-settings.ttl-outputs.pins.list: 
# quantitative-imaging-settings.control-settings.baseline-adjust-settings.enabled: true
# quantitative-imaging-settings.control-settings.baseline-adjust-settings.interval: 1
# quantitative-imaging-settings.control-settings.averager.type: instrumentdefault
# quantitative-imaging-settings.control-settings.averager.value: NaN
# quantitative-imaging-settings.extend.type: z-extend-force
# quantitative-imaging-settings.extend.identifier.type: standard
# quantitative-imaging-settings.extend.identifier.name: extend-spm
# quantitative-imaging-settings.extend.style: extend
# quantitative-imaging-settings.extend.duration: 0.025000000000000005
# quantitative-imaging-settings.extend.num-points: 1500
# quantitative-imaging-settings.extend.z-start: 5.000000000000001E-7
# quantitative-imaging-settings.extend.z-end: 0.0
# quantitative-imaging-settings.extend.setpoint: 0.30087220298747946
# quantitative-imaging-settings.retract.type: z-retract-height
# quantitative-imaging-settings.retract.identifier.type: standard
# quantitative-imaging-settings.retract.identifier.name: retract-spm
# quantitative-imaging-settings.retract.style: retract
# quantitative-imaging-settings.retract.duration: 0.025000000000000005
# quantitative-imaging-settings.retract.num-points: 1500
# quantitative-imaging-settings.retract.z-start: 5.000000000000001E-7
# quantitative-imaging-settings.retract.z-end: 0.0
# quantitative-imaging-settings.retract.setpoint: 0.15000000000000002
# quantitative-imaging-settings.data-description.comment: 
# quantitative-imaging-settings.data-description.name: 
# quantitative-imaging-settings.data-description.probe: 
# quantitative-imaging-settings.data-description.user-name: afm_csec
# quantitative-imaging-settings.data-description.instrument: JPK01814-H-21-02-0019
# quantitative-imaging-settings.data-description.source-software: 8.0.163
# quantitative-imaging-settings.data-description.modification-software: 
# feedbackMode: contact
# date: Wed Oct 02 16:05:23 BST 2024
# segmentIndex: 1
# segment: retract
# columns: verticalTipPosition vDeflection height error smoothedMeasuredHeight measuredHeight seriesTime time
# fancyNames: "Vertical Tip Position" "Vertical Deflection" "Height" "Error Signal" "Height (measured & smoothed)" "Height (measured)" "Series Time" "Segment Time"
# heightMultiplier: 0.788494
# heightOffset: 0.0
# sensitivity: 4.798575435590727E-8
# springConstant: 0.06926368726396598
# calibrationSlots: nominal force nominal volts nominal nominal elapsed elapsed
# units: m N m V m m s s
#
-6.5849561381e-08  1.0035820538e-09  9.5165650767e-06      0.0000000000 -8.0338857193e-08 -7.9649997156e-08    0.025008333333  8.3333333333e-06
-6.5628232609e-08  1.0040452908e-09  9.5169039081e-06      0.0000000000 -8.0124216443e-08 -7.8897840312e-08    0.025025000000  2.5000000000e-05
-6.5227762984e-08  1.0169164840e-09  9.5172340259e-06      0.0000000000 -7.9909575693e-08 -7.9213088993e-08    0.025041666667  4.1666666667e-05
-6.5200510529e-08  1.0039372798e-09  9.5175639062e-06      0.0000000000 -7.9694934944e-08 -8.0447811683e-08    0.025058333333  5.8333333333e-05
-6.5621716875e-08  9.5986466789e-10  9.5179039076e-06      0.0000000000 -7.9479839447e-08 -7.9876571828e-08    0.025075000000  7.5000000000e-05
-6.5740457839e-08  9.3677342111e-10  9.5182340218e-06      0.0000000000 -7.9265198697e-08 -7.8802295639e-08    0.025091666667  9.1666666667e-05
-6.5728635429e-08  9.2269397763e-10  9.5185639091e-06      0.0000000000 -7.9050103200e-08 -7.7926859910e-08    0.025108333333  0.00010833333333
-6.5901607005e-08  8.9581502120e-10  9.5189039036e-06      0.0000000000 -7.8835007703e-08 -7.9007645149e-08    0.025125000000  0.00012500000000
-6.5734593812e-08  8.9248466359e-10  9.5192340283e-06      0.0000000000 -7.8619912206e-08 -7.8354146001e-08    0.025141666667  0.00014166666667
-6.5522416200e-08  8.9228256011e-10  9.5195639086e-06      0.0000000000 -7.8404816709e-08 -7.8312639018e-08    0.025158333333  0.00015833333333
-6.5296057947e-08  8.9303116264e-10  9.5199039065e-06      0.0000000000 -7.8189266465e-08 -7.7263471409e-08    0.025175000000  0.00017500000000
-6.4849474876e-08  9.0906484556e-10  9.5202340313e-06      0.0000000000 -7.7974170968e-08 -7.7428037163e-08    0.025191666667  0.00019166666667
-6.4814440650e-08  8.9656164049e-10  9.5205639046e-06      0.0000000000 -7.7758620724e-08 -7.7479590723e-08    0.025208333333  0.00020833333333
-6.4786876160e-08  8.8354105401e-10  9.5209039095e-06      0.0000000000 -7.7543070479e-08 -7.7382992653e-08    0.025225000000  0.00022500000000
-6.4399929440e-08  8.9538110844e-10  9.5212340237e-06      0.0000000000 -7.7327065488e-08 -7.7383134154e-08    0.025241666667  0.00024166666667
-6.4554644177e-08  8.6973519056e-10  9.5215639075e-06      0.0000000000 -7.7111515243e-08 -7.7639534109e-08    0.025258333333  0.00025833333333
-6.4747821778e-08  8.4139369545e-10  9.5219039054e-06      0.0000000000 -7.6895510252e-08 -7.6397201806e-08    0.025275000000  0.00027500000000
-6.4920385132e-08  8.1448001905e-10  9.5222340267e-06      0.0000000000 -7.6679505260e-08 -7.6501928326e-08    0.025291666667  0.00029166666667
-6.4944653255e-08  7.9783781721e-10  9.5225639070e-06      0.0000000000 -7.6463500268e-08 -7.6282853212e-08    0.025308333333  0.00030833333333
-6.4549432033e-08  8.1025099409e-10  9.5229039049e-06      0.0000000000 -7.6247495277e-08 -7.6284661281e-08    0.025325000000  0.00032500000000
-6.4189857262e-08  8.2016366895e-10  9.5232340331e-06      0.0000000000 -7.6031035538e-08 -7.6195657103e-08    0.025341666667  0.00034166666667
-6.3947801015e-08  8.2196807495e-10  9.5235639029e-06      0.0000000000 -7.5815030546e-08 -7.5409587166e-08    0.025358333333  0.00035833333333
-6.3561395100e-08  8.3373917374e-10  9.5239039114e-06      0.0000000000 -7.5598570807e-08 -7.4971924330e-08    0.025375000000  0.00037500000000
-6.3588013415e-08  8.1690269143e-10  9.5242340256e-06      0.0000000000 -7.5382111068e-08 -7.4238917298e-08    0.025391666667  0.00039166666667
-6.3246684815e-08  8.2555156916e-10  9.5245639059e-06      0.0000000000 -7.5165651329e-08 -7.4175163201e-08    0.025408333333  0.00040833333333
-6.3069433375e-08  8.2280436026e-10  9.5249039073e-06      0.0000000000 -7.4948736843e-08 -7.4660040230e-08    0.025425000000  0.00042500000000
-6.2673357176e-08  8.3524525857e-10  9.5252340251e-06      0.0000000000 -7.4732277104e-08 -7.4769200451e-08    0.025441666667  0.00044166666667
-6.2294364372e-08  8.4647140049e-10  9.5255639124e-06      0.0000000000 -7.4515362617e-08 -7.4827042948e-08    0.025458333333  0.00045833333333
-6.2344489782e-08  8.2797523264e-10  9.5259039033e-06      0.0000000000 -7.4298448131e-08 -7.4341992972e-08    0.025475000000  0.00047500000000
-6.2100063896e-08  8.2988077362e-10  9.5262340315e-06      0.0000000000 -7.4081533644e-08 -7.3940192799e-08    0.025491666667  0.00049166666667
-6.2221286605e-08  8.0642864716e-10  9.5265639048e-06      0.0000000000 -7.3864164411e-08 -7.3249809036e-08    0.025508333333  0.00050833333333
-6.2229953475e-08  7.9080405067e-10  9.5269039098e-06      0.0000000000 -7.3647249924e-08 -7.4219783208e-08    0.025525000000  0.00052500000000
-6.2283730543e-08  7.7202345802e-10  9.5272340275e-06      0.0000000000 -7.3429880691e-08 -7.3641468299e-08    0.025541666667  0.00054166666667
-6.2212902745e-08  7.6187345788e-10  9.5275639078e-06      0.0000000000 -7.3212511457e-08 -7.2585602973e-08    0.025558333333  0.00055833333333
-6.2178111736e-08  7.4922741678e-10  9.5279039092e-06      0.0000000000 -7.2995142223e-08 -7.3017857323e-08    0.025575000000  0.00057500000000
-6.1834928633e-08  7.5794174930e-10  9.5282340235e-06      0.0000000000 -7.2777772989e-08 -7.2065586509e-08    0.025591666667  0.00059166666667
-6.1704307169e-08  7.5190178143e-10  9.5285639108e-06      0.0000000000 -7.2559949008e-08 -7.2085616773e-08    0.025608333333  0.00060833333333
-6.1420251387e-08  7.5652073764e-10  9.5289039052e-06      0.0000000000 -7.2342579775e-08 -7.1924038263e-08    0.025625000000  0.00062500000000
-6.1317364692e-08  7.4855975743e-10  9.5292340299e-06      0.0000000000 -7.2124755794e-08 -7.2319659557e-08    0.025641666667  0.00064166666667
-6.1346412325e-08  7.3146051913e-10  9.5295639067e-06      0.0000000000 -7.1906931812e-08 -7.2132233517e-08    0.025658333333  0.00065833333333
-6.1169538994e-08  7.2862412613e-10  9.5299039082e-06      0.0000000000 -7.1689107831e-08 -7.2146352180e-08    0.025675000000  0.00067500000000
-6.1157213587e-08  7.1439053717e-10  9.5302340294e-06      0.0000000000 -7.1471283850e-08 -7.1012692705e-08    0.025691666667  0.00069166666667
-6.1473777512e-08  6.7734536283e-10  9.5305639062e-06      0.0000000000 -7.1253005122e-08 -7.1554075832e-08    0.025708333333  0.00070833333333
-6.1057999854e-08  6.9102486696e-10  9.5309039111e-06      0.0000000000 -7.1034726393e-08 -7.1227286952e-08    0.025725000000  0.00072500000000
-6.1110062691e-08  6.7230001328e-10  9.5312340254e-06      0.0000000000 -7.0816447665e-08 -7.1072437605e-08    0.025741666667  0.00074166666667
-6.0815615528e-08  6.7757571996e-10  9.5315639091e-06      0.0000000000 -7.0598168937e-08 -7.0523492032e-08    0.025758333333  0.00075833333333
-6.0570821249e-08  6.7941228471e-10  9.5319039036e-06      0.0000000000 -7.0379890208e-08 -7.0620231602e-08    0.025775000000  0.00077500000000
-6.0246492206e-08  6.8675772058e-10  9.5322340283e-06      0.0000000000 -7.0161611480e-08 -6.9959673123e-08    0.025791666667  0.00079166666667
-5.9895888855e-08  6.9589151438e-10  9.5325639086e-06      0.0000000000 -6.9942878004e-08 -6.9370839967e-08    0.025808333333  0.00080833333333
-5.9566435459e-08  7.0356038429e-10  9.5329039065e-06      0.0000000000 -6.9724144528e-08 -7.1282676763e-08    0.025825000000  0.00082500000000
-5.9593049596e-08  6.8656670399e-10  9.5332340348e-06      0.0000000000 -6.9505411052e-08 -6.9317446894e-08    0.025841666667  0.00084166666667
-5.9509832948e-08  6.7718030880e-10  9.5335639046e-06      0.0000000000 -6.9286677577e-08 -6.9453429430e-08    0.025858333333  0.00085833333333
-5.9299604350e-08  6.7659122962e-10  9.5339039130e-06      0.0000000000 -6.9067944101e-08 -6.9616784564e-08    0.025875000000  0.00087500000000
-5.9168062199e-08  6.7055203692e-10  9.5342340273e-06      0.0000000000 -6.8849210625e-08 -6.8816973301e-08    0.025891666667  0.00089166666667
-5.9047100924e-08  6.6374847631e-10  9.5345639075e-06      0.0000000000 -6.8630022402e-08 -6.9130115188e-08    0.025908333333  0.00090833333333
-5.8824314843e-08  6.6399767721e-10  9.5349039090e-06      0.0000000000 -6.8410834179e-08 -6.8444778297e-08    0.025925000000  0.00092500000000
-5.8656347700e-08  6.6044991634e-10  9.5352340267e-06      0.0000000000 -6.8191645956e-08 -6.8339014102e-08    0.025941666667  0.00094166666667
-5.8268530889e-08  6.7212975415e-10  9.5355639105e-06      0.0000000000 -6.7972457733e-08 -6.7567031384e-08    0.025958333333  0.00095833333333
-5.8441015024e-08  6.4500108241e-10  9.5359039049e-06      0.0000000000 -6.7753269509e-08 -6.7679430407e-08    0.025975000000  0.00097500000000
-5.8183576733e-08  6.4761892566e-10  9.5362340332e-06      0.0000000000 -6.7533626539e-08 -6.7271152629e-08    0.025991666667  0.00099166666667
-5.7912904424e-08  6.5115340583e-10  9.5365639030e-06      0.0000000000 -6.7313983569e-08 -6.6864101192e-08    0.026008333333   0.0010083333333
-5.8150022329e-08  6.1954796086e-10  9.5369039114e-06      0.0000000000 -6.7094795345e-08 -6.6688372575e-08    0.026025000000   0.0010250000000
-5.7695303086e-08  6.3583021030e-10  9.5372340292e-06      0.0000000000 -6.6875152375e-08 -6.6897715560e-08    0.026041666667   0.0010416666667
-5.7800422843e-08  6.1330444881e-10  9.5375639094e-06      0.0000000000 -6.6655054657e-08 -6.7183170402e-08    0.026058333333   0.0010583333333
-5.7569457131e-08  6.1408870361e-10  9.5379039109e-06      0.0000000000 -6.6435411687e-08 -6.7105769312e-08    0.026075000000   0.0010750000000
-5.7298870055e-08  6.1761728026e-10  9.5382340251e-06      0.0000000000 -6.6215768716e-08 -6.6546792885e-08    0.026091666667   0.0010916666667
-5.7089560102e-08  6.1687007987e-10  9.5385639124e-06      0.0000000000 -6.5995670998e-08 -6.6410763181e-08    0.026108333333   0.0011083333333
-5.7106374427e-08  6.0046067821e-10  9.5389039033e-06      0.0000000000 -6.5775573280e-08 -6.6222802582e-08    0.026125000000   0.0011250000000
-5.6759256049e-08  6.0925859752e-10  9.5392340316e-06      0.0000000000 -6.5555475563e-08 -6.6225679770e-08    0.026141666667   0.0011416666667
-5.6644048141e-08  6.0199354253e-10  9.5395639084e-06      0.0000000000 -6.5335377845e-08 -6.5039319005e-08    0.026158333333   0.0011583333333
-5.6450283657e-08  6.0013810816e-10  9.5399039098e-06      0.0000000000 -6.5114825380e-08 -6.5873986700e-08    0.026175000000   0.0011750000000
-5.6523155864e-08  5.7984593088e-10  9.5402340310e-06      0.0000000000 -6.4894727662e-08 -6.5277182318e-08    0.026191666667   0.0011916666667
-5.6374017685e-08  5.7489951414e-10  9.5405639078e-06      0.0000000000 -6.4674175197e-08 -6.5626281201e-08    0.026208333333   0.0012083333333
-5.6569343125e-08  5.4609427699e-10  9.5409039128e-06      0.0000000000 -6.4453622731e-08 -6.4101103964e-08    0.026225000000   0.0012250000000
-5.6327459674e-08  5.4757173972e-10  9.5412340270e-06      0.0000000000 -6.4233070266e-08 -6.3462572485e-08    0.026241666667   0.0012416666667
-5.6198294225e-08  5.4124193797e-10  9.5415639108e-06      0.0000000000 -6.4012517801e-08 -6.4103698150e-08    0.026258333333   0.0012583333333
-5.5730029195e-08  5.5839942357e-10  9.5419039052e-06      0.0000000000 -6.3791965336e-08 -6.4237259446e-08    0.026275000000   0.0012750000000
-5.5860900415e-08  5.3405852339e-10  9.5422340300e-06      0.0000000000 -6.3571412871e-08 -6.3574641340e-08    0.026291666667   0.0012916666667
-5.5522556215e-08  5.4218571577e-10  9.5425639103e-06      0.0000000000 -6.3350405658e-08 -6.4081734038e-08    0.026308333333   0.0013083333333
-5.5430051457e-08  5.3328516197e-10  9.5429039082e-06      0.0000000000 -6.3129398446e-08 -6.3900817048e-08    0.026325000000   0.0013250000000
-5.5087640410e-08  5.4169403917e-10  9.5432340364e-06      0.0000000000 -6.2908391233e-08 -6.2969645617e-08    0.026341666667   0.0013416666667
-5.5236028935e-08  5.1610832831e-10  9.5435639027e-06      0.0000000000 -6.2687384021e-08 -6.2861413014e-08    0.026358333333   0.0013583333333
-5.4782501937e-08  5.3221350606e-10  9.5439039111e-06      0.0000000000 -6.2466376808e-08 -6.3283196285e-08    0.026375000000   0.0013750000000
-5.4575759972e-08  5.3119394490e-10  9.5442340289e-06      0.0000000000 -6.2244914848e-08 -6.3731361645e-08    0.026391666667   0.0013916666667
-5.4388200916e-08  5.2887720226e-10  9.5445639092e-06      0.0000000000 -6.2023907636e-08 -6.3210103116e-08    0.026408333333   0.0014083333333
-5.3992158061e-08  5.4096931880e-10  9.5449039106e-06      0.0000000000 -6.1802445676e-08 -6.2799042483e-08    0.026425000000   0.0014250000000
-5.4008704990e-08  5.2448394551e-10  9.5452340284e-06      0.0000000000 -6.1580983716e-08 -6.2633564833e-08    0.026441666667   0.0014416666667
-5.3774308146e-08  5.2537986331e-10  9.5455639121e-06      0.0000000000 -6.1359521756e-08 -6.2702381524e-08    0.026458333333   0.0014583333333
-5.3791818283e-08  5.0882777471e-10  9.5459039031e-06      0.0000000000 -6.1138059796e-08 -6.1372208495e-08    0.026475000000   0.0014750000000
-5.3664270975e-08  5.0229140218e-10  9.5462340348e-06      0.0000000000 -6.0916143089e-08 -6.1730096168e-08    0.026491666667   0.0014916666667
-5.3597461569e-08  4.9157959601e-10  9.5465639046e-06      0.0000000000 -6.0694681129e-08 -6.1100809427e-08    0.026508333333   0.0015083333333
-5.3505849787e-08  4.8255419643e-10  9.5469039130e-06      0.0000000000 -6.0472764422e-08 -6.0350492096e-08    0.026525000000   0.0015250000000
-5.3401461945e-08  4.7441371391e-10  9.5472340308e-06      0.0000000000 -6.0250847715e-08 -6.0871153176e-08    0.026541666667   0.0015416666667
-5.3469146535e-08  4.5435486022e-10  9.5475639076e-06      0.0000000000 -6.0028931007e-08 -6.0853009593e-08    0.026558333333   0.0015583333333
-5.3090674156e-08  4.6519848332e-10  9.5479039125e-06      0.0000000000 -5.9807014300e-08 -6.0232716032e-08    0.026575000000   0.0015750000000
-5.3195653985e-08  4.4255642387e-10  9.5482340268e-06      0.0000000000 -5.9585097593e-08 -5.9631603727e-08    0.026591666667   0.0015916666667
-5.2977809655e-08  4.4224285852e-10  9.5485639140e-06      0.0000000000 -5.9362726138e-08 -5.9901587785e-08    0.026608333333   0.0016083333333
-5.2960359249e-08  4.2808076858e-10  9.5489039050e-06      0.0000000000 -5.9140809431e-08 -5.8100609223e-08    0.026625000000   0.0016250000000
-5.2482231104e-08  4.4579542000e-10  9.5492340332e-06      0.0000000000 -5.8918437976e-08 -5.8197851909e-08    0.026641666667   0.0016416666667
-5.2616315586e-08  4.2110596745e-10  9.5495639065e-06      0.0000000000 -5.8696066522e-08 -5.8155888978e-08    0.026658333333   0.0016583333333
-5.2399874253e-08  4.2069522537e-10  9.5499039079e-06      0.0000000000 -5.8473695067e-08 -5.8303506048e-08    0.026675000000   0.0016750000000
-5.2271502159e-08  4.1418448306e-10  9.5502340327e-06      0.0000000000 -5.8251323613e-08 -5.8862340974e-08    0.026691666667   0.0016916666667
-5.2242582006e-08  4.0075383511e-10  9.5505639060e-06      0.0000000000 -5.8028497411e-08 -5.8517754403e-08    0.026708333333   0.0017083333333
-5.2029745555e-08  4.0009340566e-10  9.5509039144e-06      0.0000000000 -5.7806125956e-08 -5.8315675141e-08    0.026725000000   0.0017250000000
-5.1869165206e-08  3.9578202831e-10  9.5512340287e-06      0.0000000000 -5.7583299754e-08 -5.7727313656e-08    0.026741666667   0.0017416666667
-5.1540589693e-08  4.0310661558e-10  9.5515639124e-06      0.0000000000 -5.7360473552e-08 -5.6929467685e-08    0.026758333333   0.0017583333333
-5.1411760194e-08  3.9659605728e-10  9.5519039069e-06      0.0000000000 -5.7137647350e-08 -5.7526948128e-08    0.026775000000   0.0017750000000
-5.1359669889e-08  3.8477025957e-10  9.5522340316e-06      0.0000000000 -5.6914821148e-08 -5.7003079690e-08    0.026791666667   0.0017916666667
-5.1299334205e-08  3.7351556714e-10  9.5525639119e-06      0.0000000000 -5.6691994947e-08 -5.6647424591e-08    0.026808333333   0.0018083333333
-5.0744136664e-08  3.9650533416e-10  9.5529039063e-06      0.0000000000 -5.6468713997e-08 -5.6543814356e-08    0.026825000000   0.0018250000000
-5.0866682980e-08  3.7258356005e-10  9.5532340381e-06      0.0000000000 -5.6245887795e-08 -5.5658756554e-08    0.026841666667   0.0018416666667
-5.0508940864e-08  3.8189683625e-10  9.5535639044e-06      0.0000000000 -5.6022606846e-08 -5.6176619057e-08    0.026858333333   0.0018583333333
-5.0311932851e-08  3.8007707580e-10  9.5539039128e-06      0.0000000000 -5.5799325897e-08 -5.5168109425e-08    0.026875000000   0.0018750000000
-5.0224769517e-08  3.7064906790e-10  9.5542340306e-06      0.0000000000 -5.5576044947e-08 -5.6868496442e-08    0.026891666667   0.0018916666667
-4.9605305854e-08  3.9809014343e-10  9.5545639073e-06      0.0000000000 -5.5352763998e-08 -5.5293636604e-08    0.026908333333   0.0019083333333
-4.9194826184e-08  4.1105621711e-10  9.5549039123e-06      0.0000000000 -5.5129483049e-08 -5.4543445052e-08    0.026925000000   0.0019250000000
-4.9121020842e-08  4.0070298536e-10  9.5552340300e-06      0.0000000000 -5.4906202100e-08 -5.4120608385e-08    0.026941666667   0.0019416666667
-4.8733919216e-08  4.1201831206e-10  9.5555639138e-06      0.0000000000 -5.4682466403e-08 -5.4511827422e-08    0.026958333333   0.0019583333333
-4.8749412992e-08  3.9544839663e-10  9.5559039047e-06      0.0000000000 -5.4458730706e-08 -5.5103883658e-08    0.026975000000   0.0019750000000
-4.8612353919e-08  3.8944485410e-10  9.5562340365e-06      0.0000000000 -5.4234995010e-08 -5.3978729970e-08    0.026991666667   0.0019916666667
-4.8390023317e-08  3.8934753204e-10  9.5565639063e-06      0.0000000000 -5.4011259313e-08 -5.3812497647e-08    0.027008333333   0.0020083333333
-4.8709372895e-08  3.5173144343e-10  9.5569039112e-06      0.0000000000 -5.3787523616e-08 -5.4262313854e-08    0.027025000000   0.0020250000000
-4.8357860521e-08  3.6058172727e-10  9.5572340324e-06      0.0000000000 -5.3563787920e-08 -5.2836281706e-08    0.027041666667   0.0020416666667
-4.8500623549e-08  3.3519667424e-10  9.5575639057e-06      0.0000000000 -5.3340052223e-08 -5.2777653092e-08    0.027058333333   0.0020583333333
-4.8009923017e-08  3.5365614564e-10  9.5579039141e-06      0.0000000000 -5.3115861779e-08 -5.2375224024e-08    0.027075000000   0.0020750000000
-4.7801498694e-08  3.5256412593e-10  9.5582340284e-06      0.0000000000 -5.2891671335e-08 -5.2776536806e-08    0.027091666667   0.0020916666667
-4.7815199401e-08  3.3608690765e-10  9.5585639157e-06      0.0000000000 -5.2667480891e-08 -5.2845180551e-08    0.027108333333   0.0021083333333
-4.7360746717e-08  3.5206721692e-10  9.5589039066e-06      0.0000000000 -5.2443745195e-08 -5.2859346381e-08    0.027125000000   0.0021250000000
-4.7275051631e-08  3.4244302030e-10  9.5592340349e-06      0.0000000000 -5.2219100003e-08 -5.2306124331e-08    0.027141666667   0.0021416666667
-4.7277840438e-08  3.2672160045e-10  9.5595639117e-06      0.0000000000 -5.1994909559e-08 -5.1253529252e-08    0.027158333333   0.0021583333333
-4.7157947053e-08  3.1949760156e-10  9.5599039096e-06      0.0000000000 -5.1770719115e-08 -5.1480072479e-08    0.027175000000   0.0021750000000
-4.7311763895e-08  2.9328392561e-10  9.5602340343e-06      0.0000000000 -5.1546073924e-08 -5.1006704204e-08    0.027191666667   0.0021916666667
-4.6938048335e-08  3.0364058647e-10  9.5605639076e-06      0.0000000000 -5.1321883480e-08 -5.0750005525e-08    0.027208333333   0.0022083333333
-4.6738130986e-08  3.0192784497e-10  9.5609039160e-06      0.0000000000 -5.1097238289e-08 -5.2106403420e-08    0.027225000000   0.0022250000000
-4.6186046226e-08  3.2460751682e-10  9.5612340268e-06      0.0000000000 -5.0872593097e-08 -5.2238832707e-08    0.027241666667   0.0022416666667
-4.6183278640e-08  3.0923945574e-10  9.5615639106e-06      0.0000000000 -5.0647947906e-08 -5.0852861086e-08    0.027258333333   0.0022583333333
-4.5762936904e-08  3.2279412003e-10  9.5619039085e-06      0.0000000000 -5.0423302715e-08 -5.0295928563e-08    0.027275000000   0.0022750000000
-4.5881310665e-08  2.9900386515e-10  9.5622340333e-06      0.0000000000 -5.0198202776e-08 -5.1977464492e-08    0.027291666667   0.0022916666667
-4.5690451742e-08  2.9666370362e-10  9.5625639135e-06      0.0000000000 -4.9973557585e-08 -5.0743858089e-08    0.027308333333   0.0023083333333
-4.5698143728e-08  2.8053967651e-10  9.5629039080e-06      0.0000000000 -4.9748457646e-08 -4.9705570341e-08    0.027325000000   0.0023250000000
-4.5687475187e-08  2.6568736723e-10  9.5632340397e-06      0.0000000000 -4.9523357707e-08 -4.9266932719e-08    0.027341666667   0.0023416666667
-4.5460658047e-08  2.6580630698e-10  9.5635639060e-06      0.0000000000 -4.9298257768e-08 -4.9826726709e-08    0.027358333333   0.0023583333333
-4.5103980479e-08  2.7491985870e-10  9.5639039109e-06      0.0000000000 -4.9073157830e-08 -4.7417985292e-08    0.027375000000   0.0023750000000
-4.5080323999e-08  2.6096714201e-10  9.5642340322e-06      0.0000000000 -4.8848057891e-08 -4.8057192831e-08    0.027391666667   0.0023916666667
-4.4624697355e-08  2.7693427163e-10  9.5645639090e-06      0.0000000000 -4.8622957952e-08 -4.7617407479e-08    0.027408333333   0.0024083333333
-4.4474281415e-08  2.7176138248e-10  9.5649039139e-06      0.0000000000 -4.8397858014e-08 -4.8501113160e-08    0.027425000000   0.0024250000000
-4.4416630271e-08  2.6013176406e-10  9.5652340317e-06      0.0000000000 -4.8172303328e-08 -4.7915440195e-08    0.027441666667   0.0024416666667
-4.4106361162e-08  2.6599939738e-10  9.5655639154e-06      0.0000000000 -4.7946748642e-08 -4.7989854040e-08    0.027458333333   0.0024583333333
-4.4079032469e-08  2.5230103166e-10  9.5659039064e-06      0.0000000000 -4.7721648703e-08 -4.9451670239e-08    0.027475000000   0.0024750000000
-4.3720744320e-08  2.6149464071e-10  9.5662340381e-06      0.0000000000 -4.7496094017e-08 -4.9005564505e-08    0.027491666667   0.0024916666667
-4.3822869415e-08  2.3879833083e-10  9.5665639079e-06      0.0000000000 -4.7270539331e-08 -4.7005997040e-08    0.027508333333   0.0025083333333
-4.3786133656e-08  2.2568853826e-10  9.5669039128e-06      0.0000000000 -4.7044529897e-08 -4.8358841686e-08    0.027525000000   0.0025250000000
-4.3606988498e-08  2.2247404318e-10  9.5672340341e-06      0.0000000000 -4.6818975211e-08 -4.7586780356e-08    0.027541666667   0.0025416666667
-4.3313666500e-08  2.2716785714e-10  9.5675639074e-06      0.0000000000 -4.6593420525e-08 -4.7382767246e-08    0.027558333333   0.0025583333333
-4.2917968776e-08  2.3892109383e-10  9.5679039158e-06      0.0000000000 -4.6367411092e-08 -4.6669460308e-08    0.027575000000   0.0025750000000
-4.2758985270e-08  2.3427863095e-10  9.5682340301e-06      0.0000000000 -4.6141401659e-08 -4.7489804951e-08    0.027591666667   0.0025916666667
-4.2433459005e-08  2.4120303110e-10  9.5685639138e-06      0.0000000000 -4.5915846973e-08 -4.6040472292e-08    0.027608333333   0.0026083333333
-4.2500240144e-08  2.2092327645e-10  9.5689039083e-06      0.0000000000 -4.5689837539e-08 -4.3384088265e-08    0.027625000000   0.0026250000000
-4.2200176246e-08  2.2605256176e-10  9.5692340365e-06      0.0000000000 -4.5463828106e-08 -4.4271504418e-08    0.027641666667   0.0026416666667
-4.1988812968e-08  2.2500661757e-10  9.5695639098e-06      0.0000000000 -4.5237363925e-08 -4.4308263254e-08    0.027658333333   0.0026583333333
-4.1904181342e-08  2.1521426931e-10  9.5699039112e-06      0.0000000000 -4.5011354492e-08 -4.4148445647e-08    0.027675000000   0.0026750000000
-4.1751538975e-08  2.1013259575e-10  9.5702340360e-06      0.0000000000 -4.4785345058e-08 -4.5914300496e-08    0.027691666667   0.0026916666667
-4.1641504070e-08  2.0206827480e-10  9.5705639093e-06      0.0000000000 -4.4558880878e-08 -4.5173573794e-08    0.027708333333   0.0027083333333
-4.1381056747e-08  2.0442207256e-10  9.5709039142e-06      0.0000000000 -4.4332416697e-08 -4.4064944288e-08    0.027725000000   0.0027250000000
-4.1224197642e-08  1.9963246586e-10  9.5712340285e-06      0.0000000000 -4.4106407263e-08 -4.2300300059e-08    0.027741666667   0.0027416666667
-4.1062500608e-08  1.9514645443e-10  9.5715639122e-06      0.0000000000 -4.3879943083e-08 -4.5131280694e-08    0.027758333333   0.0027583333333
-4.0856962284e-08  1.9366555496e-10  9.5719039102e-06      0.0000000000 -4.3653024155e-08 -4.4110586247e-08    0.027775000000   0.0027750000000
-4.0552580937e-08  1.9906238520e-10  9.5722340349e-06      0.0000000000 -4.3426559974e-08 -4.4771852232e-08    0.027791666667   0.0027916666667
-4.0084227720e-08  2.1581651178e-10  9.5725639152e-06      0.0000000000 -4.3200095793e-08 -4.4740423270e-08    0.027808333333   0.0028083333333
-4.0158536860e-08  1.9498384253e-10  9.5729039096e-06      0.0000000000 -4.2973631612e-08 -4.4092143940e-08    0.027825000000   0.0028250000000
-3.9879049039e-08  1.9862495790e-10  9.5732340379e-06      0.0000000000 -4.2746712684e-08 -4.2920011894e-08    0.027841666667   0.0028416666667
-3.9686946192e-08  1.9621346775e-10  9.5735639077e-06      0.0000000000 -4.2519793756e-08 -4.1362745356e-08    0.027858333333   0.0028583333333
-3.9681746771e-08  1.8085635717e-10  9.5739039126e-06      0.0000000000 -4.2292874828e-08 -4.2227206890e-08    0.027875000000   0.0028750000000
-3.9411082500e-08  1.8391781840e-10  9.5742340338e-06      0.0000000000 -4.2066410647e-08 -4.1897179208e-08    0.027891666667   0.0028916666667
-3.9285287346e-08  1.7691361288e-10  9.5745639106e-06      0.0000000000 -4.1839491719e-08 -3.8577422402e-08    0.027908333333   0.0029083333333
-3.9218346737e-08  1.6580142720e-10  9.5749039120e-06      0.0000000000 -4.1612118044e-08 -4.1005345076e-08    0.027925000000   0.0029250000000
-3.9157528955e-08  1.5429664933e-10  9.5752340333e-06      0.0000000000 -4.1385199116e-08 -3.9911007179e-08    0.027941666667   0.0029416666667
-3.8971042904e-08  1.5149611916e-10  9.5755639136e-06      0.0000000000 -4.1158280188e-08 -3.9981946386e-08    0.027958333333   0.0029583333333
-3.9092081146e-08  1.2736382509e-10  9.5759039080e-06      0.0000000000 -4.0930906512e-08 -4.0732090771e-08    0.027975000000   0.0029750000000
-3.8990706312e-08  1.1866817823e-10  9.5762340398e-06      0.0000000000 -4.0703987584e-08 -4.1299855988e-08    0.027991666667   0.0029916666667
-3.8805696754e-08  1.1573388327e-10  9.5765639096e-06      0.0000000000 -4.0476613909e-08 -4.0366750709e-08    0.028008333333   0.0030083333333
-3.8635239245e-08  1.1179165967e-10  9.5769039145e-06      0.0000000000 -4.0249240233e-08 -4.1065876093e-08    0.028025000000   0.0030250000000
-3.8379470130e-08  1.1375843250e-10  9.5772340357e-06      0.0000000000 -4.0021866558e-08 -4.1434187679e-08    0.028041666667   0.0030416666667
-3.8134156294e-08  1.1500103422e-10  9.5775639090e-06      0.0000000000 -3.9794492882e-08 -4.2093614150e-08    0.028058333333   0.0030583333333
-3.7616067135e-08  1.3513706055e-10  9.5779039139e-06      0.0000000000 -3.9567119207e-08 -3.9988927106e-08    0.028075000000   0.0030750000000
-3.7119896646e-08  1.5372342146e-10  9.5782340317e-06      0.0000000000 -3.9339290784e-08 -4.0052885594e-08    0.028091666667   0.0030916666667
-3.6959511271e-08  1.4908356483e-10  9.5785639155e-06      0.0000000000 -3.9111917109e-08 -3.8769800980e-08    0.028108333333   0.0031083333333
-3.6840357346e-08  1.4155636839e-10  9.5789039064e-06      0.0000000000 -3.8884088686e-08 -3.7893138908e-08    0.028125000000   0.0031250000000
-3.6594755501e-08  1.4278742112e-10  9.5792340381e-06      0.0000000000 -3.8656260263e-08 -3.7685981329e-08    0.028141666667   0.0031416666667
-3.6462936913e-08  1.3616892344e-10  9.5795639114e-06      0.0000000000 -3.8428886588e-08 -3.8644037966e-08    0.028158333333   0.0031583333333
-3.6726178017e-08  1.0215563728e-10  9.5799039129e-06      0.0000000000 -3.8201058165e-08 -3.8689821426e-08    0.028175000000   0.0031750000000
-3.6183705163e-08  1.2394907077e-10  9.5802340376e-06      0.0000000000 -3.7973229742e-08 -3.5998533800e-08    0.028191666667   0.0031916666667
-3.6240408369e-08  1.0424136103e-10  9.5805639109e-06      0.0000000000 -3.7745401319e-08 -3.5737417142e-08    0.028208333333   0.0032083333333
-3.5907070754e-08  1.1151781927e-10  9.5809039158e-06      0.0000000000 -3.7517118149e-08 -3.6949656883e-08    0.028225000000   0.0032250000000
-3.5693496030e-08  1.1053055549e-10  9.5812340301e-06      0.0000000000 -3.7289289726e-08 -3.5669999740e-08    0.028241666667   0.0032416666667
-3.5472286985e-08  1.1007207302e-10  9.5815639139e-06      0.0000000000 -3.7061461303e-08 -3.7272939681e-08    0.028258333333   0.0032583333333
-3.5012514275e-08  1.2610589212e-10  9.5819039118e-06      0.0000000000 -3.6833178133e-08 -3.7206135449e-08    0.028275000000   0.0032750000000
-3.4904882790e-08  1.1774911148e-10  9.5822340365e-06      0.0000000000 -3.6604894963e-08 -3.7230536524e-08    0.028291666667   0.0032916666667
-3.4836128557e-08  1.0669954912e-10  9.5825639133e-06      0.0000000000 -3.6376611793e-08 -3.6663290145e-08    0.028308333333   0.0033083333333
-3.4594462924e-08  1.0762646780e-10  9.5829039113e-06      0.0000000000 -3.6148328623e-08 -3.6094125639e-08    0.028325000000   0.0033250000000
-3.4382026702e-08  1.0652884975e-10  9.5832340395e-06      0.0000000000 -3.5920045453e-08 -3.7842701635e-08    0.028341666667   0.0033416666667
-3.4157224551e-08  1.0628774156e-10  9.5835639093e-06      0.0000000000 -3.5691762283e-08 -3.4146662016e-08    0.028358333333   0.0033583333333
-3.4258812984e-08  8.3439617987e-11  9.5839039142e-06      0.0000000000 -3.5463479112e-08 -3.6305842698e-08    0.028375000000   0.0033750000000
-3.4160129578e-08  7.4463060436e-11  9.5842340355e-06      0.0000000000 -3.5235195942e-08 -3.6692958204e-08    0.028391666667   0.0033916666667
-3.3926696785e-08  7.4788244824e-11  9.5845639123e-06      0.0000000000 -3.5006458025e-08 -3.3949991239e-08    0.028408333333   0.0034083333333
-3.3671383262e-08  7.6660466729e-11  9.5849039137e-06      0.0000000000 -3.4778174855e-08 -3.4485808657e-08    0.028425000000   0.0034250000000
-3.3662355936e-08  6.1442501044e-11  9.5852340349e-06      0.0000000000 -3.4549436937e-08 -3.5408757304e-08    0.028441666667   0.0034416666667
-3.3425076725e-08  6.2034102528e-11  9.5855639152e-06      0.0000000000 -3.4320699020e-08 -3.3899852691e-08    0.028458333333   0.0034583333333
-3.3372479817e-08  4.9833926697e-11  9.5859039097e-06      0.0000000000 -3.4091961102e-08 -3.1508893243e-08    0.028475000000   0.0034750000000
-3.3335400572e-08  3.6558940363e-11  9.5862340414e-06      0.0000000000 -3.3863223185e-08 -3.3512265514e-08    0.028491666667   0.0034916666667
-3.2915534335e-08  4.9797192538e-11  9.5865639112e-06      0.0000000000 -3.3634485267e-08 -3.4388251525e-08    0.028508333333   0.0035083333333
-3.2651783346e-08  5.2222326949e-11  9.5869039126e-06      0.0000000000 -3.3405747350e-08 -3.1728550084e-08    0.028525000000   0.0035250000000
-3.2418931703e-08  5.2475761258e-11  9.5872340374e-06      0.0000000000 -3.3176554685e-08 -3.2578987289e-08    0.028541666667   0.0035416666667
-3.2208288055e-08  5.1222485433e-11  9.5875639107e-06      0.0000000000 -3.2947816767e-08 -3.3567010709e-08    0.028558333333   0.0035583333333
-3.1913439240e-08  5.5770072515e-11  9.5879039156e-06      0.0000000000 -3.2718624102e-08 -3.3094428551e-08    0.028575000000   0.0035750000000
-3.2080304046e-08  2.8369169193e-11  9.5882340333e-06      0.0000000000 -3.2489886185e-08 -3.1593510888e-08    0.028591666667   0.0035916666667
-3.1933710651e-08  2.2648039155e-11  9.5885639171e-06      0.0000000000 -3.2260693520e-08 -3.2575276816e-08    0.028608333333   0.0036083333333
-3.1846153468e-08  1.2837843469e-11  9.5889039115e-06      0.0000000000 -3.2031500855e-08 -3.3205978568e-08    0.028625000000   0.0036250000000
-3.1822846642e-08 -1.4225688534e-12  9.5892340398e-06      0.0000000000 -3.1802308190e-08 -3.1847332378e-08    0.028641666667   0.0036416666667
-3.1607177500e-08 -2.3592579766e-12  9.5895639096e-06      0.0000000000 -3.1573115526e-08 -3.2431197273e-08    0.028658333333   0.0036583333333
-3.1448033818e-08 -7.2111087870e-12  9.5899039145e-06      0.0000000000 -3.1343922861e-08 -3.2385555314e-08    0.028675000000   0.0036750000000
-3.1186454541e-08 -4.9678926247e-12  9.5902340393e-06      0.0000000000 -3.1114730196e-08 -2.9144598887e-08    0.028691666667   0.0036916666667
-3.0764664866e-08  8.3405889685e-12  9.5905639125e-06      0.0000000000 -3.0885082784e-08 -3.0121192164e-08    0.028708333333   0.0037083333333
-3.0081240996e-08  3.9802317137e-11  9.5909039175e-06      0.0000000000 -3.0655890119e-08 -3.0946835236e-08    0.028725000000   0.0037250000000
-2.9678287173e-08  5.1806158142e-11  9.5912340317e-06      0.0000000000 -3.0426242707e-08 -3.0854309253e-08    0.028741666667   0.0037416666667
-2.9160194618e-08  7.1816429785e-11  9.5915639155e-06      0.0000000000 -3.0197050042e-08 -2.9524765118e-08    0.028758333333   0.0037583333333
-2.9129606175e-08  5.8028871596e-11  9.5919039099e-06      0.0000000000 -2.9967402630e-08 -3.1892769947e-08    0.028775000000   0.0037750000000
-2.8843173489e-08  6.1962029042e-11  9.5922340382e-06      0.0000000000 -2.9737755217e-08 -2.9682051428e-08    0.028791666667   0.0037916666667
-2.8921136542e-08  4.0655794038e-11  9.5925639150e-06      0.0000000000 -2.9508107805e-08 -2.9014386450e-08    0.028808333333   0.0038083333333
-2.8522830964e-08  5.2337680459e-11  9.5929039129e-06      0.0000000000 -2.9278460393e-08 -2.8137740101e-08    0.028825000000   0.0038250000000
-2.8124158272e-08  6.4044994575e-11  9.5932340411e-06      0.0000000000 -2.9048812981e-08 -2.9555266462e-08    0.028841666667   0.0038416666667
-2.8266783168e-08  3.8228544373e-11  9.5935639109e-06      0.0000000000 -2.8818710821e-08 -2.9502690950e-08    0.028858333333   0.0038583333333
-2.7637238292e-08  6.5926917214e-11  9.5939039159e-06      0.0000000000 -2.8589063409e-08 -2.9585359024e-08    0.028875000000   0.0038750000000
-2.7562921044e-08  5.5136679833e-11  9.5942340371e-06      0.0000000000 -2.8358961250e-08 -2.9002720472e-08    0.028891666667   0.0038916666667
-2.7437068829e-08  4.7947441767e-11  9.5945639139e-06      0.0000000000 -2.8129313837e-08 -2.9734658385e-08    0.028908333333   0.0039083333333
-2.7062771588e-08  5.7934924784e-11  9.5949039118e-06      0.0000000000 -2.7899211678e-08 -2.7059218879e-08    0.028925000000   0.0039250000000
-2.6744500701e-08  6.4041815934e-11  9.5952340366e-06      0.0000000000 -2.7669109518e-08 -2.7569220211e-08    0.028941666667   0.0039416666667
-2.6565501888e-08  6.0502209717e-11  9.5955639169e-06      0.0000000000 -2.7439007359e-08 -2.7733817410e-08    0.028958333333   0.0039583333333
-2.6361415324e-08  5.8700273650e-11  9.5959039113e-06      0.0000000000 -2.7208905199e-08 -2.5855846540e-08    0.028975000000   0.0039750000000
-2.5891972942e-08  7.5277859981e-11  9.5962340430e-06      0.0000000000 -2.6978803040e-08 -2.6680844995e-08    0.028991666667   0.0039916666667
-2.5923629373e-08  5.7147494835e-11  9.5965639093e-06      0.0000000000 -2.6748700880e-08 -2.6637655721e-08    0.029008333333   0.0040083333333
-2.5605725601e-08  6.3228958291e-11  9.5969039143e-06      0.0000000000 -2.6518598720e-08 -2.6070252118e-08    0.029025000000   0.0040250000000
-2.5215735442e-08  7.4271893145e-11  9.5972340390e-06      0.0000000000 -2.6288041814e-08 -2.4918936453e-08    0.029041666667   0.0040416666667
-2.5212548071e-08  5.8554938202e-11  9.5975639123e-06      0.0000000000 -2.6057939654e-08 -2.4515532600e-08    0.029058333333   0.0040583333333
-2.4803805423e-08  7.0896739670e-11  9.5979039172e-06      0.0000000000 -2.5827382747e-08 -2.6412684729e-08    0.029075000000   0.0040750000000
-2.5011182719e-08  4.0595299443e-11  9.5982340350e-06      0.0000000000 -2.5597280588e-08 -2.4411293472e-08    0.029091666667   0.0040916666667
-2.4845553942e-08  3.6098137767e-11  9.5985639188e-06      0.0000000000 -2.5366723681e-08 -2.5186703661e-08    0.029108333333   0.0041083333333
-2.4796545695e-08  2.3523408179e-11  9.5989039062e-06      0.0000000000 -2.5136166774e-08 -2.6892404830e-08    0.029125000000   0.0041250000000
-2.4750179923e-08  1.0765651008e-11  9.5992340414e-06      0.0000000000 -2.4905609867e-08 -2.6001388260e-08    0.029141666667   0.0041416666667
-2.4644195741e-08  2.1372847752e-12  9.5995639112e-06      0.0000000000 -2.4675052960e-08 -2.4914345529e-08    0.029158333333   0.0041583333333
-2.4501455769e-08 -3.9452399739e-12  9.5999039161e-06      0.0000000000 -2.4444496053e-08 -2.5183008911e-08    0.029175000000   0.0041750000000
-2.4470845990e-08 -1.7794315292e-11  9.6002340409e-06      0.0000000000 -2.4213939146e-08 -2.3276517711e-08    0.029191666667   0.0041916666667
-2.4267536978e-08 -1.9713102407e-11  9.6005639107e-06      0.0000000000 -2.3982927492e-08 -2.3439652732e-08    0.029208333333   0.0042083333333
-2.3604894403e-08  1.0214744149e-11  9.6009039191e-06      0.0000000000 -2.3752370585e-08 -2.2856416731e-08    0.029225000000   0.0042250000000
-2.3706332259e-08 -1.2811934758e-11  9.6012340334e-06      0.0000000000 -2.3521358931e-08 -2.4911389729e-08    0.029241666667   0.0042416666667
-2.3267200878e-08  1.6347024030e-12  9.6015639171e-06      0.0000000000 -2.3290802024e-08 -2.2593822174e-08    0.029258333333   0.0042583333333
-2.3135336488e-08 -5.2326027285e-12  9.6019039116e-06      0.0000000000 -2.3059790370e-08 -2.2073868599e-08    0.029275000000   0.0042750000000
-2.2862748400e-08 -2.3528656138e-12  9.6022340398e-06      0.0000000000 -2.2828778715e-08 -2.1738495320e-08    0.029291666667   0.0042916666667
-2.2757017530e-08 -1.1030274663e-11  9.6025639166e-06      0.0000000000 -2.2597767061e-08 -2.2221469947e-08    0.029308333333   0.0043083333333
-2.2659143816e-08 -2.0251899293e-11  9.6029039145e-06      0.0000000000 -2.2366755407e-08 -2.2296905744e-08    0.029325000000   0.0043250000000
-2.2394361316e-08 -1.7912806037e-11  9.6032340428e-06      0.0000000000 -2.2135743753e-08 -2.2597060976e-08    0.029341666667   0.0043416666667
-2.2470348582e-08 -3.9176683200e-11  9.6035639091e-06      0.0000000000 -2.1904732098e-08 -2.3913036730e-08    0.029358333333   0.0043583333333
-2.2234194590e-08 -3.8820505950e-11  9.6039039175e-06      0.0000000000 -2.1673720444e-08 -2.1548569428e-08    0.029375000000   0.0043750000000
-2.2320777674e-08 -6.0818288553e-11  9.6042340353e-06      0.0000000000 -2.1442708790e-08 -2.0954642234e-08    0.029391666667   0.0043916666667
-2.1928552271e-08 -4.9683527396e-11  9.6045639155e-06      0.0000000000 -2.1211242388e-08 -2.1679520815e-08    0.029408333333   0.0044083333333
-2.1825785836e-08 -5.8566264152e-11  9.6049039135e-06      0.0000000000 -2.0980230734e-08 -2.1011934449e-08    0.029425000000   0.0044250000000
-2.1688963284e-08 -6.5121646177e-11  9.6052340382e-06      0.0000000000 -2.0748764332e-08 -1.9827287418e-08    0.029441666667   0.0044416666667
-2.1184159885e-08 -4.6189317845e-11  9.6055639185e-06      0.0000000000 -2.0517297931e-08 -2.1353580942e-08    0.029458333333   0.0044583333333
-2.1092466196e-08 -5.5838993836e-11  9.6059039094e-06      0.0000000000 -2.0286286277e-08 -2.1548585151e-08    0.029475000000   0.0044750000000
-2.0822674502e-08 -5.3184442765e-11  9.6062340447e-06      0.0000000000 -2.0054819875e-08 -2.0790375204e-08    0.029491666667   0.0044916666667
-2.0633411508e-08 -5.6107606348e-11  9.6065639110e-06      0.0000000000 -1.9823353473e-08 -1.8399903149e-08    0.029508333333   0.0045083333333
-2.0228136713e-08 -4.4068996143e-11  9.6069039159e-06      0.0000000000 -1.9591887072e-08 -1.8977856443e-08    0.029525000000   0.0045250000000
-2.0203357003e-08 -5.8416375985e-11  9.6072340406e-06      0.0000000000 -1.9359965923e-08 -1.7998338810e-08    0.029541666667   0.0045416666667
-1.9680045589e-08 -3.8202114330e-11  9.6075639139e-06      0.0000000000 -1.9128499521e-08 -1.8218938992e-08    0.029558333333   0.0045583333333
-1.9349704873e-08 -3.1353714783e-11  9.6079039189e-06      0.0000000000 -1.8897033120e-08 -1.9016470515e-08    0.029575000000   0.0045750000000
-1.8998171453e-08 -2.3037430330e-11  9.6082340366e-06      0.0000000000 -1.8665566718e-08 -1.9215248086e-08    0.029591666667   0.0045916666667
-1.8522735886e-08 -6.1707238315e-12  9.6085639204e-06      0.0000000000 -1.8433645569e-08 -1.8976142708e-08    0.029608333333   0.0046083333333
-1.8045420127e-08  1.0826211695e-11  9.6089039078e-06      0.0000000000 -1.8201724420e-08 -1.7623471008e-08    0.029625000000   0.0046250000000
-1.8024088440e-08 -3.7284934888e-12  9.6092340431e-06      0.0000000000 -1.7970258019e-08 -1.8737288887e-08    0.029641666667   0.0046416666667
-1.7535696996e-08  1.4035584843e-11  9.6095639129e-06      0.0000000000 -1.7738336870e-08 -1.8622956016e-08    0.029658333333   0.0046583333333
-1.7260522847e-08  1.7031447069e-11  9.6099039143e-06      0.0000000000 -1.7506415721e-08 -1.7702617278e-08    0.029675000000   0.0046750000000
-1.7188539017e-08  5.9535986573e-12  9.6102340425e-06      0.0000000000 -1.7274494572e-08 -1.8267127970e-08    0.029691666667   0.0046916666667
-1.6988022143e-08  3.7784227820e-12  9.6105639088e-06      0.0000000000 -1.7042573423e-08 -1.6795328084e-08    0.029708333333   0.0047083333333
-1.6916019342e-08 -7.2981116800e-12  9.6109039207e-06      0.0000000000 -1.6810652274e-08 -1.6064569347e-08    0.029725000000   0.0047250000000
-1.6675562884e-08 -6.7069246698e-12  9.6112340350e-06      0.0000000000 -1.6578731125e-08 -1.6273786553e-08    0.029741666667   0.0047416666667
-1.6614163115e-08 -1.8517864243e-11  9.6115639188e-06      0.0000000000 -1.6346809976e-08 -1.6515077337e-08    0.029758333333   0.0047583333333
-1.6293985682e-08 -1.2436406025e-11  9.6119039132e-06      0.0000000000 -1.6114434080e-08 -1.6072461963e-08    0.029775000000   0.0047750000000
-1.6243390939e-08 -2.4995741492e-11  9.6122340415e-06      0.0000000000 -1.5882512931e-08 -1.5400379006e-08    0.029791666667   0.0047916666667
-1.5760692725e-08 -7.6574948100e-12  9.6125639148e-06      0.0000000000 -1.5650137034e-08 -1.5493738274e-08    0.029808333333   0.0048083333333
-1.5603713370e-08 -1.2848239780e-11  9.6129039127e-06      0.0000000000 -1.5418215885e-08 -1.5455061312e-08    0.029825000000   0.0048250000000
-1.5172731257e-08  9.0795911430e-13  9.6132340444e-06      0.0000000000 -1.5185839989e-08 -1.5042035386e-08    0.029841666667   0.0048416666667
-1.4962328499e-08 -6.1398145152e-13  9.6135639107e-06      0.0000000000 -1.4953464093e-08 -1.5376921272e-08    0.029858333333   0.0048583333333
-1.4538831331e-08  1.2655279995e-11  9.6139039191e-06      0.0000000000 -1.4721542944e-08 -1.5329361187e-08    0.029875000000   0.0048750000000
-1.4297694902e-08  1.3262066792e-11  9.6142340369e-06      0.0000000000 -1.4489167047e-08 -1.4273149969e-08    0.029891666667   0.0048916666667
-1.4220872876e-08  2.4878321457e-12  9.6145639137e-06      0.0000000000 -1.4256791151e-08 -1.5203032169e-08    0.029908333333   0.0049083333333
-1.4110879923e-08 -6.0203592332e-12  9.6149039151e-06      0.0000000000 -1.4023960508e-08 -1.5076577371e-08    0.029925000000   0.0049250000000
-1.4134474630e-08 -2.3749827039e-11  9.6152340399e-06      0.0000000000 -1.3791584611e-08 -1.3384774753e-08    0.029941666667   0.0049416666667
-1.3879700464e-08 -2.2198440261e-11  9.6155639201e-06      0.0000000000 -1.3559208715e-08 -1.3218133649e-08    0.029958333333   0.0049583333333
-1.3690593278e-08 -2.5195390668e-11  9.6159039111e-06      0.0000000000 -1.3326832819e-08 -1.3502629429e-08    0.029975000000   0.0049750000000
-1.3610650799e-08 -3.5784988730e-11  9.6162340463e-06      0.0000000000 -1.3094002175e-08 -1.3854935670e-08    0.029991666667   0.0049916666667
-1.3183943938e-08 -2.2324909585e-11  9.6165639126e-06      0.0000000000 -1.2861626279e-08 -1.3655419149e-08    0.030008333333   0.0050083333333
-1.3075495858e-08 -3.0940104551e-11  9.6169039140e-06      0.0000000000 -1.2628795635e-08 -1.3355153860e-08    0.030025000000   0.0050250000000
-1.2971094566e-08 -3.9804097540e-11  9.6172340423e-06      0.0000000000 -1.2396419739e-08 -1.1951400271e-08    0.030041666667   0.0050416666667
-1.2806266110e-08 -4.4514179755e-11  9.6175639121e-06      0.0000000000 -1.2163589095e-08 -1.1932376237e-08    0.030058333333   0.0050583333333
-1.2481513927e-08 -3.8147355011e-11  9.6179039205e-06      0.0000000000 -1.1930758451e-08 -1.1284301297e-08    0.030075000000   0.0050750000000
-1.2477277964e-08 -5.3980665523e-11  9.6182340383e-06      0.0000000000 -1.1697927808e-08 -1.1861845811e-08    0.030091666667   0.0050916666667
-1.1967457126e-08 -3.4795303315e-11  9.6185639185e-06      0.0000000000 -1.1465097164e-08 -1.1242102531e-08    0.030108333333   0.0051083333333
-1.1993169306e-08 -5.2702932586e-11  9.6189039095e-06      0.0000000000 -1.1232266520e-08 -9.8298274321e-09    0.030125000000   0.0051250000000
-1.1743241389e-08 -5.1518712399e-11  9.6192340447e-06      0.0000000000 -1.0999435877e-08 -1.0002961863e-08    0.030141666667   0.0051416666667
-1.1583144540e-08 -5.6556523172e-11  9.6195639145e-06      0.0000000000 -1.0766605233e-08 -1.0722101789e-08    0.030158333333   0.0051583333333
-1.0991420079e-08 -3.1729711565e-11  9.6199039159e-06      0.0000000000 -1.0533319842e-08 -1.0762586820e-08    0.030175000000   0.0051750000000
-1.1111896927e-08 -5.6201091139e-11  9.6202340442e-06      0.0000000000 -1.0300489198e-08 -1.0547961129e-08    0.030191666667   0.0051916666667
-1.0695469822e-08 -4.3484523266e-11  9.6205639105e-06      0.0000000000 -1.0067658555e-08 -1.0238168100e-08    0.030208333333   0.0052083333333
-1.0548713885e-08 -4.9477872308e-11  9.6209039224e-06      0.0000000000 -9.8343731638e-09 -1.0097736141e-08    0.030225000000   0.0052250000000
-1.0518582734e-08 -6.3517586547e-11  9.6212340367e-06      0.0000000000 -9.6015425202e-09 -8.6294580597e-09    0.030241666667   0.0052416666667
-9.8166106775e-09 -3.1054619957e-11  9.6215639169e-06      0.0000000000 -9.3682571292e-09 -9.6480299907e-09    0.030258333333   0.0052583333333
-9.8856439745e-09 -5.1994327015e-11  9.6219039149e-06      0.0000000000 -9.1349717382e-09 -8.1445024186e-09    0.030275000000   0.0052750000000
-9.5954930075e-09 -4.8055607545e-11  9.6222340431e-06      0.0000000000 -8.9016863472e-09 -8.9654130651e-09    0.030291666667   0.0052916666667
-9.2022694734e-09 -3.6977702018e-11  9.6225639164e-06      0.0000000000 -8.6684009562e-09 -8.6767823093e-09    0.030308333333   0.0053083333333
-9.1734507618e-09 -5.1139818156e-11  9.6229039143e-06      0.0000000000 -8.4351155651e-09 -8.5152195222e-09    0.030325000000   0.0053250000000
-8.7741821313e-09 -3.9643206963e-11  9.6232340461e-06      0.0000000000 -8.2018301741e-09 -7.7635972372e-09    0.030341666667   0.0053416666667
-8.6955654520e-09 -5.0356132240e-11  9.6235639124e-06      0.0000000000 -7.9685447831e-09 -8.3439560501e-09    0.030358333333   0.0053583333333
-8.7347280908e-09 -6.9226887374e-11  9.6239039173e-06      0.0000000000 -7.7352593921e-09 -7.5710457139e-09    0.030375000000   0.0053750000000
-8.5170325135e-09 -7.0306695359e-11  9.6242340386e-06      0.0000000000 -7.5019740011e-09 -7.2707961474e-09    0.030391666667   0.0053916666667
-8.3282318484e-09 -7.3419368976e-11  9.6245639153e-06      0.0000000000 -7.2682338628e-09 -6.6867111395e-09    0.030408333333   0.0054083333333
-8.2775252121e-09 -8.6065446745e-11  9.6249039168e-06      0.0000000000 -7.0349484718e-09 -6.1333947550e-09    0.030425000000   0.0054250000000
-7.8967282780e-09 -7.5879750832e-11  9.6252340415e-06      0.0000000000 -6.8012083334e-09 -6.0914947134e-09    0.030441666667   0.0054416666667
-7.7031356022e-09 -7.8629014644e-11  9.6255639183e-06      0.0000000000 -6.5679229424e-09 -6.7665806372e-09    0.030458333333   0.0054583333333
-7.1768774842e-09 -5.8368140788e-11  9.6259039127e-06      0.0000000000 -6.3341828041e-09 -6.0622826018e-09    0.030475000000   0.0054750000000
-6.9251228514e-09 -5.7120390472e-11  9.6262340445e-06      0.0000000000 -6.1004426657e-09 -6.5318460701e-09    0.030491666667   0.0054916666667
-6.3745961570e-09 -3.5147088048e-11  9.6265639143e-06      0.0000000000 -5.8671572747e-09 -6.6383334929e-09    0.030508333333   0.0055083333333
-6.2696161971e-09 -4.4065492784e-11  9.6269039157e-06      0.0000000000 -5.6334171363e-09 -5.0277367712e-09    0.030525000000   0.0055250000000
-5.9912740948e-09 -4.0976196299e-11  9.6272340439e-06      0.0000000000 -5.3996769980e-09 -5.2255081121e-09    0.030541666667   0.0055416666667
-5.9370841664e-09 -5.3412505890e-11  9.6275639137e-06      0.0000000000 -5.1659368596e-09 -5.7803181191e-09    0.030558333333   0.0055583333333
-5.5872170180e-09 -4.5369120985e-11  9.6279039221e-06      0.0000000000 -4.9321967213e-09 -4.5579217455e-09    0.030575000000   0.0055750000000
-5.2952753859e-09 -4.1337870925e-11  9.6282340399e-06      0.0000000000 -4.6984565829e-09 -3.7922594090e-09    0.030591666667   0.0055916666667
-5.0147503886e-09 -3.8128876560e-11  9.6285639202e-06      0.0000000000 -4.4642616972e-09 -3.7087423279e-09    0.030608333333   0.0056083333333
-5.0261627813e-09 -5.5109044805e-11  9.6289039111e-06      0.0000000000 -4.2305215588e-09 -3.7929040250e-09    0.030625000000   0.0056250000000
-4.6595609358e-09 -4.5906553073e-11  9.6292340464e-06      0.0000000000 -3.9967814205e-09 -3.8146480241e-09    0.030641666667   0.0056416666667
-4.8685369836e-09 -7.6602206017e-11  9.6295639162e-06      0.0000000000 -3.7625865348e-09 -3.1484295012e-09    0.030658333333   0.0056583333333
-4.3371288443e-09 -5.5984622693e-11  9.6299039141e-06      0.0000000000 -3.5288463964e-09 -3.0658557607e-09    0.030675000000   0.0056750000000
-4.4674430253e-09 -8.1231864695e-11  9.6302340458e-06      0.0000000000 -3.2946515107e-09 -2.5306986813e-09    0.030691666667   0.0056916666667
-4.0451453549e-09 -6.8203172241e-11  9.6305639121e-06      0.0000000000 -3.0604566250e-09 -3.0069913120e-09    0.030708333333   0.0057083333333
-3.7982802365e-09 -6.7294087723e-11  9.6309039205e-06      0.0000000000 -2.8267164867e-09 -3.4144515290e-09    0.030725000000   0.0057250000000
-3.5500140109e-09 -6.6319454841e-11  9.6312340383e-06      0.0000000000 -2.5925216010e-09 -2.6353465901e-09    0.030741666667   0.0057416666667
-3.3919649374e-09 -7.1593594562e-11  9.6315639186e-06      0.0000000000 -2.3583267152e-09 -2.4589890791e-09    0.030758333333   0.0057583333333
-3.5208598233e-09 -9.6742530951e-11  9.6319039165e-06      0.0000000000 -2.1241318295e-09 -2.7980256635e-09    0.030775000000   0.0057750000000
-3.0564824039e-09 -8.0799239926e-11  9.6322340448e-06      0.0000000000 -1.8899369438e-09 -2.1800275637e-09    0.030791666667   0.0057916666667
-3.1266470075e-09 -1.0188030041e-10  9.6325639180e-06      0.0000000000 -1.6557420581e-09 -1.9057513063e-09    0.030808333333   0.0058083333333
-2.8798422926e-09 -1.0100689714e-10  9.6329039160e-06      0.0000000000 -1.4215471724e-09 -1.5947948249e-09    0.030825000000   0.0058250000000
-2.7916796098e-09 -1.1112162598e-10  9.6332340477e-06      0.0000000000 -1.1873522867e-09 -7.0200163039e-10    0.030841666667   0.0058416666667
-2.5982195165e-09 -1.1397456538e-10  9.6335639140e-06      0.0000000000 -9.5270265366e-10 -9.5643629211e-10    0.030858333333   0.0058583333333
-1.9885901205e-09 -8.7970586865e-11  9.6339039189e-06      0.0000000000 -7.1850776795e-10 -1.2005570974e-09    0.030875000000   0.0058750000000
-1.9236833577e-09 -9.9696106467e-11  9.6342340402e-06      0.0000000000 -4.8431288225e-10 -5.0050409442e-10    0.030891666667   0.0058916666667
-1.6549511938e-09 -9.7335424708e-11  9.6345639170e-06      0.0000000000 -2.4966324919e-10  3.3009151481e-10    0.030908333333   0.0059083333333
-1.3102944702e-09 -8.9684430518e-11  9.6349039184e-06      0.0000000000 -1.5468363483e-11 -6.3592062667e-10    0.030925000000   0.0059250000000
-1.0336180477e-09 -8.6773500116e-11  9.6352340432e-06      0.0000000000  2.1918126957e-10  1.3133510655e-09    0.030941666667   0.0059416666667
-5.4333503839e-10 -6.9067389889e-11  9.6355639199e-06      0.0000000000  4.5383090263e-10  5.4345941905e-10    0.030958333333   0.0059583333333
 1.0158189914e-11 -4.6951609344e-11  9.6359039144e-06      0.0000000000  6.8802578834e-10  6.9096643236e-10    0.030975000000   0.0059750000000
 1.9785900178e-11 -6.2537457431e-11  9.6362340461e-06      0.0000000000  9.2267542140e-10  1.1941128233e-09    0.030991666667   0.0059916666667
 6.8261319383e-10 -3.2880293854e-11  9.6365639159e-06      0.0000000000  1.1573250545e-09  1.1862673746e-09    0.031008333333   0.0060083333333
 5.5262816736e-10 -5.8136234878e-11  9.6369039173e-06      0.0000000000  1.3919746875e-09  1.4549779229e-09    0.031025000000   0.0060250000000
 6.3780128015e-10 -6.8489529831e-11  9.6372340456e-06      0.0000000000  1.6266243206e-09  1.6792414102e-09    0.031041666667   0.0060416666667
 8.0972747096e-10 -7.2833986719e-11  9.6375639154e-06      0.0000000000  1.8612739536e-09  1.7438602361e-09    0.031058333333   0.0060583333333
 8.4454553203e-10 -8.6675058226e-11  9.6379039168e-06      0.0000000000  2.0959235867e-09  2.4832348167e-09    0.031075000000   0.0060750000000
 8.7186471521e-10 -1.0106702715e-10  9.6382340415e-06      0.0000000000  2.3310279671e-09  2.6271099689e-09    0.031091666667   0.0060916666667
 1.5771965845e-09 -6.8465839936e-11  9.6385639218e-06      0.0000000000  2.5656776001e-09  2.9101121262e-09    0.031108333333   0.0061083333333
 1.5146775055e-09 -8.9048840670e-11  9.6389039128e-06      0.0000000000  2.8003272332e-09  2.7292580254e-09    0.031125000000   0.0061250000000
 1.9622932033e-09 -7.4329523246e-11  9.6392340480e-06      0.0000000000  3.0354316136e-09  2.4778106086e-09    0.031141666667   0.0061416666667
 2.2841516781e-09 -6.8289117302e-11  9.6395639178e-06      0.0000000000  3.2700812467e-09  3.1165307553e-09    0.031158333333   0.0061583333333
 2.5362437096e-09 -6.7112489947e-11  9.6399039157e-06      0.0000000000  3.5051856271e-09  4.0683927889e-09    0.031175000000   0.0061750000000
 2.8923926430e-09 -5.8697000405e-11  9.6402340475e-06      0.0000000000  3.7398352601e-09  3.1422996739e-09    0.031191666667   0.0061916666667
 3.1128465772e-09 -5.9711744332e-11  9.6405639138e-06      0.0000000000  3.9749396405e-09  4.2519196879e-09    0.031208333333   0.0062083333333
 3.1555869682e-09 -7.3035583532e-11  9.6409039222e-06      0.0000000000  4.2100440210e-09  4.4801766500e-09    0.031225000000   0.0062250000000
 3.4891559637e-09 -6.6184063749e-11  9.6412340399e-06      0.0000000000  4.4446936540e-09  3.9558365420e-09    0.031241666667   0.0062416666667
 3.5403488022e-09 -7.8922455271e-11  9.6415639202e-06      0.0000000000  4.6797980344e-09  5.1995209668e-09    0.031258333333   0.0062583333333
 3.6245474662e-09 -8.9374741619e-11  9.6419039182e-06      0.0000000000  4.9149024148e-09  5.2012975914e-09    0.031275000000   0.0062750000000
 4.0324750021e-09 -7.7404372626e-11  9.6422340464e-06      0.0000000000  5.1500067952e-09  5.6203923417e-09    0.031291666667   0.0062916666667
 4.0290768129e-09 -9.3923940022e-11  9.6425639162e-06      0.0000000000  5.3851111756e-09  5.6912529374e-09    0.031308333333   0.0063083333333
 4.5747243358e-09 -7.2414576920e-11  9.6429039176e-06      0.0000000000  5.6202155561e-09  6.7063030638e-09    0.031325000000   0.0063250000000
 4.6988211509e-09 -8.0134867681e-11  9.6432340494e-06      0.0000000000  5.8557746838e-09  4.9486081097e-09    0.031341666667   0.0063416666667
 5.2021925427e-09 -6.1553705300e-11  9.6435639122e-06      0.0000000000  6.0908790642e-09  6.0828178666e-09    0.031358333333   0.0063583333333
 5.3198670134e-09 -6.9687333843e-11  9.6439039206e-06      0.0000000000  6.3259834446e-09  5.8035261821e-09    0.031375000000   0.0063750000000
 5.6552747676e-09 -6.2739952330e-11  9.6442340418e-06      0.0000000000  6.5610878250e-09  6.6280058003e-09    0.031391666667   0.0063916666667
 5.8273379865e-09 -6.7137913107e-11  9.6445639186e-06      0.0000000000  6.7966469528e-09  6.3314509841e-09    0.031408333333   0.0064083333333
 6.2097275618e-09 -5.6936397427e-11  9.6449039166e-06      0.0000000000  7.0317513332e-09  7.1164360790e-09    0.031425000000   0.0064250000000
 6.3073012995e-09 -6.6493774332e-11  9.6452340448e-06      0.0000000000  7.2673104610e-09  6.7025925910e-09    0.031441666667   0.0064416666667
 6.2641868745e-09 -8.5795732141e-11  9.6455639216e-06      0.0000000000  7.5028695887e-09  8.1490480615e-09    0.031458333333   0.0064583333333
 6.7977319140e-09 -6.5124631660e-11  9.6459039160e-06      0.0000000000  7.7379739691e-09  7.3569721904e-09    0.031475000000   0.0064750000000
 6.8983152413e-09 -7.4473553289e-11  9.6462340477e-06      0.0000000000  7.9735330969e-09  8.4193465664e-09    0.031491666667   0.0064916666667
 7.2361311288e-09 -6.7390873061e-11  9.6465639175e-06      0.0000000000  8.2090922246e-09  7.2673862852e-09    0.031508333333   0.0065083333333
 7.4263616992e-09 -7.0530496082e-11  9.6469039190e-06      0.0000000000  8.4446513524e-09  7.7680328238e-09    0.031525000000   0.0065250000000
 7.4614220792e-09 -8.4386281167e-11  9.6472340472e-06      0.0000000000  8.6797557328e-09  8.1059059549e-09    0.031541666667   0.0065416666667
 7.6995030943e-09 -8.4211605951e-11  9.6475639170e-06      0.0000000000  8.9153148606e-09  9.7903662396e-09    0.031558333333   0.0065583333333
 8.2309277218e-09 -6.3718870505e-11  9.6479039184e-06      0.0000000000  9.1508739883e-09  9.3793213285e-09    0.031575000000   0.0065750000000
 8.4839904035e-09 -6.2538007296e-11  9.6482340432e-06      0.0000000000  9.3868878634e-09  9.4121181341e-09    0.031591666667   0.0065916666667
 8.5948478564e-09 -7.1175305104e-11  9.6485639235e-06      0.0000000000  9.6224469912e-09  1.0145895561e-08    0.031608333333   0.0066083333333
 9.0044725421e-09 -5.9118882735e-11  9.6489039144e-06      0.0000000000  9.8580061190e-09  9.1465834988e-09    0.031625000000   0.0066250000000
 9.1619163801e-09 -6.4529435741e-11  9.6492340496e-06      0.0000000000  1.0093565247e-08  9.8450485453e-09    0.031641666667   0.0066416666667
 9.2965488771e-09 -7.1551483803e-11  9.6495639159e-06      0.0000000000  1.0329579122e-08  1.0015038508e-08    0.031658333333   0.0066583333333
 9.6572476921e-09 -6.2883847641e-11  9.6499039174e-06      0.0000000000  1.0565138250e-08  1.0828245207e-08    0.031675000000   0.0066750000000
 9.6747696584e-09 -7.7985905404e-11  9.6502340491e-06      0.0000000000  1.0800697377e-08  1.1263203800e-08    0.031691666667   0.0066916666667
 1.0148375358e-08 -6.1529419595e-11  9.6505639154e-06      0.0000000000  1.1036711252e-08  1.0541972802e-08    0.031708333333   0.0067083333333
 1.0415084881e-08 -5.9371828373e-11  9.6509039238e-06      0.0000000000  1.1272270380e-08  1.1939956292e-08    0.031725000000   0.0067250000000
 1.0686575154e-08 -5.6914602245e-11  9.6512340416e-06      0.0000000000  1.1508284255e-08  1.1531741403e-08    0.031741666667   0.0067416666667
 1.1232668572e-08 -3.5437349717e-11  9.6515639219e-06      0.0000000000  1.1744298130e-08  1.1877475705e-08    0.031758333333   0.0067583333333
 1.1286876038e-08 -4.8029931978e-11  9.6519039128e-06      0.0000000000  1.1980312006e-08  1.1940821021e-08    0.031775000000   0.0067750000000
 1.1545165176e-08 -4.6455567674e-11  9.6522340480e-06      0.0000000000  1.2215871133e-08  1.2427537564e-08    0.031791666667   0.0067916666667
 1.1481873068e-08 -6.7186603666e-11  9.6525639178e-06      0.0000000000  1.2451885008e-08  1.2465035350e-08    0.031808333333   0.0068083333333
 1.1859764252e-08 -5.7359658156e-11  9.6529039193e-06      0.0000000000  1.2687898884e-08  1.3060361833e-08    0.031825000000   0.0068250000000
 1.1840595870e-08 -7.5034522170e-11  9.6532340510e-06      0.0000000000  1.2923912759e-08  1.3636648559e-08    0.031841666667   0.0068416666667
 1.2155127764e-08 -6.9596074692e-11  9.6535639173e-06      0.0000000000  1.3159926634e-08  1.3166550531e-08    0.031858333333   0.0068583333333
 1.2353538232e-08 -7.2200625306e-11  9.6539039222e-06      0.0000000000  1.3395940509e-08  1.3486264357e-08    0.031875000000   0.0068750000000
 1.2520433242e-08 -7.6988052798e-11  9.6542340435e-06      0.0000000000  1.3631954384e-08  1.3561935989e-08    0.031891666667   0.0068916666667
 1.3193524717e-08 -4.6714446587e-11  9.6545639203e-06      0.0000000000  1.3867968259e-08  1.3869134831e-08    0.031908333333   0.0069083333333
 1.3247414479e-08 -5.9360531689e-11  9.6549039182e-06      0.0000000000  1.4104436882e-08  1.3777693690e-08    0.031925000000   0.0069250000000
 1.3729318726e-08 -4.2329257847e-11  9.6552340464e-06      0.0000000000  1.4340450757e-08  1.4114356200e-08    0.031941666667   0.0069416666667
 1.3713504071e-08 -5.9771830435e-11  9.6555639197e-06      0.0000000000  1.4576464632e-08  1.3422101479e-08    0.031958333333   0.0069583333333
 1.4010993449e-08 -5.5545307890e-11  9.6559039177e-06      0.0000000000  1.4812933254e-08  1.5863152309e-08    0.031975000000   0.0069750000000
 1.4212072309e-08 -5.7965035809e-11  9.6562340494e-06      0.0000000000  1.5048947129e-08  1.4995058914e-08    0.031991666667   0.0069916666667
 1.4340802368e-08 -6.5427405975e-11  9.6565639157e-06      0.0000000000  1.5285415752e-08  1.5473253948e-08    0.032008333333   0.0070083333333
 1.4823755857e-08 -4.8323457784e-11  9.6569039206e-06      0.0000000000  1.5521429627e-08  1.5359109745e-08    0.032025000000   0.0070250000000
 1.4952737339e-08 -5.5768413496e-11  9.6572340489e-06      0.0000000000  1.5757898249e-08  1.5233786956e-08    0.032041666667   0.0070416666667
 1.5080888137e-08 -6.3270905381e-11  9.6575639187e-06      0.0000000000  1.5994366872e-08  1.6059823086e-08    0.032058333333   0.0070583333333
 1.5373999931e-08 -5.9347590510e-11  9.6579039201e-06      0.0000000000  1.6230835494e-08  1.6807955011e-08    0.032075000000   0.0070750000000
 1.5800926799e-08 -4.6124252692e-11  9.6582340448e-06      0.0000000000  1.6466849369e-08  1.6689298495e-08    0.032091666667   0.0070916666667
 1.5845694276e-08 -5.9402180836e-11  9.6585639251e-06      0.0000000000  1.6703317992e-08  1.6143324445e-08    0.032108333333   0.0071083333333
 1.6064644693e-08 -6.0615556322e-11  9.6589039126e-06      0.0000000000  1.6939786614e-08  1.6961688072e-08    0.032125000000   0.0071250000000
 1.6281853856e-08 -6.1949537546e-11  9.6592340513e-06      0.0000000000  1.7176255237e-08  1.7644713778e-08    0.032141666667   0.0071416666667
 1.6462889696e-08 -6.5789016459e-11  9.6595639176e-06      0.0000000000  1.7412723859e-08  1.6991481910e-08    0.032158333333   0.0071583333333
 1.6636004255e-08 -7.0177152471e-11  9.6599039190e-06      0.0000000000  1.7649192482e-08  1.7344464212e-08    0.032175000000   0.0071750000000
 1.6832548673e-08 -7.2942450096e-11  9.6602340507e-06      0.0000000000  1.7885661104e-08  1.7510256309e-08    0.032191666667   0.0071916666667
 1.7045776736e-08 -7.4583674421e-11  9.6605639171e-06      0.0000000000  1.8122584474e-08  1.8552820534e-08    0.032208333333   0.0072083333333
 1.7147047496e-08 -8.3947976903e-11  9.6609039255e-06      0.0000000000  1.8359053096e-08  1.7871367062e-08    0.032225000000   0.0072250000000
 1.7413794119e-08 -8.1850810936e-11  9.6612340432e-06      0.0000000000  1.8595521719e-08  1.8510448822e-08    0.032241666667   0.0072416666667
 1.7571042872e-08 -8.7337871197e-11  9.6615639235e-06      0.0000000000  1.8831990341e-08  1.9235814796e-08    0.032258333333   0.0072583333333
 1.7772937681e-08 -8.9764078426e-11  9.6619039145e-06      0.0000000000  1.9068913711e-08  1.9576486504e-08    0.032275000000   0.0072750000000
 1.8164944580e-08 -7.8990923932e-11  9.6622340497e-06      0.0000000000  1.9305382334e-08  1.9204495890e-08    0.032291666667   0.0072916666667
 1.8672742374e-08 -6.0229162489e-11  9.6625639195e-06      0.0000000000  1.9542305703e-08  1.9801253106e-08    0.032308333333   0.0073083333333
 1.8818046284e-08 -6.6543566638e-11  9.6629039174e-06      0.0000000000  1.9778774326e-08  1.9694136790e-08    0.032325000000   0.0073250000000
 1.9204102383e-08 -5.6214083893e-11  9.6632340526e-06      0.0000000000  2.0015697696e-08  2.0294117085e-08    0.032341666667   0.0073416666667
 1.9395909297e-08 -5.9339016033e-11  9.6635639120e-06      0.0000000000  2.0252621066e-08  2.0958637595e-08    0.032358333333   0.0073583333333
 1.9889874861e-08 -4.1503828361e-11  9.6639039239e-06      0.0000000000  2.0489089688e-08  2.1218512187e-08    0.032375000000   0.0073750000000
 1.9981699487e-08 -5.1553902372e-11  9.6642340451e-06      0.0000000000  2.0726013058e-08  2.0935965978e-08    0.032391666667   0.0073916666667
 2.0273579264e-08 -4.7747418996e-11  9.6645639219e-06      0.0000000000  2.0962936428e-08  2.1117574751e-08    0.032408333333   0.0074083333333
 2.0528777529e-08 -4.6481632344e-11  9.6649039198e-06      0.0000000000  2.1199859797e-08  2.0474861130e-08    0.032425000000   0.0074250000000
 2.0824047102e-08 -4.2440359188e-11  9.6652340481e-06      0.0000000000  2.1436783167e-08  2.0936091757e-08    0.032441666667   0.0074416666667
 2.0842440573e-08 -5.7576545762e-11  9.6655639214e-06      0.0000000000  2.1673706537e-08  2.1022596083e-08    0.032458333333   0.0074583333333
 2.1289222571e-08 -4.3040963351e-11  9.6659039158e-06      0.0000000000  2.1910629907e-08  2.1658328984e-08    0.032475000000   0.0074750000000
 2.1272685672e-08 -6.0596556178e-11  9.6662340510e-06      0.0000000000  2.2147553277e-08  2.2727180965e-08    0.032491666667   0.0074916666667
 2.1589495025e-08 -5.5063358397e-11  9.6665639173e-06      0.0000000000  2.2384476646e-08  2.3114186415e-08    0.032508333333   0.0075083333333
 2.1504014369e-08 -7.7394250013e-11  9.6669039223e-06      0.0000000000  2.2621400016e-08  2.2511753434e-08    0.032525000000   0.0075250000000
 2.1651009284e-08 -8.3623026431e-11  9.6672340505e-06      0.0000000000  2.2858323386e-08  2.2883901271e-08    0.032541666667   0.0075416666667
 2.2091087284e-08 -6.9583285107e-11  9.6675639168e-06      0.0000000000  2.3095701503e-08  2.2969305033e-08    0.032558333333   0.0075583333333
 2.2202597950e-08 -7.8269831396e-11  9.6679039217e-06      0.0000000000  2.3332624873e-08  2.2695311778e-08    0.032575000000   0.0075750000000
 2.2597505674e-08 -6.7327252518e-11  9.6682340465e-06      0.0000000000  2.3569548243e-08  2.2891322217e-08    0.032591666667   0.0075916666667
 2.2878252568e-08 -6.4323371118e-11  9.6685639267e-06      0.0000000000  2.3806926360e-08  2.3727059032e-08    0.032608333333   0.0076083333333
 2.3070877072e-08 -6.7391673895e-11  9.6689039142e-06      0.0000000000  2.4043849730e-08  2.3560260705e-08    0.032625000000   0.0076250000000
 2.3514634499e-08 -5.3097081932e-11  9.6692340494e-06      0.0000000000  2.4281227847e-08  2.4697504874e-08    0.032641666667   0.0076416666667
 2.3420530396e-08 -7.6025265276e-11  9.6695639192e-06      0.0000000000  2.4518151217e-08  2.4152002493e-08    0.032658333333   0.0076583333333
 2.3848969215e-08 -6.2791696601e-11  9.6699039172e-06      0.0000000000  2.4755529334e-08  2.3958806354e-08    0.032675000000   0.0076750000000
 2.3972116906e-08 -7.0703717108e-11  9.6702340524e-06      0.0000000000  2.4992907451e-08  2.4764670719e-08    0.032691666667   0.0076916666667
 2.4009356382e-08 -8.4534559855e-11  9.6705639152e-06      0.0000000000  2.5229830821e-08  2.5094965681e-08    0.032708333333   0.0077083333333
 2.4659764727e-08 -5.5926563297e-11  9.6709039271e-06      0.0000000000  2.5467208938e-08  2.5490052415e-08    0.032725000000   0.0077250000000
 2.4482403931e-08 -8.4652909718e-11  9.6712340449e-06      0.0000000000  2.5704587055e-08  2.6309485161e-08    0.032741666667   0.0077416666667
 2.4971246956e-08 -6.7235522997e-11  9.6715639251e-06      0.0000000000  2.5941965172e-08  2.5924649394e-08    0.032758333333   0.0077583333333
 2.5215827207e-08 -6.6736676628e-11  9.6719039161e-06      0.0000000000  2.6179343290e-08  2.6920423930e-08    0.032775000000   0.0077750000000
 2.5293283855e-08 -7.7813427232e-11  9.6722340513e-06      0.0000000000  2.6416721407e-08  2.5951267320e-08    0.032791666667   0.0077916666667
 2.5340875991e-08 -9.0958704114e-11  9.6725639211e-06      0.0000000000  2.6654099524e-08  2.6631463005e-08    0.032808333333   0.0078083333333
 2.5807940637e-08 -7.5049768168e-11  9.6729039191e-06      0.0000000000  2.6891477641e-08  2.6413818623e-08    0.032825000000   0.0078250000000
 2.6144656440e-08 -6.8169273761e-11  9.6732340543e-06      0.0000000000  2.7128855758e-08  2.6958754999e-08    0.032841666667   0.0078416666667
 2.6107062547e-08 -8.7214849096e-11  9.6735639136e-06      0.0000000000  2.7366233875e-08  2.7173207745e-08    0.032858333333   0.0078583333333
 2.6457992676e-08 -7.9349818053e-11  9.6739039255e-06      0.0000000000  2.7603611993e-08  2.7326044633e-08    0.032875000000   0.0078750000000
 2.6558725264e-08 -8.8845888732e-11  9.6742340468e-06      0.0000000000  2.7841444857e-08  2.8003724743e-08    0.032891666667   0.0078916666667
 2.6916192380e-08 -8.0528081874e-11  9.6745639200e-06      0.0000000000  2.8078822974e-08  2.8609663806e-08    0.032908333333   0.0079083333333
 2.7300855617e-08 -7.0326571432e-11  9.6749039215e-06      0.0000000000  2.8316201091e-08  2.7403319944e-08    0.032925000000   0.0079250000000
 2.7460894808e-08 -7.5714848059e-11  9.6752340497e-06      0.0000000000  2.8554033956e-08  2.8548472451e-08    0.032941666667   0.0079416666667
 2.7931068705e-08 -5.9590553976e-11  9.6755639230e-06      0.0000000000  2.8791412073e-08  2.9262015223e-08    0.032958333333   0.0079583333333
 2.7976794790e-08 -7.2896577869e-11  9.6759039174e-06      0.0000000000  2.9029244938e-08  2.9739644253e-08    0.032975000000   0.0079750000000
 2.8427360131e-08 -5.8130444674e-11  9.6762340527e-06      0.0000000000  2.9266623055e-08  2.9981343818e-08    0.032991666667   0.0079916666667
 2.8604433002e-08 -6.2338905893e-11  9.6765639190e-06      0.0000000000  2.9504455919e-08  2.9400764892e-08    0.033008333333   0.0080083333333
 2.9051412432e-08 -4.7821146124e-11  9.6769039204e-06      0.0000000000  2.9741834036e-08  2.9183073344e-08    0.033025000000   0.0080250000000
 2.9233951138e-08 -5.1651023396e-11  9.6772340486e-06      0.0000000000  2.9979666901e-08  2.9511182901e-08    0.033041666667   0.0080416666667
 2.9610493753e-08 -4.2043474592e-11  9.6775639184e-06      0.0000000000  3.0217499766e-08  2.9684317331e-08    0.033058333333   0.0080583333333
 2.9883339387e-08 -3.9618361133e-11  9.6779039234e-06      0.0000000000  3.0455332630e-08  2.9350626343e-08    0.033075000000   0.0080750000000
 2.9881033894e-08 -5.6219731736e-11  9.6782340481e-06      0.0000000000  3.0692710747e-08  3.0361950275e-08    0.033091666667   0.0080916666667
 3.0157938358e-08 -5.3513488653e-11  9.6785639249e-06      0.0000000000  3.0930543612e-08  3.1815213519e-08    0.033108333333   0.0081083333333
 3.0474302273e-08 -4.8074138555e-11  9.6789039158e-06      0.0000000000  3.1168376476e-08  3.1562319647e-08    0.033125000000   0.0081250000000
 3.0295464984e-08 -7.6934249762e-11  9.6792340511e-06      0.0000000000  3.1406209341e-08  3.2451638204e-08    0.033141666667   0.0081416666667
 3.0759656020e-08 -6.1255848188e-11  9.6795639209e-06      0.0000000000  3.1644042205e-08  3.1811723159e-08    0.033158333333   0.0081583333333
 3.0942889945e-08 -6.5037571995e-11  9.6799039188e-06      0.0000000000  3.1881875070e-08  3.1823939419e-08    0.033175000000   0.0081750000000
 3.1225903898e-08 -6.1908163222e-11  9.6802340540e-06      0.0000000000  3.2119707934e-08  3.2041096408e-08    0.033191666667   0.0081916666667
 3.1649264282e-08 -4.9057843137e-11  9.6805639168e-06      0.0000000000  3.2357540799e-08  3.2300656553e-08    0.033208333333   0.0082083333333
 3.1718363028e-08 -6.0776487814e-11  9.6809039253e-06      0.0000000000  3.2595828411e-08  3.2569319934e-08    0.033225000000   0.0082250000000
 3.2221914121e-08 -4.2371863580e-11  9.6812340465e-06      0.0000000000  3.2833661275e-08  3.2757532091e-08    0.033241666667   0.0082416666667
 3.2104916364e-08 -6.6948740746e-11  9.6815639233e-06      0.0000000000  3.3071494140e-08  3.3150637810e-08    0.033258333333   0.0082583333333
 3.2387804740e-08 -6.3828029946e-11  9.6819039177e-06      0.0000000000  3.3309327004e-08  3.3368392248e-08    0.033275000000   0.0082750000000
 3.2602052863e-08 -6.5493093564e-11  9.6822340530e-06      0.0000000000  3.3547614616e-08  3.3160527163e-08    0.033291666667   0.0082916666667
 3.2832493581e-08 -6.6005100878e-11  9.6825639228e-06      0.0000000000  3.3785447481e-08  3.4421773444e-08    0.033308333333   0.0083083333333
 3.3248194241e-08 -5.3716819014e-11  9.6829039207e-06      0.0000000000  3.4023735092e-08  3.3786166321e-08    0.033325000000   0.0083250000000
 3.3513794575e-08 -5.1793541646e-11  9.6832340559e-06      0.0000000000  3.4261567957e-08  3.3936581968e-08    0.033341666667   0.0083416666667
 3.3715028842e-08 -5.4359992970e-11  9.6835639152e-06      0.0000000000  3.4499855569e-08  3.4357736345e-08    0.033358333333   0.0083583333333
 3.4400912332e-08 -2.3326354574e-11  9.6839039237e-06      0.0000000000  3.4737688433e-08  3.4800178773e-08    0.033375000000   0.0083750000000
 3.4298767458e-08 -4.6905963798e-11  9.6842340484e-06      0.0000000000  3.4975976045e-08  3.5152988129e-08    0.033391666667   0.0083916666667
 3.4802022755e-08 -2.8553324886e-11  9.6845639217e-06      0.0000000000  3.5214263657e-08  3.4205040959e-08    0.033408333333   0.0084083333333
 3.5054010468e-08 -2.7572907904e-11  9.6849039231e-06      0.0000000000  3.5452096522e-08  3.5451665461e-08    0.033425000000   0.0084250000000
 3.5138186553e-08 -3.8247240506e-11  9.6852340514e-06      0.0000000000  3.5690384133e-08  3.6317196115e-08    0.033441666667   0.0084416666667
 3.5452803315e-08 -3.2960402103e-11  9.6855639246e-06      0.0000000000  3.5928671745e-08  3.7084776577e-08    0.033458333333   0.0084583333333
 3.5502589548e-08 -4.6016702657e-11  9.6859039191e-06      0.0000000000  3.6166959357e-08  3.6503505868e-08    0.033475000000   0.0084750000000
 3.5269712418e-08 -7.8651310001e-11  9.6862340543e-06      0.0000000000  3.6405246969e-08  3.6623215781e-08    0.033491666667   0.0084916666667
 3.5855546538e-08 -5.4578957382e-11  9.6865639206e-06      0.0000000000  3.6643534581e-08  3.6236650556e-08    0.033508333333   0.0085083333333
 3.5752631899e-08 -7.8211883337e-11  9.6869039220e-06      0.0000000000  3.6881822193e-08  3.6194388901e-08    0.033525000000   0.0085250000000
 3.6249395365e-08 -6.0308892670e-11  9.6872340503e-06      0.0000000000  3.7120109805e-08  3.7205193995e-08    0.033541666667   0.0085416666667
 3.6367471549e-08 -6.8635179419e-11  9.6875639201e-06      0.0000000000  3.7358397416e-08  3.7389365510e-08    0.033558333333   0.0085583333333
 3.6703603243e-08 -6.1858137480e-11  9.6879039250e-06      0.0000000000  3.7596685028e-08  3.7375215402e-08    0.033575000000   0.0085750000000
 3.7053154116e-08 -5.4151633736e-11  9.6882340498e-06      0.0000000000  3.7834972640e-08  3.8242491235e-08    0.033591666667   0.0085916666667
 3.7433032270e-08 -4.4344550753e-11  9.6885639265e-06      0.0000000000  3.8073260252e-08  3.7936345790e-08    0.033608333333   0.0086083333333
 3.7381301209e-08 -6.4463810849e-11  9.6889039175e-06      0.0000000000  3.8312002611e-08  3.7614981119e-08    0.033625000000   0.0086250000000
 3.7428637876e-08 -7.7689777415e-11  9.6892340527e-06      0.0000000000  3.8550290223e-08  3.9160424455e-08    0.033641666667   0.0086416666667
 3.7722155448e-08 -7.3864346703e-11  9.6895639225e-06      0.0000000000  3.8788577835e-08  3.9791487821e-08    0.033658333333   0.0086583333333
 3.7718577555e-08 -9.0648340891e-11  9.6899039204e-06      0.0000000000  3.9027320194e-08  4.0232185069e-08    0.033675000000   0.0086750000000
 3.7629018238e-08 -1.1335622805e-10  9.6902340557e-06      0.0000000000  3.9265607806e-08  3.9294756145e-08    0.033691666667   0.0086916666667
 3.8103405074e-08 -9.7034622647e-11  9.6905639185e-06      0.0000000000  3.9504350165e-08  3.8597360218e-08    0.033708333333   0.0087083333333
 3.8698071581e-08 -7.2350506352e-11  9.6909039234e-06      0.0000000000  3.9742637777e-08  4.0423494527e-08    0.033725000000   0.0087250000000
 3.8894153669e-08 -7.5305314011e-11  9.6912340482e-06      0.0000000000  3.9981380136e-08  3.9108100500e-08    0.033741666667   0.0087416666667
 3.9697563165e-08 -3.6162888575e-11  9.6915639249e-06      0.0000000000  4.0219667748e-08  3.8893286141e-08    0.033758333333   0.0087583333333
 3.9856728618e-08 -4.1674678528e-11  9.6919039194e-06      0.0000000000  4.0458410107e-08  3.9683349552e-08    0.033775000000   0.0087750000000
 4.0092257331e-08 -4.1897267477e-11  9.6922340546e-06      0.0000000000  4.0697152467e-08  4.0749890349e-08    0.033791666667   0.0087916666667
 4.0577857474e-08 -2.4767489691e-11  9.6925639244e-06      0.0000000000  4.0935440079e-08  4.0239181511e-08    0.033808333333   0.0088083333333
 4.0334799981e-08 -5.8138723952e-11  9.6929039223e-06      0.0000000000  4.1174182438e-08  4.1462992896e-08    0.033825000000   0.0088250000000
 4.0743162877e-08 -4.6390180185e-11  9.6932340576e-06      0.0000000000  4.1412924797e-08  4.1675244514e-08    0.033841666667   0.0088416666667
 4.0781883291e-08 -6.0244437627e-11  9.6935639169e-06      0.0000000000  4.1651667156e-08  4.1350593872e-08    0.033858333333   0.0088583333333
 4.0837016710e-08 -7.2961869861e-11  9.6939039253e-06      0.0000000000  4.1890409515e-08  4.0618435847e-08    0.033875000000   0.0088750000000
 4.1035653655e-08 -7.5708221197e-11  9.6942340500e-06      0.0000000000  4.2128697127e-08  4.2966111687e-08    0.033891666667   0.0088916666667
 4.0946056111e-08 -9.8450253581e-11  9.6945639233e-06      0.0000000000  4.2367439486e-08  4.3534851689e-08    0.033908333333   0.0089083333333
 4.1080758495e-08 -1.0565644589e-10  9.6949039213e-06      0.0000000000  4.2606181846e-08  4.3181995166e-08    0.033925000000   0.0089250000000
 4.1284002520e-08 -1.0811519143e-10  9.6952340530e-06      0.0000000000  4.2844924205e-08  4.3682547370e-08    0.033941666667   0.0089416666667
 4.1500743455e-08 -1.0967058865e-10  9.6955639228e-06      0.0000000000  4.3084121311e-08  4.2979208398e-08    0.033958333333   0.0089583333333
 4.1814411953e-08 -1.0448092802e-10  9.6959039207e-06      0.0000000000  4.3322863671e-08  4.2943990352e-08    0.033975000000   0.0089750000000
 4.2252645239e-08 -9.0663450837e-11  9.6962340560e-06      0.0000000000  4.3561606030e-08  4.2779707599e-08    0.033991666667   0.0089916666667
 4.2635649991e-08 -8.0671305624e-11  9.6965639223e-06      0.0000000000  4.3800348389e-08  4.3785937492e-08    0.034008333333   0.0090083333333
 4.2898847211e-08 -7.8977471803e-11  9.6969039237e-06      0.0000000000  4.4039090748e-08  4.3857851484e-08    0.034025000000   0.0090250000000
 4.3429496842e-08 -5.8790395247e-11  9.6972340519e-06      0.0000000000  4.4278287855e-08  4.2443752594e-08    0.034041666667   0.0090416666667
 4.3562174486e-08 -6.6136828509e-11  9.6975639217e-06      0.0000000000  4.4517030214e-08  4.4439027859e-08    0.034058333333   0.0090583333333
 4.4107339850e-08 -4.4912841362e-11  9.6979039232e-06      0.0000000000  4.4755772573e-08  4.5034212840e-08    0.034075000000   0.0090750000000
 4.4260245636e-08 -5.0889696379e-11  9.6982340514e-06      0.0000000000  4.4994969680e-08  4.4951151707e-08    0.034091666667   0.0090916666667
 4.4610498924e-08 -4.3166038316e-11  9.6985639282e-06      0.0000000000  4.5233712039e-08  4.4884174530e-08    0.034108333333   0.0091083333333
 4.4884451186e-08 -4.0758768101e-11  9.6989039191e-06      0.0000000000  4.5472909146e-08  4.6585536333e-08    0.034125000000   0.0091250000000
 4.5059256940e-08 -4.5187253146e-11  9.6992340544e-06      0.0000000000  4.5711651505e-08  4.7100207200e-08    0.034141666667   0.0091416666667
 4.4978434852e-08 -6.7352962519e-11  9.6995639242e-06      0.0000000000  4.5950848611e-08  4.7055995974e-08    0.034158333333   0.0091583333333
 4.5383002362e-08 -5.5867301137e-11  9.6999039221e-06      0.0000000000  4.6189590971e-08  4.7263200720e-08    0.034175000000   0.0091750000000
 4.5319459231e-08 -7.6836206294e-11  9.7002340573e-06      0.0000000000  4.6428788077e-08  4.6749536083e-08    0.034191666667   0.0091916666667
 4.5706105182e-08 -6.6623355665e-11  9.7005639201e-06      0.0000000000  4.6667985184e-08  4.6287094835e-08    0.034208333333   0.0092083333333
 4.5905638500e-08 -6.9370615906e-11  9.7009039250e-06      0.0000000000  4.6907182290e-08  4.5209045284e-08    0.034225000000   0.0092250000000
 4.5964615397e-08 -8.1821834615e-11  9.7012340498e-06      0.0000000000  4.7145924650e-08  4.7741930314e-08    0.034241666667   0.0092416666667
 4.6586733683e-08 -5.5299301816e-11  9.7015639266e-06      0.0000000000  4.7385121756e-08  4.8934705795e-08    0.034258333333   0.0092583333333
 4.6777769399e-08 -5.8635137306e-11  9.7019039210e-06      0.0000000000  4.7624318863e-08  4.7809206216e-08    0.034275000000   0.0092750000000
 4.7057287158e-08 -5.5842380283e-11  9.7022340562e-06      0.0000000000  4.7863515969e-08  4.6585269053e-08    0.034291666667   0.0092916666667
 4.7399577998e-08 -4.8701728112e-11  9.7025639226e-06      0.0000000000  4.8102713076e-08  4.6966504403e-08    0.034308333333   0.0093083333333
 4.7253282107e-08 -7.5402394594e-11  9.7029039205e-06      0.0000000000  4.8341910182e-08  4.6720779919e-08    0.034325000000   0.0093250000000
 4.7543663404e-08 -7.1857188792e-11  9.7032340592e-06      0.0000000000  4.8581107289e-08  4.8227058901e-08    0.034341666667   0.0093416666667
 4.7646683853e-08 -8.1289286239e-11  9.7035639185e-06      0.0000000000  4.8820304396e-08  4.8419484646e-08    0.034358333333   0.0093583333333
 4.7677293799e-08 -9.5736802077e-11  9.7039039269e-06      0.0000000000  4.9059501502e-08  4.8345731139e-08    0.034375000000   0.0093750000000
 4.8047549991e-08 -8.6659166604e-11  9.7042340517e-06      0.0000000000  4.9298698609e-08  4.8495596504e-08    0.034391666667   0.0093916666667
 4.8349058541e-08 -8.2343246276e-11  9.7045639250e-06      0.0000000000  4.9537895715e-08  4.9583488241e-08    0.034408333333   0.0094083333333
 4.8346192947e-08 -9.9109401412e-11  9.7049039194e-06      0.0000000000  4.9777092822e-08  5.1628854888e-08    0.034425000000   0.0094250000000
 4.8875832594e-08 -7.9023777593e-11  9.7052340546e-06      0.0000000000  5.0016744676e-08  5.0025191719e-08    0.034441666667   0.0094416666667
 4.9288019979e-08 -6.7041833068e-11  9.7055639244e-06      0.0000000000  5.0255941782e-08  5.1817570160e-08    0.034458333333   0.0094583333333
 4.9554504643e-08 -6.5151796208e-11  9.7059039224e-06      0.0000000000  5.0495138889e-08  5.1403207834e-08    0.034475000000   0.0094750000000
 4.9925456837e-08 -5.6057450569e-11  9.7062340576e-06      0.0000000000  5.0734790743e-08  5.0525287976e-08    0.034491666667   0.0094916666667
 5.0113164209e-08 -5.9623819383e-11  9.7065639204e-06      0.0000000000  5.0973987849e-08  5.0668565679e-08    0.034508333333   0.0095083333333
 5.0259136504e-08 -6.6080913606e-11  9.7069039253e-06      0.0000000000  5.1213184956e-08  5.1607818394e-08    0.034525000000   0.0095250000000
 5.0767692992e-08 -4.7455587097e-11  9.7072340536e-06      0.0000000000  5.1452836810e-08  5.1584722274e-08    0.034541666667   0.0095416666667
 5.0700373713e-08 -6.8686042184e-11  9.7075639234e-06      0.0000000000  5.1692033916e-08  5.1226787434e-08    0.034558333333   0.0095583333333
 5.1078040305e-08 -5.9126632529e-11  9.7079039248e-06      0.0000000000  5.1931685770e-08  5.0868648204e-08    0.034575000000   0.0095750000000
 5.1317906487e-08 -5.9111787388e-11  9.7082340530e-06      0.0000000000  5.2171337624e-08  5.1719179743e-08    0.034591666667   0.0095916666667
 5.1512325052e-08 -6.2213314262e-11  9.7085639263e-06      0.0000000000  5.2410534731e-08  5.1488328594e-08    0.034608333333   0.0096083333333
 5.1927072332e-08 -5.0085559428e-11  9.7089039208e-06      0.0000000000  5.2650186585e-08  5.2596187706e-08    0.034625000000   0.0096250000000
 5.2057450530e-08 -5.7654255781e-11  9.7092340560e-06      0.0000000000  5.2889838439e-08  5.4054639323e-08    0.034641666667   0.0096416666667
 5.2230544400e-08 -6.2232809686e-11  9.7095639223e-06      0.0000000000  5.3129035545e-08  5.3325751545e-08    0.034658333333   0.0096583333333
 5.2609240996e-08 -5.2602058137e-11  9.7099039237e-06      0.0000000000  5.3368687399e-08  5.2109062382e-08    0.034675000000   0.0096750000000
 5.2373463231e-08 -8.5532066628e-11  9.7102340590e-06      0.0000000000  5.3608339253e-08  5.2405554308e-08    0.034691666667   0.0096916666667
 5.2790852986e-08 -7.3221284213e-11  9.7105639218e-06      0.0000000000  5.3847991107e-08  5.3811210301e-08    0.034708333333   0.0097083333333
 5.2920542109e-08 -8.0837708385e-11  9.7109039267e-06      0.0000000000  5.4087642961e-08  5.4576589636e-08    0.034725000000   0.0097250000000
 5.3141095511e-08 -8.2160537627e-11  9.7112340514e-06      0.0000000000  5.4327294815e-08  5.3912886687e-08    0.034741666667   0.0097416666667
 5.3618511957e-08 -6.5660587788e-11  9.7115639282e-06      0.0000000000  5.4566491921e-08  5.5301688329e-08    0.034758333333   0.0097583333333
 5.3644941750e-08 -8.0429133941e-11  9.7119039192e-06      0.0000000000  5.4806143775e-08  5.5282444183e-08    0.034775000000   0.0097750000000
 5.3931710112e-08 -7.7197168338e-11  9.7122340544e-06      0.0000000000  5.5046250377e-08  5.4539642132e-08    0.034791666667   0.0097916666667
 5.4254981791e-08 -7.1405350912e-11  9.7125639242e-06      0.0000000000  5.5285902230e-08  5.5577363875e-08    0.034808333333   0.0098083333333
 5.4500805699e-08 -7.0977851675e-11  9.7129039221e-06      0.0000000000  5.5525554084e-08  5.5665236045e-08    0.034825000000   0.0098250000000
 5.4801942039e-08 -6.6719209479e-11  9.7132340608e-06      0.0000000000  5.5765205938e-08  5.5211174806e-08    0.034841666667   0.0098416666667
 5.4997603804e-08 -6.9766125227e-11  9.7135639202e-06      0.0000000000  5.6004857792e-08  5.4681158933e-08    0.034858333333   0.0098583333333
 5.5258363175e-08 -6.8304140775e-11  9.7139039286e-06      0.0000000000  5.6244509646e-08  5.6454419005e-08    0.034875000000   0.0098750000000
 5.5412162395e-08 -7.4282108267e-11  9.7142340533e-06      0.0000000000  5.6484616247e-08  5.5949873326e-08    0.034891666667   0.0098916666667
 5.5875098378e-08 -5.8816626185e-11  9.7145639266e-06      0.0000000000  5.6724268101e-08  5.6514902855e-08    0.034908333333   0.0099083333333
 5.5993199886e-08 -6.7235651285e-11  9.7149039211e-06      0.0000000000  5.6963919955e-08  5.7448857141e-08    0.034925000000   0.0099250000000
 5.6184079794e-08 -7.0645273599e-11  9.7152340563e-06      0.0000000000  5.7204026557e-08  5.7419723641e-08    0.034941666667   0.0099416666667
 5.6201016982e-08 -8.6071312565e-11  9.7155639261e-06      0.0000000000  5.7443678410e-08  5.6774808892e-08    0.034958333333   0.0099583333333
 5.6828205915e-08 -5.9229065495e-11  9.7159039240e-06      0.0000000000  5.7683330264e-08  5.8010695035e-08    0.034975000000   0.0099750000000
 5.6728909974e-08 -8.2737337016e-11  9.7162340592e-06      0.0000000000  5.7923436866e-08  5.9329799535e-08    0.034991666667   0.0099916666667
 5.7092159179e-08 -7.4176528807e-11  9.7165639186e-06      0.0000000000  5.8163088720e-08  5.8216060267e-08    0.035008333333    0.010008333333
 5.7261701566e-08 -7.9064066455e-11  9.7169039270e-06      0.0000000000  5.8403195321e-08  5.6730927835e-08    0.035025000000    0.010025000000
 5.7143688136e-08 -1.0386878026e-10  9.7172340552e-06      0.0000000000  5.8643301922e-08  5.9949259812e-08    0.035041666667    0.010041666667
 5.7598528900e-08 -8.8964002897e-11  9.7175639250e-06      0.0000000000  5.8882953776e-08  5.9637297101e-08    0.035058333333    0.010058333333
 5.7836309939e-08 -8.9125079955e-11  9.7179039264e-06      0.0000000000  5.9123060377e-08  5.8508542997e-08    0.035075000000    0.010075000000
 5.7824678182e-08 -1.0656140683e-10  9.7182340547e-06      0.0000000000  5.9363166979e-08  6.0322193766e-08    0.035091666667    0.010091666667
 5.8266353862e-08 -9.2568491757e-11  9.7185639315e-06      0.0000000000  5.9602818832e-08  6.0515169793e-08    0.035108333333    0.010108333333
 5.8301735989e-08 -1.0674846371e-10  9.7189039189e-06      0.0000000000  5.9842925434e-08  5.9760292983e-08    0.035125000000    0.010125000000
 5.8862167801e-08 -8.4561558461e-11  9.7192340576e-06      0.0000000000  6.0083032035e-08  6.0247606976e-08    0.035141666667    0.010141666667
 5.9170765841e-08 -7.9817588867e-11  9.7195639239e-06      0.0000000000  6.0323138636e-08  6.0005058404e-08    0.035158333333    0.010158333333
 5.9578500256e-08 -6.8207068435e-11  9.7199039254e-06      0.0000000000  6.0563245238e-08  6.0995251508e-08    0.035175000000    0.010175000000
 5.9869561524e-08 -6.4646262846e-11  9.7202340571e-06      0.0000000000  6.0802897091e-08  5.9255212744e-08    0.035191666667    0.010191666667
 6.0162274788e-08 -6.1002531450e-11  9.7205639234e-06      0.0000000000  6.1043003693e-08  6.2657700514e-08    0.035208333333    0.010208333333
 6.0126327984e-08 -8.0123008179e-11  9.7209039283e-06      0.0000000000  6.1283110294e-08  6.2215320975e-08    0.035225000000    0.010225000000
 6.0549364708e-08 -6.7452593345e-11  9.7212340531e-06      0.0000000000  6.1523216895e-08  6.1277357492e-08    0.035241666667    0.010241666667
 6.0431421816e-08 -9.2252421480e-11  9.7215639299e-06      0.0000000000  6.1763323496e-08  6.1070718750e-08    0.035258333333    0.010258333333
 6.0822615491e-08 -8.1819071098e-11  9.7219039208e-06      0.0000000000  6.2003884845e-08  6.1539590435e-08    0.035275000000    0.010275000000
 6.1060812005e-08 -8.1951370817e-11  9.7222340595e-06      0.0000000000  6.2243991446e-08  6.1463887358e-08    0.035291666667    0.010291666667
 6.1558515355e-08 -6.4109270159e-11  9.7225639258e-06      0.0000000000  6.2484098048e-08  6.0478316623e-08    0.035308333333    0.010308333333
 6.1915778492e-08 -5.5994576535e-11  9.7229039238e-06      0.0000000000  6.2724204649e-08  6.2914949475e-08    0.035325000000    0.010325000000
 6.2036922969e-08 -6.4234331886e-11  9.7232340625e-06      0.0000000000  6.2964311250e-08  6.4806331504e-08    0.035341666667    0.010341666667
 6.2394113144e-08 -5.6156189306e-11  9.7235639183e-06      0.0000000000  6.3204872599e-08  6.2935168407e-08    0.035358333333    0.010358333333
 6.2734381077e-08 -4.9218646177e-11  9.7239039302e-06      0.0000000000  6.3444979200e-08  6.3036970572e-08    0.035375000000    0.010375000000
 6.2835922876e-08 -5.8816155277e-11  9.7242340550e-06      0.0000000000  6.3685085801e-08  6.3575460788e-08    0.035391666667    0.010391666667
 6.3024221742e-08 -6.2436047534e-11  9.7245639283e-06      0.0000000000  6.3925647150e-08  6.3146806853e-08    0.035408333333    0.010408333333
 6.3317366512e-08 -5.8762428418e-11  9.7249039227e-06      0.0000000000  6.4165753751e-08  6.2525271227e-08    0.035425000000    0.010425000000
 6.3381022857e-08 -7.0984023756e-11  9.7252340579e-06      0.0000000000  6.4405860352e-08  6.5798725735e-08    0.035441666667    0.010441666667
 6.3716646801e-08 -6.4399637927e-11  9.7255639277e-06      0.0000000000  6.4646421701e-08  6.6700747944e-08    0.035458333333    0.010458333333
 6.3959062992e-08 -6.4239667211e-11  9.7259039222e-06      0.0000000000  6.4886528302e-08  6.4767984711e-08    0.035475000000    0.010475000000
 6.3799627608e-08 -9.1944915826e-11  9.7262340609e-06      0.0000000000  6.5127089651e-08  6.6119587292e-08    0.035491666667    0.010491666667
 6.4087645315e-08 -8.8657913452e-11  9.7265639202e-06      0.0000000000  6.5367651000e-08  6.5485976907e-08    0.035508333333    0.010508333333
 6.4152898100e-08 -1.0076893348e-10  9.7269039286e-06      0.0000000000  6.5607757601e-08  6.6044261551e-08    0.035525000000    0.010525000000
 6.4393609354e-08 -1.0075855046e-10  9.7272340569e-06      0.0000000000  6.5848318950e-08  6.6835771418e-08    0.035541666667    0.010541666667
 6.4991482022e-08 -7.5978353502e-11  9.7275639232e-06      0.0000000000  6.6088425551e-08  6.7327503389e-08    0.035558333333    0.010558333333
 6.4730415542e-08 -1.1072294654e-10  9.7279039281e-06      0.0000000000  6.6328986899e-08  6.6481389828e-08    0.035575000000    0.010575000000
 6.5263105353e-08 -9.0489052115e-11  9.7282340563e-06      0.0000000000  6.6569548248e-08  6.5634584484e-08    0.035591666667    0.010591666667
 6.5556064141e-08 -8.6859812222e-11  9.7285639296e-06      0.0000000000  6.6810109597e-08  6.5988918907e-08    0.035608333333    0.010608333333
 6.6004166421e-08 -7.2484762079e-11  9.7289039206e-06      0.0000000000  6.7050670945e-08  6.7033527037e-08    0.035625000000    0.010625000000
 6.6668855506e-08 -4.3076613714e-11  9.7292340593e-06      0.0000000000  6.7290777547e-08  6.5977834656e-08    0.035641666667    0.010641666667
 6.6863865565e-08 -4.6231664030e-11  9.7295639256e-06      0.0000000000  6.7531338895e-08  6.7106337203e-08    0.035658333333    0.010658333333
 6.7253256799e-08 -3.5923157336e-11  9.7299039235e-06      0.0000000000  6.7771900244e-08  6.7511879294e-08    0.035675000000    0.010675000000
 6.7520201501e-08 -3.4095749031e-11  9.7302340587e-06      0.0000000000  6.8012461592e-08  6.7910299164e-08    0.035691666667    0.010691666667
 6.7964573054e-08 -1.9979102742e-11  9.7305639216e-06      0.0000000000  6.8253022941e-08  6.7639953493e-08    0.035708333333    0.010708333333
 6.7976461980e-08 -3.5817797900e-11  9.7309039300e-06      0.0000000000  6.8493584290e-08  6.8135112934e-08    0.035725000000    0.010725000000
 6.7856907667e-08 -6.0760736515e-11  9.7312340547e-06      0.0000000000  6.8734145638e-08  7.0058851542e-08    0.035741666667    0.010741666667
 6.8347356615e-08 -4.3452599980e-11  9.7315639315e-06      0.0000000000  6.8974706987e-08  6.8167516681e-08    0.035758333333    0.010758333333
 6.8220905127e-08 -6.8904759758e-11  9.7319039224e-06      0.0000000000  6.9215723083e-08  6.9415776307e-08    0.035775000000    0.010775000000
 6.8301319396e-08 -7.9997137036e-11  9.7322340577e-06      0.0000000000  6.9456284431e-08  6.9857479785e-08    0.035791666667    0.010791666667
 6.8375495392e-08 -9.1521600055e-11  9.7325639275e-06      0.0000000000  6.9696845780e-08  7.0846493713e-08    0.035808333333    0.010808333333
 6.8592615674e-08 -9.3145214737e-11  9.7329039219e-06      0.0000000000  6.9937407129e-08  6.9475379706e-08    0.035825000000    0.010825000000
 6.8975373201e-08 -8.3296183148e-11  9.7332340641e-06      0.0000000000  7.0177968477e-08  7.0715542326e-08    0.035841666667    0.010841666667
 6.9177694266e-08 -8.5976343636e-11  9.7335639200e-06      0.0000000000  7.0418984573e-08  7.0949050550e-08    0.035858333333    0.010858333333
 6.9550090030e-08 -7.6845005943e-11  9.7339039319e-06      0.0000000000  7.0659545922e-08  6.9885339775e-08    0.035875000000    0.010875000000
 6.9947557513e-08 -6.5977108479e-11  9.7342340531e-06      0.0000000000  7.0900107271e-08  6.9089097484e-08    0.035891666667    0.010891666667
 7.0174566886e-08 -6.6947265776e-11  9.7345639264e-06      0.0000000000  7.1141123366e-08  7.1095802891e-08    0.035908333333    0.010908333333
 7.0622411598e-08 -5.2590055733e-11  9.7349039243e-06      0.0000000000  7.1381684715e-08  7.1206378123e-08    0.035925000000    0.010925000000
 7.0692288543e-08 -6.4443784383e-11  9.7352340596e-06      0.0000000000  7.1622700811e-08  7.0402101714e-08    0.035941666667    0.010941666667
 7.1336500162e-08 -3.6485478301e-11  9.7355639294e-06      0.0000000000  7.1863262160e-08  7.1514347360e-08    0.035958333333    0.010958333333
 7.1158290091e-08 -6.5522628372e-11  9.7359039238e-06      0.0000000000  7.2104278256e-08  7.1997180485e-08    0.035975000000    0.010975000000
 7.1713720686e-08 -4.3713623383e-11  9.7362340625e-06      0.0000000000  7.2344839604e-08  7.1319783376e-08    0.035991666667    0.010991666667
 7.1945252459e-08 -4.4370542576e-11  9.7365639218e-06      0.0000000000  7.2585855700e-08  7.2668618825e-08    0.036008333333    0.011008333333
 7.2072958198e-08 -5.2218835672e-11  9.7369039268e-06      0.0000000000  7.2826871796e-08  7.3541083031e-08    0.036025000000    0.011025000000
 7.2504689956e-08 -3.8977668231e-11  9.7372340585e-06      0.0000000000  7.3067433145e-08  7.4281621065e-08    0.036041666667    0.011041666667
 7.2615805814e-08 -4.7975037723e-11  9.7375639248e-06      0.0000000000  7.3308449241e-08  7.4248494090e-08    0.036058333333    0.011058333333
 7.2798360416e-08 -5.2024296338e-11  9.7379039262e-06      0.0000000000  7.3549465337e-08  7.5071731643e-08    0.036075000000    0.011075000000
 7.3027166084e-08 -5.2870035594e-11  9.7382340580e-06      0.0000000000  7.3790481433e-08  7.4535316777e-08    0.036091666667    0.011091666667
 7.2982760935e-08 -7.2607865958e-11  9.7385639313e-06      0.0000000000  7.4031042781e-08  7.3457691729e-08    0.036108333333    0.011108333333
 7.3081368720e-08 -8.2471590678e-11  9.7389039222e-06      0.0000000000  7.4272058877e-08  7.4446076763e-08    0.036125000000    0.011125000000
 7.3261087671e-08 -8.6717256950e-11  9.7392340609e-06      0.0000000000  7.4513074973e-08  7.7482186796e-08    0.036141666667    0.011141666667
 7.3630851361e-08 -7.7799723909e-11  9.7395639272e-06      0.0000000000  7.4754091069e-08  7.4711029672e-08    0.036158333333    0.011158333333
 7.3477619228e-08 -1.0510680993e-10  9.7399039252e-06      0.0000000000  7.4995107165e-08  7.4410937329e-08    0.036175000000    0.011175000000
 7.4272758916e-08 -6.6726166750e-11  9.7402340604e-06      0.0000000000  7.5236123261e-08  7.4826242994e-08    0.036191666667    0.011191666667
 7.4258856302e-08 -8.4382776543e-11  9.7405639232e-06      0.0000000000  7.5477139357e-08  7.3809604911e-08    0.036208333333    0.011208333333
 7.4556000282e-08 -8.0495152349e-11  9.7409039316e-06      0.0000000000  7.5718155453e-08  7.4520537775e-08    0.036225000000    0.011225000000
 7.4987848781e-08 -6.7277396460e-11  9.7412340564e-06      0.0000000000  7.5959171549e-08  7.5535006175e-08    0.036241666667    0.011241666667
 7.4785661654e-08 -9.7975285878e-11  9.7415639297e-06      0.0000000000  7.6200187645e-08  7.6131087330e-08    0.036258333333    0.011258333333
 7.5059372836e-08 -9.5710703640e-11  9.7419039241e-06      0.0000000000  7.6441203741e-08  7.5736236431e-08    0.036275000000    0.011275000000
 7.5186110024e-08 -1.0362608217e-10  9.7422340593e-06      0.0000000000  7.6682219837e-08  7.7310624599e-08    0.036291666667    0.011291666667
 7.5155843816e-08 -1.2244759232e-10  9.7425639291e-06      0.0000000000  7.6923690680e-08  7.7834776039e-08    0.036308333333    0.011308333333
 7.5665944585e-08 -1.0380979569e-10  9.7429039236e-06      0.0000000000  7.7164706776e-08  7.7976953178e-08    0.036325000000    0.011325000000
 7.5767591083e-08 -1.1346304795e-10  9.7432340658e-06      0.0000000000  7.7405722872e-08  7.6766002670e-08    0.036341666667    0.011341666667
 7.6393817800e-08 -8.6813437432e-11  9.7435639216e-06      0.0000000000  7.7647193716e-08  7.8033207718e-08    0.036358333333    0.011358333333
 7.6575599699e-08 -9.0916216347e-11  9.7439039300e-06      0.0000000000  7.7888209812e-08  7.8347355835e-08    0.036375000000    0.011375000000
 7.6825681702e-08 -9.0288278217e-11  9.7442340548e-06      0.0000000000  7.8129225908e-08  7.7362822775e-08    0.036391666667    0.011391666667
 7.7312485384e-08 -7.3295621147e-11  9.7445639280e-06      0.0000000000  7.8370696751e-08  7.7912884634e-08    0.036408333333    0.011408333333
 7.7690743737e-08 -6.3789716428e-11  9.7449039260e-06      0.0000000000  7.8611712847e-08  7.8918705746e-08    0.036425000000    0.011425000000
 7.8297361631e-08 -3.8498285309e-11  9.7452340612e-06      0.0000000000  7.8853183690e-08  7.7526964026e-08    0.036441666667    0.011441666667
 7.8672001742e-08 -2.9242993281e-11  9.7455639275e-06      0.0000000000  7.9094199786e-08  7.8183293196e-08    0.036458333333    0.011458333333
 7.8806600075e-08 -3.6645377457e-11  9.7459039220e-06      0.0000000000  7.9335670629e-08  7.7918151619e-08    0.036475000000    0.011475000000
 7.8864889137e-08 -4.9301725541e-11  9.7462340642e-06      0.0000000000  7.9576686725e-08  7.9966442621e-08    0.036491666667    0.011491666667
 7.9223664492e-08 -4.1176782554e-11  9.7465639235e-06      0.0000000000  7.9818157569e-08  7.8322844704e-08    0.036508333333    0.011508333333
 7.9143821566e-08 -6.3400661505e-11  9.7469039284e-06      0.0000000000  8.0059173665e-08  8.0197482438e-08    0.036525000000    0.011525000000
 7.9666251373e-08 -4.3940407704e-11  9.7472340601e-06      0.0000000000  8.0300644508e-08  8.0660363911e-08    0.036541666667    0.011541666667
 7.9724598930e-08 -5.6624201720e-11  9.7475639264e-06      0.0000000000  8.0542115351e-08  8.0858386809e-08    0.036558333333    0.011558333333
 8.0003657566e-08 -5.4020732657e-11  9.7479039314e-06      0.0000000000  8.0783586195e-08  7.9336558431e-08    0.036575000000    0.011575000000
 8.0227667235e-08 -5.5198660495e-11  9.7482340596e-06      0.0000000000  8.1024602291e-08  8.1033297865e-08    0.036591666667    0.011591666667
 8.0560032264e-08 -4.8902993981e-11  9.7485639294e-06      0.0000000000  8.1266073134e-08  8.3211502580e-08    0.036608333333    0.011608333333
 8.0798405063e-08 -4.9117575976e-11  9.7489039238e-06      0.0000000000  8.1507543977e-08  8.1977440229e-08    0.036625000000    0.011625000000
 8.1077364038e-08 -4.6521009773e-11  9.7492340626e-06      0.0000000000  8.1749014821e-08  8.2144930339e-08    0.036641666667    0.011641666667
 8.1227254794e-08 -5.2864184280e-11  9.7495639289e-06      0.0000000000  8.1990485664e-08  8.3311559565e-08    0.036658333333    0.011658333333
 8.1410006294e-08 -5.6931302549e-11  9.7499039268e-06      0.0000000000  8.2231956507e-08  8.1370070432e-08    0.036675000000    0.011675000000
 8.1312557356e-08 -8.0406136279e-11  9.7502340620e-06      0.0000000000  8.2473427351e-08  8.1286993577e-08    0.036691666667    0.011691666667
 8.1820315680e-08 -6.1962083441e-11  9.7505639248e-06      0.0000000000  8.2714898194e-08  8.3370361124e-08    0.036708333333    0.011708333333
 8.1928390668e-08 -7.1201572267e-11  9.7509039298e-06      0.0000000000  8.2956369037e-08  8.3379071302e-08    0.036725000000    0.011725000000
 8.1994537936e-08 -8.3345129564e-11  9.7512340580e-06      0.0000000000  8.3197839881e-08  8.3599687206e-08    0.036741666667    0.011741666667
 8.2672684082e-08 -5.3099387947e-11  9.7515639313e-06      0.0000000000  8.3439310724e-08  8.3770463285e-08    0.036758333333    0.011758333333
 8.2419994665e-08 -8.7326749723e-11  9.7519039257e-06      0.0000000000  8.3680781567e-08  8.4915018343e-08    0.036775000000    0.011775000000
 8.2992525429e-08 -6.4396318886e-11  9.7522340610e-06      0.0000000000  8.3922252410e-08  8.2443277502e-08    0.036791666667    0.011791666667
 8.3320078429e-08 -5.8433951335e-11  9.7525639273e-06      0.0000000000  8.4163723254e-08  8.2857812773e-08    0.036808333333    0.011808333333
 8.3295023695e-08 -7.6894495560e-11  9.7529039252e-06      0.0000000000  8.4405194097e-08  8.4253233521e-08    0.036825000000    0.011825000000
 8.3680706322e-08 -6.6937353147e-11  9.7532340674e-06      0.0000000000  8.4647119688e-08  8.5352665457e-08    0.036841666667    0.011841666667
 8.3557722095e-08 -9.2180855127e-11  9.7535639232e-06      0.0000000000  8.4888590531e-08  8.5130021371e-08    0.036858333333    0.011858333333
 8.3925877302e-08 -8.3406228997e-11  9.7539039316e-06      0.0000000000  8.5130061374e-08  8.5772436268e-08    0.036875000000    0.011875000000
 8.3969979787e-08 -9.7108186695e-11  9.7542340564e-06      0.0000000000  8.5371986965e-08  8.5039476403e-08    0.036891666667    0.011891666667
 8.4265570058e-08 -9.3359675614e-11  9.7545639297e-06      0.0000000000  8.5613457808e-08  8.4331232060e-08    0.036908333333    0.011908333333
 8.4735894455e-08 -7.7539932138e-11  9.7549039276e-06      0.0000000000  8.5855383399e-08  8.6479752993e-08    0.036925000000    0.011925000000
 8.4930118144e-08 -8.0812444212e-11  9.7552340628e-06      0.0000000000  8.6096854242e-08  8.7284752630e-08    0.036941666667    0.011941666667
 8.5377958275e-08 -6.6518546412e-11  9.7555639292e-06      0.0000000000  8.6338325086e-08  8.5065009487e-08    0.036958333333    0.011958333333
 8.5586400012e-08 -6.8837761578e-11  9.7559039236e-06      0.0000000000  8.6580250676e-08  8.6365750291e-08    0.036975000000    0.011975000000
 8.6106033693e-08 -4.9602675315e-11  9.7562340658e-06      0.0000000000  8.6822176267e-08  8.6882009115e-08    0.036991666667    0.011991666667
 8.6113813785e-08 -6.5788958416e-11  9.7565639251e-06      0.0000000000  8.7063647110e-08  8.6264797132e-08    0.037008333333    0.012008333333
 8.6234446522e-08 -7.4190148655e-11  9.7569039300e-06      0.0000000000  8.7305572701e-08  8.7640942289e-08    0.037025000000    0.012025000000
 8.6563023381e-08 -6.8156864856e-11  9.7572340618e-06      0.0000000000  8.7547043544e-08  8.7158093442e-08    0.037041666667    0.012041666667
 8.6802803432e-08 -6.8305472840e-11  9.7575639281e-06      0.0000000000  8.7788969135e-08  8.8376386284e-08    0.037058333333    0.012058333333
 8.7082059232e-08 -6.5719844924e-11  9.7579039260e-06      0.0000000000  8.8030894726e-08  8.7732226207e-08    0.037075000000    0.012075000000
 8.7415818441e-08 -5.9327612391e-11  9.7582340612e-06      0.0000000000  8.8272365569e-08  8.8135268446e-08    0.037091666667    0.012091666667
 8.7711702330e-08 -5.5590261673e-11  9.7585639310e-06      0.0000000000  8.8514291160e-08  9.0270299610e-08    0.037108333333    0.012108333333
 8.8073617375e-08 -4.7279349646e-11  9.7589039255e-06      0.0000000000  8.8756216750e-08  8.8529113115e-08    0.037125000000    0.012125000000
 8.8195196488e-08 -5.5614990472e-11  9.7592340642e-06      0.0000000000  8.8998142341e-08  8.8776865781e-08    0.037141666667    0.012141666667
 8.8385181510e-08 -5.9212585747e-11  9.7595639270e-06      0.0000000000  8.9240067932e-08  8.9422472314e-08    0.037158333333    0.012158333333
 8.8294917735e-08 -8.2221246129e-11  9.7599039284e-06      0.0000000000  8.9481993522e-08  8.9164452958e-08    0.037175000000    0.012175000000
 8.8520126498e-08 -8.3379115204e-11  9.7602340637e-06      0.0000000000  8.9723919113e-08  8.8277021082e-08    0.037191666667    0.012191666667
 8.8733946968e-08 -8.5325779486e-11  9.7605639265e-06      0.0000000000  8.9965844704e-08  8.9599836055e-08    0.037208333333    0.012208333333
 8.9041528286e-08 -8.0778221739e-11  9.7609039314e-06      0.0000000000  9.0207770294e-08  9.0103532728e-08    0.037225000000    0.012225000000
 8.9424539315e-08 -7.1006124098e-11  9.7612340596e-06      0.0000000000  9.0449695885e-08  9.0507455418e-08    0.037241666667    0.012241666667
 8.9703041648e-08 -6.8472684026e-11  9.7615639329e-06      0.0000000000  9.0691621476e-08  9.0515112198e-08    0.037258333333    0.012258333333
 8.9940066738e-08 -6.8812110756e-11  9.7619039274e-06      0.0000000000  9.0933547066e-08  9.0555487173e-08    0.037275000000    0.012275000000
 8.9986132511e-08 -8.2378083957e-11  9.7622340626e-06      0.0000000000  9.1175472657e-08  9.0119553794e-08    0.037291666667    0.012291666667
 9.0543126623e-08 -6.0555276390e-11  9.7625639289e-06      0.0000000000  9.1417398248e-08  9.0257124287e-08    0.037308333333    0.012308333333
 9.0774486289e-08 -6.1287111294e-11  9.7629039268e-06      0.0000000000  9.1659323838e-08  9.1434916377e-08    0.037325000000    0.012325000000
 9.1018316087e-08 -6.1155218868e-11  9.7632340656e-06      0.0000000000  9.1901249429e-08  9.3289932628e-08    0.037341666667    0.012341666667
 9.1368473300e-08 -5.3690195118e-11  9.7635639249e-06      0.0000000000  9.2143629767e-08  9.3893025948e-08    0.037358333333    0.012358333333
 9.1513053971e-08 -6.0432663200e-11  9.7639039333e-06      0.0000000000  9.2385555358e-08  9.2022067241e-08    0.037375000000    0.012375000000
 9.1903210905e-08 -5.0165613822e-11  9.7642340580e-06      0.0000000000  9.2627480949e-08  9.3633182800e-08    0.037391666667    0.012391666667
 9.1895114464e-08 -6.7514559060e-11  9.7645639313e-06      0.0000000000  9.2869861287e-08  9.2899515430e-08    0.037408333333    0.012408333333
 9.1928967940e-08 -8.1926400984e-11  9.7649039258e-06      0.0000000000  9.3111786877e-08  9.4519545557e-08    0.037425000000    0.012425000000
 9.2455956465e-08 -6.2181891037e-11  9.7652340645e-06      0.0000000000  9.3353712468e-08  9.3938950909e-08    0.037441666667    0.012441666667
 9.2418150213e-08 -8.1588647389e-11  9.7655639308e-06      0.0000000000  9.3596092806e-08  9.5103300395e-08    0.037458333333    0.012458333333
 9.2916285259e-08 -6.3842635775e-11  9.7659039252e-06      0.0000000000  9.3838018397e-08  9.2598526913e-08    0.037475000000    0.012475000000
 9.2903547521e-08 -8.1513054432e-11  9.7662340674e-06      0.0000000000  9.4080398735e-08  9.1895046440e-08    0.037491666667    0.012491666667
 9.3077663798e-08 -8.6209777525e-11  9.7665639268e-06      0.0000000000  9.4322324325e-08  9.3862304491e-08    0.037508333333    0.012508333333
 9.3380034691e-08 -8.2054610494e-11  9.7669039317e-06      0.0000000000  9.4564704663e-08  9.3046047658e-08    0.037525000000    0.012525000000
 9.3409962374e-08 -9.6769864709e-11  9.7672340634e-06      0.0000000000  9.4807085001e-08  9.3133338101e-08    0.037541666667    0.012541666667
 9.3652397993e-08 -9.6734538302e-11  9.7675639297e-06      0.0000000000  9.5049010592e-08  9.4452018097e-08    0.037558333333    0.012558333333
 9.4058543352e-08 -8.5391569089e-11  9.7679039277e-06      0.0000000000  9.5291390930e-08  9.6143993662e-08    0.037575000000    0.012575000000
 9.4630197171e-08 -6.2584873655e-11  9.7682340629e-06      0.0000000000  9.5533771268e-08  9.5274217976e-08    0.037591666667    0.012591666667
 9.4506782488e-08 -8.7889688146e-11  9.7685639327e-06      0.0000000000  9.5775696859e-08  9.4547704271e-08    0.037608333333    0.012608333333
 9.4876877431e-08 -7.9043703712e-11  9.7689039271e-06      0.0000000000  9.6018077197e-08  9.6164291205e-08    0.037625000000    0.012625000000
 9.5242221261e-08 -7.0526798798e-11  9.7692340658e-06      0.0000000000  9.6260457535e-08  9.6803435855e-08    0.037641666667    0.012641666667
 9.5676035394e-08 -5.7267388308e-11  9.7695639252e-06      0.0000000000  9.6502837873e-08  9.6967294104e-08    0.037658333333    0.012658333333
 9.6001581784e-08 -5.1507000913e-11  9.7699039301e-06      0.0000000000  9.6745218211e-08  9.7655256626e-08    0.037675000000    0.012675000000
 9.6239106761e-08 -5.1843301121e-11  9.7702340653e-06      0.0000000000  9.6987598549e-08  9.7332964336e-08    0.037691666667    0.012691666667
 9.6393684752e-08 -5.7893317938e-11  9.7705639281e-06      0.0000000000  9.7229524139e-08  9.8334461804e-08    0.037708333333    0.012708333333
 9.6753479385e-08 -4.9760770945e-11  9.7709039330e-06      0.0000000000  9.7471904478e-08  9.7932598740e-08    0.037725000000    0.012725000000
 9.6862622011e-08 -5.8989306121e-11  9.7712340613e-06      0.0000000000  9.7714284816e-08  9.7877460487e-08    0.037741666667    0.012741666667
 9.6897802316e-08 -7.3340744439e-11  9.7715639311e-06      0.0000000000  9.7956665154e-08  9.6087849178e-08    0.037758333333    0.012758333333
 9.6854798731e-08 -9.3138984696e-11  9.7719039255e-06      0.0000000000  9.8199500239e-08  9.6063259435e-08    0.037775000000    0.012775000000
 9.7420562155e-08 -7.0740279763e-11  9.7722340642e-06      0.0000000000  9.8441880577e-08  9.8168386704e-08    0.037791666667    0.012791666667
 9.7461085657e-08 -8.4721628539e-11  9.7725639305e-06      0.0000000000  9.8684260915e-08  9.8310783956e-08    0.037808333333    0.012808333333
 9.7579598250e-08 -9.3301165306e-11  9.7729039285e-06      0.0000000000  9.8926641253e-08  9.8252847126e-08    0.037825000000    0.012825000000
 9.7799660981e-08 -9.4846965071e-11  9.7732340672e-06      0.0000000000  9.9169021591e-08  9.8548867382e-08    0.037841666667    0.012841666667
 9.7924774952e-08 -1.0296926600e-10  9.7735639265e-06      0.0000000000  9.9411401929e-08  9.9054073400e-08    0.037858333333    0.012858333333
 9.8229403285e-08 -9.8689237821e-11  9.7739039349e-06      0.0000000000  9.9654237014e-08  9.9322642447e-08    0.037875000000    0.012875000000
 9.8530242130e-08 -9.4640186072e-11  9.7742340597e-06      0.0000000000  9.9896617352e-08  9.9608050123e-08    0.037891666667    0.012891666667
 9.8719555426e-08 -9.8315805073e-11  9.7745639330e-06      0.0000000000  1.0013899769e-07  1.0052398661e-07    0.037908333333    0.012908333333
 9.8867938410e-08 -1.0482640842e-10  9.7749039274e-06      0.0000000000  1.0038137803e-07  1.0298283513e-07    0.037925000000    0.012925000000
 9.9272314440e-08 -9.3637486930e-11  9.7752340661e-06      0.0000000000  1.0062421311e-07  1.0129386253e-07    0.037941666667    0.012941666667
 9.9597767315e-08 -8.7883576750e-11  9.7755639324e-06      0.0000000000  1.0086659345e-07  1.0242464482e-07    0.037958333333    0.012958333333
 1.0014290525e-07 -6.6944966606e-11  9.7759039269e-06      0.0000000000  1.0110942854e-07  1.0247563237e-07    0.037975000000    0.012975000000
 1.0038976466e-07 -6.6634729747e-11  9.7762340691e-06      0.0000000000  1.0135180888e-07  1.0153246479e-07    0.037991666667    0.012991666667
 1.0078209244e-07 -5.6280314092e-11  9.7765639249e-06      0.0000000000  1.0159464396e-07  1.0076791874e-07    0.038008333333    0.013008333333
 1.0115501983e-07 -4.7238144077e-11  9.7769039333e-06      0.0000000000  1.0183702430e-07  1.0244755227e-07    0.038025000000    0.013025000000
 1.0094597074e-07 -7.8537308274e-11  9.7772340616e-06      0.0000000000  1.0207985938e-07  1.0340480706e-07    0.038041666667    0.013041666667
 1.0111825650e-07 -8.3392317036e-11  9.7775639314e-06      0.0000000000  1.0232223972e-07  1.0133747631e-07    0.038058333333    0.013058333333
 1.0135335835e-07 -8.3927949948e-11  9.7779039293e-06      0.0000000000  1.0256507481e-07  1.0182537203e-07    0.038075000000    0.013075000000
 1.0146688255e-07 -9.2884498672e-11  9.7782340645e-06      0.0000000000  1.0280790989e-07  1.0263642476e-07    0.038091666667    0.013091666667
 1.0177804388e-07 -8.8120473458e-11  9.7785639343e-06      0.0000000000  1.0305029023e-07  1.0101100187e-07    0.038108333333    0.013108333333
 1.0228146597e-07 -7.0071256266e-11  9.7789039253e-06      0.0000000000  1.0329312532e-07  1.0123568986e-07    0.038125000000    0.013125000000
 1.0240010813e-07 -7.8673316282e-11  9.7792340675e-06      0.0000000000  1.0353596040e-07  1.0334506217e-07    0.038141666667    0.013141666667
 1.0296436888e-07 -5.6410189754e-11  9.7795639268e-06      0.0000000000  1.0377879549e-07  1.0454920490e-07    0.038158333333    0.013158333333
 1.0342098525e-07 -4.1571412241e-11  9.7799039317e-06      0.0000000000  1.0402117582e-07  1.0421398884e-07    0.038175000000    0.013175000000
 1.0408901432e-07 -1.2120909178e-11  9.7802340670e-06      0.0000000000  1.0426401091e-07  1.0563498984e-07    0.038191666667    0.013191666667
 1.0420998020e-07 -2.0562019661e-11  9.7805639263e-06      0.0000000000  1.0450684600e-07  1.0758545643e-07    0.038208333333    0.013208333333
 1.0412345833e-07 -4.3374496557e-11  9.7809039347e-06      0.0000000000  1.0474968108e-07  1.0463347665e-07    0.038225000000    0.013225000000
 1.0447577012e-07 -3.5791736597e-11  9.7812340629e-06      0.0000000000  1.0499251617e-07  1.0631381768e-07    0.038241666667    0.013241666667
 1.0437581278e-07 -5.9534804185e-11  9.7815639327e-06      0.0000000000  1.0523535125e-07  1.0685615987e-07    0.038258333333    0.013258333333
 1.0448653980e-07 -6.8685095654e-11  9.7819039272e-06      0.0000000000  1.0547818634e-07  1.0650346057e-07    0.038275000000    0.013275000000
 1.0465404344e-07 -7.3902829488e-11  9.7822340659e-06      0.0000000000  1.0572102142e-07  1.0547839532e-07    0.038291666667    0.013291666667
 1.0477211221e-07 -8.2544604083e-11  9.7825639322e-06      0.0000000000  1.0596385651e-07  1.0610601549e-07    0.038308333333    0.013308333333
 1.0491914749e-07 -8.9180052167e-11  9.7829039301e-06      0.0000000000  1.0620669159e-07  1.0548815889e-07    0.038325000000    0.013325000000
 1.0502027931e-07 -9.8994942879e-11  9.7832340688e-06      0.0000000000  1.0644952668e-07  1.0412086541e-07    0.038341666667    0.013341666667
 1.0520234219e-07 -1.0323574722e-10  9.7835639247e-06      0.0000000000  1.0669281651e-07  1.0539338461e-07    0.038358333333    0.013358333333
 1.0539366845e-07 -1.0680343837e-10  9.7839039366e-06      0.0000000000  1.0693565160e-07  1.0579532629e-07    0.038375000000    0.013375000000
 1.0568847607e-07 -1.0320362878e-10  9.7842340613e-06      0.0000000000  1.0717848668e-07  1.0502332785e-07    0.038391666667    0.013391666667
 1.0578327290e-07 -1.1345730452e-10  9.7845639346e-06      0.0000000000  1.0742132177e-07  1.0792681992e-07    0.038408333333    0.013408333333
 1.0618904042e-07 -1.0220350089e-10  9.7849039291e-06      0.0000000000  1.0766461160e-07  1.0850411288e-07    0.038425000000    0.013425000000
 1.0654709778e-07 -9.4222780855e-11  9.7852340643e-06      0.0000000000  1.0790744669e-07  1.0741023093e-07    0.038441666667    0.013441666667
 1.0673057303e-07 -9.8334261935e-11  9.7855639341e-06      0.0000000000  1.0815028177e-07  1.0674482997e-07    0.038458333333    0.013458333333
 1.0745255641e-07 -6.5178182394e-11  9.7859039250e-06      0.0000000000  1.0839357160e-07  1.0721335576e-07    0.038475000000    0.013475000000
 1.0757562451e-07 -7.3473685090e-11  9.7862340707e-06      0.0000000000  1.0863640669e-07  1.0953601736e-07    0.038491666667    0.013491666667
 1.0779471999e-07 -7.5149475397e-11  9.7865639266e-06      0.0000000000  1.0887969652e-07  1.1063302805e-07    0.038508333333    0.013508333333
 1.0814492661e-07 -6.7712526793e-11  9.7869039350e-06      0.0000000000  1.0912253161e-07  1.1086472821e-07    0.038525000000    0.013525000000
 1.0811185406e-07 -8.6854404171e-11  9.7872340667e-06      0.0000000000  1.0936582144e-07  1.1109479324e-07    0.038541666667    0.013541666667
 1.0846005198e-07 -7.9556586139e-11  9.7875639295e-06      0.0000000000  1.0960865653e-07  1.0994597743e-07    0.038558333333    0.013558333333
 1.0843604347e-07 -9.8070654855e-11  9.7879039309e-06      0.0000000000  1.0985194636e-07  1.0967561603e-07    0.038575000000    0.013575000000
 1.0906021627e-07 -7.1657798935e-11  9.7882340662e-06      0.0000000000  1.1009478144e-07  1.0923767019e-07    0.038591666667    0.013591666667
 1.0933158519e-07 -6.9712937254e-11  9.7885639360e-06      0.0000000000  1.1033807128e-07  1.1048302119e-07    0.038608333333    0.013608333333
 1.0957357936e-07 -6.9802679753e-11  9.7889039234e-06      0.0000000000  1.1058136111e-07  1.0943000160e-07    0.038625000000    0.013625000000
 1.0989740478e-07 -6.4192990433e-11  9.7892340691e-06      0.0000000000  1.1082419619e-07  1.0858123097e-07    0.038641666667    0.013641666667
 1.0996981884e-07 -7.6028477082e-11  9.7895639284e-06      0.0000000000  1.1106748603e-07  1.1304433221e-07    0.038658333333    0.013658333333
 1.1025816400e-07 -7.2907778854e-11  9.7899039299e-06      0.0000000000  1.1131077586e-07  1.1081375638e-07    0.038675000000    0.013675000000
 1.1045460900e-07 -7.6152424589e-11  9.7902340686e-06      0.0000000000  1.1155406569e-07  1.1019233080e-07    0.038691666667    0.013691666667
 1.1095098911e-07 -5.8622458990e-11  9.7905639279e-06      0.0000000000  1.1179735553e-07  1.1110068912e-07    0.038708333333    0.013708333333
 1.1102586261e-07 -7.0287594891e-11  9.7909039363e-06      0.0000000000  1.1204064536e-07  1.1313640225e-07    0.038725000000    0.013725000000
 1.1129070312e-07 -6.8763418005e-11  9.7912340646e-06      0.0000000000  1.1228348044e-07  1.1108737229e-07    0.038741666667    0.013741666667
 1.1160415794e-07 -6.3903532108e-11  9.7915639344e-06      0.0000000000  1.1252677028e-07  1.1279684683e-07    0.038758333333    0.013758333333
 1.1184228966e-07 -6.4260802081e-11  9.7919039288e-06      0.0000000000  1.1277006011e-07  1.1471851008e-07    0.038775000000    0.013775000000
 1.1216063106e-07 -5.9062453955e-11  9.7922340675e-06      0.0000000000  1.1301334994e-07  1.1358596690e-07    0.038791666667    0.013791666667
 1.1214370700e-07 -7.7085827390e-11  9.7925639338e-06      0.0000000000  1.1325663977e-07  1.1378579786e-07    0.038808333333    0.013808333333
 1.1223628801e-07 -8.7555973744e-11  9.7929039283e-06      0.0000000000  1.1350038435e-07  1.1588462047e-07    0.038825000000    0.013825000000
 1.1231910898e-07 -9.8670638926e-11  9.7932340705e-06      0.0000000000  1.1374367419e-07  1.1404090859e-07    0.038841666667    0.013841666667
 1.1264688768e-07 -9.2818628798e-11  9.7935639263e-06      0.0000000000  1.1398696402e-07  1.1369625913e-07    0.038858333333    0.013858333333
 1.1281549290e-07 -9.7991559860e-11  9.7939039347e-06      0.0000000000  1.1423025385e-07  1.1361914104e-07    0.038875000000    0.013875000000
 1.1316933779e-07 -9.0334109409e-11  9.7942340630e-06      0.0000000000  1.1447354369e-07  1.1408581160e-07    0.038891666667    0.013891666667
 1.1327913846e-07 -9.9580061134e-11  9.7945639328e-06      0.0000000000  1.1471683352e-07  1.1430974491e-07    0.038908333333    0.013908333333
 1.1361712179e-07 -9.3052737647e-11  9.7949039307e-06      0.0000000000  1.1496057810e-07  1.1373234190e-07    0.038925000000    0.013925000000
 1.1412125298e-07 -7.4985903479e-11  9.7952340659e-06      0.0000000000  1.1520386793e-07  1.1478677649e-07    0.038941666667    0.013941666667
 1.1405141182e-07 -9.6674510645e-11  9.7955639357e-06      0.0000000000  1.1544715776e-07  1.1508535949e-07    0.038958333333    0.013958333333
 1.1467857306e-07 -7.0117659085e-11  9.7959039267e-06      0.0000000000  1.1569090234e-07  1.1515195933e-07    0.038975000000    0.013975000000
 1.1528903783e-07 -4.4685769129e-11  9.7962340724e-06      0.0000000000  1.1593419218e-07  1.1742699795e-07    0.038991666667    0.013991666667
 1.1553954883e-07 -4.4185603924e-11  9.7965639282e-06      0.0000000000  1.1617748201e-07  1.1777911553e-07    0.039008333333    0.014008333333
 1.1581135326e-07 -4.2242075746e-11  9.7969039331e-06      0.0000000000  1.1642122659e-07  1.1765984584e-07    0.039025000000    0.014025000000
 1.1613370219e-07 -3.6766151211e-11  9.7972340649e-06      0.0000000000  1.1666451642e-07  1.1636794099e-07    0.039041666667    0.014041666667
 1.1639339077e-07 -3.5661810971e-11  9.7975639312e-06      0.0000000000  1.1690826100e-07  1.1643045302e-07    0.039058333333    0.014058333333
 1.1630371875e-07 -5.8723976289e-11  9.7979039326e-06      0.0000000000  1.1715155083e-07  1.1628478552e-07    0.039075000000    0.014075000000
 1.1666746555e-07 -5.0412180149e-11  9.7982340678e-06      0.0000000000  1.1739529541e-07  1.1663647859e-07    0.039091666667    0.014091666667
 1.1645926768e-07 -8.1715380821e-11  9.7985639341e-06      0.0000000000  1.1763903999e-07  1.1742552005e-07    0.039108333333    0.014108333333
 1.1657997704e-07 -9.0205756196e-11  9.7989039251e-06      0.0000000000  1.1788232983e-07  1.2041573657e-07    0.039125000000    0.014125000000
 1.1652516564e-07 -1.1088484423e-10  9.7992340708e-06      0.0000000000  1.1812607441e-07  1.1697947721e-07    0.039141666667    0.014141666667
 1.1667527005e-07 -1.1737070776e-10  9.7995639301e-06      0.0000000000  1.1836981899e-07  1.1731489765e-07    0.039158333333    0.014158333333
 1.1681451975e-07 -1.2457691055e-10  9.7999039315e-06      0.0000000000  1.1861310882e-07  1.1750622283e-07    0.039175000000    0.014175000000
 1.1678478275e-07 -1.4351925375e-10  9.8002340702e-06      0.0000000000  1.1885685340e-07  1.1788193964e-07    0.039191666667    0.014191666667
 1.1745984306e-07 -1.1364473580e-10  9.8005639296e-06      0.0000000000  1.1910059798e-07  1.1819937373e-07    0.039208333333    0.014208333333
 1.1766469640e-07 -1.1633848622e-10  9.8009039345e-06      0.0000000000  1.1934434256e-07  1.1960853580e-07    0.039225000000    0.014225000000
 1.1811490050e-07 -1.0203833852e-10  9.8012340662e-06      0.0000000000  1.1958808714e-07  1.2152159894e-07    0.039241666667    0.014241666667
 1.1863756614e-07 -8.2719237717e-11  9.8015639325e-06      0.0000000000  1.1983183172e-07  1.1916019750e-07    0.039258333333    0.014258333333
 1.1925391247e-07 -5.6911466785e-11  9.8019039304e-06      0.0000000000  1.2007557630e-07  1.2051310503e-07    0.039275000000    0.014275000000
 1.1975582679e-07 -3.9029678436e-11  9.8022340692e-06      0.0000000000  1.2031932088e-07  1.2073862631e-07    0.039291666667    0.014291666667
 1.1973134267e-07 -5.7608187233e-11  9.8025639320e-06      0.0000000000  1.2056306546e-07  1.2039209017e-07    0.039308333333    0.014308333333
 1.2033223867e-07 -3.2870563210e-11  9.8029039299e-06      0.0000000000  1.2080681004e-07  1.2050794811e-07    0.039325000000    0.014325000000
 1.2007691122e-07 -6.7438132047e-11  9.8032340721e-06      0.0000000000  1.2105055462e-07  1.2313999395e-07    0.039341666667    0.014341666667
 1.2052486828e-07 -5.3293622563e-11  9.8035639280e-06      0.0000000000  1.2129429920e-07  1.2132214531e-07    0.039358333333    0.014358333333
 1.2040912792e-07 -7.8192875072e-11  9.8039039364e-06      0.0000000000  1.2153804378e-07  1.2087471890e-07    0.039375000000    0.014375000000
 1.2081797020e-07 -6.6757599439e-11  9.8042340646e-06      0.0000000000  1.2178178836e-07  1.2108149914e-07    0.039391666667    0.014391666667
 1.2105187635e-07 -6.7439045803e-11  9.8045639344e-06      0.0000000000  1.2202553294e-07  1.2228296908e-07    0.039408333333    0.014408333333
 1.2117401004e-07 -7.5893761580e-11  9.8049039323e-06      0.0000000000  1.2226973227e-07  1.2081230120e-07    0.039425000000    0.014425000000
 1.2165250760e-07 -5.9633904808e-11  9.8052340676e-06      0.0000000000  1.2251347685e-07  1.2164083719e-07    0.039441666667    0.014441666667
 1.2157702130e-07 -8.1745012484e-11  9.8055639339e-06      0.0000000000  1.2275722143e-07  1.2417027902e-07    0.039458333333    0.014458333333
 1.2208335273e-07 -6.3588776342e-11  9.8059039283e-06      0.0000000000  1.2300142076e-07  1.2317522772e-07    0.039475000000    0.014475000000
 1.2223259787e-07 -7.0134156225e-11  9.8062340740e-06      0.0000000000  1.2324516534e-07  1.2256568824e-07    0.039491666667    0.014491666667
 1.2244336058e-07 -7.2418602192e-11  9.8065639298e-06      0.0000000000  1.2348890992e-07  1.2277075474e-07    0.039508333333    0.014508333333
 1.2269682209e-07 -7.1777069245e-11  9.8069039348e-06      0.0000000000  1.2373310924e-07  1.2527673885e-07    0.039525000000    0.014525000000
 1.2282472650e-07 -7.9800586538e-11  9.8072340665e-06      0.0000000000  1.2397685382e-07  1.2366952243e-07    0.039541666667    0.014541666667
 1.2328569179e-07 -6.4786576798e-11  9.8075639328e-06      0.0000000000  1.2422105315e-07  1.2515817666e-07    0.039558333333    0.014558333333
 1.2348281970e-07 -6.8015419177e-11  9.8079039342e-06      0.0000000000  1.2446479773e-07  1.2495290577e-07    0.039575000000    0.014575000000
 1.2401074622e-07 -4.8363427601e-11  9.8082340695e-06      0.0000000000  1.2470899706e-07  1.2469876983e-07    0.039591666667    0.014591666667
 1.2397589740e-07 -6.7659833863e-11  9.8085639358e-06      0.0000000000  1.2495274164e-07  1.2609272840e-07    0.039608333333    0.014608333333
 1.2452136953e-07 -4.6792568756e-11  9.8089039267e-06      0.0000000000  1.2519694097e-07  1.2503975598e-07    0.039625000000    0.014625000000
 1.2463068949e-07 -5.6134811000e-11  9.8092340724e-06      0.0000000000  1.2544114029e-07  1.2509396662e-07    0.039641666667    0.014641666667
 1.2520654610e-07 -3.3131507482e-11  9.8095639317e-06      0.0000000000  1.2568488487e-07  1.2573024980e-07    0.039658333333    0.014658333333
 1.2515640911e-07 -5.3518326130e-11  9.8099039332e-06      0.0000000000  1.2592908420e-07  1.2574965117e-07    0.039675000000    0.014675000000
 1.2530754136e-07 -5.9964494637e-11  9.8102340719e-06      0.0000000000  1.2617328353e-07  1.2604850145e-07    0.039691666667    0.014691666667
 1.2534067815e-07 -7.4583464620e-11  9.8105639312e-06      0.0000000000  1.2641748286e-07  1.2578905136e-07    0.039708333333    0.014708333333
 1.2557611418e-07 -7.5190442568e-11  9.8109039326e-06      0.0000000000  1.2666168218e-07  1.2664712963e-07    0.039725000000    0.014725000000
 1.2590860630e-07 -6.9043461130e-11  9.8112340678e-06      0.0000000000  1.2690542676e-07  1.2754765821e-07    0.039741666667    0.014741666667
 1.2599889295e-07 -7.9704020137e-11  9.8115639342e-06      0.0000000000  1.2714962609e-07  1.2727091355e-07    0.039758333333    0.014758333333
 1.2627218238e-07 -7.7689132608e-11  9.8119039321e-06      0.0000000000  1.2739382542e-07  1.2760263924e-07    0.039775000000    0.014775000000
 1.2675855391e-07 -6.0915393174e-11  9.8122340708e-06      0.0000000000  1.2763802475e-07  1.2733131878e-07    0.039791666667    0.014791666667
 1.2706158815e-07 -5.6840270201e-11  9.8125639336e-06      0.0000000000  1.2788222407e-07  1.2773862178e-07    0.039808333333    0.014808333333
 1.2730423421e-07 -5.6947854895e-11  9.8129039316e-06      0.0000000000  1.2812642340e-07  1.2779473482e-07    0.039825000000    0.014825000000
 1.2776992496e-07 -4.1606542242e-11  9.8132340738e-06      0.0000000000  1.2837062273e-07  1.2777129281e-07    0.039841666667    0.014841666667
 1.2779261662e-07 -5.6948980096e-11  9.8135639296e-06      0.0000000000  1.2861482206e-07  1.2767631414e-07    0.039858333333    0.014858333333
 1.2819768806e-07 -4.5837881902e-11  9.8139039380e-06      0.0000000000  1.2885947613e-07  1.2923633208e-07    0.039875000000    0.014875000000
 1.2826738452e-07 -5.7924594045e-11  9.8142340662e-06      0.0000000000  1.2910367546e-07  1.2842018531e-07    0.039891666667    0.014891666667
 1.2869688565e-07 -4.5089907968e-11  9.8145639326e-06      0.0000000000  1.2934787479e-07  1.2893182176e-07    0.039908333333    0.014908333333
 1.2873043791e-07 -5.9680100611e-11  9.8149039340e-06      0.0000000000  1.2959207411e-07  1.3008824719e-07    0.039925000000    0.014925000000
 1.2887246097e-07 -6.6757205351e-11  9.8152340692e-06      0.0000000000  1.2983627344e-07  1.3045616572e-07    0.039941666667    0.014941666667
 1.2881009964e-07 -8.8022224323e-11  9.8155639355e-06      0.0000000000  1.3008092751e-07  1.3005934952e-07    0.039958333333    0.014958333333
 1.2895489397e-07 -9.4907381431e-11  9.8159039300e-06      0.0000000000  1.3032512684e-07  1.2976804597e-07    0.039975000000    0.014975000000
 1.2880274968e-07 -1.2235960141e-10  9.8162340757e-06      0.0000000000  1.3056932617e-07  1.2941949737e-07    0.039991666667    0.014991666667
 1.2944579112e-07 -9.4765823893e-11  9.8165639315e-06      0.0000000000  1.3081398024e-07  1.3166666028e-07    0.040008333333    0.015008333333
 1.2957977026e-07 -1.0240008014e-10  9.8169039364e-06      0.0000000000  1.3105817957e-07  1.3074539392e-07    0.040025000000    0.015025000000
 1.2992501702e-07 -9.5432659764e-11  9.8172340681e-06      0.0000000000  1.3130283365e-07  1.3199984815e-07    0.040041666667    0.015041666667
 1.3032250733e-07 -8.4815161296e-11  9.8175639344e-06      0.0000000000  1.3154703297e-07  1.3166483649e-07    0.040058333333    0.015058333333
 1.3057745331e-07 -8.4102306009e-11  9.8179039324e-06      0.0000000000  1.3179168705e-07  1.3186135004e-07    0.040075000000    0.015075000000
 1.3101317695e-07 -7.0836626065e-11  9.8182340711e-06      0.0000000000  1.3203588638e-07  1.3129133653e-07    0.040091666667    0.015091666667
 1.3128053455e-07 -6.9264096335e-11  9.8185639374e-06      0.0000000000  1.3228054045e-07  1.3225094968e-07    0.040108333333    0.015108333333
 1.3160841500e-07 -6.3468032931e-11  9.8189039283e-06      0.0000000000  1.3252473978e-07  1.3270008982e-07    0.040125000000    0.015125000000
 1.3174939602e-07 -7.0648811166e-11  9.8192340741e-06      0.0000000000  1.3276939385e-07  1.3388665498e-07    0.040141666667    0.015141666667
 1.3186105972e-07 -7.9860214720e-11  9.8195639334e-06      0.0000000000  1.3301404793e-07  1.3213260761e-07    0.040158333333    0.015158333333
 1.3198628369e-07 -8.8100886311e-11  9.8199039348e-06      0.0000000000  1.3325824726e-07  1.3342924488e-07    0.040175000000    0.015175000000
 1.3240380897e-07 -7.6127189674e-11  9.8202340735e-06      0.0000000000  1.3350290133e-07  1.3328996065e-07    0.040191666667    0.015191666667
 1.3253917933e-07 -8.3696582285e-11  9.8205639328e-06      0.0000000000  1.3374755541e-07  1.3382057397e-07    0.040208333333    0.015208333333
 1.3277687254e-07 -8.4178717594e-11  9.8209039343e-06      0.0000000000  1.3399220948e-07  1.3375386408e-07    0.040225000000    0.015225000000
 1.3308220617e-07 -7.9975827982e-11  9.8212340695e-06      0.0000000000  1.3423686355e-07  1.3302154883e-07    0.040241666667    0.015241666667
 1.3341860745e-07 -7.3621078097e-11  9.8215639358e-06      0.0000000000  1.3448151763e-07  1.3427943053e-07    0.040258333333    0.015258333333
 1.3363879032e-07 -7.5316044101e-11  9.8219039337e-06      0.0000000000  1.3472617170e-07  1.3520410863e-07    0.040275000000    0.015275000000
 1.3374446103e-07 -8.4942544587e-11  9.8222340724e-06      0.0000000000  1.3497082578e-07  1.3481138025e-07    0.040291666667    0.015291666667
 1.3409312192e-07 -7.7707151542e-11  9.8225639318e-06      0.0000000000  1.3521502511e-07  1.3585150751e-07    0.040308333333    0.015308333333
 1.3448500047e-07 -6.7541339111e-11  9.8229039332e-06      0.0000000000  1.3546013393e-07  1.3588836068e-07    0.040325000000    0.015325000000
 1.3467703176e-07 -7.1186187327e-11  9.8232340754e-06      0.0000000000  1.3570478800e-07  1.3600439156e-07    0.040341666667    0.015341666667
 1.3499489269e-07 -6.6115610031e-11  9.8235639312e-06      0.0000000000  1.3594944208e-07  1.3515408014e-07    0.040358333333    0.015358333333
 1.3541026444e-07 -5.4291074396e-11  9.8239039396e-06      0.0000000000  1.3619409615e-07  1.3611394484e-07    0.040375000000    0.015375000000
 1.3547854853e-07 -6.6507109805e-11  9.8242340679e-06      0.0000000000  1.3643875023e-07  1.3606413646e-07    0.040391666667    0.015391666667
 1.3578470910e-07 -6.2246943108e-11  9.8245639342e-06      0.0000000000  1.3668340430e-07  1.3780276022e-07    0.040408333333    0.015408333333
 1.3608368850e-07 -5.8484170982e-11  9.8249039321e-06      0.0000000000  1.3692805838e-07  1.3683589907e-07    0.040425000000    0.015425000000
 1.3612073819e-07 -7.2895113430e-11  9.8252340708e-06      0.0000000000  1.3717316720e-07  1.3754065305e-07    0.040441666667    0.015441666667
 1.3646451062e-07 -6.6029810975e-11  9.8255639372e-06      0.0000000000  1.3741782127e-07  1.3787998836e-07    0.040458333333    0.015458333333
 1.3653199288e-07 -7.8301383874e-11  9.8259039316e-06      0.0000000000  1.3766247535e-07  1.3781323130e-07    0.040475000000    0.015475000000
 1.3664993144e-07 -8.7109665139e-11  9.8262340773e-06      0.0000000000  1.3790758417e-07  1.3868171775e-07    0.040491666667    0.015491666667
 1.3705032258e-07 -7.6322742288e-11  9.8265639331e-06      0.0000000000  1.3815223825e-07  1.3795193380e-07    0.040508333333    0.015508333333
 1.3716209609e-07 -8.5526539741e-11  9.8269039380e-06      0.0000000000  1.3839689232e-07  1.3828170992e-07    0.040525000000    0.015525000000
 1.3757940012e-07 -7.3599665161e-11  9.8272340698e-06      0.0000000000  1.3864200114e-07  1.3837594964e-07    0.040541666667    0.015541666667
 1.3798582673e-07 -6.2394702873e-11  9.8275639361e-06      0.0000000000  1.3888665522e-07  1.3851243529e-07    0.040558333333    0.015558333333
 1.3808775440e-07 -7.2311957322e-11  9.8279039340e-06      0.0000000000  1.3913176404e-07  1.4017411391e-07    0.040575000000    0.015575000000
 1.3839942917e-07 -6.7669857032e-11  9.8282340692e-06      0.0000000000  1.3937641811e-07  1.3906194687e-07    0.040591666667    0.015591666667
 1.3866917299e-07 -6.5963546107e-11  9.8285639390e-06      0.0000000000  1.3962152694e-07  1.3984342588e-07    0.040608333333    0.015608333333
 1.3908010675e-07 -5.4477899393e-11  9.8289039300e-06      0.0000000000  1.3986663576e-07  1.3960652163e-07    0.040625000000    0.015625000000
 1.3913947482e-07 -6.7311490960e-11  9.8292340757e-06      0.0000000000  1.4011128983e-07  1.4036690126e-07    0.040641666667    0.015641666667
 1.3960873675e-07 -5.1785820365e-11  9.8295639315e-06      0.0000000000  1.4035639866e-07  1.4089778187e-07    0.040658333333    0.015658333333
 1.3947916756e-07 -7.7737401333e-11  9.8299039364e-06      0.0000000000  1.4060150748e-07  1.4019430139e-07    0.040675000000    0.015675000000
 1.3994317660e-07 -6.2575565142e-11  9.8302340752e-06      0.0000000000  1.4084661630e-07  1.4177637779e-07    0.040691666667    0.015691666667
 1.3999234723e-07 -7.6115469214e-11  9.8305639345e-06      0.0000000000  1.4109127037e-07  1.4145328366e-07    0.040708333333    0.015708333333
 1.4008423242e-07 -8.6728302498e-11  9.8309039359e-06      0.0000000000  1.4133637920e-07  1.4067248070e-07    0.040725000000    0.015725000000
 1.4036557375e-07 -8.4218705910e-11  9.8312340711e-06      0.0000000000  1.4158148802e-07  1.4166443471e-07    0.040741666667    0.015741666667
 1.4051108730e-07 -9.1117041618e-11  9.8315639374e-06      0.0000000000  1.4182659684e-07  1.4195767211e-07    0.040758333333    0.015758333333
 1.4099283512e-07 -7.4726551821e-11  9.8319039319e-06      0.0000000000  1.4207170566e-07  1.4224361435e-07    0.040775000000    0.015775000000
 1.4094082030e-07 -9.5306430576e-11  9.8322340741e-06      0.0000000000  1.4231681449e-07  1.4202240099e-07    0.040791666667    0.015791666667
 1.4155076024e-07 -7.0036882317e-11  9.8325639334e-06      0.0000000000  1.4256192331e-07  1.4204106341e-07    0.040808333333    0.015808333333
 1.4149380755e-07 -9.0958776515e-11  9.8329039348e-06      0.0000000000  1.4280703213e-07  1.4336221182e-07    0.040825000000    0.015825000000
 1.4173494611e-07 -9.1233771545e-11  9.8332340770e-06      0.0000000000  1.4305214095e-07  1.4283518319e-07    0.040841666667    0.015841666667
 1.4188770202e-07 -9.7630474733e-11  9.8335639329e-06      0.0000000000  1.4329724977e-07  1.4303493555e-07    0.040858333333    0.015858333333
 1.4210499231e-07 -9.9557289060e-11  9.8339039413e-06      0.0000000000  1.4354235860e-07  1.4406309811e-07    0.040875000000    0.015875000000
 1.4213782526e-07 -1.1426029837e-10  9.8342340695e-06      0.0000000000  1.4378746742e-07  1.4361073488e-07    0.040891666667    0.015891666667
 1.4247153086e-07 -1.0815525646e-10  9.8345639358e-06      0.0000000000  1.4403303099e-07  1.4364824839e-07    0.040908333333    0.015908333333
 1.4241921332e-07 -1.2875610289e-10  9.8349039338e-06      0.0000000000  1.4427813981e-07  1.4439208811e-07    0.040925000000    0.015925000000
 1.4291872585e-07 -1.1113516437e-10  9.8352340725e-06      0.0000000000  1.4452324863e-07  1.4489330066e-07    0.040941666667    0.015941666667
 1.4308400292e-07 -1.1666460552e-10  9.8355639388e-06      0.0000000000  1.4476835745e-07  1.4577482093e-07    0.040958333333    0.015958333333
 1.4352732235e-07 -1.0296730564e-10  9.8359039332e-06      0.0000000000  1.4501392102e-07  1.4439746515e-07    0.040975000000    0.015975000000
 1.4395407356e-07 -9.0386084321e-11  9.8362340789e-06      0.0000000000  1.4525902985e-07  1.4632504001e-07    0.040991666667    0.015991666667
 1.4414235324e-07 -9.4353777520e-11  9.8365639278e-06      0.0000000000  1.4550459341e-07  1.4569850468e-07    0.041008333333    0.016008333333
 1.4463002352e-07 -7.7553076463e-11  9.8369039397e-06      0.0000000000  1.4574970224e-07  1.4559137264e-07    0.041025000000    0.016025000000
 1.4511062565e-07 -6.1241941799e-11  9.8372340714e-06      0.0000000000  1.4599481106e-07  1.4488587971e-07    0.041041666667    0.016041666667
 1.4546213122e-07 -5.3904008335e-11  9.8375639377e-06      0.0000000000  1.4624037463e-07  1.4661783719e-07    0.041058333333    0.016058333333
 1.4593223102e-07 -3.8351800714e-11  9.8379039357e-06      0.0000000000  1.4648593820e-07  1.4669504961e-07    0.041075000000    0.016075000000
 1.4625340532e-07 -3.3083225266e-11  9.8382340709e-06      0.0000000000  1.4673104702e-07  1.4616102454e-07    0.041091666667    0.016091666667
 1.4662322600e-07 -2.4476720046e-11  9.8385639407e-06      0.0000000000  1.4697661059e-07  1.4622215301e-07    0.041108333333    0.016108333333
 1.4691184495e-07 -2.1463048103e-11  9.8389039281e-06      0.0000000000  1.4722171941e-07  1.4695729828e-07    0.041125000000    0.016125000000
 1.4694802974e-07 -3.5965394351e-11  9.8392340773e-06      0.0000000000  1.4746728298e-07  1.4710801265e-07    0.041141666667    0.016141666667
 1.4714261823e-07 -3.9496116139e-11  9.8395639332e-06      0.0000000000  1.4771284655e-07  1.4768283720e-07    0.041158333333    0.016158333333
 1.4708097025e-07 -6.0774720852e-11  9.8399039381e-06      0.0000000000  1.4795841012e-07  1.4796183016e-07    0.041175000000    0.016175000000
 1.4732692084e-07 -6.0716416920e-11  9.8402340733e-06      0.0000000000  1.4820351894e-07  1.4860679207e-07    0.041191666667    0.016191666667
 1.4738596531e-07 -7.3635417284e-11  9.8405639326e-06      0.0000000000  1.4844908251e-07  1.4860133642e-07    0.041208333333    0.016208333333
 1.4740491630e-07 -8.9331440179e-11  9.8409039375e-06      0.0000000000  1.4869464608e-07  1.4908380793e-07    0.041225000000    0.016225000000
 1.4739272215e-07 -1.0718469018e-10  9.8412340728e-06      0.0000000000  1.4894020965e-07  1.4915858339e-07    0.041241666667    0.016241666667
 1.4794881542e-07 -8.5676257985e-11  9.8415639391e-06      0.0000000000  1.4918577322e-07  1.4938556684e-07    0.041258333333    0.016258333333
 1.4829222283e-07 -7.8899232809e-11  9.8419039300e-06      0.0000000000  1.4943133679e-07  1.4961887068e-07    0.041275000000    0.016275000000
 1.4840873299e-07 -8.7837947719e-11  9.8422340757e-06      0.0000000000  1.4967690036e-07  1.4974773099e-07    0.041291666667    0.016291666667
 1.4893757911e-07 -6.8216753815e-11  9.8425639351e-06      0.0000000000  1.4992246393e-07  1.4947145800e-07    0.041308333333    0.016308333333
 1.4894494249e-07 -8.4715377638e-11  9.8429039330e-06      0.0000000000  1.5016802750e-07  1.5009613809e-07    0.041325000000    0.016325000000
 1.4934977770e-07 -7.3683636673e-11  9.8432340787e-06      0.0000000000  1.5041359107e-07  1.4966559748e-07    0.041341666667    0.016341666667
 1.4937991712e-07 -8.8604707093e-11  9.8435639310e-06      0.0000000000  1.5065915464e-07  1.4990050499e-07    0.041358333333    0.016358333333
 1.4984692692e-07 -7.3266525153e-11  9.8439039429e-06      0.0000000000  1.5090471821e-07  1.5094615080e-07    0.041375000000    0.016375000000
 1.4998329706e-07 -8.0829664721e-11  9.8442340712e-06      0.0000000000  1.5115028178e-07  1.5132851816e-07    0.041391666667    0.016391666667
 1.5028106871e-07 -7.7245037649e-11  9.8445639375e-06      0.0000000000  1.5139630009e-07  1.5132770059e-07    0.041408333333    0.016408333333
 1.5067082685e-07 -6.7257590253e-11  9.8449039354e-06      0.0000000000  1.5164186366e-07  1.5133825028e-07    0.041425000000    0.016425000000
 1.5108293674e-07 -5.5721977502e-11  9.8452340741e-06      0.0000000000  1.5188742723e-07  1.5201451538e-07    0.041441666667    0.016441666667
 1.5176006151e-07 -2.5861955245e-11  9.8455639404e-06      0.0000000000  1.5213344555e-07  1.5284712345e-07    0.041458333333    0.016458333333
 1.5168064562e-07 -4.8371230754e-11  9.8459039314e-06      0.0000000000  1.5237900912e-07  1.5290859781e-07    0.041475000000    0.016475000000
 1.5248545059e-07 -9.6361093417e-12  9.8462340806e-06      0.0000000000  1.5262457269e-07  1.5236493494e-07    0.041491666667    0.016491666667
 1.5214620322e-07 -5.0173769232e-11  9.8465639294e-06      0.0000000000  1.5287059100e-07  1.5302172006e-07    0.041508333333    0.016508333333
 1.5246051240e-07 -4.5412194186e-11  9.8469039413e-06      0.0000000000  1.5311615457e-07  1.5259712249e-07    0.041525000000    0.016525000000
 1.5254012301e-07 -5.6938205802e-11  9.8472340731e-06      0.0000000000  1.5336217289e-07  1.5268554494e-07    0.041541666667    0.016541666667
 1.5287044897e-07 -5.1067250433e-11  9.8475639359e-06      0.0000000000  1.5360773646e-07  1.5347433485e-07    0.041558333333    0.016558333333
 1.5298641886e-07 -6.0074883955e-11  9.8479039373e-06      0.0000000000  1.5385375478e-07  1.5399364380e-07    0.041575000000    0.016575000000
 1.5326702832e-07 -5.7678973833e-11  9.8482340725e-06      0.0000000000  1.5409977309e-07  1.5447512481e-07    0.041591666667    0.016591666667
 1.5346330676e-07 -6.1092643099e-11  9.8485639423e-06      0.0000000000  1.5434533666e-07  1.5367870957e-07    0.041608333333    0.016608333333
 1.5355326898e-07 -7.1901664058e-11  9.8489039298e-06      0.0000000000  1.5459135498e-07  1.5321735316e-07    0.041625000000    0.016625000000
 1.5365056680e-07 -8.2202593789e-11  9.8492340790e-06      0.0000000000  1.5483737330e-07  1.5363995400e-07    0.041641666667    0.016641666667
 1.5396243284e-07 -7.7610240604e-11  9.8495639348e-06      0.0000000000  1.5508293687e-07  1.5473229516e-07    0.041658333333    0.016658333333
 1.5393832028e-07 -9.6320501186e-11  9.8499039362e-06      0.0000000000  1.5532895518e-07  1.5538140777e-07    0.041675000000    0.016675000000
 1.5439799204e-07 -8.1522075849e-11  9.8502340749e-06      0.0000000000  1.5557497350e-07  1.5610043764e-07    0.041691666667    0.016691666667
 1.5439583473e-07 -9.8711634467e-11  9.8505639343e-06      0.0000000000  1.5582099182e-07  1.5591038597e-07    0.041708333333    0.016708333333
 1.5470931135e-07 -9.4039223956e-11  9.8509039392e-06      0.0000000000  1.5606701013e-07  1.5663141258e-07    0.041725000000    0.016725000000
 1.5514942879e-07 -8.0595202722e-11  9.8512340744e-06      0.0000000000  1.5631302845e-07  1.5671197386e-07    0.041741666667    0.016741666667
 1.5538312991e-07 -8.1448337526e-11  9.8515639407e-06      0.0000000000  1.5655904677e-07  1.5735248635e-07    0.041758333333    0.016758333333
 1.5582123891e-07 -6.8143428358e-11  9.8519039352e-06      0.0000000000  1.5680506508e-07  1.5731740981e-07    0.041775000000    0.016775000000
 1.5589238398e-07 -8.0255794462e-11  9.8522340774e-06      0.0000000000  1.5705108340e-07  1.5689095700e-07    0.041791666667    0.016791666667
 1.5629652128e-07 -6.9303890843e-11  9.8525639367e-06      0.0000000000  1.5729710172e-07  1.5732706333e-07    0.041808333333    0.016808333333
 1.5656029932e-07 -6.8073786838e-11  9.8529039346e-06      0.0000000000  1.5754312003e-07  1.5713759338e-07    0.041825000000    0.016825000000
 1.5680798017e-07 -6.7958633562e-11  9.8532340803e-06      0.0000000000  1.5778913835e-07  1.5638381713e-07    0.041841666667    0.016841666667
 1.5708940027e-07 -6.5506575242e-11  9.8535639327e-06      0.0000000000  1.5803515667e-07  1.5804107777e-07    0.041858333333    0.016858333333
 1.5729678458e-07 -6.8182509306e-11  9.8539039411e-06      0.0000000000  1.5828117499e-07  1.5787792702e-07    0.041875000000    0.016875000000
 1.5774619261e-07 -5.4126484860e-11  9.8542340728e-06      0.0000000000  1.5852764805e-07  1.5787517561e-07    0.041891666667    0.016891666667
 1.5784822819e-07 -6.4099260388e-11  9.8545639356e-06      0.0000000000  1.5877366637e-07  1.5841920009e-07    0.041908333333    0.016908333333
 1.5805999035e-07 -6.6471968271e-11  9.8549039371e-06      0.0000000000  1.5901968468e-07  1.5912261768e-07    0.041925000000    0.016925000000
 1.5808823271e-07 -8.1587431253e-11  9.8552340758e-06      0.0000000000  1.5926615775e-07  1.5957520102e-07    0.041941666667    0.016941666667
 1.5809127379e-07 -9.8416930758e-11  9.8555639421e-06      0.0000000000  1.5951217606e-07  1.5936834216e-07    0.041958333333    0.016958333333
 1.5866843551e-07 -7.5480717917e-11  9.8559039330e-06      0.0000000000  1.5975819438e-07  1.6004553488e-07    0.041975000000    0.016975000000
 1.5871673102e-07 -8.9207225482e-11  9.8562340822e-06      0.0000000000  1.6000466745e-07  1.6043250889e-07    0.041991666667    0.016991666667
 1.5901979778e-07 -8.5255840007e-11  9.8565639311e-06      0.0000000000  1.6025068576e-07  1.6134886987e-07    0.042008333333    0.017008333333
 1.5903013036e-07 -1.0161180064e-10  9.8569039395e-06      0.0000000000  1.6049715883e-07  1.5994550934e-07    0.042025000000    0.017025000000
 1.5959830847e-07 -7.9297826062e-11  9.8572340747e-06      0.0000000000  1.6074317714e-07  1.6058168247e-07    0.042041666667    0.017041666667
 1.5968921116e-07 -9.0073203565e-11  9.8575639375e-06      0.0000000000  1.6098965021e-07  1.6131308582e-07    0.042058333333    0.017058333333
 1.6009275421e-07 -7.9193956836e-11  9.8579039389e-06      0.0000000000  1.6123612327e-07  1.6082000173e-07    0.042075000000    0.017075000000
 1.6027514134e-07 -8.3601287405e-11  9.8582340742e-06      0.0000000000  1.6148214159e-07  1.6141685328e-07    0.042091666667    0.017091666667
 1.6094161603e-07 -5.4510426190e-11  9.8585639405e-06      0.0000000000  1.6172861465e-07  1.6201659774e-07    0.042108333333    0.017108333333
 1.6094963130e-07 -7.1026892209e-11  9.8589039314e-06      0.0000000000  1.6197508772e-07  1.6141125612e-07    0.042125000000    0.017125000000
 1.6130026583e-07 -6.3780788191e-11  9.8592340806e-06      0.0000000000  1.6222110603e-07  1.6184173385e-07    0.042141666667    0.017141666667
 1.6139910289e-07 -7.4006601785e-11  9.8595639364e-06      0.0000000000  1.6246757910e-07  1.6217440289e-07    0.042158333333    0.017158333333
 1.6164968777e-07 -7.3721802050e-11  9.8599039379e-06      0.0000000000  1.6271405216e-07  1.6207260072e-07    0.042175000000    0.017175000000
 1.6156660765e-07 -9.6547870972e-11  9.8602340766e-06      0.0000000000  1.6296052523e-07  1.6325095882e-07    0.042191666667    0.017191666667
 1.6239909258e-07 -5.5958528653e-11  9.8605639359e-06      0.0000000000  1.6320699829e-07  1.6326564348e-07    0.042208333333    0.017208333333
 1.6258246881e-07 -6.0328847614e-11  9.8609039408e-06      0.0000000000  1.6345347135e-07  1.6350767322e-07    0.042225000000    0.017225000000
 1.6267782337e-07 -7.0795872684e-11  9.8612340761e-06      0.0000000000  1.6369994442e-07  1.6351937064e-07    0.042241666667    0.017241666667
 1.6335710885e-07 -4.0817688573e-11  9.8615639389e-06      0.0000000000  1.6394641748e-07  1.6365676819e-07    0.042258333333    0.017258333333
 1.6344083064e-07 -5.2090442141e-11  9.8619039333e-06      0.0000000000  1.6419289055e-07  1.6397962648e-07    0.042275000000    0.017275000000
 1.6385497646e-07 -4.0476808807e-11  9.8622340790e-06      0.0000000000  1.6443936361e-07  1.6436938334e-07    0.042291666667    0.017291666667
 1.6372621144e-07 -6.6467182181e-11  9.8625639383e-06      0.0000000000  1.6468583668e-07  1.6489801565e-07    0.042308333333    0.017308333333
 1.6397010116e-07 -6.6646114007e-11  9.8629039363e-06      0.0000000000  1.6493230974e-07  1.6514534381e-07    0.042325000000    0.017325000000
 1.6442911723e-07 -5.1924602015e-11  9.8632340820e-06      0.0000000000  1.6517878280e-07  1.6492846982e-07    0.042341666667    0.017341666667
 1.6435301600e-07 -7.4298784474e-11  9.8635639343e-06      0.0000000000  1.6542571062e-07  1.6579359170e-07    0.042358333333    0.017358333333
 1.6480496979e-07 -6.0066431738e-11  9.8639039392e-06      0.0000000000  1.6567218368e-07  1.6624974401e-07    0.042375000000    0.017375000000
 1.6485733723e-07 -7.3510902868e-11  9.8642340745e-06      0.0000000000  1.6591865674e-07  1.6595746567e-07    0.042391666667    0.017391666667
 1.6529506708e-07 -6.0263752997e-11  9.8645639373e-06      0.0000000000  1.6616512981e-07  1.6704964960e-07    0.042408333333    0.017408333333
 1.6555717944e-07 -5.9212015074e-11  9.8649039387e-06      0.0000000000  1.6641205762e-07  1.6696361695e-07    0.042425000000    0.017425000000
 1.6567488869e-07 -6.8130671221e-11  9.8652340774e-06      0.0000000000  1.6665853068e-07  1.6621090982e-07    0.042441666667    0.017441666667
 1.6610772981e-07 -5.5253630445e-11  9.8655639402e-06      0.0000000000  1.6690545849e-07  1.6674166465e-07    0.042458333333    0.017458333333
 1.6629084847e-07 -5.9641789506e-11  9.8659039347e-06      0.0000000000  1.6715193156e-07  1.6733469567e-07    0.042475000000    0.017475000000
 1.6680835460e-07 -4.0900537617e-11  9.8662340839e-06      0.0000000000  1.6739885937e-07  1.6689690705e-07    0.042491666667    0.017491666667
 1.6679376081e-07 -5.8982990584e-11  9.8665639327e-06      0.0000000000  1.6764533243e-07  1.6688299278e-07    0.042508333333    0.017508333333
 1.6692094048e-07 -6.7277188760e-11  9.8669039411e-06      0.0000000000  1.6789226025e-07  1.6800050541e-07    0.042525000000    0.017525000000
 1.6756325188e-07 -3.9859965803e-11  9.8672340763e-06      0.0000000000  1.6813873331e-07  1.6906646448e-07    0.042541666667    0.017541666667
 1.6763346176e-07 -5.2100101689e-11  9.8675639357e-06      0.0000000000  1.6838566112e-07  1.6867931753e-07    0.042558333333    0.017558333333
 1.6778304448e-07 -5.8842581296e-11  9.8679039406e-06      0.0000000000  1.6863258893e-07  1.6831966895e-07    0.042575000000    0.017575000000
 1.6794842436e-07 -6.4459393963e-11  9.8682340758e-06      0.0000000000  1.6887906200e-07  1.7012514410e-07    0.042591666667    0.017591666667
 1.6784073046e-07 -8.9021801628e-11  9.8685639421e-06      0.0000000000  1.6912598981e-07  1.6992933806e-07    0.042608333333    0.017608333333
 1.6825863344e-07 -7.7179431131e-11  9.8689039331e-06      0.0000000000  1.6937291762e-07  1.6955734744e-07    0.042625000000    0.017625000000
 1.6829547411e-07 -9.1730840798e-11  9.8692340823e-06      0.0000000000  1.6961984543e-07  1.6934971819e-07    0.042641666667    0.017641666667
 1.6851067546e-07 -9.3928332865e-11  9.8695639381e-06      0.0000000000  1.6986677324e-07  1.7122394715e-07    0.042658333333    0.017658333333
 1.6885524963e-07 -8.7133488190e-11  9.8699039395e-06      0.0000000000  1.7011324631e-07  1.7014496998e-07    0.042675000000    0.017675000000
 1.6900103110e-07 -9.4139257322e-11  9.8702340782e-06      0.0000000000  1.7036017412e-07  1.7034877870e-07    0.042691666667    0.017691666667
 1.6908488886e-07 -1.0543408999e-10  9.8705639376e-06      0.0000000000  1.7060710193e-07  1.7029236693e-07    0.042708333333    0.017708333333
 1.6900142931e-07 -1.2831793671e-10  9.8709039390e-06      0.0000000000  1.7085402974e-07  1.7067660525e-07    0.042725000000    0.017725000000
 1.6944438771e-07 -1.1474013533e-10  9.8712340742e-06      0.0000000000  1.7110095755e-07  1.7122105424e-07    0.042741666667    0.017741666667
 1.6953080433e-07 -1.2585773289e-10  9.8715639405e-06      0.0000000000  1.7134788537e-07  1.7204051843e-07    0.042758333333    0.017758333333
 1.6976942349e-07 -1.2646471818e-10  9.8719039350e-06      0.0000000000  1.7159526792e-07  1.7217206726e-07    0.042775000000    0.017775000000
 1.7023348108e-07 -1.1142550910e-10  9.8722340807e-06      0.0000000000  1.7184219574e-07  1.7227218714e-07    0.042791666667    0.017791666667
 1.7061604462e-07 -1.0203087805e-10  9.8725639400e-06      0.0000000000  1.7208912355e-07  1.7163442605e-07    0.042808333333    0.017808333333
 1.7092862799e-07 -9.7483331825e-11  9.8729039379e-06      0.0000000000  1.7233605136e-07  1.7211674034e-07    0.042825000000    0.017825000000
 1.7120160069e-07 -9.5679367199e-11  9.8732340836e-06      0.0000000000  1.7258297917e-07  1.7280158984e-07    0.042841666667    0.017841666667
 1.7178136875e-07 -7.2657121583e-11  9.8735639360e-06      0.0000000000  1.7283036173e-07  1.7277453169e-07    0.042858333333    0.017858333333
 1.7226570794e-07 -5.6213134184e-11  9.8739039409e-06      0.0000000000  1.7307728954e-07  1.7371479063e-07    0.042875000000    0.017875000000
 1.7240464943e-07 -6.3692665306e-11  9.8742340761e-06      0.0000000000  1.7332421735e-07  1.7270461443e-07    0.042891666667    0.017891666667
 1.7282618051e-07 -5.1630496202e-11  9.8745639389e-06      0.0000000000  1.7357159991e-07  1.7366657021e-07    0.042908333333    0.017908333333
 1.7311945110e-07 -4.8420624362e-11  9.8749039403e-06      0.0000000000  1.7381852772e-07  1.7318947574e-07    0.042925000000    0.017925000000
 1.7337696169e-07 -4.7719119741e-11  9.8752340791e-06      0.0000000000  1.7406591028e-07  1.7493379098e-07    0.042941666667    0.017941666667
 1.7361760775e-07 -4.8154217203e-11  9.8755639384e-06      0.0000000000  1.7431283809e-07  1.7420337814e-07    0.042958333333    0.017958333333
 1.7390026006e-07 -4.5711304152e-11  9.8759039363e-06      0.0000000000  1.7456022065e-07  1.7386300515e-07    0.042975000000    0.017975000000
 1.7404320908e-07 -5.2913258864e-11  9.8762340855e-06      0.0000000000  1.7480714846e-07  1.7515755135e-07    0.042991666667    0.017991666667
 1.7411619126e-07 -6.4992871912e-11  9.8765639343e-06      0.0000000000  1.7505453102e-07  1.7544624500e-07    0.043008333333    0.018008333333
 1.7407316025e-07 -8.5076489172e-11  9.8769039428e-06      0.0000000000  1.7530145883e-07  1.7524798627e-07    0.043025000000    0.018025000000
 1.7442700977e-07 -7.7702194964e-11  9.8772340780e-06      0.0000000000  1.7554884139e-07  1.7563463010e-07    0.043041666667    0.018041666667
 1.7441443587e-07 -9.5707737728e-11  9.8775639408e-06      0.0000000000  1.7579622395e-07  1.7526987177e-07    0.043058333333    0.018058333333
 1.7491113538e-07 -7.8407629100e-11  9.8779039387e-06      0.0000000000  1.7604315176e-07  1.7533659739e-07    0.043075000000    0.018075000000
 1.7487893662e-07 -9.7772461638e-11  9.8782340774e-06      0.0000000000  1.7629053432e-07  1.7611170885e-07    0.043091666667    0.018091666667
 1.7496812554e-07 -1.0872953636e-10  9.8785639438e-06      0.0000000000  1.7653791688e-07  1.7680662065e-07    0.043108333333    0.018108333333
 1.7498683545e-07 -1.2456824724e-10  9.8789039347e-06      0.0000000000  1.7678529944e-07  1.7656801838e-07    0.043125000000    0.018125000000
 1.7554390468e-07 -1.0311820669e-10  9.8792340839e-06      0.0000000000  1.7703268200e-07  1.7711076935e-07    0.043141666667    0.018141666667
 1.7578080476e-07 -1.0384426169e-10  9.8795639362e-06      0.0000000000  1.7728006456e-07  1.7702943768e-07    0.043158333333    0.018158333333
 1.7632791488e-07 -8.3084026008e-11  9.8799039412e-06      0.0000000000  1.7752744712e-07  1.7819589396e-07    0.043175000000    0.018175000000
 1.7671557819e-07 -7.3367663492e-11  9.8802340799e-06      0.0000000000  1.7777482968e-07  1.7812467175e-07    0.043191666667    0.018191666667
 1.7710669169e-07 -6.3412328765e-11  9.8805639392e-06      0.0000000000  1.7802221223e-07  1.7812226623e-07    0.043208333333    0.018208333333
 1.7767594730e-07 -4.1118214615e-11  9.8809039406e-06      0.0000000000  1.7826959479e-07  1.7832049352e-07    0.043225000000    0.018225000000
 1.7776577372e-07 -5.2031133241e-11  9.8812340793e-06      0.0000000000  1.7851697735e-07  1.7867633729e-07    0.043241666667    0.018241666667
 1.7815601806e-07 -4.2135999599e-11  9.8815639422e-06      0.0000000000  1.7876435991e-07  1.7797845397e-07    0.043258333333    0.018258333333
 1.7844021551e-07 -3.9586064454e-11  9.8819039366e-06      0.0000000000  1.7901174247e-07  1.7825375218e-07    0.043275000000    0.018275000000
 1.7854319099e-07 -4.9588231173e-11  9.8822340823e-06      0.0000000000  1.7925912503e-07  1.7922800283e-07    0.043291666667    0.018291666667
 1.7853036378e-07 -6.7642816754e-11  9.8825639381e-06      0.0000000000  1.7950696234e-07  1.7950795485e-07    0.043308333333    0.018308333333
 1.7900279739e-07 -5.2054951630e-11  9.8829039396e-06      0.0000000000  1.7975434489e-07  1.7985705373e-07    0.043325000000    0.018325000000
 1.7908877739e-07 -6.3234287351e-11  9.8832340853e-06      0.0000000000  1.8000172745e-07  1.7986909705e-07    0.043341666667    0.018341666667
 1.7947720299e-07 -5.3465126281e-11  9.8835639376e-06      0.0000000000  1.8024911001e-07  1.8056841110e-07    0.043358333333    0.018358333333
 1.7956640899e-07 -6.4452515418e-11  9.8839039425e-06      0.0000000000  1.8049694732e-07  1.8069999138e-07    0.043375000000    0.018375000000
 1.7997554182e-07 -5.3249095441e-11  9.8842340777e-06      0.0000000000  1.8074432988e-07  1.8151667272e-07    0.043391666667    0.018391666667
 1.7992590725e-07 -7.3853094227e-11  9.8845639406e-06      0.0000000000  1.8099216718e-07  1.8052970269e-07    0.043408333333    0.018408333333
 1.8017791674e-07 -7.3532616387e-11  9.8849039385e-06      0.0000000000  1.8123954974e-07  1.8074189142e-07    0.043425000000    0.018425000000
 1.8037329227e-07 -7.7166312621e-11  9.8852340807e-06      0.0000000000  1.8148738705e-07  1.8184470366e-07    0.043441666667    0.018441666667
 1.8070376323e-07 -7.1411303586e-11  9.8855639400e-06      0.0000000000  1.8173476961e-07  1.8148574687e-07    0.043458333333    0.018458333333
 1.8080764712e-07 -8.1382047608e-11  9.8859039379e-06      0.0000000000  1.8198260691e-07  1.8201555835e-07    0.043475000000    0.018475000000
 1.8110164284e-07 -7.8153448412e-11  9.8862340871e-06      0.0000000000  1.8222998947e-07  1.8125580762e-07    0.043491666667    0.018491666667
 1.8134533879e-07 -7.8440293778e-11  9.8865639360e-06      0.0000000000  1.8247782678e-07  1.8259079168e-07    0.043508333333    0.018508333333
 1.8156561477e-07 -8.0349292797e-11  9.8869039444e-06      0.0000000000  1.8272566408e-07  1.8312928190e-07    0.043525000000    0.018525000000
 1.8150039521e-07 -1.0203276568e-10  9.8872340796e-06      0.0000000000  1.8297350139e-07  1.8311947116e-07    0.043541666667    0.018541666667
 1.8243059531e-07 -5.4738305316e-11  9.8875639389e-06      0.0000000000  1.8322088395e-07  1.8281002402e-07    0.043558333333    0.018558333333
 1.8235087820e-07 -7.7425931543e-11  9.8879039404e-06      0.0000000000  1.8346872126e-07  1.8299601933e-07    0.043575000000    0.018575000000
 1.8299801387e-07 -4.9769054784e-11  9.8882340791e-06      0.0000000000  1.8371655856e-07  1.8299268619e-07    0.043591666667    0.018591666667
 1.8323614112e-07 -5.0441609033e-11  9.8885639454e-06      0.0000000000  1.8396439587e-07  1.8436507371e-07    0.043608333333    0.018608333333
 1.8350997839e-07 -4.8640755565e-11  9.8889039363e-06      0.0000000000  1.8421223317e-07  1.8535611582e-07    0.043625000000    0.018625000000
 1.8380087205e-07 -4.5658513652e-11  9.8892340855e-06      0.0000000000  1.8446007048e-07  1.8468491331e-07    0.043641666667    0.018641666667
 1.8391731212e-07 -5.4759571308e-11  9.8895639344e-06      0.0000000000  1.8470790779e-07  1.8519203746e-07    0.043658333333    0.018658333333
 1.8401166841e-07 -6.5390232471e-11  9.8899039428e-06      0.0000000000  1.8495574509e-07  1.8510433823e-07    0.043675000000    0.018675000000
 1.8417718931e-07 -7.1091770250e-11  9.8902340815e-06      0.0000000000  1.8520358240e-07  1.8472969054e-07    0.043691666667    0.018691666667
 1.8434303831e-07 -7.6770582258e-11  9.8905639408e-06      0.0000000000  1.8545141971e-07  1.8364327671e-07    0.043708333333    0.018708333333
 1.8480459633e-07 -6.1967497517e-11  9.8909039423e-06      0.0000000000  1.8569925701e-07  1.8569551402e-07    0.043725000000    0.018725000000
 1.8454611938e-07 -9.7036689797e-11  9.8912340775e-06      0.0000000000  1.8594709432e-07  1.8570636243e-07    0.043741666667    0.018741666667
 1.8506644002e-07 -7.8163489886e-11  9.8915639438e-06      0.0000000000  1.8619493162e-07  1.8699172679e-07    0.043758333333    0.018758333333
 1.8495298954e-07 -1.0318761402e-10  9.8919039347e-06      0.0000000000  1.8644276893e-07  1.8689710973e-07    0.043775000000    0.018775000000
 1.8538582097e-07 -9.0405735923e-11  9.8922340839e-06      0.0000000000  1.8669106098e-07  1.8675007439e-07    0.043791666667    0.018791666667
 1.8566489163e-07 -8.8242399014e-11  9.8925639398e-06      0.0000000000  1.8693889829e-07  1.8648310902e-07    0.043808333333    0.018808333333
 1.8603374820e-07 -7.9860158712e-11  9.8929039412e-06      0.0000000000  1.8718673560e-07  1.8769677949e-07    0.043825000000    0.018825000000
 1.8641813630e-07 -7.0433644396e-11  9.8932340834e-06      0.0000000000  1.8743502765e-07  1.8784573296e-07    0.043841666667    0.018841666667
 1.8657955936e-07 -7.6419013724e-11  9.8935639392e-06      0.0000000000  1.8768286496e-07  1.8724342576e-07    0.043858333333    0.018858333333
 1.8716781004e-07 -5.2840728032e-11  9.8939039442e-06      0.0000000000  1.8793070226e-07  1.8855374147e-07    0.043875000000    0.018875000000
 1.8745400842e-07 -5.0215196634e-11  9.8942340794e-06      0.0000000000  1.8817899432e-07  1.8854644630e-07    0.043891666667    0.018891666667
 1.8761087675e-07 -5.6516043331e-11  9.8945639422e-06      0.0000000000  1.8842683162e-07  1.8852471803e-07    0.043908333333    0.018908333333
 1.8774817605e-07 -6.4203810796e-11  9.8949039401e-06      0.0000000000  1.8867512368e-07  1.8860018527e-07    0.043925000000    0.018925000000
 1.8781098880e-07 -7.7050790819e-11  9.8952340823e-06      0.0000000000  1.8892341573e-07  1.8824092975e-07    0.043941666667    0.018941666667
 1.8830737753e-07 -5.9835202685e-11  9.8955639417e-06      0.0000000000  1.8917125304e-07  1.8967809332e-07    0.043958333333    0.018958333333
 1.8839369069e-07 -7.1054458651e-11  9.8959039396e-06      0.0000000000  1.8941954509e-07  1.9016386652e-07    0.043975000000    0.018975000000
 1.8888899517e-07 -5.3913969195e-11  9.8962340888e-06      0.0000000000  1.8966738240e-07  1.8992561015e-07    0.043991666667    0.018991666667
 1.8907675212e-07 -5.8106853677e-11  9.8965639341e-06      0.0000000000  1.8991567445e-07  1.9061990878e-07    0.044008333333    0.019008333333
 1.8938915482e-07 -5.3666314184e-11  9.8969039425e-06      0.0000000000  1.9016396650e-07  1.9101633191e-07    0.044025000000    0.019025000000
 1.8957447556e-07 -5.8027939362e-11  9.8972340813e-06      0.0000000000  1.9041225856e-07  1.9093938677e-07    0.044041666667    0.019041666667
 1.8971860174e-07 -6.5242851647e-11  9.8975639406e-06      0.0000000000  1.9066055061e-07  1.9053661181e-07    0.044058333333    0.019058333333
 1.9002462672e-07 -6.1212559380e-11  9.8979039420e-06      0.0000000000  1.9090838792e-07  1.9097339419e-07    0.044075000000    0.019075000000
 1.8974294620e-07 -9.7920414006e-11  9.8982340807e-06      0.0000000000  1.9115667997e-07  1.9086479998e-07    0.044091666667    0.019091666667
 1.9017948538e-07 -8.4881723600e-11  9.8985639470e-06      0.0000000000  1.9140497202e-07  1.9222388639e-07    0.044108333333    0.019108333333
 1.9018185172e-07 -1.0191544567e-10  9.8989039345e-06      0.0000000000  1.9165326408e-07  1.9235898848e-07    0.044125000000    0.019125000000
 1.9042541700e-07 -1.0224283945e-10  9.8992340872e-06      0.0000000000  1.9190155613e-07  1.9222899615e-07    0.044141666667    0.019141666667
 1.9079378165e-07 -9.3926168114e-11  9.8995639360e-06      0.0000000000  1.9214984818e-07  1.9272915530e-07    0.044158333333    0.019158333333
 1.9108893131e-07 -9.0680637724e-11  9.8999039444e-06      0.0000000000  1.9239814024e-07  1.9241340350e-07    0.044175000000    0.019175000000
 1.9144933942e-07 -8.2915066324e-11  9.9002340832e-06      0.0000000000  1.9264643229e-07  1.9307133635e-07    0.044191666667    0.019191666667
 1.9195604875e-07 -6.5016133086e-11  9.9005639390e-06      0.0000000000  1.9289472435e-07  1.9260975983e-07    0.044208333333    0.019208333333
 1.9211672044e-07 -7.1116539842e-11  9.9009039439e-06      0.0000000000  1.9314347115e-07  1.9307117913e-07    0.044225000000    0.019225000000
 1.9234102103e-07 -7.2778276863e-11  9.9012340791e-06      0.0000000000  1.9339176320e-07  1.9306391541e-07    0.044241666667    0.019241666667
 1.9287851827e-07 -5.2746859478e-11  9.9015639454e-06      0.0000000000  1.9364005525e-07  1.9374370231e-07    0.044258333333    0.019258333333
 1.9316130761e-07 -5.0357450316e-11  9.9019039364e-06      0.0000000000  1.9388834731e-07  1.9462600870e-07    0.044275000000    0.019275000000
 1.9348277219e-07 -4.5320749029e-11  9.9022340856e-06      0.0000000000  1.9413709411e-07  1.9307875730e-07    0.044291666667    0.019291666667
 1.9361764409e-07 -5.3176646482e-11  9.9025639414e-06      0.0000000000  1.9438538616e-07  1.9438474936e-07    0.044308333333    0.019308333333
 1.9355666450e-07 -7.4597941267e-11  9.9029039393e-06      0.0000000000  1.9463367822e-07  1.9516534793e-07    0.044325000000    0.019325000000
 1.9396651760e-07 -6.3439124683e-11  9.9032340850e-06      0.0000000000  1.9488242502e-07  1.9501700763e-07    0.044341666667    0.019341666667
 1.9391463411e-07 -8.4230390047e-11  9.9035639374e-06      0.0000000000  1.9513071707e-07  1.9495929091e-07    0.044358333333    0.019358333333
 1.9400989959e-07 -9.4861071812e-11  9.9039039458e-06      0.0000000000  1.9537946387e-07  1.9633259032e-07    0.044375000000    0.019375000000
 1.9424178054e-07 -9.5997765809e-11  9.9042340810e-06      0.0000000000  1.9562775592e-07  1.9565797607e-07    0.044391666667    0.019391666667
 1.9450125676e-07 -9.5254606586e-11  9.9045639438e-06      0.0000000000  1.9587650273e-07  1.9606505895e-07    0.044408333333    0.019408333333
 1.9479151396e-07 -9.2347945564e-11  9.9049039383e-06      0.0000000000  1.9612479478e-07  1.9602474686e-07    0.044425000000    0.019425000000
 1.9534923934e-07 -7.0946949934e-11  9.9052340840e-06      0.0000000000  1.9637354158e-07  1.9653025161e-07    0.044441666667    0.019441666667
 1.9548932992e-07 -7.8472880611e-11  9.9055639433e-06      0.0000000000  1.9662228838e-07  1.9679300339e-07    0.044458333333    0.019458333333
 1.9594979780e-07 -6.3776800505e-11  9.9059039377e-06      0.0000000000  1.9687058043e-07  1.9717886111e-07    0.044475000000    0.019475000000
 1.9624931006e-07 -6.0260597612e-11  9.9062340904e-06      0.0000000000  1.9711932724e-07  1.9755887011e-07    0.044491666667    0.019491666667
 1.9647869038e-07 -6.1601991148e-11  9.9065639358e-06      0.0000000000  1.9736807404e-07  1.9652985855e-07    0.044508333333    0.019508333333
 1.9651421482e-07 -7.6370558255e-11  9.9069039442e-06      0.0000000000  1.9761682084e-07  1.9642107566e-07    0.044525000000    0.019525000000
 1.9683200587e-07 -7.1556801651e-11  9.9072340829e-06      0.0000000000  1.9786511289e-07  1.9779734660e-07    0.044541666667    0.019541666667
 1.9725097431e-07 -5.9766623189e-11  9.9075639387e-06      0.0000000000  1.9811385969e-07  1.9803651487e-07    0.044558333333    0.019558333333
 1.9730426666e-07 -7.3304519500e-11  9.9079039437e-06      0.0000000000  1.9836260649e-07  1.9797158159e-07    0.044575000000    0.019575000000
 1.9787452923e-07 -5.1035151453e-11  9.9082340824e-06      0.0000000000  1.9861135329e-07  1.9801343447e-07    0.044591666667    0.019591666667
 1.9799152473e-07 -6.0160732088e-11  9.9085639487e-06      0.0000000000  1.9886010009e-07  1.9838734321e-07    0.044608333333    0.019608333333
 1.9830335216e-07 -5.5791535537e-11  9.9089039361e-06      0.0000000000  1.9910884690e-07  1.9876782389e-07    0.044625000000    0.019625000000
 1.9886151198e-07 -3.4360448619e-11  9.9092340888e-06      0.0000000000  1.9935759370e-07  1.9869175919e-07    0.044641666667    0.019641666667
 1.9892494646e-07 -4.7195863234e-11  9.9095639377e-06      0.0000000000  1.9960634050e-07  2.0007450774e-07    0.044658333333    0.019658333333
 1.9940312185e-07 -3.1304793580e-11  9.9099039426e-06      0.0000000000  1.9985508730e-07  2.0053578553e-07    0.044675000000    0.019675000000
 1.9953221422e-07 -3.9592500226e-11  9.9102340848e-06      0.0000000000  2.0010383410e-07  1.9974289210e-07    0.044691666667    0.019691666667
 1.9983648027e-07 -3.5747032750e-11  9.9105639406e-06      0.0000000000  2.0035258090e-07  2.0085578236e-07    0.044708333333    0.019708333333
 1.9996850874e-07 -4.3862872178e-11  9.9109039455e-06      0.0000000000  2.0060178245e-07  2.0162405460e-07    0.044725000000    0.019725000000
 2.0022142874e-07 -4.3573821226e-11  9.9112340808e-06      0.0000000000  2.0085052925e-07  2.0097275658e-07    0.044741666667    0.019741666667
 2.0040109446e-07 -4.8358631648e-11  9.9115639436e-06      0.0000000000  2.0109927605e-07  2.0060949187e-07    0.044758333333    0.019758333333
 2.0039207061e-07 -6.6212777288e-11  9.9119039380e-06      0.0000000000  2.0134802285e-07  2.0043925035e-07    0.044775000000    0.019775000000
 2.0025592070e-07 -9.2903639959e-11  9.9122340872e-06      0.0000000000  2.0159722440e-07  2.0122620074e-07    0.044791666667    0.019791666667
 2.0039327529e-07 -1.0061907543e-10  9.9125639431e-06      0.0000000000  2.0184597120e-07  2.0214757715e-07    0.044808333333    0.019808333333
 2.0050676341e-07 -1.1001908745e-10  9.9129039410e-06      0.0000000000  2.0209517275e-07  2.0240010941e-07    0.044825000000    0.019825000000
 2.0082858201e-07 -1.0495786528e-10  9.9132340867e-06      0.0000000000  2.0234391955e-07  2.0273931894e-07    0.044841666667    0.019841666667
 2.0088115322e-07 -1.1854571017e-10  9.9135639390e-06      0.0000000000  2.0259266635e-07  2.0270873898e-07    0.044858333333    0.019858333333
 2.0131961264e-07 -1.0543701242e-10  9.9139039474e-06      0.0000000000  2.0284186790e-07  2.0309994230e-07    0.044875000000    0.019875000000
 2.0198701891e-07 -7.6439113728e-11  9.9142340827e-06      0.0000000000  2.0309061470e-07  2.0328343775e-07    0.044891666667    0.019891666667
 2.0198698266e-07 -9.3702242332e-11  9.9145639420e-06      0.0000000000  2.0333981625e-07  2.0370671465e-07    0.044908333333    0.019908333333
 2.0255985964e-07 -7.1283288686e-11  9.9149039399e-06      0.0000000000  2.0358901780e-07  2.0323663234e-07    0.044925000000    0.019925000000
 2.0262853472e-07 -8.3755720189e-11  9.9152340856e-06      0.0000000000  2.0383776460e-07  2.0396176248e-07    0.044941666667    0.019941666667
 2.0283479216e-07 -8.6730187159e-11  9.9155639449e-06      0.0000000000  2.0408696615e-07  2.0345765702e-07    0.044958333333    0.019958333333
 2.0302887926e-07 -9.0547617358e-11  9.9159039394e-06      0.0000000000  2.0433616769e-07  2.0399078592e-07    0.044975000000    0.019975000000
 2.0322326509e-07 -9.4312858665e-11  9.9162340921e-06      0.0000000000  2.0458491449e-07  2.0391698525e-07    0.044991666667    0.019991666667
 2.0332080698e-07 -1.0481736534e-10  9.9165639374e-06      0.0000000000  2.0483411604e-07  2.0448192044e-07    0.045008333333    0.020008333333
 2.0352931467e-07 -1.0763597201e-10  9.9169039423e-06      0.0000000000  2.0508331759e-07  2.0525890287e-07    0.045025000000    0.020025000000
 2.0385155568e-07 -1.0257699016e-10  9.9172340845e-06      0.0000000000  2.0533251914e-07  2.0541526156e-07    0.045041666667    0.020041666667
 2.0400813058e-07 -1.0899265325e-10  9.9175639404e-06      0.0000000000  2.0558172069e-07  2.0616204136e-07    0.045058333333    0.020058333333
 2.0436418858e-07 -1.0159138101e-10  9.9179039453e-06      0.0000000000  2.0583092224e-07  2.0620065543e-07    0.045075000000    0.020075000000
 2.0466479923e-07 -9.8030597421e-11  9.9182340840e-06      0.0000000000  2.0608012378e-07  2.0603384138e-07    0.045091666667    0.020091666667
 2.0503098334e-07 -8.9927953863e-11  9.9185639433e-06      0.0000000000  2.0632932533e-07  2.0668125599e-07    0.045108333333    0.020108333333
 2.0554128655e-07 -7.1843089645e-11  9.9189039378e-06      0.0000000000  2.0657852688e-07  2.0602877879e-07    0.045125000000    0.020125000000
 2.0565123098e-07 -8.1488551087e-11  9.9192340905e-06      0.0000000000  2.0682772843e-07  2.0745010996e-07    0.045141666667    0.020141666667
 2.0606387857e-07 -7.0167675638e-11  9.9195639393e-06      0.0000000000  2.0707692998e-07  2.0676532335e-07    0.045158333333    0.020158333333
 2.0631204183e-07 -7.0239591657e-11  9.9199039442e-06      0.0000000000  2.0732613153e-07  2.0780002640e-07    0.045175000000    0.020175000000
 2.0657063097e-07 -6.9589372260e-11  9.9202340864e-06      0.0000000000  2.0757533307e-07  2.0661519070e-07    0.045191666667    0.020191666667
 2.0692012554e-07 -6.2642707958e-11  9.9205639423e-06      0.0000000000  2.0782453462e-07  2.0734500610e-07    0.045208333333    0.020208333333
 2.0725378048e-07 -5.6793154285e-11  9.9209039472e-06      0.0000000000  2.0807373617e-07  2.0801663311e-07    0.045225000000    0.020225000000
 2.0770316462e-07 -4.2927769808e-11  9.9212340824e-06      0.0000000000  2.0832293772e-07  2.0900787961e-07    0.045241666667    0.020241666667
 2.0793184515e-07 -4.4380629051e-11  9.9215639452e-06      0.0000000000  2.0857259401e-07  2.0869531945e-07    0.045258333333    0.020258333333
 2.0788825509e-07 -6.4660455637e-11  9.9219039397e-06      0.0000000000  2.0882179556e-07  2.0817272452e-07    0.045275000000    0.020275000000
 2.0823615027e-07 -5.7824570213e-11  9.9222340889e-06      0.0000000000  2.0907099711e-07  2.1020780876e-07    0.045291666667    0.020291666667
 2.0856168487e-07 -5.2568959670e-11  9.9225639412e-06      0.0000000000  2.0932065341e-07  2.0910656875e-07    0.045308333333    0.020308333333
 2.0879542779e-07 -5.3639680704e-11  9.9229039426e-06      0.0000000000  2.0956985496e-07  2.1032549049e-07    0.045325000000    0.020325000000
 2.0905796406e-07 -5.2747566145e-11  9.9232340883e-06      0.0000000000  2.0981951125e-07  2.1017057825e-07    0.045341666667    0.020341666667
 2.0939933108e-07 -4.6363845827e-11  9.9235639407e-06      0.0000000000  2.1006871280e-07  2.1081214414e-07    0.045358333333    0.020358333333
 2.0977670147e-07 -3.7517896662e-11  9.9239039456e-06      0.0000000000  2.1031836909e-07  2.1079458229e-07    0.045375000000    0.020375000000
 2.0981338575e-07 -5.2237626618e-11  9.9242340843e-06      0.0000000000  2.1056757064e-07  2.1165376111e-07    0.045391666667    0.020391666667
 2.1005717861e-07 -5.2643749457e-11  9.9245639436e-06      0.0000000000  2.1081722694e-07  2.0991153694e-07    0.045408333333    0.020408333333
 2.1030379673e-07 -5.2822687569e-11  9.9249039416e-06      0.0000000000  2.1106642849e-07  2.1088500147e-07    0.045425000000    0.020425000000
 2.1043930261e-07 -6.0729165958e-11  9.9252340873e-06      0.0000000000  2.1131608478e-07  2.1122900632e-07    0.045441666667    0.020441666667
 2.1082472307e-07 -5.1325639645e-11  9.9255639431e-06      0.0000000000  2.1156574108e-07  2.1130849848e-07    0.045458333333    0.020458333333
 2.1097683702e-07 -5.8050284390e-11  9.9259039410e-06      0.0000000000  2.1181494263e-07  2.1150839234e-07    0.045475000000    0.020475000000
 2.1145537173e-07 -4.2197321359e-11  9.9262340937e-06      0.0000000000  2.1206459892e-07  2.1163149828e-07    0.045491666667    0.020491666667
 2.1147304299e-07 -5.8265460416e-11  9.9265639391e-06      0.0000000000  2.1231425522e-07  2.1250268897e-07    0.045508333333    0.020508333333
 2.1152183695e-07 -7.2177926896e-11  9.9269039440e-06      0.0000000000  2.1256391151e-07  2.1234323298e-07    0.045525000000    0.020525000000
 2.1182054870e-07 -6.8748667779e-11  9.9272340862e-06      0.0000000000  2.1281311306e-07  2.1302525246e-07    0.045541666667    0.020541666667
 2.1178016859e-07 -8.8837658160e-11  9.9275639420e-06      0.0000000000  2.1306276936e-07  2.1292544703e-07    0.045558333333    0.020558333333
 2.1193737243e-07 -9.5241256179e-11  9.9279039469e-06      0.0000000000  2.1331242565e-07  2.1285005840e-07    0.045575000000    0.020575000000
 2.1208440154e-07 -1.0234959367e-10  9.9282340857e-06      0.0000000000  2.1356208195e-07  2.1298802195e-07    0.045591666667    0.020591666667
 2.1240551019e-07 -9.7400540442e-11  9.9285639450e-06      0.0000000000  2.1381173824e-07  2.1322090128e-07    0.045608333333    0.020608333333
 2.1267550123e-07 -9.5992080832e-11  9.9289039394e-06      0.0000000000  2.1406139454e-07  2.1371543183e-07    0.045625000000    0.020625000000
 2.1312801170e-07 -8.1941652631e-11  9.9292340921e-06      0.0000000000  2.1431105084e-07  2.1384507826e-07    0.045641666667    0.020641666667
 2.1347607787e-07 -7.5125421975e-11  9.9295639410e-06      0.0000000000  2.1456070713e-07  2.1531922078e-07    0.045658333333    0.020658333333
 2.1364306688e-07 -8.0851262753e-11  9.9299039459e-06      0.0000000000  2.1481036343e-07  2.1524032606e-07    0.045675000000    0.020675000000
 2.1423755923e-07 -5.6966646009e-11  9.9302340881e-06      0.0000000000  2.1506001972e-07  2.1523128572e-07    0.045691666667    0.020691666667
 2.1460690174e-07 -4.8676737967e-11  9.9305639404e-06      0.0000000000  2.1530967602e-07  2.1458973555e-07    0.045708333333    0.020708333333
 2.1488970756e-07 -4.6412176683e-11  9.9309039453e-06      0.0000000000  2.1555978706e-07  2.1615039811e-07    0.045725000000    0.020725000000
 2.1504386655e-07 -5.3026672813e-11  9.9312340841e-06      0.0000000000  2.1580944336e-07  2.1558157950e-07    0.045741666667    0.020741666667
 2.1538024838e-07 -4.7019742376e-11  9.9315639469e-06      0.0000000000  2.1605909965e-07  2.1652396096e-07    0.045758333333    0.020758333333
 2.1542724016e-07 -6.1057034037e-11  9.9319039413e-06      0.0000000000  2.1630875595e-07  2.1670817964e-07    0.045775000000    0.020775000000
 2.1585974982e-07 -4.8423432831e-11  9.9322340905e-06      0.0000000000  2.1655886699e-07  2.1602130196e-07    0.045791666667    0.020791666667
 2.1555489615e-07 -8.6830837715e-11  9.9325639428e-06      0.0000000000  2.1680852329e-07  2.1716147049e-07    0.045808333333    0.020808333333
 2.1592222380e-07 -7.8680485891e-11  9.9329039443e-06      0.0000000000  2.1705817958e-07  2.1701055172e-07    0.045825000000    0.020825000000
 2.1633910626e-07 -6.7129282783e-11  9.9332340900e-06      0.0000000000  2.1730829063e-07  2.1790697678e-07    0.045841666667    0.020841666667
 2.1635476587e-07 -8.3336755980e-11  9.9335639423e-06      0.0000000000  2.1755794692e-07  2.1789438318e-07    0.045858333333    0.020858333333
 2.1690666439e-07 -6.2433842799e-11  9.9339039472e-06      0.0000000000  2.1780805796e-07  2.1725258146e-07    0.045875000000    0.020875000000
 2.1684117142e-07 -8.4262242926e-11  9.9342340859e-06      0.0000000000  2.1805771426e-07  2.1751945249e-07    0.045891666667    0.020891666667
 2.1730006549e-07 -6.9801160360e-11  9.9345639453e-06      0.0000000000  2.1830782530e-07  2.1825835540e-07    0.045908333333    0.020908333333
 2.1724276740e-07 -9.1061952908e-11  9.9349039432e-06      0.0000000000  2.1855748160e-07  2.1899306045e-07    0.045925000000    0.020925000000
 2.1748651002e-07 -9.1503053755e-11  9.9352340889e-06      0.0000000000  2.1880759264e-07  2.1731078557e-07    0.045941666667    0.020941666667
 2.1760681298e-07 -1.0046254219e-10  9.9355639447e-06      0.0000000000  2.1905724894e-07  2.1959906240e-07    0.045958333333    0.020958333333
 2.1815253148e-07 -7.9987680373e-11  9.9359039427e-06      0.0000000000  2.1930735998e-07  2.1931659480e-07    0.045975000000    0.020975000000
 2.1808342158e-07 -1.0209809948e-10  9.9362340919e-06      0.0000000000  2.1955747102e-07  2.1968825525e-07    0.045991666667    0.020991666667
 2.1837932705e-07 -9.8894711137e-11  9.9365639407e-06      0.0000000000  2.1980712732e-07  2.2002779495e-07    0.046008333333    0.021008333333
 2.1851226499e-07 -1.0701055266e-10  9.9369039456e-06      0.0000000000  2.2005723836e-07  2.2060301255e-07    0.046025000000    0.021025000000
 2.1913833797e-07 -8.0970042312e-11  9.9372340878e-06      0.0000000000  2.2030734940e-07  2.2064228696e-07    0.046041666667    0.021041666667
 2.1939151762e-07 -8.0757499662e-11  9.9375639437e-06      0.0000000000  2.2055746045e-07  2.2110980653e-07    0.046058333333    0.021058333333
 2.1963724275e-07 -8.1061283556e-11  9.9379039451e-06      0.0000000000  2.2080757149e-07  2.2161298436e-07    0.046075000000    0.021075000000
 2.1991254173e-07 -7.9285177239e-11  9.9382340873e-06      0.0000000000  2.2105722779e-07  2.2129067635e-07    0.046091666667    0.021091666667
 2.2044084954e-07 -6.0016243254e-11  9.9385639466e-06      0.0000000000  2.2130733883e-07  2.2117280595e-07    0.046108333333    0.021108333333
 2.2063636123e-07 -6.3797995349e-11  9.9389039411e-06      0.0000000000  2.2155744987e-07  2.2204611916e-07    0.046125000000    0.021125000000
 2.2093726975e-07 -6.0279574840e-11  9.9392340937e-06      0.0000000000  2.2180756091e-07  2.2120124767e-07    0.046141666667    0.021141666667
 2.2109588085e-07 -6.6617198848e-11  9.9395639426e-06      0.0000000000  2.2205767196e-07  2.2174896690e-07    0.046158333333    0.021158333333
 2.2141834250e-07 -6.1605928399e-11  9.9399039475e-06      0.0000000000  2.2230778300e-07  2.2151569451e-07    0.046175000000    0.021175000000
 2.2174831692e-07 -5.6074297025e-11  9.9402340897e-06      0.0000000000  2.2255789404e-07  2.2238620915e-07    0.046191666667    0.021191666667
 2.2152662532e-07 -8.8753087707e-11  9.9405639421e-06      0.0000000000  2.2280800509e-07  2.2268531098e-07    0.046208333333    0.021208333333
 2.2180196355e-07 -8.7005759777e-11  9.9409039470e-06      0.0000000000  2.2305811613e-07  2.2344122547e-07    0.046225000000    0.021225000000
 2.2238152469e-07 -6.4186830964e-11  9.9412340857e-06      0.0000000000  2.2330822717e-07  2.2281096394e-07    0.046241666667    0.021241666667
 2.2230107858e-07 -8.7113935359e-11  9.9415639485e-06      0.0000000000  2.2355879296e-07  2.2371823741e-07    0.046258333333    0.021258333333
 2.2244920928e-07 -9.4177470073e-11  9.9419039429e-06      0.0000000000  2.2380890401e-07  2.2355335721e-07    0.046275000000    0.021275000000
 2.2278262800e-07 -8.8407273629e-11  9.9422340921e-06      0.0000000000  2.2405901505e-07  2.2459966335e-07    0.046291666667    0.021291666667
 2.2301842609e-07 -8.9398641624e-11  9.9425639410e-06      0.0000000000  2.2430912609e-07  2.2485977378e-07    0.046308333333    0.021308333333
 2.2355738928e-07 -6.9423174106e-11  9.9429039459e-06      0.0000000000  2.2455969188e-07  2.2496501914e-07    0.046325000000    0.021325000000
 2.2401738763e-07 -5.4885604888e-11  9.9432340916e-06      0.0000000000  2.2480980293e-07  2.2539710054e-07    0.046341666667    0.021341666667
 2.2454530909e-07 -3.5643431053e-11  9.9435639439e-06      0.0000000000  2.2505991397e-07  2.2566552809e-07    0.046358333333    0.021358333333
 2.2464599866e-07 -4.6024411128e-11  9.9439039489e-06      0.0000000000  2.2531047976e-07  2.2525703020e-07    0.046375000000    0.021375000000
 2.2525023208e-07 -2.1496589504e-11  9.9442340841e-06      0.0000000000  2.2556059080e-07  2.2612749767e-07    0.046391666667    0.021391666667
 2.2543950230e-07 -2.5710649415e-11  9.9445639469e-06      0.0000000000  2.2581070184e-07  2.2594431666e-07    0.046408333333    0.021408333333
 2.2567357942e-07 -2.6852715486e-11  9.9449039413e-06      0.0000000000  2.2606126764e-07  2.2537804506e-07    0.046425000000    0.021425000000
 2.2588006420e-07 -2.9874431206e-11  9.9452340905e-06      0.0000000000  2.2631137868e-07  2.2571016382e-07    0.046441666667    0.021441666667
 2.2603415688e-07 -3.6556514540e-11  9.9455639464e-06      0.0000000000  2.2656194447e-07  2.2643101748e-07    0.046458333333    0.021458333333
 2.2617456241e-07 -4.4155122709e-11  9.9459039443e-06      0.0000000000  2.2681205551e-07  2.2639941557e-07    0.046475000000    0.021475000000
 2.2640118503e-07 -4.5813515323e-11  9.9462340970e-06      0.0000000000  2.2706262130e-07  2.2698455398e-07    0.046491666667    0.021491666667
 2.2642306497e-07 -6.1653140340e-11  9.9465639423e-06      0.0000000000  2.2731318709e-07  2.2688435549e-07    0.046508333333    0.021508333333
 2.2651711978e-07 -7.2462170728e-11  9.9469039473e-06      0.0000000000  2.2756329813e-07  2.2756642213e-07    0.046525000000    0.021525000000
 2.2681943261e-07 -6.8877979778e-11  9.9472340895e-06      0.0000000000  2.2781386393e-07  2.2717825323e-07    0.046541666667    0.021541666667
 2.2661189172e-07 -1.0060813715e-10  9.9475639453e-06      0.0000000000  2.2806442972e-07  2.2821344368e-07    0.046558333333    0.021558333333
 2.2694825858e-07 -9.4633741882e-11  9.9479039432e-06      0.0000000000  2.2831454076e-07  2.2851507681e-07    0.046575000000    0.021575000000
 2.2710498465e-07 -1.0113342685e-10  9.9482340889e-06      0.0000000000  2.2856510655e-07  2.2904141366e-07    0.046591666667    0.021591666667
 2.2729667315e-07 -1.0521148481e-10  9.9485639483e-06      0.0000000000  2.2881567234e-07  2.2983809617e-07    0.046608333333    0.021608333333
 2.2749959204e-07 -1.0851168479e-10  9.9489039427e-06      0.0000000000  2.2906623813e-07  2.2849317559e-07    0.046625000000    0.021625000000
 2.2786495745e-07 -1.0052874226e-10  9.9492340954e-06      0.0000000000  2.2931634917e-07  2.3018914463e-07    0.046641666667    0.021641666667
 2.2830719830e-07 -8.7252620906e-11  9.9495639407e-06      0.0000000000  2.2956691496e-07  2.2872287900e-07    0.046658333333    0.021658333333
 2.2860101647e-07 -8.4256801635e-11  9.9499039492e-06      0.0000000000  2.2981748075e-07  2.2936464929e-07    0.046675000000    0.021675000000
 2.2858024114e-07 -1.0305088785e-10  9.9502340914e-06      0.0000000000  2.3006804654e-07  2.3065112993e-07    0.046691666667    0.021691666667
 2.2920513341e-07 -7.7123655784e-11  9.9505639437e-06      0.0000000000  2.3031861233e-07  2.2953827111e-07    0.046708333333    0.021708333333
 2.2929037265e-07 -8.8574782768e-11  9.9509039486e-06      0.0000000000  2.3056917812e-07  2.3042208685e-07    0.046725000000    0.021725000000
 2.2996556893e-07 -5.9163308854e-11  9.9512340873e-06      0.0000000000  2.3081974391e-07  2.3057654313e-07    0.046741666667    0.021741666667
 2.3016383984e-07 -6.2785444919e-11  9.9515639502e-06      0.0000000000  2.3107030971e-07  2.3048860808e-07    0.046758333333    0.021758333333
 2.3043680009e-07 -6.1234322124e-11  9.9519039411e-06      0.0000000000  2.3132087550e-07  2.3084981316e-07    0.046775000000    0.021775000000
 2.3099467075e-07 -3.9949254322e-11  9.9522340938e-06      0.0000000000  2.3157144129e-07  2.3118770202e-07    0.046791666667    0.021791666667
 2.3082049292e-07 -6.9368563556e-11  9.9525639426e-06      0.0000000000  2.3182200708e-07  2.3240514585e-07    0.046808333333    0.021808333333
 2.3107311038e-07 -6.9226457037e-11  9.9529039475e-06      0.0000000000  2.3207257287e-07  2.3290497483e-07    0.046825000000    0.021825000000
 2.3072599976e-07 -1.1065522664e-10  9.9532340933e-06      0.0000000000  2.3232359340e-07  2.3228310903e-07    0.046841666667    0.021841666667
 2.3125588876e-07 -9.1308271025e-11  9.9535639421e-06      0.0000000000  2.3257415919e-07  2.3219031577e-07    0.046858333333    0.021858333333
 2.3110679868e-07 -1.1898991011e-10  9.9539039505e-06      0.0000000000  2.3282472498e-07  2.3182571466e-07    0.046875000000    0.021875000000
 2.3168396582e-07 -9.6368296810e-11  9.9542340857e-06      0.0000000000  2.3307529078e-07  2.3312519767e-07    0.046891666667    0.021891666667
 2.3203949180e-07 -8.9098367118e-11  9.9545639485e-06      0.0000000000  2.3332585657e-07  2.3300316085e-07    0.046908333333    0.021908333333
 2.3227093364e-07 -9.0454459917e-11  9.9549039430e-06      0.0000000000  2.3357687710e-07  2.3348360418e-07    0.046925000000    0.021925000000
 2.3252802220e-07 -9.0002668509e-11  9.9552340922e-06      0.0000000000  2.3382744289e-07  2.3371409372e-07    0.046941666667    0.021941666667
 2.3256681719e-07 -1.0467069493e-10  9.9555639480e-06      0.0000000000  2.3407800868e-07  2.3409196449e-07    0.046958333333    0.021958333333
 2.3313275793e-07 -8.2858160820e-11  9.9559039425e-06      0.0000000000  2.3432902922e-07  2.3419379810e-07    0.046975000000    0.021975000000
 2.3320928714e-07 -9.4912575583e-11  9.9562340951e-06      0.0000000000  2.3457959501e-07  2.3501816766e-07    0.046991666667    0.021991666667
 2.3337450492e-07 -1.0085559126e-10  9.9565639405e-06      0.0000000000  2.3483061555e-07  2.3467938263e-07    0.047008333333    0.022008333333
 2.3397089159e-07 -7.6902762286e-11  9.9569039489e-06      0.0000000000  2.3508118134e-07  2.3409378828e-07    0.047025000000    0.022025000000
 2.3416214349e-07 -8.1042558399e-11  9.9572340911e-06      0.0000000000  2.3533220188e-07  2.3559197026e-07    0.047041666667    0.022041666667
 2.3454095745e-07 -7.2159617181e-11  9.9575639469e-06      0.0000000000  2.3558276767e-07  2.3603221156e-07    0.047058333333    0.022058333333
 2.3509299299e-07 -5.1310207888e-11  9.9579039449e-06      0.0000000000  2.3583378821e-07  2.3631456910e-07    0.047075000000    0.022075000000
 2.3494573448e-07 -7.8864986095e-11  9.9582340906e-06      0.0000000000  2.3608435400e-07  2.3608376512e-07    0.047091666667    0.022091666667
 2.3586314046e-07 -3.2708673268e-11  9.9585639499e-06      0.0000000000  2.3633537453e-07  2.3558852706e-07    0.047108333333    0.022108333333
 2.3615850377e-07 -2.9605831903e-11  9.9589039409e-06      0.0000000000  2.3658594032e-07  2.3625311046e-07    0.047125000000    0.022125000000
 2.3631172540e-07 -3.6379744684e-11  9.9592340970e-06      0.0000000000  2.3683696086e-07  2.3657555998e-07    0.047141666667    0.022141666667
 2.3671640674e-07 -2.5736630667e-11  9.9595639424e-06      0.0000000000  2.3708798140e-07  2.3722547443e-07    0.047158333333    0.022158333333
 2.3662036255e-07 -4.9744115970e-11  9.9599039508e-06      0.0000000000  2.3733854719e-07  2.3732180522e-07    0.047175000000    0.022175000000
 2.3699098269e-07 -4.1460207122e-11  9.9602340930e-06      0.0000000000  2.3758956773e-07  2.3758166409e-07    0.047191666667    0.022191666667
 2.3683887391e-07 -6.9382429513e-11  9.9605639418e-06      0.0000000000  2.3784058827e-07  2.3765587354e-07    0.047208333333    0.022208333333
 2.3722378853e-07 -6.0108432131e-11  9.9609039503e-06      0.0000000000  2.3809160880e-07  2.3864825205e-07    0.047225000000    0.022225000000
 2.3750471254e-07 -5.8005709730e-11  9.9612340890e-06      0.0000000000  2.3834217459e-07  2.3939237478e-07    0.047241666667    0.022241666667
 2.3768750505e-07 -6.2731434686e-11  9.9615639518e-06      0.0000000000  2.3859319513e-07  2.3764977327e-07    0.047258333333    0.022258333333
 2.3818726714e-07 -4.5502677381e-11  9.9619039392e-06      0.0000000000  2.3884421567e-07  2.3871403433e-07    0.047275000000    0.022275000000
 2.3814283750e-07 -6.5966646118e-11  9.9622340954e-06      0.0000000000  2.3909523621e-07  2.3948935019e-07    0.047291666667    0.022291666667
 2.3845238679e-07 -6.1912728605e-11  9.9625639443e-06      0.0000000000  2.3934625674e-07  2.3912341267e-07    0.047308333333    0.022308333333
 2.3888081996e-07 -4.9624476076e-11  9.9629039457e-06      0.0000000000  2.3959727728e-07  2.3954247598e-07    0.047325000000    0.022325000000
 2.3905291992e-07 -5.5090805763e-11  9.9632340949e-06      0.0000000000  2.3984829782e-07  2.3890057992e-07    0.047341666667    0.022341666667
 2.3920954338e-07 -6.1629095978e-11  9.9635639437e-06      0.0000000000  2.4009931836e-07  2.3980893823e-07    0.047358333333    0.022358333333
 2.3965934959e-07 -4.7860466773e-11  9.9639039521e-06      0.0000000000  2.4035033889e-07  2.3892002846e-07    0.047375000000    0.022375000000
 2.3955369816e-07 -7.2564882920e-11  9.9642340874e-06      0.0000000000  2.4060135943e-07  2.4066676494e-07    0.047391666667    0.022391666667
 2.3964147137e-07 -8.3871994710e-11  9.9645639502e-06      0.0000000000  2.4085237997e-07  2.4060590375e-07    0.047408333333    0.022408333333
 2.4022389244e-07 -6.0917971800e-11  9.9649039446e-06      0.0000000000  2.4110340051e-07  2.4104072085e-07    0.047425000000    0.022425000000
 2.4002656929e-07 -9.1971909000e-11  9.9652340938e-06      0.0000000000  2.4135442105e-07  2.4159828226e-07    0.047441666667    0.022441666667
 2.4021631452e-07 -9.6216062295e-11  9.9655639497e-06      0.0000000000  2.4160544158e-07  2.4123358682e-07    0.047458333333    0.022458333333
 2.4078277013e-07 -7.4367866493e-11  9.9659039441e-06      0.0000000000  2.4185646212e-07  2.4231374316e-07    0.047475000000    0.022475000000
 2.4067399661e-07 -9.9288529080e-11  9.9662340968e-06      0.0000000000  2.4210748266e-07  2.4056978953e-07    0.047491666667    0.022491666667
 2.4089647702e-07 -1.0126532411e-10  9.9665639421e-06      0.0000000000  2.4235850320e-07  2.4246268091e-07    0.047508333333    0.022508333333
 2.4108897532e-07 -1.0535028702e-10  9.9669039505e-06      0.0000000000  2.4260997848e-07  2.4408978609e-07    0.047525000000    0.022525000000
 2.4129451877e-07 -1.0850019817e-10  9.9672340928e-06      0.0000000000  2.4286099902e-07  2.4381135913e-07    0.047541666667    0.022541666667
 2.4170095446e-07 -9.7735571606e-11  9.9675639451e-06      0.0000000000  2.4311201956e-07  2.4268103279e-07    0.047558333333    0.022558333333
 2.4221513661e-07 -7.9508027792e-11  9.9679039465e-06      0.0000000000  2.4336304009e-07  2.4279490972e-07    0.047575000000    0.022575000000
 2.4266607034e-07 -6.5692800702e-11  9.9682340922e-06      0.0000000000  2.4361451538e-07  2.4289480948e-07    0.047591666667    0.022591666667
 2.4275624155e-07 -7.6833818199e-11  9.9685639515e-06      0.0000000000  2.4386553592e-07  2.4300631233e-07    0.047608333333    0.022608333333
 2.4321557511e-07 -6.2405290359e-11  9.9689039425e-06      0.0000000000  2.4411655645e-07  2.4260649317e-07    0.047625000000    0.022625000000
 2.4361436416e-07 -5.2201795206e-11  9.9692340987e-06      0.0000000000  2.4436803174e-07  2.4624807060e-07    0.047641666667    0.022641666667
 2.4356355144e-07 -7.3107880113e-11  9.9695639440e-06      0.0000000000  2.4461905228e-07  2.4373397376e-07    0.047658333333    0.022658333333
 2.4404528805e-07 -5.7127633704e-11  9.9699039455e-06      0.0000000000  2.4487007282e-07  2.4517514653e-07    0.047675000000    0.022675000000
 2.4425157586e-07 -6.0257485040e-11  9.9702340946e-06      0.0000000000  2.4512154810e-07  2.4492160804e-07    0.047691666667    0.022691666667
 2.4399052630e-07 -9.5725347966e-11  9.9705639435e-06      0.0000000000  2.4537256864e-07  2.4625783417e-07    0.047708333333    0.022708333333
 2.4434757040e-07 -8.8413262955e-11  9.9709039519e-06      0.0000000000  2.4562404392e-07  2.4584924194e-07    0.047725000000    0.022725000000
 2.4451423045e-07 -9.4256381475e-11  9.9712340906e-06      0.0000000000  2.4587506446e-07  2.4579338046e-07    0.047741666667    0.022741666667
 2.4482944889e-07 -8.9841295517e-11  9.9715639499e-06      0.0000000000  2.4612653975e-07  2.4840121390e-07    0.047758333333    0.022758333333
 2.4519427828e-07 -8.1958474310e-11  9.9719039409e-06      0.0000000000  2.4637756028e-07  2.4675484885e-07    0.047775000000    0.022775000000
 2.4544273268e-07 -8.2167712519e-11  9.9722340971e-06      0.0000000000  2.4662903557e-07  2.4715707352e-07    0.047791666667    0.022791666667
 2.4580259214e-07 -7.4629127515e-11  9.9725639459e-06      0.0000000000  2.4688005611e-07  2.4802252557e-07    0.047808333333    0.022808333333
 2.4575792815e-07 -9.5140825119e-11  9.9729039473e-06      0.0000000000  2.4713153139e-07  2.4576783166e-07    0.047825000000    0.022825000000
 2.4603771765e-07 -9.3179678222e-11  9.9732340965e-06      0.0000000000  2.4738300668e-07  2.4618090475e-07    0.047841666667    0.022841666667
 2.4650735473e-07 -7.8037490864e-11  9.9735639419e-06      0.0000000000  2.4763402721e-07  2.4685128969e-07    0.047858333333    0.022858333333
 2.4679126718e-07 -7.5790772823e-11  9.9739039503e-06      0.0000000000  2.4788550250e-07  2.4843451382e-07    0.047875000000    0.022875000000
 2.4686033705e-07 -8.8424844879e-11  9.9742340890e-06      0.0000000000  2.4813697778e-07  2.4793212210e-07    0.047891666667    0.022891666667
 2.4734756488e-07 -7.2064256422e-11  9.9745639483e-06      0.0000000000  2.4838799832e-07  2.4806373382e-07    0.047908333333    0.022908333333
 2.4764435252e-07 -6.8925755458e-11  9.9749039463e-06      0.0000000000  2.4863947361e-07  2.5075846464e-07    0.047925000000    0.022925000000
 2.4791277965e-07 -6.7751608655e-11  9.9752340955e-06      0.0000000000  2.4889094889e-07  2.4872930773e-07    0.047941666667    0.022941666667
 2.4821320771e-07 -6.4360958976e-11  9.9755639513e-06      0.0000000000  2.4914242418e-07  2.4817144759e-07    0.047958333333    0.022958333333
 2.4862825055e-07 -5.3000169569e-11  9.9759039457e-06      0.0000000000  2.4939344471e-07  2.5030871133e-07    0.047975000000    0.022975000000
 2.4879641163e-07 -5.8770818357e-11  9.9762340984e-06      0.0000000000  2.4964492000e-07  2.5055498609e-07    0.047991666667    0.022991666667
 2.4917264266e-07 -5.0129775444e-11  9.9765639438e-06      0.0000000000  2.4989639528e-07  2.5150095225e-07    0.048008333333    0.023008333333
 2.4920291302e-07 -6.5451243884e-11  9.9769039487e-06      0.0000000000  2.5014787057e-07  2.5084000071e-07    0.048025000000    0.023025000000
 2.4957707790e-07 -5.6953310404e-11  9.9772340944e-06      0.0000000000  2.5039934585e-07  2.5131494122e-07    0.048041666667    0.023041666667
 2.4951503557e-07 -7.8668696577e-11  9.9775639467e-06      0.0000000000  2.5065082114e-07  2.4788754926e-07    0.048058333333    0.023058333333
 2.4989428529e-07 -6.9787070355e-11  9.9779039482e-06      0.0000000000  2.5090184168e-07  2.5002475011e-07    0.048075000000    0.023075000000
 2.5025031221e-07 -6.2545438934e-11  9.9782340939e-06      0.0000000000  2.5115331696e-07  2.5218671364e-07    0.048091666667    0.023091666667
 2.5037739122e-07 -7.1161583665e-11  9.9785639497e-06      0.0000000000  2.5140479225e-07  2.5119592309e-07    0.048108333333    0.023108333333
 2.5090541842e-07 -5.2006577777e-11  9.9789039441e-06      0.0000000000  2.5165626753e-07  2.5109603905e-07    0.048125000000    0.023125000000
 2.5095163475e-07 -6.6223570071e-11  9.9792341003e-06      0.0000000000  2.5190774282e-07  2.5118086109e-07    0.048141666667    0.023141666667
 2.5138672191e-07 -5.3505934773e-11  9.9795639457e-06      0.0000000000  2.5215921810e-07  2.5180343439e-07    0.048158333333    0.023158333333
 2.5159827543e-07 -5.6271063402e-11  9.9799039471e-06      0.0000000000  2.5241069339e-07  2.5283782299e-07    0.048175000000    0.023175000000
 2.5171041310e-07 -6.5922100487e-11  9.9802340963e-06      0.0000000000  2.5266216867e-07  2.5163529966e-07    0.048191666667    0.023191666667
 2.5173271970e-07 -8.1795168533e-11  9.9805639451e-06      0.0000000000  2.5291364396e-07  2.5520895657e-07    0.048208333333    0.023208333333
 2.5216263760e-07 -6.9435575158e-11  9.9809039500e-06      0.0000000000  2.5316511924e-07  2.5339623342e-07    0.048225000000    0.023225000000
 2.5242286074e-07 -6.8861163966e-11  9.9812340923e-06      0.0000000000  2.5341704927e-07  2.5358009049e-07    0.048241666667    0.023241666667
 2.5246285482e-07 -8.3509131621e-11  9.9815639516e-06      0.0000000000  2.5366852456e-07  2.5467428688e-07    0.048258333333    0.023258333333
 2.5263784279e-07 -8.8806925228e-11  9.9819039425e-06      0.0000000000  2.5391999985e-07  2.5449553958e-07    0.048275000000    0.023275000000
 2.5274497499e-07 -9.8804659857e-11  9.9822340987e-06      0.0000000000  2.5417147513e-07  2.5510767324e-07    0.048291666667    0.023291666667
 2.5336042831e-07 -7.3594198465e-11  9.9825639476e-06      0.0000000000  2.5442295042e-07  2.5297457593e-07    0.048308333333    0.023308333333
 2.5353644629e-07 -7.8820650178e-11  9.9829039490e-06      0.0000000000  2.5467442570e-07  2.5442096851e-07    0.048325000000    0.023325000000
 2.5360133573e-07 -9.1775771056e-11  9.9832340982e-06      0.0000000000  2.5492635573e-07  2.5366209822e-07    0.048341666667    0.023341666667
 2.5422317829e-07 -6.6122767847e-11  9.9835639435e-06      0.0000000000  2.5517783102e-07  2.5463304718e-07    0.048358333333    0.023358333333
 2.5413963118e-07 -8.9327654317e-11  9.9839039519e-06      0.0000000000  2.5542930630e-07  2.5654760394e-07    0.048375000000    0.023375000000
 2.5487092352e-07 -5.6093756019e-11  9.9842340907e-06      0.0000000000  2.5568078159e-07  2.5635187650e-07    0.048391666667    0.023391666667
 2.5502084003e-07 -6.3128090892e-11  9.9845639500e-06      0.0000000000  2.5593225687e-07  2.5519941311e-07    0.048408333333    0.023408333333
 2.5526967141e-07 -6.3342715490e-11  9.9849039479e-06      0.0000000000  2.5618418691e-07  2.5386875269e-07    0.048425000000    0.023425000000
 2.5562769421e-07 -5.5962841800e-11  9.9852340971e-06      0.0000000000  2.5643566219e-07  2.5481699858e-07    0.048441666667    0.023441666667
 2.5581741137e-07 -6.0240437077e-11  9.9855639494e-06      0.0000000000  2.5668713748e-07  2.5448406227e-07    0.048458333333    0.023458333333
 2.5629954231e-07 -4.4295872963e-11  9.9859039474e-06      0.0000000000  2.5693906751e-07  2.5646864634e-07    0.048475000000    0.023475000000
 2.5642769354e-07 -5.2837751800e-11  9.9862341001e-06      0.0000000000  2.5719054279e-07  2.5937698090e-07    0.048491666667    0.023491666667
 2.5676900062e-07 -4.6615670988e-11  9.9865639454e-06      0.0000000000  2.5744201808e-07  2.5852778576e-07    0.048508333333    0.023508333333
 2.5690040990e-07 -5.4963382482e-11  9.9869039503e-06      0.0000000000  2.5769394811e-07  2.5774594513e-07    0.048525000000    0.023525000000
 2.5726845914e-07 -4.6889040337e-11  9.9872340925e-06      0.0000000000  2.5794542340e-07  2.5862444672e-07    0.048541666667    0.023541666667
 2.5754851634e-07 -4.4940848916e-11  9.9875639484e-06      0.0000000000  2.5819735343e-07  2.5927810309e-07    0.048558333333    0.023558333333
 2.5773689437e-07 -4.9311197908e-11  9.9879039498e-06      0.0000000000  2.5844882871e-07  2.5978837170e-07    0.048575000000    0.023575000000
 2.5810530189e-07 -4.1243537595e-11  9.9882340955e-06      0.0000000000  2.5870075874e-07  2.5860960482e-07    0.048591666667    0.023591666667
 2.5795779993e-07 -6.8878172702e-11  9.9885639513e-06      0.0000000000  2.5895223403e-07  2.6030027543e-07    0.048608333333    0.023608333333
 2.5820282925e-07 -6.9324643526e-11  9.9889039458e-06      0.0000000000  2.5920370931e-07  2.5828586608e-07    0.048625000000    0.023625000000
 2.5807957927e-07 -9.5310995092e-11  9.9892341020e-06      0.0000000000  2.5945563935e-07  2.5641149562e-07    0.048641666667    0.023641666667
 2.5833283580e-07 -9.5187619072e-11  9.9895639473e-06      0.0000000000  2.5970711463e-07  2.5974265113e-07    0.048658333333    0.023658333333
 2.5862415572e-07 -9.2459330418e-11  9.9899039487e-06      0.0000000000  2.5995904466e-07  2.5876613646e-07    0.048675000000    0.023675000000
 2.5902531444e-07 -8.2123201461e-11  9.9902340979e-06      0.0000000000  2.6021097470e-07  2.5923535404e-07    0.048691666667    0.023691666667
 2.5929904254e-07 -8.0581889115e-11  9.9905639468e-06      0.0000000000  2.6046244998e-07  2.5968562619e-07    0.048708333333    0.023708333333
 2.5968950177e-07 -7.0986846054e-11  9.9909039517e-06      0.0000000000  2.6071438001e-07  2.6053422388e-07    0.048725000000    0.023725000000
 2.6004337222e-07 -6.3894579204e-11  9.9912340939e-06      0.0000000000  2.6096585530e-07  2.5957810110e-07    0.048741666667    0.023741666667
 2.6001315206e-07 -8.3437342053e-11  9.9915639532e-06      0.0000000000  2.6121778533e-07  2.5987849216e-07    0.048758333333    0.023758333333
 2.6046289761e-07 -6.9704412602e-11  9.9919039442e-06      0.0000000000  2.6146926062e-07  2.6071834823e-07    0.048775000000    0.023775000000
 2.6043178611e-07 -8.9308912561e-11  9.9922341004e-06      0.0000000000  2.6172119065e-07  2.6275967424e-07    0.048791666667    0.023791666667
 2.6093944540e-07 -7.1596161361e-11  9.9925639492e-06      0.0000000000  2.6197312068e-07  2.6106107957e-07    0.048808333333    0.023808333333
 2.6097975824e-07 -8.6222050967e-11  9.9929039506e-06      0.0000000000  2.6222459597e-07  2.6425518342e-07    0.048825000000    0.023825000000
 2.6121418265e-07 -8.7434555264e-11  9.9932340998e-06      0.0000000000  2.6247652600e-07  2.6210398968e-07    0.048841666667    0.023841666667
 2.6154797775e-07 -8.1764278674e-11  9.9935639452e-06      0.0000000000  2.6272845603e-07  2.6218217689e-07    0.048858333333    0.023858333333
 2.6197892565e-07 -6.9333343406e-11  9.9939039536e-06      0.0000000000  2.6297993132e-07  2.6179124086e-07    0.048875000000    0.023875000000
 2.6212243475e-07 -7.6842977341e-11  9.9942340923e-06      0.0000000000  2.6323186135e-07  2.6415292530e-07    0.048891666667    0.023891666667
 2.6232157102e-07 -8.0499667864e-11  9.9945639516e-06      0.0000000000  2.6348379138e-07  2.6334446675e-07    0.048908333333    0.023908333333
 2.6277080170e-07 -6.6802400106e-11  9.9949039496e-06      0.0000000000  2.6373526667e-07  2.6192789945e-07    0.048925000000    0.023925000000
 2.6270346237e-07 -8.8916173045e-11  9.9952340987e-06      0.0000000000  2.6398719670e-07  2.6205921245e-07    0.048941666667    0.023941666667
 2.6304366300e-07 -8.2802225753e-11  9.9955639476e-06      0.0000000000  2.6423912673e-07  2.6459088686e-07    0.048958333333    0.023958333333
 2.6331773015e-07 -8.1268927695e-11  9.9959039490e-06      0.0000000000  2.6449105676e-07  2.6299379563e-07    0.048975000000    0.023975000000
 2.6354331471e-07 -8.3062215028e-11  9.9962341017e-06      0.0000000000  2.6474253205e-07  2.6455516570e-07    0.048991666667    0.023991666667
 2.6367974843e-07 -9.1061915029e-11  9.9965639471e-06      0.0000000000  2.6499446208e-07  2.6574259559e-07    0.049008333333    0.024008333333
 2.6410497104e-07 -7.9059032169e-11  9.9969039520e-06      0.0000000000  2.6524639211e-07  2.6516596297e-07    0.049025000000    0.024025000000
 2.6476857565e-07 -5.0544933231e-11  9.9972340942e-06      0.0000000000  2.6549832215e-07  2.6506934918e-07    0.049041666667    0.024041666667
 2.6502906250e-07 -4.9952256293e-11  9.9975639500e-06      0.0000000000  2.6575025218e-07  2.6704423256e-07    0.049058333333    0.024058333333
 2.6525683879e-07 -5.1593736220e-11  9.9979039480e-06      0.0000000000  2.6600172746e-07  2.6946696687e-07    0.049075000000    0.024075000000
 2.6530993141e-07 -6.5365948480e-11  9.9982340971e-06      0.0000000000  2.6625365750e-07  2.6614211602e-07    0.049091666667    0.024091666667
 2.6568549071e-07 -5.6802929292e-11  9.9985639530e-06      0.0000000000  2.6650558753e-07  2.6682597501e-07    0.049108333333    0.024108333333
 2.6591938689e-07 -5.8052020599e-11  9.9989039474e-06      0.0000000000  2.6675751756e-07  2.6866501736e-07    0.049125000000    0.024125000000
 2.6591001850e-07 -7.6150512618e-11  9.9992341001e-06      0.0000000000  2.6700944759e-07  2.6654448220e-07    0.049141666667    0.024141666667
 2.6612349441e-07 -7.8813987036e-11  9.9995639489e-06      0.0000000000  2.6726137763e-07  2.6624144978e-07    0.049158333333    0.024158333333
 2.6619336021e-07 -9.1424427559e-11  9.9999039504e-06      0.0000000000  2.6751330766e-07  2.6833461235e-07    0.049175000000    0.024175000000
 2.6642811835e-07 -9.2582318635e-11  1.0000234100e-05      0.0000000000  2.6776478294e-07  2.6991208209e-07    0.049191666667    0.024191666667
 2.6694755842e-07 -7.4053586432e-11  1.0000563948e-05      0.0000000000  2.6801671298e-07  2.6782871454e-07    0.049208333333    0.024208333333
 2.6732050758e-07 -6.5671355560e-11  1.0000903950e-05      0.0000000000  2.6826864301e-07  2.6606696323e-07    0.049225000000    0.024225000000
 2.6747034152e-07 -7.2742907705e-11  1.0001234096e-05      0.0000000000  2.6852057304e-07  2.6742367557e-07    0.049241666667    0.024241666667
 2.6802237221e-07 -5.1956829161e-11  1.0001563955e-05      0.0000000000  2.6877250307e-07  2.6710042422e-07    0.049258333333    0.024258333333
 2.6821841527e-07 -5.5827767440e-11  1.0001903946e-05      0.0000000000  2.6902443310e-07  2.6891827285e-07    0.049275000000    0.024275000000
 2.6825975916e-07 -7.0413739944e-11  1.0002234102e-05      0.0000000000  2.6927636314e-07  2.7092535559e-07    0.049291666667    0.024291666667
 2.6882706304e-07 -4.8569784188e-11  1.0002563947e-05      0.0000000000  2.6952829317e-07  2.7026199854e-07    0.049308333333    0.024308333333
 2.6848595072e-07 -8.9646084367e-11  1.0002903952e-05      0.0000000000  2.6978022320e-07  2.6996045974e-07    0.049325000000    0.024325000000
 2.6924917771e-07 -5.4231771581e-11  1.0003234101e-05      0.0000000000  2.7003215323e-07  2.7032929016e-07    0.049341666667    0.024341666667
 2.6934875599e-07 -6.4784215926e-11  1.0003563947e-05      0.0000000000  2.7028408327e-07  2.7032861410e-07    0.049358333333    0.024358333333
 2.6987389035e-07 -4.5861076866e-11  1.0003903955e-05      0.0000000000  2.7053601330e-07  2.6874380202e-07    0.049375000000    0.024375000000
 2.6984434002e-07 -6.5357444352e-11  1.0004234094e-05      0.0000000000  2.7078794333e-07  2.7071668867e-07    0.049391666667    0.024391666667
 2.7010555095e-07 -6.4714615266e-11  1.0004563953e-05      0.0000000000  2.7103987336e-07  2.7205704978e-07    0.049408333333    0.024408333333
 2.7044167672e-07 -5.8882907979e-11  1.0004903944e-05      0.0000000000  2.7129180340e-07  2.7242691787e-07    0.049425000000    0.024425000000
 2.7044141753e-07 -7.6350463765e-11  1.0005234100e-05      0.0000000000  2.7154373343e-07  2.7096258610e-07    0.049441666667    0.024441666667
 2.7086054347e-07 -6.4769858293e-11  1.0005563949e-05      0.0000000000  2.7179566346e-07  2.7180635703e-07    0.049458333333    0.024458333333
 2.7072955523e-07 -9.1292190123e-11  1.0005903951e-05      0.0000000000  2.7204759349e-07  2.7191855167e-07    0.049475000000    0.024475000000
 2.7096380249e-07 -9.2516964115e-11  1.0006234103e-05      0.0000000000  2.7229952353e-07  2.7255695736e-07    0.049491666667    0.024491666667
 2.7124060856e-07 -9.0793957691e-11  1.0006563949e-05      0.0000000000  2.7255145356e-07  2.7224721150e-07    0.049508333333    0.024508333333
 2.7150231539e-07 -9.0116780860e-11  1.0006903954e-05      0.0000000000  2.7280338359e-07  2.7424391750e-07    0.049525000000    0.024525000000
 2.7160109906e-07 -1.0072426302e-10  1.0007234096e-05      0.0000000000  2.7305531362e-07  2.7341363634e-07    0.049541666667    0.024541666667
 2.7193019488e-07 -9.5379475727e-11  1.0007563952e-05      0.0000000000  2.7330724366e-07  2.7301579820e-07    0.049558333333    0.024558333333
 2.7221713721e-07 -9.2954394746e-11  1.0007903950e-05      0.0000000000  2.7355917369e-07  2.7411848466e-07    0.049575000000    0.024575000000
 2.7247943639e-07 -9.2236189387e-11  1.0008234099e-05      0.0000000000  2.7381110372e-07  2.7439710028e-07    0.049591666667    0.024591666667
 2.7286492568e-07 -8.2985382528e-11  1.0008563955e-05      0.0000000000  2.7406303375e-07  2.7410460183e-07    0.049608333333    0.024608333333
 2.7282297387e-07 -1.0337222003e-10  1.0008903949e-05      0.0000000000  2.7431541853e-07  2.7446737915e-07    0.049625000000    0.024625000000
 2.7327724314e-07 -8.9357458766e-11  1.0009234102e-05      0.0000000000  2.7456734856e-07  2.7581261418e-07    0.049641666667    0.024641666667
 2.7373187257e-07 -7.5317750967e-11  1.0009563947e-05      0.0000000000  2.7481927860e-07  2.7495205179e-07    0.049658333333    0.024658333333
 2.7404224797e-07 -7.1269609524e-11  1.0009903952e-05      0.0000000000  2.7507120863e-07  2.7443846576e-07    0.049675000000    0.024675000000
 2.7452603360e-07 -5.5210435722e-11  1.0010234101e-05      0.0000000000  2.7532313866e-07  2.7510485723e-07    0.049691666667    0.024691666667
 2.7474256746e-07 -5.7662105218e-11  1.0010563950e-05      0.0000000000  2.7557506869e-07  2.7642284544e-07    0.049708333333    0.024708333333
 2.7495663599e-07 -6.0284532602e-11  1.0010903955e-05      0.0000000000  2.7582699873e-07  2.7574444211e-07    0.049725000000    0.024725000000
 2.7528234576e-07 -5.5174275995e-11  1.0011234097e-05      0.0000000000  2.7607892876e-07  2.7616278218e-07    0.049741666667    0.024741666667
 2.7525911039e-07 -7.4233246425e-11  1.0011563957e-05      0.0000000000  2.7633085879e-07  2.7662343108e-07    0.049758333333    0.024758333333
 2.7568278785e-07 -6.2337385659e-11  1.0011903944e-05      0.0000000000  2.7658278882e-07  2.7607654514e-07    0.049775000000    0.024775000000
 2.7563090285e-07 -8.3412232912e-11  1.0012234104e-05      0.0000000000  2.7683517360e-07  2.7695984204e-07    0.049791666667    0.024791666667
 2.7615412522e-07 -6.4621525133e-11  1.0012563949e-05      0.0000000000  2.7708710364e-07  2.7750870900e-07    0.049808333333    0.024808333333
 2.7633986796e-07 -6.9205900853e-11  1.0012903950e-05      0.0000000000  2.7733903367e-07  2.7718786317e-07    0.049825000000    0.024825000000
 2.7663454855e-07 -6.6244839608e-11  1.0013234103e-05      0.0000000000  2.7759096370e-07  2.7750370930e-07    0.049841666667    0.024841666667
 2.7688182196e-07 -6.6567374603e-11  1.0013563948e-05      0.0000000000  2.7784289373e-07  2.7798904227e-07    0.049858333333    0.024858333333
 2.7714198392e-07 -6.5997201360e-11  1.0013903957e-05      0.0000000000  2.7809482377e-07  2.7818014734e-07    0.049875000000    0.024875000000
 2.7707649539e-07 -8.7982780967e-11  1.0014234096e-05      0.0000000000  2.7834675380e-07  2.7894903276e-07    0.049891666667    0.024891666667
 2.7759278107e-07 -6.9672534469e-11  1.0014563955e-05      0.0000000000  2.7859868383e-07  2.7912933658e-07    0.049908333333    0.024908333333
 2.7760567785e-07 -8.6260356001e-11  1.0014903949e-05      0.0000000000  2.7885106861e-07  2.7887166311e-07    0.049925000000    0.024925000000
 2.7780617597e-07 -8.9822719771e-11  1.0015234102e-05      0.0000000000  2.7910299864e-07  2.7847962651e-07    0.049941666667    0.024941666667
 2.7819321041e-07 -8.0464890818e-11  1.0015563951e-05      0.0000000000  2.7935492867e-07  2.7896263258e-07    0.049958333333    0.024958333333
 2.7820101731e-07 -9.7373759076e-11  1.0015903949e-05      0.0000000000  2.7960685871e-07  2.7954986206e-07    0.049975000000    0.024975000000
 2.7858300806e-07 -8.8365274073e-11  1.0016234105e-05      0.0000000000  2.7985878874e-07  2.7986533085e-07    0.049991666667    0.024991666667
