# TEXT EXPORT
# data-description.comment: 
# data-description.name: 
# data-description.probe: 
# data-description.user-name: Yazhini
# data-description.instrument: JPK01814-H-21-02-0019
# data-description.source-software: 8.0.163
# data-description.modification-software: 8.1.62
# index: 7784
# xPosition: 2.7952624601838315E-6
# yPosition: -1.8485418918264034E-5
# quantitative-imaging-settings.type: simple-quantitative-imaging-settings
# quantitative-imaging-settings.relative-setpoint: 0.30087220298747946
# quantitative-imaging-settings.control-settings.control-settings-type: quantitative-imaging-control-settings
# quantitative-imaging-settings.control-settings.next-line-motion-time: 0.05
# quantitative-imaging-settings.control-settings.next-line-additional-delay: 0.01
# quantitative-imaging-settings.control-settings.max-retries-per-position: 5
# quantitative-imaging-settings.control-settings.max-bad-adjecent-pixels: 0
# quantitative-imaging-settings.control-settings.max-pixel-replays: 1
# quantitative-imaging-settings.control-settings.pixelwise-retract-if-required: true
# quantitative-imaging-settings.control-settings.no-data-extend-fraction: 0.2
# quantitative-imaging-settings.control-settings.overscan-delay-factor: 3.4
# quantitative-imaging-settings.control-settings.overscan-distance-factor: 0.383
# quantitative-imaging-settings.control-settings.line-clock.active: false
# quantitative-imaging-settings.control-settings.line-clock.name: pulse-2
# quantitative-imaging-settings.control-settings.frame-clock.active: false
# quantitative-imaging-settings.control-settings.frame-clock.name: pulse-3
# quantitative-imaging-settings.control-settings.closed-loop: false
# quantitative-imaging-settings.control-settings.start-option.type: smooth-xyz-motion
# quantitative-imaging-settings.control-settings.start-option.additional-retract: 3.0E-9
# quantitative-imaging-settings.control-settings.start-option.start-time: 0.005208333333333334
# quantitative-imaging-settings.control-settings.start-option.motion-time: 0.005208333333333334
# quantitative-imaging-settings.control-settings.pixel-clock.active: false
# quantitative-imaging-settings.control-settings.pixel-clock.name: pixel-clock
# quantitative-imaging-settings.control-settings.ttl-outputs.pins.list: 
# quantitative-imaging-settings.control-settings.baseline-adjust-settings.enabled: true
# quantitative-imaging-settings.control-settings.baseline-adjust-settings.interval: 1
# quantitative-imaging-settings.control-settings.averager.type: instrumentdefault
# quantitative-imaging-settings.control-settings.averager.value: NaN
# quantitative-imaging-settings.extend.type: z-extend-force
# quantitative-imaging-settings.extend.identifier.type: standard
# quantitative-imaging-settings.extend.identifier.name: extend-spm
# quantitative-imaging-settings.extend.style: extend
# quantitative-imaging-settings.extend.duration: 0.01666666666666667
# quantitative-imaging-settings.extend.num-points: 1500
# quantitative-imaging-settings.extend.z-start: 5.000000000000001E-7
# quantitative-imaging-settings.extend.z-end: 0.0
# quantitative-imaging-settings.extend.setpoint: 0.30087220298747946
# quantitative-imaging-settings.retract.type: z-retract-height
# quantitative-imaging-settings.retract.identifier.type: standard
# quantitative-imaging-settings.retract.identifier.name: retract-spm
# quantitative-imaging-settings.retract.style: retract
# quantitative-imaging-settings.retract.duration: 0.025000000000000005
# quantitative-imaging-settings.retract.num-points: 1500
# quantitative-imaging-settings.retract.z-start: 5.000000000000001E-7
# quantitative-imaging-settings.retract.z-end: 0.0
# quantitative-imaging-settings.retract.setpoint: 0.15000000000000002
# quantitative-imaging-settings.data-description.comment: 
# quantitative-imaging-settings.data-description.name: 
# quantitative-imaging-settings.data-description.probe: 
# quantitative-imaging-settings.data-description.user-name: afm_csec
# quantitative-imaging-settings.data-description.instrument: JPK01814-H-21-02-0019
# quantitative-imaging-settings.data-description.source-software: 8.0.163
# quantitative-imaging-settings.data-description.modification-software: 
# feedbackMode: contact
# date: Wed Oct 02 15:44:14 BST 2024
# segmentIndex: 0
# segment: extend
# columns: verticalTipPosition vDeflection height error smoothedMeasuredHeight measuredHeight seriesTime time
# fancyNames: "Vertical Tip Position" "Vertical Deflection" "Height" "Error Signal" "Height (measured & smoothed)" "Height (measured)" "Series Time" "Segment Time"
# heightMultiplier: 0.788494
# heightOffset: 0.0
# sensitivity: 4.798575435590727E-8
# springConstant: 0.06926368726396598
# calibrationSlots: nominal force nominal volts nominal nominal elapsed elapsed
# units: m N m V m m s s
#
 2.8090010483e-07 -4.9610159819e-12  9.6952357503e-06      0.0000000000  2.8097172989e-07  2.8239628523e-07  5.5555555556e-06  5.5555555556e-06
 2.8055355270e-07 -1.2617303382e-11  9.6949062857e-06      0.0000000000  2.8073571602e-07  2.8160254279e-07  1.6666666667e-05  1.6666666667e-05
 2.8018079151e-07 -2.2120423954e-11  9.6945768210e-06      0.0000000000  2.8050015689e-07  2.8048536033e-07  2.7777777778e-05  2.7777777778e-05
 2.8035761628e-07  6.4428057681e-12  9.6942471642e-06      0.0000000000  2.8026459776e-07  2.8009932966e-07  3.8888888889e-05  3.8888888889e-05
 2.7985227703e-07 -1.2211662673e-11  9.6939173503e-06      0.0000000000  2.8002858389e-07  2.8048668100e-07  5.0000000000e-05  5.0000000000e-05
 2.7938241303e-07 -2.8440482421e-11  9.6935875399e-06      0.0000000000  2.7979302476e-07  2.8100864704e-07  6.1111111111e-05  6.1111111111e-05
 2.7921261265e-07 -2.3885789291e-11  9.6932577295e-06      0.0000000000  2.7955746563e-07  2.8170315005e-07  7.2222222222e-05  7.2222222222e-05
 2.7902604142e-07 -2.0461209378e-11  9.6929279085e-06      0.0000000000  2.7932145176e-07  2.7718544512e-07  8.3333333333e-05  8.3333333333e-05
 2.7887176164e-07 -1.4831502175e-11  9.6925830945e-06      0.0000000000  2.7908589263e-07  2.7751234405e-07  9.4444444444e-05  9.4444444444e-05
 2.7875648201e-07 -6.5005003343e-12  9.6922383014e-06      0.0000000000  2.7885033350e-07  2.7946873797e-07  0.00010555555556  0.00010555555556
 2.7855598181e-07 -4.0406923005e-12  9.6919084561e-06      0.0000000000  2.7861431963e-07  2.7987096264e-07  0.00011666666667  0.00011666666667
 2.7842836538e-07  3.4358168686e-12  9.6915784885e-06      0.0000000000  2.7837876050e-07  2.7981387482e-07  0.00012777777778  0.00012777777778
 2.7816180356e-07  1.3199538714e-12  9.6912485104e-06      0.0000000000  2.7814274662e-07  2.7797093333e-07  0.00013888888889  0.00013888888889
 2.7784993072e-07 -3.9658151869e-12  9.6909185393e-06      0.0000000000  2.7790718750e-07  2.7675309643e-07  0.00015000000000  0.00015000000000
 2.7768285957e-07  8.0941204404e-13  9.6905885613e-06      0.0000000000  2.7767117362e-07  2.7739730368e-07  0.00016111111111  0.00016111111111
 2.7750106350e-07  4.5647370460e-12  9.6902585832e-06      0.0000000000  2.7743515974e-07  2.7782010890e-07  0.00017222222222  0.00017222222222
 2.7719635393e-07 -2.2487736511e-13  9.6899286051e-06      0.0000000000  2.7719960062e-07  2.7745594801e-07  0.00018333333333  0.00018333333333
 2.7709687030e-07  9.2317105347e-12  9.6895836305e-06      0.0000000000  2.7696358674e-07  2.7722594587e-07  0.00019444444444  0.00019444444444
 2.7697130987e-07  1.6850625896e-11  9.6892386767e-06      0.0000000000  2.7672802761e-07  2.7626246503e-07  0.00020555555556  0.00020555555556
 2.7671390106e-07  1.5368734169e-11  9.6889086533e-06      0.0000000000  2.7649201374e-07  2.7557744258e-07  0.00021666666667  0.00021666666667
 2.7653966664e-07  1.9647806752e-11  9.6885786298e-06      0.0000000000  2.7625599986e-07  2.7510056822e-07  0.00022777777778  0.00022777777778
 2.7636384005e-07  2.3816600129e-11  9.6882486028e-06      0.0000000000  2.7601998599e-07  2.7735670859e-07  0.00023888888889  0.00023888888889
 2.7589755795e-07  7.8358762106e-12  9.6879185724e-06      0.0000000000  2.7578442686e-07  2.7403221936e-07  0.00025000000000  0.00025000000000
 2.7567875146e-07  9.0277231983e-12  9.6875884930e-06      0.0000000000  2.7554841299e-07  2.7277630295e-07  0.00026111111111  0.00026111111111
 2.7569951835e-07  2.6813305980e-11  9.6872584137e-06      0.0000000000  2.7531239911e-07  2.7665263067e-07  0.00027222222222  0.00027222222222
 2.7518701583e-07  7.6626828921e-12  9.6869282889e-06      0.0000000000  2.7507638524e-07  2.7690811873e-07  0.00028333333333  0.00028333333333
 2.7469179173e-07 -1.0291172993e-11  9.6865831815e-06      0.0000000000  2.7484037136e-07  2.7645589700e-07  0.00029444444444  0.00029444444444
 2.7456315697e-07 -2.8536994763e-12  9.6862380951e-06      0.0000000000  2.7460435749e-07  2.7513025201e-07  0.00030555555556  0.00030555555556
 2.7425765146e-07 -7.6984442379e-12  9.6859079529e-06      0.0000000000  2.7436879836e-07  2.7275993599e-07  0.00031666666667  0.00031666666667
 2.7385657830e-07 -1.9131058855e-11  9.6855778142e-06      0.0000000000  2.7413278448e-07  2.7331050097e-07  0.00032777777778  0.00032777777778
 2.7367000707e-07 -1.5706478942e-11  9.6852476719e-06      0.0000000000  2.7389677061e-07  2.7428910671e-07  0.00033888888889  0.00033888888889
 2.7346831308e-07 -1.3329357181e-11  9.6849175332e-06      0.0000000000  2.7366075673e-07  2.7460979532e-07  0.00035000000000  0.00035000000000
 2.7335257889e-07 -4.9983426415e-12  9.6845873666e-06      0.0000000000  2.7342474286e-07  2.7212239502e-07  0.00036111111111  0.00036111111111
 2.7318073204e-07 -5.5389751287e-13  9.6842571510e-06      0.0000000000  2.7318872898e-07  2.7092773286e-07  0.00037222222222  0.00037222222222
 2.7268653581e-07 -1.8436559555e-11  9.6839269425e-06      0.0000000000  2.7295271511e-07  2.7293935936e-07  0.00038333333333  0.00038333333333
 2.7262433745e-07 -6.3659586671e-12  9.6835817058e-06      0.0000000000  2.7271624648e-07  2.7363769863e-07  0.00039444444444  0.00039444444444
 2.7250595010e-07  1.7812880377e-12  9.6832365041e-06      0.0000000000  2.7248023261e-07  2.7290940830e-07  0.00040555555556  0.00040555555556
 2.7227759276e-07  2.3116078335e-12  9.6829062606e-06      0.0000000000  2.7224421873e-07  2.7248811242e-07  0.00041666666667  0.00041666666667
 2.7224145105e-07  1.6155490854e-11  9.6825760032e-06      0.0000000000  2.7200820486e-07  2.7180315287e-07  0.00042777777778  0.00042777777778
 2.7213327824e-07  2.5010234469e-11  9.6822457492e-06      0.0000000000  2.7177219098e-07  2.7020470952e-07  0.00043888888889  0.00043888888889
 2.7182134867e-07  1.9752034032e-11  9.6819154848e-06      0.0000000000  2.7153617711e-07  2.7026464308e-07  0.00045000000000  0.00045000000000
 2.7172784379e-07  2.9654229990e-11  9.6815852273e-06      0.0000000000  2.7129970849e-07  2.6945728510e-07  0.00046111111111  0.00046111111111
 2.7160176280e-07  3.7268586987e-11  9.6812549140e-06      0.0000000000  2.7106369461e-07  2.6923839865e-07  0.00047222222222  0.00047222222222
 2.7112905639e-07  2.0874388887e-11  9.6809245936e-06      0.0000000000  2.7082768074e-07  2.7033666713e-07  0.00048333333333  0.00048333333333
 2.7087745168e-07  1.9794510117e-11  9.6805792313e-06      0.0000000000  2.7059166686e-07  2.6991744660e-07  0.00049444444444  0.00049444444444
 2.7045340574e-07  6.8022134022e-12  9.6802339073e-06      0.0000000000  2.7035519824e-07  2.6811282046e-07  0.00050555555556  0.00050555555556
 2.7031737552e-07  1.3727450273e-11  9.6799035730e-06      0.0000000000  2.7011918436e-07  2.7298695089e-07  0.00051666666667  0.00051666666667
 2.7008299197e-07  1.3871870315e-11  9.6795732213e-06      0.0000000000  2.6988271574e-07  2.7140077097e-07  0.00052777777778  0.00052777777778
 2.6963973513e-07 -4.8254183441e-13  9.6792428765e-06      0.0000000000  2.6964670187e-07  2.6868788084e-07  0.00053888888889  0.00053888888889
 2.6935645892e-07 -3.7561051770e-12  9.6789125248e-06      0.0000000000  2.6941068799e-07  2.6825829929e-07  0.00055000000000  0.00055000000000
 2.6913520813e-07 -2.7020621132e-12  9.6785821765e-06      0.0000000000  2.6917421937e-07  2.6966911221e-07  0.00056111111111  0.00056111111111
 2.6882845210e-07 -7.6019245262e-12  9.6782518003e-06      0.0000000000  2.6893820549e-07  2.7017063920e-07  0.00057222222222  0.00057222222222
 2.6844761851e-07 -1.7601174347e-11  9.6779213857e-06      0.0000000000  2.6870173687e-07  2.6975204756e-07  0.00058333333333  0.00058333333333
 2.6828095501e-07 -1.2766214497e-11  9.6775759290e-06      0.0000000000  2.6846526825e-07  2.7023885844e-07  0.00059444444444  0.00059444444444
 2.6792677523e-07 -2.0950820543e-11  9.6772305038e-06      0.0000000000  2.6822925437e-07  2.6875852132e-07  0.00060555555556  0.00060555555556
 2.6772104504e-07 -1.8821763406e-11  9.6769000857e-06      0.0000000000  2.6799278575e-07  2.6806258758e-07  0.00061666666667  0.00061666666667
 2.6736533963e-07 -2.7112040583e-11  9.6765696361e-06      0.0000000000  2.6775677188e-07  2.6876806479e-07  0.00062777777778  0.00062777777778
 2.6720418124e-07 -2.1895776356e-11  9.6762391691e-06      0.0000000000  2.6752030325e-07  2.6977923149e-07  0.00063888888889  0.00063888888889
 2.6717713608e-07 -7.3903349384e-12  9.6759087056e-06      0.0000000000  2.6728383463e-07  2.6783283699e-07  0.00065000000000  0.00065000000000
 2.6691733943e-07 -9.0376177168e-12  9.6755782386e-06      0.0000000000  2.6704782076e-07  2.6541898581e-07  0.00066111111111  0.00066111111111
 2.6682104886e-07  6.7163126836e-13  9.6752477716e-06      0.0000000000  2.6681135213e-07  2.6622915810e-07  0.00067222222222  0.00067222222222
 2.6684613688e-07  1.8788008851e-11  9.6749172662e-06      0.0000000000  2.6657488351e-07  2.6754475652e-07  0.00068333333333  0.00068333333333
 2.6655441376e-07  1.4960878426e-11  9.6745717187e-06      0.0000000000  2.6633841489e-07  2.6769221636e-07  0.00069444444444  0.00069444444444
 2.6641284504e-07  2.1502497628e-11  9.6742261957e-06      0.0000000000  2.6610240101e-07  2.6407592046e-07  0.00070555555556  0.00070555555556
 2.6615259409e-07  1.9855246055e-11  9.6738956798e-06      0.0000000000  2.6586593239e-07  2.6386123188e-07  0.00071666666667  0.00071666666667
 2.6587244495e-07  1.6829772735e-11  9.6735651709e-06      0.0000000000  2.6562946377e-07  2.6444019141e-07  0.00072777777778  0.00072777777778
 2.6569337838e-07  2.0805650343e-11  9.6732346340e-06      0.0000000000  2.6539299515e-07  2.6489145407e-07  0.00073888888889  0.00073888888889
 2.6535074900e-07  1.3452564809e-11  9.6729040972e-06      0.0000000000  2.6515652652e-07  2.6483718054e-07  0.00075000000000  0.00075000000000
 2.6503199755e-07  7.7533527741e-12  9.6725735638e-06      0.0000000000  2.6492005790e-07  2.6367910427e-07  0.00076111111111  0.00076111111111
 2.6474269540e-07  4.0939081841e-12  9.6722430234e-06      0.0000000000  2.6468358928e-07  2.6459515081e-07  0.00077222222222  0.00077222222222
 2.6447783469e-07  2.1273669380e-12  9.6718974201e-06      0.0000000000  2.6444712066e-07  2.6454114457e-07  0.00078333333333  0.00078333333333
 2.6419075420e-07 -1.3781975367e-12  9.6715518168e-06      0.0000000000  2.6421065203e-07  2.6542577786e-07  0.00079444444444  0.00079444444444
 2.6396990151e-07 -2.9658004456e-13  9.6712212101e-06      0.0000000000  2.6397418341e-07  2.6737207803e-07  0.00080555555556  0.00080555555556
 2.6380834528e-07  4.8921282599e-12  9.6708905999e-06      0.0000000000  2.6373771479e-07  2.6441709529e-07  0.00081666666667  0.00081666666667
 2.6356122682e-07  4.1544812022e-12  9.6705599967e-06      0.0000000000  2.6350124617e-07  2.6248843558e-07  0.00082777777778  0.00082777777778
 2.6318795461e-07 -5.3210395431e-12  9.6702293760e-06      0.0000000000  2.6326477754e-07  2.6111831208e-07  0.00083888888889  0.00083888888889
 2.6312748067e-07  6.8690011840e-12  9.6698987483e-06      0.0000000000  2.6302830892e-07  2.6299271398e-07  0.00085000000000  0.00085000000000
 2.6297422478e-07  1.2664119029e-11  9.6695681137e-06      0.0000000000  2.6279138555e-07  2.6304156330e-07  0.00086111111111  0.00086111111111
 2.6263079972e-07  5.2559216508e-12  9.6692374860e-06      0.0000000000  2.6255491693e-07  2.6296812424e-07  0.00087222222222  0.00087222222222
 2.6262799720e-07  2.1440497705e-11  9.6688918163e-06      0.0000000000  2.6231844831e-07  2.6353937982e-07  0.00088333333333  0.00088333333333
 2.6239643247e-07  2.1780159505e-11  9.6685461536e-06      0.0000000000  2.6208197968e-07  2.6442665447e-07  0.00089444444444  0.00089444444444
 2.6229212623e-07  3.0965710620e-11  9.6682155085e-06      0.0000000000  2.6184505631e-07  2.6189581335e-07  0.00090555555556  0.00090555555556
 2.6202192605e-07  2.8629338920e-11  9.6678848494e-06      0.0000000000  2.6160858769e-07  2.6213781163e-07  0.00091666666667  0.00091666666667
 2.6172585848e-07  2.4501295605e-11  9.6675541973e-06      0.0000000000  2.6137211907e-07  2.6128139994e-07  0.00092777777778  0.00092777777778
 2.6161160300e-07  3.2997726593e-11  9.6672235452e-06      0.0000000000  2.6113519570e-07  2.5893248203e-07  0.00093888888889  0.00093888888889
 2.6112530927e-07  1.5693918169e-11  9.6668928232e-06      0.0000000000  2.6089872708e-07  2.5880197087e-07  0.00095000000000  0.00095000000000
 2.6085510936e-07  1.3357564976e-11  9.6665621013e-06      0.0000000000  2.6066225845e-07  2.6051466848e-07  0.00096111111111  0.00096111111111
 2.6067678202e-07  1.7416141556e-11  9.6662313793e-06      0.0000000000  2.6042533508e-07  2.6113994603e-07  0.00097222222222  0.00097222222222
 2.6007683700e-07 -7.7595739605e-12  9.6658856083e-06      0.0000000000  2.6018886646e-07  2.6047037865e-07  0.00098333333333  0.00098333333333
 2.5992301734e-07 -2.0035044671e-12  9.6655398688e-06      0.0000000000  2.5995194309e-07  2.5956318379e-07  0.00099444444444  0.00099444444444
 2.5964804174e-07 -4.6706397630e-12  9.6652091503e-06      0.0000000000  2.5971547447e-07  2.5827179778e-07   0.0010055555556   0.0010055555556
 2.5911393622e-07 -2.5254571044e-11  9.6648784249e-06      0.0000000000  2.5947855110e-07  2.5777157574e-07   0.0010166666667   0.0010166666667
 2.5876931710e-07 -3.2745473201e-11  9.6645477064e-06      0.0000000000  2.5924208248e-07  2.5923145809e-07   0.0010277777778   0.0010277777778
 2.5868092903e-07 -2.2457370597e-11  9.6642169810e-06      0.0000000000  2.5900515911e-07  2.5992199908e-07   0.0010388888889   0.0010388888889
 2.5839157016e-07 -2.6089246567e-11  9.6638862346e-06      0.0000000000  2.5876823574e-07  2.5861580262e-07   0.0010500000000   0.0010500000000
 2.5828771848e-07 -1.6903708151e-11  9.6635554777e-06      0.0000000000  2.5853176712e-07  2.5888487478e-07   0.0010611111111   0.0010611111111
 2.5816430973e-07 -9.0412669384e-12  9.6632246998e-06      0.0000000000  2.5829484375e-07  2.5913096088e-07   0.0010722222222   0.0010722222222
 2.5809084564e-07  2.2805251083e-12  9.6628788800e-06      0.0000000000  2.5805792038e-07  2.5882953214e-07   0.0010833333333   0.0010833333333
 2.5769031265e-07 -9.0831777515e-12  9.6625330985e-06      0.0000000000  2.5782145175e-07  2.5911319463e-07   0.0010944444444   0.0010944444444
 2.5766957836e-07  5.8908750903e-12  9.6622023102e-06      0.0000000000  2.5758452838e-07  2.5843502713e-07   0.0011055555556   0.0011055555556
 2.5778534515e-07  3.0319496174e-11  9.6618715149e-06      0.0000000000  2.5734760501e-07  2.5758946385e-07   0.0011166666667   0.0011166666667
 2.5718915723e-07  5.4355086014e-12  9.6615407266e-06      0.0000000000  2.5711068164e-07  2.5944087969e-07   0.0011277777778   0.0011277777778
 2.5661366371e-07 -1.8015108368e-11  9.6612099348e-06      0.0000000000  2.5687375827e-07  2.5839157058e-07   0.0011388888889   0.0011388888889
 2.5690100872e-07  1.8266155223e-11  9.6608791430e-06      0.0000000000  2.5663728965e-07  2.5712864201e-07   0.0011500000000   0.0011500000000
 2.5660966012e-07  1.4496462631e-11  9.6605483302e-06      0.0000000000  2.5640036628e-07  2.5672083590e-07   0.0011611111111   0.0011611111111
 2.5613843242e-07 -1.7323190209e-12  9.6602175139e-06      0.0000000000  2.5616344291e-07  2.5626419619e-07   0.0011722222222   0.0011722222222
 2.5587713001e-07 -3.4209010314e-12  9.6598716452e-06      0.0000000000  2.5592651954e-07  2.5438482603e-07   0.0011833333333   0.0011833333333
 2.5572287911e-07  2.3052992489e-12  9.6595258114e-06      0.0000000000  2.5568959617e-07  2.5612011665e-07   0.0011944444444   0.0011944444444
 2.5561260339e-07  1.1077381989e-11  9.6591949881e-06      0.0000000000  2.5545267280e-07  2.5447532384e-07   0.0012055555556   0.0012055555556
 2.5530016254e-07  5.8467628716e-12  9.6588641265e-06      0.0000000000  2.5521574943e-07  2.5564427997e-07   0.0012166666667   0.0012166666667
 2.5502632427e-07  3.2899009754e-12  9.6585332648e-06      0.0000000000  2.5497882606e-07  2.5481250518e-07   0.0012277777778   0.0012277777778
 2.5485635399e-07  7.9273184750e-12  9.6582024031e-06      0.0000000000  2.5474190269e-07  2.5421983578e-07   0.0012388888889   0.0012388888889
 2.5463578623e-07  9.0916661436e-12  9.6578715415e-06      0.0000000000  2.5450452458e-07  2.5486951440e-07   0.0012500000000   0.0012500000000
 2.5399263893e-07 -1.9044901064e-11  9.6575406798e-06      0.0000000000  2.5426760121e-07  2.5540780022e-07   0.0012611111111   0.0012611111111
 2.5373113720e-07 -2.0747288795e-11  9.6572098182e-06      0.0000000000  2.5403067784e-07  2.5439779697e-07   0.0012722222222   0.0012722222222
 2.5368576270e-07 -7.4799080052e-12  9.6568639005e-06      0.0000000000  2.5379375447e-07  2.5300905821e-07   0.0012833333333   0.0012833333333
 2.5346641179e-07 -6.2627744823e-12  9.6565180143e-06      0.0000000000  2.5355683110e-07  2.5371813584e-07   0.0012944444444   0.0012944444444
 2.5347870818e-07  1.0999104622e-11  9.6561871526e-06      0.0000000000  2.5331990773e-07  2.5459223517e-07   0.0013055555556   0.0013055555556
 2.5286813725e-07 -1.4849605118e-11  9.6558562770e-06      0.0000000000  2.5308252961e-07  2.5297457912e-07   0.0013166666667   0.0013166666667
 2.5267747310e-07 -1.1645521210e-11  9.6555253944e-06      0.0000000000  2.5284560624e-07  2.5211816742e-07   0.0013277777778   0.0013277777778
 2.5285373013e-07  1.6972876959e-11  9.6551945083e-06      0.0000000000  2.5260868287e-07  2.5271622959e-07   0.0013388888889   0.0013388888889
 2.5238164976e-07  7.1653357809e-13  9.6548636257e-06      0.0000000000  2.5237130475e-07  2.5147918000e-07   0.0013500000000   0.0013500000000
 2.5214919950e-07  1.0263573701e-12  9.6545327431e-06      0.0000000000  2.5213438138e-07  2.5200936882e-07   0.0013611111111   0.0013611111111
 2.5182800375e-07 -4.8106585890e-12  9.6542018325e-06      0.0000000000  2.5189745801e-07  2.5201347235e-07   0.0013722222222   0.0013722222222
 2.5174373802e-07  5.7944701079e-12  9.6538558730e-06      0.0000000000  2.5166007990e-07  2.5074372028e-07   0.0013833333333   0.0013833333333
 2.5144940440e-07  1.8180248223e-12  9.6535099344e-06      0.0000000000  2.5142315653e-07  2.5022728851e-07   0.0013944444444   0.0013944444444
 2.5117511157e-07 -7.3882437499e-13  9.6531790308e-06      0.0000000000  2.5118577841e-07  2.5148741850e-07   0.0014055555556   0.0014055555556
 2.5100593724e-07  3.9537234749e-12  9.6528481167e-06      0.0000000000  2.5094885504e-07  2.5029118411e-07   0.0014166666667   0.0014166666667
 2.5062857211e-07 -5.7422932740e-12  9.6525171852e-06      0.0000000000  2.5071147692e-07  2.5058880804e-07   0.0014277777778   0.0014277777778
 2.5044148959e-07 -2.2901320419e-12  9.6521862537e-06      0.0000000000  2.5047455355e-07  2.5073571761e-07   0.0014388888889   0.0014388888889
 2.5029454456e-07  3.9735972270e-12  9.6518553257e-06      0.0000000000  2.5023717544e-07  2.4967133077e-07   0.0014500000000   0.0014500000000
 2.4991479158e-07 -5.8878105731e-12  9.6515243977e-06      0.0000000000  2.4999979732e-07  2.4950818003e-07   0.0014611111111   0.0014611111111
 2.4968552512e-07 -5.3574653796e-12  9.6511934557e-06      0.0000000000  2.4976287395e-07  2.4921854304e-07   0.0014722222222   0.0014722222222
 2.4976104124e-07  1.6314743416e-11  9.6508474403e-06      0.0000000000  2.4952549583e-07  2.4926330455e-07   0.0014833333333   0.0014833333333
 2.4921016434e-07 -5.3993380960e-12  9.6505014598e-06      0.0000000000  2.4928811771e-07  2.4837036985e-07   0.0014944444444   0.0014944444444
 2.4885951928e-07 -1.3276121500e-11  9.6501705073e-06      0.0000000000  2.4905119434e-07  2.4834865730e-07   0.0015055555556   0.0015055555556
 2.4920405783e-07  2.7029572028e-11  9.6498395478e-06      0.0000000000  2.4881381623e-07  2.4780493154e-07   0.0015166666667   0.0015166666667
 2.4881753942e-07  1.6699565503e-11  9.6495086024e-06      0.0000000000  2.4857643811e-07  2.4934638141e-07   0.0015277777778   0.0015277777778
 2.4846962359e-07  9.0433161992e-12  9.6491776429e-06      0.0000000000  2.4833905999e-07  2.4989020150e-07   0.0015388888889   0.0015388888889
 2.4836088304e-07  1.7953228261e-11  9.6488466905e-06      0.0000000000  2.4810168188e-07  2.4842607411e-07   0.0015500000000   0.0015500000000
 2.4810057537e-07  1.6333545309e-11  9.6485157380e-06      0.0000000000  2.4786475851e-07  2.4759415783e-07   0.0015611111111   0.0015611111111
 2.4764441371e-07  1.1797904289e-12  9.6481847786e-06      0.0000000000  2.4762738039e-07  2.4683286630e-07   0.0015722222222   0.0015722222222
 2.4724884195e-07 -9.7772845060e-12  9.6478387701e-06      0.0000000000  2.4739000227e-07  2.4656063395e-07   0.0015833333333   0.0015833333333
 2.4721879826e-07  4.5834628266e-12  9.6474927826e-06      0.0000000000  2.4715262415e-07  2.4633391778e-07   0.0015944444444   0.0015944444444
 2.4678452453e-07 -9.0542536836e-12  9.6471618301e-06      0.0000000000  2.4691524604e-07  2.4591383252e-07   0.0016055555556   0.0016055555556
 2.4598651340e-07 -4.7885763053e-11  9.6468308777e-06      0.0000000000  2.4667786792e-07  2.4622379849e-07   0.0016166666667   0.0016166666667
 2.4592115059e-07 -3.5971348680e-11  9.6464999147e-06      0.0000000000  2.4644048980e-07  2.4691713805e-07   0.0016277777778   0.0016277777778
 2.4606272806e-07 -9.7234873593e-12  9.6461689448e-06      0.0000000000  2.4620311169e-07  2.4552506617e-07   0.0016388888889   0.0016388888889
 2.4573988396e-07 -1.5643176892e-11  9.6458379679e-06      0.0000000000  2.4596573357e-07  2.4650532275e-07   0.0016500000000   0.0016500000000
 2.4514676665e-07 -4.0251487315e-11  9.6455069875e-06      0.0000000000  2.4572790070e-07  2.4692121014e-07   0.0016611111111   0.0016611111111
 2.4518049640e-07 -2.1473557143e-11  9.6451760106e-06      0.0000000000  2.4549052259e-07  2.4544085730e-07   0.0016722222222   0.0016722222222
 2.4535215373e-07  6.8577465564e-12  9.6448299707e-06      0.0000000000  2.4525314447e-07  2.4431007501e-07   0.0016833333333   0.0016833333333
 2.4483168774e-07 -1.2749963237e-11  9.6444839657e-06      0.0000000000  2.4501576635e-07  2.4509677385e-07   0.0016944444444   0.0016944444444
 2.4450924148e-07 -1.8642096848e-11  9.6441529853e-06      0.0000000000  2.4477838824e-07  2.4425132062e-07   0.0017055555556   0.0017055555556
 2.4465354818e-07  7.8262985733e-12  9.6438220119e-06      0.0000000000  2.4454055537e-07  2.4451778288e-07   0.0017166666667   0.0017166666667
 2.4457584856e-07  1.8886220275e-11  9.6434910350e-06      0.0000000000  2.4430317725e-07  2.4450550373e-07   0.0017277777778   0.0017277777778
 2.4421241214e-07  1.0154956898e-11  9.6431600616e-06      0.0000000000  2.4406579914e-07  2.4472843082e-07   0.0017388888889   0.0017388888889
 2.4390389457e-07  5.2275766595e-12  9.6428290812e-06      0.0000000000  2.4382842102e-07  2.4455856663e-07   0.0017500000000   0.0017500000000
 2.4375211740e-07  1.1188110953e-11  9.6424981043e-06      0.0000000000  2.4359058816e-07  2.4449324030e-07   0.0017611111111   0.0017611111111
 2.4328600678e-07 -4.6547455468e-12  9.6421671274e-06      0.0000000000  2.4335321004e-07  2.4402839353e-07   0.0017722222222   0.0017722222222
 2.4304379282e-07 -4.9581960588e-12  9.6418210805e-06      0.0000000000  2.4311537717e-07  2.4255300895e-07   0.0017833333333   0.0017833333333
 2.4299484596e-07  8.0932470914e-12  9.6414750511e-06      0.0000000000  2.4287799906e-07  2.4241208960e-07   0.0017944444444   0.0017944444444
 2.4257961773e-07 -4.1938094013e-12  9.6411440497e-06      0.0000000000  2.4264016619e-07  2.4215776500e-07   0.0018055555556   0.0018055555556
 2.4216086460e-07 -1.6756511839e-11  9.6408130484e-06      0.0000000000  2.4240278807e-07  2.4221480565e-07   0.0018166666667   0.0018166666667
 2.4208828179e-07 -5.3106834918e-12  9.6404820470e-06      0.0000000000  2.4216495521e-07  2.4279390668e-07   0.0018277777778   0.0018277777778
 2.4193656134e-07  6.2228218108e-13  9.6401510596e-06      0.0000000000  2.4192757709e-07  2.4147263250e-07   0.0018388888889   0.0018388888889
 2.4165465067e-07 -2.4307089644e-12  9.6398200827e-06      0.0000000000  2.4168974423e-07  2.4178255130e-07   0.0018500000000   0.0018500000000
 2.4127768338e-07 -1.2099169791e-11  9.6394891023e-06      0.0000000000  2.4145236611e-07  2.4180698382e-07   0.0018611111111   0.0018611111111
 2.4117087611e-07 -3.0238539795e-12  9.6391581289e-06      0.0000000000  2.4121453325e-07  2.4068947119e-07   0.0018722222222   0.0018722222222
 2.4115185273e-07  1.2131697310e-11  9.6388120890e-06      0.0000000000  2.4097670038e-07  2.4052287726e-07   0.0018833333333   0.0018833333333
 2.4067556043e-07 -4.4163798219e-12  9.6384660876e-06      0.0000000000  2.4073932227e-07  2.4200547839e-07   0.0018944444444   0.0018944444444
 2.4036420046e-07 -9.5091384126e-12  9.6381350862e-06      0.0000000000  2.4050148940e-07  2.4027889795e-07   0.0019055555556   0.0019055555556
 2.4027768921e-07  9.7195506829e-13  9.6378040848e-06      0.0000000000  2.4026365654e-07  2.3910165615e-07   0.0019166666667   0.0019166666667
 2.4009845274e-07  5.0305570461e-12  9.6374730835e-06      0.0000000000  2.4002582367e-07  2.3963590133e-07   0.0019277777778   0.0019277777778
 2.3998692650e-07  1.3747522135e-11  9.6371420821e-06      0.0000000000  2.3978844555e-07  2.3941836700e-07   0.0019388888889   0.0019388888889
 2.3960711680e-07  3.9136829556e-12  9.6368110843e-06      0.0000000000  2.3955061269e-07  2.4028163364e-07   0.0019500000000   0.0019500000000
 2.3945494178e-07  9.8466613274e-12  9.6364801074e-06      0.0000000000  2.3931277983e-07  2.4006963358e-07   0.0019611111111   0.0019611111111
 2.3912209173e-07  3.2654202891e-12  9.6361491339e-06      0.0000000000  2.3907494696e-07  2.4003839329e-07   0.0019722222222   0.0019722222222
 2.3879461453e-07 -2.9436770044e-12  9.6358030940e-06      0.0000000000  2.3883711410e-07  2.3966305381e-07   0.0019833333333   0.0019833333333
 2.3871108776e-07  7.7441321574e-12  9.6354570891e-06      0.0000000000  2.3859928123e-07  2.3884742587e-07   0.0019944444444   0.0019944444444
 2.3846738130e-07  7.3373052986e-12  9.6351261087e-06      0.0000000000  2.3836144837e-07  2.3818949303e-07   0.0020055555556   0.0020055555556
 2.3823163406e-07  7.4817634373e-12  9.6347951353e-06      0.0000000000  2.3812361550e-07  2.3839883601e-07   0.0020166666667   0.0020166666667
 2.3816581695e-07  1.9396209015e-11  9.6344641584e-06      0.0000000000  2.3788578264e-07  2.3775036801e-07   0.0020277777778   0.0020277777778
 2.3797026392e-07  2.2324666570e-11  9.6341331780e-06      0.0000000000  2.3764794977e-07  2.3814737287e-07   0.0020388888889   0.0020388888889
 2.3758567880e-07  1.2160063795e-11  9.6338022010e-06      0.0000000000  2.3741011691e-07  2.3793793555e-07   0.0020500000000   0.0020500000000
 2.3737739113e-07  1.4206472756e-11  9.6334712276e-06      0.0000000000  2.3717228404e-07  2.3685298389e-07   0.0020611111111   0.0020611111111
 2.3723436912e-07  2.0773422397e-11  9.6331402472e-06      0.0000000000  2.3693445118e-07  2.3657707251e-07   0.0020722222222   0.0020722222222
 2.3698001741e-07  1.9629266428e-11  9.6327942108e-06      0.0000000000  2.3669661832e-07  2.3727791163e-07   0.0020833333333   0.0020833333333
 2.3643290742e-07 -1.7609104441e-12  9.6324482024e-06      0.0000000000  2.3645833070e-07  2.3651729617e-07   0.0020944444444   0.0020944444444
 2.3627237507e-07  3.5932085019e-12  9.6321172255e-06      0.0000000000  2.3622049784e-07  2.3523515489e-07   0.0021055555556   0.0021055555556
 2.3598648466e-07  2.6456560442e-13  9.6317862451e-06      0.0000000000  2.3598266497e-07  2.3604543724e-07   0.0021166666667   0.0021166666667
 2.3578894190e-07  3.0552065361e-12  9.6314552682e-06      0.0000000000  2.3574483211e-07  2.3509120113e-07   0.0021277777778   0.0021277777778
 2.3562636336e-07  8.2990959865e-12  9.6311242947e-06      0.0000000000  2.3550654450e-07  2.3516181017e-07   0.0021388888889   0.0021388888889
 2.3520476781e-07 -4.4289848030e-12  9.6307933143e-06      0.0000000000  2.3526871163e-07  2.3487360392e-07   0.0021500000000   0.0021500000000
 2.3485042794e-07 -1.2498689783e-11  9.6304623514e-06      0.0000000000  2.3503087877e-07  2.3422923945e-07   0.0021611111111   0.0021611111111
 2.3459313416e-07 -1.3815126964e-11  9.6301313954e-06      0.0000000000  2.3479259116e-07  2.3448475895e-07   0.0021722222222   0.0021722222222
 2.3437536163e-07 -1.2425674132e-11  9.6297853835e-06      0.0000000000  2.3455475829e-07  2.3336330001e-07   0.0021833333333   0.0021833333333
 2.3388081606e-07 -3.0175045626e-11  9.6294394030e-06      0.0000000000  2.3431647068e-07  2.3400217738e-07   0.0021944444444   0.0021944444444
 2.3369759984e-07 -2.6392095400e-11  9.6291084470e-06      0.0000000000  2.3407863782e-07  2.3390979290e-07   0.0022055555556   0.0022055555556
 2.3372484908e-07 -8.0000337764e-12  9.6287775085e-06      0.0000000000  2.3384035020e-07  2.3445083014e-07   0.0022166666667   0.0022166666667
 2.3338921334e-07 -1.4774221788e-11  9.6284465805e-06      0.0000000000  2.3360251734e-07  2.3474850124e-07   0.0022277777778   0.0022277777778
 2.3308496018e-07 -1.9343238604e-11  9.6281156490e-06      0.0000000000  2.3336422973e-07  2.3320403269e-07   0.0022388888889   0.0022388888889
 2.3311425588e-07 -8.4092897820e-13  9.6277847210e-06      0.0000000000  2.3312639686e-07  2.3371112539e-07   0.0022500000000   0.0022500000000
 2.3299545293e-07  7.4350187052e-12  9.6274537895e-06      0.0000000000  2.3288810925e-07  2.3341749493e-07   0.0022611111111   0.0022611111111
 2.3273821587e-07  6.0910129026e-12  9.6271228545e-06      0.0000000000  2.3265027639e-07  2.3351269371e-07   0.0022722222222   0.0022722222222
 2.3250231278e-07  6.2561738145e-12  9.6267768705e-06      0.0000000000  2.3241198878e-07  2.3314658325e-07   0.0022833333333   0.0022833333333
 2.3233028225e-07  1.0845383414e-11  9.6264309074e-06      0.0000000000  2.3217370116e-07  2.3106695762e-07   0.0022944444444   0.0022944444444
 2.3220312223e-07  1.8542490178e-11  9.6260999794e-06      0.0000000000  2.3193541355e-07  2.3112674969e-07   0.0023055555556   0.0023055555556
 2.3182371064e-07  8.7362254273e-12  9.6257690549e-06      0.0000000000  2.3169758069e-07  2.2990576832e-07   0.0023166666667   0.0023166666667
 2.3130973125e-07 -1.0359203816e-11  9.6254381443e-06      0.0000000000  2.3145929308e-07  2.3188802549e-07   0.0023277777778   0.0023277777778
 2.3099632481e-07 -1.5562210408e-11  9.6251072408e-06      0.0000000000  2.3122100546e-07  2.3193148204e-07   0.0023388888889   0.0023388888889
 2.3094875727e-07 -2.3522351633e-12  9.6247763302e-06      0.0000000000  2.3098271785e-07  2.3141355665e-07   0.0023500000000   0.0023500000000
 2.3088248533e-07  9.5622046074e-12  9.6244454197e-06      0.0000000000  2.3074443024e-07  2.3093221715e-07   0.0023611111111   0.0023611111111
 2.3056430347e-07  4.0284344188e-12  9.6241145231e-06      0.0000000000  2.3050614263e-07  2.3071603495e-07   0.0023722222222   0.0023722222222
 2.3041312346e-07  1.0030330355e-11  9.6237685880e-06      0.0000000000  2.3026830976e-07  2.3008443702e-07   0.0023833333333   0.0023833333333
 2.3030088688e-07  1.8761089550e-11  9.6234226773e-06      0.0000000000  2.3003002215e-07  2.3002263249e-07   0.0023944444444   0.0023944444444
 2.3004598094e-07  1.7610043419e-11  9.6230917912e-06      0.0000000000  2.2979173454e-07  2.2955094651e-07   0.0024055555556   0.0024055555556
 2.2957458334e-07  1.4639861363e-12  9.6227609086e-06      0.0000000000  2.2955344693e-07  2.2953461100e-07   0.0024166666667   0.0024166666667
 2.2918118659e-07 -9.2794448595e-12  9.6224300190e-06      0.0000000000  2.2931515932e-07  2.2930210900e-07   0.0024277777778   0.0024277777778
 2.2889438705e-07 -1.2608062359e-11  9.6220991434e-06      0.0000000000  2.2907641696e-07  2.2962290767e-07   0.0024388888889   0.0024388888889
 2.2901077989e-07  1.1958413444e-11  9.6217682503e-06      0.0000000000  2.2883812935e-07  2.2841830899e-07   0.0024500000000   0.0024500000000
 2.2859071952e-07 -6.3183802339e-13  9.6214373712e-06      0.0000000000  2.2859984173e-07  2.2844288301e-07   0.0024611111111   0.0024611111111
 2.2817941459e-07 -1.2615655637e-11  9.6211064885e-06      0.0000000000  2.2836155412e-07  2.2841161127e-07   0.0024722222222   0.0024722222222
 2.2797564683e-07 -1.0224683167e-11  9.6207605884e-06      0.0000000000  2.2812326651e-07  2.2839447392e-07   0.0024833333333   0.0024833333333
 2.2779098105e-07 -6.5106378067e-12  9.6204147336e-06      0.0000000000  2.2788497890e-07  2.2742177978e-07   0.0024944444444   0.0024944444444
 2.2752686538e-07 -8.2680865863e-12  9.6200838894e-06      0.0000000000  2.2764623654e-07  2.2816692446e-07   0.0025055555556   0.0025055555556
 2.2712312156e-07 -1.9728193631e-11  9.6197530487e-06      0.0000000000  2.2740794893e-07  2.2757401922e-07   0.0025166666667   0.0025166666667
 2.2681528650e-07 -2.4545306277e-11  9.6194222219e-06      0.0000000000  2.2716966131e-07  2.2685206499e-07   0.0025277777778   0.0025277777778
 2.2665230985e-07 -1.9328991255e-11  9.6190914057e-06      0.0000000000  2.2693137370e-07  2.2709695619e-07   0.0025388888889   0.0025388888889
 2.2620911131e-07 -3.3490380238e-11  9.6187605929e-06      0.0000000000  2.2669263134e-07  2.2707247651e-07   0.0025500000000   0.0025500000000
 2.2584277575e-07 -4.2359453346e-11  9.6184297697e-06      0.0000000000  2.2645434373e-07  2.2658289850e-07   0.0025611111111   0.0025611111111
 2.2580390666e-07 -2.8515494132e-11  9.6180989534e-06      0.0000000000  2.2621560137e-07  2.2571401898e-07   0.0025722222222   0.0025722222222
 2.2547670458e-07 -3.4674037945e-11  9.6177530951e-06      0.0000000000  2.2597731376e-07  2.2636056886e-07   0.0025833333333   0.0025833333333
 2.2505247522e-07 -4.7521551683e-11  9.6174072578e-06      0.0000000000  2.2573857140e-07  2.2610850827e-07   0.0025944444444   0.0025944444444
 2.2499177492e-07 -3.5221199459e-11  9.6170764450e-06      0.0000000000  2.2550028379e-07  2.2446465879e-07   0.0026055555556   0.0026055555556
 2.2505319217e-07 -1.4431038173e-11  9.6167456218e-06      0.0000000000  2.2526154143e-07  2.2573464670e-07   0.0026166666667   0.0026166666667
 2.2499686946e-07 -1.8274782759e-12  9.6164148125e-06      0.0000000000  2.2502325382e-07  2.2591405434e-07   0.0026277777778   0.0026277777778
 2.2458311995e-07 -1.3949118320e-11  9.6160840452e-06      0.0000000000  2.2478451146e-07  2.2488606473e-07   0.0026388888889   0.0026388888889
 2.2416385553e-07 -2.6484239437e-11  9.6157532953e-06      0.0000000000  2.2454622385e-07  2.2423344603e-07   0.0026500000000   0.0026500000000
 2.2432953914e-07  1.5277941794e-12  9.6154225524e-06      0.0000000000  2.2430748149e-07  2.2398056788e-07   0.0026611111111   0.0026611111111
 2.2412591371e-07  3.9601224845e-12  9.6150918060e-06      0.0000000000  2.2406873913e-07  2.2304252579e-07   0.0026722222222   0.0026722222222
 2.2370936898e-07 -8.3866227227e-12  9.6147460140e-06      0.0000000000  2.2383045152e-07  2.2391524155e-07   0.0026833333333   0.0026833333333
 2.2358102445e-07 -7.4006254733e-13  9.6144002500e-06      0.0000000000  2.2359170916e-07  2.2503575715e-07   0.0026944444444   0.0026944444444
 2.2357439034e-07  1.5336611085e-11  9.6140695036e-06      0.0000000000  2.2335296680e-07  2.2273917892e-07   0.0027055555556   0.0027055555556
 2.2343284705e-07  2.2068977176e-11  9.6137387607e-06      0.0000000000  2.2311422444e-07  2.2253257162e-07   0.0027166666667   0.0027166666667
 2.2319545146e-07  2.2130761741e-11  9.6134080143e-06      0.0000000000  2.2287593683e-07  2.2358507237e-07   0.0027277777778   0.0027277777778
 2.2276896705e-07  9.1270545971e-12  9.6130772889e-06      0.0000000000  2.2263719447e-07  2.2358497803e-07   0.0027388888889   0.0027388888889
 2.2256335188e-07  1.1421566279e-11  9.6127465948e-06      0.0000000000  2.2239845211e-07  2.2200233563e-07   0.0027500000000   0.0027500000000
 2.2244051272e-07  1.9449449338e-11  9.6124159008e-06      0.0000000000  2.2215970975e-07  2.2162720055e-07   0.0027611111111   0.0027611111111
 2.2215928483e-07  1.6506744291e-11  9.6120851719e-06      0.0000000000  2.2192096739e-07  2.2257337110e-07   0.0027722222222   0.0027722222222
 2.2187172274e-07  1.3125309732e-11  9.6117394114e-06      0.0000000000  2.2168222503e-07  2.2189988885e-07   0.0027833333333   0.0027833333333
 2.2162985944e-07  1.2909141953e-11  9.6113937277e-06      0.0000000000  2.2144348267e-07  2.2164738804e-07   0.0027944444444   0.0027944444444
 2.2136375403e-07  1.1013876551e-11  9.6110630617e-06      0.0000000000  2.2120474031e-07  2.2187191881e-07   0.0028055555556   0.0028055555556
 2.2088672860e-07 -5.4904875509e-12  9.6107323676e-06      0.0000000000  2.2096599795e-07  2.2257335538e-07   0.0028166666667   0.0028166666667
 2.2075473617e-07  1.9034057316e-12  9.6104017016e-06      0.0000000000  2.2072725559e-07  2.2064412967e-07   0.0028277777778   0.0028277777778
 2.2047868180e-07 -6.8096129106e-13  9.6100710355e-06      0.0000000000  2.2048851324e-07  2.2043739659e-07   0.0028388888889   0.0028388888889
 2.2020183122e-07 -3.3204771705e-12  9.6097403799e-06      0.0000000000  2.2024977088e-07  2.2066442721e-07   0.0028500000000   0.0028500000000
 2.1978768388e-07 -1.5469673136e-11  9.6094097452e-06      0.0000000000  2.2001102852e-07  2.1964466038e-07   0.0028611111111   0.0028611111111
 2.1978099305e-07  6.3456911686e-13  9.6090791245e-06      0.0000000000  2.1977183141e-07  2.1940538206e-07   0.0028722222222   0.0028722222222
 2.1954105376e-07  5.5166540416e-13  9.6087334514e-06      0.0000000000  2.1953308905e-07  2.1960794872e-07   0.0028833333333   0.0028833333333
 2.1902074972e-07 -1.8950335161e-11  9.6083878096e-06      0.0000000000  2.1929434669e-07  2.1896495209e-07   0.0028944444444   0.0028944444444
 2.1892417607e-07 -9.1032060586e-12  9.6080572169e-06      0.0000000000  2.1905560433e-07  2.1744328094e-07   0.0029055555556   0.0029055555556
 2.1912283389e-07  2.1224240948e-11  9.6077266346e-06      0.0000000000  2.1881640723e-07  2.1907771273e-07   0.0029166666667   0.0029166666667
 2.1855467513e-07 -1.5923539565e-12  9.6073960524e-06      0.0000000000  2.1857766487e-07  2.1911846504e-07   0.0029277777778   0.0029277777778
 2.1820977293e-07 -8.9453759960e-12  9.6070654701e-06      0.0000000000  2.1833892251e-07  2.1790567502e-07   0.0029388888889   0.0029388888889
 2.1810398981e-07  2.9536896368e-13  9.6067348913e-06      0.0000000000  2.1809972540e-07  2.1760102320e-07   0.0029500000000   0.0029500000000
 2.1790235413e-07  2.8655138916e-12  9.6064043370e-06      0.0000000000  2.1786098304e-07  2.1710334818e-07   0.0029611111111   0.0029611111111
 2.1759082425e-07 -2.1445203300e-12  9.6060737687e-06      0.0000000000  2.1762178594e-07  2.1729775494e-07   0.0029722222222   0.0029722222222
 2.1742251822e-07  2.7341594410e-12  9.6057281724e-06      0.0000000000  2.1738304358e-07  2.1817947960e-07   0.0029833333333   0.0029833333333
 2.1723167038e-07  6.0830078208e-12  9.6053826005e-06      0.0000000000  2.1714384647e-07  2.1628614801e-07   0.0029944444444   0.0029944444444
 2.1707858597e-07  1.2015993084e-11  9.6050520706e-06      0.0000000000  2.1690510411e-07  2.1789061301e-07   0.0030055555556   0.0030055555556
 2.1661384089e-07 -3.6062912191e-12  9.6047215757e-06      0.0000000000  2.1666590700e-07  2.1712377150e-07   0.0030166666667   0.0030166666667
 2.1650134880e-07  5.1382678883e-12  9.6043910877e-06      0.0000000000  2.1642716464e-07  2.1719717912e-07   0.0030277777778   0.0030277777778
 2.1608794068e-07 -6.9282291062e-12  9.6040605997e-06      0.0000000000  2.1618796754e-07  2.1579413303e-07   0.0030388888889   0.0030388888889
 2.1566776713e-07 -1.9463324826e-11  9.6037301083e-06      0.0000000000  2.1594877043e-07  2.1551940083e-07   0.0030500000000   0.0030500000000
 2.1565516354e-07 -3.8001195683e-12  9.6033996308e-06      0.0000000000  2.1571002807e-07  2.1562533797e-07   0.0030611111111   0.0030611111111
 2.1557445188e-07  7.1771666563e-12  9.6030691673e-06      0.0000000000  2.1547083097e-07  2.1554106621e-07   0.0030722222222   0.0030722222222
 2.1490973074e-07 -2.2296197161e-11  9.6027236652e-06      0.0000000000  2.1523163386e-07  2.1510588751e-07   0.0030833333333   0.0030833333333
 2.1464535929e-07 -2.4039864534e-11  9.6023781946e-06      0.0000000000  2.1499243675e-07  2.1517118240e-07   0.0030944444444   0.0030944444444
 2.1484566547e-07  6.3702560456e-12  9.6020477276e-06      0.0000000000  2.1475369439e-07  2.1468985862e-07   0.0031055555556   0.0031055555556
 2.1452498259e-07  7.2625055403e-13  9.6017172990e-06      0.0000000000  2.1451449729e-07  2.1454033914e-07   0.0031166666667   0.0031166666667
 2.1411674800e-07 -1.0981908416e-11  9.6013868774e-06      0.0000000000  2.1427530018e-07  2.1472804818e-07   0.0031277777778   0.0031277777778
 2.1386411674e-07 -1.1912407748e-11  9.6010564593e-06      0.0000000000  2.1403610307e-07  2.1494548817e-07   0.0031388888889   0.0031388888889
 2.1368749605e-07 -7.5781344275e-12  9.6007260377e-06      0.0000000000  2.1379690597e-07  2.1457301017e-07   0.0031500000000   0.0031500000000
 2.1344361969e-07 -7.9022369173e-12  9.6003956230e-06      0.0000000000  2.1355770886e-07  2.1475248070e-07   0.0031611111111   0.0031611111111
 2.1290644540e-07 -2.8541235055e-11  9.6000652398e-06      0.0000000000  2.1331851175e-07  2.1406574452e-07   0.0031722222222   0.0031722222222
 2.1290346927e-07 -1.2179699327e-11  9.5997198461e-06      0.0000000000  2.1307931465e-07  2.1322128181e-07   0.0031833333333   0.0031833333333
 2.1278044060e-07 -4.1334452918e-12  9.5993744593e-06      0.0000000000  2.1284011754e-07  2.1100906967e-07   0.0031944444444   0.0031944444444
 2.1238693066e-07 -1.4821720539e-11  9.5990441005e-06      0.0000000000  2.1260092043e-07  2.1242874999e-07   0.0032055555556   0.0032055555556
 2.1204873744e-07 -2.1678556727e-11  9.5987137383e-06      0.0000000000  2.1236172333e-07  2.1270340358e-07   0.0032166666667   0.0032166666667
 2.1179491212e-07 -2.2691760837e-11  9.5983834354e-06      0.0000000000  2.1212252622e-07  2.1260961981e-07   0.0032277777778   0.0032277777778
 2.1179021130e-07 -6.4496834545e-12  9.5980531326e-06      0.0000000000  2.1188332911e-07  2.1224517592e-07   0.0032388888889   0.0032388888889
 2.1143882859e-07 -1.4188574043e-11  9.5977228297e-06      0.0000000000  2.1164367726e-07  2.1234705670e-07   0.0032500000000   0.0032500000000
 2.1122758533e-07 -1.2252387686e-11  9.5973925268e-06      0.0000000000  2.1140448015e-07  2.1198001863e-07   0.0032611111111   0.0032611111111
 2.1125949682e-07  6.5255932825e-12  9.5970622414e-06      0.0000000000  2.1116528305e-07  2.1070589575e-07   0.0032722222222   0.0032722222222
 2.1099698286e-07  4.9105819002e-12  9.5967169594e-06      0.0000000000  2.1092608594e-07  2.1138151623e-07   0.0032833333333   0.0032833333333
 2.1092251553e-07  1.6351871473e-11  9.5963717018e-06      0.0000000000  2.1068643409e-07  2.1086083943e-07   0.0032944444444   0.0032944444444
 2.1062571031e-07  1.2361720974e-11  9.5960414479e-06      0.0000000000  2.1044723698e-07  2.1039459337e-07   0.0033055555556   0.0033055555556
 2.1012594428e-07 -5.6862432268e-12  9.5957111904e-06      0.0000000000  2.1020803987e-07  2.0979359113e-07   0.0033166666667   0.0033166666667
 2.1001214522e-07  3.0307853563e-12  9.5953809713e-06      0.0000000000  2.0996838802e-07  2.0929585322e-07   0.0033277777778   0.0033277777778
 2.0994615821e-07  1.5027955304e-11  9.5950507593e-06      0.0000000000  2.0972919091e-07  2.1007357459e-07   0.0033388888889   0.0033388888889
 2.0951757088e-07  1.9415872853e-12  9.5947205437e-06      0.0000000000  2.0948953906e-07  2.1004907918e-07   0.0033500000000   0.0033500000000
 2.0926334772e-07  9.0082725318e-13  9.5943903352e-06      0.0000000000  2.0925034195e-07  2.0924955092e-07   0.0033611111111   0.0033611111111
 2.0922754897e-07  1.5020445110e-11  9.5940601301e-06      0.0000000000  2.0901069010e-07  2.0955959551e-07   0.0033722222222   0.0033722222222
 2.0881954684e-07  3.3283866454e-12  9.5937149354e-06      0.0000000000  2.0877149299e-07  2.0819937708e-07   0.0033833333333   0.0033833333333
 2.0853080977e-07 -7.1436312060e-14  9.5933697826e-06      0.0000000000  2.0853184114e-07  2.0821476926e-07   0.0033944444444   0.0033944444444
 2.0843537346e-07  9.8859661900e-12  9.5930396159e-06      0.0000000000  2.0829264403e-07  2.0921151858e-07   0.0034055555556   0.0034055555556
 2.0824635950e-07  1.3393333966e-11  9.5927094562e-06      0.0000000000  2.0805299218e-07  2.0867294975e-07   0.0034166666667   0.0034166666667
 2.0771117496e-07 -7.1078475486e-12  9.5923793001e-06      0.0000000000  2.0781379507e-07  2.0781633366e-07   0.0034277777778   0.0034277777778
 2.0735461872e-07 -1.5205076161e-11  9.5920492207e-06      0.0000000000  2.0757414322e-07  2.0825696802e-07   0.0034388888889   0.0034388888889
 2.0735583066e-07  1.4780382168e-12  9.5917191204e-06      0.0000000000  2.0733449136e-07  2.0787763508e-07   0.0034500000000   0.0034500000000
 2.0718591894e-07  6.3084973892e-12  9.5913890061e-06      0.0000000000  2.0709483951e-07  2.0735540176e-07   0.0034611111111   0.0034611111111
 2.0670525515e-07 -1.0416375415e-11  9.5910589268e-06      0.0000000000  2.0685564240e-07  2.0665233007e-07   0.0034722222222   0.0034722222222
 2.0650075400e-07 -7.9817084213e-12  9.5907138473e-06      0.0000000000  2.0661599055e-07  2.0631093513e-07   0.0034833333333   0.0034833333333
 2.0651745314e-07  9.7741067386e-12  9.5903688307e-06      0.0000000000  2.0637633870e-07  2.0665233007e-07   0.0034944444444   0.0034944444444
 2.0610239640e-07 -2.3750823359e-12  9.5900388073e-06      0.0000000000  2.0613668684e-07  2.0570597086e-07   0.0035055555556   0.0035055555556
 2.0589825996e-07  8.4845795374e-14  9.5897087838e-06      0.0000000000  2.0589703499e-07  2.0456097557e-07   0.0035166666667   0.0035166666667
 2.0574307263e-07  5.9351701840e-12  9.5893787708e-06      0.0000000000  2.0565738313e-07  2.0553999009e-07   0.0035277777778   0.0035277777778
 2.0557395659e-07  1.0820741200e-11  9.5890488102e-06      0.0000000000  2.0541773128e-07  2.0639399627e-07   0.0035388888889   0.0035388888889
 2.0534315653e-07  1.1433848860e-11  9.5887188042e-06      0.0000000000  2.0517807943e-07  2.0562844399e-07   0.0035500000000   0.0035500000000
 2.0530894995e-07  2.5663745924e-11  9.5883888122e-06      0.0000000000  2.0493842757e-07  2.0491864313e-07   0.0035611111111   0.0035611111111
 2.0483340297e-07  9.3247797649e-12  9.5880588027e-06      0.0000000000  2.0469877572e-07  2.0400765919e-07   0.0035722222222   0.0035722222222
 2.0447426037e-07  1.0484098997e-12  9.5877137965e-06      0.0000000000  2.0445912386e-07  2.0392145359e-07   0.0035833333333   0.0035833333333
 2.0447567109e-07  1.7745292985e-11  9.5873688044e-06      0.0000000000  2.0421947201e-07  2.0387019875e-07   0.0035944444444   0.0035944444444
 2.0425641188e-07  1.9157762966e-11  9.5870388124e-06      0.0000000000  2.0397982016e-07  2.0381586234e-07   0.0036055555556   0.0036055555556
 2.0383936567e-07  6.8707757749e-12  9.5867088064e-06      0.0000000000  2.0374016830e-07  2.0420741154e-07   0.0036166666667   0.0036166666667
 2.0352937097e-07  1.9985708750e-12  9.5863788108e-06      0.0000000000  2.0350051645e-07  2.0321605499e-07   0.0036277777778   0.0036277777778
 2.0352057723e-07  1.8020152254e-11  9.5860488083e-06      0.0000000000  2.0326040985e-07  2.0347721881e-07   0.0036388888889   0.0036388888889
 2.0341314549e-07  2.7178205133e-11  9.5857188058e-06      0.0000000000  2.0302075799e-07  2.0393418868e-07   0.0036500000000   0.0036500000000
 2.0294834369e-07  1.1583489451e-11  9.5853888138e-06      0.0000000000  2.0278110614e-07  2.0309375089e-07   0.0036611111111   0.0036611111111
 2.0256830763e-07  1.8599617683e-12  9.5850588043e-06      0.0000000000  2.0254145429e-07  2.0224122261e-07   0.0036722222222   0.0036722222222
 2.0260226187e-07  2.0842426043e-11  9.5847137947e-06      0.0000000000  2.0230134768e-07  2.0148700614e-07   0.0036833333333   0.0036833333333
 2.0230165263e-07  1.6620292918e-11  9.5843688060e-06      0.0000000000  2.0206169583e-07  2.0199906710e-07   0.0036944444444   0.0036944444444
 2.0174327292e-07 -5.4244759963e-12  9.5840388070e-06      0.0000000000  2.0182158923e-07  2.0054129154e-07   0.0037055555556   0.0037055555556
 2.0123708285e-07 -2.3885895873e-11  9.5837088115e-06      0.0000000000  2.0158193737e-07  2.0161283204e-07   0.0037166666667   0.0037166666667
 2.0120606006e-07 -9.4354774071e-12  9.5833788054e-06      0.0000000000  2.0134228552e-07  2.0145373766e-07   0.0037277777778   0.0037277777778
 2.0084586547e-07 -1.7753214722e-11  9.5830488134e-06      0.0000000000  2.0110217892e-07  2.0078476773e-07   0.0037388888889   0.0037388888889
 2.0038822694e-07 -3.2851775757e-11  9.5827188074e-06      0.0000000000  2.0086252707e-07  2.0041489963e-07   0.0037500000000   0.0037500000000
 2.0027954469e-07 -2.3748840529e-11  9.5823888119e-06      0.0000000000  2.0062242046e-07  2.0039046711e-07   0.0037611111111   0.0037611111111
 2.0016330133e-07 -1.5169615870e-11  9.5820588094e-06      0.0000000000  2.0038231386e-07  2.0036861306e-07   0.0037722222222   0.0037722222222
 1.9991184053e-07 -1.5987547017e-11  9.5817137963e-06      0.0000000000  2.0014266201e-07  1.9974434174e-07   0.0037833333333   0.0037833333333
 1.9998061612e-07  5.4067729294e-12  9.5813688076e-06      0.0000000000  1.9990255541e-07  1.9944673353e-07   0.0037944444444   0.0037944444444
 1.9957511050e-07 -6.0808704468e-12  9.5810388121e-06      0.0000000000  1.9966290355e-07  1.9858859238e-07   0.0038055555556   0.0038055555556
 1.9923879384e-07 -1.2744734263e-11  9.5807088096e-06      0.0000000000  1.9942279695e-07  1.9964379737e-07   0.0038166666667   0.0038166666667
 1.9909747876e-07 -5.9020693751e-12  9.5803788071e-06      0.0000000000  1.9918269035e-07  1.9986012107e-07   0.0038277777778   0.0038277777778
 1.9870425349e-07 -1.6507632953e-11  9.5800488150e-06      0.0000000000  1.9894258375e-07  1.9928345701e-07   0.0038388888889   0.0038388888889
 1.9839585068e-07 -2.1269577152e-11  9.5797188055e-06      0.0000000000  1.9870293190e-07  1.9826630009e-07   0.0038500000000   0.0038500000000
 1.9839979185e-07 -4.3659286735e-12  9.5793888135e-06      0.0000000000  1.9846282530e-07  1.9850284272e-07   0.0038611111111   0.0038611111111
 1.9814306766e-07 -5.5169240086e-12  9.5790588110e-06      0.0000000000  1.9822271869e-07  1.9886054173e-07   0.0038722222222   0.0038722222222
 1.9771399264e-07 -1.8605574113e-11  9.5787137944e-06      0.0000000000  1.9798261209e-07  1.9839819482e-07   0.0038833333333   0.0038833333333
 1.9765508885e-07 -6.0547989855e-12  9.5783688127e-06      0.0000000000  1.9774250549e-07  1.9744353421e-07   0.0038944444444   0.0038944444444
 1.9747716119e-07 -1.7480561897e-12  9.5780388102e-06      0.0000000000  1.9750239889e-07  1.9693637862e-07   0.0039055555556   0.0039055555556
 1.9700076181e-07 -1.8114565572e-11  9.5777088147e-06      0.0000000000  1.9726229229e-07  1.9748034021e-07   0.0039166666667   0.0039166666667
 1.9684352801e-07 -1.2374489185e-11  9.5773788087e-06      0.0000000000  1.9702218569e-07  1.9671324714e-07   0.0039277777778   0.0039277777778
 1.9677305024e-07 -6.2537116391e-13  9.5770488131e-06      0.0000000000  1.9678207909e-07  1.9639784123e-07   0.0039388888889   0.0039388888889
 1.9657801008e-07  2.4960968581e-12  9.5767188106e-06      0.0000000000  1.9654197249e-07  1.9618834103e-07   0.0039500000000   0.0039500000000
 1.9634834735e-07  3.2194779171e-12  9.5763888116e-06      0.0000000000  1.9630186588e-07  1.9551105397e-07   0.0039611111111   0.0039611111111
 1.9624802217e-07  1.2901254065e-11  9.5760588091e-06      0.0000000000  1.9606175928e-07  1.9534648822e-07   0.0039722222222   0.0039722222222
 1.9595335909e-07  9.1224712266e-12  9.5757137995e-06      0.0000000000  1.9582165268e-07  1.9524919837e-07   0.0039833333333   0.0039833333333
 1.9555310307e-07 -1.9700678594e-12  9.5753688108e-06      0.0000000000  1.9558154608e-07  1.9562137765e-07   0.0039944444444   0.0039944444444
 1.9538029222e-07  2.7225815816e-12  9.5750388083e-06      0.0000000000  1.9534098473e-07  1.9545127763e-07   0.0040055555556   0.0040055555556
 1.9484817829e-07 -1.7502922783e-11  9.5747088163e-06      0.0000000000  1.9510087813e-07  1.9396905383e-07   0.0040166666667   0.0040166666667
 1.9461095418e-07 -1.7303270800e-11  9.5743788068e-06      0.0000000000  1.9486077153e-07  1.9532340782e-07   0.0040277777778   0.0040277777778
 1.9449550650e-07 -8.6689342964e-12  9.5740488147e-06      0.0000000000  1.9462066493e-07  1.9473595823e-07   0.0040388888889   0.0040388888889
 1.9435652254e-07 -1.6333097363e-12  9.5737188122e-06      0.0000000000  1.9438010358e-07  1.9377176988e-07   0.0040500000000   0.0040500000000
 1.9405562439e-07 -5.8439562391e-12  9.5733888097e-06      0.0000000000  1.9413999698e-07  1.9347798220e-07   0.0040611111111   0.0040611111111
 1.9359548510e-07 -2.1052734071e-11  9.5730588142e-06      0.0000000000  1.9389943563e-07  1.9385479957e-07   0.0040722222222   0.0040722222222
 1.9381890242e-07  1.1052641241e-11  9.5727137941e-06      0.0000000000  1.9365932903e-07  1.9439667009e-07   0.0040833333333   0.0040833333333
 1.9359540796e-07  1.2203259382e-11  9.5723688124e-06      0.0000000000  1.9341922243e-07  1.9384107397e-07   0.0040944444444   0.0040944444444
 1.9267601982e-07 -3.4814786797e-11  9.5720388099e-06      0.0000000000  1.9317866108e-07  1.9278591615e-07   0.0041055555556   0.0041055555556
 1.9287973800e-07 -4.0738460188e-12  9.5717088144e-06      0.0000000000  1.9293855448e-07  1.9340319102e-07   0.0041166666667   0.0041166666667
 1.9296480682e-07  1.8480500262e-11  9.5713788119e-06      0.0000000000  1.9269799313e-07  1.9330123163e-07   0.0041277777778   0.0041277777778
 1.9257038776e-07  7.7922504126e-12  9.5710488163e-06      0.0000000000  1.9245788653e-07  1.9276280430e-07   0.0041388888889   0.0041388888889
 1.9219939154e-07 -1.2421502523e-12  9.5707188103e-06      0.0000000000  1.9221732518e-07  1.9286616298e-07   0.0041500000000   0.0041500000000
 1.9203652991e-07  4.1396193153e-12  9.5703888148e-06      0.0000000000  1.9197676383e-07  1.9269477373e-07   0.0041611111111   0.0041611111111
 1.9162937594e-07 -7.4306976344e-12  9.5700588158e-06      0.0000000000  1.9173665723e-07  1.9219151728e-07   0.0041722222222   0.0041722222222
 1.9110715451e-07 -2.6939513252e-11  9.5697137957e-06      0.0000000000  1.9149609588e-07  1.9130754432e-07   0.0041833333333   0.0041833333333
 1.9099125227e-07 -1.8305164049e-11  9.5693688175e-06      0.0000000000  1.9125553453e-07  1.9156606679e-07   0.0041944444444   0.0041944444444
 1.9080491082e-07 -1.4549693552e-11  9.5690388080e-06      0.0000000000  1.9101497318e-07  1.9075693218e-07   0.0042055555556   0.0042055555556
 1.9031736842e-07 -3.1688009334e-11  9.5687088160e-06      0.0000000000  1.9077486658e-07  1.9074051805e-07   0.0042166666667   0.0042166666667
 1.9031209959e-07 -1.5390782011e-11  9.5683788135e-06      0.0000000000  1.9053430523e-07  1.9200534903e-07   0.0042277777778   0.0042277777778
 1.9029887181e-07  3.5517882125e-13  9.5680488110e-06      0.0000000000  1.9029374388e-07  1.9063989507e-07   0.0042388888889   0.0042388888889
 1.8969665979e-07 -2.4694079706e-11  9.5677188154e-06      0.0000000000  1.9005318254e-07  1.9039643460e-07   0.0042500000000   0.0042500000000
 1.8944783810e-07 -2.5266221422e-11  9.5673888094e-06      0.0000000000  1.8981262119e-07  1.8921337552e-07   0.0042611111111   0.0042611111111
 1.8939401800e-07 -1.2331834435e-11  9.5670588139e-06      0.0000000000  1.8957205984e-07  1.8963220299e-07   0.0042722222222   0.0042722222222
 1.8926664142e-07 -4.4922394778e-12  9.5667137938e-06      0.0000000000  1.8933149849e-07  1.8895881508e-07   0.0042833333333   0.0042833333333
 1.8884742550e-07 -1.6866514125e-11  9.5663688191e-06      0.0000000000  1.8909093714e-07  1.8848705049e-07   0.0042944444444   0.0042944444444
 1.8902402576e-07  1.2027637387e-11  9.5660388131e-06      0.0000000000  1.8885037579e-07  1.8876454983e-07   0.0043055555556   0.0043055555556
 1.8849503864e-07 -7.9497954621e-12  9.5657088176e-06      0.0000000000  1.8860981444e-07  1.8768459787e-07   0.0043166666667   0.0043166666667
 1.8794655143e-07 -2.9277875629e-11  9.5653788116e-06      0.0000000000  1.8836925309e-07  1.8857009590e-07   0.0043277777778   0.0043277777778
 1.8804316111e-07 -5.9241670269e-12  9.5650488160e-06      0.0000000000  1.8812869175e-07  1.8922287182e-07   0.0043388888889   0.0043388888889
 1.8805460694e-07  1.1530779148e-11  9.5647188170e-06      0.0000000000  1.8788813040e-07  1.8817971014e-07   0.0043500000000   0.0043500000000
 1.8777792811e-07  9.0291491930e-12  9.5643888075e-06      0.0000000000  1.8764756905e-07  1.8757583071e-07   0.0043611111111   0.0043611111111
 1.8765963802e-07  1.7498107344e-11  9.5640588225e-06      0.0000000000  1.8740700770e-07  1.8615476682e-07   0.0043722222222   0.0043722222222
 1.8764519312e-07  3.3191263815e-11  9.5637137954e-06      0.0000000000  1.8716599160e-07  1.8696559945e-07   0.0043833333333   0.0043833333333
 1.8735853166e-07  2.9998200443e-11  9.5633688172e-06      0.0000000000  1.8692543026e-07  1.8678715086e-07   0.0043944444444   0.0043944444444
 1.8699987251e-07  2.1818310956e-11  9.5630388147e-06      0.0000000000  1.8668486891e-07  1.8729427501e-07   0.0044055555556   0.0044055555556
 1.8696589387e-07  3.6158488311e-11  9.5627088122e-06      0.0000000000  1.8644385281e-07  1.8640759780e-07   0.0044166666667   0.0044166666667
 1.8676204208e-07  3.8701128113e-11  9.5623788167e-06      0.0000000000  1.8620329146e-07  1.8564874324e-07   0.0044277777778   0.0044277777778
 1.8641174026e-07  3.1100098052e-11  9.5620488107e-06      0.0000000000  1.8596273011e-07  1.8498518179e-07   0.0044388888889   0.0044388888889
 1.8604068757e-07  2.2093284514e-11  9.5617188186e-06      0.0000000000  1.8572171402e-07  1.8610447105e-07   0.0044500000000   0.0044500000000
 1.8616356276e-07  4.7266239160e-11  9.5613888126e-06      0.0000000000  1.8548115267e-07  1.8601460214e-07   0.0044611111111   0.0044611111111
 1.8578415302e-07  3.7680584703e-11  9.5610588171e-06      0.0000000000  1.8524013657e-07  1.8504901450e-07   0.0044722222222   0.0044722222222
 1.8521918387e-07  1.5210904695e-11  9.5607138005e-06      0.0000000000  1.8499957522e-07  1.8510665261e-07   0.0044833333333   0.0044833333333
 1.8513960530e-07  2.6392662612e-11  9.5603688188e-06      0.0000000000  1.8475855913e-07  1.8392015034e-07   0.0044944444444   0.0044944444444
 1.8492063075e-07  2.7887844262e-11  9.5600388163e-06      0.0000000000  1.8451799778e-07  1.8568281356e-07   0.0045055555556   0.0045055555556
 1.8408475838e-07 -1.3314094557e-11  9.5597088173e-06      0.0000000000  1.8427698168e-07  1.8512509492e-07   0.0045166666667   0.0045166666667
 1.8380404309e-07 -1.6063807642e-11  9.5593788183e-06      0.0000000000  1.8403596559e-07  1.8440293630e-07   0.0045277777778   0.0045277777778
 1.8381509107e-07  1.3635826102e-12  9.5590488088e-06      0.0000000000  1.8379540424e-07  1.8373388776e-07   0.0045388888889   0.0045388888889
 1.8350293673e-07 -3.5637145435e-12  9.5587188237e-06      0.0000000000  1.8355438814e-07  1.8332174228e-07   0.0045500000000   0.0045500000000
 1.8318879292e-07 -8.6288098136e-12  9.5583888142e-06      0.0000000000  1.8331337205e-07  1.8386031111e-07   0.0045611111111   0.0045611111111
 1.8293042011e-07 -9.8624972286e-12  9.5580588152e-06      0.0000000000  1.8307281070e-07  1.8347404461e-07   0.0045722222222   0.0045722222222
 1.8275934376e-07 -5.0182127454e-12  9.5577138021e-06      0.0000000000  1.8283179460e-07  1.8277672729e-07   0.0045833333333   0.0045833333333
 1.8234948970e-07 -1.6712552212e-11  9.5573688134e-06      0.0000000000  1.8259077851e-07  1.8215365088e-07   0.0045944444444   0.0045944444444
 1.8219015299e-07 -1.1055136700e-11  9.5570388214e-06      0.0000000000  1.8234976241e-07  1.8101922101e-07   0.0046055555556   0.0046055555556
 1.8231655336e-07  1.4393482397e-11  9.5567088119e-06      0.0000000000  1.8210874632e-07  1.8185987891e-07   0.0046166666667   0.0046166666667
 1.8186869389e-07  6.6747350799e-14  9.5563788199e-06      0.0000000000  1.8186773022e-07  1.8189247133e-07   0.0046277777778   0.0046277777778
 1.8159235644e-07 -2.3797395547e-12  9.5560488139e-06      0.0000000000  1.8162671412e-07  1.8148979070e-07   0.0046388888889   0.0046388888889
 1.8177208351e-07  2.6762483473e-11  9.5557188183e-06      0.0000000000  1.8138569803e-07  1.8150079634e-07   0.0046500000000   0.0046500000000
 1.8151365425e-07  2.5556383186e-11  9.5553888158e-06      0.0000000000  1.8114468193e-07  1.8041543590e-07   0.0046611111111   0.0046611111111
 1.8103873358e-07  9.3552902522e-12  9.5550588168e-06      0.0000000000  1.8090366584e-07  1.8038554773e-07   0.0046722222222   0.0046722222222
 1.8089932846e-07  1.6393240802e-11  9.5547138037e-06      0.0000000000  1.8066264974e-07  1.8119839282e-07   0.0046833333333   0.0046833333333
 1.8081039755e-07  2.6927221728e-11  9.5543688185e-06      0.0000000000  1.8042163364e-07  1.8108589946e-07   0.0046944444444   0.0046944444444
 1.8054480501e-07  2.5224966793e-11  9.5540388195e-06      0.0000000000  1.8018061755e-07  1.8004946695e-07   0.0047055555556   0.0047055555556
 1.8042606063e-07  3.3693956150e-11  9.5537088135e-06      0.0000000000  1.7993960145e-07  1.7999522487e-07   0.0047166666667   0.0047166666667
 1.7985881257e-07  1.1097927635e-11  9.5533788250e-06      0.0000000000  1.7969858536e-07  1.8022360761e-07   0.0047277777778   0.0047277777778
 1.7955183203e-07  6.5289870123e-12  9.5530488155e-06      0.0000000000  1.7945756926e-07  1.7995165826e-07   0.0047388888889   0.0047388888889
 1.7962604250e-07  2.8394238565e-11  9.5527188165e-06      0.0000000000  1.7921609842e-07  1.7923885444e-07   0.0047500000000   0.0047500000000
 1.7898318171e-07  5.6099332092e-13  9.5523888209e-06      0.0000000000  1.7897508232e-07  1.7917368533e-07   0.0047611111111   0.0047611111111
 1.7856397586e-07 -1.1781086124e-11  9.5520588114e-06      0.0000000000  1.7873406622e-07  1.7876569055e-07   0.0047722222222   0.0047722222222
 1.7859663266e-07  7.2060058173e-12  9.5517138088e-06      0.0000000000  1.7849259538e-07  1.7847553473e-07   0.0047833333333   0.0047833333333
 1.7838572654e-07  9.2915335157e-12  9.5513688132e-06      0.0000000000  1.7825157929e-07  1.7842429561e-07   0.0047944444444   0.0047944444444
 1.7802701066e-07  1.1392126495e-12  9.5510388211e-06      0.0000000000  1.7801056319e-07  1.7822301819e-07   0.0048055555556   0.0048055555556
 1.7775857571e-07 -7.2842063760e-13  9.5507088186e-06      0.0000000000  1.7776909235e-07  1.7829098588e-07   0.0048166666667   0.0048166666667
 1.7750412619e-07 -1.6588691734e-12  9.5503788196e-06      0.0000000000  1.7752807625e-07  1.7787879323e-07   0.0048277777778   0.0048277777778
 1.7732443673e-07  2.6203372907e-12  9.5500488171e-06      0.0000000000  1.7728660541e-07  1.7797677487e-07   0.0048388888889   0.0048388888889
 1.7706322178e-07  1.2212900298e-12  9.5497188181e-06      0.0000000000  1.7704558931e-07  1.7675959831e-07   0.0048500000000   0.0048500000000
 1.7668375531e-07 -8.3367958065e-12  9.5493888190e-06      0.0000000000  1.7680411847e-07  1.7653099546e-07   0.0048611111111   0.0048611111111
 1.7655028627e-07 -8.8769017279e-13  9.5490588130e-06      0.0000000000  1.7656310237e-07  1.7636778183e-07   0.0048722222222   0.0048722222222
 1.7642435529e-07  7.1150264482e-12  9.5487138069e-06      0.0000000000  1.7632163153e-07  1.7567406493e-07   0.0048833333333   0.0048833333333
 1.7609499859e-07  1.0277283571e-12  9.5483688148e-06      0.0000000000  1.7608016068e-07  1.7500770490e-07   0.0048944444444   0.0048944444444
 1.7584890640e-07  6.7613924715e-13  9.5480388262e-06      0.0000000000  1.7583914459e-07  1.7566194300e-07   0.0049055555556   0.0049055555556
 1.7550485845e-07 -6.4287292756e-12  9.5477088167e-06      0.0000000000  1.7559767375e-07  1.7647538554e-07   0.0049166666667   0.0049166666667
 1.7517871922e-07 -1.2293174168e-11  9.5473788177e-06      0.0000000000  1.7535620290e-07  1.7556127285e-07   0.0049277777778   0.0049277777778
 1.7512001024e-07  3.6558646564e-13  9.5470488222e-06      0.0000000000  1.7511473206e-07  1.7565375166e-07   0.0049388888889   0.0049388888889
 1.7482337650e-07 -3.4866966151e-12  9.5467188127e-06      0.0000000000  1.7487371596e-07  1.7457658256e-07   0.0049500000000   0.0049500000000
 1.7442600185e-07 -1.4285169069e-11  9.5463888241e-06      0.0000000000  1.7463224512e-07  1.7511513567e-07   0.0049611111111   0.0049611111111
 1.7422362879e-07 -1.1577112819e-11  9.5460588181e-06      0.0000000000  1.7439077428e-07  1.7510832789e-07   0.0049722222222   0.0049722222222
 1.7423137980e-07  5.6849117805e-12  9.5457138050e-06      0.0000000000  1.7414930343e-07  1.7499335041e-07   0.0049833333333   0.0049833333333
 1.7410501731e-07  1.3657740682e-11  9.5453688199e-06      0.0000000000  1.7390783259e-07  1.7391701459e-07   0.0049944444444   0.0049944444444
 1.7359024355e-07 -5.2722271241e-12  9.5450388208e-06      0.0000000000  1.7366636175e-07  1.7348303078e-07   0.0050055555556   0.0050055555556
 1.7330708421e-07 -8.1597256274e-12  9.5447088183e-06      0.0000000000  1.7342489090e-07  1.7322744839e-07   0.0050166666667   0.0050166666667
 1.7316997681e-07 -9.3112869636e-13  9.5443788193e-06      0.0000000000  1.7318342006e-07  1.7300702115e-07   0.0050277777778   0.0050277777778
 1.7305993087e-07  8.1718446287e-12  9.5440488203e-06      0.0000000000  1.7294194922e-07  1.7276214568e-07   0.0050388888889   0.0050388888889
 1.7284522073e-07  1.0025389701e-11  9.5437188143e-06      0.0000000000  1.7270047837e-07  1.7243985339e-07   0.0050500000000   0.0050500000000
 1.7253698968e-07  5.4013314267e-12  9.5433888257e-06      0.0000000000  1.7245900753e-07  1.7184421246e-07   0.0050611111111   0.0050611111111
 1.7235451454e-07  9.4875909176e-12  9.5430588162e-06      0.0000000000  1.7221753669e-07  1.7187952484e-07   0.0050722222222   0.0050722222222
 1.7217611879e-07  1.3856405021e-11  9.5427138101e-06      0.0000000000  1.7197606584e-07  1.7280895109e-07   0.0050833333333   0.0050833333333
 1.7191673746e-07  1.2615858650e-11  9.5423688180e-06      0.0000000000  1.7173459500e-07  1.7187139639e-07   0.0050944444444   0.0050944444444
 1.7166496018e-07  1.1933494329e-11  9.5420388224e-06      0.0000000000  1.7149266941e-07  1.7033159737e-07   0.0051055555556   0.0051055555556
 1.7135473939e-07  7.1716194314e-12  9.5417088234e-06      0.0000000000  1.7125119857e-07  1.7175431210e-07   0.0051166666667   0.0051166666667
 1.7101745688e-07  5.3534963379e-13  9.5413788139e-06      0.0000000000  1.7100972772e-07  1.7088527537e-07   0.0051277777778   0.0051277777778
 1.7071275074e-07 -3.8130626963e-12  9.5410488254e-06      0.0000000000  1.7076780213e-07  1.7100492239e-07   0.0051388888889   0.0051388888889
 1.7057723523e-07  3.5257949355e-12  9.5407188194e-06      0.0000000000  1.7052633129e-07  1.7099407398e-07   0.0051500000000   0.0051500000000
 1.7025985090e-07 -1.7322531152e-12  9.5403888204e-06      0.0000000000  1.7028486044e-07  1.7025957332e-07   0.0051611111111   0.0051611111111
 1.6998578786e-07 -3.9582117278e-12  9.5400588213e-06      0.0000000000  1.7004293485e-07  1.6932521025e-07   0.0051722222222   0.0051722222222
 1.6975031786e-07 -3.5425713091e-12  9.5397138047e-06      0.0000000000  1.6980146401e-07  1.7014212743e-07   0.0051833333333   0.0051833333333
 1.6949661710e-07 -4.3581626834e-12  9.5393688196e-06      0.0000000000  1.6955953842e-07  1.7004466463e-07   0.0051944444444   0.0051944444444
 1.6945422467e-07  9.4307423735e-12  9.5390388206e-06      0.0000000000  1.6931806758e-07  1.6931975460e-07   0.0052055555556   0.0052055555556
 1.6914593689e-07  4.8342527199e-12  9.5387088215e-06      0.0000000000  1.6907614199e-07  1.6995075508e-07   0.0052166666667   0.0052166666667
 1.6886596109e-07  2.1672571117e-12  9.5383788155e-06      0.0000000000  1.6883467114e-07  1.6843290445e-07   0.0052277777778   0.0052277777778
 1.6869775603e-07  7.2734130241e-12  9.5380488270e-06      0.0000000000  1.6859274555e-07  1.6725762794e-07   0.0052388888889   0.0052388888889
 1.6833693724e-07 -9.6156871677e-13  9.5377188175e-06      0.0000000000  1.6835081996e-07  1.6919592544e-07   0.0052500000000   0.0052500000000
 1.6788742941e-07 -1.5370977336e-11  9.5373888254e-06      0.0000000000  1.6810934912e-07  1.6904911021e-07   0.0052611111111   0.0052611111111
 1.6771365298e-07 -1.0650715370e-11  9.5370588229e-06      0.0000000000  1.6786742353e-07  1.6925442827e-07   0.0052722222222   0.0052722222222
 1.6775689884e-07  9.1013113149e-12  9.5367138063e-06      0.0000000000  1.6762549794e-07  1.6893024930e-07   0.0052833333333   0.0052833333333
 1.6730805417e-07 -5.2621645988e-12  9.5363688247e-06      0.0000000000  1.6738402709e-07  1.6863550255e-07   0.0052944444444   0.0052944444444
 1.6724371710e-07  7.0382707093e-12  9.5360388152e-06      0.0000000000  1.6714210150e-07  1.6745616967e-07   0.0053055555556   0.0053055555556
 1.6702258318e-07  8.4783786124e-12  9.5357088266e-06      0.0000000000  1.6690017591e-07  1.6690398530e-07   0.0053166666667   0.0053166666667
 1.6675090798e-07  6.4178110510e-12  9.5353788206e-06      0.0000000000  1.6665825032e-07  1.6686317010e-07   0.0053277777778   0.0053277777778
 1.6651902889e-07  7.1136684771e-12  9.5350488216e-06      0.0000000000  1.6641632473e-07  1.6746708098e-07   0.0053388888889   0.0053388888889
 1.6636196684e-07  1.2991630788e-11  9.5347188226e-06      0.0000000000  1.6617439914e-07  1.6647556720e-07   0.0053500000000   0.0053500000000
 1.6602144408e-07  6.1624267165e-12  9.5343888201e-06      0.0000000000  1.6593247355e-07  1.6484341515e-07   0.0053611111111   0.0053611111111
 1.6570485596e-07  9.5952752247e-13  9.5340588210e-06      0.0000000000  1.6569100271e-07  1.6513177862e-07   0.0053722222222   0.0053722222222
 1.6568459345e-07  1.6312729644e-11  9.5337138079e-06      0.0000000000  1.6544907712e-07  1.6518613076e-07   0.0053833333333   0.0053833333333
 1.6525536786e-07  3.3711387961e-12  9.5333688228e-06      0.0000000000  1.6520669678e-07  1.6521609754e-07   0.0053944444444   0.0053944444444
 1.6463070018e-07 -2.3138989653e-11  9.5330388168e-06      0.0000000000  1.6496477119e-07  1.6546910147e-07   0.0054055555556   0.0054055555556
 1.6444219910e-07 -1.9438611410e-11  9.5327088282e-06      0.0000000000  1.6472284560e-07  1.6433201453e-07   0.0054166666667   0.0054166666667
 1.6437826013e-07 -7.1106016735e-12  9.5323788187e-06      0.0000000000  1.6448092001e-07  1.6412378783e-07   0.0054277777778   0.0054277777778
 1.6388571594e-07 -2.4469369554e-11  9.5320488232e-06      0.0000000000  1.6423899441e-07  1.6480392062e-07   0.0054388888889   0.0054388888889
 1.6338720201e-07 -4.2241624316e-11  9.5317188242e-06      0.0000000000  1.6399706882e-07  1.6456992501e-07   0.0054500000000   0.0054500000000
 1.6342434560e-07 -2.2912263651e-11  9.5313888217e-06      0.0000000000  1.6375514323e-07  1.6365593809e-07   0.0054611111111   0.0054611111111
 1.6359156623e-07  5.4582095808e-12  9.5310588261e-06      0.0000000000  1.6351276290e-07  1.6294723780e-07   0.0054722222222   0.0054722222222
 1.6314936427e-07 -8.4136700499e-12  9.5307138026e-06      0.0000000000  1.6327083730e-07  1.6284815560e-07   0.0054833333333   0.0054833333333
 1.6282217305e-07 -1.4319482392e-11  9.5303688279e-06      0.0000000000  1.6302891171e-07  1.6279344185e-07   0.0054944444444   0.0054944444444
 1.6294163835e-07  1.0743280855e-11  9.5300388219e-06      0.0000000000  1.6278653138e-07  1.6294054009e-07   0.0055055555556   0.0055055555556
 1.6263414652e-07  6.2019215516e-12  9.5297088228e-06      0.0000000000  1.6254460579e-07  1.6244267640e-07   0.0055166666667   0.0055166666667
 1.6214796939e-07 -1.0715840539e-11  9.5293788238e-06      0.0000000000  1.6230268019e-07  1.6197738941e-07   0.0055277777778   0.0055277777778
 1.6220495445e-07  1.0019310494e-11  9.5290488213e-06      0.0000000000  1.6206029986e-07  1.6247245452e-07   0.0055388888889   0.0055388888889
 1.6200053492e-07  1.2617118743e-11  9.5287188258e-06      0.0000000000  1.6181837427e-07  1.6255002855e-07   0.0055500000000   0.0055500000000
 1.6172641542e-07  1.0418747257e-11  9.5283888198e-06      0.0000000000  1.6157599393e-07  1.6197058164e-07   0.0055611111111   0.0055611111111
 1.6168038463e-07  2.3987143612e-11  9.5280588277e-06      0.0000000000  1.6133406834e-07  1.6176246499e-07   0.0055722222222   0.0055722222222
 1.6114948012e-07  4.0028957109e-12  9.5277138042e-06      0.0000000000  1.6109168800e-07  1.6188689161e-07   0.0055833333333   0.0055833333333
 1.6090735336e-07  3.9889614422e-12  9.5273688295e-06      0.0000000000  1.6084976241e-07  1.6141430945e-07   0.0055944444444   0.0055944444444
 1.6099060392e-07  2.6543358519e-11  9.5270388200e-06      0.0000000000  1.6060738207e-07  1.6115163628e-07   0.0056055555556   0.0056055555556
 1.6038418581e-07  1.3287597366e-12  9.5267088244e-06      0.0000000000  1.6036500173e-07  1.5948675031e-07   0.0056166666667   0.0056166666667
 1.6025697091e-07  9.2740454151e-12  9.5263788254e-06      0.0000000000  1.6012307614e-07  1.5916030733e-07   0.0056277777778   0.0056277777778
 1.6028052719e-07  2.7693795758e-11  9.5260488229e-06      0.0000000000  1.5988069580e-07  1.5934537501e-07   0.0056388888889   0.0056388888889
 1.5985677358e-07  1.5131214502e-11  9.5257188309e-06      0.0000000000  1.5963831547e-07  1.6024173718e-07   0.0056500000000   0.0056500000000
 1.5947281661e-07  5.3250952460e-12  9.5253888214e-06      0.0000000000  1.5939593513e-07  1.6046210153e-07   0.0056611111111   0.0056611111111
 1.5966436947e-07  3.5349410772e-11  9.5250588293e-06      0.0000000000  1.5915400954e-07  1.5863519682e-07   0.0056722222222   0.0056722222222
 1.5937668597e-07  3.2211547051e-11  9.5247138093e-06      0.0000000000  1.5891162920e-07  1.5844168624e-07   0.0056833333333   0.0056833333333
 1.5864215724e-07 -1.8764657629e-12  9.5243688241e-06      0.0000000000  1.5866924886e-07  1.5736895084e-07   0.0056944444444   0.0056944444444
 1.5863626421e-07  1.4503517134e-11  9.5240388286e-06      0.0000000000  1.5842686852e-07  1.5777828201e-07   0.0057055555556   0.0057055555556
 1.5856032955e-07  2.6032158742e-11  9.5237088226e-06      0.0000000000  1.5818448819e-07  1.5866783640e-07   0.0057166666667   0.0057166666667
 1.5809638200e-07  1.0685596577e-11  9.5233788270e-06      0.0000000000  1.5794210785e-07  1.5805983771e-07   0.0057277777778   0.0057277777778
 1.5747921897e-07 -1.5273234176e-11  9.5230488210e-06      0.0000000000  1.5769972751e-07  1.5643853408e-07   0.0057388888889   0.0057388888889
 1.5772205234e-07  1.8334455785e-11  9.5227188290e-06      0.0000000000  1.5745734717e-07  1.5721248209e-07   0.0057500000000   0.0057500000000
 1.5773764939e-07  3.6202921130e-11  9.5223888230e-06      0.0000000000  1.5721496683e-07  1.5726133141e-07   0.0057611111111   0.0057611111111
 1.5707671052e-07  7.2120136377e-12  9.5220588275e-06      0.0000000000  1.5697258650e-07  1.5629020950e-07   0.0057722222222   0.0057722222222
 1.5684630060e-07  8.0411293225e-12  9.5217138074e-06      0.0000000000  1.5673020616e-07  1.5592038857e-07   0.0057833333333   0.0057833333333
 1.5673859532e-07  1.7369220510e-11  9.5213688257e-06      0.0000000000  1.5648782582e-07  1.5647651926e-07   0.0057944444444   0.0057944444444
 1.5651018469e-07  1.8368311008e-11  9.5210388267e-06      0.0000000000  1.5624499073e-07  1.5575288274e-07   0.0058055555556   0.0058055555556
 1.5621178941e-07  1.4488510101e-11  9.5207088242e-06      0.0000000000  1.5600261040e-07  1.5531215405e-07   0.0058166666667   0.0058166666667
 1.5594324129e-07  1.2676032563e-11  9.5203788321e-06      0.0000000000  1.5576023006e-07  1.5516114095e-07   0.0058277777778   0.0058277777778
 1.5537781333e-07 -9.6994364537e-12  9.5200488226e-06      0.0000000000  1.5551784972e-07  1.5583037816e-07   0.0058388888889   0.0058388888889
 1.5520272966e-07 -5.0067235183e-12  9.5197188306e-06      0.0000000000  1.5527501463e-07  1.5520466039e-07   0.0058500000000   0.0058500000000
 1.5525175550e-07  1.5177142517e-11  9.5193888281e-06      0.0000000000  1.5503263430e-07  1.5472317939e-07   0.0058611111111   0.0058611111111
 1.5496569703e-07  1.2151834283e-11  9.5190588221e-06      0.0000000000  1.5479025396e-07  1.5514760401e-07   0.0058722222222   0.0058722222222
 1.5441851891e-07 -8.9280865602e-12  9.5187138160e-06      0.0000000000  1.5454741887e-07  1.5431947681e-07   0.0058833333333   0.0058833333333
 1.5400710211e-07 -2.0636175145e-11  9.5183688238e-06      0.0000000000  1.5430503853e-07  1.5402801604e-07   0.0058944444444   0.0058944444444
 1.5387818214e-07 -1.2745994419e-11  9.5180388283e-06      0.0000000000  1.5406220345e-07  1.5337225287e-07   0.0059055555556   0.0059055555556
 1.5367450184e-07 -1.0065487199e-11  9.5177088258e-06      0.0000000000  1.5381982311e-07  1.5397352240e-07   0.0059166666667   0.0059166666667
 1.5310304795e-07 -3.2826837463e-11  9.5173788302e-06      0.0000000000  1.5357698803e-07  1.5299820263e-07   0.0059277777778   0.0059277777778
 1.5274336648e-07 -4.0951545804e-11  9.5170488242e-06      0.0000000000  1.5333460769e-07  1.5305263338e-07   0.0059388888889   0.0059388888889
 1.5276567225e-07 -2.2586913113e-11  9.5167188287e-06      0.0000000000  1.5309177260e-07  1.5249900255e-07   0.0059500000000   0.0059500000000
 1.5241395001e-07 -3.0160336457e-11  9.5163888262e-06      0.0000000000  1.5284939226e-07  1.5261330397e-07   0.0059611111111   0.0059611111111
 1.5198058883e-07 -4.3356876283e-11  9.5160588237e-06      0.0000000000  1.5260655718e-07  1.5198617119e-07   0.0059722222222   0.0059722222222
 1.5203871122e-07 -2.2511451851e-11  9.5157138141e-06      0.0000000000  1.5236372209e-07  1.5141637779e-07   0.0059833333333   0.0059833333333
 1.5161455977e-07 -3.5101589029e-11  9.5153688219e-06      0.0000000000  1.5212134176e-07  1.5339953113e-07   0.0059944444444   0.0059944444444
 1.5150036445e-07 -2.6191524580e-11  9.5150388334e-06      0.0000000000  1.5187850667e-07  1.5338869844e-07   0.0060055555556   0.0060055555556
 1.5151152693e-07 -8.5987167944e-12  9.5147088239e-06      0.0000000000  1.5163567159e-07  1.5052121053e-07   0.0060166666667   0.0060166666667
 1.5097947130e-07 -2.8631197993e-11  9.5143788318e-06      0.0000000000  1.5139283650e-07  1.5079858409e-07   0.0060277777778   0.0060277777778
 1.5067982551e-07 -3.2566116550e-11  9.5140488293e-06      0.0000000000  1.5115000141e-07  1.5085850193e-07   0.0060388888889   0.0060388888889
 1.5093380189e-07  1.8133798100e-12  9.5137188233e-06      0.0000000000  1.5090762108e-07  1.5011297991e-07   0.0060500000000   0.0060500000000
 1.5067076868e-07  4.1438334465e-13  9.5133888313e-06      0.0000000000  1.5066478599e-07  1.4985996026e-07   0.0060611111111   0.0060611111111
 1.5010966159e-07 -2.1630309377e-11  9.5130588253e-06      0.0000000000  1.5042195091e-07  1.5061362645e-07   0.0060722222222   0.0060722222222
 1.5033068336e-07  1.0498126987e-11  9.5127138157e-06      0.0000000000  1.5017911582e-07  1.5051498448e-07   0.0060833333333   0.0060833333333
 1.5001021065e-07  5.1206586872e-12  9.5123688270e-06      0.0000000000  1.4993628073e-07  1.4912280253e-07   0.0060944444444   0.0060944444444
 1.4937150109e-07 -2.2299067386e-11  9.5120388315e-06      0.0000000000  1.4969344565e-07  1.4963410882e-07   0.0061055555556   0.0061055555556
 1.4941649046e-07 -2.3632844816e-12  9.5117088255e-06      0.0000000000  1.4945061056e-07  1.4948458935e-07   0.0061166666667   0.0061166666667
 1.4909296701e-07 -7.9520580317e-12  9.5113788300e-06      0.0000000000  1.4920777548e-07  1.4984772828e-07   0.0061277777778   0.0061277777778
 1.4858513043e-07 -2.6275541188e-11  9.5110488274e-06      0.0000000000  1.4896448565e-07  1.4837853830e-07   0.0061388888889   0.0061388888889
 1.4831732153e-07 -2.8005319756e-11  9.5107188249e-06      0.0000000000  1.4872165056e-07  1.4889418396e-07   0.0061500000000   0.0061500000000
 1.4833445375e-07 -9.9990250893e-12  9.5103888329e-06      0.0000000000  1.4847881548e-07  1.4941655877e-07   0.0061611111111   0.0061611111111
 1.4814424759e-07 -6.3537517985e-12  9.5100588234e-06      0.0000000000  1.4823598039e-07  1.4841254573e-07   0.0061722222222   0.0061722222222
 1.4787856149e-07 -7.9364975921e-12  9.5097138173e-06      0.0000000000  1.4799314530e-07  1.4813185476e-07   0.0061833333333   0.0061833333333
 1.4769612503e-07 -3.7215683278e-12  9.5093688251e-06      0.0000000000  1.4774985547e-07  1.4810912025e-07   0.0061944444444   0.0061944444444
 1.4749278612e-07 -9.8591805875e-13  9.5090388261e-06      0.0000000000  1.4750702039e-07  1.4588499057e-07   0.0062055555556   0.0062055555556
 1.4721622204e-07 -3.3221119743e-12  9.5087088306e-06      0.0000000000  1.4726418530e-07  1.4702234480e-07   0.0062166666667   0.0062166666667
 1.4697502031e-07 -3.1774829427e-12  9.5083788281e-06      0.0000000000  1.4702089547e-07  1.4618157684e-07   0.0062277777778   0.0062277777778
 1.4692250901e-07  1.0005044863e-11  9.5080488325e-06      0.0000000000  1.4677806038e-07  1.4648078873e-07   0.0062388888889   0.0062388888889
 1.4666106770e-07  8.7163090984e-12  9.5077188265e-06      0.0000000000  1.4653522530e-07  1.4609993071e-07   0.0062500000000   0.0062500000000
 1.4642265138e-07  9.0538665968e-12  9.5073888310e-06      0.0000000000  1.4629193546e-07  1.4596121249e-07   0.0062611111111   0.0062611111111
 1.4627343538e-07  1.5538269654e-11  9.5070588285e-06      0.0000000000  1.4604910038e-07  1.4620740864e-07   0.0062722222222   0.0062722222222
 1.4612804301e-07  2.2319008730e-11  9.5067138154e-06      0.0000000000  1.4580581055e-07  1.4668036814e-07   0.0062833333333   0.0062833333333
 1.4582690472e-07  1.8280713825e-11  9.5063688267e-06      0.0000000000  1.4556297546e-07  1.4581696000e-07   0.0062944444444   0.0062944444444
 1.4552481463e-07  1.4207991344e-11  9.5060388312e-06      0.0000000000  1.4531968563e-07  1.4433008239e-07   0.0063055555556   0.0063055555556
 1.4520043851e-07  8.5916560642e-12  9.5057088287e-06      0.0000000000  1.4507639580e-07  1.4519521998e-07   0.0063166666667   0.0063166666667
 1.4491153764e-07  5.4009694773e-12  9.5053788262e-06      0.0000000000  1.4483356071e-07  1.4569316228e-07   0.0063277777778   0.0063277777778
 1.4487648023e-07  1.9823915106e-11  9.5050488341e-06      0.0000000000  1.4459027088e-07  1.4441991985e-07   0.0063388888889   0.0063388888889
 1.4442555225e-07  5.4421317106e-12  9.5047188246e-06      0.0000000000  1.4434698105e-07  1.4469880275e-07   0.0063500000000   0.0063500000000
 1.4402522202e-07 -5.4665633476e-12  9.5043888326e-06      0.0000000000  1.4410414596e-07  1.4369482116e-07   0.0063611111111   0.0063611111111
 1.4408288957e-07  1.5378855278e-11  9.5040588301e-06      0.0000000000  1.4386085613e-07  1.4316021436e-07   0.0063722222222   0.0063722222222
 1.4389836425e-07  1.9449102072e-11  9.5037138135e-06      0.0000000000  1.4361756629e-07  1.4288317097e-07   0.0063833333333   0.0063833333333
 1.4345363768e-07  5.4968505436e-12  9.5033688318e-06      0.0000000000  1.4337427646e-07  1.4326085307e-07   0.0063944444444   0.0063944444444
 1.4336604925e-07  1.6281304085e-11  9.5030388293e-06      0.0000000000  1.4313098663e-07  1.4263769804e-07   0.0064055555556   0.0064055555556
 1.4330592013e-07  2.8967689942e-11  9.5027088338e-06      0.0000000000  1.4288769680e-07  1.4137813405e-07   0.0064166666667   0.0064166666667
 1.4298791133e-07  2.3792378960e-11  9.5023788278e-06      0.0000000000  1.4264440696e-07  1.4203517073e-07   0.0064277777778   0.0064277777778
 1.4264881082e-07  1.7156178464e-11  9.5020488322e-06      0.0000000000  1.4240111713e-07  1.4280786095e-07   0.0064388888889   0.0064388888889
 1.4257395704e-07  2.8822680599e-11  9.5017188297e-06      0.0000000000  1.4215782730e-07  1.4212621881e-07   0.0064500000000   0.0064500000000
 1.4210830442e-07  1.3421013481e-11  9.5013888342e-06      0.0000000000  1.4191453747e-07  1.4156295018e-07   0.0064611111111   0.0064611111111
 1.4179158934e-07  8.3353101368e-12  9.5010438141e-06      0.0000000000  1.4167124763e-07  1.4190304017e-07   0.0064722222222   0.0064722222222
 1.4171862590e-07  2.0132744541e-11  9.5006988359e-06      0.0000000000  1.4142795780e-07  1.4101218082e-07   0.0064833333333   0.0064833333333
 1.4139942332e-07  1.4874747285e-11  9.5003688299e-06      0.0000000000  1.4118466797e-07  1.4165154558e-07   0.0064944444444   0.0064944444444
 1.4077737142e-07 -1.1359709822e-11  9.5000388274e-06      0.0000000000  1.4094137813e-07  1.4045843993e-07   0.0065055555556   0.0065055555556
 1.4048801598e-07 -1.4550383710e-11  9.4997088354e-06      0.0000000000  1.4069808830e-07  1.4099718170e-07   0.0065166666667   0.0065166666667
 1.4034829437e-07 -7.3768663338e-12  9.4993788259e-06      0.0000000000  1.4045479847e-07  1.4013603758e-07   0.0065277777778   0.0065277777778
 1.3992994278e-07 -1.9470792262e-11  9.4990488339e-06      0.0000000000  1.4021105389e-07  1.3967892621e-07   0.0065388888889   0.0065388888889
 1.3946269825e-07 -3.4982720080e-11  9.4987188313e-06      0.0000000000  1.3996776406e-07  1.4055222370e-07   0.0065500000000   0.0065500000000
 1.3940217128e-07 -2.2323890145e-11  9.4983888288e-06      0.0000000000  1.3972447422e-07  1.4046248057e-07   0.0065611111111   0.0065611111111
 1.3932397786e-07 -1.0857206638e-11  9.4980438192e-06      0.0000000000  1.3948072964e-07  1.4021710198e-07   0.0065722222222   0.0065722222222
 1.3887314928e-07 -2.5232105680e-11  9.4976988306e-06      0.0000000000  1.3923743981e-07  1.3877149552e-07   0.0065833333333   0.0065833333333
 1.3861403882e-07 -2.6327900279e-11  9.4973688315e-06      0.0000000000  1.3899414998e-07  1.3908429151e-07   0.0065944444444   0.0065944444444
 1.3857255737e-07 -1.2318410326e-11  9.4970388290e-06      0.0000000000  1.3875040540e-07  1.3902714080e-07   0.0066055555556   0.0066055555556
 1.3856893900e-07  4.2821193709e-12  9.4967088370e-06      0.0000000000  1.3850711556e-07  1.3821643395e-07   0.0066166666667   0.0066166666667
 1.3785012568e-07 -2.8622893864e-11  9.4963788310e-06      0.0000000000  1.3826337098e-07  1.3746959126e-07   0.0066277777778   0.0066277777778
 1.3792291599e-07 -6.7300170878e-12  9.4960488355e-06      0.0000000000  1.3802008115e-07  1.3835653574e-07   0.0066388888889   0.0066388888889
 1.3804260924e-07  1.8443026450e-11  9.4957188294e-06      0.0000000000  1.3777633657e-07  1.3852246934e-07   0.0066500000000   0.0066500000000
 1.3790806116e-07  2.5974881851e-11  9.4953888339e-06      0.0000000000  1.3753304674e-07  1.3754290454e-07   0.0066611111111   0.0066611111111
 1.3759271560e-07  2.1015533905e-11  9.4950438208e-06      0.0000000000  1.3728930216e-07  1.3690484473e-07   0.0066722222222   0.0066722222222
 1.3765914787e-07  4.2499526069e-11  9.4946988287e-06      0.0000000000  1.3704555758e-07  1.3667216979e-07   0.0066833333333   0.0066833333333
 1.3756917160e-07  5.3118588559e-11  9.4943688366e-06      0.0000000000  1.3680226775e-07  1.3688723571e-07   0.0066944444444   0.0066944444444
 1.3712375854e-07  3.9150286237e-11  9.4940388271e-06      0.0000000000  1.3655852317e-07  1.3672394346e-07   0.0067055555556   0.0067055555556
 1.3662422257e-07  2.1433231128e-11  9.4937088351e-06      0.0000000000  1.3631477859e-07  1.3647623796e-07   0.0067166666667   0.0067166666667
 1.3636943324e-07  2.0668231330e-11  9.4933788326e-06      0.0000000000  1.3607103401e-07  1.3553351061e-07   0.0067277777778   0.0067277777778
 1.3645535632e-07  4.3470731128e-11  9.4930488301e-06      0.0000000000  1.3582774417e-07  1.3559342846e-07   0.0067388888889   0.0067388888889
 1.3594626922e-07  2.5092130320e-11  9.4927188380e-06      0.0000000000  1.3558399959e-07  1.3532671465e-07   0.0067500000000   0.0067500000000
 1.3525650709e-07 -5.8006898983e-12  9.4923888285e-06      0.0000000000  1.3534025501e-07  1.3439626644e-07   0.0067611111111   0.0067611111111
 1.3505096586e-07 -3.1545848578e-12  9.4920438189e-06      0.0000000000  1.3509651043e-07  1.3429594218e-07   0.0067722222222   0.0067722222222
 1.3473140811e-07 -8.4056850602e-12  9.4916988303e-06      0.0000000000  1.3485276585e-07  1.3605195484e-07   0.0067833333333   0.0067833333333
 1.3445910844e-07 -1.0383515554e-11  9.4913688382e-06      0.0000000000  1.3460902127e-07  1.3410645651e-07   0.0067944444444   0.0067944444444
 1.3402165460e-07 -2.3800532878e-11  9.4910388322e-06      0.0000000000  1.3436527669e-07  1.3443565091e-07   0.0068055555556   0.0068055555556
 1.3355554741e-07 -3.9202187297e-11  9.4907088367e-06      0.0000000000  1.3412153211e-07  1.3484385008e-07   0.0068166666667   0.0068166666667
 1.3362071990e-07 -1.7805452469e-11  9.4903788342e-06      0.0000000000  1.3387778753e-07  1.3421110442e-07   0.0068277777778   0.0068277777778
 1.3354501344e-07 -6.1665120636e-12  9.4900488352e-06      0.0000000000  1.3363404295e-07  1.3436889385e-07   0.0068388888889   0.0068388888889
 1.3319391752e-07 -1.3602062182e-11  9.4897188361e-06      0.0000000000  1.3339029837e-07  1.3274719715e-07   0.0068500000000   0.0068500000000
 1.3302827179e-07 -8.1926477997e-12  9.4893888266e-06      0.0000000000  1.3314655379e-07  1.3206154581e-07   0.0068611111111   0.0068611111111
 1.3277752847e-07 -8.6774062762e-12  9.4890438240e-06      0.0000000000  1.3290280921e-07  1.3226051205e-07   0.0068722222222   0.0068722222222
 1.3234472707e-07 -2.1740680953e-11  9.4886988284e-06      0.0000000000  1.3265860989e-07  1.3280849856e-07   0.0068833333333   0.0068833333333
 1.3237806240e-07 -2.5491046211e-12  9.4883688363e-06      0.0000000000  1.3241486531e-07  1.3306148677e-07   0.0068944444444   0.0068944444444
 1.3219132470e-07  1.3994017414e-12  9.4880388338e-06      0.0000000000  1.3217112073e-07  1.3223021510e-07   0.0069055555556   0.0069055555556
 1.3167302787e-07 -1.7585601716e-11  9.4877088313e-06      0.0000000000  1.3192692140e-07  1.3140575120e-07   0.0069166666667   0.0069166666667
 1.3132312574e-07 -2.4938465561e-11  9.4873788393e-06      0.0000000000  1.3168317682e-07  1.3177719153e-07   0.0069277777778   0.0069277777778
 1.3130950169e-07 -8.9994688639e-12  9.4870488298e-06      0.0000000000  1.3143943224e-07  1.3234324302e-07   0.0069388888889   0.0069388888889
 1.3099297161e-07 -1.4009363398e-11  9.4867188378e-06      0.0000000000  1.3119523291e-07  1.3061944543e-07   0.0069500000000   0.0069500000000
 1.3079986658e-07 -1.0501881332e-11  9.4863888352e-06      0.0000000000  1.3095148833e-07  1.3021946905e-07   0.0069611111111   0.0069611111111
 1.3051029857e-07 -1.3644283826e-11  9.4860438221e-06      0.0000000000  1.3070728900e-07  1.3098846452e-07   0.0069722222222   0.0069722222222
 1.3029739475e-07 -1.1508139153e-11  9.4856988370e-06      0.0000000000  1.3046354442e-07  1.3057990374e-07   0.0069833333333   0.0069833333333
 1.3014641695e-07 -5.0512724278e-12  9.4853688379e-06      0.0000000000  1.3021934510e-07  1.3094187922e-07   0.0069944444444   0.0069944444444
 1.2996087303e-07 -1.0200797928e-12  9.4850388354e-06      0.0000000000  1.2997560052e-07  1.2911049365e-07   0.0070055555556   0.0070055555556
 1.2978203809e-07  3.5072986944e-12  9.4847088364e-06      0.0000000000  1.2973140119e-07  1.3035409946e-07   0.0070166666667   0.0070166666667
 1.2959171875e-07  7.2077277334e-12  9.4843788374e-06      0.0000000000  1.2948765661e-07  1.2952972990e-07   0.0070277777778   0.0070277777778
 1.2945705750e-07  1.4794738882e-11  9.4840488314e-06      0.0000000000  1.2924345728e-07  1.2913236343e-07   0.0070388888889   0.0070388888889
 1.2937015158e-07  2.5689460016e-11  9.4837188428e-06      0.0000000000  1.2899925795e-07  1.2899768585e-07   0.0070500000000   0.0070500000000
 1.2913725044e-07  2.6440517094e-11  9.4833888333e-06      0.0000000000  1.2875551337e-07  1.2909565176e-07   0.0070611111111   0.0070611111111
 1.2896528033e-07  3.1443378660e-11  9.4830438202e-06      0.0000000000  1.2851131405e-07  1.2883337165e-07   0.0070722222222   0.0070722222222
 1.2882972347e-07  3.8968356598e-11  9.4826988351e-06      0.0000000000  1.2826711472e-07  1.2760591268e-07   0.0070833333333   0.0070833333333
 1.2852513236e-07  3.4785398814e-11  9.4823688326e-06      0.0000000000  1.2802291539e-07  1.2847939884e-07   0.0070944444444   0.0070944444444
 1.2802917802e-07  1.7316421027e-11  9.4820388405e-06      0.0000000000  1.2777917081e-07  1.2874584537e-07   0.0071055555556   0.0071055555556
 1.2801669104e-07  3.3365672618e-11  9.4817088310e-06      0.0000000000  1.2753497148e-07  1.2755401323e-07   0.0071166666667   0.0071166666667
 1.2783944800e-07  3.8003311806e-11  9.4813788390e-06      0.0000000000  1.2729077216e-07  1.2730915347e-07   0.0071277777778   0.0071277777778
 1.2730483462e-07  1.7888163926e-11  9.4810488365e-06      0.0000000000  1.2704657283e-07  1.2813636878e-07   0.0071388888889   0.0071388888889
 1.2694731438e-07  1.0039139626e-11  9.4807188375e-06      0.0000000000  1.2680237350e-07  1.2719488349e-07   0.0071500000000   0.0071500000000
 1.2667376447e-07  8.0062099870e-12  9.4803888350e-06      0.0000000000  1.2655817417e-07  1.2668884419e-07   0.0071611111111   0.0071611111111
 1.2631903018e-07  3.5015116637e-13  9.4800438218e-06      0.0000000000  1.2631397485e-07  1.2676314798e-07   0.0071722222222   0.0071722222222
 1.2588072367e-07 -1.3094427887e-11  9.4796988367e-06      0.0000000000  1.2606977552e-07  1.2581255946e-07   0.0071833333333   0.0071833333333
 1.2560518376e-07 -1.5265192655e-11  9.4793688377e-06      0.0000000000  1.2582557619e-07  1.2595146635e-07   0.0071944444444   0.0071944444444
 1.2543589967e-07 -1.0076286976e-11  9.4790388386e-06      0.0000000000  1.2558137686e-07  1.2521794048e-07   0.0072055555556   0.0072055555556
 1.2479855564e-07 -3.7275440852e-11  9.4787088326e-06      0.0000000000  1.2533672279e-07  1.2576231085e-07   0.0072166666667   0.0072166666667
 1.2467941473e-07 -2.8613434137e-11  9.4783788441e-06      0.0000000000  1.2509252346e-07  1.2537440923e-07   0.0072277777778   0.0072277777778
 1.2478950039e-07 -4.0743491700e-12  9.4780488346e-06      0.0000000000  1.2484832413e-07  1.2489005103e-07   0.0072388888889   0.0072388888889
 1.2436552043e-07 -1.6526618930e-11  9.4777188356e-06      0.0000000000  1.2460412481e-07  1.2431455043e-07   0.0072500000000   0.0072500000000
 1.2405615389e-07 -2.1040340310e-11  9.4773888400e-06      0.0000000000  1.2435992548e-07  1.2415127390e-07   0.0072611111111   0.0072611111111
 1.2434775321e-07  1.6102547392e-11  9.4770438200e-06      0.0000000000  1.2411527140e-07  1.2323596631e-07   0.0072722222222   0.0072722222222
 1.2418632895e-07  2.1835853715e-11  9.4766988418e-06      0.0000000000  1.2387107208e-07  1.2345335914e-07   0.0072833333333   0.0072833333333
 1.2363778687e-07  7.5595246259e-13  9.4763688323e-06      0.0000000000  1.2362687275e-07  1.2296090394e-07   0.0072944444444   0.0072944444444
 1.2354007959e-07  1.0934028753e-11  9.4760388402e-06      0.0000000000  1.2338221867e-07  1.2308190308e-07   0.0073055555556   0.0073055555556
 1.2355942949e-07  2.9188420333e-11  9.4757088377e-06      0.0000000000  1.2313801935e-07  1.2326978507e-07   0.0073166666667   0.0073166666667
 1.2329020044e-07  2.7486266989e-11  9.4753788387e-06      0.0000000000  1.2289336527e-07  1.2318815467e-07   0.0073277777778   0.0073277777778
 1.2303694656e-07  2.6859115020e-11  9.4750488362e-06      0.0000000000  1.2264916594e-07  1.2288334563e-07   0.0073388888889   0.0073388888889
 1.2265509409e-07  1.7356248426e-11  9.4747188372e-06      0.0000000000  1.2240451187e-07  1.2181656899e-07   0.0073500000000   0.0073500000000
 1.2238870745e-07  1.5819473435e-11  9.4743888382e-06      0.0000000000  1.2216031254e-07  1.2230641428e-07   0.0073611111111   0.0073611111111
 1.2220994858e-07  2.0383618188e-11  9.4740438181e-06      0.0000000000  1.2191565847e-07  1.2318625227e-07   0.0073722222222   0.0073722222222
 1.2191272933e-07  1.6742760455e-11  9.4736988399e-06      0.0000000000  1.2167100439e-07  1.2147094475e-07   0.0073833333333   0.0073833333333
 1.2167778147e-07  1.7383551025e-11  9.4733688339e-06      0.0000000000  1.2142680507e-07  1.2217566729e-07   0.0073944444444   0.0073944444444
 1.2140775647e-07  1.5626267331e-11  9.4730388453e-06      0.0000000000  1.2118215099e-07  1.2127377086e-07   0.0074055555556   0.0074055555556
 1.2118628275e-07  1.7231823972e-11  9.4727088358e-06      0.0000000000  1.2093749692e-07  1.2008179722e-07   0.0074166666667   0.0074166666667
 1.2113121397e-07  3.0331703602e-11  9.4723788403e-06      0.0000000000  1.2069329759e-07  1.2122478004e-07   0.0074277777778   0.0074277777778
 1.2084566838e-07  2.7499405835e-11  9.4720488413e-06      0.0000000000  1.2044864351e-07  1.2150781364e-07   0.0074388888889   0.0074388888889
 1.2063812362e-07  3.0069734354e-11  9.4717188318e-06      0.0000000000  1.2020398944e-07  1.2110362367e-07   0.0074500000000   0.0074500000000
 1.2033825121e-07  2.6245108787e-11  9.4713888433e-06      0.0000000000  1.1995933536e-07  1.2081780721e-07   0.0074611111111   0.0074611111111
 1.2010105837e-07  2.6761901153e-11  9.4710438197e-06      0.0000000000  1.1971468129e-07  1.2027254067e-07   0.0074722222222   0.0074722222222
 1.1970985357e-07  1.6611257569e-11  9.4706988415e-06      0.0000000000  1.1947002721e-07  1.2007906153e-07   0.0074833333333   0.0074833333333
 1.1948007951e-07  1.7610404670e-11  9.4703688390e-06      0.0000000000  1.1922582789e-07  1.1948593617e-07   0.0074944444444   0.0074944444444
 1.1908310455e-07  7.0600984319e-12  9.4700388400e-06      0.0000000000  1.1898117381e-07  1.1905720363e-07   0.0075055555556   0.0075055555556
 1.1884969186e-07  7.8387183237e-12  9.4697088374e-06      0.0000000000  1.1873651974e-07  1.1813202241e-07   0.0075166666667   0.0075166666667
 1.1877466844e-07  1.9587963334e-11  9.4693788384e-06      0.0000000000  1.1849186566e-07  1.1795638813e-07   0.0075277777778   0.0075277777778
 1.1850344966e-07  1.7747993367e-11  9.4690488394e-06      0.0000000000  1.1824721159e-07  1.1852792670e-07   0.0075388888889   0.0075388888889
 1.1822739845e-07  1.5604809919e-11  9.4687188334e-06      0.0000000000  1.1800210277e-07  1.1823817966e-07   0.0075500000000   0.0075500000000
 1.1816232400e-07  2.8043156550e-11  9.4683888449e-06      0.0000000000  1.1775744869e-07  1.1796869872e-07   0.0075611111111   0.0075611111111
 1.1806823174e-07  3.8471623455e-11  9.4680438213e-06      0.0000000000  1.1751279462e-07  1.1693504906e-07   0.0075722222222   0.0075722222222
 1.1786861255e-07  4.1590905175e-11  9.4676988466e-06      0.0000000000  1.1726814054e-07  1.1667193567e-07   0.0075833333333   0.0075833333333
 1.1747402543e-07  3.1205989987e-11  9.4673688371e-06      0.0000000000  1.1702348647e-07  1.1712363856e-07   0.0075944444444   0.0075944444444
 1.1711843847e-07  2.3522369437e-11  9.4670388416e-06      0.0000000000  1.1677883239e-07  1.1691819471e-07   0.0076055555556   0.0076055555556
 1.1686387735e-07  2.2867668437e-11  9.4667088425e-06      0.0000000000  1.1653372357e-07  1.1638762856e-07   0.0076166666667   0.0076166666667
 1.1631527882e-07  1.8153543118e-12  9.4663788330e-06      0.0000000000  1.1628906950e-07  1.1564880426e-07   0.0076277777778   0.0076277777778
 1.1641137906e-07  2.5417254528e-11  9.4660488445e-06      0.0000000000  1.1604441542e-07  1.1592103661e-07   0.0076388888889   0.0076388888889
 1.1626227782e-07  3.2067093624e-11  9.4657188385e-06      0.0000000000  1.1579930660e-07  1.1689245724e-07   0.0076500000000   0.0076500000000
 1.1560065802e-07  3.1865103265e-12  9.4653888395e-06      0.0000000000  1.1555465252e-07  1.1636995664e-07   0.0076611111111   0.0076611111111
 1.1544124338e-07  9.1220051714e-12  9.4650438264e-06      0.0000000000  1.1530954370e-07  1.1550812074e-07   0.0076722222222   0.0076722222222
 1.1537255389e-07  2.1309961187e-11  9.4646988412e-06      0.0000000000  1.1506488963e-07  1.1489631724e-07   0.0076833333333   0.0076833333333
 1.1505875304e-07  1.6520600754e-11  9.4643688387e-06      0.0000000000  1.1482023555e-07  1.1499972309e-07   0.0076944444444   0.0076944444444
 1.1450850588e-07 -4.6144054513e-12  9.4640388397e-06      0.0000000000  1.1457512673e-07  1.1490051511e-07   0.0077055555556   0.0077055555556
 1.1403665741e-07 -2.0319229448e-11  9.4637088407e-06      0.0000000000  1.1433001791e-07  1.1500118526e-07   0.0077166666667   0.0077166666667
 1.1411524731e-07  2.0698400725e-12  9.4633788346e-06      0.0000000000  1.1408536383e-07  1.1475208048e-07   0.0077277777778   0.0077277777778
 1.1410941259e-07  1.8642846136e-11  9.4630488461e-06      0.0000000000  1.1384025501e-07  1.1404451219e-07   0.0077388888889   0.0077388888889
 1.1357036517e-07 -1.7479222909e-12  9.4627188366e-06      0.0000000000  1.1359560094e-07  1.1409622298e-07   0.0077500000000   0.0077500000000
 1.1330386508e-07 -3.2295600405e-12  9.4623888446e-06      0.0000000000  1.1335049211e-07  1.1404723216e-07   0.0077611111111   0.0077611111111
 1.1338936301e-07  1.9669482546e-11  9.4620438280e-06      0.0000000000  1.1310538329e-07  1.1304840749e-07   0.0077722222222   0.0077722222222
 1.1317206782e-07  2.1564459647e-11  9.4616988428e-06      0.0000000000  1.1286072922e-07  1.1267020655e-07   0.0077833333333   0.0077833333333
 1.1282915905e-07  1.4790474818e-11  9.4613688438e-06      0.0000000000  1.1261562039e-07  1.1182940714e-07   0.0077944444444   0.0077944444444
 1.1267408860e-07  2.1026864045e-11  9.4610388343e-06      0.0000000000  1.1237051157e-07  1.1220633457e-07   0.0078055555556   0.0078055555556
 1.1246409927e-07  2.3459370135e-11  9.4607088492e-06      0.0000000000  1.1212540275e-07  1.1238050668e-07   0.0078166666667   0.0078166666667
 1.1179685138e-07 -5.7795384878e-12  9.4603788397e-06      0.0000000000  1.1188029393e-07  1.1286624844e-07   0.0078277777778   0.0078277777778
 1.1152358586e-07 -7.7297749625e-12  9.4600488407e-06      0.0000000000  1.1163518511e-07  1.1277906805e-07   0.0078388888889   0.0078388888889
 1.1133468852e-07 -3.8363608537e-12  9.4597188417e-06      0.0000000000  1.1139007628e-07  1.1124834082e-07   0.0078500000000   0.0078500000000
 1.1107057655e-07 -5.1525890459e-12  9.4593888392e-06      0.0000000000  1.1114496746e-07  1.1030128983e-07   0.0078611111111   0.0078611111111
 1.1074487013e-07 -1.0766572938e-11  9.4590438261e-06      0.0000000000  1.1090031339e-07  1.1060377197e-07   0.0078722222222   0.0078722222222
 1.1062154644e-07 -2.2997883901e-12  9.4586988409e-06      0.0000000000  1.1065474982e-07  1.1122662827e-07   0.0078833333333   0.0078833333333
 1.1025595407e-07 -1.0644923433e-11  9.4583688454e-06      0.0000000000  1.1040964100e-07  1.1029047286e-07   0.0078944444444   0.0078944444444
 1.0990468797e-07 -1.7997767688e-11  9.4580388359e-06      0.0000000000  1.1016453217e-07  1.0851056223e-07   0.0079055555556   0.0079055555556
 1.0954307507e-07 -2.6067269486e-11  9.4577088473e-06      0.0000000000  1.0991942335e-07  1.1023602639e-07   0.0079166666667   0.0079166666667
 1.0923996268e-07 -3.0084810822e-11  9.4573788379e-06      0.0000000000  1.0967431453e-07  1.1047676689e-07   0.0079277777778   0.0079277777778
 1.0924407691e-07 -1.2822703138e-11  9.4570488423e-06      0.0000000000  1.0942920571e-07  1.0929572027e-07   0.0079388888889   0.0079388888889
 1.0935842698e-07  1.2074745252e-11  9.4567188433e-06      0.0000000000  1.0918409689e-07  1.0862627867e-07   0.0079500000000   0.0079500000000
 1.0885036378e-07 -6.1384449149e-12  9.4563888408e-06      0.0000000000  1.0893898806e-07  1.0834855922e-07   0.0079611111111   0.0079611111111
 1.0855127406e-07 -9.8458630174e-12  9.4560438312e-06      0.0000000000  1.0869342449e-07  1.0818394630e-07   0.0079722222222   0.0079722222222
 1.0833959318e-07 -7.5305204890e-12  9.4556988355e-06      0.0000000000  1.0844831567e-07  1.0876774830e-07   0.0079833333333   0.0079833333333
 1.0823864564e-07  2.4546215269e-12  9.4553688505e-06      0.0000000000  1.0820320685e-07  1.0835418782e-07   0.0079944444444   0.0079944444444
 1.0789289447e-07 -4.4847416547e-12  9.4550388410e-06      0.0000000000  1.0795764328e-07  1.0817048797e-07   0.0080055555556   0.0080055555556
 1.0758102690e-07 -9.1086983382e-12  9.4547088420e-06      0.0000000000  1.0771253446e-07  1.0763141603e-07   0.0080166666667   0.0080166666667
 1.0761930941e-07  1.0551527514e-11  9.4543788464e-06      0.0000000000  1.0746697089e-07  1.0719872146e-07   0.0080277777778   0.0080277777778
 1.0762342364e-07  2.7813635198e-11  9.4540488404e-06      0.0000000000  1.0722186207e-07  1.0705720465e-07   0.0080388888889   0.0080388888889
 1.0716510603e-07  1.3046008652e-11  9.4537188449e-06      0.0000000000  1.0697675324e-07  1.0709257992e-07   0.0080500000000   0.0080500000000
 1.0689098811e-07  1.1068228954e-11  9.4533888389e-06      0.0000000000  1.0673118967e-07  1.0750079481e-07   0.0080611111111   0.0080611111111
 1.0692549020e-07  3.0466608775e-11  9.4530438328e-06      0.0000000000  1.0648562610e-07  1.0597863627e-07   0.0080722222222   0.0080722222222
 1.0665122968e-07  2.8447454736e-11  9.4526988371e-06      0.0000000000  1.0624051728e-07  1.0576729654e-07   0.0080833333333   0.0080833333333
 1.0626886619e-07  1.8972187968e-11  9.4523688486e-06      0.0000000000  1.0599495371e-07  1.0649127895e-07   0.0080944444444   0.0080944444444
 1.0621050044e-07  3.1906701945e-11  9.4520388426e-06      0.0000000000  1.0574984489e-07  1.0540260110e-07   0.0081055555556   0.0081055555556
 1.0583370833e-07  2.2817329124e-11  9.4517088436e-06      0.0000000000  1.0550428132e-07  1.0669254065e-07   0.0081166666667   0.0081166666667
 1.0534110927e-07  5.7067401572e-12  9.4513788446e-06      0.0000000000  1.0525871775e-07  1.0623535067e-07   0.0081277777778   0.0081277777778
 1.0508973194e-07  5.2725605584e-12  9.4510488420e-06      0.0000000000  1.0501360893e-07  1.0441745487e-07   0.0081388888889   0.0081388888889
 1.0508583050e-07  2.2010970372e-11  9.4507188500e-06      0.0000000000  1.0476804536e-07  1.0445555010e-07   0.0081500000000   0.0081500000000
 1.0468157882e-07  1.1019646729e-11  9.4503888405e-06      0.0000000000  1.0452248179e-07  1.0490465880e-07   0.0081611111111   0.0081611111111
 1.0409642045e-07 -1.2501941311e-11  9.4500438344e-06      0.0000000000  1.0427691822e-07  1.0454659818e-07   0.0081722222222   0.0081722222222
 1.0380502437e-07 -1.5676469706e-11  9.4496988422e-06      0.0000000000  1.0403135465e-07  1.0378062140e-07   0.0081833333333   0.0081833333333
 1.0357195334e-07 -1.4842688259e-11  9.4493688432e-06      0.0000000000  1.0378624583e-07  1.0226744031e-07   0.0081944444444   0.0081944444444
 1.0368266478e-07  9.8342329215e-12  9.4490388477e-06      0.0000000000  1.0354068226e-07  1.0286477925e-07   0.0082055555556   0.0082055555556
 1.0326488251e-07 -2.0942696659e-12  9.4487088417e-06      0.0000000000  1.0329511869e-07  1.0355874771e-07   0.0082166666667   0.0082166666667
 1.0250763861e-07 -3.7535135691e-11  9.4483788462e-06      0.0000000000  1.0304955512e-07  1.0293018419e-07   0.0082277777778   0.0082277777778
 1.0269635090e-07 -7.4555882243e-12  9.4480488436e-06      0.0000000000  1.0280399155e-07  1.0293008986e-07   0.0082388888889   0.0082388888889
 1.0257425467e-07  1.0962143932e-12  9.4477188481e-06      0.0000000000  1.0255842798e-07  1.0206740495e-07   0.0082500000000   0.0082500000000
 1.0214174774e-07 -1.1852171917e-11  9.4473888421e-06      0.0000000000  1.0231286441e-07  1.0239397372e-07   0.0082611111111   0.0082611111111
 1.0198464063e-07 -5.6938539943e-12  9.4470438325e-06      0.0000000000  1.0206684610e-07  1.0293997921e-07   0.0082722222222   0.0082722222222
 1.0185491675e-07  2.3296299784e-12  9.4466988438e-06      0.0000000000  1.0182128253e-07  1.0184425775e-07   0.0082833333333   0.0082833333333
 1.0161661545e-07  2.8326420224e-12  9.4463688448e-06      0.0000000000  1.0157571896e-07  1.0188779292e-07   0.0082944444444   0.0082944444444
 1.0136319167e-07  2.2882144218e-12  9.4460388458e-06      0.0000000000  1.0133015539e-07  9.9695469537e-08   0.0083055555556   0.0083055555556
 1.0107395125e-07 -7.3700492068e-13  9.4457088433e-06      0.0000000000  1.0108459182e-07  1.0089027320e-07   0.0083166666667   0.0083166666667
 1.0064462812e-07 -1.3464869829e-11  9.4453788512e-06      0.0000000000  1.0083902825e-07  1.0199656008e-07   0.0083277777778   0.0083277777778
 1.0052605679e-07 -4.6374212672e-12  9.4450488418e-06      0.0000000000  1.0059300993e-07  1.0079914651e-07   0.0083388888889   0.0083388888889
 1.0025472483e-07 -6.4222354856e-12  9.4447188497e-06      0.0000000000  1.0034744636e-07  1.0005604573e-07   0.0083500000000   0.0083500000000
 1.0003472982e-07 -4.6512623955e-12  9.4443888472e-06      0.0000000000  1.0010188279e-07  9.9598855745e-08   0.0083611111111   0.0083611111111
 9.9482711593e-08 -2.5845944616e-11  9.4440438306e-06      0.0000000000  9.9855864476e-08  9.9716694699e-08   0.0083722222222   0.0083722222222
 9.9472906661e-08 -9.5164321142e-12  9.4436988489e-06      0.0000000000  9.9610300907e-08  9.9966239712e-08   0.0083833333333   0.0083833333333
 9.9430346444e-08  4.5758261118e-12  9.4433688464e-06      0.0000000000  9.9364282590e-08  9.9612455571e-08   0.0083944444444   0.0083944444444
 9.8949686082e-08 -1.1707844612e-11  9.4430388474e-06      0.0000000000  9.9118719021e-08  9.8040614423e-08   0.0084055555556   0.0084055555556
 9.8591541642e-08 -1.9474113337e-11  9.4427088449e-06      0.0000000000  9.8872700704e-08  9.8655782501e-08   0.0084166666667   0.0084166666667
 9.8510435566e-08 -8.0831809537e-12  9.4423788494e-06      0.0000000000  9.8627137134e-08  9.9113051098e-08   0.0084277777778   0.0084277777778
 9.8063943478e-08 -2.1968733509e-11  9.4420488434e-06      0.0000000000  9.8381118817e-08  9.8323710914e-08   0.0084388888889   0.0084388888889
 9.7964133005e-08 -1.1873336599e-11  9.4417188478e-06      0.0000000000  9.8135555248e-08  9.7791714025e-08   0.0084500000000   0.0084500000000
 9.8048920593e-08  1.1039500093e-11  9.4413888453e-06      0.0000000000  9.7889536931e-08  9.8461312852e-08   0.0084611111111   0.0084611111111
 9.7648913973e-08  3.4220498453e-13  9.4410438322e-06      0.0000000000  9.7643973362e-08  9.7940368770e-08   0.0084722222222   0.0084722222222
 9.7701599093e-08  2.1031506397e-11  9.4406988470e-06      0.0000000000  9.7397955045e-08  9.6924721194e-08   0.0084833333333   0.0084833333333
 9.7554374679e-08  2.7874336370e-11  9.4403688410e-06      0.0000000000  9.7151936728e-08  9.7632383811e-08   0.0084944444444   0.0084944444444
 9.7177128002e-08  1.8784976248e-11  9.4400388525e-06      0.0000000000  9.6905918411e-08  9.6841691506e-08   0.0085055555556   0.0085055555556
 9.6882714053e-08  1.5401418881e-11  9.4397088430e-06      0.0000000000  9.6660354842e-08  9.5815651462e-08   0.0085166666667   0.0085166666667
 9.6610131306e-08  1.3561468505e-11  9.4393788510e-06      0.0000000000  9.6414336525e-08  9.6166857139e-08   0.0085277777778   0.0085277777778
 9.6509866537e-08  2.3656896619e-11  9.4390488484e-06      0.0000000000  9.6168318208e-08  9.5791156053e-08   0.0085388888889   0.0085388888889
 9.6058598756e-08  9.4405619622e-12  9.4387188459e-06      0.0000000000  9.5922299891e-08  9.5626590299e-08   0.0085500000000   0.0085500000000
 9.5745026114e-08  4.7615003262e-12  9.4383888504e-06      0.0000000000  9.5676281574e-08  9.4883583857e-08   0.0085611111111   0.0085611111111
 9.5232903651e-08 -1.3669854047e-11  9.4380438303e-06      0.0000000000  9.5430263258e-08  9.5136084671e-08   0.0085722222222   0.0085722222222
 9.5010430946e-08 -1.2038998172e-11  9.4376988486e-06      0.0000000000  9.5184244941e-08  9.5192402100e-08   0.0085833333333   0.0085833333333
 9.4902206688e-08 -2.4948735610e-12  9.4373688461e-06      0.0000000000  9.4938226624e-08  9.3543018361e-08   0.0085944444444   0.0085944444444
 9.4583062405e-08 -7.5598476498e-12  9.4370388506e-06      0.0000000000  9.4692208307e-08  9.4763889667e-08   0.0086055555556   0.0086055555556
 9.4120651875e-08 -2.2547970200e-11  9.4367088446e-06      0.0000000000  9.4446189990e-08  9.3754043636e-08   0.0086166666667   0.0086166666667
 9.3964274183e-08 -1.6339130002e-11  9.4363788526e-06      0.0000000000  9.4200171673e-08  9.4505225695e-08   0.0086277777778   0.0086277777778
 9.3938428357e-08 -1.0891714311e-12  9.4360488466e-06      0.0000000000  9.3954153357e-08  9.3275062485e-08   0.0086388888889   0.0086388888889
 9.3616100278e-08 -6.3746669214e-12  9.4357188440e-06      0.0000000000  9.3708135040e-08  9.3696877200e-08   0.0086500000000   0.0086500000000
 9.3356650554e-08 -7.3049757695e-12  9.4353888520e-06      0.0000000000  9.3462116723e-08  9.3484468359e-08   0.0086611111111   0.0086611111111
 9.3301620739e-08  5.9235921402e-12  9.4350438284e-06      0.0000000000  9.3216098406e-08  9.3484436914e-08   0.0086722222222   0.0086722222222
 9.3051400094e-08  5.6640208278e-12  9.4346988537e-06      0.0000000000  9.2969625342e-08  9.3220631736e-08   0.0086833333333   0.0086833333333
 9.2745786406e-08  1.5362256829e-12  9.4343688442e-06      0.0000000000  9.2723607025e-08  9.2401371936e-08   0.0086944444444   0.0086944444444
 9.2387641966e-08 -6.2300430430e-12  9.4340388487e-06      0.0000000000  9.2477588708e-08  9.3472236377e-08   0.0087055555556   0.0087055555556
 9.2219325576e-08 -8.4812108875e-13  9.4337088497e-06      0.0000000000  9.2231570391e-08  9.2258487291e-08   0.0087166666667   0.0087166666667
 9.2261076539e-08  1.9115337835e-11  9.4333788472e-06      0.0000000000  9.1985097327e-08  9.2025780906e-08   0.0087277777778   0.0087277777778
 9.1861145988e-08  8.4548089929e-12  9.4330488517e-06      0.0000000000  9.1739079010e-08  9.2444828489e-08   0.0087388888889   0.0087388888889
 9.1545129044e-08  3.6379434329e-12  9.4327188457e-06      0.0000000000  9.1492605946e-08  9.2893890024e-08   0.0087500000000   0.0087500000000
 9.1405067635e-08  1.0976909547e-11  9.4323888536e-06      0.0000000000  9.1246587629e-08  9.2828563692e-08   0.0087611111111   0.0087611111111
 9.1090907905e-08  6.2886814715e-12  9.4320438335e-06      0.0000000000  9.1000114565e-08  9.1832804880e-08   0.0087722222222   0.0087722222222
 9.0675191436e-08 -5.4652382274e-12  9.4316988553e-06      0.0000000000  9.0754096248e-08  9.1697639905e-08   0.0087833333333   0.0087833333333
 9.0696248532e-08  1.3064887106e-11  9.4313688458e-06      0.0000000000  9.0507623184e-08  9.1414606303e-08   0.0087944444444   0.0087944444444
 9.0414114667e-08  1.0563391031e-11  9.4310388538e-06      0.0000000000  9.0261604867e-08  9.1827003335e-08   0.0088055555556   0.0088055555556
 9.0063077043e-08  3.3208640798e-12  9.4307088478e-06      0.0000000000  9.0015131803e-08  9.0147605645e-08   0.0088166666667   0.0088166666667
 8.9925801588e-08  1.0852795674e-11  9.4303788453e-06      0.0000000000  8.9769113486e-08  8.8939107821e-08   0.0088277777778   0.0088277777778
 8.9726785380e-08  1.4139832531e-11  9.4300488533e-06      0.0000000000  8.9522640422e-08  9.0577706034e-08   0.0088388888889   0.0088388888889
 8.9475238153e-08  1.3788377301e-11  9.4297188438e-06      0.0000000000  8.9276167358e-08  9.0866195289e-08   0.0088500000000   0.0088500000000
 8.9339952437e-08  2.1458125518e-11  9.4293888517e-06      0.0000000000  8.9030149041e-08  9.0221154761e-08   0.0088611111111   0.0088611111111
 8.9040252043e-08  1.7771404381e-11  9.4290438316e-06      0.0000000000  8.8783675977e-08  8.8614205623e-08   0.0088722222222   0.0088722222222
 8.8823327387e-08  1.9818036115e-11  9.4286988500e-06      0.0000000000  8.8537202913e-08  8.8338907413e-08   0.0088833333333   0.0088833333333
 8.8494177421e-08  1.4091529027e-11  9.4283688509e-06      0.0000000000  8.8290729849e-08  8.7514349183e-08   0.0088944444444   0.0088944444444
 8.8281630618e-08  1.6441386940e-11  9.4280388484e-06      0.0000000000  8.8044256784e-08  8.7802822715e-08   0.0089055555556   0.0089055555556
 8.8049242351e-08  1.7385454486e-11  9.4277088529e-06      0.0000000000  8.7798238468e-08  8.7438142991e-08   0.0089166666667   0.0089166666667
 8.7901165265e-08  2.4200722730e-11  9.4273788469e-06      0.0000000000  8.7551765403e-08  8.6988987123e-08   0.0089277777778   0.0089277777778
 8.7813578419e-08  3.5205768059e-11  9.4270488549e-06      0.0000000000  8.7305292339e-08  8.5622526929e-08   0.0089388888889   0.0089388888889
 8.7538551370e-08  3.3228013759e-11  9.4267188489e-06      0.0000000000  8.7058819275e-08  8.5615797766e-08   0.0089500000000   0.0089500000000
 8.7177166678e-08  2.5268810759e-11  9.4263888533e-06      0.0000000000  8.6812346211e-08  8.6718169781e-08   0.0089611111111   0.0089611111111
 8.6882076054e-08  2.1901379295e-11  9.4260438332e-06      0.0000000000  8.6565873147e-08  8.6623206835e-08   0.0089722222222   0.0089722222222
 8.6836838816e-08  3.5839714586e-11  9.4256988551e-06      0.0000000000  8.6319400083e-08  8.5844400620e-08   0.0089833333333   0.0089833333333
 8.6514056440e-08  3.0554250301e-11  9.4253688525e-06      0.0000000000  8.6072927018e-08  8.5681108375e-08   0.0089944444444   0.0089944444444
 8.6125212182e-08  2.0693096478e-11  9.4250388465e-06      0.0000000000  8.5826453954e-08  8.5106739775e-08   0.0090055555556   0.0090055555556
 8.5807148776e-08  1.5765982916e-11  9.4247088545e-06      0.0000000000  8.5579526143e-08  8.3781173393e-08   0.0090166666667   0.0090166666667
 8.5805123891e-08  3.2697365101e-11  9.4243788450e-06      0.0000000000  8.5333053078e-08  8.5949142863e-08   0.0090277777778   0.0090277777778
 8.5526515205e-08  3.0471533477e-11  9.4240488530e-06      0.0000000000  8.5086580014e-08  8.5132618750e-08   0.0090388888889   0.0090388888889
 8.4980873839e-08  9.7500337435e-12  9.4237188505e-06      0.0000000000  8.4840106950e-08  8.4359519746e-08   0.0090500000000   0.0090500000000
 8.4802949607e-08  1.4497978620e-11  9.4233888479e-06      0.0000000000  8.4593633886e-08  8.4547370289e-08   0.0090611111111   0.0090611111111
 8.4493807294e-08  1.0188772836e-11  9.4230438383e-06      0.0000000000  8.4346706074e-08  8.6079260966e-08   0.0090722222222   0.0090722222222
 8.4306564128e-08  1.4291254013e-11  9.4226988497e-06      0.0000000000  8.4100233010e-08  8.5094554960e-08   0.0090833333333   0.0090833333333
 8.3699238732e-08 -1.0702709078e-11  9.4223688507e-06      0.0000000000  8.3853759946e-08  8.3513170350e-08   0.0090944444444   0.0090944444444
 8.3403858932e-08 -1.4058672426e-11  9.4220388481e-06      0.0000000000  8.3606832135e-08  8.4297023436e-08   0.0091055555556   0.0091055555556
 8.3295976059e-08 -4.4594047660e-12  9.4217088561e-06      0.0000000000  8.3360359070e-08  8.3790701132e-08   0.0091166666667   0.0091166666667
 8.2920606208e-08 -1.3355774011e-11  9.4213788501e-06      0.0000000000  8.3113431259e-08  8.2790492896e-08   0.0091277777778   0.0091277777778
 8.2802376268e-08 -4.4731823998e-12  9.4210488546e-06      0.0000000000  8.2866958195e-08  8.2833933727e-08   0.0091388888889   0.0091388888889
 8.2535649824e-08 -5.8445086532e-12  9.4207188521e-06      0.0000000000  8.2620030383e-08  8.1995587004e-08   0.0091500000000   0.0091500000000
 8.2491838827e-08  8.1926134150e-12  9.4203888530e-06      0.0000000000  8.2373557319e-08  8.1219925258e-08   0.0091611111111   0.0091611111111
 8.2346491240e-08  1.5228434266e-11  9.4200438399e-06      0.0000000000  8.2126629507e-08  8.1064132570e-08   0.0091722222222   0.0091722222222
 8.2256914388e-08  2.6095644465e-11  9.4196988478e-06      0.0000000000  8.1880156443e-08  7.9710423195e-08   0.0091833333333   0.0091833333333
 8.1793196890e-08  1.1079991391e-11  9.4193688558e-06      0.0000000000  8.1633228632e-08  8.0772042899e-08   0.0091944444444   0.0091944444444
 8.1808625620e-08  2.9251772893e-11  9.4190388497e-06      0.0000000000  8.1386300820e-08  8.0720347838e-08   0.0092055555556   0.0092055555556
 8.1684824305e-08  3.7748470557e-11  9.4187088542e-06      0.0000000000  8.1139827756e-08  8.0241256631e-08   0.0092166666667   0.0092166666667
 8.1241004726e-08  2.4111020724e-11  9.4183788517e-06      0.0000000000  8.0892899944e-08  8.0139171464e-08   0.0092277777778   0.0092277777778
 8.0908614776e-08  1.8191597868e-11  9.4180488492e-06      0.0000000000  8.0645972133e-08  8.0558391993e-08   0.0092388888889   0.0092388888889
 8.0946783836e-08  3.7906960962e-11  9.4177188572e-06      0.0000000000  8.0399499069e-08  8.0425019365e-08   0.0092500000000   0.0092500000000
 8.0850783472e-08  4.8360752498e-11  9.4173888477e-06      0.0000000000  8.0152571257e-08  8.0008581690e-08   0.0092611111111   0.0092611111111
 8.0277792006e-08  2.5776381499e-11  9.4170438415e-06      0.0000000000  7.9905643446e-08  7.8773607443e-08   0.0092722222222   0.0092722222222
 7.9905439760e-08  1.7089022720e-11  9.4166988494e-06      0.0000000000  7.9658715634e-08  7.9854770018e-08   0.0092833333333   0.0092833333333
 7.9866745841e-08  3.1512069939e-11  9.4163688574e-06      0.0000000000  7.9411787823e-08  7.9084453868e-08   0.0092944444444   0.0092944444444
 7.9386313685e-08  1.5338698013e-11  9.4160388548e-06      0.0000000000  7.9164860011e-08  8.0125618805e-08   0.0093055555556   0.0093055555556
 7.9141873274e-08  1.5510984558e-11  9.4157088558e-06      0.0000000000  7.8917932200e-08  8.0860591130e-08   0.0093166666667   0.0093166666667
 7.9087658487e-08  2.8858999198e-11  9.4153788533e-06      0.0000000000  7.8671004388e-08  8.1807767905e-08   0.0093277777778   0.0093277777778
 7.8582950826e-08  1.1004216358e-11  9.4150488543e-06      0.0000000000  7.8424076576e-08  7.9929498310e-08   0.0093388888889   0.0093388888889
 7.8170968131e-08 -4.2809348555e-13  9.4147188553e-06      0.0000000000  7.8177148765e-08  7.9945928157e-08   0.0093500000000   0.0093500000000
 7.7840965760e-08 -6.1821437968e-12  9.4143888493e-06      0.0000000000  7.7930220953e-08  7.9529474761e-08   0.0093611111111   0.0093611111111
 7.7541242041e-08 -9.8389830216e-12  9.4140438466e-06      0.0000000000  7.7683293142e-08  7.9751662899e-08   0.0093722222222   0.0093722222222
 7.7721791811e-08  1.9769690526e-11  9.4136988510e-06      0.0000000000  7.7436365330e-08  7.9014976839e-08   0.0093833333333   0.0093833333333
 7.7379850475e-08  1.3188703465e-11  9.4133688555e-06      0.0000000000  7.7189437519e-08  7.7403499666e-08   0.0093944444444   0.0093944444444
 7.6777244049e-08 -1.1446908902e-11  9.4130388530e-06      0.0000000000  7.6942509707e-08  7.5747056595e-08   0.0094055555556   0.0094055555556
 7.6800177704e-08  7.2761888016e-12  9.4127088504e-06      0.0000000000  7.6695127148e-08  7.7698922473e-08   0.0094166666667   0.0094166666667
 7.6804065577e-08  2.4648607982e-11  9.4123788584e-06      0.0000000000  7.6448199337e-08  7.7498729892e-08   0.0094277777778   0.0094277777778
 7.6390889092e-08  1.3133611866e-11  9.4120488489e-06      0.0000000000  7.6201271525e-08  7.7966988406e-08   0.0094388888889   0.0094388888889
 7.6191816429e-08  1.6448235851e-11  9.4117188569e-06      0.0000000000  7.5954343714e-08  7.5274977552e-08   0.0094500000000   0.0094500000000
 7.6148688202e-08  3.0595644017e-11  9.4113888544e-06      0.0000000000  7.5706961155e-08  7.3951973911e-08   0.0094611111111   0.0094611111111
 7.5955087519e-08  3.4289277595e-11  9.4110438413e-06      0.0000000000  7.5460033343e-08  7.3553538318e-08   0.0094722222222   0.0094722222222
 7.5524500088e-08  2.1568335137e-11  9.4106988561e-06      0.0000000000  7.5213105532e-08  7.5443599670e-08   0.0094833333333   0.0094833333333
 7.5371534129e-08  2.8107977027e-11  9.4103688571e-06      0.0000000000  7.4965722973e-08  7.1360444545e-08   0.0094944444444   0.0094944444444
 7.5223798695e-08  3.4978406826e-11  9.4100388546e-06      0.0000000000  7.4718795161e-08  7.2748821684e-08   0.0095055555556   0.0095055555556
 7.4827677986e-08  2.4676254105e-11  9.4097088555e-06      0.0000000000  7.4471412603e-08  7.1194416613e-08   0.0095166666667   0.0095166666667
 7.4638952123e-08  2.8707535632e-11  9.4093788565e-06      0.0000000000  7.4224484791e-08  7.2799196068e-08   0.0095277777778   0.0095277777778
 7.4305311392e-08  2.2732976618e-11  9.4090488505e-06      0.0000000000  7.3977102232e-08  7.3762802691e-08   0.0095388888889   0.0095388888889
 7.3947451881e-08  1.5049438069e-11  9.4087188620e-06      0.0000000000  7.3730174421e-08  7.3436092423e-08   0.0095500000000   0.0095500000000
 7.3624158218e-08  9.7915551034e-12  9.4083888525e-06      0.0000000000  7.3482791862e-08  7.3485083241e-08   0.0095611111111   0.0095611111111
 7.3170299825e-08 -4.5097225143e-12  9.4080438429e-06      0.0000000000  7.3235409303e-08  7.3184173336e-08   0.0095722222222   0.0095722222222
 7.2888881860e-08 -6.8986377056e-12  9.4076988542e-06      0.0000000000  7.2988481491e-08  7.3211388710e-08   0.0095833333333   0.0095833333333
 7.2811131062e-08  4.8506834980e-12  9.4073688517e-06      0.0000000000  7.2741098932e-08  7.3897401662e-08   0.0095944444444   0.0095944444444
 7.2425357420e-08 -4.7347931748e-12  9.4070388597e-06      0.0000000000  7.2493716374e-08  7.6626422909e-08   0.0096055555556   0.0096055555556
 7.1964368886e-08 -1.9529930655e-11  9.4067088502e-06      0.0000000000  7.2246333815e-08  7.2415350809e-08   0.0096166666667   0.0096166666667
 7.1532488004e-08 -3.2340462246e-11  9.4063788581e-06      0.0000000000  7.1999406003e-08  7.0847267300e-08   0.0096277777778   0.0096277777778
 7.1450359621e-08 -2.0894348716e-11  9.4060488556e-06      0.0000000000  7.1752023444e-08  7.2883514989e-08   0.0096388888889   0.0096388888889
 7.1162086638e-08 -2.3726570290e-11  9.4057188566e-06      0.0000000000  7.1504640885e-08  7.3455100735e-08   0.0096500000000   0.0096500000000
 7.1122540047e-08 -9.3310847995e-12  9.4053888541e-06      0.0000000000  7.1257258326e-08  7.2720191299e-08   0.0096611111111   0.0096611111111
 7.1001477769e-08 -5.8167633767e-13  9.4050438410e-06      0.0000000000  7.1009875768e-08  7.1672139977e-08   0.0096722222222   0.0096722222222
 7.0748159203e-08 -9.9282608925e-13  9.4046988558e-06      0.0000000000  7.0762493209e-08  6.9750350939e-08   0.0096833333333   0.0096833333333
 7.0775868284e-08  1.8061035211e-11  9.4043688568e-06      0.0000000000  7.0515110650e-08  7.0109700789e-08   0.0096944444444   0.0096944444444
 7.0692943684e-08  2.9451999884e-11  9.4040388578e-06      0.0000000000  7.0267728091e-08  7.2854837437e-08   0.0097055555556   0.0097055555556
 7.0286078067e-08  1.8405615192e-11  9.4037088518e-06      0.0000000000  7.0020345532e-08  7.0919448573e-08   0.0097166666667   0.0097166666667
 7.0241756050e-08  3.2470337086e-11  9.4033788632e-06      0.0000000000  6.9772962973e-08  6.9653658535e-08   0.0097277777778   0.0097277777778
 7.0308465555e-08  5.4225511529e-11  9.4030488537e-06      0.0000000000  6.9525580414e-08  6.7617316512e-08   0.0097388888889   0.0097388888889
 6.9961692070e-08  4.7341329494e-11  9.4027188582e-06      0.0000000000  6.9278197855e-08  6.7365601816e-08   0.0097500000000   0.0097500000000
 6.9536122056e-08  3.4999409327e-11  9.4023888592e-06      0.0000000000  6.9030815297e-08  6.8435460027e-08   0.0097611111111   0.0097611111111
 6.9287015419e-08  3.4879993326e-11  9.4020438391e-06      0.0000000000  6.8783432738e-08  6.7569583482e-08   0.0097722222222   0.0097722222222
 6.8941667908e-08  2.8094579562e-11  9.4016988609e-06      0.0000000000  6.8536050179e-08  6.6728501070e-08   0.0097833333333   0.0097833333333
 6.8719400084e-08  2.9865616146e-11  9.4013688514e-06      0.0000000000  6.8288212873e-08  6.7273012943e-08   0.0097944444444   0.0097944444444
 6.8355514367e-08  2.1796177843e-11  9.4010388594e-06      0.0000000000  6.8040830314e-08  6.8178289677e-08   0.0098055555556   0.0098055555556
 6.7990036752e-08  1.3616478839e-11  9.4007088569e-06      0.0000000000  6.7793447755e-08  6.9003083742e-08   0.0098166666667   0.0098166666667
 6.7839856748e-08  2.0349086209e-11  9.4003788578e-06      0.0000000000  6.7546065196e-08  6.8680429838e-08   0.0098277777778   0.0098277777778
 6.7563466007e-08  1.8371370005e-11  9.4000488553e-06      0.0000000000  6.7298227890e-08  6.7640538411e-08   0.0098388888889   0.0098388888889
 6.7329714048e-08  1.9315475648e-11  9.3997188563e-06      0.0000000000  6.7050845331e-08  6.6857895946e-08   0.0098500000000   0.0098500000000
 6.7134962246e-08  2.2960875927e-11  9.3993888573e-06      0.0000000000  6.6803462772e-08  6.4808064153e-08   0.0098611111111   0.0098611111111
 6.6794897737e-08  1.6572879744e-11  9.3990438407e-06      0.0000000000  6.6555625466e-08  6.5004357594e-08   0.0098722222222   0.0098722222222
 6.6688095474e-08  2.6309989424e-11  9.3986988590e-06      0.0000000000  6.6308242907e-08  6.6817002134e-08   0.0098833333333   0.0098833333333
 6.6589991925e-08  3.6681101580e-11  9.3983688530e-06      0.0000000000  6.6060405601e-08  6.7206224434e-08   0.0098944444444   0.0098944444444
 6.6478414237e-08  4.6087447664e-11  9.3980388645e-06      0.0000000000  6.5813023042e-08  6.5891522190e-08   0.0099055555556   0.0099055555556
 6.5800081630e-08  1.6269755809e-11  9.3977088550e-06      0.0000000000  6.5565185735e-08  6.8782562172e-08   0.0099166666667   0.0099166666667
 6.5462063315e-08  9.9919891211e-12  9.3973788594e-06      0.0000000000  6.5317803177e-08  6.6740890276e-08   0.0099277777778   0.0099277777778
 6.5518767137e-08  3.1085630565e-11  9.3970488604e-06      0.0000000000  6.5069965870e-08  6.5428672162e-08   0.0099388888889   0.0099388888889
 6.5208151665e-08  2.6737383321e-11  9.3967188509e-06      0.0000000000  6.4822128564e-08  6.4526256894e-08   0.0099500000000   0.0099500000000
 6.4767857265e-08  1.3375597938e-11  9.3963888624e-06      0.0000000000  6.4574746005e-08  6.4542576685e-08   0.0099611111111   0.0099611111111
 6.4978572509e-08  4.5136638320e-11  9.3960438388e-06      0.0000000000  6.4326908699e-08  6.3656858545e-08   0.0099722222222   0.0099722222222
 6.4874897318e-08  5.5121838023e-11  9.3956988606e-06      0.0000000000  6.4079071393e-08  6.5322609242e-08   0.0099833333333   0.0099833333333
 6.4116630849e-08  1.9736134637e-11  9.3953688581e-06      0.0000000000  6.3831688834e-08  6.4467691170e-08   0.0099944444444   0.0099944444444
 6.3915455001e-08  2.2968079241e-11  9.3950388591e-06      0.0000000000  6.3583851528e-08  6.4588768926e-08    0.010005555556    0.010005555556
 6.4081996554e-08  5.1669486962e-11  9.3947088566e-06      0.0000000000  6.3336014221e-08  6.2040727559e-08    0.010016666667    0.010016666667
 6.3664727145e-08  3.9933994842e-11  9.3943788575e-06      0.0000000000  6.3088176915e-08  6.1326194279e-08    0.010027777778    0.010027777778
 6.3163487675e-08  2.2382426567e-11  9.3940488620e-06      0.0000000000  6.2840339609e-08  6.1571164090e-08    0.010038888889    0.010038888889
 6.2745024477e-08  1.0564248175e-11  9.3937188525e-06      0.0000000000  6.2592502303e-08  6.3024961895e-08    0.010050000000    0.010050000000
 6.2633788173e-08  2.0025737308e-11  9.3933888640e-06      0.0000000000  6.2344664996e-08  6.2649260808e-08    0.010061111111    0.010061111111
 6.2250345922e-08  1.0633238814e-11  9.3930438404e-06      0.0000000000  6.2096827690e-08  6.1291212067e-08    0.010072222222    0.010072222222
 6.1561324863e-08 -1.9956272139e-11  9.3926988657e-06      0.0000000000  6.1849445131e-08  6.0446812242e-08    0.010083333333    0.010083333333
 6.1351393845e-08 -1.7330742883e-11  9.3923688562e-06      0.0000000000  6.1601607825e-08  6.0961310164e-08    0.010094444444    0.010094444444
 6.1439082146e-08  5.9404953276e-12  9.3920388607e-06      0.0000000000  6.1353315772e-08  5.9788093276e-08    0.010105555556    0.010105555556
 6.0957740861e-08 -1.0232851200e-11  9.3917088617e-06      0.0000000000  6.1105478465e-08  6.1298900293e-08    0.010116666667    0.010116666667
 6.0195836300e-08 -4.5839044783e-11  9.3913788522e-06      0.0000000000  6.0857641159e-08  6.0130950390e-08    0.010127777778    0.010127777778
 6.0253733911e-08 -2.4662717066e-11  9.3910488671e-06      0.0000000000  6.0609803853e-08  6.0936846200e-08    0.010138888889    0.010138888889
 6.0284967905e-08 -5.3332098216e-12  9.3907188576e-06      0.0000000000  6.0361966547e-08  6.0310703927e-08    0.010150000000    0.010150000000
 5.9737167165e-08 -2.6109783303e-11  9.3903888586e-06      0.0000000000  6.0114129240e-08  6.0114614876e-08    0.010161111111    0.010161111111
 5.9267400136e-08 -4.1481454219e-11  9.3900438455e-06      0.0000000000  5.9866291934e-08  6.1845141623e-08    0.010172222222    0.010172222222
 5.9319238410e-08 -2.0693321041e-11  9.3896988603e-06      0.0000000000  5.9617999881e-08  6.2123898748e-08    0.010183333333    0.010183333333
 5.9177756853e-08 -1.3326729703e-11  9.3893688578e-06      0.0000000000  5.9370162574e-08  5.7580047556e-08    0.010194444444    0.010194444444
 5.8727456771e-08 -2.7350048085e-11  9.3890388588e-06      0.0000000000  5.9122325268e-08  6.0111942078e-08    0.010205555556    0.010205555556
 5.8713323285e-08 -1.1162859774e-11  9.3887088633e-06      0.0000000000  5.8874487962e-08  6.1054009093e-08    0.010216666667    0.010216666667
 5.8652571539e-08  1.8268734449e-12  9.3883788538e-06      0.0000000000  5.8626195908e-08  5.9930915032e-08    0.010227777778    0.010227777778
 5.8229730756e-08 -1.0294512621e-11  9.3880488652e-06      0.0000000000  5.8378358602e-08  5.9174135818e-08    0.010238888889    0.010238888889
 5.7695801729e-08 -3.0078782616e-11  9.3877188592e-06      0.0000000000  5.8130066548e-08  5.8417356605e-08    0.010250000000    0.010250000000
 5.7748525807e-08 -9.2607929236e-12  9.3873888637e-06      0.0000000000  5.7882229242e-08  5.8490764220e-08    0.010261111111    0.010261111111
 5.8034124364e-08  2.7686941913e-11  9.3870438471e-06      0.0000000000  5.7634391936e-08  5.7487820297e-08    0.010272222222    0.010272222222
 5.7182555113e-08 -1.4098261225e-11  9.3866988619e-06      0.0000000000  5.7386099882e-08  5.8033479901e-08    0.010283333333    0.010283333333
 5.6891781372e-08 -1.7040699596e-11  9.3863688629e-06      0.0000000000  5.7137807829e-08  5.5844568271e-08    0.010294444444    0.010294444444
 5.7127965908e-08  1.6484437974e-11  9.3860388534e-06      0.0000000000  5.6889970523e-08  5.6731968702e-08    0.010305555556    0.010305555556
 5.6940264467e-08  2.0681167155e-11  9.3857088684e-06      0.0000000000  5.6641678469e-08  5.5542290522e-08    0.010316666667    0.010316666667
 5.6635618477e-08  1.6746388285e-11  9.3853788589e-06      0.0000000000  5.6393841163e-08  5.5113636588e-08    0.010327777778    0.010327777778
 5.6441549177e-08  2.0502056157e-11  9.3850488598e-06      0.0000000000  5.6145549109e-08  5.4982921036e-08    0.010338888889    0.010338888889
 5.6438900092e-08  3.7516193916e-11  9.3847188643e-06      0.0000000000  5.5897257056e-08  5.5824082059e-08    0.010350000000    0.010350000000
 5.6088886356e-08  3.0439077606e-11  9.3843888583e-06      0.0000000000  5.5649419749e-08  5.3602593736e-08    0.010361111111    0.010361111111
 5.5535092808e-08  9.2789176617e-12  9.3840438487e-06      0.0000000000  5.5401127696e-08  5.3150560680e-08    0.010372222222    0.010372222222
 5.5393521397e-08  1.6670782836e-11  9.3836988600e-06      0.0000000000  5.5152835642e-08  5.6304729779e-08    0.010383333333    0.010383333333
 5.5456592542e-08  3.8205448577e-11  9.3833688645e-06      0.0000000000  5.4904998336e-08  5.6664001017e-08    0.010394444444    0.010394444444
 5.4851030526e-08  1.3459613605e-11  9.3830388550e-06      0.0000000000  5.4656706282e-08  5.5690709432e-08    0.010405555556    0.010405555556
 5.4377591739e-08 -2.1348793046e-12  9.3827088665e-06      0.0000000000  5.4408414229e-08  5.5198065565e-08    0.010416666667    0.010416666667
 5.4382503767e-08  1.5402969023e-11  9.3823788605e-06      0.0000000000  5.4160122175e-08  5.4250542898e-08    0.010427777778    0.010427777778
 5.4181271462e-08  1.8662500755e-11  9.3820488614e-06      0.0000000000  5.3911830122e-08  5.4343021714e-08    0.010438888889    0.010438888889
 5.3629434255e-08 -2.3621558577e-12  9.3817188624e-06      0.0000000000  5.3663538068e-08  5.4982873869e-08    0.010450000000    0.010450000000
 5.3232404418e-08 -1.2664283181e-11  9.3813888599e-06      0.0000000000  5.3415246014e-08  5.3765933148e-08    0.010461111111    0.010461111111
 5.3345960387e-08  1.2398645151e-11  9.3810438538e-06      0.0000000000  5.3166953961e-08  5.1463443319e-08    0.010472222222    0.010472222222
 5.2834715234e-08 -5.8144561232e-12  9.3806988582e-06      0.0000000000  5.2918661907e-08  5.0305524270e-08    0.010483333333    0.010483333333
 5.2540359589e-08 -9.0049903236e-12  9.3803688696e-06      0.0000000000  5.2670369854e-08  5.2796635037e-08    0.010494444444    0.010494444444
 5.2550445151e-08  8.8911960289e-12  9.3800388601e-06      0.0000000000  5.2422077800e-08  5.3123455362e-08    0.010505555556    0.010505555556
 5.2298671565e-08  8.6500522955e-12  9.3797088611e-06      0.0000000000  5.2173785747e-08  5.3134429557e-08    0.010516666667    0.010516666667
 5.2153551916e-08  1.5796153437e-11  9.3793788656e-06      0.0000000000  5.1925493693e-08  5.1500831049e-08    0.010527777778    0.010527777778
 5.1961074514e-08  1.9662082010e-11  9.3790488596e-06      0.0000000000  5.1677201639e-08  5.1299317790e-08    0.010538888889    0.010538888889
 5.1821128398e-08  2.7166521176e-11  9.3787188640e-06      0.0000000000  5.1428909586e-08  5.0923648149e-08    0.010550000000    0.010550000000
 5.1696248053e-08  3.5745968608e-11  9.3783888615e-06      0.0000000000  5.1180162785e-08  5.1438193238e-08    0.010561111111    0.010561111111
 5.1491169063e-08  3.8739064738e-11  9.3780438519e-06      0.0000000000  5.0931870731e-08  5.0974336980e-08    0.010572222222    0.010572222222
 5.1152506669e-08  3.2479681725e-11  9.3776988563e-06      0.0000000000  5.0683578678e-08  4.9040897686e-08    0.010583333333    0.010583333333
 5.0986692884e-08  3.8192430770e-11  9.3773688677e-06      0.0000000000  5.0435286624e-08  4.9394823328e-08    0.010594444444    0.010594444444
 5.0931854165e-08  5.1623219491e-11  9.3770388617e-06      0.0000000000  5.0186539823e-08  4.7780327466e-08    0.010605555556    0.010605555556
 5.0418619273e-08  3.3272301594e-11  9.3767088627e-06      0.0000000000  4.9938247770e-08  4.9051824714e-08    0.010616666667    0.010616666667
 5.0123865787e-08  3.0054211471e-11  9.3763788637e-06      0.0000000000  4.9689955716e-08  5.2392429345e-08    0.010627777778    0.010627777778
 4.9753044736e-08  2.1598898812e-11  9.3760488612e-06      0.0000000000  4.9441208915e-08  4.9680812730e-08    0.010638888889    0.010638888889
 4.9381484460e-08  1.3060887182e-11  9.3757188691e-06      0.0000000000  4.9192916861e-08  4.8702049770e-08    0.010650000000    0.010650000000
 4.9106970545e-08  1.1276161856e-11  9.3753888596e-06      0.0000000000  4.8944170061e-08  4.8955210922e-08    0.010661111111    0.010661111111
 4.8873768565e-08  1.2321355952e-11  9.3750438535e-06      0.0000000000  4.8695878007e-08  4.9576683659e-08    0.010672222222    0.010672222222
 4.8497508664e-08  3.4893284848e-12  9.3746988614e-06      0.0000000000  4.8447131206e-08  4.8907525058e-08    0.010683333333    0.010683333333
 4.8084162544e-08 -7.9429247559e-12  9.3743688623e-06      0.0000000000  4.8198839152e-08  4.9397653350e-08    0.010694444444    0.010694444444
 4.7724484509e-08 -1.5626431016e-11  9.3740388668e-06      0.0000000000  4.7950092352e-08  4.8963229316e-08    0.010705555556    0.010705555556
 4.7394710344e-08 -2.1270182530e-11  9.3737088643e-06      0.0000000000  4.7701800298e-08  4.8399740576e-08    0.010716666667    0.010716666667
 4.7586608012e-08  9.2504781260e-12  9.3733788653e-06      0.0000000000  4.7453053497e-08  4.7799508723e-08    0.010727777778    0.010727777778
 4.7169623532e-08 -2.4022838173e-12  9.3730488628e-06      0.0000000000  4.7204306696e-08  4.8578063380e-08    0.010738888889    0.010738888889
 4.6554112289e-08 -2.7837238916e-11  9.3727188672e-06      0.0000000000  4.6956014642e-08  4.8843519404e-08    0.010750000000    0.010750000000
 4.6429630052e-08 -1.9230217056e-11  9.3723888612e-06      0.0000000000  4.6707267842e-08  4.6344185852e-08    0.010761111111    0.010761111111
 4.6627464071e-08  1.1701617190e-11  9.3720438551e-06      0.0000000000  4.6458521041e-08  4.4016162939e-08    0.010772222222    0.010772222222
 4.6284135717e-08  5.1505501381e-12  9.3716988630e-06      0.0000000000  4.6209774240e-08  4.5824122221e-08    0.010783333333    0.010783333333
 4.6125485205e-08  1.1359453830e-11  9.3713688639e-06      0.0000000000  4.5961482186e-08  4.6414999280e-08    0.010794444444    0.010794444444
 4.5883604123e-08  1.1834998844e-11  9.3710388649e-06      0.0000000000  4.5712735385e-08  4.7214134483e-08    0.010805555556    0.010805555556
 4.5638539246e-08  1.2090022457e-11  9.3707088624e-06      0.0000000000  4.5463988584e-08  4.2822349783e-08    0.010816666667    0.010816666667
 4.5187727877e-08 -1.9057146059e-12  9.3703788704e-06      0.0000000000  4.5215241783e-08  4.4652021619e-08    0.010827777778    0.010827777778
 4.5030214698e-08  4.4134624855e-12  9.3700488609e-06      0.0000000000  4.4966494982e-08  4.4406957473e-08    0.010838888889    0.010838888889
 4.4763261896e-08  3.1524477284e-12  9.3697188688e-06      0.0000000000  4.4717748181e-08  4.5097121123e-08    0.010850000000    0.010850000000
 4.4497502884e-08  1.9741192437e-12  9.3693888663e-06      0.0000000000  4.4469001380e-08  4.5113440914e-08    0.010861111111    0.010861111111
 4.4484218091e-08  1.8283086083e-11  9.3690438497e-06      0.0000000000  4.4220254580e-08  4.4575296590e-08    0.010872222222    0.010872222222
 4.4375090532e-08  2.7953629586e-11  9.3686988681e-06      0.0000000000  4.3971507779e-08  4.2471254162e-08    0.010883333333    0.010883333333
 4.3881697103e-08  1.1008502057e-11  9.3683688655e-06      0.0000000000  4.3722760978e-08  4.2533766194e-08    0.010894444444    0.010894444444
 4.3410191866e-08 -4.4205685967e-12  9.3680388665e-06      0.0000000000  4.3474014177e-08  4.1433878310e-08    0.010905555556    0.010905555556
 4.3436935095e-08  1.4660886722e-11  9.3677088640e-06      0.0000000000  4.3225267376e-08  4.4687475501e-08    0.010916666667    0.010916666667
 4.3137747301e-08  1.1167157547e-11  9.3673788685e-06      0.0000000000  4.2976520575e-08  4.3429562356e-08    0.010927777778    0.010927777778
 4.2672609387e-08 -3.8208888101e-12  9.3670488625e-06      0.0000000000  4.2727773774e-08  4.0913814679e-08    0.010938888889    0.010938888889
 4.2735965194e-08  1.7796488601e-11  9.3667188704e-06      0.0000000000  4.2479026973e-08  4.1421567716e-08    0.010950000000    0.010950000000
 4.2462986454e-08  1.6149592596e-11  9.3663888644e-06      0.0000000000  4.2229825425e-08  4.3684217131e-08    0.010961111111    0.010961111111
 4.1930029372e-08 -3.5358594153e-12  9.3660438513e-06      0.0000000000  4.1981078624e-08  4.3207578609e-08    0.010972222222    0.010972222222
 4.1669609549e-08 -4.3443759524e-12  9.3656988662e-06      0.0000000000  4.1732331823e-08  4.3458129852e-08    0.010983333333    0.010983333333
 4.1824894639e-08  2.3640362611e-11  9.3653688602e-06      0.0000000000  4.1483585022e-08  4.2439825201e-08    0.010994444444    0.010994444444
 4.1679661811e-08  3.0841619501e-11  9.3650388716e-06      0.0000000000  4.1234383474e-08  4.0527123676e-08    0.011005555556    0.011005555556
 4.1276606035e-08  2.0153610930e-11  9.3647088621e-06      0.0000000000  4.0985636673e-08  4.0959944031e-08    0.011016666667    0.011016666667
 4.1245246871e-08  3.5210680215e-11  9.3643788701e-06      0.0000000000  4.0736889872e-08  4.0898736953e-08    0.011027777778    0.011027777778
 4.0973461920e-08  3.3646470483e-11  9.3640488676e-06      0.0000000000  4.0487688323e-08  3.9918574704e-08    0.011038888889    0.011038888889
 4.0609008460e-08  2.5632200627e-11  9.3637188651e-06      0.0000000000  4.0238941523e-08  3.8670142132e-08    0.011050000000    0.011050000000
 4.0171671230e-08  1.2601229636e-11  9.3633888695e-06      0.0000000000  3.9989739974e-08  3.9299130149e-08    0.011061111111    0.011061111111
 4.0116567195e-08  2.6013641573e-11  9.3630438529e-06      0.0000000000  3.9740993173e-08  4.0307451113e-08    0.011072222222    0.011072222222
 3.9796893859e-08  2.1132505705e-11  9.3626988678e-06      0.0000000000  3.9491791625e-08  4.0186876471e-08    0.011083333333    0.011083333333
 3.9288776045e-08  3.1675129593e-12  9.3623688653e-06      0.0000000000  3.9243044824e-08  4.0306664996e-08    0.011094444444    0.011094444444
 3.8996695067e-08  1.9752555825e-13  9.3620388732e-06      0.0000000000  3.8993843276e-08  3.7546938014e-08    0.011105555556    0.011105555556
 3.8931907121e-08  1.2939194153e-11  9.3617088637e-06      0.0000000000  3.8745096475e-08  3.8012649509e-08    0.011116666667    0.011116666667
 3.8664897596e-08  1.1705748016e-11  9.3613788717e-06      0.0000000000  3.8495894927e-08  3.8110615422e-08    0.011127777778    0.011127777778
 3.8302831982e-08  3.8568692115e-12  9.3610488657e-06      0.0000000000  3.8247148126e-08  3.7941757468e-08    0.011138888889    0.011138888889
 3.8086761578e-08  6.1516544619e-12  9.3607188632e-06      0.0000000000  3.7997946577e-08  3.8076560829e-08    0.011150000000    0.011150000000
 3.7680067443e-08 -4.7568628119e-12  9.3603888711e-06      0.0000000000  3.7748745029e-08  3.7831496683e-08    0.011161111111    0.011161111111
 3.7340861432e-08 -1.0990903771e-11  9.3600438476e-06      0.0000000000  3.7499543481e-08  3.7631807217e-08    0.011172222222    0.011172222222
 3.7337525331e-08  6.0071461820e-12  9.3596988729e-06      0.0000000000  3.7250796680e-08  3.7085487275e-08    0.011183333333    0.011183333333
 3.7081658822e-08  5.5455064448e-12  9.3593688634e-06      0.0000000000  3.7001595132e-08  3.8495859970e-08    0.011194444444    0.011194444444
 3.6723118122e-08 -2.0277264156e-12  9.3590388678e-06      0.0000000000  3.6752393583e-08  3.7666820873e-08    0.011205555556    0.011205555556
 3.6752590583e-08  1.7274263003e-11  9.3587088688e-06      0.0000000000  3.6503192035e-08  3.8031673543e-08    0.011216666667    0.011216666667
 3.6494734335e-08  1.6674806644e-11  9.3583788663e-06      0.0000000000  3.6253990487e-08  3.6050862832e-08    0.011227777778    0.011227777778
 3.6281506610e-08  1.9134988752e-11  9.3580488743e-06      0.0000000000  3.6005243686e-08  3.6905875239e-08    0.011238888889    0.011238888889
 3.6051109662e-08  2.0437464709e-11  9.3577188648e-06      0.0000000000  3.5756042137e-08  3.6139348173e-08    0.011250000000    0.011250000000
 3.5805590220e-08  2.0692501020e-11  9.3573888727e-06      0.0000000000  3.5506840589e-08  3.6368076806e-08    0.011261111111    0.011261111111
 3.5470861188e-08  1.4768552089e-11  9.3570438526e-06      0.0000000000  3.5257639041e-08  3.5370478479e-08    0.011272222222    0.011272222222
 3.5238142655e-08  1.5910226563e-11  9.3566988745e-06      0.0000000000  3.5008437493e-08  3.5361894080e-08    0.011283333333    0.011283333333
 3.5078185174e-08  2.2091599731e-11  9.3563688650e-06      0.0000000000  3.4759235944e-08  3.4299959930e-08    0.011294444444    0.011294444444
 3.4630500877e-08  8.3439526908e-12  9.3560388729e-06      0.0000000000  3.4510034396e-08  3.5480424817e-08    0.011305555556    0.011305555556
 3.4441890040e-08  1.2540688763e-11  9.3557088704e-06      0.0000000000  3.4260832848e-08  3.4630836619e-08    0.011316666667    0.011316666667
 3.4266753343e-08  1.7702190907e-11  9.3553788644e-06      0.0000000000  3.4011176552e-08  3.5410900621e-08    0.011327777778    0.011327777778
 3.3813895512e-08  3.5962058429e-12  9.3550488724e-06      0.0000000000  3.3761975004e-08  3.3140028421e-08    0.011338888889    0.011338888889
 3.3575937451e-08  4.3749712299e-12  9.3547188629e-06      0.0000000000  3.3512773456e-08  3.2926314626e-08    0.011350000000    0.011350000000
 3.3123079620e-08 -9.7310138344e-12  9.3543888708e-06      0.0000000000  3.3263571907e-08  3.2289088101e-08    0.011361111111    0.011361111111
 3.2915499605e-08 -6.8481530070e-12  9.3540438543e-06      0.0000000000  3.3014370359e-08  3.2574920280e-08    0.011372222222    0.011372222222
 3.2881563079e-08  8.0618962030e-12  9.3536988691e-06      0.0000000000  3.2765168811e-08  3.1517262607e-08    0.011383333333    0.011383333333
 3.2449740768e-08 -4.5555937148e-12  9.3533688701e-06      0.0000000000  3.2515512515e-08  3.2012752217e-08    0.011394444444    0.011394444444
 3.2690133255e-08  2.9355494404e-11  9.3530388676e-06      0.0000000000  3.2266310967e-08  3.1469450965e-08    0.011405555556    0.011405555556
 3.2531767671e-08  3.5647128272e-11  9.3527088755e-06      0.0000000000  3.2017109418e-08  3.2820078760e-08    0.011416666667    0.011416666667
 3.1982148408e-08  1.4870587080e-11  9.3523788660e-06      0.0000000000  3.1767453123e-08  3.1762248141e-08    0.011427777778    0.011427777778
 3.1793139730e-08  1.9039767231e-11  9.3520488740e-06      0.0000000000  3.1518251575e-08  3.0831013820e-08    0.011438888889    0.011438888889
 3.1821418401e-08  3.8259070377e-11  9.3517188715e-06      0.0000000000  3.1269050026e-08  3.0920914172e-08    0.011450000000    0.011450000000
 3.1575444396e-08  3.8514119388e-11  9.3513888725e-06      0.0000000000  3.1019393731e-08  3.1803063341e-08    0.011461111111    0.011461111111
 3.1142086911e-08  2.5758800148e-11  9.3510438524e-06      0.0000000000  3.0770192182e-08  3.1995913589e-08    0.011472222222    0.011472222222
 3.0921582199e-08  2.7777946345e-11  9.3506988742e-06      0.0000000000  3.0520535887e-08  3.1076109411e-08    0.011483333333    0.011483333333
 3.0677256815e-08  2.8115687436e-11  9.3503688717e-06      0.0000000000  3.0271334338e-08  3.0583198265e-08    0.011494444444    0.011494444444
 3.0402629453e-08  2.6386099351e-11  9.3500388657e-06      0.0000000000  3.0021678043e-08  2.9665595214e-08    0.011505555556    0.011505555556
 3.0258590414e-08  3.3670042514e-11  9.3497088736e-06      0.0000000000  2.9772476495e-08  2.8511135081e-08    0.011516666667    0.011516666667
 2.9937003676e-08  2.8687874795e-11  9.3493788676e-06      0.0000000000  2.9522820199e-08  2.9797647165e-08    0.011527777778    0.011527777778
 2.9926281923e-08  4.5205864798e-11  9.3490488721e-06      0.0000000000  2.9273618651e-08  2.8931739176e-08    0.011538888889    0.011538888889
 2.9531868138e-08  3.5179427323e-11  9.3487188696e-06      0.0000000000  2.9023962355e-08  2.8767031920e-08    0.011550000000    0.011550000000
 2.9306190160e-08  3.6840254002e-11  9.3483888671e-06      0.0000000000  2.8774306059e-08  2.8358549751e-08    0.011561111111    0.011561111111
 2.8930371572e-08  2.8070290951e-11  9.3480438575e-06      0.0000000000  2.8525104511e-08  2.8276809295e-08    0.011572222222    0.011572222222
 2.8423500024e-08  1.0254614149e-11  9.3476988688e-06      0.0000000000  2.8275448215e-08  2.8125733310e-08    0.011583333333    0.011583333333
 2.8458487136e-08  2.9970066136e-11  9.3473688698e-06      0.0000000000  2.8025791920e-08  2.7488459618e-08    0.011594444444    0.011594444444
 2.8238778908e-08  3.2044379696e-11  9.3470388673e-06      0.0000000000  2.7776135624e-08  2.8418373263e-08    0.011605555556    0.011605555556
 2.7728216524e-08  1.3941564520e-11  9.3467088752e-06      0.0000000000  2.7526934076e-08  2.7917365110e-08    0.011616666667    0.011616666667
 2.7677641943e-08  2.7730698157e-11  9.3463788727e-06      0.0000000000  2.7277277780e-08  2.7027056046e-08    0.011627777778    0.011627777778
 2.7656914775e-08  4.3587173667e-11  9.3460488737e-06      0.0000000000  2.7027621485e-08  2.6362677037e-08    0.011638888889    0.011638888889
 2.7194051261e-08  2.8819655604e-11  9.3457188712e-06      0.0000000000  2.6777965189e-08  2.6716665569e-08    0.011650000000    0.011650000000
 2.6646819845e-08  8.2085054627e-12  9.3453888722e-06      0.0000000000  2.6528308893e-08  2.6479698429e-08    0.011661111111    0.011661111111
 2.6652358186e-08  2.5884227017e-11  9.3450438591e-06      0.0000000000  2.6278652598e-08  2.6514554861e-08    0.011672222222    0.011672222222
 2.6292566705e-08  1.8255857998e-11  9.3446988704e-06      0.0000000000  2.6028996302e-08  2.6336782339e-08    0.011683333333    0.011683333333
 2.5976153500e-08  1.3632028304e-11  9.3443688749e-06      0.0000000000  2.5779340006e-08  2.5536106347e-08    0.011694444444    0.011694444444
 2.5440065100e-08 -6.2073154382e-12  9.3440388689e-06      0.0000000000  2.5529683711e-08  2.6418365572e-08    0.011705555556    0.011705555556
 2.4990334341e-08 -2.0065210480e-11  9.3437088733e-06      0.0000000000  2.5280027415e-08  2.5514315181e-08    0.011716666667    0.011716666667
 2.4931800539e-08 -6.8273618408e-12  9.3433788708e-06      0.0000000000  2.5030371119e-08  2.4832154203e-08    0.011727777778    0.011727777778
 2.4353130346e-08 -2.9616077543e-11  9.3430488683e-06      0.0000000000  2.4780714824e-08  2.5142623292e-08    0.011738888889    0.011738888889
 2.3875940288e-08 -4.5375904901e-11  9.3427188763e-06      0.0000000000  2.4531058528e-08  2.4860831755e-08    0.011750000000    0.011750000000
 2.3675334030e-08 -4.1978518451e-11  9.3423888668e-06      0.0000000000  2.4281402233e-08  2.3708918641e-08    0.011761111111    0.011761111111
 2.3554187458e-08 -3.3077461164e-11  9.3420438607e-06      0.0000000000  2.4031745937e-08  2.4562563204e-08    0.011772222222    0.011772222222
 2.3179008434e-08 -4.1771628104e-11  9.3416988685e-06      0.0000000000  2.3782089641e-08  2.2819961698e-08    0.011783333333    0.011783333333
 2.2993922510e-08 -3.7299246087e-11  9.3413688765e-06      0.0000000000  2.3532433346e-08  2.3217469673e-08    0.011794444444    0.011794444444
 2.2748687998e-08 -3.6961479599e-11  9.3410388740e-06      0.0000000000  2.3282322303e-08  2.3741621113e-08    0.011805555556    0.011805555556
 2.2437050219e-08 -4.1254545697e-11  9.3407088749e-06      0.0000000000  2.3032666007e-08  2.3591834360e-08    0.011816666667    0.011816666667
 2.2197841645e-08 -4.0530897962e-11  9.3403788724e-06      0.0000000000  2.2783009711e-08  2.3244685047e-08    0.011827777778    0.011827777778
 2.2156420075e-08 -2.6107793055e-11  9.3400488734e-06      0.0000000000  2.2533353416e-08  2.2700047395e-08    0.011838888889    0.011838888889
 2.2088278698e-08 -1.3503902987e-11  9.3397188744e-06      0.0000000000  2.2283242373e-08  2.2550292087e-08    0.011850000000    0.011850000000
 2.1576863909e-08 -3.1634261386e-11  9.3393888684e-06      0.0000000000  2.2033586077e-08  2.1839532169e-08    0.011861111111    0.011861111111
 2.1523878425e-08 -1.7980618382e-11  9.3390438658e-06      0.0000000000  2.1783475034e-08  2.1502193597e-08    0.011872222222    0.011872222222
 2.1307320326e-08 -1.5688115218e-11  9.3386988701e-06      0.0000000000  2.1533818739e-08  2.1936161683e-08    0.011883333333    0.011883333333
 2.1140142849e-08 -9.9753280764e-12  9.3383688746e-06      0.0000000000  2.1284162443e-08  2.1173659538e-08    0.011894444444    0.011894444444
 2.1183032727e-08  1.0318996035e-11  9.3380388721e-06      0.0000000000  2.1034051400e-08  1.9422866692e-08    0.011905555556    0.011905555556
 2.0685944750e-08 -6.8190345637e-12  9.3377088696e-06      0.0000000000  2.0784395104e-08  2.1190167997e-08    0.011916666667    0.011916666667
 2.0443495657e-08 -6.2883396089e-12  9.3373788775e-06      0.0000000000  2.0534284061e-08  2.0699835315e-08    0.011927777778    0.011927777778
 2.0341981955e-08  3.9725626414e-12  9.3370488680e-06      0.0000000000  2.0284627766e-08  2.0748873300e-08    0.011938888889    0.011938888889
 2.0394025110e-08  2.4900876529e-11  9.3367188760e-06      0.0000000000  2.0034516723e-08  1.9667867948e-08    0.011950000000    0.011950000000
 2.0105810697e-08  2.2261696628e-11  9.3363888735e-06      0.0000000000  1.9784405680e-08  1.9578124820e-08    0.011961111111    0.011961111111
 1.9785318355e-08  1.7355330827e-11  9.3360438604e-06      0.0000000000  1.9534749384e-08  1.9705067009e-08    0.011972222222    0.011972222222
 1.9898348984e-08  4.2507862075e-11  9.3356988752e-06      0.0000000000  1.9284638341e-08  1.9729153638e-08    0.011983333333    0.011983333333
 1.9799620969e-08  5.2961711299e-11  9.3353688762e-06      0.0000000000  1.9034982045e-08  2.0611334251e-08    0.011994444444    0.011994444444
 1.9364160566e-08  4.0123731185e-11  9.3350388737e-06      0.0000000000  1.8784871002e-08  1.8295370375e-08    0.012005555556    0.012005555556
 1.8827617334e-08  2.0284381635e-11  9.3347088747e-06      0.0000000000  1.8534759959e-08  1.8741947779e-08    0.012016666667    0.012016666667
 1.8565270323e-08  1.9436873350e-11  9.3343788756e-06      0.0000000000  1.8284648916e-08  1.8170047586e-08    0.012027777778    0.012027777778
 1.8606227185e-08  3.9565812217e-11  9.3340488696e-06      0.0000000000  1.8034992621e-08  1.7761596861e-08    0.012038888889    0.012038888889
 1.8233644602e-08  3.1082981733e-11  9.3337188811e-06      0.0000000000  1.7784881578e-08  1.7663536614e-08    0.012050000000    0.012050000000
 1.7718591454e-08  1.2732114631e-11  9.3333888716e-06      0.0000000000  1.7534770535e-08  1.7769741035e-08    0.012061111111    0.012061111111
 1.7611284265e-08  2.2623236139e-11  9.3330438620e-06      0.0000000000  1.7284659492e-08  1.6999063271e-08    0.012072222222    0.012072222222
 1.7220162941e-08  1.2856344103e-11  9.3326988733e-06      0.0000000000  1.7034548449e-08  1.7018275973e-08    0.012083333333    0.012083333333
 1.6799483646e-08  1.0106605844e-12  9.3323688708e-06      0.0000000000  1.6784892153e-08  1.7475796127e-08    0.012094444444    0.012094444444
 1.6549075332e-08  9.9007054175e-13  9.3320388788e-06      0.0000000000  1.6534781110e-08  1.7709870356e-08    0.012105555556    0.012105555556
 1.6277177202e-08 -5.1898344223e-13  9.3317088693e-06      0.0000000000  1.6284670067e-08  1.6067891840e-08    0.012116666667    0.012116666667
 1.5858829031e-08 -1.2171707289e-11  9.3313788772e-06      0.0000000000  1.6034559024e-08  1.6206688675e-08    0.012127777778    0.012127777778
 1.5530022297e-08 -1.7622461034e-11  9.3310488747e-06      0.0000000000  1.5784447981e-08  1.5209970800e-08    0.012138888889    0.012138888889
 1.5453125750e-08 -5.6249863137e-12  9.3307188757e-06      0.0000000000  1.5534336938e-08  1.5321709485e-08    0.012150000000    0.012150000000
 1.5068836654e-08 -1.4918653042e-11  9.3303738591e-06      0.0000000000  1.5284225895e-08  1.6357513103e-08    0.012161111111    0.012161111111
 1.4791134697e-08 -1.6829701478e-11  9.3300288774e-06      0.0000000000  1.5034114852e-08  1.5550390950e-08    0.012172222222    0.012172222222
 1.4812136650e-08  1.9485842635e-12  9.3296988749e-06      0.0000000000  1.4784003809e-08  1.6044701385e-08    0.012183333333    0.012183333333
 1.4505957333e-08 -1.9034136343e-12  9.3293688759e-06      0.0000000000  1.4533438019e-08  1.3893334708e-08    0.012194444444    0.012194444444
 1.4296539182e-08  9.1512608920e-13  9.3290388804e-06      0.0000000000  1.4283326976e-08  1.4271928705e-08    0.012205555556    0.012205555556
 1.4327888202e-08  2.0410087879e-11  9.3287088709e-06      0.0000000000  1.4033215933e-08  1.3999476239e-08    0.012216666667    0.012216666667
 1.4171399178e-08  2.6894694118e-11  9.3283788823e-06      0.0000000000  1.3783104890e-08  1.3611370225e-08    0.012227777778    0.012227777778
 1.3836225120e-08  2.1002916077e-11  9.3280488728e-06      0.0000000000  1.3532993847e-08  1.4134326767e-08    0.012238888889    0.012238888889
 1.3713960827e-08  2.9858053357e-11  9.3277188773e-06      0.0000000000  1.3282882804e-08  1.3905598135e-08    0.012250000000    0.012250000000
 1.3601788091e-08  3.9443666599e-11  9.3273738642e-06      0.0000000000  1.3032317014e-08  1.2012675316e-08    0.012261111111    0.012261111111
 1.3390977096e-08  4.2165732836e-11  9.3270288721e-06      0.0000000000  1.2782205971e-08  1.2311116814e-08    0.012272222222    0.012272222222
 1.3143354470e-08  4.2338089766e-11  9.3266988800e-06      0.0000000000  1.2532094928e-08  1.2482553232e-08    0.012283333333    0.012283333333
 1.2968502701e-08  4.7582322086e-11  9.3263688705e-06      0.0000000000  1.2281529137e-08  1.2430779559e-08    0.012294444444    0.012294444444
 1.2659991994e-08  4.3537346010e-11  9.3260388785e-06      0.0000000000  1.2031418094e-08  1.2508416484e-08    0.012305555556    0.012305555556
 1.2248408987e-08  3.2353202382e-11  9.3257088760e-06      0.0000000000  1.1781307051e-08  1.1792358137e-08    0.012316666667    0.012316666667
 1.2025801625e-08  3.4289706211e-11  9.3253788770e-06      0.0000000000  1.1530741261e-08  1.1816837824e-08    0.012327777778    0.012327777778
 1.1649239564e-08  2.5531242481e-11  9.3250488744e-06      0.0000000000  1.1280630218e-08  1.0422391861e-08    0.012338888889    0.012338888889
 1.1084782469e-08  3.7899733147e-12  9.3247188754e-06      0.0000000000  1.1030064428e-08  1.1658844008e-08    0.012350000000    0.012350000000
 1.0688952516e-08 -6.3030557351e-12  9.3243738658e-06      0.0000000000  1.0779953385e-08  1.0854378931e-08    0.012361111111    0.012361111111
 1.0611368953e-08  5.6783311790e-12  9.3240288737e-06      0.0000000000  1.0529387594e-08  9.5632130336e-09    0.012372222222    0.012372222222
 9.9809066990e-09 -2.0666196146e-11  9.3236988816e-06      0.0000000000  1.0279276551e-08  1.0347522068e-08    0.012383333333    0.012383333333
 9.5103688932e-09 -3.5902269030e-11  9.3233688721e-06      0.0000000000  1.0028710761e-08  9.9309428923e-09    0.012394444444    0.012394444444
 9.4203395920e-09 -2.4814417332e-11  9.3230388836e-06      0.0000000000  9.7785997181e-09  1.0197751037e-08    0.012405555556    0.012405555556
 9.5113264476e-09 -1.1572216802e-12  9.3227088776e-06      0.0000000000  9.5280339278e-09  9.0240310346e-09    0.012416666667    0.012416666667
 9.0376613025e-09 -1.6641403094e-11  9.3223788786e-06      0.0000000000  9.2779228848e-09  1.0224982134e-08    0.012427777778    0.012427777778
 8.7147675949e-09 -2.1651101337e-11  9.3220488795e-06      0.0000000000  9.0273570944e-09  9.2936849235e-09    0.012438888889    0.012438888889
 8.5379258206e-09 -1.6544704146e-11  9.3217188700e-06      0.0000000000  8.7767913041e-09  8.8714928719e-09    0.012450000000    0.012450000000
 8.3895288093e-09 -9.4996152641e-12  9.3213738709e-06      0.0000000000  8.5266802611e-09  8.3266508298e-09    0.012461111111    0.012461111111
 8.4947094176e-09  1.5140692037e-11  9.3210288718e-06      0.0000000000  8.2761144708e-09  7.8611751704e-09    0.012472222222    0.012472222222
 8.1678359659e-09  9.8553420417e-12  9.3206988797e-06      0.0000000000  8.0255486804e-09  7.5955933682e-09    0.012483333333    0.012483333333
 7.8019620905e-09  1.8686789032e-12  9.3203688772e-06      0.0000000000  7.7749828901e-09  7.7536186283e-09    0.012494444444    0.012494444444
 7.9351893538e-09  2.8420103466e-11  9.3200388782e-06      0.0000000000  7.5248718471e-09  7.5207235752e-09    0.012505555556    0.012505555556
 8.1340242024e-09  5.9547248772e-11  9.3197088757e-06      0.0000000000  7.2743060568e-09  7.5316034360e-09    0.012516666667    0.012516666667
 7.5401178024e-09  3.5766212160e-11  9.3193788767e-06      0.0000000000  7.0237402664e-09  6.6247701900e-09    0.012527777778    0.012527777778
 7.2088667657e-09  3.0177654491e-11  9.3190488811e-06      0.0000000000  6.7731744761e-09  6.9896700271e-09    0.012538888889    0.012538888889
 7.5219166634e-09  6.9215755241e-11  9.3187188716e-06      0.0000000000  6.5226086857e-09  7.6636239423e-09    0.012550000000    0.012550000000
 7.1933519206e-09  6.3813260191e-11  9.3183738690e-06      0.0000000000  6.2720428954e-09  5.9051585935e-09    0.012561111111    0.012561111111
 6.7802199532e-09  5.2553327344e-11  9.3180288734e-06      0.0000000000  6.0214771051e-09  5.7789867984e-09    0.012572222222    0.012572222222
 6.6065617070e-09  5.7880227430e-11  9.3176988848e-06      0.0000000000  5.7709113147e-09  6.3550062448e-09    0.012583333333    0.012583333333
 6.5865173087e-09  7.3846989039e-11  9.3173688788e-06      0.0000000000  5.5203455244e-09  6.2352177206e-09    0.012594444444    0.012594444444
 6.1251325136e-09  5.9244887424e-11  9.3170388798e-06      0.0000000000  5.2697797341e-09  4.2580074265e-09    0.012605555556    0.012605555556
 5.7039419318e-09  4.7426785225e-11  9.3167088808e-06      0.0000000000  5.0192139437e-09  4.6882964843e-09    0.012616666667    0.012616666667
 5.6500703765e-09  6.1050553209e-11  9.3163788748e-06      0.0000000000  4.7686481534e-09  4.5944498244e-09    0.012627777778    0.012627777778
 5.3745341543e-09  5.9321009028e-11  9.3160488862e-06      0.0000000000  4.5180823630e-09  4.8449067336e-09    0.012638888889    0.012638888889
 5.0098540686e-09  5.1417032162e-11  9.3157188767e-06      0.0000000000  4.2675165727e-09  3.8713635903e-09    0.012650000000    0.012650000000
 4.5506583332e-09  3.6966552891e-11  9.3153738671e-06      0.0000000000  4.0169507824e-09  3.1977241219e-09    0.012661111111    0.012661111111
 3.8841239410e-09  8.1550337372e-12  9.3150288785e-06      0.0000000000  3.7663849920e-09  3.3497434474e-09    0.012672222222    0.012672222222
 3.5258111787e-09  6.9208116784e-13  9.3146988794e-06      0.0000000000  3.5158192017e-09  3.6724602408e-09    0.012683333333    0.012683333333
 3.6128185573e-09  2.4073643574e-11  9.3143688769e-06      0.0000000000  3.2652534113e-09  2.9508676291e-09    0.012694444444    0.012694444444
 3.0156719060e-09  9.9672688032e-14  9.3140388779e-06      0.0000000000  3.0142328737e-09  3.5022501655e-09    0.012705555556    0.012705555556
 2.3779899239e-09 -2.6713422157e-11  9.3137088824e-06      0.0000000000  2.7636670833e-09  1.9252678112e-09    0.012716666667    0.012716666667
 2.4466910140e-09 -4.5998207967e-12  9.3133788729e-06      0.0000000000  2.5131012930e-09  2.9507261280e-09    0.012727777778    0.012727777778
 2.1146440285e-09 -1.0243508816e-11  9.3130488843e-06      0.0000000000  2.2625355026e-09  2.5531709864e-09    0.012738888889    0.012738888889
 1.6277329494e-09 -2.6582157503e-11  9.3127188783e-06      0.0000000000  2.0115149650e-09  1.4460193802e-09    0.012750000000    0.012750000000
 1.7724448810e-09  7.9623501445e-13  9.3123738722e-06      0.0000000000  1.7609491746e-09  1.1943204060e-09    0.012761111111    0.012761111111
 1.7412571993e-09  1.5991171718e-11  9.3120288801e-06      0.0000000000  1.5103833843e-09  1.6013246751e-09    0.012772222222    0.012772222222
 1.2730505167e-09  9.4805850530e-13  9.3116988811e-06      0.0000000000  1.2593628466e-09  8.8638261418e-10    0.012783333333    0.012783333333
 1.0464634105e-09  2.6089105824e-12  9.3113688820e-06      0.0000000000  1.0087970562e-09  1.3848280248e-09    0.012794444444    0.012794444444
 9.1891240415e-10  1.1160865586e-11  9.3110388760e-06      0.0000000000  7.5777651856e-10  1.2022916334e-09    0.012805555556    0.012805555556
 5.1125241792e-10  2.7994233134e-13  9.3107088875e-06      0.0000000000  5.0721072822e-10 -5.2444602916e-10    0.012816666667    0.012816666667
 1.2781174683e-10 -8.8919643757e-12  9.3103788780e-06      0.0000000000  2.5619019053e-10 -7.4103701352e-10    0.012827777778    0.012827777778
 4.6947814068e-12 -6.4388824915e-14  9.3100488790e-06      0.0000000000  5.6244001935e-12 -1.0678887828e-09    0.012838888889    0.012838888889
-2.0483628191e-10  2.8093251531e-12  9.3097188834e-06      0.0000000000 -2.4539613750e-10 -3.2016563864e-10    0.012850000000    0.012850000000
-4.0074689526e-10  6.5949442387e-12  9.3093738668e-06      0.0000000000 -4.9596192783e-10 -8.5038590262e-10    0.012861111111    0.012861111111
-6.5567937109e-10  6.3239889793e-12  9.3090288782e-06      0.0000000000 -7.4698246552e-10 -1.7772494123e-09    0.012872222222    0.012872222222
-8.3451088385e-10  1.1292569548e-11  9.3086988827e-06      0.0000000000 -9.9754825586e-10 -1.5648405710e-09    0.012883333333    0.012883333333
-1.1749716544e-09  5.0976092296e-12  9.3083688836e-06      0.0000000000 -1.2485687936e-09 -1.7418898650e-09    0.012894444444    0.012894444444
-1.1262254737e-09  2.5860557464e-11  9.3080388741e-06      0.0000000000 -1.4995893312e-09 -1.4435427019e-09    0.012905555556    0.012905555556
-1.2692403582e-09  3.3309929774e-11  9.3077088856e-06      0.0000000000 -1.7501551216e-09 -1.5062591244e-09    0.012916666667    0.012916666667
-1.6932733505e-09  2.1326449223e-11  9.3073788796e-06      0.0000000000 -2.0011756593e-09 -2.3477817614e-09    0.012927777778    0.012927777778
-2.0436830806e-09  1.4442387284e-11  9.3070488806e-06      0.0000000000 -2.2521961970e-09 -2.8435858186e-09    0.012938888889    0.012938888889
-2.1325753153e-09  2.5640493876e-11  9.3067188815e-06      0.0000000000 -2.5027619873e-09 -3.2166455512e-09    0.012950000000    0.012950000000
-2.1644494791e-09  4.0819379786e-11  9.3063738684e-06      0.0000000000 -2.7537825250e-09 -3.2134539158e-09    0.012961111111    0.012961111111
-2.5313416821e-09  3.2793680995e-11  9.3060288833e-06      0.0000000000 -3.0048030627e-09 -2.5289345867e-09    0.012972222222    0.012972222222
-2.8471288407e-09  2.8307706020e-11  9.3056988773e-06      0.0000000000 -3.2558236004e-09 -2.3900748616e-09    0.012983333333    0.012983333333
-2.8739389376e-09  4.3805850397e-11  9.3053688887e-06      0.0000000000 -3.5063893907e-09 -3.5448966090e-09    0.012994444444    0.012994444444
-2.8303662906e-09  6.4210460607e-11  9.3050388792e-06      0.0000000000 -3.7574099284e-09 -2.7932271569e-09    0.013005555556    0.013005555556
-3.2285316142e-09  5.4018670177e-11  9.3047088837e-06      0.0000000000 -4.0084304661e-09 -4.0269121722e-09    0.013016666667    0.013016666667
-3.6764422696e-09  4.0381334633e-11  9.3043788847e-06      0.0000000000 -4.2594510038e-09 -4.0514075811e-09    0.013027777778    0.013027777778
-3.7502682000e-09  5.2654486503e-11  9.3040488822e-06      0.0000000000 -4.5104715415e-09 -4.5852439838e-09    0.013038888889    0.013038888889
-3.8535437024e-09  6.2887852422e-11  9.3037188831e-06      0.0000000000 -4.7614920791e-09 -5.2974975242e-09    0.013050000000    0.013050000000
-4.3839650473e-09  4.3535522285e-11  9.3033738700e-06      0.0000000000 -5.0125126168e-09 -5.6751010137e-09    0.013061111111    0.013061111111
-4.8516413645e-09  2.8529144133e-11  9.3030288849e-06      0.0000000000 -5.2635331545e-09 -5.3451676654e-09    0.013072222222    0.013072222222
-4.9194980794e-09  4.1215745872e-11  9.3026988754e-06      0.0000000000 -5.5145536922e-09 -5.7292173151e-09    0.013083333333    0.013083333333
-5.3514900256e-09  2.8680998829e-11  9.3023688868e-06      0.0000000000 -5.7655742299e-09 -6.2385583088e-09    0.013094444444    0.013094444444
-5.5112760241e-09  3.5000239415e-11  9.3020388808e-06      0.0000000000 -6.0165947676e-09 -5.5291190676e-09    0.013105555556    0.013105555556
-5.7220011443e-09  3.7791248614e-11  9.3017088818e-06      0.0000000000 -6.2676153053e-09 -6.3624975314e-09    0.013116666667    0.013116666667
-6.0449518423e-09  3.2809100486e-11  9.3013788828e-06      0.0000000000 -6.5186358430e-09 -5.8804819682e-09    0.013127777778    0.013127777778
-6.1052471770e-09  4.6019431300e-11  9.3010488803e-06      0.0000000000 -6.7696563807e-09 -6.9916270493e-09    0.013138888889    0.013138888889
-6.4381468345e-09  4.0348181551e-11  9.3007188882e-06      0.0000000000 -7.0206769184e-09 -7.1168397816e-09    0.013150000000    0.013150000000
-7.0792678548e-09  1.3328383724e-11  9.3003738647e-06      0.0000000000 -7.2716974560e-09 -7.0708047640e-09    0.013161111111    0.013161111111
-7.0947926045e-09  2.9639690335e-11  9.3000288900e-06      0.0000000000 -7.5227179937e-09 -6.5218120236e-09    0.013172222222    0.013172222222
-7.2351352480e-09  3.7337146861e-11  9.2996988805e-06      0.0000000000 -7.7741932788e-09 -7.3919493231e-09    0.013183333333    0.013183333333
-7.7463218310e-09  1.9317087259e-11  9.2993688849e-06      0.0000000000 -8.0252138165e-09 -6.4388137798e-09    0.013194444444    0.013194444444
-7.9650061722e-09  2.1556811461e-11  9.2990388859e-06      0.0000000000 -8.2762343542e-09 -7.7162226283e-09    0.013205555556    0.013205555556
-7.9974440997e-09  3.6696649019e-11  9.2987088834e-06      0.0000000000 -8.5272548918e-09 -9.6035954598e-09    0.013216666667    0.013216666667
-8.2953798009e-09  3.3478629283e-11  9.2983788844e-06      0.0000000000 -8.7787301769e-09 -9.5872599464e-09    0.013227777778    0.013227777778
-8.8781996405e-09  1.0496986197e-11  9.2980488819e-06      0.0000000000 -9.0297507146e-09 -9.9141117157e-09    0.013238888889    0.013238888889
-8.8461678508e-09  3.0102234086e-11  9.2977188898e-06      0.0000000000 -9.2807712523e-09 -9.1542509234e-09    0.013250000000    0.013250000000
-8.7796690717e-09  5.2126290217e-11  9.2973738663e-06      0.0000000000 -9.5322465373e-09 -9.2542607414e-09    0.013261111111    0.013261111111
-9.1809187972e-09  4.1720862740e-11  9.2970288916e-06      0.0000000000 -9.7832670750e-09 -8.9418892491e-09    0.013272222222    0.013272222222
-9.3538375505e-09  4.7130480304e-11  9.2966988821e-06      0.0000000000 -1.0034287613e-08 -9.9755074615e-09    0.013283333333    0.013283333333
-9.1602896821e-09  7.7954424827e-11  9.2963688831e-06      0.0000000000 -1.0285762898e-08 -9.3898344970e-09    0.013294444444    0.013294444444
-9.2221769145e-09  9.1054494940e-11  9.2960388840e-06      0.0000000000 -1.0536783435e-08 -1.1424478507e-08    0.013305555556    0.013305555556
-9.8122167496e-09  6.7604265829e-11  9.2957088815e-06      0.0000000000 -1.0788258720e-08 -1.1029533274e-08    0.013316666667    0.013316666667
-9.8442568362e-09  8.2771659309e-11  9.2953788895e-06      0.0000000000 -1.1039279258e-08 -1.1699619493e-08    0.013327777778    0.013327777778
-9.8122815024e-09  1.0240449432e-10  9.2950488800e-06      0.0000000000 -1.1290754543e-08 -1.1884860127e-08    0.013338888889    0.013338888889
-1.0153538489e-08  9.6154385150e-11  9.2947188880e-06      0.0000000000 -1.1541775081e-08 -1.2364234337e-08    0.013350000000    0.013350000000
-1.0572089427e-08  8.4582109394e-11  9.2943738714e-06      0.0000000000 -1.1793250366e-08 -1.1370267871e-08    0.013361111111    0.013361111111
-1.0652647924e-08  9.6388938817e-11  9.2940288862e-06      0.0000000000 -1.2044270904e-08 -1.1131665608e-08    0.013372222222    0.013372222222
-1.0962522324e-08  9.2344000838e-11  9.2936988872e-06      0.0000000000 -1.2295746189e-08 -1.1180656426e-08    0.013383333333    0.013383333333
-1.1267166466e-08  8.8629832262e-11  9.2933688847e-06      0.0000000000 -1.2546766726e-08 -1.2504446183e-08    0.013394444444    0.013394444444
-1.1752940211e-08  7.2401456974e-11  9.2930388856e-06      0.0000000000 -1.2798242011e-08 -1.2425378525e-08    0.013405555556    0.013405555556
-1.2059630815e-08  6.8577040396e-11  9.2927088831e-06      0.0000000000 -1.3049717296e-08 -1.2496176232e-08    0.013416666667    0.013416666667
-1.2061823756e-08  8.5811757244e-11  9.2923788911e-06      0.0000000000 -1.3300737834e-08 -1.3174500958e-08    0.013427777778    0.013427777778
-1.2413483999e-08  7.8872577654e-11  9.2920488816e-06      0.0000000000 -1.3552213119e-08 -1.2885807313e-08    0.013438888889    0.013438888889
-1.2794593814e-08  6.9893612113e-11  9.2917188896e-06      0.0000000000 -1.3803688404e-08 -1.3106391772e-08    0.013450000000    0.013450000000
-1.2688905631e-08  9.4600573399e-11  9.2913738695e-06      0.0000000000 -1.4054708942e-08 -1.3501179781e-08    0.013461111111    0.013461111111
-1.2858332602e-08  1.0028354212e-10  9.2910288843e-06      0.0000000000 -1.4306184227e-08 -1.3809101851e-08    0.013472222222    0.013472222222
-1.3161441570e-08  9.6707202868e-11  9.2906988888e-06      0.0000000000 -1.4557659512e-08 -1.5357689655e-08    0.013483333333    0.013483333333
-1.3568816628e-08  8.5909009789e-11  9.2903688793e-06      0.0000000000 -1.4809134797e-08 -1.4840125877e-08    0.013494444444    0.013494444444
-1.3707567106e-08  9.3716745522e-11  9.2900388907e-06      0.0000000000 -1.5060610082e-08 -1.4450620574e-08    0.013505555556    0.013505555556
-1.3849444924e-08  1.0127637273e-10  9.2897088812e-06      0.0000000000 -1.5311630620e-08 -1.5507444964e-08    0.013516666667    0.013516666667
-1.4036348837e-08  1.0574882404e-10  9.2893788997e-06      0.0000000000 -1.5563105905e-08 -1.4784185784e-08    0.013527777778    0.013527777778
-1.4281355411e-08  1.0619687082e-10  9.2890489426e-06      0.0000000000 -1.5814581190e-08 -1.5677717928e-08    0.013538888889    0.013538888889
-1.4353646167e-08  1.1860785201e-10  9.2887189401e-06      0.0000000000 -1.6066056475e-08 -1.6163821300e-08    0.013550000000    0.013550000000
-1.4619943504e-08  1.1758122207e-10  9.2883739304e-06      0.0000000000 -1.6317531760e-08 -1.6913116679e-08    0.013561111111    0.013561111111
-1.5026323826e-08  1.0685192805e-10  9.2880289418e-06      0.0000000000 -1.6569007045e-08 -1.6601059633e-08    0.013572222222    0.013572222222
-1.4897643782e-08  1.3318288781e-10  9.2876989428e-06      0.0000000000 -1.6820482330e-08 -1.7021883841e-08    0.013583333333    0.013583333333
-1.4932526280e-08  1.4818490294e-10  9.2873689403e-06      0.0000000000 -1.7071957615e-08 -1.7604852563e-08    0.013594444444    0.013594444444
-1.5293737908e-08  1.4058415914e-10  9.2870389482e-06      0.0000000000 -1.7323432900e-08 -1.7040955042e-08    0.013605555556    0.013605555556
-1.5713051664e-08  1.2895904782e-10  9.2867089387e-06      0.0000000000 -1.7574908185e-08 -1.7201731712e-08    0.013616666667    0.013616666667
-1.5750719848e-08  1.4376811598e-10  9.2863789467e-06      0.0000000000 -1.7826383470e-08 -1.7679769523e-08    0.013627777778    0.013627777778
-1.5776847175e-08  1.5937654645e-10  9.2860489442e-06      0.0000000000 -1.8077858755e-08 -1.7897586850e-08    0.013638888889    0.013638888889
-1.6287294533e-08  1.4143918582e-10  9.2857189382e-06      0.0000000000 -1.8329334040e-08 -1.7672773081e-08    0.013650000000    0.013650000000
-1.6512037944e-08  1.4329073399e-10  9.2853739320e-06      0.0000000000 -1.8580809325e-08 -1.8066680639e-08    0.013661111111    0.013661111111
-1.6507091204e-08  1.6105146889e-10  9.2850289364e-06      0.0000000000 -1.8832284610e-08 -2.0234760166e-08    0.013672222222    0.013672222222
-1.6893374286e-08  1.5171418383e-10  9.2846989479e-06      0.0000000000 -1.9083759895e-08 -1.9871070949e-08    0.013683333333    0.013683333333
-1.7012283302e-08  1.6092770993e-10  9.2843689419e-06      0.0000000000 -1.9335689928e-08 -1.8770617060e-08    0.013694444444    0.013694444444
-1.7297085981e-08  1.5861933173e-10  9.2840389428e-06      0.0000000000 -1.9587165213e-08 -1.9759473765e-08    0.013705555556    0.013705555556
-1.7697297766e-08  1.4831729329e-10  9.2837089438e-06      0.0000000000 -1.9838640498e-08 -1.9130249913e-08    0.013716666667    0.013716666667
-1.7806997315e-08  1.5813720354e-10  9.2833789413e-06      0.0000000000 -2.0090115783e-08 -2.0106733134e-08    0.013727777778    0.013727777778
-1.7801287491e-08  1.7595079251e-10  9.2830489493e-06      0.0000000000 -2.0341591068e-08 -2.0656952217e-08    0.013738888889    0.013738888889
-1.8195586517e-08  1.6608979107e-10  9.2827189398e-06      0.0000000000 -2.0593521100e-08 -1.9988249564e-08    0.013750000000    0.013750000000
-1.8264229107e-08  1.7875345766e-10  9.2823739337e-06      0.0000000000 -2.0844996385e-08 -2.0983159370e-08    0.013761111111    0.013761111111
-1.8264953403e-08  1.9612139576e-10  9.2820289415e-06      0.0000000000 -2.1096471670e-08 -2.0640538092e-08    0.013772222222    0.013772222222
-1.8857437540e-08  1.7253336272e-10  9.2816989495e-06      0.0000000000 -2.1348401703e-08 -2.2062482431e-08    0.013783333333    0.013783333333
-1.8953208119e-08  1.8331804484e-10  9.2813689400e-06      0.0000000000 -2.1599876988e-08 -2.2089744972e-08    0.013794444444    0.013794444444
-1.8792691191e-08  2.1185414460e-10  9.2810389479e-06      0.0000000000 -2.1851352273e-08 -2.2778918115e-08    0.013805555556    0.013805555556
-1.9032182847e-08  2.1271567245e-10  9.2807089454e-06      0.0000000000 -2.2103282305e-08 -2.2223149045e-08    0.013816666667    0.013816666667
-1.9400557481e-08  2.0461879252e-10  9.2803789429e-06      0.0000000000 -2.2354757590e-08 -2.2227268299e-08    0.013827777778    0.013827777778
-1.9385296805e-08  2.2309390868e-10  9.2800489474e-06      0.0000000000 -2.2606232875e-08 -2.2314448685e-08    0.013838888889    0.013838888889
-1.9345816814e-08  2.4327804139e-10  9.2797189414e-06      0.0000000000 -2.2858162908e-08 -2.2654821669e-08    0.013850000000    0.013850000000
-1.9756408531e-08  2.3225705063e-10  9.2793739353e-06      0.0000000000 -2.3109638193e-08 -2.3346368885e-08    0.013861111111    0.013861111111
-1.9880060108e-08  2.4114208942e-10  9.2790289431e-06      0.0000000000 -2.3361568225e-08 -2.3330489319e-08    0.013872222222    0.013872222222
-1.9957126557e-08  2.5322228851e-10  9.2786989441e-06      0.0000000000 -2.3613043510e-08 -2.3739175879e-08    0.013883333333    0.013883333333
-2.0342670413e-08  2.4396770242e-10  9.2783689451e-06      0.0000000000 -2.3864973543e-08 -2.3371304519e-08    0.013894444444    0.013894444444
-2.0940271628e-08  2.1999374423e-10  9.2780389426e-06      0.0000000000 -2.4116448828e-08 -2.3473562632e-08    0.013905555556    0.013905555556
-2.0903179484e-08  2.4001248589e-10  9.2777089505e-06      0.0000000000 -2.4368378860e-08 -2.4925410866e-08    0.013916666667    0.013916666667
-2.1202365431e-08  2.3673936701e-10  9.2773789410e-06      0.0000000000 -2.4620308892e-08 -2.5178634907e-08    0.013927777778    0.013927777778
-2.1731516918e-08  2.1750648941e-10  9.2770489490e-06      0.0000000000 -2.4871784177e-08 -2.4361576235e-08    0.013938888889    0.013938888889
-2.1902161004e-08  2.2313665377e-10  9.2767189465e-06      0.0000000000 -2.5123714210e-08 -2.4508690189e-08    0.013950000000    0.013950000000
-2.2125014070e-08  2.2511913421e-10  9.2763739334e-06      0.0000000000 -2.5375189495e-08 -2.4769728235e-08    0.013961111111    0.013961111111
-2.2726916801e-08  2.0087873462e-10  9.2760289412e-06      0.0000000000 -2.5627119527e-08 -2.6055800094e-08    0.013972222222    0.013972222222
-2.2738376199e-08  2.1753461744e-10  9.2756989492e-06      0.0000000000 -2.5879049560e-08 -2.5871990193e-08    0.013983333333    0.013983333333
-2.2724707154e-08  2.3589949141e-10  9.2753689467e-06      0.0000000000 -2.6130524845e-08 -2.7005240887e-08    0.013994444444    0.013994444444
-2.3144077900e-08  2.2430193020e-10  9.2750389442e-06      0.0000000000 -2.6382454877e-08 -2.6572106085e-08    0.014005555556    0.014005555556
-2.3543152351e-08  2.1411016517e-10  9.2747089486e-06      0.0000000000 -2.6634384909e-08 -2.6313222000e-08    0.014016666667    0.014016666667
-2.3323793537e-08  2.4675336843e-10  9.2743789426e-06      0.0000000000 -2.6886314942e-08 -2.7232554508e-08    0.014027777778    0.014027777778
-2.3594667513e-08  2.4540974360e-10  9.2740489471e-06      0.0000000000 -2.7137790227e-08 -2.6894822878e-08    0.014038888889    0.014038888889
-2.3727903073e-08  2.5363096040e-10  9.2737189446e-06      0.0000000000 -2.7389720259e-08 -2.7972212091e-08    0.014050000000    0.014050000000
-2.4011899997e-08  2.5140988924e-10  9.2733739315e-06      0.0000000000 -2.7641650292e-08 -2.7694917144e-08    0.014061111111    0.014061111111
-2.4223600775e-08  2.5419631576e-10  9.2730289463e-06      0.0000000000 -2.7893580324e-08 -2.6889382948e-08    0.014072222222    0.014072222222
-2.4334152729e-08  2.6398868278e-10  9.2726989438e-06      0.0000000000 -2.8145510356e-08 -2.8405252559e-08    0.014083333333    0.014083333333
-2.4312979026e-08  2.8290485445e-10  9.2723689448e-06      0.0000000000 -2.8397440389e-08 -2.7740732049e-08    0.014094444444    0.014094444444
-2.4680955819e-08  2.7483553044e-10  9.2720389423e-06      0.0000000000 -2.8648915674e-08 -2.8093462793e-08    0.014105555556    0.014105555556
-2.5079632430e-08  2.6467132133e-10  9.2717089502e-06      0.0000000000 -2.8900845706e-08 -2.8537430288e-08    0.014116666667    0.014116666667
-2.5174265942e-08  2.7556625834e-10  9.2713789477e-06      0.0000000000 -2.9152775739e-08 -2.9955396875e-08    0.014127777778    0.014127777778
-2.5297154434e-08  2.8450415120e-10  9.2710489487e-06      0.0000000000 -2.9404705771e-08 -3.0314982561e-08    0.014138888889    0.014138888889
-2.5734433361e-08  2.7166620337e-10  9.2707189462e-06      0.0000000000 -2.9656635803e-08 -3.0151454481e-08    0.014150000000    0.014150000000
-2.5731798132e-08  2.8929833199e-10  9.2703739366e-06      0.0000000000 -2.9908565836e-08 -3.0430526052e-08    0.014161111111    0.014161111111
-2.5770882752e-08  3.0404079007e-10  9.2700289479e-06      0.0000000000 -3.0160495868e-08 -2.9320685926e-08    0.014172222222    0.014172222222
-2.6345856550e-08  2.8166558773e-10  9.2696989454e-06      0.0000000000 -3.0412425901e-08 -3.0101017207e-08    0.014183333333    0.014183333333
-2.6654195508e-08  2.7775849757e-10  9.2693689499e-06      0.0000000000 -3.0664355933e-08 -3.0790331851e-08    0.014194444444    0.014194444444
-2.6866625705e-08  2.8049440182e-10  9.2690389439e-06      0.0000000000 -3.0916285965e-08 -3.0128264026e-08    0.014205555556    0.014205555556
-2.7161036226e-08  2.7755204654e-10  9.2687089483e-06      0.0000000000 -3.1168215998e-08 -3.1441346869e-08    0.014216666667    0.014216666667
-2.7299502043e-08  2.8544249394e-10  9.2683789458e-06      0.0000000000 -3.1420600778e-08 -3.0215475858e-08    0.014227777778    0.014227777778
-2.7633708669e-08  2.7974371366e-10  9.2680489433e-06      0.0000000000 -3.1672530810e-08 -3.1218058167e-08    0.014238888889    0.014238888889
-2.7879567648e-08  2.8016421722e-10  9.2677189513e-06      0.0000000000 -3.1924460842e-08 -3.1915438372e-08    0.014250000000    0.014250000000
-2.7919547343e-08  2.9484467910e-10  9.2673739312e-06      0.0000000000 -3.2176390875e-08 -3.2636763703e-08    0.014261111111    0.014261111111
-2.8218866082e-08  2.9156236257e-10  9.2670289460e-06      0.0000000000 -3.2428320907e-08 -3.2668617168e-08    0.014272222222    0.014272222222
-2.8526409358e-08  2.8771038426e-10  9.2666989435e-06      0.0000000000 -3.2680250939e-08 -3.3122175293e-08    0.014283333333    0.014283333333
-2.8698645341e-08  2.9323028792e-10  9.2663689515e-06      0.0000000000 -3.2932180972e-08 -3.2740735552e-08    0.014294444444    0.014294444444
-2.8966050860e-08  2.9218989616e-10  9.2660389490e-06      0.0000000000 -3.3184565752e-08 -3.2870209039e-08    0.014305555556    0.014305555556
-2.9196787346e-08  2.9365783936e-10  9.2657089499e-06      0.0000000000 -3.3436495784e-08 -3.3643826880e-08    0.014316666667    0.014316666667
-2.9333604809e-08  3.0163096034e-10  9.2653789474e-06      0.0000000000 -3.3688425816e-08 -3.5368316248e-08    0.014327777778    0.014327777778
-2.9489126402e-08  3.0830856434e-10  9.2650489484e-06      0.0000000000 -3.3940355849e-08 -3.4006242587e-08    0.014338888889    0.014338888889
-2.9852042840e-08  3.0065273410e-10  9.2647189494e-06      0.0000000000 -3.4192740629e-08 -3.3815499133e-08    0.014350000000    0.014350000000
-3.0092429838e-08  3.0145224725e-10  9.2643739328e-06      0.0000000000 -3.4444670661e-08 -3.5426158744e-08    0.014361111111    0.014361111111
-3.0050462875e-08  3.2180863686e-10  9.2640289511e-06      0.0000000000 -3.4696600693e-08 -3.4947350539e-08    0.014372222222    0.014372222222
-3.0036907009e-08  3.4022866658e-10  9.2636989451e-06      0.0000000000 -3.4948985473e-08 -3.5139446114e-08    0.014383333333    0.014383333333
-3.0216704373e-08  3.4522484117e-10  9.2633689531e-06      0.0000000000 -3.5200915505e-08 -3.5542614132e-08    0.014394444444    0.014394444444
-3.0302980555e-08  3.5669863761e-10  9.2630389471e-06      0.0000000000 -3.5452845538e-08 -3.4606757443e-08    0.014405555556    0.014405555556
-3.0751856795e-08  3.4308891459e-10  9.2627089446e-06      0.0000000000 -3.5705230318e-08 -3.7257449982e-08    0.014416666667    0.014416666667
-3.0934439846e-08  3.4789214220e-10  9.2623789525e-06      0.0000000000 -3.5957160350e-08 -3.6407468725e-08    0.014427777778    0.014427777778
-3.0992119396e-08  3.6137814436e-10  9.2620489430e-06      0.0000000000 -3.6209545130e-08 -3.6298622950e-08    0.014438888889    0.014438888889
-3.1203753644e-08  3.6416917896e-10  9.2617189510e-06      0.0000000000 -3.6461475162e-08 -3.6786157056e-08    0.014450000000    0.014450000000
-3.1501238493e-08  3.6104538183e-10  9.2613739344e-06      0.0000000000 -3.6713859942e-08 -3.7204104075e-08    0.014461111111    0.014461111111
-3.1907244299e-08  3.5037352564e-10  9.2610289527e-06      0.0000000000 -3.6965789974e-08 -3.6610475605e-08    0.014472222222    0.014472222222
-3.1999944529e-08  3.6143386640e-10  9.2606989502e-06      0.0000000000 -3.7218174754e-08 -3.7603498730e-08    0.014483333333    0.014483333333
-3.2080251229e-08  3.7332113122e-10  9.2603689512e-06      0.0000000000 -3.7470104786e-08 -3.8200098723e-08    0.014494444444    0.014494444444
-3.2273635644e-08  3.7740771399e-10  9.2600389487e-06      0.0000000000 -3.7722489566e-08 -3.7696166215e-08    0.014505555556    0.014505555556
-3.2735986291e-08  3.6283320639e-10  9.2597089497e-06      0.0000000000 -3.7974419598e-08 -3.8666030330e-08    0.014516666667    0.014516666667
-3.2905095202e-08  3.6860120008e-10  9.2593789541e-06      0.0000000000 -3.8226804378e-08 -3.8196073803e-08    0.014527777778    0.014527777778
-3.2930085196e-08  3.8431990395e-10  9.2590489446e-06      0.0000000000 -3.8478734411e-08 -3.8032514279e-08    0.014538888889    0.014538888889
-3.3354287823e-08  3.7241916628e-10  9.2587189561e-06      0.0000000000 -3.8731119190e-08 -3.8648232639e-08    0.014550000000    0.014550000000
-3.3679497288e-08  3.6737506005e-10  9.2583739325e-06      0.0000000000 -3.8983503970e-08 -3.9135751022e-08    0.014561111111    0.014561111111
-3.3833725698e-08  3.7414223468e-10  9.2580289543e-06      0.0000000000 -3.9235434003e-08 -3.8825360544e-08    0.014572222222    0.014572222222
-3.4131774311e-08  3.7097938920e-10  9.2576989483e-06      0.0000000000 -3.9487818782e-08 -3.9426001179e-08    0.014583333333    0.014583333333
-3.4292924002e-08  3.7729866788e-10  9.2573689458e-06      0.0000000000 -3.9740203562e-08 -3.9540444107e-08    0.014594444444    0.014594444444
-3.4463568088e-08  3.8292883225e-10  9.2570389538e-06      0.0000000000 -3.9992133594e-08 -4.0493846930e-08    0.014605555556    0.014605555556
-3.4701126728e-08  3.8395574534e-10  9.2567089443e-06      0.0000000000 -4.0244518374e-08 -3.9850991807e-08    0.014616666667    0.014616666667
-3.4656927768e-08  4.0449822878e-10  9.2563789522e-06      0.0000000000 -4.0496903154e-08 -4.1019774994e-08    0.014627777778    0.014627777778
-3.4639790266e-08  4.2316633582e-10  9.2560489497e-06      0.0000000000 -4.0749287934e-08 -4.1450174108e-08    0.014638888889    0.014638888889
-3.5071895658e-08  4.1068672602e-10  9.2557189507e-06      0.0000000000 -4.1001217966e-08 -4.1970583631e-08    0.014650000000    0.014650000000
-3.5288030477e-08  4.1319753199e-10  9.2553739341e-06      0.0000000000 -4.1253602746e-08 -4.2066316972e-08    0.014661111111    0.014661111111
-3.5102886587e-08  4.4350238091e-10  9.2550289524e-06      0.0000000000 -4.1505987525e-08 -4.2116266853e-08    0.014672222222    0.014672222222
-3.5511966721e-08  4.3264908288e-10  9.2546989499e-06      0.0000000000 -4.1758372305e-08 -4.1139594963e-08    0.014683333333    0.014683333333
-3.5669534776e-08  4.3921643889e-10  9.2543689509e-06      0.0000000000 -4.2010757085e-08 -4.1657158742e-08    0.014694444444    0.014694444444
-3.5732331136e-08  4.5231653440e-10  9.2540389554e-06      0.0000000000 -4.2262687117e-08 -4.4648585878e-08    0.014705555556    0.014705555556
-3.6198717983e-08  4.3749396218e-10  9.2537089459e-06      0.0000000000 -4.2515071897e-08 -4.2191152368e-08    0.014716666667    0.014716666667
-3.6373000428e-08  4.4290361784e-10  9.2533789573e-06      0.0000000000 -4.2767456677e-08 -4.1664045128e-08    0.014727777778    0.014727777778
-3.6501915126e-08  4.5145561094e-10  9.2530489513e-06      0.0000000000 -4.3019841457e-08 -4.2944519833e-08    0.014738888889    0.014738888889
-3.6778075815e-08  4.4980880383e-10  9.2527189523e-06      0.0000000000 -4.3272226236e-08 -4.2790613826e-08    0.014750000000    0.014750000000
-3.7018220821e-08  4.5065657567e-10  9.2523739392e-06      0.0000000000 -4.3524611016e-08 -4.4019189080e-08    0.014761111111    0.014761111111
-3.7485204830e-08  4.3579264181e-10  9.2520289471e-06      0.0000000000 -4.3776995796e-08 -4.4557254793e-08    0.014772222222    0.014772222222
-3.7600986773e-08  4.4525425793e-10  9.2516989550e-06      0.0000000000 -4.4029380576e-08 -4.5076186415e-08    0.014783333333    0.014783333333
-3.7692891054e-08  4.5636972905e-10  9.2513689455e-06      0.0000000000 -4.4281765355e-08 -4.4414370148e-08    0.014794444444    0.014794444444
-3.7872744874e-08  4.6139349076e-10  9.2510389535e-06      0.0000000000 -4.4534150135e-08 -4.5152486942e-08    0.014805555556    0.014805555556
-3.8025537235e-08  4.6829162887e-10  9.2507089510e-06      0.0000000000 -4.4786534915e-08 -4.4466096654e-08    0.014816666667    0.014816666667
-3.8462872885e-08  4.5548124967e-10  9.2503789520e-06      0.0000000000 -4.5038919695e-08 -4.4813387468e-08    0.014827777778    0.014827777778
-3.8707196422e-08  4.5603960105e-10  9.2500489494e-06      0.0000000000 -4.5291304474e-08 -4.4671776333e-08    0.014838888889    0.014838888889
-3.8978183844e-08  4.5475111345e-10  9.2497189504e-06      0.0000000000 -4.5543689254e-08 -4.6114269773e-08    0.014850000000    0.014850000000
-3.9053837837e-08  4.6699213942e-10  9.2493739408e-06      0.0000000000 -4.5796074034e-08 -4.6570154804e-08    0.014861111111    0.014861111111
-3.9304462702e-08  4.6711403757e-10  9.2490289487e-06      0.0000000000 -4.6048458813e-08 -4.5179780927e-08    0.014872222222    0.014872222222
-3.9568684693e-08  4.6629414870e-10  9.2486989566e-06      0.0000000000 -4.6300843593e-08 -4.6091157930e-08    0.014883333333    0.014883333333
-3.9804253327e-08  4.6745889693e-10  9.2483689471e-06      0.0000000000 -4.6553228373e-08 -4.6478006157e-08    0.014894444444    0.014894444444
-3.9838850895e-08  4.8254364223e-10  9.2480389586e-06      0.0000000000 -4.6805613153e-08 -4.6427553161e-08    0.014905555556    0.014905555556
-3.9902556384e-08  4.9564376314e-10  9.2477089526e-06      0.0000000000 -4.7058452680e-08 -4.6689078599e-08    0.014916666667    0.014916666667
-4.0438188640e-08  4.7602499849e-10  9.2473789536e-06      0.0000000000 -4.7310837460e-08 -4.7085501732e-08    0.014927777778    0.014927777778
-4.0449306386e-08  4.9273604287e-10  9.2470489545e-06      0.0000000000 -4.7563222239e-08 -4.6785818170e-08    0.014938888889    0.014938888889
-4.0376852445e-08  5.1523557046e-10  9.2467189485e-06      0.0000000000 -4.7815607019e-08 -4.7540537756e-08    0.014950000000    0.014950000000
-4.0755388878e-08  5.0649784179e-10  9.2463739459e-06      0.0000000000 -4.8067991799e-08 -4.7680340822e-08    0.014961111111    0.014961111111
-4.0924057011e-08  5.1232786288e-10  9.2460289503e-06      0.0000000000 -4.8320831326e-08 -4.7915091111e-08    0.014972222222    0.014972222222
-4.1041828693e-08  5.2165166238e-10  9.2456989547e-06      0.0000000000 -4.8573216106e-08 -4.8524033142e-08    0.014983333333    0.014983333333
-4.1134528923e-08  5.3271200315e-10  9.2453689522e-06      0.0000000000 -4.8825600885e-08 -4.9327790713e-08    0.014994444444    0.014994444444
-4.1536445785e-08  5.2235485976e-10  9.2450389532e-06      0.0000000000 -4.9077985665e-08 -4.9685977110e-08    0.015005555556    0.015005555556
-4.1902602474e-08  5.1450609525e-10  9.2447089507e-06      0.0000000000 -4.9330825192e-08 -4.8759695327e-08    0.015016666667    0.015016666667
-4.2024353901e-08  5.2355424299e-10  9.2443789517e-06      0.0000000000 -4.9583209972e-08 -4.9671009441e-08    0.015027777778    0.015027777778
-4.2137748265e-08  5.3318123166e-10  9.2440489561e-06      0.0000000000 -4.9835594752e-08 -4.9387708559e-08    0.015038888889    0.015038888889
-4.2329995614e-08  5.3737806933e-10  9.2437189466e-06      0.0000000000 -5.0088434279e-08 -4.9665679567e-08    0.015050000000    0.015050000000
-4.2851102005e-08  5.1876541969e-10  9.2433739475e-06      0.0000000000 -5.0340819058e-08 -5.0228979639e-08    0.015061111111    0.015061111111
-4.2864010703e-08  5.3535241615e-10  9.2430289484e-06      0.0000000000 -5.0593203838e-08 -5.0131532562e-08    0.015072222222    0.015072222222
-4.2899063102e-08  5.5043715564e-10  9.2426989598e-06      0.0000000000 -5.0846043365e-08 -5.1234942251e-08    0.015083333333    0.015083333333
-4.3268346864e-08  5.4234030111e-10  9.2423689538e-06      0.0000000000 -5.1098428145e-08 -5.1087702518e-08    0.015094444444    0.015094444444
-4.3367471140e-08  5.5298718620e-10  9.2420389548e-06      0.0000000000 -5.1351267672e-08 -5.2178958836e-08    0.015105555556    0.015105555556
-4.3548120909e-08  5.5795581756e-10  9.2417089558e-06      0.0000000000 -5.1603652452e-08 -5.1590408683e-08    0.015116666667    0.015116666667
-4.3988298701e-08  5.4498007851e-10  9.2413789498e-06      0.0000000000 -5.1856491979e-08 -5.2816405473e-08    0.015127777778    0.015127777778
-4.4146264597e-08  5.5151987859e-10  9.2410489612e-06      0.0000000000 -5.2108876759e-08 -5.2037221922e-08    0.015138888889    0.015138888889
-4.4226628020e-08  5.6343471203e-10  9.2407189517e-06      0.0000000000 -5.2361261538e-08 -5.2394150532e-08    0.015150000000    0.015150000000
-4.4554746158e-08  5.5822063788e-10  9.2403739421e-06      0.0000000000 -5.2614101066e-08 -5.2465357019e-08    0.015161111111    0.015161111111
-4.4812037061e-08  5.5788082166e-10  9.2400289535e-06      0.0000000000 -5.2866485845e-08 -5.2817804761e-08    0.015172222222    0.015172222222
-4.4724914923e-08  5.8142782010e-10  9.2396989544e-06      0.0000000000 -5.3119325372e-08 -5.4268756822e-08    0.015183333333    0.015183333333
-4.4954570531e-08  5.8303362383e-10  9.2393689519e-06      0.0000000000 -5.3372164900e-08 -5.2783703002e-08    0.015194444444    0.015194444444
-4.5198098387e-08  5.8364708706e-10  9.2390389564e-06      0.0000000000 -5.3624549679e-08 -5.4110668672e-08    0.015205555556    0.015205555556
-4.5082323160e-08  6.0917870409e-10  9.2387089574e-06      0.0000000000 -5.3877389206e-08 -5.4118812845e-08    0.015216666667    0.015216666667
-4.5445637439e-08  6.0149531793e-10  9.2383789479e-06      0.0000000000 -5.4129773986e-08 -5.4682820423e-08    0.015227777778    0.015227777778
-4.5773589922e-08  5.9629271770e-10  9.2380489593e-06      0.0000000000 -5.4382613513e-08 -5.5440244252e-08    0.015238888889    0.015238888889
-4.5750483204e-08  6.1537427461e-10  9.2377189533e-06      0.0000000000 -5.4634998293e-08 -5.5047861761e-08    0.015250000000    0.015250000000
-4.5772568237e-08  6.3135718171e-10  9.2373739472e-06      0.0000000000 -5.4887837820e-08 -5.4117555058e-08    0.015261111111    0.015261111111
-4.6197457881e-08  6.1944035623e-10  9.2370289551e-06      0.0000000000 -5.5140677347e-08 -5.4750913886e-08    0.015272222222    0.015272222222
-4.6389250666e-08  6.2363718119e-10  9.2366989561e-06      0.0000000000 -5.5393062127e-08 -5.5899320918e-08    0.015283333333    0.015283333333
-4.6444996934e-08  6.3728858710e-10  9.2363689570e-06      0.0000000000 -5.5645901654e-08 -5.6149903606e-08    0.015294444444    0.015294444444
-4.6744693900e-08  6.3404306805e-10  9.2360389510e-06      0.0000000000 -5.5898741181e-08 -5.4790471299e-08    0.015305555556    0.015305555556
-4.7180835493e-08  6.2131539362e-10  9.2357089625e-06      0.0000000000 -5.6151125961e-08 -5.4496149055e-08    0.015316666667    0.015316666667
-4.7467002132e-08  6.1900703500e-10  9.2353789530e-06      0.0000000000 -5.6403965488e-08 -5.6122814010e-08    0.015327777778    0.015327777778
-4.7404155498e-08  6.4087262253e-10  9.2350489575e-06      0.0000000000 -5.6656805015e-08 -5.6684101622e-08    0.015338888889    0.015338888889
-4.7601178540e-08  6.4473867809e-10  9.2347189584e-06      0.0000000000 -5.6909644542e-08 -5.6933300744e-08    0.015350000000    0.015350000000
-4.7884601894e-08  6.4258883198e-10  9.2343739418e-06      0.0000000000 -5.7162029322e-08 -5.6500087331e-08    0.015361111111    0.015361111111
-4.8007902280e-08  6.5156119051e-10  9.2340289532e-06      0.0000000000 -5.7414868849e-08 -5.5821589659e-08    0.015372222222    0.015372222222
-4.8234374360e-08  6.5338749713e-10  9.2336989577e-06      0.0000000000 -5.7667708376e-08 -5.6434713832e-08    0.015383333333    0.015383333333
-4.8566306586e-08  6.4790924515e-10  9.2333689586e-06      0.0000000000 -5.7920547903e-08 -6.0281986659e-08    0.015394444444    0.015394444444
-4.8839681588e-08  6.4645538501e-10  9.2330389491e-06      0.0000000000 -5.8172932683e-08 -5.9321461615e-08    0.015405555556    0.015405555556
-4.8886672685e-08  6.6071320627e-10  9.2327089606e-06      0.0000000000 -5.8425772210e-08 -5.9539530500e-08    0.015416666667    0.015416666667
-4.8945602748e-08  6.7414409077e-10  9.2323789546e-06      0.0000000000 -5.8678611737e-08 -5.8235802451e-08    0.015427777778    0.015427777778
-4.9332453572e-08  6.6486197416e-10  9.2320489556e-06      0.0000000000 -5.8931451264e-08 -5.9292894120e-08    0.015438888889    0.015438888889
-4.9757906713e-08  6.5290611883e-10  9.2317189565e-06      0.0000000000 -5.9184290791e-08 -6.0524378007e-08    0.015450000000    0.015450000000
-4.9734159896e-08  6.7206350886e-10  9.2313739434e-06      0.0000000000 -5.9437130318e-08 -5.9871900811e-08    0.015461111111    0.015461111111
-4.9669622238e-08  6.9404622294e-10  9.2310289583e-06      0.0000000000 -5.9689969845e-08 -6.0072077670e-08    0.015472222222    0.015472222222
-5.0018212132e-08  6.8738270200e-10  9.2306989523e-06      0.0000000000 -5.9942354625e-08 -5.8204342044e-08    0.015483333333    0.015483333333
-5.0185387761e-08  6.9331609943e-10  9.2303689637e-06      0.0000000000 -6.0195194152e-08 -5.9302406137e-08    0.015494444444    0.015494444444
-5.0430564238e-08  6.9384687058e-10  9.2300389542e-06      0.0000000000 -6.0448033679e-08 -6.1405788226e-08    0.015505555556    0.015505555556
-5.0581423317e-08  7.0091041244e-10  9.2297089587e-06      0.0000000000 -6.0700873206e-08 -6.1155284150e-08    0.015516666667    0.015516666667
-5.0731486714e-08  7.0802906614e-10  9.2293789597e-06      0.0000000000 -6.0953712733e-08 -6.0084482598e-08    0.015527777778    0.015527777778
-5.1228573111e-08  6.9111162733e-10  9.2290489572e-06      0.0000000000 -6.1206552261e-08 -5.9969945336e-08    0.015538888889    0.015538888889
-5.1248104909e-08  7.0727138090e-10  9.2287189581e-06      0.0000000000 -6.1459391788e-08 -5.9202899434e-08    0.015550000000    0.015550000000
-5.1183533853e-08  7.2925640827e-10  9.2283739450e-06      0.0000000000 -6.1712231315e-08 -6.2734231797e-08    0.015561111111    0.015561111111
-5.1598772718e-08  7.1800803135e-10  9.2280289599e-06      0.0000000000 -6.1965070842e-08 -6.4074718682e-08    0.015572222222    0.015572222222
-5.2197737358e-08  6.9403412976e-10  9.2276989504e-06      0.0000000000 -6.2217910369e-08 -6.1794035741e-08    0.015583333333    0.015583333333
-5.2126533662e-08  7.1647855821e-10  9.2273689653e-06      0.0000000000 -6.2470749896e-08 -6.1774964540e-08    0.015594444444    0.015594444444
-5.2234015000e-08  7.2654660238e-10  9.2270389558e-06      0.0000000000 -6.2723589423e-08 -6.2258803895e-08    0.015605555556    0.015605555556
-5.2605743331e-08  7.1831192541e-10  9.2267089568e-06      0.0000000000 -6.2976428950e-08 -6.2302291893e-08    0.015616666667    0.015616666667
-5.2767347586e-08  7.2463121680e-10  9.2263789578e-06      0.0000000000 -6.3229268477e-08 -6.2821380739e-08    0.015627777778    0.015627777778
-5.3020881124e-08  7.2458314702e-10  9.2260489553e-06      0.0000000000 -6.3482108004e-08 -6.2516210079e-08    0.015638888889    0.015638888889
-5.3416487119e-08  7.1469461506e-10  9.2257189632e-06      0.0000000000 -6.3734947532e-08 -6.2784480402e-08    0.015650000000    0.015650000000
-5.3604546131e-08  7.1921304988e-10  9.2253739397e-06      0.0000000000 -6.3988241806e-08 -6.2704202123e-08    0.015661111111    0.015661111111
-5.3843222492e-08  7.2019404297e-10  9.2250289650e-06      0.0000000000 -6.4241081333e-08 -6.5680991759e-08    0.015672222222    0.015672222222
-5.3944734347e-08  7.3067555552e-10  9.2246989555e-06      0.0000000000 -6.4493920860e-08 -6.5366356250e-08    0.015683333333    0.015683333333
-5.4029929919e-08  7.4228719398e-10  9.2243689600e-06      0.0000000000 -6.4746760387e-08 -6.4333649933e-08    0.015694444444    0.015694444444
-5.4416780744e-08  7.3300507737e-10  9.2240389609e-06      0.0000000000 -6.4999599914e-08 -6.3738307728e-08    0.015705555556    0.015705555556
-5.4700559269e-08  7.3086212831e-10  9.2237089584e-06      0.0000000000 -6.5252439441e-08 -6.4078869380e-08    0.015716666667    0.015716666667
-5.4894000675e-08  7.3497626119e-10  9.2233789594e-06      0.0000000000 -6.5505278969e-08 -6.5488801850e-08    0.015727777778    0.015727777778
-5.5097845337e-08  7.3840132366e-10  9.2230489569e-06      0.0000000000 -6.5758573243e-08 -6.5750421622e-08    0.015738888889    0.015738888889
-5.5216071851e-08  7.4772511735e-10  9.2227189648e-06      0.0000000000 -6.6011412770e-08 -6.6589664519e-08    0.015750000000    0.015750000000
-5.5429842148e-08  7.5043119629e-10  9.2223739413e-06      0.0000000000 -6.6264252297e-08 -6.6666829774e-08    0.015761111111    0.015761111111
-5.5645138347e-08  7.5303158559e-10  9.2220289666e-06      0.0000000000 -6.6517091824e-08 -6.7277721375e-08    0.015772222222    0.015772222222
-5.5930508769e-08  7.5077837583e-10  9.2216989571e-06      0.0000000000 -6.6769931351e-08 -6.8344482285e-08    0.015783333333    0.015783333333
-5.6118037149e-08  7.5533356422e-10  9.2213689581e-06      0.0000000000 -6.7023225626e-08 -6.9311736491e-08    0.015794444444    0.015794444444
-5.6170201780e-08  7.6923304745e-10  9.2210389625e-06      0.0000000000 -6.7276065153e-08 -6.7563946613e-08    0.015805555556    0.015805555556
-5.6460745736e-08  7.6662149966e-10  9.2207089565e-06      0.0000000000 -6.7528904680e-08 -6.7727411803e-08    0.015816666667    0.015816666667
-5.6565895951e-08  7.7688250350e-10  9.2203789645e-06      0.0000000000 -6.7782198954e-08 -6.7195980919e-08    0.015827777778    0.015827777778
-5.6832960085e-08  7.7589725479e-10  9.2200489550e-06      0.0000000000 -6.8035038481e-08 -6.6492893504e-08    0.015838888889    0.015838888889
-5.6770909667e-08  7.9770769346e-10  9.2197189630e-06      0.0000000000 -6.8287878009e-08 -6.7633250697e-08    0.015850000000    0.015850000000
-5.7168770716e-08  7.8766296809e-10  9.2193739464e-06      0.0000000000 -6.8540717536e-08 -6.7052813272e-08    0.015861111111    0.015861111111
-5.7143522123e-08  8.0695587416e-10  9.2190289612e-06      0.0000000000 -6.8794011810e-08 -6.6644268213e-08    0.015872222222    0.015872222222
-5.7342534636e-08  8.1068413160e-10  9.2186989622e-06      0.0000000000 -6.9046851337e-08 -6.7224611304e-08    0.015883333333    0.015883333333
-5.7418633654e-08  8.2295732846e-10  9.2183689597e-06      0.0000000000 -6.9300145612e-08 -6.8559689703e-08    0.015894444444    0.015894444444
-5.7244357658e-08  8.5254092446e-10  9.2180389606e-06      0.0000000000 -6.9552985139e-08 -6.8739474685e-08    0.015905555556    0.015905555556
-5.7793577234e-08  8.3201254949e-10  9.2177089581e-06      0.0000000000 -6.9805824666e-08 -7.0984782356e-08    0.015916666667    0.015916666667
-5.8207944081e-08  8.2085606918e-10  9.2173789661e-06      0.0000000000 -7.0059118940e-08 -7.1516213240e-08    0.015927777778    0.015927777778
-5.8429640468e-08  8.2301315791e-10  9.2170489566e-06      0.0000000000 -7.0311958467e-08 -7.0023046691e-08    0.015938888889    0.015938888889
-5.8709837623e-08  8.2111826766e-10  9.2167189646e-06      0.0000000000 -7.0564797994e-08 -6.9995768428e-08    0.015950000000    0.015950000000
-5.9238751098e-08  8.0202786556e-10  9.2163739480e-06      0.0000000000 -7.0818092269e-08 -7.2070866024e-08    0.015961111111    0.015961111111
-5.9521402363e-08  7.9996299469e-10  9.2160289593e-06      0.0000000000 -7.1070931796e-08 -7.2693455047e-08    0.015972222222    0.015972222222
-5.9527857862e-08  8.1705995841e-10  9.2156989638e-06      0.0000000000 -7.1324226070e-08 -7.3134859801e-08    0.015983333333    0.015983333333
-6.0129210349e-08  7.9292066578e-10  9.2153689543e-06      0.0000000000 -7.1577065598e-08 -7.1603377904e-08    0.015994444444    0.015994444444
-6.0208493162e-08  8.0497334123e-10  9.2150389657e-06      0.0000000000 -7.1830359872e-08 -7.0213805868e-08    0.016005555556    0.016005555556
-6.0438546878e-08  8.0655157053e-10  9.2147089597e-06      0.0000000000 -7.2083199399e-08 -7.2728877484e-08    0.016016666667    0.016016666667
-6.0649156971e-08  8.0950803428e-10  9.2143789642e-06      0.0000000000 -7.2336493674e-08 -7.3141683297e-08    0.016027777778    0.016027777778
-6.0632076193e-08  8.2820370994e-10  9.2140489617e-06      0.0000000000 -7.2589333201e-08 -7.3043528716e-08    0.016038888889    0.016038888889
-6.0979585476e-08  8.2167803101e-10  9.2137189592e-06      0.0000000000 -7.2842627475e-08 -7.3147091783e-08    0.016050000000    0.016050000000
-6.1123049098e-08  8.2925380952e-10  9.2133739531e-06      0.0000000000 -7.3095467002e-08 -7.4237703485e-08    0.016061111111    0.016061111111
-6.1198584352e-08  8.4156605473e-10  9.2130289609e-06      0.0000000000 -7.3348761277e-08 -7.4949689746e-08    0.016072222222    0.016072222222
-6.1339494471e-08  8.4931869821e-10  9.2126989619e-06      0.0000000000 -7.3601600804e-08 -7.3866388933e-08    0.016083333333    0.016083333333
-6.1771371658e-08  8.3694938720e-10  9.2123689594e-06      0.0000000000 -7.3854895078e-08 -7.2988956466e-08    0.016094444444    0.016094444444
-6.1797270780e-08  8.5266811648e-10  9.2120389673e-06      0.0000000000 -7.4107734605e-08 -7.3386951834e-08    0.016105555556    0.016105555556
-6.1779848616e-08  8.7141893519e-10  9.2117089578e-06      0.0000000000 -7.4361028880e-08 -7.2351305439e-08    0.016116666667    0.016116666667
-6.2042591888e-08  8.7076446277e-10  9.2113789658e-06      0.0000000000 -7.4614323154e-08 -7.2514864964e-08    0.016127777778    0.016127777778
-6.2048990932e-08  8.8783383936e-10  9.2110489633e-06      0.0000000000 -7.4867162681e-08 -7.4253441550e-08    0.016138888889    0.016138888889
-6.2059028067e-08  9.0468272576e-10  9.2107189608e-06      0.0000000000 -7.5120456956e-08 -7.3732953415e-08    0.016150000000    0.016150000000
-6.2229685939e-08  9.1037493022e-10  9.2103739512e-06      0.0000000000 -7.5373296483e-08 -7.3539647220e-08    0.016161111111    0.016161111111
-6.2603560126e-08  9.0202312090e-10  9.2100289555e-06      0.0000000000 -7.5626590757e-08 -7.3959166473e-08    0.016172222222    0.016172222222
-6.2927191746e-08  8.9715129696e-10  9.2096989670e-06      0.0000000000 -7.5879885032e-08 -7.4825734801e-08    0.016183333333    0.016183333333
-6.3150878138e-08  8.9917055056e-10  9.2093689610e-06      0.0000000000 -7.6132724559e-08 -7.4408699678e-08    0.016194444444    0.016194444444
-6.3315722644e-08  9.0529690767e-10  9.2090389620e-06      0.0000000000 -7.6386018833e-08 -7.5964818484e-08    0.016205555556    0.016205555556
-6.3647313219e-08  8.9987381724e-10  9.2087089629e-06      0.0000000000 -7.6639313108e-08 -7.5079147511e-08    0.016216666667    0.016216666667
-6.4011878278e-08  8.9213529492e-10  9.2083789604e-06      0.0000000000 -7.6892152635e-08 -7.5266998054e-08    0.016227777778    0.016227777778
-6.4319193348e-08  8.8839361541e-10  9.2080489684e-06      0.0000000000 -7.7145446909e-08 -7.7659529736e-08    0.016238888889    0.016238888889
-6.4453394760e-08  8.9664242624e-10  9.2077189589e-06      0.0000000000 -7.7398741184e-08 -7.8101013101e-08    0.016250000000    0.016250000000
-6.4819319264e-08  8.8880974372e-10  9.2073739528e-06      0.0000000000 -7.7651580711e-08 -7.8158163815e-08    0.016261111111    0.016261111111
-6.5013049311e-08  8.9293538173e-10  9.2070289606e-06      0.0000000000 -7.7904874985e-08 -7.8106594533e-08    0.016272222222    0.016272222222
-6.5222863723e-08  8.9594695732e-10  9.2066989686e-06      0.0000000000 -7.8158169260e-08 -7.7726381134e-08    0.016283333333    0.016283333333
-6.5343875657e-08  9.0507782255e-10  9.2063689591e-06      0.0000000000 -7.8411008787e-08 -7.8849019247e-08    0.016294444444    0.016294444444
-6.5671088913e-08  8.9995792129e-10  9.2060389671e-06      0.0000000000 -7.8664303061e-08 -8.0219913142e-08    0.016305555556    0.016305555556
-6.5993924318e-08  8.9514124621e-10  9.2057089645e-06      0.0000000000 -7.8917597336e-08 -7.9587686323e-08    0.016316666667    0.016316666667
-6.6011522833e-08  9.1146640353e-10  9.2053789620e-06      0.0000000000 -7.9170891610e-08 -8.0311071281e-08    0.016327777778    0.016327777778
-6.6313607914e-08  9.0805547492e-10  9.2050489665e-06      0.0000000000 -7.9423731137e-08 -7.9144756502e-08    0.016338888889    0.016338888889
-6.6774138190e-08  8.9370154533e-10  9.2047189605e-06      0.0000000000 -7.9677025412e-08 -8.0486878510e-08    0.016350000000    0.016350000000
-6.6800923115e-08  9.0939041809e-10  9.2043739544e-06      0.0000000000 -7.9930319686e-08 -8.0095407915e-08    0.016361111111    0.016361111111
-6.7065622994e-08  9.0860042383e-10  9.2040289622e-06      0.0000000000 -8.0183613960e-08 -8.0381963322e-08    0.016372222222    0.016372222222
-6.7433826145e-08  9.0064141131e-10  9.2036989632e-06      0.0000000000 -8.0436908235e-08 -8.0774314368e-08    0.016383333333    0.016383333333
-6.7609359104e-08  9.0599594932e-10  9.2033689642e-06      0.0000000000 -8.0689747762e-08 -8.0929698275e-08    0.016394444444    0.016394444444
-6.7735601294e-08  9.1479604514e-10  9.2030389617e-06      0.0000000000 -8.0943042036e-08 -7.9320658065e-08    0.016405555556    0.016405555556
-6.7902037697e-08  9.2081214155e-10  9.2027089696e-06      0.0000000000 -8.1196336311e-08 -8.1184573162e-08    0.016416666667    0.016416666667
-6.8112249950e-08  9.2379616122e-10  9.2023789601e-06      0.0000000000 -8.1449630585e-08 -8.2725472741e-08    0.016427777778    0.016427777778
-6.8249237049e-08  9.3185202507e-10  9.2020489681e-06      0.0000000000 -8.1702924860e-08 -8.1106716124e-08    0.016438888889    0.016438888889
-6.8306631937e-08  9.4542073890e-10  9.2017189656e-06      0.0000000000 -8.1956219134e-08 -8.0440481879e-08    0.016450000000    0.016450000000
-6.8646911419e-08  9.3939582269e-10  9.2013739560e-06      0.0000000000 -8.2209513409e-08 -8.1656605038e-08    0.016461111111    0.016461111111
-6.8800224874e-08  9.4628936542e-10  9.2010289603e-06      0.0000000000 -8.2462352936e-08 -8.1965281780e-08    0.016472222222    0.016472222222
-6.8904181032e-08  9.5663307404e-10  9.2006989683e-06      0.0000000000 -8.2715647210e-08 -8.2169672227e-08    0.016483333333    0.016483333333
-6.9050719249e-08  9.6402739220e-10  9.2003689658e-06      0.0000000000 -8.2968941485e-08 -8.3850988043e-08    0.016494444444    0.016494444444
-6.9233074095e-08  9.6894091861e-10  9.2000389633e-06      0.0000000000 -8.3222235759e-08 -8.2669642705e-08    0.016505555556    0.016505555556
-6.9432541439e-08  9.7266917025e-10  9.1997089677e-06      0.0000000000 -8.3475530033e-08 -8.3280015468e-08    0.016516666667    0.016516666667
-6.9814275453e-08  9.6377296028e-10  9.1993789617e-06      0.0000000000 -8.3728824308e-08 -8.4036338734e-08    0.016527777778    0.016527777778
-6.9897537743e-08  9.7555000249e-10  9.1990489697e-06      0.0000000000 -8.3982118582e-08 -8.4635863082e-08    0.016538888889    0.016538888889
-7.0262159258e-08  9.6783906730e-10  9.1987189637e-06      0.0000000000 -8.4235412857e-08 -8.4421976340e-08    0.016550000000    0.016550000000
-7.0388932081e-08  9.7660240955e-10  9.1983739506e-06      0.0000000000 -8.4488707131e-08 -8.4904054793e-08    0.016561111111    0.016561111111
-7.0551654057e-08  9.8287578093e-10  9.1980289654e-06      0.0000000000 -8.4742001406e-08 -8.4510524571e-08    0.016572222222    0.016572222222
-7.0911102306e-08  9.7552316525e-10  9.1976989629e-06      0.0000000000 -8.4995295680e-08 -8.6501271801e-08    0.016583333333    0.016583333333
-7.1133651365e-08  9.7765269225e-10  9.1973689639e-06      0.0000000000 -8.5248589955e-08 -8.6784714184e-08    0.016594444444    0.016594444444
-7.1062902233e-08  1.0000971334e-09  9.1970389614e-06      0.0000000000 -8.5501884229e-08 -8.5497085813e-08    0.016605555556    0.016605555556
-7.1429058923e-08  9.9224836888e-10  9.1967089694e-06      0.0000000000 -8.5754723756e-08 -8.5728565855e-08    0.016616666667    0.016616666667
-7.1731598567e-08  9.8883745297e-10  9.1963789668e-06      0.0000000000 -8.6008018031e-08 -8.6047383508e-08    0.016627777778    0.016627777778
-7.1792176983e-08  1.0021856639e-09  9.1960489678e-06      0.0000000000 -8.6261312305e-08 -8.7420965923e-08    0.016638888889    0.016638888889
-7.1921204861e-08  1.0107928127e-09  9.1957189653e-06      0.0000000000 -8.6514606579e-08 -8.8064182659e-08    0.016650000000    0.016650000000
-7.2250606643e-08  1.0055213262e-09  9.1953739557e-06      0.0000000000 -8.6767900854e-08 -8.8059167232e-08    0.016661111111    0.016661111111

# index: 7784
# xPosition: 2.7952624601838315E-6
# yPosition: -1.8485418918264034E-5
# quantitative-imaging-settings.type: simple-quantitative-imaging-settings
# quantitative-imaging-settings.relative-setpoint: 0.30087220298747946
# quantitative-imaging-settings.control-settings.control-settings-type: quantitative-imaging-control-settings
# quantitative-imaging-settings.control-settings.next-line-motion-time: 0.05
# quantitative-imaging-settings.control-settings.next-line-additional-delay: 0.01
# quantitative-imaging-settings.control-settings.max-retries-per-position: 5
# quantitative-imaging-settings.control-settings.max-bad-adjecent-pixels: 0
# quantitative-imaging-settings.control-settings.max-pixel-replays: 1
# quantitative-imaging-settings.control-settings.pixelwise-retract-if-required: true
# quantitative-imaging-settings.control-settings.no-data-extend-fraction: 0.2
# quantitative-imaging-settings.control-settings.overscan-delay-factor: 3.4
# quantitative-imaging-settings.control-settings.overscan-distance-factor: 0.383
# quantitative-imaging-settings.control-settings.line-clock.active: false
# quantitative-imaging-settings.control-settings.line-clock.name: pulse-2
# quantitative-imaging-settings.control-settings.frame-clock.active: false
# quantitative-imaging-settings.control-settings.frame-clock.name: pulse-3
# quantitative-imaging-settings.control-settings.closed-loop: false
# quantitative-imaging-settings.control-settings.start-option.type: smooth-xyz-motion
# quantitative-imaging-settings.control-settings.start-option.additional-retract: 3.0E-9
# quantitative-imaging-settings.control-settings.start-option.start-time: 0.005208333333333334
# quantitative-imaging-settings.control-settings.start-option.motion-time: 0.005208333333333334
# quantitative-imaging-settings.control-settings.pixel-clock.active: false
# quantitative-imaging-settings.control-settings.pixel-clock.name: pixel-clock
# quantitative-imaging-settings.control-settings.ttl-outputs.pins.list: 
# quantitative-imaging-settings.control-settings.baseline-adjust-settings.enabled: true
# quantitative-imaging-settings.control-settings.baseline-adjust-settings.interval: 1
# quantitative-imaging-settings.control-settings.averager.type: instrumentdefault
# quantitative-imaging-settings.control-settings.averager.value: NaN
# quantitative-imaging-settings.extend.type: z-extend-force
# quantitative-imaging-settings.extend.identifier.type: standard
# quantitative-imaging-settings.extend.identifier.name: extend-spm
# quantitative-imaging-settings.extend.style: extend
# quantitative-imaging-settings.extend.duration: 0.01666666666666667
# quantitative-imaging-settings.extend.num-points: 1500
# quantitative-imaging-settings.extend.z-start: 5.000000000000001E-7
# quantitative-imaging-settings.extend.z-end: 0.0
# quantitative-imaging-settings.extend.setpoint: 0.30087220298747946
# quantitative-imaging-settings.retract.type: z-retract-height
# quantitative-imaging-settings.retract.identifier.type: standard
# quantitative-imaging-settings.retract.identifier.name: retract-spm
# quantitative-imaging-settings.retract.style: retract
# quantitative-imaging-settings.retract.duration: 0.025000000000000005
# quantitative-imaging-settings.retract.num-points: 1500
# quantitative-imaging-settings.retract.z-start: 5.000000000000001E-7
# quantitative-imaging-settings.retract.z-end: 0.0
# quantitative-imaging-settings.retract.setpoint: 0.15000000000000002
# quantitative-imaging-settings.data-description.comment: 
# quantitative-imaging-settings.data-description.name: 
# quantitative-imaging-settings.data-description.probe: 
# quantitative-imaging-settings.data-description.user-name: afm_csec
# quantitative-imaging-settings.data-description.instrument: JPK01814-H-21-02-0019
# quantitative-imaging-settings.data-description.source-software: 8.0.163
# quantitative-imaging-settings.data-description.modification-software: 
# feedbackMode: contact
# date: Wed Oct 02 15:44:14 BST 2024
# segmentIndex: 1
# segment: retract
# columns: verticalTipPosition vDeflection height error smoothedMeasuredHeight measuredHeight seriesTime time
# fancyNames: "Vertical Tip Position" "Vertical Deflection" "Height" "Error Signal" "Height (measured & smoothed)" "Height (measured)" "Series Time" "Segment Time"
# heightMultiplier: 0.788494
# heightOffset: 0.0
# sensitivity: 4.798575435590727E-8
# springConstant: 0.06926368726396598
# calibrationSlots: nominal force nominal volts nominal nominal elapsed elapsed
# units: m N m V m m s s
#
-7.3609557332e-08  1.0241248654e-09  9.1953389857e-06      0.0000000000 -8.8395441623e-08 -8.6982862861e-08    0.016675000000  8.3333333333e-06
-7.3321403791e-08  1.0295946022e-09  9.1956789976e-06      0.0000000000 -8.8186257841e-08 -8.6794163312e-08    0.016691666667  2.5000000000e-05
-7.2914283555e-08  1.0433044109e-09  9.1960090909e-06      0.0000000000 -8.7977074060e-08 -8.7833677402e-08    0.016708333333  4.1666666667e-05
-7.3089381046e-08  1.0166876730e-09  9.1963389956e-06      0.0000000000 -8.7767890279e-08 -8.6559696024e-08    0.016725000000  5.8333333333e-05
-7.3852938465e-08  9.4928053320e-10  9.1966789936e-06      0.0000000000 -8.7558251750e-08 -8.7771086759e-08    0.016741666667  7.5000000000e-05
-7.4255168517e-08  9.0690025919e-10  9.1970090904e-06      0.0000000000 -8.7348613221e-08 -8.8118393295e-08    0.016758333333  9.1666666667e-05
-7.4273554052e-08  8.9110647174e-10  9.1973389986e-06      0.0000000000 -8.7138974692e-08 -8.7605231772e-08    0.016775000000  0.00010833333333
-7.4365023400e-08  8.7025062994e-10  9.1976789861e-06      0.0000000000 -8.6929336163e-08 -8.4989364221e-08    0.016791666667  0.00012500000000
-7.4154371709e-08  8.7028930779e-10  9.1980090968e-06      0.0000000000 -8.6719242887e-08 -8.5938584901e-08    0.016808333333  0.00014166666667
-7.3868012434e-08  8.7557177211e-10  9.1983389911e-06      0.0000000000 -8.6509149611e-08 -8.7099192470e-08    0.016825000000  0.00015833333333
-7.3567104582e-08  8.8186192449e-10  9.1986789960e-06      0.0000000000 -8.6299056335e-08 -8.6907820122e-08    0.016841666667  0.00017500000000
-7.3306653775e-08  8.8531837526e-10  9.1990090963e-06      0.0000000000 -8.6088508312e-08 -8.7035501262e-08    0.016858333333  0.00019166666667
-7.3302741362e-08  8.7100603095e-10  9.1993389905e-06      0.0000000000 -8.5877960288e-08 -8.7775363236e-08    0.016875000000  0.00020833333333
-7.3038459635e-08  8.7472782545e-10  9.1996789955e-06      0.0000000000 -8.5667412265e-08 -8.6230706017e-08    0.016891666667  0.00022500000000
-7.2623554144e-08  8.8888237716e-10  9.2000090923e-06      0.0000000000 -8.5456864241e-08 -8.4715103686e-08    0.016908333333  0.00024166666667
-7.2146617201e-08  9.0730195849e-10  9.2003389970e-06      0.0000000000 -8.5245861470e-08 -8.5277601918e-08    0.016925000000  0.00025833333333
-7.2623237636e-08  8.5967463980e-10  9.2006789879e-06      0.0000000000 -8.5034858700e-08 -8.4939068448e-08    0.016941666667  0.00027500000000
-7.2765086378e-08  8.3523484299e-10  9.2010090952e-06      0.0000000000 -8.4823855929e-08 -8.4299153404e-08    0.016958333333  0.00029166666667
-7.2747827915e-08  8.2181539779e-10  9.2013389930e-06      0.0000000000 -8.4612853158e-08 -8.2963225998e-08    0.016975000000  0.00030833333333
-7.2432363045e-08  8.2905082799e-10  9.2016789909e-06      0.0000000000 -8.4401850387e-08 -8.6163713117e-08    0.016991666667  0.00032500000000
-7.2327228440e-08  8.2168651099e-10  9.2020090982e-06      0.0000000000 -8.4190392869e-08 -8.3738070182e-08    0.017008333333  0.00034166666667
-7.2234420488e-08  8.1346840456e-10  9.2023389889e-06      0.0000000000 -8.3978935351e-08 -8.3113154252e-08    0.017025000000  0.00035833333333
-7.2295033929e-08  7.9459226921e-10  9.2026790008e-06      0.0000000000 -8.3767023085e-08 -8.3857276980e-08    0.017041666667  0.00037500000000
-7.2154492293e-08  7.8968037375e-10  9.2030090907e-06      0.0000000000 -8.3555565567e-08 -8.4155781366e-08    0.017058333333  0.00039166666667
-7.1711409334e-08  8.0569210839e-10  9.2033389954e-06      0.0000000000 -8.3343653302e-08 -8.2947346433e-08    0.017075000000  0.00040833333333
-7.1156328172e-08  8.2946125147e-10  9.2036789933e-06      0.0000000000 -8.3131741036e-08 -8.2629141951e-08    0.017091666667  0.00042500000000
-7.0638662671e-08  8.5060735047e-10  9.2040090936e-06      0.0000000000 -8.2919374023e-08 -8.3702411911e-08    0.017108333333  0.00044166666667
-7.0212060047e-08  8.6547759631e-10  9.2043389983e-06      0.0000000000 -8.2707461758e-08 -8.3006509606e-08    0.017125000000  0.00045833333333
-7.0197542413e-08  8.5177381881e-10  9.2046789893e-06      0.0000000000 -8.2495094745e-08 -8.1132029095e-08    0.017141666667  0.00047500000000
-7.0077512799e-08  8.4537819014e-10  9.2050091001e-06      0.0000000000 -8.2282727732e-08 -8.2477138348e-08    0.017158333333  0.00049166666667
-7.0157434666e-08  8.2513318454e-10  9.2053389873e-06      0.0000000000 -8.2070360719e-08 -8.2103669835e-08    0.017175000000  0.00050833333333
-7.0307780691e-08  7.9997884463e-10  9.2056789957e-06      0.0000000000 -8.1857538959e-08 -8.1592237770e-08    0.017191666667  0.00052500000000
-7.0215139225e-08  7.9165471436e-10  9.2060090926e-06      0.0000000000 -8.1644717199e-08 -8.1246299077e-08    0.017208333333  0.00054166666667
-6.9982220528e-08  7.9304670227e-10  9.2063389938e-06      0.0000000000 -8.1431895439e-08 -8.2814288252e-08    0.017225000000  0.00055833333333
-6.9793947641e-08  7.9134635684e-10  9.2066789952e-06      0.0000000000 -8.1219073678e-08 -8.0201989672e-08    0.017241666667  0.00057500000000
-6.9538080289e-08  7.9432785324e-10  9.2070090920e-06      0.0000000000 -8.1006251918e-08 -7.9995743989e-08    0.017258333333  0.00059166666667
-6.9092490880e-08  8.1041870134e-10  9.2073390002e-06      0.0000000000 -8.0792975411e-08 -7.9504515133e-08    0.017275000000  0.00060833333333
-6.9227189578e-08  7.8631665554e-10  9.2076789877e-06      0.0000000000 -8.0579698903e-08 -8.0337704929e-08    0.017291666667  0.00062500000000
-6.9271150645e-08  7.6849943267e-10  9.2080090985e-06      0.0000000000 -8.0366422395e-08 -7.9147963860e-08    0.017308333333  0.00064166666667
-6.9180173858e-08  7.5999700555e-10  9.2083389927e-06      0.0000000000 -8.0152691141e-08 -8.0702683378e-08    0.017325000000  0.00065833333333
-6.9340108061e-08  7.3414705559e-10  9.2086789941e-06      0.0000000000 -7.9939414633e-08 -8.0126915489e-08    0.017341666667  0.00067500000000
-6.9234776676e-08  7.2663888094e-10  9.2090090944e-06      0.0000000000 -7.9725683378e-08 -8.0582124459e-08    0.017358333333  0.00069166666667
-6.9415012892e-08  6.9931974374e-10  9.2093389922e-06      0.0000000000 -7.9511497376e-08 -7.9720477224e-08    0.017375000000  0.00070833333333
-6.8892619553e-08  7.2069881782e-10  9.2096789971e-06      0.0000000000 -7.9297766121e-08 -7.9036461010e-08    0.017391666667  0.00072500000000
-6.8526994921e-08  7.3118801570e-10  9.2100090939e-06      0.0000000000 -7.9083580119e-08 -7.8539037551e-08    0.017408333333  0.00074166666667
-6.8320929385e-08  7.3065705972e-10  9.2103389951e-06      0.0000000000 -7.8869848864e-08 -7.7981947805e-08    0.017425000000  0.00075833333333
-6.7817969703e-08  7.5062709213e-10  9.2106789896e-06      0.0000000000 -7.8655208114e-08 -7.7875318881e-08    0.017441666667  0.00077500000000
-6.7895639938e-08  7.3041205299e-10  9.2110090969e-06      0.0000000000 -7.8441022112e-08 -7.9043111560e-08    0.017458333333  0.00079166666667
-6.7409083186e-08  7.4927745540e-10  9.2113389946e-06      0.0000000000 -7.8226836110e-08 -7.8328421057e-08    0.017475000000  0.00080833333333
-6.7489372304e-08  7.2884952528e-10  9.2116789925e-06      0.0000000000 -7.8012195360e-08 -7.8046377962e-08    0.017491666667  0.00082500000000
-6.7379929025e-08  7.2156316057e-10  9.2120090998e-06      0.0000000000 -7.7797554610e-08 -7.8573736760e-08    0.017508333333  0.00084166666667
-6.7266525239e-08  7.1455111516e-10  9.2123389906e-06      0.0000000000 -7.7582913861e-08 -7.7237872244e-08    0.017525000000  0.00085833333333
-6.7508072868e-08  6.8292232851e-10  9.2126789990e-06      0.0000000000 -7.7367818364e-08 -7.6766201982e-08    0.017541666667  0.00087500000000
-6.6932074982e-08  7.0791975871e-10  9.2130090923e-06      0.0000000000 -7.7152722867e-08 -7.8827652585e-08    0.017558333333  0.00089166666667
-6.7271638485e-08  6.6953352872e-10  9.2133389935e-06      0.0000000000 -7.6938082117e-08 -7.8101060268e-08    0.017575000000  0.00090833333333
-6.6826480719e-08  6.8543699228e-10  9.2136789950e-06      0.0000000000 -7.6722531873e-08 -7.6215181059e-08    0.017591666667  0.00092500000000
-6.6848747519e-08  6.6899640433e-10  9.2140090953e-06      0.0000000000 -7.6507436376e-08 -7.6305946140e-08    0.017608333333  0.00094166666667
-6.6888100555e-08  6.5134086327e-10  9.2143389965e-06      0.0000000000 -7.6291886132e-08 -7.6601416114e-08    0.017625000000  0.00095833333333
-6.6593007945e-08  6.5688175831e-10  9.2146789909e-06      0.0000000000 -7.6076790635e-08 -7.7262603488e-08    0.017641666667  0.00097500000000
-6.6585029946e-08  6.4250453919e-10  9.2150091017e-06      0.0000000000 -7.5861240390e-08 -7.7214461676e-08    0.017658333333  0.00099166666667
-6.6164974280e-08  6.5663784129e-10  9.2153389890e-06      0.0000000000 -7.5645235399e-08 -7.6123441193e-08    0.017675000000   0.0010083333333
-6.5969081288e-08  6.5527630754e-10  9.2156789974e-06      0.0000000000 -7.5429685154e-08 -7.5999203246e-08    0.017691666667   0.0010250000000
-6.5406127826e-08  6.7930723788e-10  9.2160090942e-06      0.0000000000 -7.5213680163e-08 -7.4972156973e-08    0.017708333333   0.0010416666667
-6.5362142081e-08  6.6739255056e-10  9.2163389954e-06      0.0000000000 -7.4997675171e-08 -7.3760074456e-08    0.017725000000   0.0010583333333
-6.5025196671e-08  6.7576932987e-10  9.2166789969e-06      0.0000000000 -7.4781670179e-08 -7.3901040975e-08    0.017741666667   0.0010750000000
-6.5156187143e-08  6.5173514460e-10  9.2170090937e-06      0.0000000000 -7.4565665188e-08 -7.2793291919e-08    0.017758333333   0.0010916666667
-6.5033239936e-08  6.4525812185e-10  9.2173389984e-06      0.0000000000 -7.4349205449e-08 -7.3752920790e-08    0.017775000000   0.0011083333333
-6.4930881671e-08  6.3738653046e-10  9.2176789893e-06      0.0000000000 -7.4133200457e-08 -7.4777309987e-08    0.017791666667   0.0011250000000
-6.5152123683e-08  6.0706969331e-10  9.2180091001e-06      0.0000000000 -7.3916740718e-08 -7.4003440588e-08    0.017808333333   0.0011416666667
-6.4976581064e-08  6.0423562267e-10  9.2183389944e-06      0.0000000000 -7.3700280979e-08 -7.2645643405e-08    0.017825000000   0.0011583333333
-6.5005671224e-08  5.8719643377e-10  9.2186789958e-06      0.0000000000 -7.3483366492e-08 -7.3493675091e-08    0.017841666667   0.0011750000000
-6.5050297028e-08  5.6911268641e-10  9.2190090961e-06      0.0000000000 -7.3266906753e-08 -7.4411073751e-08    0.017858333333   0.0011916666667
-6.4546721349e-08  5.8896789758e-10  9.2193389938e-06      0.0000000000 -7.3049992267e-08 -7.2824610825e-08    0.017875000000   0.0012083333333
-6.4493924968e-08  5.7760047249e-10  9.2196789953e-06      0.0000000000 -7.2833077781e-08 -7.3019410643e-08    0.017891666667   0.0012250000000
-6.4367531241e-08  5.7133067090e-10  9.2200090956e-06      0.0000000000 -7.2616163294e-08 -7.3865854373e-08    0.017908333333   0.0012416666667
-6.4133205278e-08  5.7250515649e-10  9.2203389968e-06      0.0000000000 -7.2398794061e-08 -7.3621623511e-08    0.017925000000   0.0012583333333
-6.3688289265e-08  5.8826588547e-10  9.2206789912e-06      0.0000000000 -7.2181424827e-08 -7.3855194625e-08    0.017941666667   0.0012750000000
-6.3216275535e-08  6.0593499967e-10  9.2210090985e-06      0.0000000000 -7.1964510341e-08 -7.3296391143e-08    0.017958333333   0.0012916666667
-6.3175384107e-08  5.9371149617e-10  9.2213389962e-06      0.0000000000 -7.1747141107e-08 -7.2203955649e-08    0.017975000000   0.0013083333333
-6.2695250418e-08  6.1188003374e-10  9.2216789942e-06      0.0000000000 -7.1529317126e-08 -7.1083455774e-08    0.017991666667   0.0013250000000
-6.2459187742e-08  6.1317481046e-10  9.2220091015e-06      0.0000000000 -7.1311947892e-08 -7.0697881058e-08    0.018008333333   0.0013416666667
-6.2482201920e-08  5.9649347153e-10  9.2223389922e-06      0.0000000000 -7.1094123911e-08 -7.2166850922e-08    0.018025000000   0.0013583333333
-6.2619307440e-08  5.7190974558e-10  9.2226789971e-06      0.0000000000 -7.0876299930e-08 -6.9739887311e-08    0.018041666667   0.0013750000000
-6.2451673038e-08  5.6843343026e-10  9.2230090939e-06      0.0000000000 -7.0658475949e-08 -6.9956163848e-08    0.018058333333   0.0013916666667
-6.2374903983e-08  5.5866344599e-10  9.2233389952e-06      0.0000000000 -7.0440651968e-08 -7.0267985058e-08    0.018075000000   0.0014083333333
-6.2425805948e-08  5.4001899863e-10  9.2236789966e-06      0.0000000000 -7.0222373239e-08 -6.9247196277e-08    0.018091666667   0.0014250000000
-6.2278449938e-08  5.3513812706e-10  9.2240090969e-06      0.0000000000 -7.0004549258e-08 -6.9187042596e-08    0.018108333333   0.0014416666667
-6.2371243820e-08  5.1359209107e-10  9.2243389946e-06      0.0000000000 -6.9786270530e-08 -7.0886800720e-08    0.018125000000   0.0014583333333
-6.1877780380e-08  5.3265239887e-10  9.2246789926e-06      0.0000000000 -6.9567991801e-08 -7.0361375770e-08    0.018141666667   0.0014750000000
-6.1488172631e-08  5.4451927856e-10  9.2250091034e-06      0.0000000000 -6.9349713073e-08 -6.8994223793e-08    0.018158333333   0.0014916666667
-6.1469012317e-08  5.3069610551e-10  9.2253389906e-06      0.0000000000 -6.9130979597e-08 -6.8801169155e-08    0.018175000000   0.0015083333333
-6.0641110286e-08  5.7288936582e-10  9.2256789990e-06      0.0000000000 -6.8912246121e-08 -6.9856326976e-08    0.018191666667   0.0015250000000
-6.0697259795e-08  5.5388145418e-10  9.2260090958e-06      0.0000000000 -6.8693967393e-08 -6.8810523948e-08    0.018208333333   0.0015416666667
-6.0562781673e-08  5.4801412023e-10  9.2263389936e-06      0.0000000000 -6.8474779170e-08 -6.7345579004e-08    0.018225000000   0.0015583333333
-6.0366024309e-08  5.4649197370e-10  9.2266789950e-06      0.0000000000 -6.8256045694e-08 -6.9011769927e-08    0.018241666667   0.0015750000000
-6.0242785470e-08  5.3987766303e-10  9.2270090953e-06      0.0000000000 -6.8037312218e-08 -6.8494913654e-08    0.018258333333   0.0015916666667
-5.9851542648e-08  5.5179479902e-10  9.2273390000e-06      0.0000000000 -6.7818123995e-08 -6.7972287281e-08    0.018275000000   0.0016083333333
-5.9781280683e-08  5.4147961724e-10  9.2276789910e-06      0.0000000000 -6.7598935772e-08 -6.7434677516e-08    0.018291666667   0.0016250000000
-5.9654159276e-08  5.3510273006e-10  9.2280091018e-06      0.0000000000 -6.7379747549e-08 -6.8264471286e-08    0.018308333333   0.0016416666667
-5.9700755370e-08  5.1669352825e-10  9.2283389925e-06      0.0000000000 -6.7160559326e-08 -6.6127207550e-08    0.018325000000   0.0016583333333
-5.9729117850e-08  4.9954725376e-10  9.2286789974e-06      0.0000000000 -6.6941371103e-08 -6.6865214286e-08    0.018341666667   0.0016750000000
-5.9744151381e-08  4.8329269397e-10  9.2290090977e-06      0.0000000000 -6.6721728132e-08 -6.7644413559e-08    0.018358333333   0.0016916666667
-6.0088017047e-08  4.4426200799e-10  9.2293389955e-06      0.0000000000 -6.6502085162e-08 -6.5420299605e-08    0.018375000000   0.0017083333333
-6.0041763320e-08  4.3225242966e-10  9.2296789969e-06      0.0000000000 -6.6282442191e-08 -6.5559552389e-08    0.018391666667   0.0017250000000
-5.9944041976e-08  4.2380768824e-10  9.2300090972e-06      0.0000000000 -6.6062799221e-08 -6.6246933184e-08    0.018408333333   0.0017416666667
-5.9678876138e-08  4.2696076989e-10  9.2303389984e-06      0.0000000000 -6.5843156250e-08 -6.5717310369e-08    0.018425000000   0.0017583333333
-5.9846411941e-08  4.0011184294e-10  9.2306789929e-06      0.0000000000 -6.5623058532e-08 -6.6031128317e-08    0.018441666667   0.0017750000000
-5.9025644889e-08  4.4171641588e-10  9.2310091002e-06      0.0000000000 -6.5402960815e-08 -6.5782243642e-08    0.018458333333   0.0017916666667
-5.8844715231e-08  4.3903498908e-10  9.2313389944e-06      0.0000000000 -6.5183317844e-08 -6.6025075215e-08    0.018475000000   0.0018083333333
-5.8324001034e-08  4.5982529743e-10  9.2316789958e-06      0.0000000000 -6.4962765379e-08 -6.5438002963e-08    0.018491666667   0.0018250000000
-5.8001184001e-08  4.6694001596e-10  9.2320091031e-06      0.0000000000 -6.4742667661e-08 -6.4914087358e-08    0.018508333333   0.0018416666667
-5.7251808134e-08  5.0359977215e-10  9.2323389939e-06      0.0000000000 -6.4522569943e-08 -6.4979602357e-08    0.018525000000   0.0018583333333
-5.7137436632e-08  4.9624528712e-10  9.2326789988e-06      0.0000000000 -6.4302017478e-08 -6.5017383145e-08    0.018541666667   0.0018750000000
-5.6778001865e-08  5.0586478741e-10  9.2330090956e-06      0.0000000000 -6.4081465013e-08 -6.3620563109e-08    0.018558333333   0.0018916666667
-5.6531448887e-08  5.0766567882e-10  9.2333389968e-06      0.0000000000 -6.3860912548e-08 -6.2705161186e-08    0.018575000000   0.0019083333333
-5.6373043968e-08  5.0336111063e-10  9.2336789948e-06      0.0000000000 -6.3640360083e-08 -6.3700369717e-08    0.018591666667   0.0019250000000
-5.6577625645e-08  4.7391475237e-10  9.2340090985e-06      0.0000000000 -6.3419807617e-08 -6.2624049624e-08    0.018608333333   0.0019416666667
-5.6342640430e-08  4.7488292036e-10  9.2343389963e-06      0.0000000000 -6.3198800405e-08 -6.3452632773e-08    0.018625000000   0.0019583333333
-5.6509782240e-08  4.4799828782e-10  9.2346789942e-06      0.0000000000 -6.2977793192e-08 -6.2594900401e-08    0.018641666667   0.0019750000000
-5.6433796098e-08  4.3798509121e-10  9.2350091050e-06      0.0000000000 -6.2757240727e-08 -6.2624002457e-08    0.018658333333   0.0019916666667
-5.6402642182e-08  4.2483515189e-10  9.2353389923e-06      0.0000000000 -6.2536233515e-08 -6.2396547334e-08    0.018675000000   0.0020083333333
-5.6191054683e-08  4.2415121029e-10  9.2356790007e-06      0.0000000000 -6.2314771555e-08 -6.2844351081e-08    0.018691666667   0.0020250000000
-5.6385364292e-08  3.9538483584e-10  9.2360090975e-06      0.0000000000 -6.2093764342e-08 -6.2791665512e-08    0.018708333333   0.0020416666667
-5.5961462856e-08  4.0940654045e-10  9.2363389952e-06      0.0000000000 -6.1872302382e-08 -6.2884993335e-08    0.018725000000   0.0020583333333
-5.6011500449e-08  3.9060148031e-10  9.2366789966e-06      0.0000000000 -6.1650840422e-08 -6.1484258435e-08    0.018741666667   0.0020750000000
-5.5708568083e-08  3.9627591849e-10  9.2370090969e-06      0.0000000000 -6.1429833210e-08 -6.2444107419e-08    0.018758333333   0.0020916666667
-5.5363008611e-08  4.0483987227e-10  9.2373390017e-06      0.0000000000 -6.1207916503e-08 -6.2223774517e-08    0.018775000000   0.0021083333333
-5.5173824173e-08  4.0260421210e-10  9.2376789926e-06      0.0000000000 -6.0986454543e-08 -6.0797459366e-08    0.018791666667   0.0021250000000
-5.4825116254e-08  4.1141773642e-10  9.2380091034e-06      0.0000000000 -6.0764992583e-08 -6.1568357243e-08    0.018808333333   0.0021416666667
-5.4911907687e-08  3.9003547238e-10  9.2383389942e-06      0.0000000000 -6.0543075876e-08 -6.0797506534e-08    0.018825000000   0.0021583333333
-5.4462446033e-08  4.0579607437e-10  9.2386789991e-06      0.0000000000 -6.0321159168e-08 -5.9782063349e-08    0.018841666667   0.0021750000000
-5.4739390949e-08  3.7124307894e-10  9.2390090994e-06      0.0000000000 -6.0099242461e-08 -5.8039336064e-08    0.018858333333   0.0021916666667
-5.4746243095e-08  3.5539770459e-10  9.2393389971e-06      0.0000000000 -5.9877325754e-08 -6.0065804456e-08    0.018875000000   0.0022083333333
-5.4684326493e-08  3.4431550738e-10  9.2396789985e-06      0.0000000000 -5.9655409047e-08 -5.8744498828e-08    0.018891666667   0.0022250000000
-5.4486589253e-08  3.4260925084e-10  9.2400090953e-06      0.0000000000 -5.9433037592e-08 -5.9191374957e-08    0.018908333333   0.0022416666667
-5.4296868491e-08  3.4037924091e-10  9.2403390001e-06      0.0000000000 -5.9211120885e-08 -5.8721638543e-08    0.018925000000   0.0022583333333
-5.4273638289e-08  3.2658598354e-10  9.2406789945e-06      0.0000000000 -5.8988749430e-08 -5.7792400960e-08    0.018941666667   0.0022750000000
-5.4144960497e-08  3.2009641497e-10  9.2410091018e-06      0.0000000000 -5.8766377976e-08 -5.7994354443e-08    0.018958333333   0.0022916666667
-5.3745385437e-08  3.3237019004e-10  9.2413389960e-06      0.0000000000 -5.8544006521e-08 -5.9349227271e-08    0.018975000000   0.0023083333333
-5.3668396948e-08  3.2226893235e-10  9.2416789975e-06      0.0000000000 -5.8321180319e-08 -5.9864841480e-08    0.018991666667   0.0023250000000
-5.3470273356e-08  3.2058943596e-10  9.2420091048e-06      0.0000000000 -5.8098808865e-08 -5.9092072644e-08    0.019008333333   0.0023416666667
-5.3176255352e-08  3.2552044266e-10  9.2423389955e-06      0.0000000000 -5.7875982663e-08 -5.8361015183e-08    0.019025000000   0.0023583333333
-5.3134029974e-08  3.1301136369e-10  9.2426790004e-06      0.0000000000 -5.7653156461e-08 -5.8912083272e-08    0.019041666667   0.0023750000000
-5.2825867380e-08  3.1892207688e-10  9.2430090972e-06      0.0000000000 -5.7430330259e-08 -5.8129236416e-08    0.019058333333   0.0023916666667
-5.2550534535e-08  3.2255888056e-10  9.2433389985e-06      0.0000000000 -5.7207504057e-08 -5.5676975556e-08    0.019075000000   0.0024083333333
-5.2322648149e-08  3.2290936758e-10  9.2436789964e-06      0.0000000000 -5.6984677855e-08 -5.7446902493e-08    0.019091666667   0.0024250000000
-5.2039463492e-08  3.2709001671e-10  9.2440091002e-06      0.0000000000 -5.6761851653e-08 -5.6964085090e-08    0.019108333333   0.0024416666667
-5.2001610810e-08  3.1424657121e-10  9.2443389979e-06      0.0000000000 -5.6538570704e-08 -5.6214553876e-08    0.019125000000   0.0024583333333
-5.1547437884e-08  3.3023900089e-10  9.2446789959e-06      0.0000000000 -5.6315289754e-08 -5.5912244683e-08    0.019141666667   0.0024750000000
-5.1580835580e-08  3.1246049147e-10  9.2450091066e-06      0.0000000000 -5.6092008805e-08 -5.8267813139e-08    0.019158333333   0.0024916666667
-5.1565080029e-08  2.9808651715e-10  9.2453389939e-06      0.0000000000 -5.5868727856e-08 -5.4470144301e-08    0.019175000000   0.0025083333333
-5.1639822177e-08  2.7744433857e-10  9.2456790023e-06      0.0000000000 -5.5645446907e-08 -5.4728478104e-08    0.019191666667   0.0025250000000
-5.1482264029e-08  2.7289213505e-10  9.2460090991e-06      0.0000000000 -5.5422165957e-08 -5.5387810241e-08    0.019208333333   0.0025416666667
-5.1461048441e-08  2.5886484557e-10  9.2463389969e-06      0.0000000000 -5.5198430261e-08 -5.4817419393e-08    0.019225000000   0.0025583333333
-5.1258260868e-08  2.5741390124e-10  9.2466789983e-06      0.0000000000 -5.4974694564e-08 -5.4068155459e-08    0.019241666667   0.0025750000000
-5.0963175028e-08  2.6235587531e-10  9.2470090986e-06      0.0000000000 -5.4750958867e-08 -5.6954730296e-08    0.019258333333   0.0025916666667
-5.0976030538e-08  2.4596869592e-10  9.2473390033e-06      0.0000000000 -5.4527223171e-08 -5.5873426221e-08    0.019275000000   0.0026083333333
-5.0725862235e-08  2.4779951571e-10  9.2476789943e-06      0.0000000000 -5.4303487474e-08 -5.3436950592e-08    0.019291666667   0.0026250000000
-5.0551336858e-08  2.4439102755e-10  9.2480091050e-06      0.0000000000 -5.4079751777e-08 -5.3176557163e-08    0.019308333333   0.0026416666667
-5.0372105978e-08  2.4127696237e-10  9.2483389923e-06      0.0000000000 -5.3855561334e-08 -5.3727971144e-08    0.019325000000   0.0026583333333
-4.9928036098e-08  2.5653812031e-10  9.2486790007e-06      0.0000000000 -5.3631825637e-08 -5.3739401287e-08    0.019341666667   0.0026750000000
-5.0065265012e-08  2.3150488294e-10  9.2490091010e-06      0.0000000000 -5.3407635193e-08 -5.3525011430e-08    0.019358333333   0.0026916666667
-4.9530049427e-08  2.5304763101e-10  9.2493389988e-06      0.0000000000 -5.3183444749e-08 -5.2872046842e-08    0.019375000000   0.0027083333333
-4.9503198260e-08  2.3937918504e-10  9.2496790002e-06      0.0000000000 -5.2959254305e-08 -5.4121910147e-08    0.019391666667   0.0027250000000
-4.8922921659e-08  2.6404302528e-10  9.2500090970e-06      0.0000000000 -5.2735063861e-08 -5.2018999728e-08    0.019408333333   0.0027416666667
-4.8647170616e-08  2.6758280501e-10  9.2503390017e-06      0.0000000000 -5.2510418670e-08 -5.1824844526e-08    0.019425000000   0.0027583333333
-4.8344789166e-08  2.7299860240e-10  9.2506789927e-06      0.0000000000 -5.2286228226e-08 -5.2478893956e-08    0.019441666667   0.0027750000000
-4.8287742630e-08  2.6139010157e-10  9.2510091034e-06      0.0000000000 -5.2061583034e-08 -5.1502898127e-08    0.019458333333   0.0027916666667
-4.7827956142e-08  2.7767685480e-10  9.2513389977e-06      0.0000000000 -5.1836937843e-08 -5.1966770108e-08    0.019475000000   0.0028083333333
-4.7923222789e-08  2.5551858125e-10  9.2516789991e-06      0.0000000000 -5.1612292652e-08 -5.1156739322e-08    0.019491666667   0.0028250000000
-4.7684120126e-08  2.5651995904e-10  9.2520091029e-06      0.0000000000 -5.1387647460e-08 -5.1638644829e-08    0.019508333333   0.0028416666667
-4.7653851830e-08  2.4305669853e-10  9.2523389937e-06      0.0000000000 -5.1163002269e-08 -5.2152686803e-08    0.019525000000   0.0028583333333
-4.7423177489e-08  2.4344280225e-10  9.2526790021e-06      0.0000000000 -5.0937902330e-08 -5.1786104675e-08    0.019541666667   0.0028750000000
-4.7420126688e-08  2.2809435765e-10  9.2530090989e-06      0.0000000000 -5.0713257139e-08 -5.2342203914e-08    0.019558333333   0.0028916666667
-4.7481671103e-08  2.0824031278e-10  9.2533390001e-06      0.0000000000 -5.0488157200e-08 -5.0965524197e-08    0.019575000000   0.0029083333333
-4.7353226355e-08  2.0154561790e-10  9.2536789945e-06      0.0000000000 -5.0263057261e-08 -4.9235138952e-08    0.019591666667   0.0029250000000
-4.7284910076e-08  1.9068620351e-10  9.2540091018e-06      0.0000000000 -5.0037957323e-08 -5.1000050461e-08    0.019608333333   0.0029416666667
-4.7075221370e-08  1.8961876473e-10  9.2543389996e-06      0.0000000000 -4.9812857384e-08 -5.1888331343e-08    0.019625000000   0.0029583333333
-4.7061108698e-08  1.7500500864e-10  9.2546789940e-06      0.0000000000 -4.9587757445e-08 -5.1470431491e-08    0.019641666667   0.0029750000000
-4.6754435459e-08  1.8062357877e-10  9.2550091083e-06      0.0000000000 -4.9362202759e-08 -4.9444434769e-08    0.019658333333   0.0029916666667
-4.6556559605e-08  1.7873793823e-10  9.2553389921e-06      0.0000000000 -4.9137102821e-08 -4.9449308695e-08    0.019675000000   0.0030083333333
-4.6279594842e-08  1.8229878978e-10  9.2556790040e-06      0.0000000000 -4.8911548135e-08 -4.7242253482e-08    0.019691666667   0.0030250000000
-4.6305859594e-08  1.6485684697e-10  9.2560091008e-06      0.0000000000 -4.8685993449e-08 -4.7398061892e-08    0.019708333333   0.0030416666667
-4.6124798247e-08  1.6177507424e-10  9.2563389985e-06      0.0000000000 -4.8460438763e-08 -4.8659591175e-08    0.019725000000   0.0030583333333
-4.6060532437e-08  1.5060361196e-10  9.2566789999e-06      0.0000000000 -4.8234884077e-08 -4.9120585967e-08    0.019741666667   0.0030750000000
-4.5813600514e-08  1.5208427825e-10  9.2570091002e-06      0.0000000000 -4.8009329391e-08 -4.8032143948e-08    0.019758333333   0.0030916666667
-4.5809686274e-08  1.3673264366e-10  9.2573390015e-06      0.0000000000 -4.7783774704e-08 -4.6852575234e-08    0.019775000000   0.0031083333333
-4.5640676566e-08  1.3278463256e-10  9.2576789924e-06      0.0000000000 -4.7557765271e-08 -4.7589497129e-08    0.019791666667   0.0031250000000
-4.5462430217e-08  1.2947638520e-10  9.2580091067e-06      0.0000000000 -4.7331755838e-08 -4.5570056625e-08    0.019808333333   0.0031416666667
-4.4879258677e-08  1.5424624712e-10  9.2583389939e-06      0.0000000000 -4.7106201152e-08 -4.6773303186e-08    0.019825000000   0.0031583333333
-4.4556261059e-08  1.6096400639e-10  9.2586790024e-06      0.0000000000 -4.6880191718e-08 -4.8161507379e-08    0.019841666667   0.0031750000000
-4.4140804060e-08  1.7408584337e-10  9.2590091027e-06      0.0000000000 -4.6654182285e-08 -4.5349000495e-08    0.019858333333   0.0031916666667
-4.4122767514e-08  1.5964937682e-10  9.2593389969e-06      0.0000000000 -4.6427718104e-08 -4.6721356567e-08    0.019875000000   0.0032083333333
-4.3587328243e-08  1.8108162833e-10  9.2596790018e-06      0.0000000000 -4.6201708671e-08 -4.7306510695e-08    0.019891666667   0.0032250000000
-4.3527256569e-08  1.6955666979e-10  9.2600090986e-06      0.0000000000 -4.5975244490e-08 -4.6214311036e-08    0.019908333333   0.0032416666667
-4.3265592165e-08  1.7202626452e-10  9.2603390033e-06      0.0000000000 -4.5749235057e-08 -4.4958488963e-08    0.019925000000   0.0032583333333
-4.3161791666e-08  1.6353012560e-10  9.2606789943e-06      0.0000000000 -4.5522770876e-08 -4.5663557393e-08    0.019941666667   0.0032750000000
-4.3054612593e-08  1.5526799920e-10  9.2610091051e-06      0.0000000000 -4.5296306695e-08 -4.6263962192e-08    0.019958333333   0.0032916666667
-4.3034789639e-08  1.4095526596e-10  9.2613389993e-06      0.0000000000 -4.5069842514e-08 -4.4211897827e-08    0.019975000000   0.0033083333333
-4.3219394877e-08  1.1248308226e-10  9.2616789973e-06      0.0000000000 -4.4843378334e-08 -4.4640237315e-08    0.019991666667   0.0033250000000
-4.2820913230e-08  1.2439764625e-10  9.2620091045e-06      0.0000000000 -4.4616914153e-08 -4.7140639986e-08    0.020008333333   0.0033416666667
-4.3204983057e-08  8.2078312183e-11  9.2623389953e-06      0.0000000000 -4.4389995225e-08 -4.4031279561e-08    0.020025000000   0.0033583333333
-4.2814321961e-08  9.3451195962e-11  9.2626790037e-06      0.0000000000 -4.4163531044e-08 -4.4330915957e-08    0.020041666667   0.0033750000000
-4.2599711092e-08  9.2598694396e-11  9.2630091005e-06      0.0000000000 -4.3936612116e-08 -4.3549012441e-08    0.020058333333   0.0033916666667
-4.2399035340e-08  9.0780995305e-11  9.2633389983e-06      0.0000000000 -4.3709693188e-08 -4.2048047610e-08    0.020075000000   0.0034083333333
-4.2318152770e-08  8.0697476128e-11  9.2636789997e-06      0.0000000000 -4.3483229007e-08 -4.2162584872e-08    0.020091666667   0.0034250000000
-4.2016903634e-08  8.5814362943e-11  9.2640091035e-06      0.0000000000 -4.3255855332e-08 -4.4323557901e-08    0.020108333333   0.0034416666667
-4.1650314099e-08  9.5488464173e-11  9.2643390012e-06      0.0000000000 -4.3028936404e-08 -4.5204386393e-08    0.020125000000   0.0034583333333
-4.1164179143e-08  1.1344272209e-10  9.2646789957e-06      0.0000000000 -4.2802017476e-08 -4.3393942981e-08    0.020141666667   0.0034750000000
-4.1236284056e-08  9.2731228256e-11  9.2650091099e-06      0.0000000000 -4.2575098547e-08 -4.3371051251e-08    0.020158333333   0.0034916666667
-4.0852469991e-08  1.0356686645e-10  9.2653389937e-06      0.0000000000 -4.2347724872e-08 -4.3642371708e-08    0.020175000000   0.0035083333333
-4.1027925800e-08  7.5665411005e-11  9.2656790021e-06      0.0000000000 -4.2120351197e-08 -4.2119379876e-08    0.020191666667   0.0035250000000
-4.0295794297e-08  1.1065829683e-10  9.2660091024e-06      0.0000000000 -4.1893432268e-08 -4.1799634606e-08    0.020208333333   0.0035416666667
-4.0447896396e-08  8.4374405471e-11  9.2663389967e-06      0.0000000000 -4.1666058593e-08 -4.0957734632e-08    0.020225000000   0.0035583333333
-4.0173233393e-08  8.7649838650e-11  9.2666790016e-06      0.0000000000 -4.1438684918e-08 -4.2678183358e-08    0.020241666667   0.0035750000000
-3.9821155403e-08  9.6255821776e-11  9.2670091019e-06      0.0000000000 -4.1210856495e-08 -4.0703991754e-08    0.020258333333   0.0035916666667
-3.9897695802e-08  7.5205612436e-11  9.2673390066e-06      0.0000000000 -4.0983482819e-08 -3.7553847574e-08    0.020275000000   0.0036083333333
-3.9465697309e-08  8.9378681776e-11  9.2676789940e-06      0.0000000000 -4.0756109144e-08 -3.9127874128e-08    0.020291666667   0.0036250000000
-3.9502194374e-08  7.1070523815e-11  9.2680091083e-06      0.0000000000 -4.0528280721e-08 -3.8322418544e-08    0.020308333333   0.0036416666667
-3.9323547274e-08  6.7695541558e-11  9.2683389956e-06      0.0000000000 -4.0300907046e-08 -4.0073635893e-08    0.020325000000   0.0036583333333
-3.9042764817e-08  7.1363333198e-11  9.2686790005e-06      0.0000000000 -4.0073078623e-08 -4.0242022177e-08    0.020341666667   0.0036750000000
-3.8931888445e-08  6.3262802969e-11  9.2690091043e-06      0.0000000000 -3.9845250200e-08 -4.1336124239e-08    0.020358333333   0.0036916666667
-3.8812608520e-08  5.5744333760e-11  9.2693389985e-06      0.0000000000 -3.9617421777e-08 -4.0776911976e-08    0.020375000000   0.0037083333333
-3.8409768554e-08  6.7866278577e-11  9.2696790035e-06      0.0000000000 -3.9389593354e-08 -3.8487110077e-08    0.020391666667   0.0037250000000
-3.8504312893e-08  4.5506054923e-11  9.2700091003e-06      0.0000000000 -3.9161310184e-08 -4.0692766002e-08    0.020408333333   0.0037416666667
-3.8147227025e-08  5.4458902150e-11  9.2703390015e-06      0.0000000000 -3.8933481762e-08 -4.1089063356e-08    0.020425000000   0.0037583333333
-3.8012449744e-08  4.8013836963e-11  9.2706789959e-06      0.0000000000 -3.8705653339e-08 -3.8974534126e-08    0.020441666667   0.0037750000000
-3.7974958491e-08  3.4798885297e-11  9.2710091067e-06      0.0000000000 -3.8477370169e-08 -4.0160737668e-08    0.020458333333   0.0037916666667
-3.7918892160e-08  2.2870512042e-11  9.2713390010e-06      0.0000000000 -3.8249086998e-08 -3.9478671025e-08    0.020475000000   0.0038083333333
-3.7858336559e-08  1.1253082106e-11  9.2716789989e-06      0.0000000000 -3.8020803828e-08 -3.9155262448e-08    0.020491666667   0.0038250000000
-3.7639771090e-08  1.0579998303e-11  9.2720091062e-06      0.0000000000 -3.7792520658e-08 -3.7574270897e-08    0.020508333333   0.0038416666667
-3.7445730143e-08  8.2082556877e-12  9.2723389969e-06      0.0000000000 -3.7564237488e-08 -3.8056993965e-08    0.020525000000   0.0038583333333
-3.6921408374e-08  2.8712980583e-11  9.2726790019e-06      0.0000000000 -3.7335954318e-08 -3.6683034214e-08    0.020541666667   0.0038750000000
-3.6947810517e-08  1.1072536734e-11  9.2730091022e-06      0.0000000000 -3.7107671148e-08 -3.3674060944e-08    0.020558333333   0.0038916666667
-3.6684162923e-08  1.3522007107e-11  9.2733389999e-06      0.0000000000 -3.6879387978e-08 -3.5973594973e-08    0.020575000000   0.0039083333333
-3.6582982058e-08  4.6869353313e-12  9.2736789978e-06      0.0000000000 -3.6650650060e-08 -3.5364542886e-08    0.020591666667   0.0039250000000
-3.6490509605e-08 -4.7513131852e-12  9.2740091051e-06      0.0000000000 -3.6421912143e-08 -3.5766012890e-08    0.020608333333   0.0039416666667
-3.6491029918e-08 -2.0599086076e-11  9.2743390029e-06      0.0000000000 -3.6193628972e-08 -3.5901177865e-08    0.020625000000   0.0039583333333
-3.6462723124e-08 -3.4481684722e-11  9.2746789973e-06      0.0000000000 -3.5964891055e-08 -3.6883006683e-08    0.020641666667   0.0039750000000
-3.6246342360e-08 -3.5337586730e-11  9.2750091116e-06      0.0000000000 -3.5736153137e-08 -3.6222055144e-08    0.020658333333   0.0039916666667
-3.5864061440e-08 -2.4702632239e-11  9.2753389953e-06      0.0000000000 -3.5507415220e-08 -3.5887169258e-08    0.020675000000   0.0040083333333
-3.5699852249e-08 -2.9203627285e-11  9.2756790003e-06      0.0000000000 -3.5278222555e-08 -3.6670755065e-08    0.020691666667   0.0040250000000
-3.5596612979e-08 -3.7896126312e-11  9.2760091040e-06      0.0000000000 -3.5049484638e-08 -3.6153757291e-08    0.020708333333   0.0040416666667
-3.5329082550e-08 -3.5209213947e-11  9.2763389983e-06      0.0000000000 -3.4820746720e-08 -3.5612091162e-08    0.020725000000   0.0040583333333
-3.5115690188e-08 -3.6303601193e-11  9.2766790032e-06      0.0000000000 -3.4591554055e-08 -3.6895443055e-08    0.020741666667   0.0040750000000
-3.4821848828e-08 -3.1794296708e-11  9.2770091035e-06      0.0000000000 -3.4362816138e-08 -3.5331447356e-08    0.020758333333   0.0040916666667
-3.4843347938e-08 -4.9158133367e-11  9.2773390013e-06      0.0000000000 -3.4133623473e-08 -3.2524820628e-08    0.020775000000   0.0041083333333
-3.4411591198e-08 -3.5127798609e-11  9.2776789957e-06      0.0000000000 -3.3904430808e-08 -3.1978390629e-08    0.020791666667   0.0041250000000
-3.4152331984e-08 -3.3045278595e-11  9.2780091100e-06      0.0000000000 -3.3675238143e-08 -3.3983869694e-08    0.020808333333   0.0041416666667
-3.4059225151e-08 -4.2471085052e-11  9.2783389972e-06      0.0000000000 -3.3446045478e-08 -3.5447305294e-08    0.020825000000   0.0041583333333
-3.3790984193e-08 -3.9766456323e-11  9.2786790021e-06      0.0000000000 -3.3216852814e-08 -3.1950106136e-08    0.020841666667   0.0041750000000
-3.3756506833e-08 -5.3284653761e-11  9.2790091059e-06      0.0000000000 -3.2987205401e-08 -3.1373269128e-08    0.020858333333   0.0041916666667
-3.3324603942e-08 -3.9244196042e-11  9.2793389967e-06      0.0000000000 -3.2758012736e-08 -3.1595928936e-08    0.020875000000   0.0042083333333
-3.3370003960e-08 -5.8263497744e-11  9.2796790016e-06      0.0000000000 -3.2528820072e-08 -3.0150369639e-08    0.020891666667   0.0042250000000
-3.3307877063e-08 -6.9866586360e-11  9.2800091019e-06      0.0000000000 -3.2299172659e-08 -3.1970576625e-08    0.020908333333   0.0042416666667
-3.3105053187e-08 -7.1724483362e-11  9.2803390031e-06      0.0000000000 -3.2069525247e-08 -3.3450127626e-08    0.020925000000   0.0042583333333
-3.3170341425e-08 -9.2152814039e-11  9.2806789976e-06      0.0000000000 -3.1839877835e-08 -3.3286237932e-08    0.020941666667   0.0042750000000
-3.2720898804e-08 -7.6897489928e-11  9.2810091084e-06      0.0000000000 -3.1610685170e-08 -3.1136254821e-08    0.020958333333   0.0042916666667
-3.2516240157e-08 -7.8628303978e-11  9.2813390026e-06      0.0000000000 -3.1381037758e-08 -3.2301799206e-08    0.020975000000   0.0043083333333
-3.2220566994e-08 -7.4086614504e-11  9.2816790005e-06      0.0000000000 -3.1150935598e-08 -3.2038277030e-08    0.020991666667   0.0043250000000
-3.1916594562e-08 -6.8938589515e-11  9.2820091078e-06      0.0000000000 -3.0921288186e-08 -2.9564948232e-08    0.021008333333   0.0043416666667
-3.1846949035e-08 -8.0020910068e-11  9.2823389986e-06      0.0000000000 -3.0691640774e-08 -3.0258743743e-08    0.021025000000   0.0043583333333
-3.1388532526e-08 -6.4207016358e-11  9.2826790035e-06      0.0000000000 -3.0461538614e-08 -3.2109577851e-08    0.021041666667   0.0043750000000
-3.1470431487e-08 -8.5785866925e-11  9.2830091003e-06      0.0000000000 -3.0231891202e-08 -3.0228855571e-08    0.021058333333   0.0043916666667
-3.0973259297e-08 -6.7287611868e-11  9.2833390015e-06      0.0000000000 -3.0001789043e-08 -2.9292873103e-08    0.021075000000   0.0044083333333
-3.0898464818e-08 -7.8013296979e-11  9.2836789995e-06      0.0000000000 -2.9772141631e-08 -2.9308721223e-08    0.021091666667   0.0044250000000
-3.0678805435e-08 -7.8736602232e-11  9.2840091068e-06      0.0000000000 -2.9542039471e-08 -2.8548042869e-08    0.021108333333   0.0044416666667
-3.0720156615e-08 -9.7538461474e-11  9.2843390010e-06      0.0000000000 -2.9311937311e-08 -2.8680393545e-08    0.021125000000   0.0044583333333
-3.0391522782e-08 -9.0713794395e-11  9.2846789989e-06      0.0000000000 -2.9081835152e-08 -2.9189781706e-08    0.021141666667   0.0044750000000
-3.0619423098e-08 -1.2243673466e-10  9.2850091132e-06      0.0000000000 -2.8851732992e-08 -3.0243933297e-08    0.021158333333   0.0044916666667
-3.0377305535e-08 -1.2163600101e-10  9.2853389970e-06      0.0000000000 -2.8621176085e-08 -2.8756143789e-08    0.021175000000   0.0045083333333
-3.0374672995e-08 -1.3739138559e-10  9.2856790019e-06      0.0000000000 -2.8391073926e-08 -2.8161288977e-08    0.021191666667   0.0045250000000
-3.0534415084e-08 -1.6439343567e-10  9.2860091057e-06      0.0000000000 -2.8160971766e-08 -2.9493741745e-08    0.021208333333   0.0045416666667
-3.0274449190e-08 -1.6235646081e-10  9.2863389999e-06      0.0000000000 -2.7930414859e-08 -2.7663393848e-08    0.021225000000   0.0045583333333
-3.0252503869e-08 -1.7677417101e-10  9.2866790014e-06      0.0000000000 -2.7700312700e-08 -2.6954740724e-08    0.021241666667   0.0045750000000
-2.9658798424e-08 -1.5162116423e-10  9.2870091052e-06      0.0000000000 -2.7469755793e-08 -2.7195009555e-08    0.021258333333   0.0045916666667
-2.9318281922e-08 -1.4400495720e-10  9.2873390029e-06      0.0000000000 -2.7239198886e-08 -2.7654479280e-08    0.021275000000   0.0046083333333
-2.9055629735e-08 -1.4178191972e-10  9.2876789973e-06      0.0000000000 -2.7008641979e-08 -2.5650415226e-08    0.021291666667   0.0046250000000
-2.8353723877e-08 -1.0913455344e-10  9.2880091116e-06      0.0000000000 -2.6778085072e-08 -2.5627460606e-08    0.021308333333   0.0046416666667
-2.8236255000e-08 -1.1696744732e-10  9.2883389989e-06      0.0000000000 -2.6547528165e-08 -2.6820864981e-08    0.021325000000   0.0046583333333
-2.7578332596e-08 -8.7366537198e-11  9.2886790038e-06      0.0000000000 -2.6316971259e-08 -2.6875452953e-08    0.021341666667   0.0046750000000
-2.7670539990e-08 -1.0972238283e-10  9.2890091076e-06      0.0000000000 -2.6086414352e-08 -2.5890558279e-08    0.021358333333   0.0046916666667
-2.7101757363e-08 -8.6327119755e-11  9.2893389983e-06      0.0000000000 -2.5855402697e-08 -2.5240659547e-08    0.021375000000   0.0047083333333
-2.7060817134e-08 -9.9460670062e-11  9.2896790032e-06      0.0000000000 -2.5624845790e-08 -2.5775627958e-08    0.021391666667   0.0047250000000
-2.7269895600e-08 -1.2994293450e-10  9.2900091036e-06      0.0000000000 -2.5393834136e-08 -2.5268881151e-08    0.021408333333   0.0047416666667
-2.6949641459e-08 -1.2373017334e-10  9.2903390048e-06      0.0000000000 -2.5163277229e-08 -2.4868700378e-08    0.021425000000   0.0047583333333
-2.6855715647e-08 -1.3322524426e-10  9.2906789992e-06      0.0000000000 -2.4932265575e-08 -2.5802890499e-08    0.021441666667   0.0047750000000
-2.6703176581e-08 -1.3866054505e-10  9.2910091100e-06      0.0000000000 -2.4701253921e-08 -2.5049664535e-08    0.021458333333   0.0047916666667
-2.6325639695e-08 -1.2851166723e-10  9.2913389973e-06      0.0000000000 -2.4470242267e-08 -2.3621635650e-08    0.021475000000   0.0048083333333
-2.6397546975e-08 -1.4949294956e-10  9.2916790022e-06      0.0000000000 -2.4239230612e-08 -2.3832267866e-08    0.021491666667   0.0048250000000
-2.6262132164e-08 -1.5611433940e-10  9.2920091095e-06      0.0000000000 -2.4008218958e-08 -2.3590709803e-08    0.021508333333   0.0048416666667
-2.6117250932e-08 -1.6208005004e-10  9.2923390002e-06      0.0000000000 -2.3777207304e-08 -2.4755059290e-08    0.021525000000   0.0048583333333
-2.5814549187e-08 -1.5714602750e-10  9.2926790051e-06      0.0000000000 -2.3545740902e-08 -2.3045411813e-08    0.021541666667   0.0048750000000
-2.5544845332e-08 -1.5446606299e-10  9.2930091019e-06      0.0000000000 -2.3314729248e-08 -2.2575801178e-08    0.021558333333   0.0048916666667
-2.5606157248e-08 -1.7474496885e-10  9.2933390032e-06      0.0000000000 -2.3083262846e-08 -2.2286620140e-08    0.021575000000   0.0049083333333
-2.5002629143e-08 -1.4894310590e-10  9.2936790011e-06      0.0000000000 -2.2852251192e-08 -2.2503258291e-08    0.021591666667   0.0049250000000
-2.5393727586e-08 -1.9206424257e-10  9.2940091084e-06      0.0000000000 -2.2620784791e-08 -2.2180604387e-08    0.021608333333   0.0049416666667
-2.4773894687e-08 -1.6513304948e-10  9.2943390026e-06      0.0000000000 -2.2389773136e-08 -2.2890200852e-08    0.021625000000   0.0049583333333
-2.4771443327e-08 -1.8099547574e-10  9.2946790006e-06      0.0000000000 -2.2158306735e-08 -2.2518367462e-08    0.021641666667   0.0049750000000
-2.4602935241e-08 -1.8535620080e-10  9.2950091148e-06      0.0000000000 -2.1926840333e-08 -2.2476483143e-08    0.021658333333   0.0049916666667
-2.4340627832e-08 -1.8322003892e-10  9.2953389986e-06      0.0000000000 -2.1695373931e-08 -2.1895212434e-08    0.021675000000   0.0050083333333
-2.3953464401e-08 -1.7243588858e-10  9.2956790035e-06      0.0000000000 -2.1463907530e-08 -2.1705773934e-08    0.021691666667   0.0050250000000
-2.3763534898e-08 -1.7531288732e-10  9.2960091073e-06      0.0000000000 -2.1232441128e-08 -2.0397769408e-08    0.021708333333   0.0050416666667
-2.3482023374e-08 -1.7187807509e-10  9.2963390016e-06      0.0000000000 -2.1000519979e-08 -2.1465206378e-08    0.021725000000   0.0050583333333
-2.3330734394e-08 -1.7743145894e-10  9.2966790030e-06      0.0000000000 -2.0769053578e-08 -2.1514590255e-08    0.021741666667   0.0050750000000
-2.3072063315e-08 -1.7557866014e-10  9.2970091068e-06      0.0000000000 -2.0537132429e-08 -2.1108513604e-08    0.021758333333   0.0050916666667
-2.3025126726e-08 -1.8835987537e-10  9.2973390045e-06      0.0000000000 -2.0305666027e-08 -2.0004081963e-08    0.021775000000   0.0051083333333
-2.2914068751e-08 -1.9673130447e-10  9.2976789990e-06      0.0000000000 -2.0073744878e-08 -1.9552803578e-08    0.021791666667   0.0051250000000
-2.2943292361e-08 -2.1478765589e-10  9.2980091132e-06      0.0000000000 -1.9842278477e-08 -1.9330363883e-08    0.021808333333   0.0051416666667
-2.2525802105e-08 -2.0193445529e-10  9.2983389970e-06      0.0000000000 -1.9610357328e-08 -1.9737100872e-08    0.021825000000   0.0051583333333
-2.2143591432e-08 -1.9152484872e-10  9.2986790054e-06      0.0000000000 -1.9378436179e-08 -1.8849606107e-08    0.021841666667   0.0051750000000
-2.1910735386e-08 -1.9146009429e-10  9.2990091092e-06      0.0000000000 -1.9146515030e-08 -2.0017681789e-08    0.021858333333   0.0051916666667
-2.1907828127e-08 -2.0732244072e-10  9.2993390000e-06      0.0000000000 -1.8914593881e-08 -1.8422194238e-08    0.021875000000   0.0052083333333
-2.1371887113e-08 -1.8626490386e-10  9.2996790049e-06      0.0000000000 -1.8682672732e-08 -1.8702523597e-08    0.021891666667   0.0052250000000
-2.1495144288e-08 -2.1086586423e-10  9.3000091052e-06      0.0000000000 -1.8450751583e-08 -1.8628125474e-08    0.021908333333   0.0052416666667
-2.1181702097e-08 -2.0521941630e-10  9.3003390064e-06      0.0000000000 -1.8218830434e-08 -1.8611664182e-08    0.021925000000   0.0052583333333
-2.0775088927e-08 -1.9315110026e-10  9.3006790009e-06      0.0000000000 -1.7986454538e-08 -1.8163907602e-08    0.021941666667   0.0052750000000
-2.0610423439e-08 -1.9780947529e-10  9.3010091116e-06      0.0000000000 -1.7754533389e-08 -1.7408087452e-08    0.021958333333   0.0052916666667
-2.0231925244e-08 -1.8768850610e-10  9.3013389989e-06      0.0000000000 -1.7522157492e-08 -1.7057243389e-08    0.021975000000   0.0053083333333
-1.9926193524e-08 -1.8257611376e-10  9.3016790038e-06      0.0000000000 -1.7290236343e-08 -1.6196146436e-08    0.021991666667   0.0053250000000
-1.9855207578e-08 -1.9375457686e-10  9.3020091111e-06      0.0000000000 -1.7057860447e-08 -1.7217972891e-08    0.022008333333   0.0053416666667
-1.9582656611e-08 -1.9097190330e-10  9.3023390019e-06      0.0000000000 -1.6825484551e-08 -1.7393811565e-08    0.022025000000   0.0053583333333
-1.9631312274e-08 -2.1043718536e-10  9.3026790068e-06      0.0000000000 -1.6593108655e-08 -1.6677328715e-08    0.022041666667   0.0053750000000
-1.9402045078e-08 -2.1062100793e-10  9.3030091036e-06      0.0000000000 -1.6361187506e-08 -1.6410945073e-08    0.022058333333   0.0053916666667
-1.9561699933e-08 -2.3777450327e-10  9.3033390048e-06      0.0000000000 -1.6128811609e-08 -1.5419855796e-08    0.022075000000   0.0054083333333
-1.9305272795e-08 -2.3614012304e-10  9.3036789993e-06      0.0000000000 -1.5895980966e-08 -1.6374988077e-08    0.022091666667   0.0054250000000
-1.9150163154e-08 -2.4149186884e-10  9.3040091100e-06      0.0000000000 -1.5663605069e-08 -1.4840754770e-08    0.022108333333   0.0054416666667
-1.8588610891e-08 -2.1869189990e-10  9.3043390043e-06      0.0000000000 -1.5431229173e-08 -1.5692952878e-08    0.022125000000   0.0054583333333
-1.8493063819e-08 -2.2816916881e-10  9.3046790022e-06      0.0000000000 -1.5198853277e-08 -1.5923049354e-08    0.022141666667   0.0054750000000
-1.7997045932e-08 -2.0993984988e-10  9.3050091130e-06      0.0000000000 -1.4966022633e-08 -1.5131036372e-08    0.022158333333   0.0054916666667
-1.7485481873e-08 -1.9060224830e-10  9.3053389968e-06      0.0000000000 -1.4733646737e-08 -1.4461830604e-08    0.022175000000   0.0055083333333
-1.7399008111e-08 -2.0073946556e-10  9.3056790052e-06      0.0000000000 -1.4500816093e-08 -1.4752646766e-08    0.022191666667   0.0055250000000
-1.6938867583e-08 -1.8496364734e-10  9.3060091090e-06      0.0000000000 -1.4268440197e-08 -1.3777987336e-08    0.022208333333   0.0055416666667
-1.6586614779e-08 -1.7669202818e-10  9.3063390032e-06      0.0000000000 -1.4035609553e-08 -1.3613217191e-08    0.022225000000   0.0055583333333
-1.6231305628e-08 -1.6820871514e-10  9.3066790046e-06      0.0000000000 -1.3802778909e-08 -1.3072195678e-08    0.022241666667   0.0055750000000
-1.6222507092e-08 -1.8369450751e-10  9.3070091084e-06      0.0000000000 -1.3570403013e-08 -1.3372508134e-08    0.022258333333   0.0055916666667
-1.6055464820e-08 -1.8825125268e-10  9.3073390062e-06      0.0000000000 -1.3337572370e-08 -1.3341818122e-08    0.022275000000   0.0056083333333
-1.6017401792e-08 -2.0174157595e-10  9.3076790006e-06      0.0000000000 -1.3104741726e-08 -1.3108309898e-08    0.022291666667   0.0056250000000
-1.5357674947e-08 -1.7217317091e-10  9.3080091149e-06      0.0000000000 -1.2871911082e-08 -1.3009322032e-08    0.022308333333   0.0056416666667
-1.5678681213e-08 -2.1056545495e-10  9.3083389987e-06      0.0000000000 -1.2638625691e-08 -1.1943331517e-08    0.022325000000   0.0056583333333
-1.5562336526e-08 -2.1863370178e-10  9.3086790036e-06      0.0000000000 -1.2405795048e-08 -1.3368215934e-08    0.022341666667   0.0056750000000
-1.5439861776e-08 -2.2627735793e-10  9.3090091109e-06      0.0000000000 -1.2172964404e-08 -1.2039253526e-08    0.022358333333   0.0056916666667
-1.5559342110e-08 -2.5067971528e-10  9.3093390016e-06      0.0000000000 -1.1940133760e-08 -1.2367190137e-08    0.022375000000   0.0057083333333
-1.4773545067e-08 -2.1241072100e-10  9.3096790065e-06      0.0000000000 -1.1706848369e-08 -1.0398595687e-08    0.022391666667   0.0057250000000
-1.5114112410e-08 -2.5212637984e-10  9.3100091068e-06      0.0000000000 -1.1474017726e-08 -1.1799660756e-08    0.022408333333   0.0057416666667
-1.4315084555e-08 -2.1294097071e-10  9.3103390081e-06      0.0000000000 -1.1240732335e-08 -1.0717633452e-08    0.022425000000   0.0057583333333
-1.4646858975e-08 -2.5207909677e-10  9.3106789990e-06      0.0000000000 -1.1007446944e-08 -1.0255789654e-08    0.022441666667   0.0057750000000
-1.4227304009e-08 -2.3914588170e-10  9.3110091133e-06      0.0000000000 -1.0774616300e-08 -1.0387700104e-08    0.022458333333   0.0057916666667
-1.3829436765e-08 -2.2774633572e-10  9.3113390005e-06      0.0000000000 -1.0541330909e-08 -1.0726375074e-08    0.022475000000   0.0058083333333
-1.3689462284e-08 -2.3420939340e-10  9.3116790055e-06      0.0000000000 -1.0308045518e-08 -1.0042484639e-08    0.022491666667   0.0058250000000
-1.3391751266e-08 -2.2974703691e-10  9.3120091127e-06      0.0000000000 -1.0074760127e-08 -1.0418547339e-08    0.022508333333   0.0058416666667
-1.3132952767e-08 -2.2797990498e-10  9.3123390000e-06      0.0000000000 -9.8414747359e-09 -9.3102794462e-09    0.022525000000   0.0058583333333
-1.3099327629e-08 -2.4180911032e-10  9.3126790084e-06      0.0000000000 -9.6081893449e-09 -9.6496461997e-09    0.022541666667   0.0058750000000
-1.2856063091e-08 -2.4111791778e-10  9.3130091052e-06      0.0000000000 -9.3749039539e-09 -9.5974794688e-09    0.022558333333   0.0058916666667
-1.2880407288e-08 -2.5896229300e-10  9.3133390065e-06      0.0000000000 -9.1416185629e-09 -8.6573620247e-09    0.022575000000   0.0059083333333
-1.2574917587e-08 -2.5399265376e-10  9.3136790009e-06      0.0000000000 -8.9078784245e-09 -9.0044798929e-09    0.022591666667   0.0059250000000
-1.2363422602e-08 -2.5550193762e-10  9.3140091117e-06      0.0000000000 -8.6745930335e-09 -9.1564363290e-09    0.022608333333   0.0059416666667
-1.2018665638e-08 -2.4778100545e-10  9.3143390059e-06      0.0000000000 -8.4413076425e-09 -8.8644252697e-09    0.022625000000   0.0059583333333
-1.1570003207e-08 -2.3289469495e-10  9.3146790004e-06      0.0000000000 -8.2075675042e-09 -9.4327879356e-09    0.022641666667   0.0059750000000
-1.1676800381e-08 -2.5645006740e-10  9.3150091146e-06      0.0000000000 -7.9742821132e-09 -7.3382575250e-09    0.022658333333   0.0059916666667
-1.1200760142e-08 -2.3966746902e-10  9.3153389984e-06      0.0000000000 -7.7405419748e-09 -8.4396390317e-09    0.022675000000   0.0060083333333
-1.1144020347e-08 -2.5192716540e-10  9.3156790068e-06      0.0000000000 -7.5068018365e-09 -7.6915542736e-09    0.022691666667   0.0060250000000
-1.0931266032e-08 -2.5338072090e-10  9.3160091106e-06      0.0000000000 -7.2730616981e-09 -6.7418619232e-09    0.022708333333   0.0060416666667
-1.0389550075e-08 -2.3201768266e-10  9.3163390049e-06      0.0000000000 -7.0397763071e-09 -6.3609567419e-09    0.022725000000   0.0060583333333
-1.0052902144e-08 -2.2488990950e-10  9.3166790028e-06      0.0000000000 -6.8060361687e-09 -6.5028508791e-09    0.022741666667   0.0060750000000
-9.9574574331e-09 -2.3446876074e-10  9.3170091101e-06      0.0000000000 -6.5722960304e-09 -6.7474276323e-09    0.022758333333   0.0060916666667
-9.2608966204e-09 -2.0241209429e-10  9.3173390078e-06      0.0000000000 -6.3385558920e-09 -5.5775124365e-09    0.022775000000   0.0061083333333
-9.5610585137e-09 -2.3939211764e-10  9.3176789988e-06      0.0000000000 -6.1048157537e-09 -5.6066302140e-09    0.022791666667   0.0061250000000
-9.2191292931e-09 -2.3193004036e-10  9.3180091165e-06      0.0000000000 -5.8706208680e-09 -5.5219496796e-09    0.022808333333   0.0061416666667
-9.4525314130e-09 -2.6428603564e-10  9.3183390003e-06      0.0000000000 -5.6368807296e-09 -4.8831509213e-09    0.022825000000   0.0061583333333
-9.1375141061e-09 -2.5865647926e-10  9.3186790052e-06      0.0000000000 -5.4031405913e-09 -5.7317328899e-09    0.022841666667   0.0061750000000
-9.4410412143e-09 -2.9586958980e-10  9.3190091125e-06      0.0000000000 -5.1694004529e-09 -4.8272422729e-09    0.022858333333   0.0061916666667
-9.1389417645e-09 -2.9116626931e-10  9.3193389998e-06      0.0000000000 -4.9352055672e-09 -4.9078978877e-09    0.022875000000   0.0062083333333
-8.9220337669e-09 -2.9233212544e-10  9.3196790082e-06      0.0000000000 -4.7014654288e-09 -5.2991169255e-09    0.022891666667   0.0062250000000
-8.9044482146e-09 -3.0733528657e-10  9.3200091085e-06      0.0000000000 -4.4672705431e-09 -3.9246697817e-09    0.022908333333   0.0062416666667
-8.4604674264e-09 -2.9277324395e-10  9.3203390097e-06      0.0000000000 -4.2335304048e-09 -4.9880503876e-09    0.022925000000   0.0062583333333
-8.1375276906e-09 -2.8662644841e-10  9.3206790007e-06      0.0000000000 -3.9993355191e-09 -4.6056358614e-09    0.022941666667   0.0062750000000
-7.6277697617e-09 -2.6753993596e-10  9.3210091149e-06      0.0000000000 -3.7651406334e-09 -3.9565389691e-09    0.022958333333   0.0062916666667
-7.2941420282e-09 -2.6065285029e-10  9.3213390022e-06      0.0000000000 -3.5309457477e-09 -3.2478072332e-09    0.022975000000   0.0063083333333
-6.9789274580e-09 -2.5504112820e-10  9.3216790036e-06      0.0000000000 -3.2967508619e-09 -3.0687926464e-09    0.022991666667   0.0063250000000
-6.8045375828e-09 -2.5918344374e-10  9.3220091144e-06      0.0000000000 -3.0625559762e-09 -2.7701939258e-09    0.023008333333   0.0063416666667
-6.5655751235e-09 -2.5885322402e-10  9.3223389982e-06      0.0000000000 -2.8283610905e-09 -2.1825085015e-09    0.023025000000   0.0063583333333
-6.1107929711e-09 -2.4357453656e-10  9.3226790101e-06      0.0000000000 -2.5941662048e-09 -1.8626217298e-09    0.023041666667   0.0063750000000
-5.9591438801e-09 -2.4929196268e-10  9.3230091069e-06      0.0000000000 -2.3599713191e-09 -2.6493991717e-09    0.023058333333   0.0063916666667
-5.6263692734e-09 -2.4246396771e-10  9.3233390046e-06      0.0000000000 -2.1257764334e-09 -1.6308115183e-09    0.023075000000   0.0064083333333
-5.6840218591e-09 -2.6267839969e-10  9.3236790025e-06      0.0000000000 -1.8915815477e-09 -2.1620537345e-09    0.023091666667   0.0064250000000
-5.1296189229e-09 -2.4049960943e-10  9.3240091133e-06      0.0000000000 -1.6573866620e-09 -1.8077979230e-09    0.023108333333   0.0064416666667
-4.7982082240e-09 -2.3379758123e-10  9.3243390076e-06      0.0000000000 -1.4227370289e-09 -1.1470350528e-09    0.023125000000   0.0064583333333
-4.2844574589e-09 -2.1443451022e-10  9.3246790020e-06      0.0000000000 -1.1885421432e-09 -9.0030433869e-10    0.023141666667   0.0064750000000
-3.8272264618e-09 -1.9901770423e-10  9.3250091163e-06      0.0000000000 -9.5389251018e-10 -1.3631229222e-09    0.023158333333   0.0064916666667
-3.3752110263e-09 -1.8393064979e-10  9.3253390000e-06      0.0000000000 -7.1969762447e-10 -2.0336435940e-10    0.023175000000   0.0065083333333
-2.7847840454e-09 -1.5928819883e-10  9.3256790050e-06      0.0000000000 -4.8504799141e-10 -9.4974533163e-11    0.023191666667   0.0065250000000
-2.6690207045e-09 -1.6752270179e-10  9.3260091123e-06      0.0000000000 -2.5039835836e-10 -7.8917882494e-10    0.023208333333   0.0065416666667
-2.0689237864e-09 -1.4217897786e-10  9.3263390030e-06      0.0000000000 -1.6203472649e-11  3.7140307253e-11    0.023225000000   0.0065583333333
-1.9036374128e-09 -1.4698333296e-10  9.3266790044e-06      0.0000000000  2.1844616041e-10  2.9622878223e-10    0.023241666667   0.0065750000000
-1.6350289197e-09 -1.4463121710e-10  9.3270091117e-06      0.0000000000  4.5309579347e-10  7.3310550134e-10    0.023258333333   0.0065916666667
-1.2138456673e-09 -1.3171121083e-10  9.3273390095e-06      0.0000000000  6.8774542652e-10  1.3764008495e-09    0.023275000000   0.0066083333333
-9.3577235676e-10 -1.2870352681e-10  9.3276790004e-06      0.0000000000  9.2239505958e-10 -4.3939810803e-11    0.023291666667   0.0066250000000
-8.7117203974e-10 -1.4048176945e-10  9.3280091182e-06      0.0000000000  1.1570446926e-09  1.1702652226e-09    0.023308333333   0.0066416666667
-5.9000711330e-10 -1.3725994872e-10  9.3283390019e-06      0.0000000000  1.3916943257e-09  8.5932446348e-10    0.023325000000   0.0066583333333
-2.0867420500e-10 -1.2710012422e-10  9.3286790034e-06      0.0000000000  1.6263439588e-09  1.9827801385e-09    0.023341666667   0.0066750000000
 1.2196085121e-10 -1.2045181989e-10  9.3290091141e-06      0.0000000000  1.8609935918e-09  2.5053907889e-09    0.023358333333   0.0066916666667
 1.5923626382e-10 -1.3412268617e-10  9.3293390014e-06      0.0000000000  2.0956432249e-09  3.1678673943e-09    0.023375000000   0.0067083333333
 4.6042476662e-10 -1.2954545618e-10  9.3296790098e-06      0.0000000000  2.3307476053e-09  3.7969811899e-09    0.023391666667   0.0067250000000
 6.5754348230e-10 -1.3214498590e-10  9.3300091101e-06      0.0000000000  2.5653972383e-09  2.6935872235e-09    0.023408333333   0.0067416666667
 6.9153979365e-10 -1.4607447230e-10  9.3303390079e-06      0.0000000000  2.8005016187e-09  2.7413988657e-09    0.023425000000   0.0067583333333
 9.2377724628e-10 -1.4624154882e-10  9.3306789988e-06      0.0000000000  3.0351512518e-09  2.6365622888e-09    0.023441666667   0.0067750000000
 9.3585036433e-10 -1.6168951642e-10  9.3310091166e-06      0.0000000000  3.2702556322e-09  3.6764694380e-09    0.023458333333   0.0067916666667
 1.3495660190e-09 -1.4928674350e-10  9.3313390038e-06      0.0000000000  3.5049052653e-09  3.7485092093e-09    0.023475000000   0.0068083333333
 1.2729946452e-09 -1.7087455547e-10  9.3316790053e-06      0.0000000000  3.7400096457e-09  3.5546841763e-09    0.023491666667   0.0068250000000
 1.4023933986e-09 -1.7819611696e-10  9.3320091160e-06      0.0000000000  3.9751140261e-09  4.0622642677e-09    0.023508333333   0.0068416666667
 1.7657344969e-09 -1.6928247156e-10  9.3323390033e-06      0.0000000000  4.2097636591e-09  3.9511701986e-09    0.023525000000   0.0068583333333
 2.0931885093e-09 -1.6288599553e-10  9.3326790082e-06      0.0000000000  4.4448680395e-09  4.9142265398e-09    0.023541666667   0.0068750000000
 2.4377488754e-09 -1.5530467037e-10  9.3330091085e-06      0.0000000000  4.6799724200e-09  5.3288404225e-09    0.023558333333   0.0068916666667
 2.9484351697e-09 -1.3621685086e-10  9.3333390063e-06      0.0000000000  4.9150768004e-09  4.6984373949e-09    0.023575000000   0.0069083333333
 3.2612112873e-09 -1.3083701995e-10  9.3336790042e-06      0.0000000000  5.1501811808e-09  5.2261892512e-09    0.023591666667   0.0069250000000
 3.5991408840e-09 -1.2371496633e-10  9.3340091150e-06      0.0000000000  5.3852855612e-09  5.1659255140e-09    0.023608333333   0.0069416666667
 3.7768087634e-09 -1.2769323017e-10  9.3343390057e-06      0.0000000000  5.6203899416e-09  5.3926102420e-09    0.023625000000   0.0069583333333
 4.0133634965e-09 -1.2759277340e-10  9.3346790037e-06      0.0000000000  5.8554943220e-09  5.3108226185e-09    0.023641666667   0.0069750000000
 4.1145655156e-09 -1.3686734467e-10  9.3350091179e-06      0.0000000000  6.0905987024e-09  5.7529977669e-09    0.023658333333   0.0069916666667
 4.3679600297e-09 -1.3563200005e-10  9.3353390017e-06      0.0000000000  6.3261578302e-09  6.1794820179e-09    0.023675000000   0.0070083333333
 4.5244303946e-09 -1.4107848191e-10  9.3356790066e-06      0.0000000000  6.5612622106e-09  6.5310807536e-09    0.023691666667   0.0070250000000
 4.5305810549e-09 -1.5693666078e-10  9.3360091139e-06      0.0000000000  6.7963665910e-09  7.4754275077e-09    0.023708333333   0.0070416666667
 5.2240837013e-09 -1.2521780412e-10  9.3363390046e-06      0.0000000000  7.0319257187e-09  7.1707285184e-09    0.023725000000   0.0070583333333
 5.0627930738e-09 -1.5267358398e-10  9.3366790061e-06      0.0000000000  7.2670300991e-09  6.6499888267e-09    0.023741666667   0.0070750000000
 5.3700353026e-09 -1.4770854809e-10  9.3370091134e-06      0.0000000000  7.5025892269e-09  7.3612990267e-09    0.023758333333   0.0070916666667
 5.3978192587e-09 -1.6206832512e-10  9.3373390076e-06      0.0000000000  7.7376936073e-09  7.1276021341e-09    0.023775000000   0.0071083333333
 5.6822092865e-09 -1.5868611693e-10  9.3376790020e-06      0.0000000000  7.9732527351e-09  7.7830665750e-09    0.023791666667   0.0071250000000
 5.7796654294e-09 -1.6825163888e-10  9.3380091198e-06      0.0000000000  8.2088118628e-09  9.3645926862e-09    0.023808333333   0.0071416666667
 6.1714809484e-09 -1.5739724759e-10  9.3383390036e-06      0.0000000000  8.4439162432e-09  8.8491199791e-09    0.023825000000   0.0071583333333
 6.5297750516e-09 -1.4889617064e-10  9.3386790050e-06      0.0000000000  8.6794753710e-09  8.5505369809e-09    0.023841666667   0.0071750000000
 6.7581079988e-09 -1.4939668255e-10  9.3390091158e-06      0.0000000000  8.9150344988e-09  9.3739789244e-09    0.023858333333   0.0071916666667
 7.1559788469e-09 -1.3815437431e-10  9.3393390030e-06      0.0000000000  9.1505936265e-09  9.4334408222e-09    0.023875000000   0.0072083333333
 7.0847544906e-09 -1.5940332960e-10  9.3396790080e-06      0.0000000000  9.3861527543e-09  9.0722357354e-09    0.023891666667   0.0072250000000
 7.3747599787e-09 -1.5563217393e-10  9.3400091118e-06      0.0000000000  9.6217118820e-09  8.7261869865e-09    0.023908333333   0.0072416666667
 7.4799762887e-09 -1.6466019810e-10  9.3403390095e-06      0.0000000000  9.8572710098e-09  9.9849176926e-09    0.023925000000   0.0072583333333
 7.5326118827e-09 -1.7733015653e-10  9.3406790004e-06      0.0000000000  1.0092830138e-08  1.0068670609e-08    0.023941666667   0.0072750000000
 8.1139843369e-09 -1.5337785044e-10  9.3410091182e-06      0.0000000000  1.0328389265e-08  1.0899014661e-08    0.023958333333   0.0072916666667
 8.1727211365e-09 -1.6562521688e-10  9.3413390055e-06      0.0000000000  1.0563948393e-08  1.0719732794e-08    0.023975000000   0.0073083333333
 8.4576263000e-09 -1.6220732849e-10  9.3416790069e-06      0.0000000000  1.0799507521e-08  1.1064272198e-08    0.023991666667   0.0073250000000
 8.6495583615e-09 -1.6526059744e-10  9.3420091177e-06      0.0000000000  1.1035521396e-08  1.1314713385e-08    0.024008333333   0.0073416666667
 8.9408543608e-09 -1.6140005620e-10  9.3423390014e-06      0.0000000000  1.1271080524e-08  1.1977944663e-08    0.024025000000   0.0073583333333
 9.0928868362e-09 -1.6718542013e-10  9.3426790099e-06      0.0000000000  1.1506639651e-08  1.1908341854e-08    0.024041666667   0.0073750000000
 9.6330140447e-09 -1.4612140931e-10  9.3430091102e-06      0.0000000000  1.1742653527e-08  1.1951138070e-08    0.024058333333   0.0073916666667
 9.5040135295e-09 -1.7137215441e-10  9.3433390079e-06      0.0000000000  1.1978212654e-08  1.2564733914e-08    0.024075000000   0.0074083333333
 1.0044560755e-08 -1.5027905165e-10  9.3436790058e-06      0.0000000000  1.2214226529e-08  1.3030822744e-08    0.024091666667   0.0074250000000
 1.0039903878e-08 -1.6694879539e-10  9.3440091166e-06      0.0000000000  1.2450240405e-08  1.2290017431e-08    0.024108333333   0.0074416666667
 1.0647786050e-08 -1.4116032848e-10  9.3443390039e-06      0.0000000000  1.2685799532e-08  1.3202589331e-08    0.024125000000   0.0074583333333
 1.0968166457e-08 -1.3531679140e-10  9.3446790053e-06      0.0000000000  1.2921813407e-08  1.3237036983e-08    0.024141666667   0.0074750000000
 1.1274704462e-08 -1.3043203015e-10  9.3450091196e-06      0.0000000000  1.3157827283e-08  1.3485544322e-08    0.024158333333   0.0074916666667
 1.1725379928e-08 -1.1553227934e-10  9.3453390033e-06      0.0000000000  1.3393386410e-08  1.3665234969e-08    0.024175000000   0.0075083333333
 1.1875806959e-08 -1.2146033975e-10  9.3456790082e-06      0.0000000000  1.3629400285e-08  1.3794677011e-08    0.024191666667   0.0075250000000
 1.2106220033e-08 -1.2184827186e-10  9.3460091155e-06      0.0000000000  1.3865414161e-08  1.3068037528e-08    0.024208333333   0.0075416666667
 1.2450131295e-08 -1.1437490100e-10  9.3463390063e-06      0.0000000000  1.4101428036e-08  1.4580495390e-08    0.024225000000   0.0075583333333
 1.2651802040e-08 -1.1675363282e-10  9.3466790042e-06      0.0000000000  1.4337441911e-08  1.4276598241e-08    0.024241666667   0.0075750000000
 1.3071432911e-08 -1.0403564270e-10  9.3470091150e-06      0.0000000000  1.4573455786e-08  1.4360869994e-08    0.024258333333   0.0075916666667
 1.3104326435e-08 -1.1810450715e-10  9.3473390092e-06      0.0000000000  1.4809469661e-08  1.4853639639e-08    0.024275000000   0.0076083333333
 1.3212007621e-08 -1.2699330240e-10  9.3476790037e-06      0.0000000000  1.5045483536e-08  1.5161152928e-08    0.024291666667   0.0076250000000
 1.3388489618e-08 -1.3111669976e-10  9.3480091180e-06      0.0000000000  1.5281497411e-08  1.4757796242e-08    0.024308333333   0.0076416666667
 1.3921522222e-08 -1.1054408746e-10  9.3483390052e-06      0.0000000000  1.5517511286e-08  1.5826412388e-08    0.024325000000   0.0076583333333
 1.3896012847e-08 -1.2868964952e-10  9.3486790066e-06      0.0000000000  1.5753979909e-08  1.5951483619e-08    0.024341666667   0.0076750000000
 1.4285210097e-08 -1.1807960416e-10  9.3490091174e-06      0.0000000000  1.5989993784e-08  1.6134743238e-08    0.024358333333   0.0076916666667
 1.4584412227e-08 -1.1370295265e-10  9.3493390047e-06      0.0000000000  1.6226007659e-08  1.6261622539e-08    0.024375000000   0.0077083333333
 1.4778812103e-08 -1.1661678912e-10  9.3496790096e-06      0.0000000000  1.6462476281e-08  1.6559435142e-08    0.024391666667   0.0077250000000
 1.5070302159e-08 -1.1277430425e-10  9.3500091134e-06      0.0000000000  1.6698490157e-08  1.6644037065e-08    0.024408333333   0.0077416666667
 1.5447065427e-08 -1.0305697982e-10  9.3503390111e-06      0.0000000000  1.6934958779e-08  1.6906521566e-08    0.024425000000   0.0077583333333
 1.5676803855e-08 -1.0349164041e-10  9.3506790021e-06      0.0000000000  1.7170972654e-08  1.7117971344e-08    0.024441666667   0.0077750000000
 1.5979515560e-08 -9.8903400243e-11  9.3510091198e-06      0.0000000000  1.7407441277e-08  1.7355473043e-08    0.024458333333   0.0077916666667
 1.6169953782e-08 -1.0206013807e-10  9.3513390036e-06      0.0000000000  1.7643455152e-08  1.6901238859e-08    0.024475000000   0.0078083333333
 1.6388816727e-08 -1.0327957219e-10  9.3516790085e-06      0.0000000000  1.7879923774e-08  1.6753244453e-08    0.024491666667   0.0078250000000
 1.6631545846e-08 -1.0284594708e-10  9.3520091193e-06      0.0000000000  1.8116392397e-08  1.8056689500e-08    0.024508333333   0.0078416666667
 1.6662830106e-08 -1.1702627514e-10  9.3523390031e-06      0.0000000000  1.8352406272e-08  1.8822823507e-08    0.024525000000   0.0078583333333
 1.6849504817e-08 -1.2047518507e-10  9.3526790115e-06      0.0000000000  1.8588874894e-08  1.9070340338e-08    0.024541666667   0.0078750000000
 1.7229950717e-08 -1.1050278793e-10  9.3530091118e-06      0.0000000000  1.8825343517e-08  1.9101266185e-08    0.024558333333   0.0078916666667
 1.7414438239e-08 -1.1410319065e-10  9.3533390095e-06      0.0000000000  1.9061812139e-08  1.9224576513e-08    0.024575000000   0.0079083333333
 1.7630468472e-08 -1.1551882886e-10  9.3536790040e-06      0.0000000000  1.9298280762e-08  1.9205238033e-08    0.024591666667   0.0079250000000
 1.7722927316e-08 -1.2549347709e-10  9.3540091182e-06      0.0000000000  1.9534749384e-08  1.9339035164e-08    0.024608333333   0.0079416666667
 1.7880215778e-08 -1.3097778697e-10  9.3543390055e-06      0.0000000000  1.9771218006e-08  1.9960193454e-08    0.024625000000   0.0079583333333
 1.8478641041e-08 -1.0590733544e-10  9.3546790069e-06      0.0000000000  2.0007686629e-08  2.0747851347e-08    0.024641666667   0.0079750000000
 1.8471445436e-08 -1.2278441828e-10  9.3550091212e-06      0.0000000000  2.0244155251e-08  2.1044500497e-08    0.024658333333   0.0079916666667
 1.8942375140e-08 -1.0654477922e-10  9.3553390050e-06      0.0000000000  2.0480623874e-08  2.0759344379e-08    0.024675000000   0.0080083333333
 1.9177460853e-08 -1.0664056463e-10  9.3556790099e-06      0.0000000000  2.0717092496e-08  2.1083554795e-08    0.024691666667   0.0080250000000
 1.9634192530e-08 -9.1384333326e-11  9.3560091137e-06      0.0000000000  2.0953561119e-08  2.1010807518e-08    0.024708333333   0.0080416666667
 1.9670747204e-08 -1.0526260799e-10  9.3563390079e-06      0.0000000000  2.1190484489e-08  2.0240397035e-08    0.024725000000   0.0080583333333
 2.0258614856e-08 -8.0923415506e-11  9.3566790059e-06      0.0000000000  2.1426953111e-08  2.0572468621e-08    0.024741666667   0.0080750000000
 2.0240072906e-08 -9.8586388059e-11  9.3570091166e-06      0.0000000000  2.1663421734e-08  2.1351542116e-08    0.024758333333   0.0080916666667
 2.0603578455e-08 -8.9818839581e-11  9.3573390109e-06      0.0000000000  2.1900345103e-08  2.1079121095e-08    0.024775000000   0.0081083333333
 2.0859522088e-08 -8.8469928517e-11  9.3576790053e-06      0.0000000000  2.2136813726e-08  2.1884309399e-08    0.024791666667   0.0081250000000
 2.0813302360e-08 -1.0808146352e-10  9.3580091196e-06      0.0000000000  2.2373737096e-08  2.1926366664e-08    0.024808333333   0.0081416666667
 2.1026292277e-08 -1.0970768523e-10  9.3583390034e-06      0.0000000000  2.2610205718e-08  2.2967075653e-08    0.024825000000   0.0081583333333
 2.1028275680e-08 -1.2598049365e-10  9.3586790083e-06      0.0000000000  2.2847129088e-08  2.2732702700e-08    0.024841666667   0.0081750000000
 2.1128620536e-08 -1.3540892762e-10  9.3590091191e-06      0.0000000000  2.3083597710e-08  2.3922962606e-08    0.024858333333   0.0081916666667
 2.1326630984e-08 -1.3810418004e-10  9.3593390063e-06      0.0000000000  2.3320521080e-08  2.3506273374e-08    0.024875000000   0.0082083333333
 2.1537450892e-08 -1.3991220210e-10  9.3596790078e-06      0.0000000000  2.3557444450e-08  2.3362649779e-08    0.024891666667   0.0082250000000
 2.1772438547e-08 -1.4001477934e-10  9.3600091150e-06      0.0000000000  2.3793913072e-08  2.5179177737e-08    0.024908333333   0.0082416666667
 2.2084813402e-08 -1.3478873128e-10  9.3603390128e-06      0.0000000000  2.4030836442e-08  2.4493903736e-08    0.024925000000   0.0082583333333
 2.2441896053e-08 -1.2646605642e-10  9.3606790037e-06      0.0000000000  2.4267759812e-08  2.4945779569e-08    0.024941666667   0.0082750000000
 2.2929982956e-08 -1.0906954399e-10  9.3610091215e-06      0.0000000000  2.4504683182e-08  2.5204443541e-08    0.024958333333   0.0082916666667
 2.3065419643e-08 -1.1609888585e-10  9.3613390053e-06      0.0000000000  2.4741606552e-08  2.4507959510e-08    0.024975000000   0.0083083333333
 2.3491771216e-08 -1.0297838999e-10  9.3616790102e-06      0.0000000000  2.4978529921e-08  2.4388186708e-08    0.024991666667   0.0083250000000
 2.3664816819e-08 -1.0740279966e-10  9.3620091210e-06      0.0000000000  2.5215453291e-08  2.6206978683e-08    0.025008333333   0.0083416666667
 2.3652300808e-08 -1.2467989097e-10  9.3623390047e-06      0.0000000000  2.5452376661e-08  2.4775663828e-08    0.025025000000   0.0083583333333
 2.3875480766e-08 -1.2563181031e-10  9.3626790131e-06      0.0000000000  2.5689300031e-08  2.4828616676e-08    0.025041666667   0.0083750000000
 2.3977487335e-08 -1.3497664538e-10  9.3630091134e-06      0.0000000000  2.5926223401e-08  2.5225967427e-08    0.025058333333   0.0083916666667
 2.4207508874e-08 -1.3545469170e-10  9.3633390112e-06      0.0000000000  2.6163146771e-08  2.6291093213e-08    0.025075000000   0.0084083333333
 2.4456954342e-08 -1.3458736499e-10  9.3636790056e-06      0.0000000000  2.6400070140e-08  2.6646182309e-08    0.025091666667   0.0084250000000
 2.4909038922e-08 -1.1968450620e-10  9.3640091199e-06      0.0000000000  2.6636993510e-08  2.6542037515e-08    0.025108333333   0.0084416666667
 2.4929004595e-08 -1.3474329371e-10  9.3643390071e-06      0.0000000000  2.6874371627e-08  2.8027405782e-08    0.025125000000   0.0084583333333
 2.5541274745e-08 -1.0874539177e-10  9.3646790086e-06      0.0000000000  2.7111294997e-08  2.7379912569e-08    0.025141666667   0.0084750000000
 2.5597815509e-08 -1.2123935611e-10  9.3650091228e-06      0.0000000000  2.7348218367e-08  2.7233741955e-08    0.025158333333   0.0084916666667
 2.5942511203e-08 -1.1380614506e-10  9.3653390031e-06      0.0000000000  2.7585596484e-08  2.7493632269e-08    0.025175000000   0.0085083333333
 2.6143030800e-08 -1.1632760457e-10  9.3656790115e-06      0.0000000000  2.7822519854e-08  2.8456609998e-08    0.025191666667   0.0085250000000
 2.6454762884e-08 -1.1117757470e-10  9.3660091153e-06      0.0000000000  2.8059897971e-08  2.7680256469e-08    0.025208333333   0.0085416666667
 2.6843745475e-08 -1.0064539235e-10  9.3663390096e-06      0.0000000000  2.8296821341e-08  2.8535787713e-08    0.025225000000   0.0085583333333
 2.7200252686e-08 -9.2394072079e-11  9.3666790075e-06      0.0000000000  2.8534199458e-08  2.8328787357e-08    0.025241666667   0.0085750000000
 2.7656537706e-08 -7.7200275313e-11  9.3670091183e-06      0.0000000000  2.8771122828e-08  2.9052502485e-08    0.025258333333   0.0085916666667
 2.7667410219e-08 -9.2888888675e-11  9.3673390125e-06      0.0000000000  2.9008500945e-08  2.8885515490e-08    0.025275000000   0.0086083333333
 2.7845011887e-08 -9.6997728441e-11  9.3676790035e-06      0.0000000000  2.9245424315e-08  2.9519849103e-08    0.025291666667   0.0086250000000
 2.8170391861e-08 -9.0902395352e-11  9.3680091212e-06      0.0000000000  2.9482802432e-08  2.8814843562e-08    0.025308333333   0.0086416666667
 2.8039668845e-08 -1.1639843711e-10  9.3683390050e-06      0.0000000000  2.9720180549e-08  3.0095994328e-08    0.025325000000   0.0086583333333
 2.8090002678e-08 -1.2935381391e-10  9.3686790099e-06      0.0000000000  2.9957558666e-08  2.9418534331e-08    0.025341666667   0.0086750000000
 2.8459347590e-08 -1.2018180964e-10  9.3690091207e-06      0.0000000000  3.0194482036e-08  2.9869608325e-08    0.025358333333   0.0086916666667
 2.8649862198e-08 -1.2342774905e-10  9.3693390080e-06      0.0000000000  3.0431860153e-08  3.0587506186e-08    0.025375000000   0.0087083333333
 2.8977528755e-08 -1.1717403881e-10  9.3696790094e-06      0.0000000000  3.0669238270e-08  3.1308202624e-08    0.025391666667   0.0087250000000
 2.9203753117e-08 -1.1794658901e-10  9.3700091167e-06      0.0000000000  3.0906616388e-08  3.1114566259e-08    0.025408333333   0.0087416666667
 2.9631574564e-08 -1.0475578181e-10  9.3703390144e-06      0.0000000000  3.1143994505e-08  3.1989152982e-08    0.025425000000   0.0087583333333
 2.9609034326e-08 -1.2275868549e-10  9.3706790019e-06      0.0000000000  3.1381372622e-08  3.1994419966e-08    0.025441666667   0.0087750000000
 2.9928459512e-08 -1.1707580292e-10  9.3710091231e-06      0.0000000000  3.1618750739e-08  3.1062147971e-08    0.025458333333   0.0087916666667
 3.0136387739e-08 -1.1911561093e-10  9.3713390069e-06      0.0000000000  3.1856128856e-08  3.2229594759e-08    0.025475000000   0.0088083333333
 3.0440621498e-08 -1.1448494265e-10  9.3716790118e-06      0.0000000000  3.2093506973e-08  3.2604918509e-08    0.025491666667   0.0088250000000
 3.0696941757e-08 -1.1317294009e-10  9.3720091226e-06      0.0000000000  3.2330885091e-08  3.2055265430e-08    0.025508333333   0.0088416666667
 3.0836389795e-08 -1.1995593841e-10  9.3723390029e-06      0.0000000000  3.2568263208e-08  3.2495711121e-08    0.025525000000   0.0088583333333
 3.1236612551e-08 -1.0870821579e-10  9.3726790148e-06      0.0000000000  3.2806096072e-08  3.2426076868e-08    0.025541666667   0.0088750000000
 3.1363552517e-08 -1.1635756934e-10  9.3730091151e-06      0.0000000000  3.3043474189e-08  3.3242962595e-08    0.025558333333   0.0088916666667
 3.1472985083e-08 -1.2521955001e-10  9.3733390128e-06      0.0000000000  3.3280852307e-08  3.3135217385e-08    0.025575000000   0.0089083333333
 3.1977239872e-08 -1.0676618511e-10  9.3736790038e-06      0.0000000000  3.3518685171e-08  3.3650595758e-08    0.025591666667   0.0089250000000
 3.2200889090e-08 -1.0771709930e-10  9.3740091215e-06      0.0000000000  3.3756063288e-08  3.4082504217e-08    0.025608333333   0.0089416666667
 3.2474722627e-08 -1.0519206248e-10  9.3743390088e-06      0.0000000000  3.3993441405e-08  3.3890314307e-08    0.025625000000   0.0089583333333
 3.2790998566e-08 -9.9758805968e-11  9.3746790067e-06      0.0000000000  3.4231274270e-08  3.4100852190e-08    0.025641666667   0.0089750000000
 3.3068047960e-08 -9.7011026987e-11  9.3750091245e-06      0.0000000000  3.4468652387e-08  3.4807036906e-08    0.025658333333   0.0089916666667
 3.3099412160e-08 -1.1131180801e-10  9.3753390048e-06      0.0000000000  3.4706485252e-08  3.3584467587e-08    0.025675000000   0.0090083333333
 3.3410341081e-08 -1.0621740816e-10  9.3756790132e-06      0.0000000000  3.4943863369e-08  3.5116484043e-08    0.025691666667   0.0090250000000
 3.3286137230e-08 -1.3129340599e-10  9.3760091170e-06      0.0000000000  3.5181696233e-08  3.5460425998e-08    0.025708333333   0.0090416666667
 3.3529488519e-08 -1.3087968208e-10  9.3763390112e-06      0.0000000000  3.5419074350e-08  3.5181621706e-08    0.025725000000   0.0090583333333
 3.3834176842e-08 -1.2624902649e-10  9.3766790091e-06      0.0000000000  3.5656907215e-08  3.5855528454e-08    0.025741666667   0.0090750000000
 3.4110795612e-08 -1.2356257167e-10  9.3770091199e-06      0.0000000000  3.5894740080e-08  3.5744843166e-08    0.025758333333   0.0090916666667
 3.4492797232e-08 -1.1354541462e-10  9.3773390142e-06      0.0000000000  3.6132118197e-08  3.6170965803e-08    0.025775000000   0.0091083333333
 3.4618262141e-08 -1.2132843356e-10  9.3776790051e-06      0.0000000000  3.6369951061e-08  3.6281116532e-08    0.025791666667   0.0091250000000
 3.4743934654e-08 -1.2909707309e-10  9.3780091229e-06      0.0000000000  3.6607783926e-08  3.7040285541e-08    0.025808333333   0.0091416666667
 3.4887732035e-08 -1.3561031737e-10  9.3783390067e-06      0.0000000000  3.6845616790e-08  3.6117179671e-08    0.025825000000   0.0091583333333
 3.5181605180e-08 -1.3172876092e-10  9.3786790116e-06      0.0000000000  3.7083449655e-08  3.6348864104e-08    0.025841666667   0.0091750000000
 3.5382179443e-08 -1.3430942906e-10  9.3790091224e-06      0.0000000000  3.7321282519e-08  3.6746387801e-08    0.025858333333   0.0091916666667
 3.5784801534e-08 -1.2289551961e-10  9.3793390061e-06      0.0000000000  3.7559115384e-08  3.6641315389e-08    0.025875000000   0.0092083333333
 3.6033611257e-08 -1.2213522189e-10  9.3796790110e-06      0.0000000000  3.7796948248e-08  3.7889559293e-08    0.025891666667   0.0092250000000
 3.6486089830e-08 -1.0726806870e-10  9.3800091183e-06      0.0000000000  3.8034781113e-08  3.7584121353e-08    0.025908333333   0.0092416666667
 3.6483592138e-08 -1.2391424918e-10  9.3803390161e-06      0.0000000000  3.8272613977e-08  3.8033119998e-08    0.025925000000   0.0092583333333
 3.6997374534e-08 -1.0480096713e-10  9.3806790035e-06      0.0000000000  3.8510446842e-08  3.7946820063e-08    0.025941666667   0.0092750000000
 3.6861405924e-08 -1.3069183558e-10  9.3810091248e-06      0.0000000000  3.8748279706e-08  3.8417043869e-08    0.025958333333   0.0092916666667
 3.7414394744e-08 -1.0886297202e-10  9.3813390085e-06      0.0000000000  3.8986112571e-08  3.9920995945e-08    0.025975000000   0.0093083333333
 3.7305272507e-08 -1.3289436167e-10  9.3816790065e-06      0.0000000000  3.9223945435e-08  3.9287574227e-08    0.025991666667   0.0093250000000
 3.7782004941e-08 -1.1634729658e-10  9.3820091242e-06      0.0000000000  3.9461778300e-08  3.8733487448e-08    0.026008333333   0.0093416666667
 3.7970467182e-08 -1.1979838553e-10  9.3823390045e-06      0.0000000000  3.9700065912e-08  3.9767703109e-08    0.026025000000   0.0093583333333
 3.8200736561e-08 -1.2032226040e-10  9.3826790164e-06      0.0000000000  3.9937898776e-08  3.9878639955e-08    0.026041666667   0.0093750000000
 3.8563796602e-08 -1.1164856440e-10  9.3830091167e-06      0.0000000000  4.0175731641e-08  3.8690423953e-08    0.026058333333   0.0093916666667
 3.9009936975e-08 -9.7220418318e-11  9.3833390110e-06      0.0000000000  4.0413564505e-08  3.9990583031e-08    0.026075000000   0.0094083333333
 3.9185812322e-08 -1.0154332186e-10  9.3836790054e-06      0.0000000000  4.0651852117e-08  4.0577262225e-08    0.026091666667   0.0094250000000
 3.9432866363e-08 -1.0090462922e-10  9.3840091232e-06      0.0000000000  4.0889684982e-08  4.0871254299e-08    0.026108333333   0.0094416666667
 3.9466809527e-08 -1.1505827913e-10  9.3843390104e-06      0.0000000000  4.1127972594e-08  4.1746108301e-08    0.026125000000   0.0094583333333
 3.9834071612e-08 -1.0609353412e-10  9.3846790084e-06      0.0000000000  4.1365805458e-08  4.1517096667e-08    0.026141666667   0.0094750000000
 3.9649583334e-08 -1.3537655112e-10  9.3850091261e-06      0.0000000000  4.1604093070e-08  4.1891288408e-08    0.026158333333   0.0094916666667
 3.9984513704e-08 -1.2865121981e-10  9.3853390029e-06      0.0000000000  4.1841925934e-08  4.1387717514e-08    0.026175000000   0.0095083333333
 3.9758423942e-08 -1.6081570906e-10  9.3856790113e-06      0.0000000000  4.2080213546e-08  4.1990134773e-08    0.026191666667   0.0095250000000
 4.0408847238e-08 -1.3226967193e-10  9.3860091186e-06      0.0000000000  4.2318501158e-08  4.1679917241e-08    0.026208333333   0.0095416666667
 4.0747302334e-08 -1.2530020514e-10  9.3863390094e-06      0.0000000000  4.2556334023e-08  4.3153871088e-08    0.026225000000   0.0095583333333
 4.0933735292e-08 -1.2889184965e-10  9.3866790108e-06      0.0000000000  4.2794621635e-08  4.2625223058e-08    0.026241666667   0.0095750000000
 4.1395198360e-08 -1.1343389465e-10  9.3870091216e-06      0.0000000000  4.3032909246e-08  4.3357962811e-08    0.026258333333   0.0095916666667
 4.1730515083e-08 -1.0668180319e-10  9.3873390123e-06      0.0000000000  4.3270742111e-08  4.2984808744e-08    0.026275000000   0.0096083333333
 4.2062695916e-08 -1.0017841247e-10  9.3876790068e-06      0.0000000000  4.3509029723e-08  4.2408663519e-08    0.026291666667   0.0096250000000
 4.2320536893e-08 -9.8824074327e-11  9.3880091245e-06      0.0000000000  4.3747317335e-08  4.3664972984e-08    0.026308333333   0.0096416666667
 4.2651351067e-08 -9.2415343468e-11  9.3883390083e-06      0.0000000000  4.3985604946e-08  4.3987076606e-08    0.026325000000   0.0096583333333
 4.2613497456e-08 -1.1154190273e-10  9.3886790097e-06      0.0000000000  4.4223892558e-08  4.4090120836e-08    0.026341666667   0.0096750000000
 4.2974646124e-08 -1.0303209297e-10  9.3890091240e-06      0.0000000000  4.4462180170e-08  4.4361346959e-08    0.026358333333   0.0096916666667
 4.2987650945e-08 -1.1863600976e-10  9.3893390078e-06      0.0000000000  4.4700467782e-08  4.4210082306e-08    0.026375000000   0.0097083333333
 4.3234597656e-08 -1.1803624862e-10  9.3896790127e-06      0.0000000000  4.4938755394e-08  4.5370139593e-08    0.026391666667   0.0097250000000
 4.3580875520e-08 -1.1055644554e-10  9.3900091200e-06      0.0000000000  4.5177043006e-08  4.4987489232e-08    0.026408333333   0.0097416666667
 4.4003764060e-08 -9.7770304594e-11  9.3903390142e-06      0.0000000000  4.5415330618e-08  4.5318192975e-08    0.026425000000   0.0097583333333
 4.4119383223e-08 -1.0626677368e-10  9.3906790052e-06      0.0000000000  4.5653618230e-08  4.6046530472e-08    0.026441666667   0.0097750000000
 4.4497913447e-08 -9.6553053266e-11  9.3910091229e-06      0.0000000000  4.5891905841e-08  4.5896240604e-08    0.026458333333   0.0097916666667
 4.4416027755e-08 -1.1872943684e-10  9.3913390102e-06      0.0000000000  4.6130193453e-08  4.5639620536e-08    0.026475000000   0.0098083333333
 4.4634906516e-08 -1.2007376544e-10  9.3916790081e-06      0.0000000000  4.6368481065e-08  4.5948831838e-08    0.026491666667   0.0098250000000
 4.4765974407e-08 -1.2750019865e-10  9.3920091259e-06      0.0000000000  4.6606768677e-08  4.6857363097e-08    0.026508333333   0.0098416666667
 4.4875097008e-08 -1.3647814106e-10  9.3923390062e-06      0.0000000000  4.6845511036e-08  4.6275573551e-08    0.026525000000   0.0098583333333
 4.5082130318e-08 -1.3864292919e-10  9.3926790146e-06      0.0000000000  4.7083798648e-08  4.6557553756e-08    0.026541666667   0.0098750000000
 4.5204668545e-08 -1.4666015841e-10  9.3930091184e-06      0.0000000000  4.7322086260e-08  4.6785401937e-08    0.026558333333   0.0098916666667
 4.5484034152e-08 -1.4384644247e-10  9.3933390126e-06      0.0000000000  4.7560828619e-08  4.8079539358e-08    0.026575000000   0.0099083333333
 4.6159469051e-08 -1.1356800949e-10  9.3936790070e-06      0.0000000000  4.7799116231e-08  4.7560717792e-08    0.026591666667   0.0099250000000
 4.6431054373e-08 -1.1126168734e-10  9.3940091248e-06      0.0000000000  4.8037403843e-08  4.7297289950e-08    0.026608333333   0.0099416666667
 4.6864198682e-08 -9.7796691474e-11  9.3943390121e-06      0.0000000000  4.8276146202e-08  4.7348450451e-08    0.026625000000   0.0099583333333
 4.7374830493e-08 -7.8933128011e-11  9.3946790100e-06      0.0000000000  4.8514433814e-08  4.7440158873e-08    0.026641666667   0.0099750000000
 4.7455705060e-08 -8.9867633414e-11  9.3950091278e-06      0.0000000000  4.8753176173e-08  4.7517166904e-08    0.026658333333   0.0099916666667
 4.7816132324e-08 -8.1407790731e-11  9.3953390046e-06      0.0000000000  4.8991463785e-08  4.8926942151e-08    0.026675000000    0.010008333333
 4.8146192844e-08 -7.5082758186e-11  9.3956790130e-06      0.0000000000  4.9230206144e-08  4.9953265196e-08    0.026691666667    0.010025000000
 4.8535622757e-08 -6.4645582600e-11  9.3960091203e-06      0.0000000000  4.9468948503e-08  4.9675419967e-08    0.026708333333    0.010041666667
 4.8765430785e-08 -6.5232909861e-11  9.3963390110e-06      0.0000000000  4.9707236115e-08  4.9461659004e-08    0.026725000000    0.010058333333
 4.9094461034e-08 -5.8979237715e-11  9.3966790124e-06      0.0000000000  4.9945978475e-08  4.9496924218e-08    0.026741666667    0.010075000000
 4.9202679475e-08 -6.8019805535e-11  9.3970091232e-06      0.0000000000  5.0184720834e-08  4.9514313128e-08    0.026758333333    0.010091666667
 4.9331819081e-08 -7.5579798917e-11  9.3973390140e-06      0.0000000000  5.0423008446e-08  5.0346072190e-08    0.026775000000    0.010108333333
 4.9842647888e-08 -5.6734088253e-11  9.3976790084e-06      0.0000000000  5.0661750805e-08  5.1168649405e-08    0.026791666667    0.010125000000
 4.9747984612e-08 -7.9826991902e-11  9.3980091262e-06      0.0000000000  5.0900493164e-08  5.1489998355e-08    0.026808333333    0.010141666667
 4.9880636732e-08 -8.7175193061e-11  9.3983390099e-06      0.0000000000  5.1139235523e-08  5.1911247066e-08    0.026825000000    0.010158333333
 5.0312411443e-08 -7.3805060628e-11  9.3986790114e-06      0.0000000000  5.1377977882e-08  5.0959054863e-08    0.026841666667    0.010175000000
 5.0411391908e-08 -8.3485484730e-11  9.3990091221e-06      0.0000000000  5.1616720242e-08  5.2557859828e-08    0.026858333333    0.010191666667
 5.0538636439e-08 -9.1208235456e-11  9.3993390094e-06      0.0000000000  5.1855462601e-08  5.1239116942e-08    0.026875000000    0.010208333333
 5.0905065248e-08 -8.2332703640e-11  9.3996790108e-06      0.0000000000  5.2093750213e-08  5.2097163761e-08    0.026891666667    0.010225000000
 5.1001567291e-08 -9.2184792438e-11  9.4000091216e-06      0.0000000000  5.2332492572e-08  5.2728179960e-08    0.026908333333    0.010241666667
 5.1503066824e-08 -7.4016759183e-11  9.4003390159e-06      0.0000000000  5.2571689679e-08  5.2278458087e-08    0.026925000000    0.010258333333
 5.1689954614e-08 -7.7608397884e-11  9.4006790068e-06      0.0000000000  5.2810432038e-08  5.2500551891e-08    0.026941666667    0.010275000000
 5.2023570319e-08 -7.1037120141e-11  9.4010091281e-06      0.0000000000  5.3049174397e-08  5.2989233728e-08    0.026958333333    0.010291666667
 5.2389730952e-08 -6.2211660640e-11  9.4013390118e-06      0.0000000000  5.3287916756e-08  5.3324009557e-08    0.026975000000    0.010308333333
 5.2473101576e-08 -7.2973279929e-11  9.4016790098e-06      0.0000000000  5.3526659115e-08  5.3587390232e-08    0.026991666667    0.010325000000
 5.2768783733e-08 -6.9029419563e-11  9.4020091275e-06      0.0000000000  5.3765401475e-08  5.4453848503e-08    0.027008333333    0.010341666667
 5.2654520718e-08 -9.3479873390e-11  9.4023390078e-06      0.0000000000  5.4004143834e-08  5.4278056997e-08    0.027025000000    0.010358333333
 5.3018511342e-08 -8.4836214245e-11  9.4026790162e-06      0.0000000000  5.4243340940e-08  5.3615611836e-08    0.027041666667    0.010375000000
 5.2918279363e-08 -1.0831482678e-10  9.4030091200e-06      0.0000000000  5.4482083300e-08  5.4280729795e-08    0.027058333333    0.010391666667
 5.3026886829e-08 -1.1732844938e-10  9.4033390142e-06      0.0000000000  5.4720825659e-08  5.5538469993e-08    0.027075000000    0.010408333333
 5.3256520196e-08 -1.1795937175e-10  9.4036790087e-06      0.0000000000  5.4959568018e-08  5.5640618050e-08    0.027091666667    0.010425000000
 5.3661484951e-08 -1.0647769321e-10  9.4040091265e-06      0.0000000000  5.5198765125e-08  5.4149715518e-08    0.027108333333    0.010441666667
 5.3849629319e-08 -1.0998229666e-10  9.4043390102e-06      0.0000000000  5.5437507484e-08  5.6050122171e-08    0.027125000000    0.010458333333
 5.4402113662e-08 -8.8282867432e-11  9.4046790116e-06      0.0000000000  5.5676704590e-08  5.5274098811e-08    0.027141666667    0.010475000000
 5.4933831117e-08 -6.7990332064e-11  9.4050091294e-06      0.0000000000  5.5915446950e-08  5.6265785537e-08    0.027158333333    0.010491666667
 5.5088954242e-08 -7.3813606009e-11  9.4053390062e-06      0.0000000000  5.6154644056e-08  5.5830842666e-08    0.027175000000    0.010508333333
 5.5605963342e-08 -5.4539825478e-11  9.4056790146e-06      0.0000000000  5.6393386415e-08  5.5977044725e-08    0.027191666667    0.010525000000
 5.5797327655e-08 -5.7852901126e-11  9.4060091219e-06      0.0000000000  5.6632583522e-08  5.5883905571e-08    0.027208333333    0.010541666667
 5.5760541268e-08 -7.6937038081e-11  9.4063390126e-06      0.0000000000  5.6871325881e-08  5.6576081681e-08    0.027225000000    0.010558333333
 5.6306588018e-08 -5.5683500318e-11  9.4066790106e-06      0.0000000000  5.7110522988e-08  5.6696656322e-08    0.027241666667    0.010575000000
 5.6197073790e-08 -7.9836533145e-11  9.4070091249e-06      0.0000000000  5.7349720094e-08  5.7294183932e-08    0.027258333333    0.010591666667
 5.6296362856e-08 -8.9495582439e-11  9.4073390121e-06      0.0000000000  5.7588462454e-08  5.7132762646e-08    0.027275000000    0.010608333333
 5.6334352186e-08 -1.0343197495e-10  9.4076790100e-06      0.0000000000  5.7827659560e-08  5.7358126697e-08    0.027291666667    0.010625000000
 5.6542373712e-08 -1.0559131061e-10  9.4080091278e-06      0.0000000000  5.8066856667e-08  5.8521155507e-08    0.027308333333    0.010641666667
 5.6712641507e-08 -1.1036560888e-10  9.4083390116e-06      0.0000000000  5.8306053773e-08  5.8601826845e-08    0.027325000000    0.010658333333
 5.7156004100e-08 -9.6192857016e-11  9.4086790130e-06      0.0000000000  5.8544796132e-08  5.7632135675e-08    0.027341666667    0.010675000000
 5.7591917611e-08 -8.2567553529e-11  9.4090091238e-06      0.0000000000  5.8783993239e-08  5.9285717280e-08    0.027358333333    0.010691666667
 5.7568541664e-08 -1.0075433135e-10  9.4093390110e-06      0.0000000000  5.9023190346e-08  5.9156794075e-08    0.027375000000    0.010708333333
 5.8014418830e-08 -8.6438908394e-11  9.4096790125e-06      0.0000000000  5.9262387452e-08  5.9731036897e-08    0.027391666667    0.010725000000
 5.8543420412e-08 -6.6365981811e-11  9.4100091232e-06      0.0000000000  5.9501584559e-08  6.0315106182e-08    0.027408333333    0.010741666667
 5.8522233258e-08 -8.4401155795e-11  9.4103390175e-06      0.0000000000  5.9740781665e-08  6.0432945136e-08    0.027425000000    0.010758333333
 5.9142956253e-08 -5.7975265982e-11  9.4106790084e-06      0.0000000000  5.9979978772e-08  6.0079695555e-08    0.027441666667    0.010775000000
 5.9073307064e-08 -7.9367099189e-11  9.4110091262e-06      0.0000000000  6.0219175878e-08  5.9991383159e-08    0.027458333333    0.010791666667
 5.9445024190e-08 -7.0188274058e-11  9.4113390100e-06      0.0000000000  6.0458372985e-08  6.0665525742e-08    0.027475000000    0.010808333333
 5.9786354452e-08 -6.3114155076e-11  9.4116790114e-06      0.0000000000  6.0697570092e-08  6.0143135205e-08    0.027491666667    0.010825000000
 5.9599089731e-08 -9.2652473761e-11  9.4120091292e-06      0.0000000000  6.0936767198e-08  6.0127884533e-08    0.027508333333    0.010841666667
 5.9817269423e-08 -9.4108217343e-11  9.4123390094e-06      0.0000000000  6.1175964305e-08  6.1470493934e-08    0.027525000000    0.010858333333
 5.9936630426e-08 -1.0240850774e-10  9.4126790144e-06      0.0000000000  6.1415161411e-08  6.1574481505e-08    0.027541666667    0.010875000000
 6.0024095310e-08 -1.1294953849e-10  9.4130091216e-06      0.0000000000  6.1654813265e-08  6.0845735227e-08    0.027558333333    0.010891666667
 6.0309194286e-08 -1.0977020573e-10  9.4133390159e-06      0.0000000000  6.1894010372e-08  6.0737707015e-08    0.027575000000    0.010908333333
 6.0515076716e-08 -1.1207770305e-10  9.4136790103e-06      0.0000000000  6.2133207478e-08  6.2001578927e-08    0.027591666667    0.010925000000
 6.0900905568e-08 -1.0192144771e-10  9.4140091281e-06      0.0000000000  6.2372404585e-08  6.2500181561e-08    0.027608333333    0.010941666667
 6.0936566447e-08 -1.1605061483e-10  9.4143390119e-06      0.0000000000  6.2612056439e-08  6.3629202945e-08    0.027625000000    0.010958333333
 6.1349225640e-08 -1.0403599107e-10  9.4146790133e-06      0.0000000000  6.2851253545e-08  6.3462860566e-08    0.027641666667    0.010975000000
 6.1459427487e-08 -1.1297067839e-10  9.4150091311e-06      0.0000000000  6.3090450652e-08  6.2914858333e-08    0.027658333333    0.010991666667
 6.1575269188e-08 -1.2154622609e-10  9.4153390078e-06      0.0000000000  6.3330102506e-08  6.2692151358e-08    0.027675000000    0.011008333333
 6.1972992920e-08 -1.1056608755e-10  9.4156790162e-06      0.0000000000  6.3569299612e-08  6.3908337406e-08    0.027691666667    0.011025000000
 6.2142891542e-08 -1.1539745353e-10  9.4160091235e-06      0.0000000000  6.3808951466e-08  6.4302527966e-08    0.027708333333    0.011041666667
 6.2713273914e-08 -9.2458340932e-11  9.4163390143e-06      0.0000000000  6.4048148573e-08  6.2719398176e-08    0.027725000000    0.011058333333
 6.2597729631e-08 -1.1706053503e-10  9.4166790087e-06      0.0000000000  6.4287800427e-08  6.4059004610e-08    0.027741666667    0.011075000000
 6.3002919624e-08 -1.0556325567e-10  9.4170091265e-06      0.0000000000  6.4526997533e-08  6.3772983763e-08    0.027758333333    0.011091666667
 6.3176297551e-08 -1.1015363225e-10  9.4173390138e-06      0.0000000000  6.4766649387e-08  6.4457172923e-08    0.027775000000    0.011108333333
 6.3426410394e-08 -1.0942906553e-10  9.4176790117e-06      0.0000000000  6.5006301241e-08  6.5510554119e-08    0.027791666667    0.011125000000
 6.3885837393e-08 -9.4175131170e-11  9.4180091295e-06      0.0000000000  6.5245498348e-08  6.4113529692e-08    0.027808333333    0.011141666667
 6.3945752133e-08 -1.0662438639e-10  9.4183390097e-06      0.0000000000  6.5485150202e-08  6.5979032746e-08    0.027825000000    0.011158333333
 6.4483755578e-08 -8.5959455081e-11  9.4186790146e-06      0.0000000000  6.5724802056e-08  6.5570471965e-08    0.027841666667    0.011175000000
 6.4666883678e-08 -8.9874498751e-11  9.4190091254e-06      0.0000000000  6.5964453910e-08  6.6584924643e-08    0.027858333333    0.011191666667
 6.4907048016e-08 -8.9807504672e-11  9.4193390127e-06      0.0000000000  6.6203651016e-08  6.6080300351e-08    0.027875000000    0.011208333333
 6.5263510471e-08 -8.1716771781e-11  9.4196790141e-06      0.0000000000  6.6443302870e-08  6.7000670534e-08    0.027891666667    0.011225000000
 6.5508214389e-08 -8.1366847157e-11  9.4200091249e-06      0.0000000000  6.6682954724e-08  6.6082454312e-08    0.027908333333    0.011241666667
 6.5917209199e-08 -6.9637529646e-11  9.4203390191e-06      0.0000000000  6.6922606578e-08  6.6657215971e-08    0.027925000000    0.011258333333
 6.6038054770e-08 -7.7866490848e-11  9.4206790101e-06      0.0000000000  6.7162258432e-08  6.6495967631e-08    0.027941666667    0.011275000000
 6.6341518094e-08 -7.3446673130e-11  9.4210091278e-06      0.0000000000  6.7401910286e-08  6.7264302766e-08    0.027958333333    0.011291666667
 6.6719821715e-08 -6.3843140476e-11  9.4213390116e-06      0.0000000000  6.7641562140e-08  6.7532651700e-08    0.027975000000    0.011308333333
 6.6749252872e-08 -7.8403801136e-11  9.4216790130e-06      0.0000000000  6.7881213994e-08  6.7397093667e-08    0.027991666667    0.011325000000
 6.6970990501e-08 -7.9644606420e-11  9.4220091308e-06      0.0000000000  6.8120865847e-08  6.7707892925e-08    0.028008333333    0.011341666667
 6.7045534775e-08 -9.1080566171e-11  9.4223390111e-06      0.0000000000  6.8360517701e-08  6.7061531720e-08    0.028025000000    0.011358333333
 6.7439850354e-08 -8.0367986307e-11  9.4226790160e-06      0.0000000000  6.8600169555e-08  6.9207772914e-08    0.028041666667    0.011375000000
 6.7598274114e-08 -8.5994143548e-11  9.4230091233e-06      0.0000000000  6.8839821409e-08  6.9323929577e-08    0.028058333333    0.011391666667
 6.7876987678e-08 -8.3288585476e-11  9.4233390175e-06      0.0000000000  6.9079473263e-08  6.9426329191e-08    0.028075000000    0.011408333333
 6.7962297435e-08 -9.3978888269e-11  9.4236790085e-06      0.0000000000  6.9319125117e-08  6.9804923188e-08    0.028091666667    0.011425000000
 6.8299336840e-08 -8.7264964836e-11  9.4240091297e-06      0.0000000000  6.9559231718e-08  7.0230747101e-08    0.028108333333    0.011441666667
 6.8483578306e-08 -9.1102892638e-11  9.4243390135e-06      0.0000000000  6.9798883572e-08  7.0568415841e-08    0.028125000000    0.011458333333
 6.8690687736e-08 -9.3356900860e-11  9.4246790114e-06      0.0000000000  7.0038535426e-08  6.9240349606e-08    0.028141666667    0.011475000000
 6.8872721439e-08 -9.7347746449e-11  9.4250091327e-06      0.0000000000  7.0278187280e-08  7.0109999513e-08    0.028158333333    0.011491666667
 6.9298747870e-08 -8.4470253544e-11  9.4253390060e-06      0.0000000000  7.0518293881e-08  7.0136900441e-08    0.028175000000    0.011508333333
 6.9644137578e-08 -7.7146459888e-11  9.4256790179e-06      0.0000000000  7.0757945735e-08  7.1181492848e-08    0.028191666667    0.011525000000
 6.9968040408e-08 -7.1310926603e-11  9.4260091252e-06      0.0000000000  7.0997597589e-08  7.1138366464e-08    0.028208333333    0.011541666667
 7.0271252924e-08 -6.6939978289e-11  9.4263390159e-06      0.0000000000  7.1237704190e-08  7.1009757705e-08    0.028225000000    0.011558333333
 7.0741532586e-08 -5.0965845875e-11  9.4266790139e-06      0.0000000000  7.1477356044e-08  7.0578210860e-08    0.028241666667    0.011575000000
 7.0885700954e-08 -5.7610881689e-11  9.4270091281e-06      0.0000000000  7.1717462646e-08  7.0552583443e-08    0.028258333333    0.011591666667
 7.1209252434e-08 -5.1799684225e-11  9.4273390154e-06      0.0000000000  7.1957114500e-08  7.2544887185e-08    0.028275000000    0.011608333333
 7.1229352980e-08 -6.7038114826e-11  9.4276790098e-06      0.0000000000  7.2197221101e-08  7.1901937729e-08    0.028291666667    0.011625000000
 7.1700033690e-08 -5.1036204414e-11  9.4280091311e-06      0.0000000000  7.2436872955e-08  7.2725348227e-08    0.028308333333    0.011641666667
 7.1630636617e-08 -7.2473570079e-11  9.4283390114e-06      0.0000000000  7.2676979556e-08  7.2522797295e-08    0.028325000000    0.011658333333
 7.1701980610e-08 -8.4162690585e-11  9.4286790163e-06      0.0000000000  7.2917086157e-08  7.3000960884e-08    0.028341666667    0.011675000000
 7.2237938742e-08 -6.3639425215e-11  9.4290091271e-06      0.0000000000  7.3156738011e-08  7.2863909228e-08    0.028358333333    0.011691666667
 7.1942580910e-08 -1.0072766629e-10  9.4293390143e-06      0.0000000000  7.3396844612e-08  7.3981091689e-08    0.028375000000    0.011708333333
 7.2323446129e-08 -9.0978205431e-11  9.4296790158e-06      0.0000000000  7.3636951214e-08  7.4133582684e-08    0.028391666667    0.011725000000
 7.2238949808e-08 -1.1346140069e-10  9.4300091265e-06      0.0000000000  7.3877057815e-08  7.4237507365e-08    0.028408333333    0.011741666667
 7.2363965093e-08 -1.2140155214e-10  9.4303390208e-06      0.0000000000  7.4116709669e-08  7.4372247837e-08    0.028425000000    0.011758333333
 7.2401318411e-08 -1.3544499214e-10  9.4306790082e-06      0.0000000000  7.4356816270e-08  7.4391586318e-08    0.028441666667    0.011775000000
 7.2638960935e-08 -1.3561566322e-10  9.4310091295e-06      0.0000000000  7.4596922871e-08  7.5327694565e-08    0.028458333333    0.011791666667
 7.2871295264e-08 -1.3615399951e-10  9.4313390133e-06      0.0000000000  7.4837029473e-08  7.4895361602e-08    0.028475000000    0.011808333333
 7.3172848818e-08 -1.3189795698e-10  9.4316790147e-06      0.0000000000  7.5077136074e-08  7.4744788732e-08    0.028491666667    0.011825000000
 7.3866790179e-08 -1.0046368807e-10  9.4320091324e-06      0.0000000000  7.5317242675e-08  7.5351938416e-08    0.028508333333    0.011841666667
 7.3985049731e-08 -1.0890326398e-10  9.4323390092e-06      0.0000000000  7.5557349276e-08  7.6099268502e-08    0.028525000000    0.011858333333
 7.4569086298e-08 -8.5081406439e-11  9.4326790176e-06      0.0000000000  7.5797455878e-08  7.4913898244e-08    0.028541666667    0.011875000000
 7.4650568151e-08 -9.6068341352e-11  9.4330091249e-06      0.0000000000  7.6037562479e-08  7.5749650781e-08    0.028558333333    0.011891666667
 7.4753232557e-08 -1.0558809460e-10  9.4333390192e-06      0.0000000000  7.6277669080e-08  7.6193398164e-08    0.028575000000    0.011908333333
 7.5106029558e-08 -9.7782741982e-11  9.4336790101e-06      0.0000000000  7.6517775682e-08  7.6422472688e-08    0.028591666667    0.011925000000
 7.5275385070e-08 -1.0268322329e-10  9.4340091314e-06      0.0000000000  7.6757882283e-08  7.6434641780e-08    0.028608333333    0.011941666667
 7.5647592909e-08 -9.3533404467e-11  9.4343390151e-06      0.0000000000  7.6997988884e-08  7.6305294072e-08    0.028625000000    0.011958333333
 7.6107966522e-08 -7.8308396586e-11  9.4346790096e-06      0.0000000000  7.7238550233e-08  7.7163089333e-08    0.028641666667    0.011975000000
 7.6314611929e-08 -8.0626042262e-11  9.4350091343e-06      0.0000000000  7.7478656834e-08  7.7251543230e-08    0.028658333333    0.011991666667
 7.6490649243e-08 -8.5063717327e-11  9.4353390076e-06      0.0000000000  7.7718763435e-08  7.8492900748e-08    0.028675000000    0.012008333333
 7.6583881161e-08 -9.5236799464e-11  9.4356790195e-06      0.0000000000  7.7958870037e-08  7.9385096493e-08    0.028691666667    0.012025000000
 7.7015943950e-08 -8.1972703565e-11  9.4360091268e-06      0.0000000000  7.8199431385e-08  7.9084579647e-08    0.028708333333    0.012041666667
 7.7053540141e-08 -9.5999321318e-11  9.4363390141e-06      0.0000000000  7.8439537986e-08  7.8318571419e-08    0.028725000000    0.012058333333
 7.7409684723e-08 -8.7962102919e-11  9.4366790120e-06      0.0000000000  7.8679644588e-08  7.8952606308e-08    0.028741666667    0.012075000000
 7.7608657145e-08 -9.0842705278e-11  9.4370091298e-06      0.0000000000  7.8920205936e-08  7.8656931943e-08    0.028758333333    0.012091666667
 7.7540724523e-08 -1.1217863776e-10  9.4373390170e-06      0.0000000000  7.9160312538e-08  7.8734191532e-08    0.028775000000    0.012108333333
 7.7886250922e-08 -1.0490837129e-10  9.4376790115e-06      0.0000000000  7.9400873886e-08  7.9045148013e-08    0.028791666667    0.012125000000
 7.8267581313e-08 -9.5126690923e-11  9.4380091327e-06      0.0000000000  7.9640980487e-08  7.9627314895e-08    0.028808333333    0.012141666667
 7.8439341584e-08 -9.9892107244e-11  9.4383390095e-06      0.0000000000  7.9881541836e-08  7.9593763417e-08    0.028825000000    0.012158333333
 7.9016425421e-08 -7.6551821362e-11  9.4386790179e-06      0.0000000000  8.0121648437e-08  8.0394250741e-08    0.028841666667    0.012175000000
 7.9108629819e-08 -8.6827570798e-11  9.4390091287e-06      0.0000000000  8.0362209786e-08  8.0864191546e-08    0.028858333333    0.012191666667
 7.9214158999e-08 -9.6148899200e-11  9.4393390125e-06      0.0000000000  8.0602316387e-08  7.8632090642e-08    0.028875000000    0.012208333333
 7.9811782884e-08 -7.1417431333e-11  9.4396790174e-06      0.0000000000  8.0842877736e-08  8.0046346756e-08    0.028891666667    0.012225000000
 7.9906176075e-08 -8.1541576932e-11  9.4400091282e-06      0.0000000000  8.1083439084e-08  8.1863597942e-08    0.028908333333    0.012241666667
 8.0371765703e-08 -6.5955288521e-11  9.4403390224e-06      0.0000000000  8.1324000433e-08  8.1755726953e-08    0.028925000000    0.012258333333
 8.0306374559e-08 -8.7115188813e-11  9.4406790099e-06      0.0000000000  8.1564107034e-08  8.2027817805e-08    0.028941666667    0.012275000000
 8.0795651614e-08 -6.9888221914e-11  9.4410091311e-06      0.0000000000  8.1804668383e-08  8.2792615413e-08    0.028958333333    0.012291666667
 8.0797088456e-08 -8.6450866990e-11  9.4413390149e-06      0.0000000000  8.2045229732e-08  8.3040619636e-08    0.028975000000    0.012308333333
 8.1232226563e-08 -7.2973763259e-11  9.4416790128e-06      0.0000000000  8.2285791080e-08  8.1369995013e-08    0.028991666667    0.012325000000
 8.1225935299e-08 -9.0071685359e-11  9.4420091306e-06      0.0000000000  8.2526352429e-08  8.3479540260e-08    0.029008333333    0.012341666667
 8.1292194999e-08 -1.0211296278e-10  9.4423390109e-06      0.0000000000  8.2766459030e-08  8.3643791568e-08    0.029025000000    0.012358333333
 8.1861493366e-08 -7.9343424740e-11  9.4426790193e-06      0.0000000000  8.3007020379e-08  8.3682578585e-08    0.029041666667    0.012375000000
 8.1885861229e-08 -9.4317782743e-11  9.4430091266e-06      0.0000000000  8.3247581727e-08  8.3458802491e-08    0.029058333333    0.012391666667
 8.2165258415e-08 -9.1627869409e-11  9.4433390173e-06      0.0000000000  8.3488143076e-08  8.4512152242e-08    0.029075000000    0.012408333333
 8.2637219910e-08 -7.5600242094e-11  9.4436790118e-06      0.0000000000  8.3728704425e-08  8.4110525014e-08    0.029091666667    0.012425000000
 8.2574148826e-08 -9.6630943904e-11  9.4440091330e-06      0.0000000000  8.3969265773e-08  8.3746128292e-08    0.029108333333    0.012441666667
 8.2924187018e-08 -8.9079671551e-11  9.4443390168e-06      0.0000000000  8.4210281869e-08  8.2399509694e-08    0.029125000000    0.012458333333
 8.3293661351e-08 -8.0150682929e-11  9.4446790112e-06      0.0000000000  8.4450843218e-08  8.5538852624e-08    0.029141666667    0.012475000000
 8.3745793326e-08 -6.5496521234e-11  9.4450091360e-06      0.0000000000  8.4691404566e-08  8.3684339488e-08    0.029158333333    0.012491666667
 8.4233721356e-08 -4.8362992784e-11  9.4453390093e-06      0.0000000000  8.4931965915e-08  8.4578138912e-08    0.029175000000    0.012508333333
 8.4520021575e-08 -4.5194949967e-11  9.4456790177e-06      0.0000000000  8.5172527264e-08  8.5523035948e-08    0.029191666667    0.012525000000
 8.4788118105e-08 -4.3287761766e-11  9.4460091285e-06      0.0000000000  8.5413088612e-08  8.5967475114e-08    0.029208333333    0.012541666667
 8.4951706554e-08 -4.8650686084e-11  9.4463390157e-06      0.0000000000  8.5654104708e-08  8.5032640377e-08    0.029225000000    0.012558333333
 8.4879817245e-08 -7.0292170736e-11  9.4466790137e-06      0.0000000000  8.5894666057e-08  8.5495726240e-08    0.029241666667    0.012575000000
 8.5227064326e-08 -6.2902723520e-11  9.4470091314e-06      0.0000000000  8.6135227405e-08  8.8238174367e-08    0.029258333333    0.012591666667
 8.5301974351e-08 -7.4407842502e-11  9.4473390187e-06      0.0000000000  8.6376243501e-08  8.7086104030e-08    0.029275000000    0.012608333333
 8.5211287397e-08 -9.7351321337e-11  9.4476790131e-06      0.0000000000  8.6616804850e-08  8.7059800551e-08    0.029291666667    0.012625000000
 8.5266736887e-08 -1.1020434870e-10  9.4480091344e-06      0.0000000000  8.6857820946e-08  8.8551646424e-08    0.029308333333    0.012641666667
 8.5150622587e-08 -1.3490901923e-10  9.4483390112e-06      0.0000000000  8.7098382295e-08  8.6849215502e-08    0.029325000000    0.012658333333
 8.5435832498e-08 -1.3184799270e-10  9.4486790161e-06      0.0000000000  8.7339398391e-08  8.7058778599e-08    0.029341666667    0.012675000000
 8.5443575210e-08 -1.4797386993e-10  9.4490091303e-06      0.0000000000  8.7579959739e-08  8.6556764217e-08    0.029358333333    0.012691666667
 8.5904340597e-08 -1.3275322374e-10  9.4493390141e-06      0.0000000000  8.7820975835e-08  8.7684920872e-08    0.029375000000    0.012708333333
 8.6241369127e-08 -1.2607155103e-10  9.4496790190e-06      0.0000000000  8.8061537184e-08  8.7356591203e-08    0.029391666667    0.012725000000
 8.6671488481e-08 -1.1297356212e-10  9.4500091298e-06      0.0000000000  8.8302553280e-08  8.7103351439e-08    0.029408333333    0.012741666667
 8.7124142351e-08 -9.8314749526e-11  9.4503390171e-06      0.0000000000  8.8543569376e-08  9.0372450859e-08    0.029425000000    0.012758333333
 8.7607948761e-08 -8.1466699688e-11  9.4506790115e-06      0.0000000000  8.8784130724e-08  8.7967577138e-08    0.029441666667    0.012775000000
 8.8023068527e-08 -6.9407637514e-11  9.4510091328e-06      0.0000000000  8.9025146820e-08  8.7449447355e-08    0.029458333333    0.012791666667
 8.8377934780e-08 -6.1521955818e-11  9.4513390165e-06      0.0000000000  8.9266162916e-08  8.8461604570e-08    0.029475000000    0.012808333333
 8.8609840968e-08 -6.2152941674e-11  9.4516790145e-06      0.0000000000  8.9507179012e-08  8.9345671865e-08    0.029491666667    0.012825000000
 8.8603920025e-08 -7.9225214003e-11  9.4520091322e-06      0.0000000000  8.9747740361e-08  9.0057013510e-08    0.029508333333    0.012841666667
 8.8787368453e-08 -8.3212562980e-11  9.4523390125e-06      0.0000000000  8.9988756457e-08  9.0400688185e-08    0.029525000000    0.012858333333
 8.8919620191e-08 -9.0745983443e-11  9.4526790174e-06      0.0000000000  9.0229772553e-08  9.2838217210e-08    0.029541666667    0.012875000000
 8.9046511365e-08 -9.8650696359e-11  9.4530091282e-06      0.0000000000  9.0470788649e-08  9.0060755427e-08    0.029558333333    0.012891666667
 8.9598964499e-08 -7.7079418732e-11  9.4533390190e-06      0.0000000000  9.0711804745e-08  9.0853350136e-08    0.029575000000    0.012908333333
 8.9459291103e-08 -1.0344737667e-10  9.4536790134e-06      0.0000000000  9.0952820841e-08  9.2624251857e-08    0.029591666667    0.012925000000
 8.9982401807e-08 -8.3908463959e-11  9.4540091347e-06      0.0000000000  9.1193836937e-08  9.0555820534e-08    0.029608333333    0.012941666667
 9.0064731336e-08 -9.4899680725e-11  9.4543390184e-06      0.0000000000  9.1434853033e-08  9.0752978704e-08    0.029625000000    0.012958333333
 9.0303332685e-08 -9.5066935020e-11  9.4546790129e-06      0.0000000000  9.1675869129e-08  9.1347314679e-08    0.029641666667    0.012975000000
 9.0858100456e-08 -7.3335337075e-11  9.4550091376e-06      0.0000000000  9.1916885225e-08  9.2006772595e-08    0.029658333333    0.012991666667
 9.0944566033e-08 -8.4040075887e-11  9.4553390109e-06      0.0000000000  9.2157901321e-08  9.2028956819e-08    0.029675000000    0.013008333333
 9.0963197826e-08 -9.9474730165e-11  9.4556790193e-06      0.0000000000  9.2399372164e-08  9.0052894256e-08    0.029691666667    0.013025000000
 9.1493760097e-08 -7.9419694476e-11  9.4560091266e-06      0.0000000000  9.2640388260e-08  9.2340809474e-08    0.029708333333    0.013041666667
 9.1341261210e-08 -1.0667599316e-10  9.4563390174e-06      0.0000000000  9.2881404356e-08  9.1145565585e-08    0.029725000000    0.013058333333
 9.1564412228e-08 -1.0791339437e-10  9.4566790153e-06      0.0000000000  9.3122420452e-08  9.2928840790e-08    0.029741666667    0.013075000000
 9.1653357376e-08 -1.1847788642e-10  9.4570091331e-06      0.0000000000  9.3363891295e-08  9.4144665225e-08    0.029758333333    0.013091666667
 9.2006791242e-08 -1.1069141715e-10  9.4573390168e-06      0.0000000000  9.3604907391e-08  9.4400247617e-08    0.029775000000    0.013108333333
 9.2135695667e-08 -1.1845668488e-10  9.4576790148e-06      0.0000000000  9.3845923487e-08  9.4277015900e-08    0.029791666667    0.013125000000
 9.2382040697e-08 -1.1811908075e-10  9.4580091360e-06      0.0000000000  9.4087394330e-08  9.4528337538e-08    0.029808333333    0.013141666667
 9.2614898068e-08 -1.1868418408e-10  9.4583390128e-06      0.0000000000  9.4328410426e-08  9.5376793728e-08    0.029825000000    0.013158333333
 9.2977556364e-08 -1.1029029431e-10  9.4586790177e-06      0.0000000000  9.4569881270e-08  9.3093485156e-08    0.029841666667    0.013175000000
 9.3174746197e-08 -1.1332586285e-10  9.4590091320e-06      0.0000000000  9.4810897366e-08  9.5206567930e-08    0.029858333333    0.013191666667
 9.3504139496e-08 -1.0723602939e-10  9.4593390158e-06      0.0000000000  9.5052368209e-08  9.7177505010e-08    0.029875000000    0.013208333333
 9.3888488720e-08 -9.7308248452e-11  9.4596790172e-06      0.0000000000  9.5293384305e-08  9.5616339332e-08    0.029891666667    0.013225000000
 9.4115376154e-08 -9.8318349131e-11  9.4600091315e-06      0.0000000000  9.5534855148e-08  9.5080317524e-08    0.029908333333    0.013241666667
 9.4475328304e-08 -9.0080399486e-11  9.4603390187e-06      0.0000000000  9.5775871244e-08  9.5250904935e-08    0.029925000000    0.013258333333
 9.4725456963e-08 -8.9480727245e-11  9.4606790132e-06      0.0000000000  9.6017342088e-08  9.5469225377e-08    0.029941666667    0.013275000000
 9.4796634204e-08 -1.0127589009e-10  9.4610091344e-06      0.0000000000  9.6258812931e-08  9.5296436838e-08    0.029958333333    0.013291666667
 9.5151098074e-08 -9.3418078928e-11  9.4613390182e-06      0.0000000000  9.6499829027e-08  9.4312202502e-08    0.029975000000    0.013308333333
 9.5145781934e-08 -1.1051145536e-10  9.4616790161e-06      0.0000000000  9.6741299870e-08  9.8036070666e-08    0.029991666667    0.013325000000
 9.5477071456e-08 -1.0429028250e-10  9.4620091339e-06      0.0000000000  9.6982770713e-08  9.6420945910e-08    0.030008333333    0.013341666667
 9.5588873080e-08 -1.1327165074e-10  9.4623390142e-06      0.0000000000  9.7224241557e-08  9.6748678130e-08    0.030025000000    0.013358333333
 9.5693253864e-08 -1.2276701373e-10  9.4626790191e-06      0.0000000000  9.7465712400e-08  9.7196057374e-08    0.030041666667    0.013375000000
 9.6179303999e-08 -1.0582655019e-10  9.4630091299e-06      0.0000000000  9.7707183243e-08  9.7979768959e-08    0.030058333333    0.013391666667
 9.6357026965e-08 -1.1024196322e-10  9.4633390206e-06      0.0000000000  9.7948654087e-08  9.7122052309e-08    0.030075000000    0.013408333333
 9.6739316180e-08 -1.0045686607e-10  9.4636790150e-06      0.0000000000  9.8189670183e-08  9.9141948762e-08    0.030091666667    0.013425000000
 9.7108989993e-08 -9.1577055654e-11  9.4640091328e-06      0.0000000000  9.8431141026e-08  1.0064888808e-07    0.030108333333    0.013441666667
 9.7395621416e-08 -8.8449067421e-11  9.4643390166e-06      0.0000000000  9.8672611869e-08  1.0063978485e-07    0.030125000000    0.013458333333
 9.7728091180e-08 -8.2177644068e-11  9.4646790145e-06      0.0000000000  9.8914537460e-08  9.9311073996e-08    0.030141666667    0.013475000000
 9.7840678600e-08 -9.1104585203e-11  9.4650091393e-06      0.0000000000  9.9156008303e-08  9.9669260393e-08    0.030158333333    0.013491666667
 9.8039339910e-08 -9.4069731359e-11  9.4653390126e-06      0.0000000000  9.9397479147e-08  9.9620898469e-08    0.030175000000    0.013508333333
 9.8362084805e-08 -8.8440390854e-11  9.4656790210e-06      0.0000000000  9.9638949990e-08  9.8830269053e-08    0.030191666667    0.013525000000
 9.8517192832e-08 -9.4422197978e-11  9.4660091317e-06      0.0000000000  9.9880420833e-08  9.8812439917e-08    0.030208333333    0.013541666667
 9.8940623783e-08 -8.1818969935e-11  9.4663390190e-06      0.0000000000  1.0012189168e-07  9.9999728301e-08    0.030225000000    0.013558333333
 9.8850012949e-08 -1.0485166886e-10  9.4666790134e-06      0.0000000000  1.0036381727e-07  1.0015635427e-07    0.030241666667    0.013575000000
 9.9124667466e-08 -1.0255324528e-10  9.4670091347e-06      0.0000000000  1.0060528811e-07  9.8732774810e-08    0.030258333333    0.013591666667
 9.9221002728e-08 -1.1260587081e-10  9.4673390185e-06      0.0000000000  1.0084675895e-07  1.0302420380e-07    0.030275000000    0.013608333333
 9.9360601188e-08 -1.1969342521e-10  9.4676790129e-06      0.0000000000  1.0108868454e-07  1.0049982456e-07    0.030291666667    0.013625000000
 9.9873866413e-08 -1.0086794413e-10  9.4680091377e-06      0.0000000000  1.0133015539e-07  9.8532660840e-08    0.030308333333    0.013641666667
 9.9548505102e-08 -1.4012882916e-10  9.4683390144e-06      0.0000000000  1.0157162623e-07  1.0109238391e-07    0.030325000000    0.013658333333
 1.0018380066e-07 -1.1288257452e-10  9.4686790194e-06      0.0000000000  1.0181355182e-07  1.0158994887e-07    0.030341666667    0.013675000000
 1.0005753611e-07 -1.3835328436e-10  9.4690091336e-06      0.0000000000  1.0205502267e-07  1.0257231224e-07    0.030358333333    0.013691666667
 1.0024340647e-07 -1.4223587591e-10  9.4693390174e-06      0.0000000000  1.0229694826e-07  1.0354192480e-07    0.030375000000    0.013708333333
 1.0073249986e-07 -1.2508462529e-10  9.4696790188e-06      0.0000000000  1.0253841910e-07  1.0427095408e-07    0.030391666667    0.013725000000
 1.0065917253e-07 -1.4692020539e-10  9.4700091331e-06      0.0000000000  1.0278034469e-07  1.0083881397e-07    0.030408333333    0.013741666667
 1.0135160353e-07 -1.1571653911e-10  9.4703390204e-06      0.0000000000  1.0302227028e-07  1.0179855290e-07    0.030425000000    0.013758333333
 1.0144774428e-07 -1.2578263725e-10  9.4706790148e-06      0.0000000000  1.0326374112e-07  1.0375854723e-07    0.030441666667    0.013775000000
 1.0187449163e-07 -1.1298120063e-10  9.4710091361e-06      0.0000000000  1.0350566671e-07  1.0405991308e-07    0.030458333333    0.013791666667
 1.0235036097e-07 -9.6777394153e-11  9.4713390163e-06      0.0000000000  1.0374759231e-07  1.0327860702e-07    0.030475000000    0.013808333333
 1.0234807427e-07 -1.1369243781e-10  9.4716790178e-06      0.0000000000  1.0398951790e-07  1.0380346596e-07    0.030491666667    0.013825000000
 1.0294015206e-07 -8.9408108216e-11  9.4720091355e-06      0.0000000000  1.0423098874e-07  1.0364358547e-07    0.030508333333    0.013841666667
 1.0275943202e-07 -1.1868210319e-10  9.4723390158e-06      0.0000000000  1.0447291433e-07  1.0352167443e-07    0.030525000000    0.013858333333
 1.0318511864e-07 -1.0595413669e-10  9.4726790207e-06      0.0000000000  1.0471483992e-07  1.0389504861e-07    0.030541666667    0.013875000000
 1.0325633203e-07 -1.1777829315e-10  9.4730091315e-06      0.0000000000  1.0495676551e-07  1.0597948527e-07    0.030558333333    0.013891666667
 1.0404859463e-07 -7.9659922562e-11  9.4733390222e-06      0.0000000000  1.0519869110e-07  1.0666241664e-07    0.030575000000    0.013908333333
 1.0409008378e-07 -9.3542889475e-11  9.4736790132e-06      0.0000000000  1.0544061669e-07  1.0555561093e-07    0.030591666667    0.013925000000
 1.0452436312e-07 -8.0219759475e-11  9.4740091345e-06      0.0000000000  1.0568254228e-07  1.0769149110e-07    0.030608333333    0.013941666667
 1.0493501916e-07 -6.8532866443e-11  9.4743390182e-06      0.0000000000  1.0592446787e-07  1.0761501763e-07    0.030625000000    0.013958333333
 1.0514826439e-07 -7.0519373673e-11  9.4746790162e-06      0.0000000000  1.0616639346e-07  1.0638590781e-07    0.030641666667    0.013975000000
 1.0550894559e-07 -6.2293922691e-11  9.4750091409e-06      0.0000000000  1.0640831906e-07  1.0625080573e-07    0.030658333333    0.013991666667
 1.0555286640e-07 -7.6008463516e-11  9.4753390142e-06      0.0000000000  1.0665024465e-07  1.0573165399e-07    0.030675000000    0.014008333333
 1.0591958441e-07 -6.7364880565e-11  9.4756790226e-06      0.0000000000  1.0689217024e-07  1.0644225669e-07    0.030691666667    0.014025000000
 1.0588796070e-07 -8.6343410967e-11  9.4760091299e-06      0.0000000000  1.0713455057e-07  1.0521438894e-07    0.030708333333    0.014041666667
 1.0621571650e-07 -8.0398494754e-11  9.4763390206e-06      0.0000000000  1.0737647617e-07  1.0687109929e-07    0.030725000000    0.014058333333
 1.0623094014e-07 -9.6100707711e-11  9.4766790151e-06      0.0000000000  1.0761840176e-07  1.0864267707e-07    0.030741666667    0.014075000000
 1.0646624857e-07 -9.6559036421e-11  9.4770091363e-06      0.0000000000  1.0786032735e-07  1.0673730216e-07    0.030758333333    0.014091666667
 1.0668492258e-07 -9.8201024046e-11  9.4773390201e-06      0.0000000000  1.0810270768e-07  1.0729277251e-07    0.030775000000    0.014108333333
 1.0682014372e-07 -1.0559176761e-10  9.4776790145e-06      0.0000000000  1.0834463328e-07  1.0766790759e-07    0.030791666667    0.014125000000
 1.0699482974e-07 -1.1028052600e-10  9.4780091393e-06      0.0000000000  1.0858701361e-07  1.0762613332e-07    0.030808333333    0.014141666667
 1.0715876409e-07 -1.1568248706e-10  9.4783390126e-06      0.0000000000  1.0882893920e-07  1.0858456730e-07    0.030825000000    0.014158333333
 1.0742653951e-07 -1.1392352982e-10  9.4786790210e-06      0.0000000000  1.0907131954e-07  1.1062012320e-07    0.030841666667    0.014175000000
 1.0784635043e-07 -1.0160253597e-10  9.4790091353e-06      0.0000000000  1.0931324513e-07  1.1143443047e-07    0.030858333333    0.014191666667
 1.0795597117e-07 -1.1079795530e-10  9.4793390190e-06      0.0000000000  1.0955562547e-07  1.0988411320e-07    0.030875000000    0.014208333333
 1.0827376304e-07 -1.0554317706e-10  9.4796790205e-06      0.0000000000  1.0979755106e-07  1.1028386947e-07    0.030891666667    0.014225000000
 1.0829421988e-07 -1.2091441704e-10  9.4800091347e-06      0.0000000000  1.1003993140e-07  1.1066266786e-07    0.030908333333    0.014241666667
 1.0848331313e-07 -1.2460527723e-10  9.4803390220e-06      0.0000000000  1.1028231174e-07  1.1226405129e-07    0.030925000000    0.014258333333
 1.0893423525e-07 -1.1012940658e-10  9.4806790129e-06      0.0000000000  1.1052423733e-07  1.1055421514e-07    0.030941666667    0.014275000000
 1.0938012233e-07 -9.6033779635e-11  9.4810091377e-06      0.0000000000  1.1076661767e-07  1.1169921043e-07    0.030958333333    0.014291666667
 1.0954111530e-07 -1.0167096881e-10  9.4813390145e-06      0.0000000000  1.1100899800e-07  1.1176118790e-07    0.030975000000    0.014308333333
 1.0975584483e-07 -1.0358616536e-10  9.4816790194e-06      0.0000000000  1.1125137834e-07  1.0994921942e-07    0.030991666667    0.014325000000
 1.1035193397e-07 -7.9055492230e-11  9.4820091372e-06      0.0000000000  1.1149330393e-07  1.1039137885e-07    0.031008333333    0.014341666667
 1.1046913506e-07 -8.7725868529e-11  9.4823390174e-06      0.0000000000  1.1173568427e-07  1.1025133995e-07    0.031025000000    0.014358333333
 1.1097046762e-07 -6.9789882478e-11  9.4826790224e-06      0.0000000000  1.1197806461e-07  1.1069592061e-07    0.031041666667    0.014375000000
 1.1124978123e-07 -6.7231747981e-11  9.4830091331e-06      0.0000000000  1.1222044495e-07  1.1231378106e-07    0.031058333333    0.014391666667
 1.1143391737e-07 -7.1265956063e-11  9.4833390239e-06      0.0000000000  1.1246282529e-07  1.1274024959e-07    0.031075000000    0.014408333333
 1.1176246411e-07 -6.5297753083e-11  9.4836790148e-06      0.0000000000  1.1270520562e-07  1.1227008867e-07    0.031091666667    0.014425000000
 1.1199687541e-07 -6.5849718003e-11  9.4840091361e-06      0.0000000000  1.1294758596e-07  1.1169644330e-07    0.031108333333    0.014441666667
 1.1210565906e-07 -7.5103117651e-11  9.4843390199e-06      0.0000000000  1.1318996630e-07  1.1096002452e-07    0.031125000000    0.014458333333
 1.1259900916e-07 -5.7720026648e-11  9.4846790178e-06      0.0000000000  1.1343234664e-07  1.1311708268e-07    0.031141666667    0.014475000000
 1.1250584578e-07 -8.0992518954e-11  9.4850091425e-06      0.0000000000  1.1367518172e-07  1.1438213377e-07    0.031158333333    0.014491666667
 1.1317467067e-07 -5.1455397197e-11  9.4853390123e-06      0.0000000000  1.1391756206e-07  1.1446511629e-07    0.031175000000    0.014508333333
 1.1304511613e-07 -7.7216977887e-11  9.4856790242e-06      0.0000000000  1.1415994240e-07  1.1606918824e-07    0.031191666667    0.014525000000
 1.1313419797e-07 -8.7834997131e-11  9.4860091315e-06      0.0000000000  1.1440232274e-07  1.1476017748e-07    0.031208333333    0.014541666667
 1.1349614526e-07 -7.9584847093e-11  9.4863390223e-06      0.0000000000  1.1464515782e-07  1.1493790284e-07    0.031225000000    0.014558333333
 1.1348169550e-07 -9.7373846267e-11  9.4866790167e-06      0.0000000000  1.1488753816e-07  1.1500308767e-07    0.031241666667    0.014575000000
 1.1372360646e-07 -9.7406357073e-11  9.4870091380e-06      0.0000000000  1.1512991850e-07  1.1462169509e-07    0.031258333333    0.014591666667
 1.1377976672e-07 -1.1033614396e-10  9.4873390218e-06      0.0000000000  1.1537275358e-07  1.1531563211e-07    0.031275000000    0.014608333333
 1.1436581827e-07 -8.6532208518e-11  9.4876790127e-06      0.0000000000  1.1561513392e-07  1.1439027794e-07    0.031291666667    0.014625000000
 1.1455697268e-07 -9.0111802851e-11  9.4880091409e-06      0.0000000000  1.1585796901e-07  1.1720625946e-07    0.031308333333    0.014641666667
 1.1489126634e-07 -8.3745547267e-11  9.4883390142e-06      0.0000000000  1.1610034934e-07  1.1680258833e-07    0.031325000000    0.014658333333
 1.1518112695e-07 -8.0488385951e-11  9.4886790226e-06      0.0000000000  1.1634318443e-07  1.1600846855e-07    0.031341666667    0.014675000000
 1.1539043153e-07 -8.2779334971e-11  9.4890091369e-06      0.0000000000  1.1658556477e-07  1.1577233470e-07    0.031358333333    0.014691666667
 1.1578202396e-07 -7.2475852350e-11  9.4893390207e-06      0.0000000000  1.1682839985e-07  1.1642676147e-07    0.031375000000    0.014708333333
 1.1585043045e-07 -8.4557420211e-11  9.4896790186e-06      0.0000000000  1.1707123494e-07  1.1703424132e-07    0.031391666667    0.014725000000
 1.1623145852e-07 -7.4954167320e-11  9.4900091364e-06      0.0000000000  1.1731361528e-07  1.1686305646e-07    0.031408333333    0.014741666667
 1.1648712058e-07 -7.4065723425e-11  9.4903390236e-06      0.0000000000  1.1755645036e-07  1.1814972577e-07    0.031425000000    0.014758333333
 1.1691191389e-07 -6.1462626010e-11  9.4906790146e-06      0.0000000000  1.1779928545e-07  1.1821135735e-07    0.031441666667    0.014775000000
 1.1711233834e-07 -6.4400143302e-11  9.4910091393e-06      0.0000000000  1.1804212053e-07  1.1758699170e-07    0.031458333333    0.014791666667
 1.1731189656e-07 -6.7397658109e-11  9.4913390196e-06      0.0000000000  1.1828495562e-07  1.1912432231e-07    0.031475000000    0.014808333333
 1.1757967225e-07 -6.5638682364e-11  9.4916790210e-06      0.0000000000  1.1852733596e-07  1.1871230261e-07    0.031491666667    0.014825000000
 1.1771478695e-07 -7.3099793880e-11  9.4920091388e-06      0.0000000000  1.1877017104e-07  1.1878624478e-07    0.031508333333    0.014841666667
 1.1784317736e-07 -8.1026654148e-11  9.4923390156e-06      0.0000000000  1.1901300613e-07  1.1834342502e-07    0.031525000000    0.014858333333
 1.1774394778e-07 -1.0471931412e-10  9.4926790240e-06      0.0000000000  1.1925584121e-07  1.1966756067e-07    0.031541666667    0.014875000000
 1.1782028703e-07 -1.1625142911e-10  9.4930091348e-06      0.0000000000  1.1949867630e-07  1.1915766939e-07    0.031558333333    0.014891666667
 1.1829843349e-07 -9.9952895636e-11  9.4933390220e-06      0.0000000000  1.1974151138e-07  1.1894384554e-07    0.031575000000    0.014908333333
 1.1827510769e-07 -1.1841967745e-10  9.4936790165e-06      0.0000000000  1.1998480122e-07  1.1969924119e-07    0.031591666667    0.014925000000
 1.1875114285e-07 -1.0226738098e-10  9.4940091377e-06      0.0000000000  1.2022763630e-07  1.1971045122e-07    0.031608333333    0.014941666667
 1.1880332763e-07 -1.1547252352e-10  9.4943390215e-06      0.0000000000  1.2047047139e-07  1.1888307869e-07    0.031625000000    0.014958333333
 1.1919155539e-07 -1.0540209108e-10  9.4946790159e-06      0.0000000000  1.2071330647e-07  1.1984266039e-07    0.031641666667    0.014975000000
 1.1949631753e-07 -1.0111279485e-10  9.4950091442e-06      0.0000000000  1.2095614156e-07  1.2054485163e-07    0.031658333333    0.014991666667
 1.1947997786e-07 -1.1909569171e-10  9.4953390140e-06      0.0000000000  1.2119943139e-07  1.2106728934e-07    0.031675000000    0.015008333333
 1.2020991454e-07 -8.5357239117e-11  9.4956790259e-06      0.0000000000  1.2144226648e-07  1.2199698287e-07    0.031691666667    0.015025000000
 1.2016670704e-07 -1.0516960332e-10  9.4960091332e-06      0.0000000000  1.2168510156e-07  1.2224542732e-07    0.031708333333    0.015041666667
 1.2068631559e-07 -8.6030749870e-11  9.4963390204e-06      0.0000000000  1.2192839139e-07  1.2179183775e-07    0.031725000000    0.015058333333
 1.2082733832e-07 -9.3082649468e-11  9.4966790184e-06      0.0000000000  1.2217122648e-07  1.2232627160e-07    0.031741666667    0.015075000000
 1.2093413158e-07 -1.0253690518e-10  9.4970091396e-06      0.0000000000  1.2241451631e-07  1.2293760343e-07    0.031758333333    0.015091666667
 1.2139721406e-07 -8.7281758469e-11  9.4973390234e-06      0.0000000000  1.2265735140e-07  1.2348576289e-07    0.031775000000    0.015108333333
 1.2163937580e-07 -8.7359894265e-11  9.4976790143e-06      0.0000000000  1.2290064123e-07  1.2330003486e-07    0.031791666667    0.015125000000
 1.2169699757e-07 -1.0018845154e-10  9.4980091426e-06      0.0000000000  1.2314347632e-07  1.2337556499e-07    0.031808333333    0.015141666667
 1.2180393832e-07 -1.0963249176e-10  9.4983390159e-06      0.0000000000  1.2338676615e-07  1.2365480951e-07    0.031825000000    0.015158333333
 1.2217485273e-07 -1.0079274282e-10  9.4986790208e-06      0.0000000000  1.2363005598e-07  1.2393825189e-07    0.031841666667    0.015175000000
 1.2258644729e-07 -8.9103839491e-11  9.4990091386e-06      0.0000000000  1.2387289107e-07  1.2274774043e-07    0.031858333333    0.015191666667
 1.2302051606e-07 -7.5889786870e-11  9.4993390188e-06      0.0000000000  1.2411618090e-07  1.2427459995e-07    0.031875000000    0.015208333333
 1.2315323818e-07 -8.3548114515e-11  9.4996790203e-06      0.0000000000  1.2435947073e-07  1.2464871308e-07    0.031891666667    0.015225000000
 1.2333161767e-07 -8.8044043860e-11  9.5000091380e-06      0.0000000000  1.2460276056e-07  1.2467845976e-07    0.031908333333    0.015241666667
 1.2350835442e-07 -9.2622258145e-11  9.5003390253e-06      0.0000000000  1.2484559565e-07  1.2451144132e-07    0.031925000000    0.015258333333
 1.2375386374e-07 -9.2468528161e-11  9.5006790162e-06      0.0000000000  1.2508888548e-07  1.2485297775e-07    0.031941666667    0.015275000000
 1.2388071016e-07 -1.0053382846e-10  9.5010091410e-06      0.0000000000  1.2533217532e-07  1.2526498173e-07    0.031958333333    0.015291666667
 1.2437826994e-07 -8.2922154187e-11  9.5013390178e-06      0.0000000000  1.2557546515e-07  1.2585387777e-07    0.031975000000    0.015308333333
 1.2424292938e-07 -1.0914749183e-10  9.5016790192e-06      0.0000000000  1.2581875498e-07  1.2634788948e-07    0.031991666667    0.015325000000
 1.2479195517e-07 -8.7971091698e-11  9.5020091404e-06      0.0000000000  1.2606204481e-07  1.2651931018e-07    0.032008333333    0.015341666667
 1.2507282450e-07 -8.5368197285e-11  9.5023390172e-06      0.0000000000  1.2630533465e-07  1.2583556124e-07    0.032025000000    0.015358333333
 1.2496786946e-07 -1.0948892132e-10  9.5026790256e-06      0.0000000000  1.2654862448e-07  1.2651964035e-07    0.032041666667    0.015375000000
 1.2544920762e-07 -9.3032313683e-11  9.5030091364e-06      0.0000000000  1.2679236906e-07  1.2709183926e-07    0.032058333333    0.015391666667
 1.2582139464e-07 -8.4104419103e-11  9.5033390202e-06      0.0000000000  1.2703565889e-07  1.2787173032e-07    0.032075000000    0.015408333333
 1.2551584340e-07 -1.2211917583e-10  9.5036790181e-06      0.0000000000  1.2727894872e-07  1.2735144658e-07    0.032091666667    0.015425000000
 1.2613528061e-07 -9.6065821650e-11  9.5040091394e-06      0.0000000000  1.2752223856e-07  1.2657457421e-07    0.032108333333    0.015441666667
 1.2644301482e-07 -9.1633663464e-11  9.5043390231e-06      0.0000000000  1.2776598314e-07  1.2643860739e-07    0.032125000000    0.015458333333
 1.2703332335e-07 -6.7597869132e-11  9.5046790176e-06      0.0000000000  1.2800927297e-07  1.2708827029e-07    0.032141666667    0.015475000000
 1.2745436918e-07 -5.5285833432e-11  9.5050091458e-06      0.0000000000  1.2825256280e-07  1.2785036366e-07    0.032158333333    0.015491666667
 1.2748436829e-07 -7.0090632821e-11  9.5053390156e-06      0.0000000000  1.2849630738e-07  1.2831289924e-07    0.032175000000    0.015508333333
 1.2765674597e-07 -7.5002269806e-11  9.5056790240e-06      0.0000000000  1.2873959722e-07  1.2876714914e-07    0.032191666667    0.015525000000
 1.2803628926e-07 -6.5596350972e-11  9.5060091348e-06      0.0000000000  1.2898334180e-07  1.2891489199e-07    0.032208333333    0.015541666667
 1.2818735988e-07 -7.1983793570e-11  9.5063390221e-06      0.0000000000  1.2922663163e-07  1.2929971204e-07    0.032225000000    0.015558333333
 1.2831512897e-07 -8.0016683481e-11  9.5066790200e-06      0.0000000000  1.2947037621e-07  1.2964833925e-07    0.032241666667    0.015575000000
 1.2848095524e-07 -8.5382095623e-11  9.5070091378e-06      0.0000000000  1.2971366604e-07  1.2904386236e-07    0.032258333333    0.015591666667
 1.2873063836e-07 -8.4970770255e-11  9.5073390250e-06      0.0000000000  1.2995741062e-07  1.3006469831e-07    0.032275000000    0.015608333333
 1.2854219107e-07 -1.1490597309e-10  9.5076790160e-06      0.0000000000  1.3020115520e-07  1.3021434357e-07    0.032291666667    0.015625000000
 1.2890354803e-07 -1.0675970596e-10  9.5080091442e-06      0.0000000000  1.3044489978e-07  1.3046480047e-07    0.032308333333    0.015641666667
 1.2913460629e-07 -1.0760690922e-10  9.5083390175e-06      0.0000000000  1.3068818961e-07  1.3165289070e-07    0.032325000000    0.015658333333
 1.2894744684e-07 -1.3745291155e-10  9.5086790224e-06      0.0000000000  1.3093193419e-07  1.3037013625e-07    0.032341666667    0.015675000000
 1.2939490681e-07 -1.2334283225e-10  9.5090091402e-06      0.0000000000  1.3117567877e-07  1.3077901148e-07    0.032358333333    0.015691666667
 1.2961216043e-07 -1.2517769391e-10  9.5093390205e-06      0.0000000000  1.3141942335e-07  1.3156574176e-07    0.032375000000    0.015708333333
 1.2987717953e-07 -1.2370414234e-10  9.5096790219e-06      0.0000000000  1.3166316793e-07  1.3119155001e-07    0.032391666667    0.015725000000
 1.3022707739e-07 -1.1635157460e-10  9.5100091397e-06      0.0000000000  1.3190691251e-07  1.3194722866e-07    0.032408333333    0.015741666667
 1.3029443079e-07 -1.2856907833e-10  9.5103390234e-06      0.0000000000  1.3215065709e-07  1.3175057361e-07    0.032425000000    0.015758333333
 1.3102398903e-07 -9.4919833122e-11  9.5106790179e-06      0.0000000000  1.3239440167e-07  1.3202429958e-07    0.032441666667    0.015775000000
 1.3114707327e-07 -1.0327721298e-10  9.5110091426e-06      0.0000000000  1.3263814625e-07  1.3269466881e-07    0.032458333333    0.015791666667
 1.3146364308e-07 -9.8233069045e-11  9.5113390194e-06      0.0000000000  1.3288189083e-07  1.3260184410e-07    0.032475000000    0.015808333333
 1.3154686388e-07 -1.0935153749e-10  9.5116790208e-06      0.0000000000  1.3312563541e-07  1.3387208356e-07    0.032491666667    0.015825000000
 1.3207117313e-07 -8.9918594175e-11  9.5120091421e-06      0.0000000000  1.3336937999e-07  1.3313513022e-07    0.032508333333    0.015841666667
 1.3236942810e-07 -8.6143003485e-11  9.5123390189e-06      0.0000000000  1.3361312457e-07  1.3410356360e-07    0.032525000000    0.015858333333
 1.3275850415e-07 -7.6108307852e-11  9.5126790238e-06      0.0000000000  1.3385732390e-07  1.3367668629e-07    0.032541666667    0.015875000000
 1.3305947614e-07 -7.2144526314e-11  9.5130091381e-06      0.0000000000  1.3410106848e-07  1.3375620990e-07    0.032558333333    0.015891666667
 1.3351154187e-07 -5.7715434938e-11  9.5133390218e-06      0.0000000000  1.3434481306e-07  1.3458611372e-07    0.032575000000    0.015908333333
 1.3369487169e-07 -6.1931481473e-11  9.5136790198e-06      0.0000000000  1.3458901239e-07  1.3530363425e-07    0.032591666667    0.015925000000
 1.3375448096e-07 -7.4685372607e-11  9.5140091410e-06      0.0000000000  1.3483275697e-07  1.3497879494e-07    0.032608333333    0.015941666667
 1.3405026132e-07 -7.1112679486e-11  9.5143390248e-06      0.0000000000  1.3507695630e-07  1.3524714387e-07    0.032625000000    0.015958333333
 1.3429674008e-07 -7.0923300507e-11  9.5146790192e-06      0.0000000000  1.3532070088e-07  1.3614157219e-07    0.032641666667    0.015975000000
 1.3444227956e-07 -7.7756845027e-11  9.5150091440e-06      0.0000000000  1.3556490020e-07  1.3467103009e-07    0.032658333333    0.015991666667
 1.3479453000e-07 -7.0241329067e-11  9.5153390173e-06      0.0000000000  1.3580864478e-07  1.3622697595e-07    0.032675000000    0.016008333333
 1.3491451336e-07 -7.8844985331e-11  9.5156790257e-06      0.0000000000  1.3605284411e-07  1.3590479372e-07    0.032691666667    0.016025000000
 1.3525894333e-07 -7.1902641547e-11  9.5160091365e-06      0.0000000000  1.3629704344e-07  1.3518456895e-07    0.032708333333    0.016041666667
 1.3556217118e-07 -6.7782611084e-11  9.5163390237e-06      0.0000000000  1.3654078802e-07  1.3600516515e-07    0.032725000000    0.016058333333
 1.3582197995e-07 -6.6701443376e-11  9.5166790217e-06      0.0000000000  1.3678498735e-07  1.3593818797e-07    0.032741666667    0.016075000000
 1.3587451178e-07 -7.9977040587e-11  9.5170091394e-06      0.0000000000  1.3702918667e-07  1.3699149056e-07    0.032758333333    0.016091666667
 1.3596950251e-07 -9.0311778750e-11  9.5173390232e-06      0.0000000000  1.3727338600e-07  1.3690654274e-07    0.032775000000    0.016108333333
 1.3608800156e-07 -9.8986745702e-11  9.5176790176e-06      0.0000000000  1.3751713058e-07  1.3742503414e-07    0.032791666667    0.016125000000
 1.3614507183e-07 -1.1194799443e-10  9.5180091459e-06      0.0000000000  1.3776132991e-07  1.3761728694e-07    0.032808333333    0.016141666667
 1.3630814062e-07 -1.1756739431e-10  9.5183390192e-06      0.0000000000  1.3800552924e-07  1.3720577036e-07    0.032825000000    0.016158333333
 1.3634932745e-07 -1.3162878870e-10  9.5186790241e-06      0.0000000000  1.3824972856e-07  1.3833270067e-07    0.032841666667    0.016175000000
 1.3667354315e-07 -1.2608655965e-10  9.5190091383e-06      0.0000000000  1.3849392789e-07  1.3920170596e-07    0.032858333333    0.016191666667
 1.3697452190e-07 -1.2215380742e-10  9.5193390221e-06      0.0000000000  1.3873812722e-07  1.3923145263e-07    0.032875000000    0.016208333333
 1.3726265619e-07 -1.1911070988e-10  9.5196790200e-06      0.0000000000  1.3898232655e-07  1.3892249289e-07    0.032891666667    0.016225000000
 1.3748728565e-07 -1.2049768828e-10  9.5200091413e-06      0.0000000000  1.3922698062e-07  1.3868437802e-07    0.032908333333    0.016241666667
 1.3792409832e-07 -1.0715657811e-10  9.5203390251e-06      0.0000000000  1.3947117995e-07  1.3830973033e-07    0.032925000000    0.016258333333
 1.3819652471e-07 -1.0520146757e-10  9.5206790160e-06      0.0000000000  1.3971537928e-07  1.3985114875e-07    0.032941666667    0.016275000000
 1.3849017774e-07 -1.0177612184e-10  9.5210091443e-06      0.0000000000  1.3995957860e-07  1.4000321524e-07    0.032958333333    0.016291666667
 1.3861854755e-07 -1.0979890148e-10  9.5213390210e-06      0.0000000000  1.4020377793e-07  1.3984066194e-07    0.032975000000    0.016308333333
 1.3920815976e-07 -8.5905829036e-11  9.5216790225e-06      0.0000000000  1.4044843201e-07  1.4002373290e-07    0.032991666667    0.016325000000
 1.3966342941e-07 -7.1286320246e-11  9.5220091437e-06      0.0000000000  1.4069263133e-07  1.4167278647e-07    0.033008333333    0.016341666667
 1.3984050394e-07 -7.5967128889e-11  9.5223390205e-06      0.0000000000  1.4093728541e-07  1.4075694432e-07    0.033025000000    0.016358333333
 1.4022365752e-07 -6.6342644517e-11  9.5226790254e-06      0.0000000000  1.4118148474e-07  1.4070939996e-07    0.033041666667    0.016375000000
 1.4050416559e-07 -6.3859265053e-11  9.5230091397e-06      0.0000000000  1.4142613881e-07  1.4095817457e-07    0.033058333333    0.016391666667
 1.4078029492e-07 -6.1647675326e-11  9.5233390235e-06      0.0000000000  1.4167033814e-07  1.4207988507e-07    0.033075000000    0.016408333333
 1.4072588727e-07 -8.2361792640e-11  9.5236790214e-06      0.0000000000  1.4191499221e-07  1.4196473464e-07    0.033091666667    0.016425000000
 1.4105361140e-07 -7.6576556999e-11  9.5240091427e-06      0.0000000000  1.4215919154e-07  1.4233115954e-07    0.033108333333    0.016441666667
 1.4108965363e-07 -9.1025782697e-11  9.5243390229e-06      0.0000000000  1.4240384561e-07  1.4193217367e-07    0.033125000000    0.016458333333
 1.4146553661e-07 -8.1936384478e-11  9.5246790209e-06      0.0000000000  1.4264849969e-07  1.4254133581e-07    0.033141666667    0.016475000000
 1.4208422533e-07 -5.5997868949e-11  9.5250091456e-06      0.0000000000  1.4289269902e-07  1.4346005515e-07    0.033158333333    0.016491666667
 1.4233092253e-07 -5.5856354225e-11  9.5253390189e-06      0.0000000000  1.4313735309e-07  1.4413977916e-07    0.033175000000    0.016508333333
 1.4264783690e-07 -5.0851339554e-11  9.5256790273e-06      0.0000000000  1.4338200717e-07  1.4381769126e-07    0.033191666667    0.016525000000
 1.4284196835e-07 -5.4350722740e-11  9.5260091381e-06      0.0000000000  1.4362666124e-07  1.4376766277e-07    0.033208333333    0.016541666667
 1.4273111995e-07 -7.8974135235e-11  9.5263390254e-06      0.0000000000  1.4387131532e-07  1.4403681354e-07    0.033225000000    0.016558333333
 1.4309155260e-07 -7.0954883925e-11  9.5266790198e-06      0.0000000000  1.4411596939e-07  1.4458173420e-07    0.033241666667    0.016575000000
 1.4304166194e-07 -9.1324641299e-11  9.5270091411e-06      0.0000000000  1.4436016872e-07  1.4452063717e-07    0.033258333333    0.016591666667
 1.4311567004e-07 -1.0314421035e-10  9.5273390248e-06      0.0000000000  1.4460482279e-07  1.4430170356e-07    0.033275000000    0.016608333333
 1.4341295350e-07 -9.9530403066e-11  9.5276790193e-06      0.0000000000  1.4484993162e-07  1.4440471635e-07    0.033291666667    0.016625000000
 1.4353255325e-07 -1.0819212638e-10  9.5280091475e-06      0.0000000000  1.4509458569e-07  1.4469834681e-07    0.033308333333    0.016641666667
 1.4386395368e-07 -1.0218375414e-10  9.5283390208e-06      0.0000000000  1.4533923976e-07  1.4453145415e-07    0.033325000000    0.016658333333
 1.4448111870e-07 -7.6382272157e-11  9.5286790257e-06      0.0000000000  1.4558389384e-07  1.4566703175e-07    0.033341666667    0.016675000000
 1.4481615367e-07 -7.0122158338e-11  9.5290091400e-06      0.0000000000  1.4582854791e-07  1.4536233276e-07    0.033358333333    0.016691666667
 1.4523365738e-07 -5.8149955419e-11  9.5293390238e-06      0.0000000000  1.4607320199e-07  1.4671621508e-07    0.033375000000    0.016708333333
 1.4549051256e-07 -5.7336359088e-11  9.5296790217e-06      0.0000000000  1.4631831081e-07  1.4686243286e-07    0.033391666667    0.016725000000
 1.4580581607e-07 -5.2442919068e-11  9.5300091429e-06      0.0000000000  1.4656296489e-07  1.4638084180e-07    0.033408333333    0.016741666667
 1.4580632248e-07 -6.9353486357e-11  9.5303390267e-06      0.0000000000  1.4680761896e-07  1.4663445890e-07    0.033425000000    0.016758333333
 1.4568825050e-07 -9.4508727892e-11  9.5306790212e-06      0.0000000000  1.4705272778e-07  1.4722687675e-07    0.033441666667    0.016775000000
 1.4612926476e-07 -8.0908097675e-11  9.5310091459e-06      0.0000000000  1.4729738186e-07  1.4819433534e-07    0.033458333333    0.016791666667
 1.4607223903e-07 -1.0183505046e-10  9.5313390192e-06      0.0000000000  1.4754249068e-07  1.4809118106e-07    0.033475000000    0.016808333333
 1.4649318517e-07 -8.9624412012e-11  9.5316790241e-06      0.0000000000  1.4778714475e-07  1.4774258529e-07    0.033491666667    0.016825000000
 1.4656096604e-07 -1.0190680001e-10  9.5320091454e-06      0.0000000000  1.4803225358e-07  1.4773047909e-07    0.033508333333    0.016841666667
 1.4673915099e-07 -1.0651069636e-10  9.5323390222e-06      0.0000000000  1.4827690765e-07  1.4829008441e-07    0.033525000000    0.016858333333
 1.4725788884e-07 -8.7558141383e-11  9.5326790236e-06      0.0000000000  1.4852201647e-07  1.4832805386e-07    0.033541666667    0.016875000000
 1.4747037128e-07 -8.9817964928e-11  9.5330091413e-06      0.0000000000  1.4876712530e-07  1.4828127990e-07    0.033558333333    0.016891666667
 1.4750411196e-07 -1.0442660413e-10  9.5333390251e-06      0.0000000000  1.4901177937e-07  1.4862295783e-07    0.033575000000    0.016908333333
 1.4824893908e-07 -6.9814272209e-11  9.5336790196e-06      0.0000000000  1.4925688819e-07  1.4959379673e-07    0.033591666667    0.016925000000
 1.4826103452e-07 -8.5953638001e-11  9.5340091443e-06      0.0000000000  1.4950199701e-07  1.4933989663e-07    0.033608333333    0.016941666667
 1.4884221868e-07 -6.2675821117e-11  9.5343390246e-06      0.0000000000  1.4974710584e-07  1.5007174021e-07    0.033625000000    0.016958333333
 1.4908182109e-07 -6.3057215383e-11  9.5346790225e-06      0.0000000000  1.4999221466e-07  1.5119755424e-07    0.033641666667    0.016975000000
 1.4902752842e-07 -8.3794866938e-11  9.5350091473e-06      0.0000000000  1.5023732348e-07  1.5066992816e-07    0.033658333333    0.016991666667
 1.4968514317e-07 -5.5223185456e-11  9.5353390206e-06      0.0000000000  1.5048243230e-07  1.4983403412e-07    0.033675000000    0.017008333333
 1.4954209325e-07 -8.2108491041e-11  9.5356790290e-06      0.0000000000  1.5072754113e-07  1.5039907937e-07    0.033691666667    0.017025000000
 1.4977651197e-07 -8.2848926572e-11  9.5360091397e-06      0.0000000000  1.5097264995e-07  1.5102611782e-07    0.033708333333    0.017041666667
 1.4997314464e-07 -8.6206563985e-11  9.5363390270e-06      0.0000000000  1.5121775877e-07  1.5145719299e-07    0.033725000000    0.017058333333
 1.5027454811e-07 -8.2307389122e-11  9.5366790214e-06      0.0000000000  1.5146286759e-07  1.5129259580e-07    0.033741666667    0.017075000000
 1.5036735527e-07 -9.2856363426e-11  9.5370091427e-06      0.0000000000  1.5170797641e-07  1.5202873157e-07    0.033758333333    0.017091666667
 1.5062680297e-07 -9.1863200197e-11  9.5373390265e-06      0.0000000000  1.5195308524e-07  1.5228368507e-07    0.033775000000    0.017108333333
 1.5116093084e-07 -7.1876172708e-11  9.5376790209e-06      0.0000000000  1.5219864881e-07  1.5270001269e-07    0.033791666667    0.017125000000
 1.5117096601e-07 -8.8158240793e-11  9.5380091491e-06      0.0000000000  1.5244375763e-07  1.5192501128e-07    0.033808333333    0.017141666667
 1.5177764324e-07 -6.3114679660e-11  9.5383390189e-06      0.0000000000  1.5268886645e-07  1.5326779363e-07    0.033825000000    0.017158333333
 1.5179212580e-07 -7.9120201882e-11  9.5386790274e-06      0.0000000000  1.5293443002e-07  1.5294471522e-07    0.033841666667    0.017175000000
 1.5213627378e-07 -7.2260384704e-11  9.5390091416e-06      0.0000000000  1.5317953884e-07  1.5433604816e-07    0.033858333333    0.017191666667
 1.5215384797e-07 -8.8051770208e-11  9.5393390254e-06      0.0000000000  1.5342510241e-07  1.5266932268e-07    0.033875000000    0.017208333333
 1.5234967426e-07 -9.1465259719e-11  9.5396790233e-06      0.0000000000  1.5367021123e-07  1.5373427552e-07    0.033891666667    0.017225000000
 1.5294252787e-07 -6.7410670933e-11  9.5400091446e-06      0.0000000000  1.5391577480e-07  1.5343630569e-07    0.033908333333    0.017241666667
 1.5292538322e-07 -8.5575313716e-11  9.5403390284e-06      0.0000000000  1.5416088362e-07  1.5367349294e-07    0.033925000000    0.017258333333
 1.5335161607e-07 -7.3061492994e-11  9.5406790193e-06      0.0000000000  1.5440644719e-07  1.5402114537e-07    0.033941666667    0.017275000000
 1.5356857282e-07 -7.5011409575e-11  9.5410091475e-06      0.0000000000  1.5465155602e-07  1.5547404700e-07    0.033958333333    0.017291666667
 1.5392165987e-07 -6.7563936658e-11  9.5413390208e-06      0.0000000000  1.5489711959e-07  1.5544703602e-07    0.033975000000    0.017308333333
 1.5415502169e-07 -6.8409075183e-11  9.5416790258e-06      0.0000000000  1.5514268316e-07  1.5559764033e-07    0.033991666667    0.017325000000
 1.5455777204e-07 -5.7521738595e-11  9.5420091470e-06      0.0000000000  1.5538824672e-07  1.5567335913e-07    0.034008333333    0.017341666667
 1.5480817876e-07 -5.7186284448e-11  9.5423390238e-06      0.0000000000  1.5563381029e-07  1.5499284900e-07    0.034025000000    0.017358333333
 1.5484975984e-07 -7.1283365934e-11  9.5426790252e-06      0.0000000000  1.5587891912e-07  1.5646722735e-07    0.034041666667    0.017375000000
 1.5506881275e-07 -7.3119592336e-11  9.5430091430e-06      0.0000000000  1.5612448269e-07  1.5667114613e-07    0.034058333333    0.017391666667
 1.5533399381e-07 -7.1760812289e-11  9.5433390268e-06      0.0000000000  1.5637004626e-07  1.5696366030e-07    0.034075000000    0.017408333333
 1.5515843779e-07 -1.0092910818e-10  9.5436790212e-06      0.0000000000  1.5661560982e-07  1.5756656495e-07    0.034091666667    0.017425000000
 1.5566950131e-07 -8.2539602418e-11  9.5440091459e-06      0.0000000000  1.5686117339e-07  1.5670298387e-07    0.034108333333    0.017441666667
 1.5555434762e-07 -1.0752420980e-10  9.5443390227e-06      0.0000000000  1.5710673696e-07  1.5693630343e-07    0.034125000000    0.017458333333
 1.5582710770e-07 -1.0564047926e-10  9.5446790242e-06      0.0000000000  1.5735230053e-07  1.5705337199e-07    0.034141666667    0.017475000000
 1.5585231148e-07 -1.2093490854e-10  9.5450091489e-06      0.0000000000  1.5759831885e-07  1.5736684404e-07    0.034158333333    0.017491666667
 1.5610450487e-07 -1.2047570258e-10  9.5453390187e-06      0.0000000000  1.5784388242e-07  1.5711674875e-07    0.034175000000    0.017508333333
 1.5624387739e-07 -1.2783088604e-10  9.5456790306e-06      0.0000000000  1.5808944599e-07  1.5846174794e-07    0.034191666667    0.017525000000
 1.5656380766e-07 -1.2267997438e-10  9.5460091414e-06      0.0000000000  1.5833500956e-07  1.5793550543e-07    0.034208333333    0.017541666667
 1.5696109280e-07 -1.1220267669e-10  9.5463390251e-06      0.0000000000  1.5858102788e-07  1.5911834439e-07    0.034225000000    0.017558333333
 1.5723874560e-07 -1.0998005827e-10  9.5466790231e-06      0.0000000000  1.5882659144e-07  1.5913326490e-07    0.034241666667    0.017575000000
 1.5770394093e-07 -9.4767552305e-11  9.5470091443e-06      0.0000000000  1.5907215501e-07  1.5937658386e-07    0.034258333333    0.017591666667
 1.5815887505e-07 -8.0297273818e-11  9.5473390281e-06      0.0000000000  1.5931817333e-07  1.6064803394e-07    0.034275000000    0.017608333333
 1.5856759783e-07 -6.8996265286e-11  9.5476790191e-06      0.0000000000  1.5956373690e-07  1.5975472191e-07    0.034291666667    0.017625000000
 1.5920732112e-07 -4.1726806954e-11  9.5480091508e-06      0.0000000000  1.5980975522e-07  1.6009481189e-07    0.034308333333    0.017641666667
 1.5938240767e-07 -4.6608305107e-11  9.5483390206e-06      0.0000000000  1.6005531879e-07  1.6066922766e-07    0.034325000000    0.017658333333
 1.5969450571e-07 -4.2031379894e-11  9.5486790290e-06      0.0000000000  1.6030133710e-07  1.6055829081e-07    0.034341666667    0.017675000000
 1.5981931557e-07 -5.0426724209e-11  9.5490091433e-06      0.0000000000  1.6054735542e-07  1.5944672123e-07    0.034358333333    0.017691666667
 1.5983362260e-07 -6.6444405088e-11  9.5493390235e-06      0.0000000000  1.6079291899e-07  1.6055296094e-07    0.034375000000    0.017708333333
 1.5938814088e-07 -1.1434024757e-10  9.5496790250e-06      0.0000000000  1.6103893731e-07  1.6082226894e-07    0.034391666667    0.017725000000
 1.5986851677e-07 -9.8107778044e-11  9.5500091427e-06      0.0000000000  1.6128495562e-07  1.6105334020e-07    0.034408333333    0.017741666667
 1.5965807018e-07 -1.2969272274e-10  9.5503390300e-06      0.0000000000  1.6153051919e-07  1.6090685514e-07    0.034425000000    0.017758333333
 1.5963180661e-07 -1.4855197042e-10  9.5506790175e-06      0.0000000000  1.6177653751e-07  1.6255627032e-07    0.034441666667    0.017775000000
 1.6003700715e-07 -1.3752642276e-10  9.5510091492e-06      0.0000000000  1.6202255583e-07  1.6256175742e-07    0.034458333333    0.017791666667
 1.6079418780e-07 -1.0212143470e-10  9.5513390225e-06      0.0000000000  1.6226857414e-07  1.6255894312e-07    0.034475000000    0.017808333333
 1.6096131040e-07 -1.0758604293e-10  9.5516790274e-06      0.0000000000  1.6251459246e-07  1.6266187729e-07    0.034491666667    0.017825000000
 1.6157832497e-07 -8.1889474405e-11  9.5520091487e-06      0.0000000000  1.6276061078e-07  1.6170055041e-07    0.034508333333    0.017841666667
 1.6180078031e-07 -8.3521533192e-11  9.5523390219e-06      0.0000000000  1.6300662909e-07  1.6246635425e-07    0.034525000000    0.017858333333
 1.6210335047e-07 -7.9604543626e-11  9.5526790269e-06      0.0000000000  1.6325264741e-07  1.6376729944e-07    0.034541666667    0.017875000000
 1.6267039314e-07 -5.7369213583e-11  9.5530091446e-06      0.0000000000  1.6349866573e-07  1.6426286767e-07    0.034558333333    0.017891666667
 1.6261939423e-07 -7.7941721561e-11  9.5533390284e-06      0.0000000000  1.6374468404e-07  1.6418455468e-07    0.034575000000    0.017908333333
 1.6294842717e-07 -7.2223320244e-11  9.5536790228e-06      0.0000000000  1.6399115711e-07  1.6375231605e-07    0.034591666667    0.017925000000
 1.6327098476e-07 -6.6921927819e-11  9.5540091476e-06      0.0000000000  1.6423717543e-07  1.6533253721e-07    0.034608333333    0.017941666667
 1.6327520477e-07 -8.3669770052e-11  9.5543390244e-06      0.0000000000  1.6448319374e-07  1.6418883116e-07    0.034625000000    0.017958333333
 1.6324424548e-07 -1.0288575840e-10  9.5546790223e-06      0.0000000000  1.6472966681e-07  1.6452329254e-07    0.034641666667    0.017975000000
 1.6378019430e-07 -8.2804102248e-11  9.5550091505e-06      0.0000000000  1.6497568512e-07  1.6487063052e-07    0.034658333333    0.017991666667
 1.6370544064e-07 -1.0502195231e-10  9.5553390203e-06      0.0000000000  1.6522170344e-07  1.6501785453e-07    0.034675000000    0.018008333333
 1.6444545143e-07 -7.0837709841e-11  9.5556790322e-06      0.0000000000  1.6546817650e-07  1.6563406028e-07    0.034691666667    0.018025000000
 1.6448502717e-07 -8.5136683748e-11  9.5560091430e-06      0.0000000000  1.6571419482e-07  1.6521946212e-07    0.034708333333    0.018041666667
 1.6463054087e-07 -9.2129501700e-11  9.5563390268e-06      0.0000000000  1.6596066789e-07  1.6575804667e-07    0.034725000000    0.018058333333
 1.6487336999e-07 -9.2350397476e-11  9.5566790247e-06      0.0000000000  1.6620668620e-07  1.6673070937e-07    0.034741666667    0.018075000000
 1.6492109313e-07 -1.0611654989e-10  9.5570091460e-06      0.0000000000  1.6645315927e-07  1.6532039956e-07    0.034758333333    0.018091666667
 1.6503161821e-07 -1.1553280848e-10  9.5573390297e-06      0.0000000000  1.6669963233e-07  1.6667346432e-07    0.034775000000    0.018108333333
 1.6551753207e-07 -9.8916758301e-11  9.5576790207e-06      0.0000000000  1.6694565065e-07  1.6685126828e-07    0.034791666667    0.018125000000
 1.6545921153e-07 -1.2002788714e-10  9.5580091524e-06      0.0000000000  1.6719212371e-07  1.6703264122e-07    0.034808333333    0.018141666667
 1.6582951091e-07 -1.1145122052e-10  9.5583390187e-06      0.0000000000  1.6743859678e-07  1.6814853445e-07    0.034825000000    0.018158333333
 1.6601022082e-07 -1.1600621842e-10  9.5586790271e-06      0.0000000000  1.6768506984e-07  1.6827074422e-07    0.034841666667    0.018175000000
 1.6647913788e-07 -1.0056742978e-10  9.5590091449e-06      0.0000000000  1.6793108816e-07  1.6721127847e-07    0.034858333333    0.018191666667
 1.6674122081e-07 -9.9486233030e-11  9.5593390252e-06      0.0000000000  1.6817756122e-07  1.6898637806e-07    0.034875000000    0.018208333333
 1.6697471932e-07 -1.0038489875e-10  9.5596790266e-06      0.0000000000  1.6842403429e-07  1.6874348360e-07    0.034891666667    0.018225000000
 1.6721771176e-07 -1.0062597912e-10  9.5600091479e-06      0.0000000000  1.6867050735e-07  1.6875991345e-07    0.034908333333    0.018241666667
 1.6763046735e-07 -8.9108638506e-11  9.5603390316e-06      0.0000000000  1.6891698041e-07  1.6888517334e-07    0.034925000000    0.018258333333
 1.6786628317e-07 -8.9846798842e-11  9.5606790191e-06      0.0000000000  1.6916345348e-07  1.6938511238e-07    0.034941666667    0.018275000000
 1.6825833901e-07 -7.9763198960e-11  9.5610091508e-06      0.0000000000  1.6940992654e-07  1.6998946348e-07    0.034958333333    0.018291666667
 1.6820890536e-07 -1.0025878883e-10  9.5613390241e-06      0.0000000000  1.6965639961e-07  1.6925653506e-07    0.034975000000    0.018308333333
 1.6890198971e-07 -6.9356341684e-11  9.5616790255e-06      0.0000000000  1.6990332742e-07  1.6987616829e-07    0.034991666667    0.018325000000
 1.6906795601e-07 -7.4932537260e-11  9.5620091503e-06      0.0000000000  1.7014980048e-07  1.7196524305e-07    0.035008333333    0.018341666667
 1.6970116804e-07 -4.8145570098e-11  9.5623390236e-06      0.0000000000  1.7039627355e-07  1.6991585148e-07    0.035025000000    0.018358333333
 1.6971630217e-07 -6.4168957818e-11  9.5626790285e-06      0.0000000000  1.7064274661e-07  1.7083365892e-07    0.035041666667    0.018375000000
 1.7011998178e-07 -5.3311750615e-11  9.5630091463e-06      0.0000000000  1.7088967442e-07  1.7145574483e-07    0.035058333333    0.018391666667
 1.7014615793e-07 -6.8570327328e-11  9.5633390265e-06      0.0000000000  1.7113614749e-07  1.7169970841e-07    0.035075000000    0.018408333333
 1.7036858369e-07 -7.0235932279e-11  9.5636790245e-06      0.0000000000  1.7138262055e-07  1.7133796876e-07    0.035091666667    0.018425000000
 1.7046283879e-07 -8.0810607149e-11  9.5640091492e-06      0.0000000000  1.7162954836e-07  1.7169513321e-07    0.035108333333    0.018441666667
 1.7083783770e-07 -7.1908432724e-11  9.5643390260e-06      0.0000000000  1.7187602143e-07  1.7171293090e-07    0.035125000000    0.018458333333
 1.7092115018e-07 -8.3241034247e-11  9.5646790239e-06      0.0000000000  1.7212294924e-07  1.7179476569e-07    0.035141666667    0.018475000000
 1.7123716151e-07 -7.8424557320e-11  9.5650091522e-06      0.0000000000  1.7236942230e-07  1.7362890267e-07    0.035158333333    0.018491666667
 1.7139529692e-07 -8.4574646818e-11  9.5653390220e-06      0.0000000000  1.7261635011e-07  1.7407769693e-07    0.035175000000    0.018508333333
 1.7168924834e-07 -8.1317618298e-11  9.5656790304e-06      0.0000000000  1.7286327792e-07  1.7348886377e-07    0.035191666667    0.018525000000
 1.7205790344e-07 -7.2854839613e-11  9.5660091447e-06      0.0000000000  1.7310975099e-07  1.7364291128e-07    0.035208333333    0.018541666667
 1.7242965532e-07 -6.4209064552e-11  9.5663390249e-06      0.0000000000  1.7335667880e-07  1.7255695339e-07    0.035225000000    0.018558333333
 1.7249339744e-07 -7.6897180558e-11  9.5666790264e-06      0.0000000000  1.7360360661e-07  1.7293707245e-07    0.035241666667    0.018575000000
 1.7254284669e-07 -9.0575274060e-11  9.5670091476e-06      0.0000000000  1.7385053442e-07  1.7292565803e-07    0.035258333333    0.018591666667
 1.7286737460e-07 -8.5168907936e-11  9.5673390314e-06      0.0000000000  1.7409700749e-07  1.7455120670e-07    0.035275000000    0.018608333333
 1.7288605330e-07 -1.0097828267e-10  9.5676790223e-06      0.0000000000  1.7434393530e-07  1.7563975878e-07    0.035291666667    0.018625000000
 1.7298629552e-07 -1.1113826775e-10  9.5680091541e-06      0.0000000000  1.7459086311e-07  1.7517453468e-07    0.035308333333    0.018641666667
 1.7331893876e-07 -1.0520130090e-10  9.5683390204e-06      0.0000000000  1.7483779092e-07  1.7525687258e-07    0.035325000000    0.018658333333
 1.7331959226e-07 -1.2225916802e-10  9.5686790288e-06      0.0000000000  1.7508471873e-07  1.7593725693e-07    0.035341666667    0.018675000000
 1.7344387887e-07 -1.3075375016e-10  9.5690091466e-06      0.0000000000  1.7533164655e-07  1.7537549765e-07    0.035358333333    0.018691666667
 1.7381633879e-07 -1.2205893333e-10  9.5693390268e-06      0.0000000000  1.7557857436e-07  1.7533523273e-07    0.035375000000    0.018708333333
 1.7422436525e-07 -1.1090064668e-10  9.5696790283e-06      0.0000000000  1.7582550217e-07  1.7557292310e-07    0.035391666667    0.018725000000
 1.7436484638e-07 -1.1830503375e-10  9.5700091460e-06      0.0000000000  1.7607288473e-07  1.7639952524e-07    0.035408333333    0.018741666667
 1.7491418008e-07 -9.7359287034e-11  9.5703390298e-06      0.0000000000  1.7631981254e-07  1.7535207136e-07    0.035425000000    0.018758333333
 1.7514478557e-07 -9.8489831229e-11  9.5706790207e-06      0.0000000000  1.7656674035e-07  1.7580693444e-07    0.035441666667    0.018775000000
 1.7549438902e-07 -9.1378138208e-11  9.5710091525e-06      0.0000000000  1.7681366816e-07  1.7663323785e-07    0.035458333333    0.018791666667
 1.7589125143e-07 -8.1024611920e-11  9.5713390258e-06      0.0000000000  1.7706105072e-07  1.7571110677e-07    0.035475000000    0.018808333333
 1.7600881215e-07 -8.9985053845e-11  9.5716790272e-06      0.0000000000  1.7730797853e-07  1.7628395030e-07    0.035491666667    0.018825000000
 1.7635188155e-07 -8.3325933069e-11  9.5720091484e-06      0.0000000000  1.7755490634e-07  1.7833967797e-07    0.035508333333    0.018841666667
 1.7671948490e-07 -7.4998997721e-11  9.5723390252e-06      0.0000000000  1.7780228890e-07  1.7853331433e-07    0.035525000000    0.018858333333
 1.7666065492e-07 -9.6176910090e-11  9.5726790267e-06      0.0000000000  1.7804921671e-07  1.7722828133e-07    0.035541666667    0.018875000000
 1.7724211334e-07 -7.3037584033e-11  9.5730091479e-06      0.0000000000  1.7829659927e-07  1.7562700796e-07    0.035558333333    0.018891666667
 1.7738652043e-07 -8.0138547158e-11  9.5733390282e-06      0.0000000000  1.7854352708e-07  1.7899809821e-07    0.035575000000    0.018908333333
 1.7775714806e-07 -7.1602138686e-11  9.5736790261e-06      0.0000000000  1.7879090964e-07  1.7903064346e-07    0.035591666667    0.018925000000
 1.7809386029e-07 -6.5383338966e-11  9.5740091509e-06      0.0000000000  1.7903783745e-07  1.8035564384e-07    0.035608333333    0.018941666667
 1.7800946197e-07 -8.8363706332e-11  9.5743390277e-06      0.0000000000  1.7928522001e-07  1.8057599246e-07    0.035625000000    0.018958333333
 1.7841974544e-07 -7.7080588695e-11  9.5746790256e-06      0.0000000000  1.7953260257e-07  1.8006029964e-07    0.035641666667    0.018975000000
 1.7852499286e-07 -8.6893894735e-11  9.5750091538e-06      0.0000000000  1.7977953038e-07  1.7956182279e-07    0.035658333333    0.018991666667
 1.7870115756e-07 -9.1826706211e-11  9.5753390236e-06      0.0000000000  1.8002691294e-07  1.7958238761e-07    0.035675000000    0.019008333333
 1.7874295119e-07 -1.0606655348e-10  9.5756790285e-06      0.0000000000  1.8027429550e-07  1.8161621406e-07    0.035691666667    0.019025000000
 1.7886191472e-07 -1.1496132915e-10  9.5760091463e-06      0.0000000000  1.8052167806e-07  1.8119619169e-07    0.035708333333    0.019041666667
 1.7927176508e-07 -1.0370821027e-10  9.5763390266e-06      0.0000000000  1.8076906062e-07  1.7933246526e-07    0.035725000000    0.019058333333
 1.7928059830e-07 -1.2023101664e-10  9.5766790280e-06      0.0000000000  1.8101644318e-07  1.8038501317e-07    0.035741666667    0.019075000000
 1.7974220430e-07 -1.0539311104e-10  9.5770091493e-06      0.0000000000  1.8126382574e-07  1.8153939469e-07    0.035758333333    0.019091666667
 1.7977954153e-07 -1.1994162535e-10  9.5773390295e-06      0.0000000000  1.8151120830e-07  1.7985340934e-07    0.035775000000    0.019108333333
 1.8031188224e-07 -1.0020437305e-10  9.5776790240e-06      0.0000000000  1.8175859086e-07  1.8259475691e-07    0.035791666667    0.019125000000
 1.8040279385e-07 -1.1104212806e-10  9.5780091557e-06      0.0000000000  1.8200597341e-07  1.8384411710e-07    0.035808333333    0.019141666667
 1.8097279611e-07 -8.8696297823e-11  9.5783390220e-06      0.0000000000  1.8225335597e-07  1.8182645322e-07    0.035825000000    0.019158333333
 1.8114462998e-07 -9.3929078365e-11  9.5786790304e-06      0.0000000000  1.8250073853e-07  1.8198575199e-07    0.035841666667    0.019175000000
 1.8153999295e-07 -8.3679409589e-11  9.5790091482e-06      0.0000000000  1.8274812109e-07  1.8286327879e-07    0.035858333333    0.019191666667
 1.8166468870e-07 -9.2177150500e-11  9.5793390285e-06      0.0000000000  1.8299550365e-07  1.8423859066e-07    0.035875000000    0.019208333333
 1.8180890919e-07 -9.9354033473e-11  9.5796790264e-06      0.0000000000  1.8324334096e-07  1.8296085164e-07    0.035891666667    0.019225000000
 1.8223934093e-07 -8.6675372166e-11  9.5800091477e-06      0.0000000000  1.8349072351e-07  1.8398630996e-07    0.035908333333    0.019241666667
 1.8225686627e-07 -1.0259613068e-10  9.5803390314e-06      0.0000000000  1.8373810607e-07  1.8458096038e-07    0.035925000000    0.019258333333
 1.8256923742e-07 -9.8126278359e-11  9.5806790224e-06      0.0000000000  1.8398594338e-07  1.8358565751e-07    0.035941666667    0.019275000000
 1.8254963104e-07 -1.1661891676e-10  9.5810091541e-06      0.0000000000  1.8423332594e-07  1.8420791637e-07    0.035958333333    0.019291666667
 1.8314485687e-07 -9.2557507119e-11  9.5813390274e-06      0.0000000000  1.8448116324e-07  1.8651603480e-07    0.035975000000    0.019308333333
 1.8295489606e-07 -1.2284952101e-10  9.5816790288e-06      0.0000000000  1.8472854580e-07  1.8471994588e-07    0.035991666667    0.019325000000
 1.8357446926e-07 -9.7101722250e-11  9.5820091501e-06      0.0000000000  1.8497638311e-07  1.8460809714e-07    0.036008333333    0.019341666667
 1.8369222858e-07 -1.0607990594e-10  9.5823390269e-06      0.0000000000  1.8522376567e-07  1.8400893441e-07    0.036025000000    0.019358333333
 1.8403395526e-07 -9.9576781887e-11  9.5826790283e-06      0.0000000000  1.8547160298e-07  1.8562294288e-07    0.036041666667    0.019375000000
 1.8404454123e-07 -1.1597818675e-10  9.5830091495e-06      0.0000000000  1.8571898553e-07  1.8306351853e-07    0.036058333333    0.019391666667
 1.8442829101e-07 -1.0656438747e-10  9.5833390298e-06      0.0000000000  1.8596682284e-07  1.8534119851e-07    0.036075000000    0.019408333333
 1.8458976427e-07 -1.1254627985e-10  9.5836790243e-06      0.0000000000  1.8621466015e-07  1.8643078826e-07    0.036091666667    0.019425000000
 1.8481055474e-07 -1.1438814596e-10  9.5840091525e-06      0.0000000000  1.8646204271e-07  1.8668572603e-07    0.036108333333    0.019441666667
 1.8520941686e-07 -1.0392761027e-10  9.5843390258e-06      0.0000000000  1.8670988001e-07  1.8577945879e-07    0.036125000000    0.019458333333
 1.8532479670e-07 -1.1310210328e-10  9.5846790272e-06      0.0000000000  1.8695771732e-07  1.8781053383e-07    0.036141666667    0.019475000000
 1.8598331742e-07 -8.4656655625e-11  9.5850091555e-06      0.0000000000  1.8720555462e-07  1.8712977214e-07    0.036158333333    0.019491666667
 1.8609863419e-07 -9.3835516121e-11  9.5853390253e-06      0.0000000000  1.8745339193e-07  1.8573990138e-07    0.036175000000    0.019508333333
 1.8653847045e-07 -8.0536961053e-11  9.5856790302e-06      0.0000000000  1.8770122924e-07  1.8885323956e-07    0.036191666667    0.019525000000
 1.8657851248e-07 -9.4929627773e-11  9.5860091479e-06      0.0000000000  1.8794906654e-07  1.8908196819e-07    0.036208333333    0.019541666667
 1.8678416531e-07 -9.7851480349e-11  9.5863390282e-06      0.0000000000  1.8819690385e-07  1.8770315023e-07    0.036225000000    0.019558333333
 1.8683027622e-07 -1.1182379434e-10  9.5866790262e-06      0.0000000000  1.8844474116e-07  1.8775858721e-07    0.036241666667    0.019575000000
 1.8724621130e-07 -1.0018072282e-10  9.5870091509e-06      0.0000000000  1.8869257846e-07  1.8895861069e-07    0.036258333333    0.019591666667
 1.8728918544e-07 -1.1437030110e-10  9.5873390312e-06      0.0000000000  1.8894041577e-07  1.8878377825e-07    0.036275000000    0.019608333333
 1.8773880660e-07 -1.0039400730e-10  9.5876790256e-06      0.0000000000  1.8918825307e-07  1.8927574606e-07    0.036291666667    0.019625000000
 1.8798066828e-07 -1.0080790084e-10  9.5880091574e-06      0.0000000000  1.8943609038e-07  1.8801058491e-07    0.036308333333    0.019641666667
 1.8843436271e-07 -8.6549478074e-11  9.5883390237e-06      0.0000000000  1.8968392769e-07  1.9130930522e-07    0.036325000000    0.019658333333
 1.8868950738e-07 -8.6074840004e-11  9.5886790321e-06      0.0000000000  1.8993221974e-07  1.8869843738e-07    0.036341666667    0.019675000000
 1.8900696283e-07 -8.1252830769e-11  9.5890091498e-06      0.0000000000  1.9018005705e-07  1.8920079765e-07    0.036358333333    0.019691666667
 1.8935751041e-07 -7.4138738816e-11  9.5893390301e-06      0.0000000000  1.9042789435e-07  1.9053414659e-07    0.036375000000    0.019708333333
 1.8975891783e-07 -6.3533403818e-11  9.5896790280e-06      0.0000000000  1.9067618641e-07  1.9002986819e-07    0.036391666667    0.019725000000
 1.8965240749e-07 -8.8076828325e-11  9.5900091493e-06      0.0000000000  1.9092402371e-07  1.8993748371e-07    0.036408333333    0.019741666667
 1.8956994448e-07 -1.1095464632e-10  9.5903390331e-06      0.0000000000  1.9117186102e-07  1.9152056633e-07    0.036425000000    0.019758333333
 1.8998010707e-07 -9.9742895977e-11  9.5906790240e-06      0.0000000000  1.9142015307e-07  1.9208542292e-07    0.036441666667    0.019775000000
 1.8994217337e-07 -1.1953644939e-10  9.5910091558e-06      0.0000000000  1.9166799038e-07  1.9116138943e-07    0.036458333333    0.019791666667
 1.9008823379e-07 -1.2661738975e-10  9.5913390256e-06      0.0000000000  1.9191628243e-07  1.9267065566e-07    0.036475000000    0.019808333333
 1.9025228219e-07 -1.3242091814e-10  9.5916790305e-06      0.0000000000  1.9216411974e-07  1.9387967232e-07    0.036491666667    0.019825000000
 1.9083048136e-07 -1.0957033470e-10  9.5920091517e-06      0.0000000000  1.9241241179e-07  1.9191777558e-07    0.036508333333    0.019841666667
 1.9072394545e-07 -1.3414702778e-10  9.5923390285e-06      0.0000000000  1.9266070385e-07  1.9255085141e-07    0.036525000000    0.019858333333
 1.9142128651e-07 -1.0301274025e-10  9.5926790299e-06      0.0000000000  1.9290854115e-07  1.9384610512e-07    0.036541666667    0.019875000000
 1.9142302877e-07 -1.2008968848e-10  9.5930091512e-06      0.0000000000  1.9315683321e-07  1.9291817249e-07    0.036558333333    0.019891666667
 1.9198616690e-07 -9.8282288232e-11  9.5933390315e-06      0.0000000000  1.9340512526e-07  1.9380395352e-07    0.036575000000    0.019908333333
 1.9247389875e-07 -8.1666307356e-11  9.5936790259e-06      0.0000000000  1.9365296256e-07  1.9452469712e-07    0.036591666667    0.019925000000
 1.9250668648e-07 -9.6592931344e-11  9.5940091541e-06      0.0000000000  1.9390125462e-07  1.9644015006e-07    0.036608333333    0.019941666667
 1.9293989712e-07 -8.3784788154e-11  9.5943390274e-06      0.0000000000  1.9414954667e-07  1.9347309255e-07    0.036625000000    0.019958333333
 1.9328491108e-07 -7.7085472718e-11  9.5946790289e-06      0.0000000000  1.9439783873e-07  1.9355143698e-07    0.036641666667    0.019975000000
 1.9340748739e-07 -8.5793008251e-11  9.5950091571e-06      0.0000000000  1.9464613078e-07  1.9594921993e-07    0.036658333333    0.019991666667
 1.9347022888e-07 -9.8644924848e-11  9.5953390269e-06      0.0000000000  1.9489442283e-07  1.9523742233e-07    0.036675000000    0.020008333333
 1.9383919076e-07 -9.0286887255e-11  9.5956790318e-06      0.0000000000  1.9514271489e-07  1.9561928658e-07    0.036691666667    0.020025000000
 1.9383906592e-07 -1.0749315771e-10  9.5960091496e-06      0.0000000000  1.9539100694e-07  1.9726942499e-07    0.036708333333    0.020041666667
 1.9441591606e-07 -8.4736012717e-11  9.5963390299e-06      0.0000000000  1.9563929899e-07  1.9577408876e-07    0.036725000000    0.020058333333
 1.9466024556e-07 -8.5010473781e-11  9.5966790278e-06      0.0000000000  1.9588759105e-07  1.9442072527e-07    0.036741666667    0.020075000000
 1.9482933372e-07 -9.0496427779e-11  9.5970091525e-06      0.0000000000  1.9613588310e-07  1.9552396202e-07    0.036758333333    0.020091666667
 1.9510049329e-07 -8.8912538929e-11  9.5973390293e-06      0.0000000000  1.9638417515e-07  1.9733434254e-07    0.036775000000    0.020108333333
 1.9533503762e-07 -8.9864757235e-11  9.5976790273e-06      0.0000000000  1.9663246721e-07  1.9575750169e-07    0.036791666667    0.020125000000
 1.9578950562e-07 -7.5584250608e-11  9.5980091590e-06      0.0000000000  1.9688075926e-07  1.9698525938e-07    0.036808333333    0.020141666667
 1.9594826817e-07 -8.1816892111e-11  9.5983390218e-06      0.0000000000  1.9712950606e-07  1.9672181582e-07    0.036825000000    0.020158333333
 1.9624435598e-07 -7.8506381388e-11  9.5986790337e-06      0.0000000000  1.9737779812e-07  1.9683801965e-07    0.036841666667    0.020175000000
 1.9631647759e-07 -9.0708596336e-11  9.5990091515e-06      0.0000000000  1.9762609017e-07  1.9665521597e-07    0.036858333333    0.020191666667
 1.9673269684e-07 -7.9108836515e-11  9.5993390318e-06      0.0000000000  1.9787483697e-07  1.9798279482e-07    0.036875000000    0.020208333333
 1.9674218163e-07 -9.5649508385e-11  9.5996790297e-06      0.0000000000  1.9812312902e-07  1.9894111873e-07    0.036891666667    0.020225000000
 1.9659447441e-07 -1.2307787852e-10  9.6000091509e-06      0.0000000000  1.9837142108e-07  1.9820155548e-07    0.036908333333    0.020241666667
 1.9697018497e-07 -1.1428390006e-10  9.6003390347e-06      0.0000000000  1.9862016788e-07  1.9863035092e-07    0.036925000000    0.020258333333
 1.9709863699e-07 -1.2258446294e-10  9.6006790257e-06      0.0000000000  1.9886845993e-07  1.9951298748e-07    0.036941666667    0.020275000000
 1.9716759198e-07 -1.3503750685e-10  9.6010091574e-06      0.0000000000  1.9911720673e-07  1.9972819490e-07    0.036958333333    0.020291666667
 1.9770079506e-07 -1.1530351855e-10  9.6013390237e-06      0.0000000000  1.9936549879e-07  1.9834783615e-07    0.036975000000    0.020308333333
 1.9792523607e-07 -1.1698702709e-10  9.6016790321e-06      0.0000000000  1.9961424559e-07  2.0028995418e-07    0.036991666667    0.020325000000
 1.9836105124e-07 -1.0399848422e-10  9.6020091534e-06      0.0000000000  1.9986253764e-07  2.0006850499e-07    0.037008333333    0.020341666667
 1.9874035066e-07 -9.4955928767e-11  9.6023390302e-06      0.0000000000  2.0011128444e-07  1.9792652455e-07    0.037025000000    0.020358333333
 1.9903766574e-07 -9.1591910443e-11  9.6026790316e-06      0.0000000000  2.0036003124e-07  2.0036035883e-07    0.037041666667    0.020375000000
 1.9926577087e-07 -9.2990131247e-11  9.6030091528e-06      0.0000000000  2.0060832330e-07  2.0162608598e-07    0.037058333333    0.020391666667
 1.9935219078e-07 -1.0423349053e-10  9.6033390331e-06      0.0000000000  2.0085707010e-07  2.0119273106e-07    0.037075000000    0.020408333333
 1.9974066244e-07 -9.4555631357e-11  9.6036790241e-06      0.0000000000  2.0110581690e-07  2.0053806846e-07    0.037091666667    0.020425000000
 1.9978599119e-07 -1.0864511580e-10  9.6040091558e-06      0.0000000000  2.0135456370e-07  2.0000306861e-07    0.037108333333    0.020441666667
 2.0023286575e-07 -9.4890559010e-11  9.6043390291e-06      0.0000000000  2.0160285575e-07  2.0029517400e-07    0.037125000000    0.020458333333
 2.0047790712e-07 -9.5147211179e-11  9.6046790305e-06      0.0000000000  2.0185160255e-07  2.0117244924e-07    0.037141666667    0.020475000000
 2.0052737218e-07 -1.0895019916e-10  9.6050091587e-06      0.0000000000  2.0210034935e-07  2.0258991271e-07    0.037158333333    0.020491666667
 2.0093168186e-07 -9.8175340397e-11  9.6053390251e-06      0.0000000000  2.0234909616e-07  2.0442541754e-07    0.037175000000    0.020508333333
 2.0117878324e-07 -9.8289308779e-11  9.6056790335e-06      0.0000000000  2.0259784296e-07  2.0381572083e-07    0.037191666667    0.020525000000
 2.0148617179e-07 -9.4227564886e-11  9.6060091512e-06      0.0000000000  2.0284658976e-07  2.0221039110e-07    0.037208333333    0.020541666667
 2.0169899446e-07 -9.6715802588e-11  9.6063390315e-06      0.0000000000  2.0309533656e-07  2.0446942437e-07    0.037225000000    0.020558333333
 2.0207690824e-07 -8.7769220952e-11  9.6066790294e-06      0.0000000000  2.0334408336e-07  2.0387379917e-07    0.037241666667    0.020575000000
 2.0209093421e-07 -1.0402685124e-10  9.6070091542e-06      0.0000000000  2.0359283016e-07  2.0337236651e-07    0.037258333333    0.020591666667
 2.0236253232e-07 -1.0244408547e-10  9.6073390310e-06      0.0000000000  2.0384157696e-07  2.0606112284e-07    0.037275000000    0.020608333333
 2.0263589920e-07 -1.0073880781e-10  9.6076790254e-06      0.0000000000  2.0409032376e-07  2.0564926037e-07    0.037291666667    0.020625000000
 2.0306231938e-07 -8.8432494897e-11  9.6080091606e-06      0.0000000000  2.0433907056e-07  2.0358927194e-07    0.037308333333    0.020641666667
 2.0342417284e-07 -8.0598310117e-11  9.6083390235e-06      0.0000000000  2.0458781736e-07  2.0383678877e-07    0.037325000000    0.020658333333
 2.0360844316e-07 -8.5064189521e-11  9.6086790354e-06      0.0000000000  2.0483656417e-07  2.0539514015e-07    0.037341666667    0.020675000000
 2.0408915252e-07 -6.9029104852e-11  9.6090091531e-06      0.0000000000  2.0508576571e-07  2.0373234525e-07    0.037358333333    0.020691666667
 2.0420970791e-07 -7.7908114211e-11  9.6093390299e-06      0.0000000000  2.0533451251e-07  2.0394594899e-07    0.037375000000    0.020708333333
 2.0462418752e-07 -6.6428849090e-11  9.6096790313e-06      0.0000000000  2.0558325932e-07  2.0505017624e-07    0.037391666667    0.020725000000
 2.0480928111e-07 -7.0869202461e-11  9.6100091526e-06      0.0000000000  2.0583246086e-07  2.0603305846e-07    0.037408333333    0.020741666667
 2.0477121344e-07 -9.0735029976e-11  9.6103390364e-06      0.0000000000  2.0608120766e-07  2.0666028557e-07    0.037425000000    0.020758333333
 2.0516612270e-07 -8.0611279338e-11  9.6106790238e-06      0.0000000000  2.0632995447e-07  2.0687492699e-07    0.037441666667    0.020775000000
 2.0515403180e-07 -9.8709358111e-11  9.6110091590e-06      0.0000000000  2.0657915601e-07  2.0785238499e-07    0.037458333333    0.020791666667
 2.0533220384e-07 -1.0359762594e-10  9.6113390253e-06      0.0000000000  2.0682790281e-07  2.0719885440e-07    0.037475000000    0.020808333333
 2.0567071963e-07 -9.7379894864e-11  9.6116790303e-06      0.0000000000  2.0707664962e-07  2.0580777302e-07    0.037491666667    0.020825000000
 2.0581205340e-07 -1.0485121459e-10  9.6120091550e-06      0.0000000000  2.0732585116e-07  2.0744094702e-07    0.037508333333    0.020841666667
 2.0624185616e-07 -9.2310611578e-11  9.6123390283e-06      0.0000000000  2.0757459796e-07  2.0800397982e-07    0.037525000000    0.020858333333
 2.0661404448e-07 -8.3792094002e-11  9.6126790332e-06      0.0000000000  2.0782379951e-07  2.0861891206e-07    0.037541666667    0.020875000000
 2.0652880618e-07 -1.0695663162e-10  9.6130091545e-06      0.0000000000  2.0807300106e-07  2.0935099147e-07    0.037558333333    0.020891666667
 2.0675695039e-07 -1.0838364246e-10  9.6133390348e-06      0.0000000000  2.0832174786e-07  2.0959287971e-07    0.037575000000    0.020908333333
 2.0698931357e-07 -1.0954993035e-10  9.6136790257e-06      0.0000000000  2.0857094941e-07  2.0724715344e-07    0.037591666667    0.020925000000
 2.0711104085e-07 -1.1834777096e-10  9.6140091574e-06      0.0000000000  2.0881969621e-07  2.0725778174e-07    0.037608333333    0.020941666667
 2.0739822189e-07 -1.1571717110e-10  9.6143390307e-06      0.0000000000  2.0906889776e-07  2.0879751787e-07    0.037625000000    0.020958333333
 2.0747736959e-07 -1.2749572758e-10  9.6146790287e-06      0.0000000000  2.0931809931e-07  2.0841121992e-07    0.037641666667    0.020975000000
 2.0783162400e-07 -1.2018788127e-10  9.6150091569e-06      0.0000000000  2.0956684611e-07  2.0818799411e-07    0.037658333333    0.020991666667
 2.0834901461e-07 -1.0161211838e-10  9.6153390267e-06      0.0000000000  2.0981604766e-07  2.0977763295e-07    0.037675000000    0.021008333333
 2.0853863194e-07 -1.0573914111e-10  9.6156790351e-06      0.0000000000  2.1006524921e-07  2.0987704532e-07    0.037691666667    0.021025000000
 2.0901723293e-07 -8.9850089876e-11  9.6160091529e-06      0.0000000000  2.1031445075e-07  2.0928915550e-07    0.037708333333    0.021041666667
 2.0939920394e-07 -8.0622489654e-11  9.6163390297e-06      0.0000000000  2.1056319755e-07  2.0906325689e-07    0.037725000000    0.021058333333
 2.0967817568e-07 -7.8560496718e-11  9.6166790311e-06      0.0000000000  2.1081239910e-07  2.1258614636e-07    0.037741666667    0.021075000000
 2.0992468424e-07 -7.8747022604e-11  9.6170091558e-06      0.0000000000  2.1106160065e-07  2.1233202614e-07    0.037758333333    0.021091666667
 2.0987973206e-07 -9.9121194628e-11  9.6173390326e-06      0.0000000000  2.1131080220e-07  2.1204235771e-07    0.037775000000    0.021108333333
 2.1034874239e-07 -8.3896428025e-11  9.6176790271e-06      0.0000000000  2.1156000375e-07  2.1287119242e-07    0.037791666667    0.021125000000
 2.1061890926e-07 -8.2444292614e-11  9.6180091623e-06      0.0000000000  2.1180920530e-07  2.1204136720e-07    0.037808333333    0.021141666667
 2.1063810804e-07 -9.8375132357e-11  9.6183390251e-06      0.0000000000  2.1205840684e-07  2.1125660222e-07    0.037825000000    0.021158333333
 2.1112153869e-07 -8.2151560739e-11  9.6186790335e-06      0.0000000000  2.1230760839e-07  2.1322222515e-07    0.037841666667    0.021175000000
 2.1112435092e-07 -9.9217393563e-11  9.6190091548e-06      0.0000000000  2.1255680994e-07  2.1321356214e-07    0.037858333333    0.021191666667
 2.1166995429e-07 -7.8687510515e-11  9.6193390281e-06      0.0000000000  2.1280601149e-07  2.1309996822e-07    0.037875000000    0.021208333333
 2.1170558371e-07 -9.3480303632e-11  9.6196790330e-06      0.0000000000  2.1305521304e-07  2.1178888211e-07    0.037891666667    0.021225000000
 2.1187931493e-07 -9.8707657097e-11  9.6200091542e-06      0.0000000000  2.1330441459e-07  2.1252093008e-07    0.037908333333    0.021241666667
 2.1230035030e-07 -8.6805812681e-11  9.6203390380e-06      0.0000000000  2.1355361613e-07  2.1373515084e-07    0.037925000000    0.021258333333
 2.1260893513e-07 -8.2692707921e-11  9.6206790254e-06      0.0000000000  2.1380281768e-07  2.1274272516e-07    0.037941666667    0.021275000000
 2.1291252918e-07 -7.8925282857e-11  9.6210091607e-06      0.0000000000  2.1405201923e-07  2.1309963805e-07    0.037958333333    0.021291666667
 2.1289463506e-07 -9.7456811032e-11  9.6213390270e-06      0.0000000000  2.1430167553e-07  2.1331544292e-07    0.037975000000    0.021308333333
 2.1336338782e-07 -8.2249884529e-11  9.6216790319e-06      0.0000000000  2.1455087707e-07  2.1333047348e-07    0.037991666667    0.021325000000
 2.1318395101e-07 -1.1193895754e-10  9.6220091566e-06      0.0000000000  2.1480007862e-07  2.1406995811e-07    0.038008333333    0.021341666667
 2.1328297632e-07 -1.2234071726e-10  9.6223390299e-06      0.0000000000  2.1504928017e-07  2.1493614910e-07    0.038025000000    0.021358333333
 2.1345759815e-07 -1.2753788110e-10  9.6226790349e-06      0.0000000000  2.1529893647e-07  2.1696841904e-07    0.038041666667    0.021375000000
 2.1334976361e-07 -1.5226751736e-10  9.6230091526e-06      0.0000000000  2.1554813802e-07  2.1570291200e-07    0.038058333333    0.021391666667
 2.1381932247e-07 -1.3700475726e-10  9.6233390329e-06      0.0000000000  2.1579733956e-07  2.1677495562e-07    0.038075000000    0.021408333333
 2.1393291568e-07 -1.4642898844e-10  9.6236790273e-06      0.0000000000  2.1604699586e-07  2.1635089261e-07    0.038091666667    0.021425000000
 2.1432433502e-07 -1.3657845941e-10  9.6240091591e-06      0.0000000000  2.1629619741e-07  2.1640967845e-07    0.038108333333    0.021441666667
 2.1462991160e-07 -1.3267371740e-10  9.6243390324e-06      0.0000000000  2.1654539896e-07  2.1638782439e-07    0.038125000000    0.021458333333
 2.1508959132e-07 -1.1812672074e-10  9.6246790303e-06      0.0000000000  2.1679505525e-07  2.1735289319e-07    0.038141666667    0.021475000000
 2.1550684172e-07 -1.0648703696e-10  9.6250091620e-06      0.0000000000  2.1704425680e-07  2.1708740572e-07    0.038158333333    0.021491666667
 2.1593594026e-07 -9.4026708583e-11  9.6253390283e-06      0.0000000000  2.1729345835e-07  2.1624001865e-07    0.038175000000    0.021508333333
 2.1652977997e-07 -7.0187296123e-11  9.6256790333e-06      0.0000000000  2.1754311464e-07  2.1649341564e-07    0.038191666667    0.021525000000
 2.1675145541e-07 -7.2093855629e-11  9.6260091545e-06      0.0000000000  2.1779231619e-07  2.1678641721e-07    0.038208333333    0.021541666667
 2.1719040733e-07 -5.8982542862e-11  9.6263390313e-06      0.0000000000  2.1804197249e-07  2.1709965343e-07    0.038225000000    0.021558333333
 2.1742740566e-07 -5.9827782978e-11  9.6266790292e-06      0.0000000000  2.1829117404e-07  2.1896564388e-07    0.038241666667    0.021575000000
 2.1750897014e-07 -7.1470441684e-11  9.6270091575e-06      0.0000000000  2.1854083033e-07  2.1798107937e-07    0.038258333333    0.021591666667
 2.1777355903e-07 -7.0436154839e-11  9.6273390343e-06      0.0000000000  2.1879048663e-07  2.1797409865e-07    0.038275000000    0.021608333333
 2.1783133395e-07 -8.3695069487e-11  9.6276790287e-06      0.0000000000  2.1903968818e-07  2.1853276063e-07    0.038291666667    0.021625000000
 2.1786593585e-07 -9.8590529903e-11  9.6280091639e-06      0.0000000000  2.1928934447e-07  2.1854101486e-07    0.038308333333    0.021641666667
 2.1823136622e-07 -9.0540092875e-11  9.6283390267e-06      0.0000000000  2.1953854602e-07  2.2017975457e-07    0.038325000000    0.021658333333
 2.1835191189e-07 -9.9482770893e-11  9.6286790351e-06      0.0000000000  2.1978820232e-07  2.1999245431e-07    0.038341666667    0.021675000000
 2.1847707508e-07 -1.0810562256e-10  9.6290091564e-06      0.0000000000  2.2003785861e-07  2.2105286340e-07    0.038358333333    0.021691666667
 2.1875529174e-07 -1.0609592850e-10  9.6293390297e-06      0.0000000000  2.2028706016e-07  2.2074105791e-07    0.038375000000    0.021708333333
 2.1877283538e-07 -1.2217290691e-10  9.6296790346e-06      0.0000000000  2.2053671645e-07  2.2062150522e-07    0.038391666667    0.021725000000
 2.1905292003e-07 -1.2006532708e-10  9.6300091559e-06      0.0000000000  2.2078637275e-07  2.2112296932e-07    0.038408333333    0.021741666667
 2.1953079962e-07 -1.0422624293e-10  9.6303390361e-06      0.0000000000  2.2103557430e-07  2.2150296261e-07    0.038425000000    0.021758333333
 2.1985425907e-07 -9.9114364356e-11  9.6306790271e-06      0.0000000000  2.2128523059e-07  2.2075692175e-07    0.038441666667    0.021775000000
 2.2006132510e-07 -1.0206432332e-10  9.6310091623e-06      0.0000000000  2.2153488689e-07  2.2169027859e-07    0.038458333333    0.021791666667
 2.2056735714e-07 -8.4306793400e-11  9.6313390286e-06      0.0000000000  2.2178454319e-07  2.2184875980e-07    0.038475000000    0.021808333333
 2.2059494352e-07 -9.9688174464e-11  9.6316790335e-06      0.0000000000  2.2203419948e-07  2.2149596616e-07    0.038491666667    0.021825000000
 2.2112828036e-07 -8.0007916923e-11  9.6320091583e-06      0.0000000000  2.2228340103e-07  2.2155475200e-07    0.038508333333    0.021841666667
 2.2114664613e-07 -9.6027951358e-11  9.6323390316e-06      0.0000000000  2.2253305733e-07  2.2259909285e-07    0.038525000000    0.021858333333
 2.2142890488e-07 -9.3769785540e-11  9.6326790330e-06      0.0000000000  2.2278271362e-07  2.2262816346e-07    0.038541666667    0.021875000000
 2.2161456579e-07 -9.8202341940e-11  9.6330091543e-06      0.0000000000  2.2303236992e-07  2.2220532679e-07    0.038558333333    0.021891666667
 2.2175832062e-07 -1.0553746780e-10  9.6333390345e-06      0.0000000000  2.2328202621e-07  2.2296770316e-07    0.038575000000    0.021908333333
 2.2186805084e-07 -1.1522926346e-10  9.6336790290e-06      0.0000000000  2.2353168251e-07  2.2427772015e-07    0.038591666667    0.021925000000
 2.2200208195e-07 -1.2323789010e-10  9.6340091607e-06      0.0000000000  2.2378133880e-07  2.2490213296e-07    0.038608333333    0.021941666667
 2.2231591868e-07 -1.1879251692e-10  9.6343390340e-06      0.0000000000  2.2403099510e-07  2.2431372431e-07    0.038625000000    0.021958333333
 2.2260101013e-07 -1.1633814702e-10  9.6346790319e-06      0.0000000000  2.2428065139e-07  2.2488471261e-07    0.038641666667    0.021975000000
 2.2294290805e-07 -1.0991765481e-10  9.6350091602e-06      0.0000000000  2.2452985294e-07  2.2436562376e-07    0.038658333333    0.021991666667
 2.2329434060e-07 -1.0286825625e-10  9.6353390300e-06      0.0000000000  2.2477950924e-07  2.2488565595e-07    0.038675000000    0.022008333333
 2.2372440723e-07 -9.0372371416e-11  9.6356790349e-06      0.0000000000  2.2502916553e-07  2.2456270332e-07    0.038691666667    0.022025000000
 2.2409431279e-07 -8.2043463867e-11  9.6360091562e-06      0.0000000000  2.2527882183e-07  2.2628926803e-07    0.038708333333    0.022041666667
 2.2429948233e-07 -8.5124780746e-11  9.6363390329e-06      0.0000000000  2.2552847813e-07  2.2444225446e-07    0.038725000000    0.022058333333
 2.2469710342e-07 -7.4876193312e-11  9.6366790309e-06      0.0000000000  2.2577813442e-07  2.2559739065e-07    0.038741666667    0.022075000000
 2.2492387240e-07 -7.6492950618e-11  9.6370091591e-06      0.0000000000  2.2602824546e-07  2.2625750890e-07    0.038758333333    0.022091666667
 2.2506225170e-07 -8.4200405283e-11  9.6373390324e-06      0.0000000000  2.2627790176e-07  2.2601705140e-07    0.038775000000    0.022108333333
 2.2527472666e-07 -8.6775722149e-11  9.6376790303e-06      0.0000000000  2.2652755806e-07  2.2535903994e-07    0.038791666667    0.022125000000
 2.2561535712e-07 -8.0474515919e-11  9.6380091656e-06      0.0000000000  2.2677721435e-07  2.2567237050e-07    0.038808333333    0.022141666667
 2.2553693322e-07 -1.0319856011e-10  9.6383390284e-06      0.0000000000  2.2702687065e-07  2.2719328698e-07    0.038825000000    0.022158333333
 2.2580914949e-07 -1.0163597313e-10  9.6386790368e-06      0.0000000000  2.2727652694e-07  2.2717473462e-07    0.038841666667    0.022175000000
 2.2590684002e-07 -1.1216168243e-10  9.6390091580e-06      0.0000000000  2.2752618324e-07  2.2734178450e-07    0.038858333333    0.022191666667
 2.2621736149e-07 -1.0794593576e-10  9.6393390313e-06      0.0000000000  2.2777583953e-07  2.2793402941e-07    0.038875000000    0.022208333333
 2.2655858885e-07 -1.0160338640e-10  9.6396790328e-06      0.0000000000  2.2802549583e-07  2.2847412330e-07    0.038891666667    0.022225000000
 2.2656977780e-07 -1.1815201127e-10  9.6400091575e-06      0.0000000000  2.2827560687e-07  2.2849152793e-07    0.038908333333    0.022241666667
 2.2714004124e-07 -9.5945578660e-11  9.6403390343e-06      0.0000000000  2.2852526317e-07  2.2988086414e-07    0.038925000000    0.022258333333
 2.2725028660e-07 -1.0560169412e-10  9.6406790287e-06      0.0000000000  2.2877491946e-07  2.2985698190e-07    0.038941666667    0.022275000000
 2.2752665361e-07 -1.0375161134e-10  9.6410091640e-06      0.0000000000  2.2902457576e-07  2.2882144556e-07    0.038958333333    0.022291666667
 2.2754210651e-07 -1.1997340176e-10  9.6413390303e-06      0.0000000000  2.2927423205e-07  2.2952986285e-07    0.038975000000    0.022308333333
 2.2776462421e-07 -1.2185312128e-10  9.6416790352e-06      0.0000000000  2.2952388835e-07  2.3018350350e-07    0.038991666667    0.022325000000
 2.2798028811e-07 -1.2423905709e-10  9.6420091599e-06      0.0000000000  2.2977399939e-07  2.3035536442e-07    0.039008333333    0.022341666667
 2.2808573908e-07 -1.3422725009e-10  9.6423390332e-06      0.0000000000  2.3002365569e-07  2.3024060704e-07    0.039025000000    0.022358333333
 2.2848748019e-07 -1.2369329508e-10  9.6426790346e-06      0.0000000000  2.3027331198e-07  2.2884270217e-07    0.039041666667    0.022375000000
 2.2890104885e-07 -1.1234012046e-10  9.6430091559e-06      0.0000000000  2.3052296828e-07  2.3087127735e-07    0.039058333333    0.022391666667
 2.2909236537e-07 -1.1641244539e-10  9.6433390362e-06      0.0000000000  2.3077307932e-07  2.2858320491e-07    0.039075000000    0.022408333333
 2.2938724200e-07 -1.1328031824e-10  9.6436790306e-06      0.0000000000  2.3102273562e-07  2.3075345412e-07    0.039091666667    0.022425000000
 2.2976836513e-07 -1.0417444103e-10  9.6440091624e-06      0.0000000000  2.3127239191e-07  2.3138347981e-07    0.039108333333    0.022441666667
 2.3008972163e-07 -9.9239717725e-11  9.6443390322e-06      0.0000000000  2.3152250296e-07  2.3124884940e-07    0.039125000000    0.022458333333
 2.3009722280e-07 -1.1601227497e-10  9.6446790336e-06      0.0000000000  2.3177215925e-07  2.3058365283e-07    0.039141666667    0.022475000000
 2.3068575004e-07 -9.2540823820e-11  9.6450091618e-06      0.0000000000  2.3202181555e-07  2.3081412664e-07    0.039158333333    0.022491666667
 2.3077941994e-07 -1.0334501633e-10  9.6453390316e-06      0.0000000000  2.3227147184e-07  2.3408151232e-07    0.039175000000    0.022508333333
 2.3132762106e-07 -8.2698198692e-11  9.6456790365e-06      0.0000000000  2.3252158289e-07  2.3298447018e-07    0.039191666667    0.022525000000
 2.3117960360e-07 -1.1024254907e-10  9.6460091578e-06      0.0000000000  2.3277123918e-07  2.3363795361e-07    0.039208333333    0.022541666667
 2.3175308583e-07 -8.7813170729e-11  9.6463390346e-06      0.0000000000  2.3302089548e-07  2.3473590764e-07    0.039225000000    0.022558333333
 2.3193897741e-07 -9.2261248130e-11  9.6466790290e-06      0.0000000000  2.3327100652e-07  2.3372332593e-07    0.039241666667    0.022575000000
 2.3229261184e-07 -8.5059338929e-11  9.6470091608e-06      0.0000000000  2.3352066282e-07  2.3208442899e-07    0.039258333333    0.022591666667
 2.3231809119e-07 -1.0058666089e-10  9.6473390340e-06      0.0000000000  2.3377031911e-07  2.3182598513e-07    0.039275000000    0.022608333333
 2.3275891269e-07 -8.7377351313e-11  9.6476790320e-06      0.0000000000  2.3402043016e-07  2.3404893563e-07    0.039291666667    0.022625000000
 2.3284009082e-07 -9.9046770169e-11  9.6480091672e-06      0.0000000000  2.3427008645e-07  2.3388925952e-07    0.039308333333    0.022641666667
 2.3320259994e-07 -9.1261665253e-11  9.6483390300e-06      0.0000000000  2.3452019749e-07  2.3237213213e-07    0.039325000000    0.022658333333
 2.3357756040e-07 -8.2582636489e-11  9.6486790349e-06      0.0000000000  2.3476985379e-07  2.3581090706e-07    0.039341666667    0.022675000000
 2.3332518922e-07 -1.1735491076e-10  9.6490091597e-06      0.0000000000  2.3501951009e-07  2.3462871272e-07    0.039358333333    0.022691666667
 2.3367928115e-07 -1.1015281069e-10  9.6493390330e-06      0.0000000000  2.3526962113e-07  2.3364432116e-07    0.039375000000    0.022708333333
 2.3380780956e-07 -1.1854257515e-10  9.6496790344e-06      0.0000000000  2.3551927742e-07  2.3500873745e-07    0.039391666667    0.022725000000
 2.3379414527e-07 -1.3678112965e-10  9.6500091592e-06      0.0000000000  2.3576893372e-07  2.3619895019e-07    0.039408333333    0.022741666667
 2.3416651998e-07 -1.2831269709e-10  9.6503390359e-06      0.0000000000  2.3601904476e-07  2.3507640641e-07    0.039425000000    0.022758333333
 2.3417015843e-07 -1.4535280031e-10  9.6506790304e-06      0.0000000000  2.3626870106e-07  2.3636949043e-07    0.039441666667    0.022775000000
 2.3463975459e-07 -1.3015045176e-10  9.6510091656e-06      0.0000000000  2.3651881210e-07  2.3929733641e-07    0.039458333333    0.022791666667
 2.3498877311e-07 -1.2326825788e-10  9.6513390284e-06      0.0000000000  2.3676846840e-07  2.3746739730e-07    0.039475000000    0.022808333333
 2.3514897434e-07 -1.2946424524e-10  9.6516790368e-06      0.0000000000  2.3701812469e-07  2.3670553977e-07    0.039491666667    0.022825000000
 2.3534236424e-07 -1.3339296106e-10  9.6520091616e-06      0.0000000000  2.3726823574e-07  2.3859819531e-07    0.039508333333    0.022841666667
 2.3576544741e-07 -1.2138077611e-10  9.6523390314e-06      0.0000000000  2.3751789203e-07  2.3769249407e-07    0.039525000000    0.022858333333
 2.3621116137e-07 -1.0783259716e-10  9.6526790363e-06      0.0000000000  2.3776800307e-07  2.3760457473e-07    0.039541666667    0.022875000000
 2.3671200839e-07 -9.0434201039e-11  9.6530091575e-06      0.0000000000  2.3801765937e-07  2.3796447487e-07    0.039558333333    0.022891666667
 2.3683561717e-07 -9.9196214478e-11  9.6533390378e-06      0.0000000000  2.3826777041e-07  2.3961017958e-07    0.039575000000    0.022908333333
 2.3734576790e-07 -8.1153409515e-11  9.6536790288e-06      0.0000000000  2.3851742671e-07  2.3785786166e-07    0.039591666667    0.022925000000
 2.3721078674e-07 -1.0779481765e-10  9.6540091640e-06      0.0000000000  2.3876708300e-07  2.3662796573e-07    0.039608333333    0.022941666667
 2.3784533374e-07 -8.1167365588e-11  9.6543390338e-06      0.0000000000  2.3901719405e-07  2.3846133232e-07    0.039625000000    0.022958333333
 2.3788991533e-07 -9.5371596156e-11  9.6546790352e-06      0.0000000000  2.3926685034e-07  2.3828099706e-07    0.039641666667    0.022975000000
 2.3817021327e-07 -9.3280740240e-11  9.6550091635e-06      0.0000000000  2.3951696139e-07  2.3821409849e-07    0.039658333333    0.022991666667
 2.3828544941e-07 -1.0259117600e-10  9.6553390333e-06      0.0000000000  2.3976661768e-07  2.4067467647e-07    0.039675000000    0.023008333333
 2.3873070880e-07 -8.9042984356e-11  9.6556790382e-06      0.0000000000  2.4001627398e-07  2.4089106306e-07    0.039691666667    0.023025000000
 2.3890948519e-07 -9.3983885266e-11  9.6560091594e-06      0.0000000000  2.4026638502e-07  2.4088350062e-07    0.039708333333    0.023041666667
 2.3897663229e-07 -1.0662514542e-10  9.6563390362e-06      0.0000000000  2.4051604132e-07  2.3992259824e-07    0.039725000000    0.023058333333
 2.3919805941e-07 -1.0861189973e-10  9.6566790307e-06      0.0000000000  2.4076615236e-07  2.4111450899e-07    0.039741666667    0.023075000000
 2.3956312061e-07 -1.0061853041e-10  9.6570091624e-06      0.0000000000  2.4101580865e-07  2.4009089019e-07    0.039758333333    0.023091666667
 2.3984182799e-07 -9.8637842666e-11  9.6573390357e-06      0.0000000000  2.4126591970e-07  2.4092709867e-07    0.039775000000    0.023108333333
 2.4024588668e-07 -8.7943363772e-11  9.6576790336e-06      0.0000000000  2.4151557599e-07  2.4217097176e-07    0.039791666667    0.023125000000
 2.4029144857e-07 -1.0207969462e-10  9.6580091688e-06      0.0000000000  2.4176523229e-07  2.4220787210e-07    0.039808333333    0.023141666667
 2.4045112433e-07 -1.0834357589e-10  9.6583390282e-06      0.0000000000  2.4201534333e-07  2.4093593463e-07    0.039825000000    0.023158333333
 2.4071844761e-07 -1.0711989529e-10  9.6586790366e-06      0.0000000000  2.4226499963e-07  2.4109334672e-07    0.039841666667    0.023175000000
 2.4107495090e-07 -9.9750775609e-11  9.6590091613e-06      0.0000000000  2.4251511067e-07  2.4005726010e-07    0.039858333333    0.023191666667
 2.4133054336e-07 -9.9339615326e-11  9.6593390346e-06      0.0000000000  2.4276476697e-07  2.4175580760e-07    0.039875000000    0.023208333333
 2.4151057251e-07 -1.0416224810e-10  9.6596790360e-06      0.0000000000  2.4301442326e-07  2.4212179228e-07    0.039891666667    0.023225000000
 2.4200027019e-07 -8.7567594492e-11  9.6600091608e-06      0.0000000000  2.4326453430e-07  2.4447143341e-07    0.039908333333    0.023241666667
 2.4200473077e-07 -1.0455075374e-10  9.6603390376e-06      0.0000000000  2.4351419060e-07  2.4414659410e-07    0.039925000000    0.023258333333
 2.4245230774e-07 -9.0842038209e-11  9.6606790285e-06      0.0000000000  2.4376384690e-07  2.4304886018e-07    0.039941666667    0.023275000000
 2.4273981571e-07 -8.8251789038e-11  9.6610091672e-06      0.0000000000  2.4401395794e-07  2.4442281993e-07    0.039958333333    0.023291666667
 2.4276028985e-07 -1.0412579004e-10  9.6613390301e-06      0.0000000000  2.4426361423e-07  2.4460229046e-07    0.039975000000    0.023308333333
 2.4322248414e-07 -8.9436122291e-11  9.6616790385e-06      0.0000000000  2.4451372528e-07  2.4473245573e-07    0.039991666667    0.023325000000
 2.4326212358e-07 -1.0398266440e-10  9.6620091632e-06      0.0000000000  2.4476338157e-07  2.4436958408e-07    0.040008333333    0.023341666667
 2.4382717260e-07 -8.2137401290e-11  9.6623390330e-06      0.0000000000  2.4501303787e-07  2.4585756226e-07    0.040025000000    0.023358333333
 2.4397289320e-07 -8.9367868057e-11  9.6626790379e-06      0.0000000000  2.4526314891e-07  2.4628058759e-07    0.040041666667    0.023375000000
 2.4423121871e-07 -8.8767406548e-11  9.6630091592e-06      0.0000000000  2.4551280521e-07  2.4360593420e-07    0.040058333333    0.023391666667
 2.4455260345e-07 -8.3799229612e-11  9.6633390395e-06      0.0000000000  2.4576246150e-07  2.4666240467e-07    0.040075000000    0.023408333333
 2.4467701184e-07 -9.2474361650e-11  9.6636790304e-06      0.0000000000  2.4601211780e-07  2.4604479963e-07    0.040091666667    0.023425000000
 2.4489388289e-07 -9.4776685867e-11  9.6640091656e-06      0.0000000000  2.4626222884e-07  2.4544337288e-07    0.040108333333    0.023441666667
 2.4516859495e-07 -9.3041231277e-11  9.6643390354e-06      0.0000000000  2.4651188514e-07  2.4479061268e-07    0.040125000000    0.023458333333
 2.4496751691e-07 -1.2426075328e-10  9.6646790369e-06      0.0000000000  2.4676154143e-07  2.4686467260e-07    0.040141666667    0.023475000000
 2.4547145777e-07 -1.0667956435e-10  9.6650091651e-06      0.0000000000  2.4701165248e-07  2.4669766988e-07    0.040158333333    0.023491666667
 2.4561592065e-07 -1.1396564844e-10  9.6653390314e-06      0.0000000000  2.4726130877e-07  2.4719540779e-07    0.040175000000    0.023508333333
 2.4602564449e-07 -1.0287877988e-10  9.6656790398e-06      0.0000000000  2.4751096507e-07  2.4809970974e-07    0.040191666667    0.023525000000
 2.4621766230e-07 -1.0687103373e-10  9.6660091576e-06      0.0000000000  2.4776062136e-07  2.4898459459e-07    0.040208333333    0.023541666667
 2.4626693283e-07 -1.2078198871e-10  9.6663390379e-06      0.0000000000  2.4801073241e-07  2.4488111048e-07    0.040225000000    0.023558333333
 2.4673253500e-07 -1.0582478079e-10  9.6666790323e-06      0.0000000000  2.4826038870e-07  2.4820871273e-07    0.040241666667    0.023575000000
 2.4674024377e-07 -1.2258295861e-10  9.6670091640e-06      0.0000000000  2.4851004500e-07  2.5027711261e-07    0.040258333333    0.023591666667
 2.4690229741e-07 -1.2865064160e-10  9.6673390373e-06      0.0000000000  2.4875970129e-07  2.5017194587e-07    0.040275000000    0.023608333333
 2.4723348229e-07 -1.2300367107e-10  9.6676790318e-06      0.0000000000  2.4900935759e-07  2.5052824558e-07    0.040291666667    0.023625000000
 2.4743683424e-07 -1.2624237846e-10  9.6680091705e-06      0.0000000000  2.4925946863e-07  2.4991832877e-07    0.040308333333    0.023641666667
 2.4793621949e-07 -1.0894523045e-10  9.6683390298e-06      0.0000000000  2.4950912493e-07  2.4927393285e-07    0.040325000000    0.023658333333
 2.4836963370e-07 -9.6217479835e-11  9.6686790382e-06      0.0000000000  2.4975878122e-07  2.4805648902e-07    0.040341666667    0.023675000000
 2.4868564024e-07 -9.1621816771e-11  9.6690091630e-06      0.0000000000  2.5000843752e-07  2.5066133521e-07    0.040358333333    0.023691666667
 2.4891226326e-07 -9.3217186569e-11  9.6693390363e-06      0.0000000000  2.5025809381e-07  2.5194872774e-07    0.040375000000    0.023708333333
 2.4932456198e-07 -8.1951972527e-11  9.6696790377e-06      0.0000000000  2.5050775011e-07  2.5023709925e-07    0.040391666667    0.023725000000
 2.4932924513e-07 -9.8919716006e-11  9.6700091624e-06      0.0000000000  2.5075740641e-07  2.5057344731e-07    0.040408333333    0.023741666667
 2.4987259940e-07 -7.8577111187e-11  9.6703390392e-06      0.0000000000  2.5100706270e-07  2.5076579445e-07    0.040425000000    0.023758333333
 2.5011957990e-07 -7.8762446861e-11  9.6706790302e-06      0.0000000000  2.5125671900e-07  2.5052217676e-07    0.040441666667    0.023775000000
 2.5020623001e-07 -9.0052856124e-11  9.6710091689e-06      0.0000000000  2.5150637529e-07  2.5071554584e-07    0.040458333333    0.023791666667
 2.5058592751e-07 -8.1077220638e-11  9.6713390317e-06      0.0000000000  2.5175648634e-07  2.5193036405e-07    0.040475000000    0.023808333333
 2.5064441455e-07 -9.4318307885e-11  9.6716790366e-06      0.0000000000  2.5200614263e-07  2.5325242435e-07    0.040491666667    0.023825000000
 2.5122840336e-07 -7.1161205222e-11  9.6720091649e-06      0.0000000000  2.5225579893e-07  2.5285749484e-07    0.040508333333    0.023841666667
 2.5106530474e-07 -9.9718634797e-11  9.6723390312e-06      0.0000000000  2.5250500047e-07  2.5415908465e-07    0.040525000000    0.023858333333
 2.5141837728e-07 -9.2555644403e-11  9.6726790396e-06      0.0000000000  2.5275465677e-07  2.5336575099e-07    0.040541666667    0.023875000000
 2.5178017160e-07 -8.4788551952e-11  9.6730091608e-06      0.0000000000  2.5300431307e-07  2.5297431184e-07    0.040558333333    0.023891666667
 2.5188349789e-07 -9.4923907274e-11  9.6733390411e-06      0.0000000000  2.5325396936e-07  2.5151164663e-07    0.040575000000    0.023908333333
 2.5228137655e-07 -8.4657479741e-11  9.6736790321e-06      0.0000000000  2.5350362566e-07  2.5387155446e-07    0.040591666667    0.023925000000
 2.5249737463e-07 -8.6988772168e-11  9.6740091673e-06      0.0000000000  2.5375328195e-07  2.5327704553e-07    0.040608333333    0.023941666667
 2.5279207545e-07 -8.3868822186e-11  9.6743390336e-06      0.0000000000  2.5400293825e-07  2.5258207085e-07    0.040625000000    0.023958333333
 2.5300764042e-07 -8.6230113371e-11  9.6746790350e-06      0.0000000000  2.5425259454e-07  2.5542753176e-07    0.040641666667    0.023975000000
 2.5313112995e-07 -9.4968888670e-11  9.6750091667e-06      0.0000000000  2.5450225084e-07  2.5579195993e-07    0.040658333333    0.023991666667
 2.5313265754e-07 -1.1212369992e-10  9.6753390331e-06      0.0000000000  2.5475145239e-07  2.5393666067e-07    0.040675000000    0.024008333333
 2.5350787557e-07 -1.0342683105e-10  9.6756790415e-06      0.0000000000  2.5500110868e-07  2.5363222896e-07    0.040691666667    0.024025000000
 2.5368289818e-07 -1.0859623540e-10  9.6760091592e-06      0.0000000000  2.5525076498e-07  2.5361818891e-07    0.040708333333    0.024041666667
 2.5421376335e-07 -8.9118671859e-11  9.6763390360e-06      0.0000000000  2.5550042127e-07  2.5590775498e-07    0.040725000000    0.024058333333
 2.5425480036e-07 -1.0353691541e-10  9.6766790339e-06      0.0000000000  2.5574962282e-07  2.5520238782e-07    0.040741666667    0.024075000000
 2.5468802006e-07 -9.0822637397e-11  9.6770091657e-06      0.0000000000  2.5599927912e-07  2.5588630970e-07    0.040758333333    0.024091666667
 2.5485279366e-07 -9.6701925969e-11  9.6773390390e-06      0.0000000000  2.5624893541e-07  2.5859915266e-07    0.040775000000    0.024108333333
 2.5520154918e-07 -8.9806450350e-11  9.6776790334e-06      0.0000000000  2.5649813696e-07  2.5697739308e-07    0.040791666667    0.024125000000
 2.5545155397e-07 -8.9782312899e-11  9.6780091686e-06      0.0000000000  2.5674779326e-07  2.5757598980e-07    0.040808333333    0.024141666667
 2.5583173045e-07 -8.0742003605e-11  9.6783390315e-06      0.0000000000  2.5699744955e-07  2.5760881806e-07    0.040825000000    0.024158333333
 2.5593328121e-07 -9.0968841513e-11  9.6786790364e-06      0.0000000000  2.5724665110e-07  2.5735377022e-07    0.040841666667    0.024175000000
 2.5632124431e-07 -8.1389202309e-11  9.6790091646e-06      0.0000000000  2.5749630740e-07  2.5735268538e-07    0.040858333333    0.024191666667
 2.5652463965e-07 -8.4561909242e-11  9.6793390344e-06      0.0000000000  2.5774550895e-07  2.5798967607e-07    0.040875000000    0.024208333333
 2.5663462771e-07 -9.4235846295e-11  9.6796790358e-06      0.0000000000  2.5799516524e-07  2.5937319500e-07    0.040891666667    0.024225000000
 2.5696558166e-07 -8.8573373269e-11  9.6800091641e-06      0.0000000000  2.5824436679e-07  2.5638250682e-07    0.040908333333    0.024241666667
 2.5748246095e-07 -7.0064523454e-11  9.6803390409e-06      0.0000000000  2.5849402309e-07  2.5651029801e-07    0.040925000000    0.024258333333
 2.5757551411e-07 -8.0879936611e-11  9.6806790318e-06      0.0000000000  2.5874322463e-07  2.5824742815e-07    0.040941666667    0.024275000000
 2.5816441167e-07 -5.7382835694e-11  9.6810091705e-06      0.0000000000  2.5899288093e-07  2.5808534652e-07    0.040958333333    0.024291666667
 2.5793975327e-07 -9.0204123184e-11  9.6813390333e-06      0.0000000000  2.5924208248e-07  2.5846642465e-07    0.040975000000    0.024308333333
 2.5832146946e-07 -8.1025669960e-11  9.6816790383e-06      0.0000000000  2.5949128403e-07  2.6099952979e-07    0.040991666667    0.024325000000
 2.5853186678e-07 -8.3744892030e-11  9.6820091665e-06      0.0000000000  2.5974094032e-07  2.5982172198e-07    0.041008333333    0.024341666667
 2.5873205935e-07 -8.7139434314e-11  9.6823390328e-06      0.0000000000  2.5999014187e-07  2.6078573738e-07    0.041025000000    0.024358333333
 2.5892193425e-07 -9.1248616950e-11  9.6826790412e-06      0.0000000000  2.6023934342e-07  2.5934602680e-07    0.041041666667    0.024375000000
 2.5877821013e-07 -1.1846409718e-10  9.6830091625e-06      0.0000000000  2.6048854497e-07  2.6078040751e-07    0.041058333333    0.024391666667
 2.5920222685e-07 -1.0638725112e-10  9.6833390393e-06      0.0000000000  2.6073820126e-07  2.6103910293e-07    0.041075000000    0.024408333333
 2.5924352143e-07 -1.2078765457e-10  9.6836790302e-06      0.0000000000  2.6098740281e-07  2.6235490573e-07    0.041091666667    0.024425000000
 2.5966495625e-07 -1.0885814320e-10  9.6840091689e-06      0.0000000000  2.6123660436e-07  2.6306068167e-07    0.041108333333    0.024441666667
 2.5995236253e-07 -1.0621194250e-10  9.6843390352e-06      0.0000000000  2.6148580591e-07  2.6233283157e-07    0.041125000000    0.024458333333
 2.6033304872e-07 -9.7104831175e-11  9.6846790367e-06      0.0000000000  2.6173500746e-07  2.6059928613e-07    0.041141666667    0.024475000000
 2.6043059062e-07 -1.0760933802e-10  9.6850091684e-06      0.0000000000  2.6198420900e-07  2.6287281540e-07    0.041158333333    0.024491666667
 2.6080395536e-07 -9.9009337088e-11  9.6853390347e-06      0.0000000000  2.6223341055e-07  2.6229498789e-07    0.041175000000    0.024508333333
 2.6109992230e-07 -9.5770193656e-11  9.6856790396e-06      0.0000000000  2.6248261210e-07  2.6168901738e-07    0.041191666667    0.024525000000
 2.6117980904e-07 -1.0749756163e-10  9.6860091609e-06      0.0000000000  2.6273181365e-07  2.6185135056e-07    0.041208333333    0.024541666667
 2.6175932266e-07 -8.4618929490e-11  9.6863390377e-06      0.0000000000  2.6298101520e-07  2.6402243306e-07    0.041225000000    0.024558333333
 2.6198344580e-07 -8.6355952528e-11  9.6866790356e-06      0.0000000000  2.6323021675e-07  2.6315691812e-07    0.041241666667    0.024575000000
 2.6246883841e-07 -6.9996488945e-11  9.6870091673e-06      0.0000000000  2.6347941829e-07  2.6251771059e-07    0.041258333333    0.024591666667
 2.6258780031e-07 -7.8985870043e-11  9.6873390406e-06      0.0000000000  2.6372816509e-07  2.6332063487e-07    0.041275000000    0.024608333333
 2.6265999555e-07 -9.1245979676e-11  9.6876790351e-06      0.0000000000  2.6397736664e-07  2.6484574922e-07    0.041291666667    0.024625000000
 2.6298258068e-07 -8.6163161847e-11  9.6880091703e-06      0.0000000000  2.6422656819e-07  2.6325228985e-07    0.041308333333    0.024641666667
 2.6283477155e-07 -1.1366158532e-10  9.6883390331e-06      0.0000000000  2.6447576974e-07  2.6351412974e-07    0.041325000000    0.024658333333
 2.6324204113e-07 -1.0268171346e-10  9.6886790380e-06      0.0000000000  2.6472451654e-07  2.6480078332e-07    0.041341666667    0.024675000000
 2.6358360105e-07 -9.6284631750e-11  9.6890091663e-06      0.0000000000  2.6497371809e-07  2.6503523489e-07    0.041358333333    0.024691666667
 2.6377146182e-07 -1.0050182312e-10  9.6893390360e-06      0.0000000000  2.6522246489e-07  2.6622914238e-07    0.041375000000    0.024708333333
 2.6384829194e-07 -1.1244090349e-10  9.6896790410e-06      0.0000000000  2.6547166644e-07  2.6641460312e-07    0.041391666667    0.024725000000
 2.6425685157e-07 -1.0140317503e-10  9.6900091657e-06      0.0000000000  2.6572086799e-07  2.6560152220e-07    0.041408333333    0.024741666667
 2.6431462400e-07 -1.1463076428e-10  9.6903390390e-06      0.0000000000  2.6596961479e-07  2.6603648080e-07    0.041425000000    0.024758333333
 2.6476026184e-07 -1.0099336524e-10  9.6906790334e-06      0.0000000000  2.6621836159e-07  2.6672950591e-07    0.041441666667    0.024775000000
 2.6452827771e-07 -1.3432205922e-10  9.6910091722e-06      0.0000000000  2.6646756314e-07  2.6674612443e-07    0.041458333333    0.024791666667
 2.6490368261e-07 -1.2554925200e-10  9.6913390350e-06      0.0000000000  2.6671630994e-07  2.6725978907e-07    0.041475000000    0.024808333333
 2.6485047276e-07 -1.4649538059e-10  9.6916790364e-06      0.0000000000  2.6696551149e-07  2.6689575396e-07    0.041491666667    0.024825000000
 2.6525716148e-07 -1.3555574148e-10  9.6920091681e-06      0.0000000000  2.6721425829e-07  2.6681256705e-07    0.041508333333    0.024841666667
 2.6548604580e-07 -1.3693148980e-10  9.6923390344e-06      0.0000000000  2.6746300509e-07  2.6747279536e-07    0.041525000000    0.024858333333
 2.6590181324e-07 -1.2536302418e-10  9.6926790394e-06      0.0000000000  2.6771175189e-07  2.6685802034e-07    0.041541666667    0.024875000000
 2.6642116038e-07 -1.0662024749e-10  9.6930091641e-06      0.0000000000  2.6796049869e-07  2.6856744770e-07    0.041558333333    0.024891666667
 2.6680853925e-07 -9.7018079193e-11  9.6933390409e-06      0.0000000000  2.6820924549e-07  2.6851144472e-07    0.041575000000    0.024908333333
 2.6727966989e-07 -8.1614954411e-11  9.6936790353e-06      0.0000000000  2.6845799229e-07  2.6875855277e-07    0.041591666667    0.024925000000
 2.6765346641e-07 -7.2985047249e-11  9.6940091706e-06      0.0000000000  2.6870719384e-07  2.6921127761e-07    0.041608333333    0.024941666667
 2.6800665734e-07 -6.5719364158e-11  9.6943390369e-06      0.0000000000  2.6895548589e-07  2.6869965688e-07    0.041625000000    0.024958333333
 2.6823753621e-07 -6.6956962736e-11  9.6946790383e-06      0.0000000000  2.6920423269e-07  2.6903298625e-07    0.041641666667    0.024975000000
 2.6852097656e-07 -6.4553959506e-11  9.6950091700e-06      0.0000000000  2.6945297949e-07  2.6948976745e-07    0.041658333333    0.024991666667
