# TEXT EXPORT
# data-description.comment: 
# data-description.name: 
# data-description.probe: 
# data-description.user-name: Yazhini
# data-description.instrument: JPK01814-H-21-02-0019
# data-description.source-software: 8.0.163
# data-description.modification-software: 8.1.62
# index: 3286
# xPosition: 8.553183925460241E-6
# yPosition: -1.698332459159662E-5
# quantitative-imaging-settings.type: simple-quantitative-imaging-settings
# quantitative-imaging-settings.relative-setpoint: 0.30087220298747946
# quantitative-imaging-settings.control-settings.control-settings-type: quantitative-imaging-control-settings
# quantitative-imaging-settings.control-settings.next-line-motion-time: 0.05
# quantitative-imaging-settings.control-settings.next-line-additional-delay: 0.01
# quantitative-imaging-settings.control-settings.max-retries-per-position: 5
# quantitative-imaging-settings.control-settings.max-bad-adjecent-pixels: 0
# quantitative-imaging-settings.control-settings.max-pixel-replays: 1
# quantitative-imaging-settings.control-settings.pixelwise-retract-if-required: true
# quantitative-imaging-settings.control-settings.no-data-extend-fraction: 0.2
# quantitative-imaging-settings.control-settings.overscan-delay-factor: 3.4
# quantitative-imaging-settings.control-settings.overscan-distance-factor: 0.383
# quantitative-imaging-settings.control-settings.line-clock.active: false
# quantitative-imaging-settings.control-settings.line-clock.name: pulse-2
# quantitative-imaging-settings.control-settings.frame-clock.active: false
# quantitative-imaging-settings.control-settings.frame-clock.name: pulse-3
# quantitative-imaging-settings.control-settings.closed-loop: false
# quantitative-imaging-settings.control-settings.start-option.type: smooth-xyz-motion
# quantitative-imaging-settings.control-settings.start-option.additional-retract: 3.0E-9
# quantitative-imaging-settings.control-settings.start-option.start-time: 0.004687500000000001
# quantitative-imaging-settings.control-settings.start-option.motion-time: 0.004687500000000001
# quantitative-imaging-settings.control-settings.pixel-clock.active: false
# quantitative-imaging-settings.control-settings.pixel-clock.name: pixel-clock
# quantitative-imaging-settings.control-settings.ttl-outputs.pins.list: 
# quantitative-imaging-settings.control-settings.baseline-adjust-settings.enabled: true
# quantitative-imaging-settings.control-settings.baseline-adjust-settings.interval: 1
# quantitative-imaging-settings.control-settings.averager.type: instrumentdefault
# quantitative-imaging-settings.control-settings.averager.value: NaN
# quantitative-imaging-settings.extend.type: z-extend-force
# quantitative-imaging-settings.extend.identifier.type: standard
# quantitative-imaging-settings.extend.identifier.name: extend-spm
# quantitative-imaging-settings.extend.style: extend
# quantitative-imaging-settings.extend.duration: 0.025000000000000005
# quantitative-imaging-settings.extend.num-points: 1500
# quantitative-imaging-settings.extend.z-start: 5.000000000000001E-7
# quantitative-imaging-settings.extend.z-end: 0.0
# quantitative-imaging-settings.extend.setpoint: 0.30087220298747946
# quantitative-imaging-settings.retract.type: z-retract-height
# quantitative-imaging-settings.retract.identifier.type: standard
# quantitative-imaging-settings.retract.identifier.name: retract-spm
# quantitative-imaging-settings.retract.style: retract
# quantitative-imaging-settings.retract.duration: 0.012500000000000002
# quantitative-imaging-settings.retract.num-points: 1500
# quantitative-imaging-settings.retract.z-start: 5.000000000000001E-7
# quantitative-imaging-settings.retract.z-end: 0.0
# quantitative-imaging-settings.retract.setpoint: 0.15000000000000002
# quantitative-imaging-settings.data-description.comment: 
# quantitative-imaging-settings.data-description.name: 
# quantitative-imaging-settings.data-description.probe: 
# quantitative-imaging-settings.data-description.user-name: afm_csec
# quantitative-imaging-settings.data-description.instrument: JPK01814-H-21-02-0019
# quantitative-imaging-settings.data-description.source-software: 8.0.163
# quantitative-imaging-settings.data-description.modification-software: 
# feedbackMode: contact
# date: Wed Oct 02 12:36:57 BST 2024
# segmentIndex: 0
# segment: extend
# columns: verticalTipPosition vDeflection height error smoothedMeasuredHeight measuredHeight seriesTime time
# fancyNames: "Vertical Tip Position" "Vertical Deflection" "Height" "Error Signal" "Height (measured & smoothed)" "Height (measured)" "Series Time" "Segment Time"
# heightMultiplier: 0.788494
# heightOffset: 0.0
# sensitivity: 4.798575435590727E-8
# springConstant: 0.06926368726396598
# calibrationSlots: nominal force nominal volts nominal nominal elapsed elapsed
# units: m N m V m m s s
#
 2.8145817550e-07  7.1154089099e-12  9.5284766656e-06      0.0000000000  2.8135544622e-07  2.7934551422e-07  8.3333333333e-06  8.3333333333e-06
 2.8125341738e-07  8.2408808305e-12  9.5281692523e-06      0.0000000000  2.8113443901e-07  2.7978437196e-07  2.5000000000e-05  2.5000000000e-05
 2.8098027553e-07  4.6298432255e-12  9.5278709928e-06      0.0000000000  2.8091343180e-07  2.8059066083e-07  4.1666666667e-05  4.1666666667e-05
 2.8062714022e-07 -4.4903384235e-12  9.5275724958e-06      0.0000000000  2.8069196984e-07  2.7961535678e-07  5.8333333333e-05  5.8333333333e-05
 2.8023363081e-07 -1.6438476682e-11  9.5272634550e-06      0.0000000000  2.8047096262e-07  2.7968437786e-07  7.5000000000e-05  7.5000000000e-05
 2.8025336319e-07  2.6753275970e-13  9.5269620208e-06      0.0000000000  2.8024950066e-07  2.7937629857e-07  9.1666666667e-05  9.1666666667e-05
 2.7999135266e-07 -2.5410102895e-12  9.5266603491e-06      0.0000000000  2.8002803870e-07  2.8034165037e-07  0.00010833333333  0.00010833333333
 2.7961438218e-07 -1.3312104425e-11  9.5263496564e-06      0.0000000000  2.7980657674e-07  2.8207219284e-07  0.00012500000000  0.00012500000000
 2.7947510514e-07 -7.6196732882e-12  9.5260478031e-06      0.0000000000  2.7958511478e-07  2.8045724103e-07  0.00014166666667  0.00014166666667
 2.7908987832e-07 -1.8962631458e-11  9.5257434807e-06      0.0000000000  2.7936365282e-07  2.7990554405e-07  0.00015833333333  0.00015833333333
 2.7905261587e-07 -6.1727968855e-12  9.5254297425e-06      0.0000000000  2.7914173612e-07  2.7951459229e-07  0.00017500000000  0.00017500000000
 2.7854436065e-07 -2.6005657791e-11  9.5251253572e-06      0.0000000000  2.7891981941e-07  2.8027300663e-07  0.00019166666667  0.00019166666667
 2.7849624020e-07 -1.3999385802e-11  9.5248207204e-06      0.0000000000  2.7869835745e-07  2.7780345119e-07  0.00020833333333  0.00020833333333
 2.7825529100e-07 -1.5317646624e-11  9.5245052885e-06      0.0000000000  2.7847644074e-07  2.7908982178e-07  0.00022500000000  0.00022500000000
 2.7796683255e-07 -1.9926573104e-11  9.5241980428e-06      0.0000000000  2.7825452403e-07  2.7789094603e-07  0.00024166666667  0.00024166666667
 2.7797192932e-07 -4.2027823421e-12  9.5238905632e-06      0.0000000000  2.7803260733e-07  2.7749202304e-07  0.00025833333333  0.00025833333333
 2.7757164347e-07 -1.6525789286e-11  9.5235738844e-06      0.0000000000  2.7781023587e-07  2.7663561135e-07  0.00027500000000  0.00027500000000
 2.7760863912e-07  1.4074349337e-12  9.5232661323e-06      0.0000000000  2.7758831917e-07  2.7759583766e-07  0.00029166666667  0.00029166666667
 2.7723529450e-07 -9.0495234636e-12  9.5229561696e-06      0.0000000000  2.7736594771e-07  2.7762221975e-07  0.00030833333333  0.00030833333333
 2.7730057779e-07  1.0874505123e-11  9.5226367632e-06      0.0000000000  2.7714357626e-07  2.7747166261e-07  0.00032500000000  0.00032500000000
 2.7695349894e-07  2.2368112759e-12  9.5223268563e-06      0.0000000000  2.7692120480e-07  2.7837412504e-07  0.00034166666667  0.00034166666667
 2.7682729469e-07  8.8977063810e-12  9.5220166944e-06      0.0000000000  2.7669883335e-07  2.7708248747e-07  0.00035833333333  0.00035833333333
 2.7662760531e-07  1.0468750645e-11  9.5216955907e-06      0.0000000000  2.7647646189e-07  2.7674978699e-07  0.00037500000000  0.00037500000000
 2.7633556824e-07  5.6434528465e-12  9.5213831937e-06      0.0000000000  2.7625409044e-07  2.7594514897e-07  0.00039166666667  0.00039166666667
 2.7599653071e-07 -2.4057721255e-12  9.5210705347e-06      0.0000000000  2.7603126424e-07  2.7554839567e-07  0.00040833333333  0.00040833333333
 2.7589732680e-07  6.1567638598e-12  9.5207485509e-06      0.0000000000  2.7580843803e-07  2.7451851937e-07  0.00042500000000  0.00042500000000
 2.7554846155e-07 -2.6046632949e-12  9.5204355602e-06      0.0000000000  2.7558606658e-07  2.7512362515e-07  0.00044166666667  0.00044166666667
 2.7514264955e-07 -1.5278934180e-11  9.5201206940e-06      0.0000000000  2.7536324038e-07  2.7507589212e-07  0.00045833333333  0.00045833333333
 2.7496722426e-07 -1.1995772339e-11  9.5197963178e-06      0.0000000000  2.7514041418e-07  2.7512543322e-07  0.00047500000000  0.00047500000000
 2.7494676325e-07  2.0522844404e-12  9.5194816088e-06      0.0000000000  2.7491713323e-07  2.7358013139e-07  0.00049166666667  0.00049166666667
 2.7451883809e-07 -1.2153625649e-11  9.5191665819e-06      0.0000000000  2.7469430702e-07  2.7429730602e-07  0.00050833333333  0.00050833333333
 2.7422630686e-07 -1.6950155283e-11  9.5188406167e-06      0.0000000000  2.7447102608e-07  2.7492197039e-07  0.00052500000000  0.00052500000000
 2.7408569304e-07 -1.1255822505e-11  9.5185237388e-06      0.0000000000  2.7424819987e-07  2.7271518246e-07  0.00054166666667  0.00054166666667
 2.7403516793e-07  7.0988376908e-13  9.5182066270e-06      0.0000000000  2.7402491892e-07  2.7271703770e-07  0.00055833333333  0.00055833333333
 2.7348281405e-07 -2.2082920721e-11  9.5178800261e-06      0.0000000000  2.7380163797e-07  2.7379302762e-07  0.00057500000000  0.00057500000000
 2.7318294401e-07 -2.7387763659e-11  9.5175625092e-06      0.0000000000  2.7357835703e-07  2.7481342334e-07  0.00059166666667  0.00059166666667
 2.7297474541e-07 -2.6343104051e-11  9.5172434066e-06      0.0000000000  2.7335507608e-07  2.7296934984e-07  0.00060833333333  0.00060833333333
 2.7288595925e-07 -1.6996001477e-11  9.5169147801e-06      0.0000000000  2.7313134038e-07  2.7413536590e-07  0.00062500000000  0.00062500000000
 2.7294485800e-07  2.5488047727e-12  9.5165958836e-06      0.0000000000  2.7290805943e-07  2.7436964452e-07  0.00064166666667  0.00064166666667
 2.7270678321e-07  1.5556262588e-12  9.5162766484e-06      0.0000000000  2.7268432373e-07  2.7297378354e-07  0.00065833333333  0.00065833333333
 2.7271321506e-07  1.7466381939e-11  9.5159465201e-06      0.0000000000  2.7246104278e-07  2.7127141551e-07  0.00067500000000  0.00067500000000
 2.7260590486e-07  2.5530440811e-11  9.5156258181e-06      0.0000000000  2.7223730709e-07  2.7235045557e-07  0.00069166666667  0.00069166666667
 2.7218105837e-07  1.1600765500e-11  9.5153048959e-06      0.0000000000  2.7201357139e-07  2.7199245784e-07  0.00070833333333  0.00070833333333
 2.7225862044e-07  3.2469759685e-11  9.5149743521e-06      0.0000000000  2.7178983569e-07  2.7162806112e-07  0.00072500000000  0.00072500000000
 2.7200502565e-07  3.0433106546e-11  9.5146529934e-06      0.0000000000  2.7156564525e-07  2.7129385129e-07  0.00074166666667  0.00074166666667
 2.7181046914e-07  3.2454164671e-11  9.5143303775e-06      0.0000000000  2.7134190955e-07  2.7083265211e-07  0.00075833333333  0.00075833333333
 2.7140475301e-07  1.9881026357e-11  9.5139981048e-06      0.0000000000  2.7111771911e-07  2.7205184113e-07  0.00077500000000  0.00077500000000
 2.7117760642e-07  1.9644775154e-11  9.5136757159e-06      0.0000000000  2.7089398341e-07  2.7063775796e-07  0.00079166666667  0.00079166666667
 2.7082887932e-07  1.1018907006e-11  9.5133529602e-06      0.0000000000  2.7066979297e-07  2.7166956810e-07  0.00080833333333  0.00080833333333
 2.7064564758e-07  1.3855858268e-11  9.5130194338e-06      0.0000000000  2.7044560253e-07  2.7067692231e-07  0.00082500000000  0.00082500000000
 2.7047595099e-07  1.7630303082e-11  9.5126955815e-06      0.0000000000  2.7022141208e-07  2.7148185906e-07  0.00084166666667  0.00084166666667
 2.7004723070e-07  3.4953093959e-12  9.5123714953e-06      0.0000000000  2.6999676689e-07  2.7011162550e-07  0.00085833333333  0.00085833333333
 2.6990597237e-07  9.2394937109e-12  9.5120377069e-06      0.0000000000  2.6977257645e-07  2.7066193892e-07  0.00087500000000  0.00087500000000
 2.6966412605e-07  8.0165823096e-12  9.5117132155e-06      0.0000000000  2.6954838600e-07  2.7112285510e-07  0.00089166666667  0.00089166666667
 2.6932300582e-07 -5.0908252755e-14  9.5113877602e-06      0.0000000000  2.6932374081e-07  2.6844552891e-07  0.00090833333333  0.00090833333333
 2.6915657057e-07  3.9809272331e-12  9.5110525644e-06      0.0000000000  2.6909909562e-07  2.6870916115e-07  0.00092500000000  0.00092500000000
 2.6863962287e-07 -1.6265022435e-11  9.5107273535e-06      0.0000000000  2.6887445043e-07  2.6893241840e-07  0.00094166666667  0.00094166666667
 2.6840010435e-07 -1.7295204274e-11  9.5104017480e-06      0.0000000000  2.6864980524e-07  2.6787215082e-07  0.00095833333333  0.00095833333333
 2.6793702333e-07 -3.3810148722e-11  9.5100655254e-06      0.0000000000  2.6842516005e-07  2.6796414224e-07  0.00097500000000  0.00097500000000
 2.6782031899e-07 -2.6333767464e-11  9.5097391725e-06      0.0000000000  2.6820051485e-07  2.6918627134e-07  0.00099166666667  0.00099166666667
 2.6760441041e-07 -2.5728637650e-11  9.5094125717e-06      0.0000000000  2.6797586966e-07  2.6777036438e-07   0.0010083333333   0.0010083333333
 2.6757837430e-07 -1.1940742671e-11  9.5090762059e-06      0.0000000000  2.6775076972e-07  2.6755627325e-07   0.0010250000000   0.0010250000000
 2.6754009617e-07  9.6772694746e-13  9.5087492942e-06      0.0000000000  2.6752612453e-07  2.6714255554e-07   0.0010416666667   0.0010416666667
 2.6726075543e-07 -2.7891910636e-12  9.5084217050e-06      0.0000000000  2.6730102459e-07  2.6757146103e-07   0.0010583333333   0.0010583333333
 2.6717240286e-07  6.6824360806e-12  9.5080843089e-06      0.0000000000  2.6707592466e-07  2.6778910541e-07   0.0010750000000   0.0010750000000
 2.6695471863e-07  7.1960752749e-12  9.5077569642e-06      0.0000000000  2.6685082472e-07  2.6790600102e-07   0.0010916666667   0.0010916666667
 2.6687956321e-07  1.7581785466e-11  9.5074292213e-06      0.0000000000  2.6662572478e-07  2.6814386434e-07   0.0011083333333   0.0011083333333
 2.6672457571e-07  2.2469529435e-11  9.5070910394e-06      0.0000000000  2.6640017009e-07  2.6717933010e-07   0.0011250000000   0.0011250000000
 2.6653222344e-07  2.4737753564e-11  9.5067628425e-06      0.0000000000  2.6617507015e-07  2.6532256866e-07   0.0011416666667   0.0011416666667
 2.6634057921e-07  2.7055019461e-11  9.5064344116e-06      0.0000000000  2.6594997021e-07  2.6463919707e-07   0.0011583333333   0.0011583333333
 2.6606018663e-07  2.3256744473e-11  9.5060961425e-06      0.0000000000  2.6572441553e-07  2.6504095007e-07   0.0011750000000   0.0011750000000
 2.6582609694e-07  2.2665579072e-11  9.5057675369e-06      0.0000000000  2.6549886084e-07  2.6472845280e-07   0.0011916666667   0.0011916666667
 2.6558927100e-07  2.1884890368e-11  9.5054384599e-06      0.0000000000  2.6527330616e-07  2.6531256925e-07   0.0012083333333   0.0012083333333
 2.6529136808e-07  1.6873784685e-11  9.5050995342e-06      0.0000000000  2.6504775147e-07  2.6458341420e-07   0.0012250000000   0.0012250000000
 2.6488914376e-07  4.6369943666e-12  9.5047706947e-06      0.0000000000  2.6482219678e-07  2.6650136698e-07   0.0012416666667   0.0012416666667
 2.6466363183e-07  4.6399561120e-12  9.5044414954e-06      0.0000000000  2.6459664210e-07  2.6388266941e-07   0.0012583333333   0.0012583333333
 2.6426736230e-07 -7.1843836792e-12  9.5041020598e-06      0.0000000000  2.6437108741e-07  2.6252004547e-07   0.0012750000000   0.0012750000000
 2.6405269234e-07 -6.3989697310e-12  9.5037726999e-06      0.0000000000  2.6414507798e-07  2.6431850845e-07   0.0012916666667   0.0012916666667
 2.6378162865e-07 -9.5195938504e-12  9.5034431025e-06      0.0000000000  2.6391906855e-07  2.6355525164e-07   0.0013083333333   0.0013083333333
 2.6358054773e-07 -7.8244505078e-12  9.5031036284e-06      0.0000000000  2.6369351386e-07  2.6460111755e-07   0.0013250000000   0.0013250000000
 2.6340538879e-07 -4.3023578239e-12  9.5027740415e-06      0.0000000000  2.6346750443e-07  2.6532253722e-07   0.0013416666667   0.0013416666667
 2.6308065132e-07 -1.1140625594e-11  9.5024441193e-06      0.0000000000  2.6324149499e-07  2.6392153504e-07   0.0013583333333   0.0013583333333
 2.6303670718e-07  1.4698876374e-12  9.5021043204e-06      0.0000000000  2.6301548556e-07  2.6228123881e-07   0.0013750000000   0.0013750000000
 2.6263149979e-07 -1.0942023395e-11  9.5017746392e-06      0.0000000000  2.6278947613e-07  2.6006548915e-07   0.0013916666667   0.0013916666667
 2.6267489233e-07  7.7492481571e-12  9.5014446647e-06      0.0000000000  2.6256301194e-07  2.6120881786e-07   0.0014083333333   0.0014083333333
 2.6237756313e-07  2.8093779941e-12  9.5011046947e-06      0.0000000000  2.6233700251e-07  2.6234851472e-07   0.0014250000000   0.0014250000000
 2.6211825892e-07  5.3475680706e-13  9.5007748423e-06      0.0000000000  2.6211053833e-07  2.6078944011e-07   0.0014416666667   0.0014416666667
 2.6209763483e-07  1.4760502325e-11  9.5004447455e-06      0.0000000000  2.6188452890e-07  2.6135736255e-07   0.0014583333333   0.0014583333333
 2.6153925452e-07 -8.2292323533e-12  9.5001047860e-06      0.0000000000  2.6165806472e-07  2.6141410448e-07   0.0014750000000   0.0014750000000
 2.6173579841e-07  2.1069866268e-11  9.4997749651e-06      0.0000000000  2.6143160054e-07  2.6156782182e-07   0.0014916666667   0.0014916666667
 2.6134873921e-07  9.9464629709e-12  9.4994448683e-06      0.0000000000  2.6120513636e-07  2.6203788840e-07   0.0015083333333   0.0015083333333
 2.6116477093e-07  1.2889885958e-11  9.4991048913e-06      0.0000000000  2.6097867217e-07  2.6134775620e-07   0.0015250000000   0.0015250000000
 2.6102702513e-07  1.9034848127e-11  9.4987750355e-06      0.0000000000  2.6075220799e-07  2.6423392225e-07   0.0015416666667   0.0015416666667
 2.6082393144e-07  2.0685072102e-11  9.4984449387e-06      0.0000000000  2.6052528907e-07  2.6257928725e-07   0.0015583333333   0.0015583333333
 2.6052769110e-07  1.5852117660e-11  9.4981049303e-06      0.0000000000  2.6029882488e-07  2.6133706501e-07   0.0015750000000   0.0015750000000
 2.6030666892e-07  1.6260548536e-11  9.4977750535e-06      0.0000000000  2.6007190596e-07  2.6226919550e-07   0.0015916666667   0.0015916666667
 2.6005269135e-07  1.4354869499e-11  9.4974449287e-06      0.0000000000  2.5984544178e-07  2.6021772858e-07   0.0016083333333   0.0016083333333
 2.5968054577e-07  4.2959363338e-12  9.4971049238e-06      0.0000000000  2.5961852285e-07  2.5847116505e-07   0.0016250000000   0.0016250000000
 2.5950696899e-07  7.9906098548e-12  9.4967750505e-06      0.0000000000  2.5939160392e-07  2.5878883497e-07   0.0016416666667   0.0016416666667
 2.5928234140e-07  8.1493163443e-12  9.4964449223e-06      0.0000000000  2.5916468499e-07  2.6060445103e-07   0.0016583333333   0.0016583333333
 2.5912521262e-07  1.2983239402e-11  9.4961049278e-06      0.0000000000  2.5893776606e-07  2.5870915414e-07   0.0016750000000   0.0016750000000
 2.5848063726e-07 -1.5913687259e-11  9.4957750406e-06      0.0000000000  2.5871039239e-07  2.5818135512e-07   0.0016916666667   0.0016916666667
 2.5861608206e-07  9.1849607915e-12  9.4954449193e-06      0.0000000000  2.5848347346e-07  2.5830837592e-07   0.0017083333333   0.0017083333333
 2.5820943094e-07 -3.2639535653e-12  9.4951049249e-06      0.0000000000  2.5825655453e-07  2.5957364712e-07   0.0017250000000   0.0017250000000
 2.5791860314e-07 -7.6590204558e-12  9.4947750341e-06      0.0000000000  2.5802918086e-07  2.5696674130e-07   0.0017416666667   0.0017416666667
 2.5769392165e-07 -7.4725498092e-12  9.4944449199e-06      0.0000000000  2.5780180718e-07  2.5972239620e-07   0.0017583333333   0.0017583333333
 2.5747556527e-07 -6.8479788658e-12  9.4941049115e-06      0.0000000000  2.5757443351e-07  2.5828534269e-07   0.0017750000000   0.0017750000000
 2.5727047623e-07 -5.3359601465e-12  9.4937750312e-06      0.0000000000  2.5734751458e-07  2.5820588197e-07   0.0017916666667   0.0017916666667
 2.5683639500e-07 -1.9653287194e-11  9.4934449169e-06      0.0000000000  2.5712014090e-07  2.5612897631e-07   0.0018083333333   0.0018083333333
 2.5668839613e-07 -1.4123998047e-11  9.4931049050e-06      0.0000000000  2.5689231248e-07  2.5586353600e-07   0.0018250000000   0.0018250000000
 2.5642198304e-07 -1.6828012226e-11  9.4927750317e-06      0.0000000000  2.5666493880e-07  2.5957658720e-07   0.0018416666667   0.0018416666667
 2.5629391434e-07 -9.9497830079e-12  9.4924449035e-06      0.0000000000  2.5643756513e-07  2.5502729607e-07   0.0018583333333   0.0018583333333
 2.5617861858e-07 -2.1553563559e-12  9.4921049055e-06      0.0000000000  2.5620973671e-07  2.5517595082e-07   0.0018750000000   0.0018750000000
 2.5603395706e-07  3.5735928962e-12  9.4917750253e-06      0.0000000000  2.5598236303e-07  2.5638209029e-07   0.0018916666667   0.0018916666667
 2.5598942700e-07  1.6269512986e-11  9.4914448970e-06      0.0000000000  2.5575453461e-07  2.5438137509e-07   0.0019083333333   0.0019083333333
 2.5571705331e-07  1.3184143576e-11  9.4911049061e-06      0.0000000000  2.5552670618e-07  2.5408928542e-07   0.0019250000000   0.0019250000000
 2.5582796538e-07  3.6615061553e-11  9.4907750153e-06      0.0000000000  2.5529933251e-07  2.5607921509e-07   0.0019416666667   0.0019416666667
 2.5557601489e-07  3.4944278824e-11  9.4904449010e-06      0.0000000000  2.5507150409e-07  2.5645375273e-07   0.0019583333333   0.0019583333333
 2.5506628047e-07  1.5449926956e-11  9.4901048996e-06      0.0000000000  2.5484322092e-07  2.5511236967e-07   0.0019750000000   0.0019750000000
 2.5476031849e-07  1.0038108577e-11  9.4897750089e-06      0.0000000000  2.5461539249e-07  2.5376837670e-07   0.0019916666667   0.0019916666667
 2.5448522484e-07  6.7643447511e-12  9.4894448981e-06      0.0000000000  2.5438756407e-07  2.5514320118e-07   0.0020083333333   0.0020083333333
 2.5404624535e-07 -7.8607563684e-12  9.4891048862e-06      0.0000000000  2.5415973565e-07  2.5418405970e-07   0.0020250000000   0.0020250000000
 2.5387379417e-07 -3.9936268892e-12  9.4887750129e-06      0.0000000000  2.5393145248e-07  2.5163406876e-07   0.0020416666667   0.0020416666667
 2.5357108305e-07 -9.1802787777e-12  9.4884448916e-06      0.0000000000  2.5370362405e-07  2.5576794416e-07   0.0020583333333   0.0020583333333
 2.5332245858e-07 -1.0589192304e-11  9.4881048832e-06      0.0000000000  2.5347534088e-07  2.5508133376e-07   0.0020750000000   0.0020750000000
 2.5297970000e-07 -1.8518181199e-11  9.4877750064e-06      0.0000000000  2.5324705771e-07  2.5444528642e-07   0.0020916666667   0.0020916666667
 2.5279739899e-07 -1.5333287492e-11  9.4874448782e-06      0.0000000000  2.5301877454e-07  2.5210283039e-07   0.0021083333333   0.0021083333333
 2.5260053310e-07 -1.3157210724e-11  9.4871048873e-06      0.0000000000  2.5279049137e-07  2.5167287150e-07   0.0021250000000   0.0021250000000
 2.5234151186e-07 -1.5286242476e-11  9.4867750000e-06      0.0000000000  2.5256220820e-07  2.5109255986e-07   0.0021416666667   0.0021416666667
 2.5223461144e-07 -6.8788260643e-12  9.4864448752e-06      0.0000000000  2.5233392503e-07  2.4985250729e-07   0.0021583333333   0.0021583333333
 2.5206710107e-07 -2.6694775724e-12  9.4861048808e-06      0.0000000000  2.5210564186e-07  2.5162944640e-07   0.0021750000000   0.0021750000000
 2.5186210209e-07 -1.0252309862e-12  9.4857749935e-06      0.0000000000  2.5187690395e-07  2.5446971893e-07   0.0021916666667   0.0021916666667
 2.5161574684e-07 -2.2769702704e-12  9.4854448793e-06      0.0000000000  2.5164862078e-07  2.5178251912e-07   0.0022083333333   0.0022083333333
 2.5132340510e-07 -6.6824052146e-12  9.4851048744e-06      0.0000000000  2.5141988286e-07  2.5125871357e-07   0.0022250000000   0.0022250000000
 2.5118880151e-07 -1.6231496114e-13  9.4847749871e-06      0.0000000000  2.5119114494e-07  2.5206099324e-07   0.0022416666667   0.0022416666667
 2.5109505013e-07  9.1558533582e-12  9.4844448728e-06      0.0000000000  2.5096286177e-07  2.5216128606e-07   0.0022583333333   0.0022583333333
 2.5084159153e-07  7.4436072795e-12  9.4841048644e-06      0.0000000000  2.5073412385e-07  2.5226921994e-07   0.0022750000000   0.0022750000000
 2.5066543320e-07  1.1085463896e-11  9.4837749911e-06      0.0000000000  2.5050538594e-07  2.5081993445e-07   0.0022916666667   0.0022916666667
 2.5040857892e-07  9.1380208981e-12  9.4834448664e-06      0.0000000000  2.5027664802e-07  2.5069503616e-07   0.0023083333333   0.0023083333333
 2.5028341670e-07  1.6343553184e-11  9.4831048615e-06      0.0000000000  2.5004745535e-07  2.5009502442e-07   0.0023250000000   0.0023250000000
 2.4976878402e-07 -3.4585727559e-12  9.4827749812e-06      0.0000000000  2.4981871744e-07  2.4802195501e-07   0.0023416666667   0.0023416666667
 2.4942732323e-07 -1.1266173982e-11  9.4824448564e-06      0.0000000000  2.4958997952e-07  2.4764027943e-07   0.0023583333333   0.0023583333333
 2.4920533928e-07 -1.0766872216e-11  9.4821048655e-06      0.0000000000  2.4936078685e-07  2.4830228437e-07   0.0023750000000   0.0023750000000
 2.4909539166e-07 -2.5390180372e-12  9.4817749747e-06      0.0000000000  2.4913204894e-07  2.4739019986e-07   0.0023916666667   0.0023916666667
 2.4883753390e-07 -4.5244683671e-12  9.4814448535e-06      0.0000000000  2.4890285627e-07  2.5038791593e-07   0.0024083333333   0.0024083333333
 2.4879322822e-07  8.2814858369e-12  9.4811048590e-06      0.0000000000  2.4867366361e-07  2.5002691524e-07   0.0024250000000   0.0024250000000
 2.4824105856e-07 -1.4089091654e-11  9.4807749683e-06      0.0000000000  2.4844447094e-07  2.4838303432e-07   0.0024416666667   0.0024416666667
 2.4821484248e-07 -3.0185035904e-14  9.4804448575e-06      0.0000000000  2.4821527828e-07  2.4701127569e-07   0.0024583333333   0.0024583333333
 2.4788264646e-07 -7.1645769118e-12  9.4801048491e-06      0.0000000000  2.4798608561e-07  2.4737045260e-07   0.0024750000000   0.0024750000000
 2.4723761397e-07 -3.5967176665e-11  9.4797749653e-06      0.0000000000  2.4775689295e-07  2.4960327673e-07   0.0024916666667   0.0024916666667
 2.4691542810e-07 -4.2408228971e-11  9.4794448510e-06      0.0000000000  2.4752770028e-07  2.4951372227e-07   0.0025083333333   0.0025083333333
 2.4645035940e-07 -5.8745873159e-11  9.4791048426e-06      0.0000000000  2.4729850762e-07  2.4765900474e-07   0.0025250000000   0.0025250000000
 2.4642632684e-07 -4.4504230395e-11  9.4787749659e-06      0.0000000000  2.4706886021e-07  2.4824574682e-07   0.0025416666667   0.0025416666667
 2.4621399927e-07 -4.3336091437e-11  9.4784448411e-06      0.0000000000  2.4683966754e-07  2.4594129170e-07   0.0025583333333   0.0025583333333
 2.4585070361e-07 -5.2593061910e-11  9.4781048432e-06      0.0000000000  2.4661002013e-07  2.4532011769e-07   0.0025750000000   0.0025750000000
 2.4582744349e-07 -3.8297917352e-11  9.4777749594e-06      0.0000000000  2.4638037272e-07  2.4423107822e-07   0.0025916666667   0.0025916666667
 2.4575082079e-07 -2.7730359009e-11  9.4774448347e-06      0.0000000000  2.4615118005e-07  2.4630512242e-07   0.0026083333333   0.0026083333333
 2.4544984159e-07 -3.2671061647e-11  9.4771048402e-06      0.0000000000  2.4592153264e-07  2.4637588868e-07   0.0026250000000   0.0026250000000
 2.4512295090e-07 -3.9406489443e-11  9.4767749495e-06      0.0000000000  2.4569188523e-07  2.4631450866e-07   0.0026416666667   0.0026416666667
 2.4509508768e-07 -2.5430171900e-11  9.4764448352e-06      0.0000000000  2.4546223781e-07  2.4424854574e-07   0.0026583333333   0.0026583333333
 2.4503132909e-07 -1.3908603031e-11  9.4761048407e-06      0.0000000000  2.4523213566e-07  2.4652276680e-07   0.0026750000000   0.0026750000000
 2.4483150112e-07 -1.1843198613e-11  9.4757749814e-06      0.0000000000  2.4500248824e-07  2.4406552196e-07   0.0026916666667   0.0026916666667
 2.4471700346e-07 -3.8675023257e-12  9.4754448881e-06      0.0000000000  2.4477284083e-07  2.4720849675e-07   0.0027083333333   0.0027083333333
 2.4451032970e-07 -2.2447646026e-12  9.4751049076e-06      0.0000000000  2.4454273867e-07  2.4593077346e-07   0.0027250000000   0.0027250000000
 2.4433813524e-07  1.7346382568e-12  9.4747750448e-06      0.0000000000  2.4431309126e-07  2.4529148730e-07   0.0027416666667   0.0027416666667
 2.4411752396e-07  2.3920118990e-12  9.4744449375e-06      0.0000000000  2.4408298910e-07  2.4376442339e-07   0.0027583333333   0.0027583333333
 2.4370968002e-07 -9.9505371063e-12  9.4741049326e-06      0.0000000000  2.4385334169e-07  2.4379094698e-07   0.0027750000000   0.0027750000000
 2.4356059085e-07 -4.3392786128e-12  9.4737750523e-06      0.0000000000  2.4362323953e-07  2.4444537374e-07   0.0027916666667   0.0027916666667
 2.4301024435e-07 -2.6520582559e-11  9.4734449276e-06      0.0000000000  2.4339313737e-07  2.4173702738e-07   0.0028083333333   0.0028083333333
 2.4306210567e-07 -6.9907519740e-12  9.4731049366e-06      0.0000000000  2.4316303521e-07  2.4176892801e-07   0.0028250000000   0.0028250000000
 2.4280858209e-07 -8.6130062910e-12  9.4727750459e-06      0.0000000000  2.4293293305e-07  2.4334144522e-07   0.0028416666667   0.0028416666667
 2.4277802543e-07  5.2082513971e-12  9.4724449246e-06      0.0000000000  2.4270283089e-07  2.4197783077e-07   0.0028583333333   0.0028583333333
 2.4238157065e-07 -6.3139444461e-12  9.4721049267e-06      0.0000000000  2.4247272873e-07  2.4164149843e-07   0.0028750000000   0.0028750000000
 2.4222438046e-07 -1.2322953749e-12  9.4717750359e-06      0.0000000000  2.4224217182e-07  2.4105868693e-07   0.0028916666667   0.0028916666667
 2.4193403349e-07 -5.4050732768e-12  9.4714449287e-06      0.0000000000  2.4201206966e-07  2.4234423995e-07   0.0029083333333   0.0029083333333
 2.4189396553e-07  7.7573961559e-12  9.4711049203e-06      0.0000000000  2.4178196750e-07  2.4165387191e-07   0.0029250000000   0.0029250000000
 2.4181829182e-07  1.8485177774e-11  9.4707750365e-06      0.0000000000  2.4155141060e-07  2.4182203808e-07   0.0029416666667   0.0029416666667
 2.4148511304e-07  1.1377208424e-11  9.4704449187e-06      0.0000000000  2.4132085369e-07  2.4161583956e-07   0.0029583333333   0.0029583333333
 2.4138607620e-07  2.0455275803e-11  9.4701049138e-06      0.0000000000  2.4109075153e-07  2.4122825239e-07   0.0029750000000   0.0029750000000
 2.4071899409e-07 -9.7800698492e-12  9.4697750370e-06      0.0000000000  2.4086019462e-07  2.3909905421e-07   0.0029916666667   0.0029916666667
 2.4067208034e-07  2.9397328890e-12  9.4694449123e-06      0.0000000000  2.4062963772e-07  2.4058667077e-07   0.0030083333333   0.0030083333333
 2.4025997625e-07 -9.6348946420e-12  9.4691049108e-06      0.0000000000  2.4039908081e-07  2.4099732263e-07   0.0030250000000   0.0030250000000
 2.4009968001e-07 -4.7683816309e-12  9.4687750271e-06      0.0000000000  2.4016852390e-07  2.3920637492e-07   0.0030416666667   0.0030416666667
 2.3971928108e-07 -1.5146992791e-11  9.4684449093e-06      0.0000000000  2.3993796700e-07  2.3925387211e-07   0.0030583333333   0.0030583333333
 2.3985134395e-07  1.0000887067e-11  9.4681049114e-06      0.0000000000  2.3970695534e-07  2.3877427779e-07   0.0030750000000   0.0030750000000
 2.3949003282e-07  9.4436796077e-13  9.4677750206e-06      0.0000000000  2.3947639844e-07  2.3941139426e-07   0.0030916666667   0.0030916666667
 2.3927228052e-07  1.8312617451e-12  9.4674449029e-06      0.0000000000  2.3924584153e-07  2.3799102215e-07   0.0031083333333   0.0031083333333
 2.3913396312e-07  8.2516077125e-12  9.4671049014e-06      0.0000000000  2.3901482987e-07  2.3864063788e-07   0.0031250000000   0.0031250000000
 2.3881691065e-07  2.2606062804e-12  9.4667750177e-06      0.0000000000  2.3878427297e-07  2.3958801905e-07   0.0031416666667   0.0031416666667
 2.3874087712e-07  1.2994962311e-11  9.4664449034e-06      0.0000000000  2.3855326131e-07  2.4027431500e-07   0.0031583333333   0.0031583333333
 2.3831389641e-07 -5.7857660809e-13  9.4661048950e-06      0.0000000000  2.3832224966e-07  2.3843720650e-07   0.0031750000000   0.0031750000000
 2.3836740982e-07  1.9097181037e-11  9.4657750147e-06      0.0000000000  2.3809169275e-07  2.3843154646e-07   0.0031916666667   0.0031916666667
 2.3782115596e-07 -2.7376566169e-12  9.4654448935e-06      0.0000000000  2.3786068110e-07  2.3935311154e-07   0.0032083333333   0.0032083333333
 2.3765811793e-07  1.9704468939e-12  9.4651048955e-06      0.0000000000  2.3762966944e-07  2.3738324358e-07   0.0032250000000   0.0032250000000
 2.3779570113e-07  2.7500685990e-11  9.4647750118e-06      0.0000000000  2.3739865779e-07  2.3740865088e-07   0.0032416666667   0.0032416666667
 2.3735367248e-07  1.2884870692e-11  9.4644448870e-06      0.0000000000  2.3716764613e-07  2.3731593623e-07   0.0032583333333   0.0032583333333
 2.3728828747e-07  2.4388280344e-11  9.4641048891e-06      0.0000000000  2.3693617973e-07  2.3708574542e-07   0.0032750000000   0.0032750000000
 2.3673871863e-07  2.3238346812e-12  9.4637750053e-06      0.0000000000  2.3670516808e-07  2.3752886391e-07   0.0032916666667   0.0032916666667
 2.3677140037e-07  2.0588211905e-11  9.4634448875e-06      0.0000000000  2.3647415642e-07  2.3567427216e-07   0.0033083333333   0.0033083333333
 2.3620516824e-07 -2.5988969585e-12  9.4631048861e-06      0.0000000000  2.3624269002e-07  2.3604772495e-07   0.0033250000000   0.0033250000000
 2.3613892015e-07  8.8132348196e-12  9.4627749954e-06      0.0000000000  2.3601167837e-07  2.3515746306e-07   0.0033416666667   0.0033416666667
 2.3607974749e-07  2.0746935098e-11  9.4624448811e-06      0.0000000000  2.3578021197e-07  2.3500967304e-07   0.0033583333333   0.0033583333333
 2.3574469608e-07  1.3540757332e-11  9.4621048797e-06      0.0000000000  2.3554920031e-07  2.3613897743e-07   0.0033750000000   0.0033750000000
 2.3549762553e-07  1.2459956642e-11  9.4617749959e-06      0.0000000000  2.3531773391e-07  2.3535314332e-07   0.0033916666667   0.0033916666667
 2.3520655336e-07  8.3314413660e-12  9.4614448781e-06      0.0000000000  2.3508626751e-07  2.3443085502e-07   0.0034083333333   0.0034083333333
 2.3478143422e-07 -5.0816615321e-12  9.4611048697e-06      0.0000000000  2.3485480111e-07  2.3452644686e-07   0.0034250000000   0.0034250000000
 2.3468405441e-07  4.2056708902e-12  9.4607749929e-06      0.0000000000  2.3462333471e-07  2.3455001465e-07   0.0034416666667   0.0034416666667
 2.3419359292e-07 -1.3733284005e-11  9.4604448717e-06      0.0000000000  2.3439186830e-07  2.3467514877e-07   0.0034583333333   0.0034583333333
 2.3410606269e-07 -3.7637343161e-12  9.4601048703e-06      0.0000000000  2.3416040190e-07  2.3369641725e-07   0.0034750000000   0.0034750000000
 2.3356049557e-07 -2.5519508273e-11  9.4597749865e-06      0.0000000000  2.3392893550e-07  2.3356475836e-07   0.0034916666667   0.0034916666667
 2.3342506366e-07 -1.8836307601e-11  9.4594448617e-06      0.0000000000  2.3369701435e-07  2.3307865499e-07   0.0035083333333   0.0035083333333
 2.3309625112e-07 -2.5578860179e-11  9.4591048708e-06      0.0000000000  2.3346554795e-07  2.3283970683e-07   0.0035250000000   0.0035250000000
 2.3293169474e-07 -2.0944425694e-11  9.4587749800e-06      0.0000000000  2.3323408155e-07  2.3409312339e-07   0.0035416666667   0.0035416666667
 2.3259988310e-07 -2.7863209365e-11  9.4584448658e-06      0.0000000000  2.3300216040e-07  2.3212908841e-07   0.0035583333333   0.0035583333333
 2.3245930671e-07 -2.1567831964e-11  9.4581048608e-06      0.0000000000  2.3277069400e-07  2.3225645511e-07   0.0035750000000   0.0035750000000
 2.3230161682e-07 -1.6426300926e-11  9.4577749701e-06      0.0000000000  2.3253877285e-07  2.3155626060e-07   0.0035916666667   0.0035916666667
 2.3215741345e-07 -1.0350644489e-11  9.4574448628e-06      0.0000000000  2.3230685170e-07  2.3192369174e-07   0.0036083333333   0.0036083333333
 2.3215491862e-07  5.5402685188e-12  9.4571048544e-06      0.0000000000  2.3207493055e-07  2.3199448944e-07   0.0036250000000   0.0036250000000
 2.3208093402e-07  1.6479535941e-11  9.4567749741e-06      0.0000000000  2.3184300940e-07  2.3105603857e-07   0.0036416666667   0.0036416666667
 2.3180610091e-07  1.3475798253e-11  9.4564448529e-06      0.0000000000  2.3161154300e-07  2.3126792857e-07   0.0036583333333   0.0036583333333
 2.3157725897e-07  1.3689075703e-11  9.4561048479e-06      0.0000000000  2.3137962185e-07  2.3154582097e-07   0.0036750000000   0.0036750000000
 2.3137762247e-07  1.5956726756e-11  9.4557749712e-06      0.0000000000  2.3114724596e-07  2.3222005789e-07   0.0036916666667   0.0036916666667
 2.3124117659e-07  2.2569695914e-11  9.4554448464e-06      0.0000000000  2.3091532481e-07  2.3171037100e-07   0.0037083333333   0.0037083333333
 2.3101799981e-07  2.3175363031e-11  9.4551048485e-06      0.0000000000  2.3068340366e-07  2.3131048895e-07   0.0037250000000   0.0037250000000
 2.3067923571e-07  1.5775026205e-11  9.4547749612e-06      0.0000000000  2.3045148251e-07  2.3010059184e-07   0.0037416666667   0.0037416666667
 2.3054775716e-07  2.2763548937e-11  9.4544448435e-06      0.0000000000  2.3021910661e-07  2.2969265995e-07   0.0037583333333   0.0037583333333
 2.2988115700e-07 -7.3439225001e-12  9.4541048455e-06      0.0000000000  2.2998718546e-07  2.3025198227e-07   0.0037750000000   0.0037750000000
 2.3002863701e-07  1.8966298281e-11  9.4537749757e-06      0.0000000000  2.2975480957e-07  2.2990874782e-07   0.0037916666667   0.0037916666667
 2.2939726646e-07 -8.7010398161e-12  9.4534448824e-06      0.0000000000  2.2952288842e-07  2.2928986927e-07   0.0038083333333   0.0038083333333
 2.2945688885e-07  1.1523837741e-11  9.4531048984e-06      0.0000000000  2.2929051252e-07  2.2913937501e-07   0.0038250000000   0.0038250000000
 2.2900156601e-07 -3.9182896012e-12  9.4527750391e-06      0.0000000000  2.2905813663e-07  2.2999518926e-07   0.0038416666667   0.0038416666667
 2.2892098243e-07  6.5639085379e-12  9.4524449458e-06      0.0000000000  2.2882621548e-07  2.2929617393e-07   0.0038583333333   0.0038583333333
 2.2870069721e-07  7.4013535696e-12  9.4521049409e-06      0.0000000000  2.2859383958e-07  2.2820933559e-07   0.0038750000000   0.0038750000000
 2.2835042011e-07 -7.6491848431e-13  9.4517750641e-06      0.0000000000  2.2836146368e-07  2.2916215669e-07   0.0038916666667   0.0038916666667
 2.2819755248e-07  4.7421171918e-12  9.4514449393e-06      0.0000000000  2.2812908779e-07  2.2770749415e-07   0.0039083333333   0.0039083333333
 2.2796567938e-07  4.7769427888e-12  9.4511049449e-06      0.0000000000  2.2789671189e-07  2.2747381298e-07   0.0039250000000   0.0039250000000
 2.2793010005e-07  1.8439296126e-11  9.4507750576e-06      0.0000000000  2.2766388125e-07  2.2720246108e-07   0.0039416666667   0.0039416666667
 2.2769331794e-07  1.8134104964e-11  9.4504449329e-06      0.0000000000  2.2743150535e-07  2.2707652512e-07   0.0039583333333   0.0039583333333
 2.2738754103e-07  1.3050080304e-11  9.4501049385e-06      0.0000000000  2.2719912946e-07  2.2695615487e-07   0.0039750000000   0.0039750000000
 2.2709929049e-07  9.1799967189e-12  9.4497750477e-06      0.0000000000  2.2696675356e-07  2.2721934688e-07   0.0039916666667   0.0039916666667
 2.2683630172e-07  7.0911333397e-12  9.4494449369e-06      0.0000000000  2.2673392292e-07  2.2706597543e-07   0.0040083333333   0.0040083333333
 2.2653412969e-07  2.2567960538e-12  9.4491049320e-06      0.0000000000  2.2650154702e-07  2.2692243045e-07   0.0040250000000   0.0040250000000
 2.2625799240e-07 -7.4278222055e-13  9.4487750413e-06      0.0000000000  2.2626871638e-07  2.2628845845e-07   0.0040416666667   0.0040416666667
 2.2589822998e-07 -9.5345449809e-12  9.4484449305e-06      0.0000000000  2.2603588573e-07  2.2572412070e-07   0.0040583333333   0.0040583333333
 2.2584944301e-07  3.1815011279e-12  9.4481049221e-06      0.0000000000  2.2580350984e-07  2.2534184768e-07   0.0040750000000   0.0040750000000
 2.2537729604e-07 -1.3394430225e-11  9.4477750453e-06      0.0000000000  2.2557067919e-07  2.2547224878e-07   0.0040916666667   0.0040916666667
 2.2527740463e-07 -4.1865684848e-12  9.4474449240e-06      0.0000000000  2.2533784855e-07  2.2511618490e-07   0.0041083333333   0.0041083333333
 2.2509348599e-07 -7.9874325346e-13  9.4471049191e-06      0.0000000000  2.2510501791e-07  2.2516042757e-07   0.0041250000000   0.0041250000000
 2.2489313563e-07  1.4509613273e-12  9.4467750388e-06      0.0000000000  2.2487218726e-07  2.2459956446e-07   0.0041416666667   0.0041416666667
 2.2459792656e-07 -2.8695986222e-12  9.4464449176e-06      0.0000000000  2.2463935662e-07  2.2525414845e-07   0.0041583333333   0.0041583333333
 2.2430920344e-07 -6.7409174654e-12  9.4461049231e-06      0.0000000000  2.2440652597e-07  2.2487355772e-07   0.0041750000000   0.0041750000000
 2.2425521255e-07  5.6461833329e-12  9.4457750324e-06      0.0000000000  2.2417369533e-07  2.2498322105e-07   0.0041916666667   0.0041916666667
 2.2408222184e-07  9.7909173694e-12  9.4454449111e-06      0.0000000000  2.2394086469e-07  2.2340265401e-07   0.0042083333333   0.0042083333333
 2.2378010840e-07  4.9921354044e-12  9.4451049132e-06      0.0000000000  2.2370803404e-07  2.2344166114e-07   0.0042250000000   0.0042250000000
 2.2350219518e-07  1.9010480047e-12  9.4447750259e-06      0.0000000000  2.2347474865e-07  2.2297088705e-07   0.0042416666667   0.0042416666667
 2.2328718270e-07  3.1351993436e-12  9.4444449152e-06      0.0000000000  2.2324191801e-07  2.2429923629e-07   0.0042583333333   0.0042583333333
 2.2307783010e-07  4.7928726585e-12  9.4441049067e-06      0.0000000000  2.2300863262e-07  2.2392048506e-07   0.0042750000000   0.0042750000000
 2.2266928689e-07 -7.3776273728e-12  9.4437750195e-06      0.0000000000  2.2277580197e-07  2.2349384359e-07   0.0042916666667   0.0042916666667
 2.2275691779e-07  1.4850217875e-11  9.4434449052e-06      0.0000000000  2.2254251658e-07  2.2307162009e-07   0.0043083333333   0.0043083333333
 2.2258490317e-07  1.9094057962e-11  9.4431049003e-06      0.0000000000  2.2230923119e-07  2.2259194716e-07   0.0043250000000   0.0043250000000
 2.2213633408e-07  4.1512175010e-12  9.4427750235e-06      0.0000000000  2.2207640055e-07  2.2199663640e-07   0.0043416666667   0.0043416666667
 2.2194004958e-07  6.7140353064e-12  9.4424448988e-06      0.0000000000  2.2184311516e-07  2.2215664267e-07   0.0043583333333   0.0043583333333
 2.2160374675e-07 -4.2133242921e-13  9.4421048973e-06      0.0000000000  2.2160982977e-07  2.2173000120e-07   0.0043750000000   0.0043750000000
 2.2120538556e-07 -1.1855090887e-11  9.4417750171e-06      0.0000000000  2.2137654438e-07  2.2218282037e-07   0.0043916666667   0.0043916666667
 2.2110778989e-07 -2.4567203432e-12  9.4414448923e-06      0.0000000000  2.2114325898e-07  2.2056257013e-07   0.0044083333333   0.0044083333333
 2.2066127500e-07 -1.7225781721e-11  9.4411049014e-06      0.0000000000  2.2090997359e-07  2.2007582215e-07   0.0044250000000   0.0044250000000
 2.2064188057e-07 -2.4109051443e-12  9.4407750071e-06      0.0000000000  2.2067668820e-07  2.2053722572e-07   0.0044416666667   0.0044416666667
 2.2066874014e-07  1.5607694362e-11  9.4404448893e-06      0.0000000000  2.2044340281e-07  2.2094059813e-07   0.0044583333333   0.0044583333333
 2.2044058963e-07  1.5963354987e-11  9.4401048914e-06      0.0000000000  2.2021011742e-07  2.1952440817e-07   0.0044750000000   0.0044750000000
 2.2055972724e-07  4.0404968839e-11  9.4397750007e-06      0.0000000000  2.1997637728e-07  2.1896291616e-07   0.0044916666667   0.0044916666667
 2.2000340240e-07  1.8030065842e-11  9.4394448934e-06      0.0000000000  2.1974309189e-07  2.1937122539e-07   0.0045083333333   0.0045083333333
 2.1986878490e-07  2.4895665035e-11  9.4391048815e-06      0.0000000000  2.1950935175e-07  2.1959075645e-07   0.0045250000000   0.0045250000000
 2.1962695443e-07  2.4303801680e-11  9.4387749977e-06      0.0000000000  2.1927606636e-07  2.2004260084e-07   0.0045416666667   0.0045416666667
 2.1937597664e-07  2.3109858123e-11  9.4384448834e-06      0.0000000000  2.1904232622e-07  2.1814802717e-07   0.0045583333333   0.0045583333333
 2.1907829964e-07  1.8649857659e-11  9.4381048785e-06      0.0000000000  2.1880904083e-07  2.1853394778e-07   0.0045750000000   0.0045750000000
 2.1857771935e-07  1.6752478902e-13  9.4377749982e-06      0.0000000000  2.1857530069e-07  2.1953102727e-07   0.0045916666667   0.0045916666667
 2.1828143686e-07 -4.1643887149e-12  9.4374448735e-06      0.0000000000  2.1834156056e-07  2.1804276609e-07   0.0046083333333   0.0046083333333
 2.1810684711e-07 -9.8912614848e-14  9.4371048790e-06      0.0000000000  2.1810827516e-07  2.1830653983e-07   0.0046250000000   0.0046250000000
 2.1764476386e-07 -1.5914798263e-11  9.4367749918e-06      0.0000000000  2.1787453503e-07  2.1806963558e-07   0.0046416666667   0.0046416666667
 2.1775881557e-07  8.1745476398e-12  9.4364448705e-06      0.0000000000  2.1764079489e-07  2.1691248692e-07   0.0046583333333   0.0046583333333
 2.1741690643e-07  6.8236406410e-13  9.4361048761e-06      0.0000000000  2.1740705475e-07  2.1701880140e-07   0.0046750000000   0.0046750000000
 2.1731846840e-07  1.0053886592e-11  9.4357749818e-06      0.0000000000  2.1717331461e-07  2.1767654558e-07   0.0046916666667   0.0046916666667
 2.1719530973e-07  1.7713166663e-11  9.4354448711e-06      0.0000000000  2.1693957447e-07  2.1685848068e-07   0.0047083333333   0.0047083333333
 2.1693657471e-07  1.5981928892e-11  9.4351048661e-06      0.0000000000  2.1670583433e-07  2.1693287880e-07   0.0047250000000   0.0047250000000
 2.1650270422e-07  2.1201634044e-12  9.4347749789e-06      0.0000000000  2.1647209420e-07  2.1646146009e-07   0.0047416666667   0.0047416666667
 2.1632440152e-07  5.9914619381e-12  9.4344448681e-06      0.0000000000  2.1623789931e-07  2.1590707459e-07   0.0047583333333   0.0047583333333
 2.1602935825e-07  1.7453807823e-12  9.4341048562e-06      0.0000000000  2.1600415917e-07  2.1622389551e-07   0.0047750000000   0.0047750000000
 2.1585064320e-07  5.5566216171e-12  9.4337749794e-06      0.0000000000  2.1577041903e-07  2.1580879423e-07   0.0047916666667   0.0047916666667
 2.1559821118e-07  4.2934505531e-12  9.4334448582e-06      0.0000000000  2.1553622415e-07  2.1552555624e-07   0.0048083333333   0.0048083333333
 2.1532763098e-07  1.7417717539e-12  9.4331048567e-06      0.0000000000  2.1530248401e-07  2.1620171128e-07   0.0048250000000   0.0048250000000
 2.1516310521e-07  6.5673120656e-12  9.4327749730e-06      0.0000000000  2.1506828912e-07  2.1543840730e-07   0.0048416666667   0.0048416666667
 2.1479270945e-07 -2.8979606563e-12  9.4324448482e-06      0.0000000000  2.1483454899e-07  2.1535827052e-07   0.0048583333333   0.0048583333333
 2.1481342601e-07  1.4758146232e-11  9.4321048608e-06      0.0000000000  2.1460035410e-07  2.1549632840e-07   0.0048750000000   0.0048750000000
 2.1462303712e-07  1.7792311030e-11  9.4317749665e-06      0.0000000000  2.1436615921e-07  2.1449418632e-07   0.0048916666667   0.0048916666667
 2.1415464453e-07  1.5394169583e-12  9.4314448488e-06      0.0000000000  2.1413241908e-07  2.1398464094e-07   0.0049083333333   0.0049083333333
 2.1413055551e-07  1.6092123720e-11  9.4311048508e-06      0.0000000000  2.1389822419e-07  2.1338981757e-07   0.0049250000000   0.0049250000000
 2.1372428066e-07  4.1732312110e-12  9.4307749566e-06      0.0000000000  2.1366402930e-07  2.1293490732e-07   0.0049416666667   0.0049416666667
 2.1363818084e-07  1.4430841377e-11  9.4304448528e-06      0.0000000000  2.1342983442e-07  2.1291360355e-07   0.0049583333333   0.0049583333333
 2.1342225052e-07  1.5695912279e-11  9.4301048514e-06      0.0000000000  2.1319563953e-07  2.1366945515e-07   0.0049750000000   0.0049750000000
 2.1291070443e-07 -3.5144548591e-12  9.4297749851e-06      0.0000000000  2.1296144465e-07  2.1327721416e-07   0.0049916666667   0.0049916666667
 2.1281348376e-07  5.9728849330e-12  9.4294448952e-06      0.0000000000  2.1272724976e-07  2.1274457265e-07   0.0050083333333   0.0050083333333
 2.1241523974e-07 -5.3897628829e-12  9.4291049182e-06      0.0000000000  2.1249305488e-07  2.1294279994e-07   0.0050250000000   0.0050250000000
 2.1219790356e-07 -4.1905698420e-12  9.4287750554e-06      0.0000000000  2.1225840524e-07  2.1211297473e-07   0.0050416666667   0.0050416666667
 2.1184901985e-07 -1.2134340162e-11  9.4284449447e-06      0.0000000000  2.1202421036e-07  2.1265162216e-07   0.0050583333333   0.0050583333333
 2.1156433574e-07 -1.5631410049e-11  9.4281049467e-06      0.0000000000  2.1179001547e-07  2.1104074244e-07   0.0050750000000   0.0050750000000
 2.1121670201e-07 -2.3457105333e-11  9.4277750595e-06      0.0000000000  2.1155536584e-07  2.1069670615e-07   0.0050916666667   0.0050916666667
 2.1094197995e-07 -2.6264166790e-11  9.4274449417e-06      0.0000000000  2.1132117095e-07  2.1068221015e-07   0.0051083333333   0.0051083333333
 2.1081823621e-07 -1.8613913142e-11  9.4271049473e-06      0.0000000000  2.1108697607e-07  2.1051582061e-07   0.0051250000000   0.0051250000000
 2.1052332668e-07 -2.2787736263e-11  9.4267750530e-06      0.0000000000  2.1085232643e-07  2.1095807437e-07   0.0051416666667   0.0051416666667
 2.1050056751e-07 -8.1114210726e-12  9.4264449387e-06      0.0000000000  2.1061767680e-07  2.1040439637e-07   0.0051583333333   0.0051583333333
 2.1038686652e-07  2.3442991731e-13  9.4261049373e-06      0.0000000000  2.1038348191e-07  2.0968915558e-07   0.0051750000000   0.0051750000000
 2.1012388765e-07 -1.7277574932e-12  9.4257750501e-06      0.0000000000  2.1014883228e-07  2.1028845982e-07   0.0051916666667   0.0051916666667
 2.0983924582e-07 -5.1904009455e-12  9.4254449393e-06      0.0000000000  2.0991418265e-07  2.1028932455e-07   0.0052083333333   0.0052083333333
 2.0960065487e-07 -5.4948887127e-12  9.4251049274e-06      0.0000000000  2.0967998776e-07  2.1088936773e-07   0.0052250000000   0.0052250000000
 2.0943689600e-07 -5.8473280511e-13  9.4247750471e-06      0.0000000000  2.0944533813e-07  2.1111039242e-07   0.0052416666667   0.0052416666667
 2.0921036993e-07 -2.2064907380e-14  9.4244449328e-06      0.0000000000  2.0921068850e-07  2.0973515916e-07   0.0052583333333   0.0052583333333
 2.0903080645e-07  3.7934047009e-12  9.4241049279e-06      0.0000000000  2.0897603886e-07  2.0888368428e-07   0.0052750000000   0.0052750000000
 2.0873357933e-07 -5.4094230763e-13  9.4237750441e-06      0.0000000000  2.0874138923e-07  2.0838511309e-07   0.0052916666667   0.0052916666667
 2.0866318160e-07  1.0835750163e-11  9.4234449229e-06      0.0000000000  2.0850673960e-07  2.0852343825e-07   0.0053083333333   0.0053083333333
 2.0829924468e-07  1.8808357724e-12  9.4231049249e-06      0.0000000000  2.0827208996e-07  2.0855353081e-07   0.0053250000000   0.0053250000000
 2.0788799115e-07 -1.0351401213e-11  9.4227750377e-06      0.0000000000  2.0803744033e-07  2.0802959949e-07   0.0053416666667   0.0053416666667
 2.0778129566e-07 -1.4573279453e-12  9.4224449199e-06      0.0000000000  2.0780233595e-07  2.0812157519e-07   0.0053583333333   0.0053583333333
 2.0752242078e-07 -3.1352581615e-12  9.4221049220e-06      0.0000000000  2.0756768632e-07  2.0786140187e-07   0.0053750000000   0.0053750000000
 2.0727642108e-07 -3.9214054559e-12  9.4217750277e-06      0.0000000000  2.0733303669e-07  2.0744268446e-07   0.0053916666667   0.0053916666667
 2.0709768862e-07 -1.6878733137e-14  9.4214449170e-06      0.0000000000  2.0709793230e-07  2.0698494419e-07   0.0054083333333   0.0054083333333
 2.0692739544e-07  4.4406864229e-12  9.4211049155e-06      0.0000000000  2.0686328267e-07  2.0694598423e-07   0.0054250000000   0.0054250000000
 2.0677647943e-07  1.0240385987e-11  9.4207750283e-06      0.0000000000  2.0662863304e-07  2.0695177005e-07   0.0054416666667   0.0054416666667
 2.0654695426e-07  1.0626822791e-11  9.4204449140e-06      0.0000000000  2.0639352866e-07  2.0590238233e-07   0.0054583333333   0.0054583333333
 2.0661150526e-07  3.1350561739e-11  9.4201049056e-06      0.0000000000  2.0615887903e-07  2.0639291940e-07   0.0054750000000   0.0054750000000
 2.0637567155e-07  3.1300045639e-11  9.4197750288e-06      0.0000000000  2.0592377464e-07  2.0655500102e-07   0.0054916666667   0.0054916666667
 2.0593885475e-07  1.7328699674e-11  9.4194449076e-06      0.0000000000  2.0568867026e-07  2.0521116528e-07   0.0055083333333   0.0055083333333
 2.0561302852e-07  1.1013472355e-11  9.4191049061e-06      0.0000000000  2.0545402063e-07  2.0526429107e-07   0.0055250000000   0.0055250000000
 2.0523833500e-07  1.3450141509e-12  9.4187750189e-06      0.0000000000  2.0521891625e-07  2.0501804775e-07   0.0055416666667   0.0055416666667
 2.0495119292e-07 -2.2593090813e-12  9.4184448976e-06      0.0000000000  2.0498381187e-07  2.0527223086e-07   0.0055583333333   0.0055583333333
 2.0472507972e-07 -1.6365464719e-12  9.4181049067e-06      0.0000000000  2.0474870749e-07  2.0581925830e-07   0.0055750000000   0.0055750000000
 2.0445239056e-07 -4.2398069169e-12  9.4177750124e-06      0.0000000000  2.0451360311e-07  2.0441993842e-07   0.0055916666667   0.0055916666667
 2.0427517091e-07 -2.3049736635e-13  9.4174448981e-06      0.0000000000  2.0427849873e-07  2.0323016590e-07   0.0056083333333   0.0056083333333
 2.0399575425e-07 -3.2997286378e-12  9.4171048967e-06      0.0000000000  2.0404339435e-07  2.0378610792e-07   0.0056250000000   0.0056250000000
 2.0378053693e-07 -1.9222779826e-12  9.4167750025e-06      0.0000000000  2.0380828997e-07  2.0398175674e-07   0.0056416666667   0.0056416666667
 2.0359631645e-07  1.6021287680e-12  9.4164448987e-06      0.0000000000  2.0357318559e-07  2.0317793628e-07   0.0056583333333   0.0056583333333
 2.0330222190e-07 -2.4837476186e-12  9.4161048903e-06      0.0000000000  2.0333808121e-07  2.0313017181e-07   0.0056750000000   0.0056750000000
 2.0320553736e-07  7.1037207374e-12  9.4157750065e-06      0.0000000000  2.0310297683e-07  2.0310705996e-07   0.0056916666667   0.0056916666667
 2.0294713367e-07  5.5214220475e-12  9.4154448887e-06      0.0000000000  2.0286741770e-07  2.0345854864e-07   0.0057083333333   0.0057083333333
 2.0271844560e-07  5.9658391762e-12  9.4151048838e-06      0.0000000000  2.0263231332e-07  2.0235199449e-07   0.0057250000000   0.0057250000000
 2.0236906801e-07 -1.9491444736e-12  9.4147750035e-06      0.0000000000  2.0239720894e-07  2.0261991892e-07   0.0057416666667   0.0057416666667
 2.0206362131e-07 -6.7898152787e-12  9.4144448823e-06      0.0000000000  2.0216164981e-07  2.0176078726e-07   0.0057583333333   0.0057583333333
 2.0183287323e-07 -6.4880819369e-12  9.4141048844e-06      0.0000000000  2.0192654543e-07  2.0136060648e-07   0.0057750000000   0.0057750000000
 2.0141385667e-07 -1.9226517840e-11  9.4137749936e-06      0.0000000000  2.0169144105e-07  2.0099092706e-07   0.0057916666667   0.0057916666667
 2.0127332581e-07 -1.2644509459e-11  9.4134448758e-06      0.0000000000  2.0145588192e-07  2.0109598374e-07   0.0058083333333   0.0058083333333
 2.0110160493e-07 -8.2228372478e-12  9.4131048814e-06      0.0000000000  2.0122032279e-07  2.0063920254e-07   0.0058250000000   0.0058250000000
 2.0062946205e-07 -2.4640997336e-11  9.4127749871e-06      0.0000000000  2.0098521841e-07  2.0178660334e-07   0.0058416666667   0.0058416666667
 2.0067930805e-07 -4.8727862778e-12  9.4124448764e-06      0.0000000000  2.0074965929e-07  1.9990989026e-07   0.0058583333333   0.0058583333333
 2.0014193004e-07 -2.5777874891e-11  9.4121048715e-06      0.0000000000  2.0051410016e-07  2.0096671465e-07   0.0058750000000   0.0058750000000
 2.0006066350e-07 -1.5122498891e-11  9.4117749842e-06      0.0000000000  2.0027899578e-07  1.9957638794e-07   0.0058916666667   0.0058916666667
 1.9994906975e-07 -6.5361996952e-12  9.4114448734e-06      0.0000000000  2.0004343665e-07  1.9922568538e-07   0.0059083333333   0.0059083333333
 1.9993236704e-07  8.6226032969e-12  9.4111048650e-06      0.0000000000  1.9980787752e-07  1.9895835839e-07   0.0059250000000   0.0059250000000
 1.9982930349e-07  1.7799735513e-11  9.4107749847e-06      0.0000000000  1.9957231839e-07  1.9918332939e-07   0.0059416666667   0.0059416666667
 1.9937828607e-07  2.8762991698e-12  9.4104448635e-06      0.0000000000  1.9933675927e-07  1.9962036333e-07   0.0059583333333   0.0059583333333
 1.9915635174e-07  3.8200031805e-12  9.4101048655e-06      0.0000000000  1.9910120014e-07  1.9919911462e-07   0.0059750000000   0.0059750000000
 1.9887099079e-07  3.7054556432e-13  9.4097749783e-06      0.0000000000  1.9886564101e-07  1.9857374274e-07   0.0059916666667   0.0059916666667
 1.9864527417e-07  1.0522739992e-12  9.4094448570e-06      0.0000000000  1.9863008188e-07  1.9924508675e-07   0.0060083333333   0.0060083333333
 1.9831364266e-07 -5.6020539385e-12  9.4091048626e-06      0.0000000000  1.9839452276e-07  1.9825001972e-07   0.0060250000000   0.0060250000000
 1.9822704341e-07  4.7154567002e-12  9.4087749683e-06      0.0000000000  1.9815896363e-07  1.9769533549e-07   0.0060416666667   0.0060416666667
 1.9793131749e-07  5.4808311148e-13  9.4084448576e-06      0.0000000000  1.9792340450e-07  1.9754185399e-07   0.0060583333333   0.0060583333333
 1.9778102825e-07  6.4856873195e-12  9.4081048561e-06      0.0000000000  1.9768739063e-07  1.9799335248e-07   0.0060750000000   0.0060750000000
 1.9752436314e-07  5.0238093042e-12  9.4077749619e-06      0.0000000000  1.9745183150e-07  1.9742629477e-07   0.0060916666667   0.0060916666667
 1.9748625506e-07  1.8699996355e-11  9.4074448546e-06      0.0000000000  1.9721627237e-07  1.9822975362e-07   0.0061083333333   0.0061083333333
 1.9718815793e-07  1.4399881542e-11  9.4071048497e-06      0.0000000000  1.9698025849e-07  1.9736227339e-07   0.0061250000000   0.0061250000000
 1.9715027535e-07  2.8091687933e-11  9.4067749659e-06      0.0000000000  1.9674469937e-07  1.9571083003e-07   0.0061416666667   0.0061416666667
 1.9682443197e-07  2.1869765009e-11  9.4064448481e-06      0.0000000000  1.9650868549e-07  1.9608483310e-07   0.0061583333333   0.0061583333333
 1.9654764904e-07  1.9014453045e-11  9.4061048642e-06      0.0000000000  1.9627312636e-07  1.9719135581e-07   0.0061750000000   0.0061750000000
 1.9656259760e-07  3.6397036565e-11  9.4057750014e-06      0.0000000000  1.9603711249e-07  1.9724960709e-07   0.0061916666667   0.0061916666667
 1.9610100627e-07  2.0741212301e-11  9.4054449115e-06      0.0000000000  1.9580155336e-07  1.9580607598e-07   0.0062083333333   0.0062083333333
 1.9593088937e-07  2.5305480432e-11  9.4051049346e-06      0.0000000000  1.9556553949e-07  1.9539704353e-07   0.0062250000000   0.0062250000000
 1.9549967829e-07  1.1785402094e-11  9.4047750648e-06      0.0000000000  1.9532952561e-07  1.9501288382e-07   0.0062416666667   0.0062416666667
 1.9515953287e-07  4.5413700227e-12  9.4044449470e-06      0.0000000000  1.9509396648e-07  1.9489422730e-07   0.0062583333333   0.0062583333333
 1.9499173329e-07  9.2661435349e-12  9.4041049491e-06      0.0000000000  1.9485795261e-07  1.9506596245e-07   0.0062750000000   0.0062750000000
 1.9457793610e-07 -3.0477848915e-12  9.4037750583e-06      0.0000000000  1.9462193873e-07  1.9479097868e-07   0.0062916666667   0.0062916666667
 1.9465330142e-07  1.8519486473e-11  9.4034449475e-06      0.0000000000  1.9438592486e-07  1.9492075089e-07   0.0063083333333   0.0063083333333
 1.9416645327e-07  1.1457799874e-12  9.4031049426e-06      0.0000000000  1.9414991098e-07  1.9471018157e-07   0.0063250000000   0.0063250000000
 1.9406777780e-07  1.0658344059e-11  9.4027750519e-06      0.0000000000  1.9391389711e-07  1.9447310437e-07   0.0063416666667   0.0063416666667
 1.9364519283e-07 -2.2642574868e-12  9.4024449446e-06      0.0000000000  1.9367788323e-07  1.9469598429e-07   0.0063583333333   0.0063583333333
 1.9354563217e-07  7.1869951214e-12  9.4021049362e-06      0.0000000000  1.9344186936e-07  1.9376294190e-07   0.0063750000000   0.0063750000000
 1.9334804262e-07  9.8484056206e-12  9.4017750559e-06      0.0000000000  1.9320585548e-07  1.9345165525e-07   0.0063916666667   0.0063916666667
 1.9304059477e-07  4.9006248558e-12  9.4014449346e-06      0.0000000000  1.9296984161e-07  1.9275380338e-07   0.0064083333333   0.0064083333333
 1.9296961692e-07  1.6331628888e-11  9.4011049332e-06      0.0000000000  1.9273382773e-07  1.9256258825e-07   0.0064250000000   0.0064250000000
 1.9272324632e-07  1.5614283610e-11  9.4007750494e-06      0.0000000000  1.9249781386e-07  1.9302840980e-07   0.0064416666667   0.0064416666667
 1.9242498254e-07  1.1334123285e-11  9.4004449282e-06      0.0000000000  1.9226134523e-07  1.9248727823e-07   0.0064583333333   0.0064583333333
 1.9219718408e-07  1.1903152849e-11  9.4001049547e-06      0.0000000000  1.9202533136e-07  1.9070974168e-07   0.0064750000000   0.0064750000000
 1.9198445012e-07  1.3515606185e-11  9.3997750989e-06      0.0000000000  1.9178931748e-07  1.9075596537e-07   0.0064916666667   0.0064916666667
 1.9172619620e-07  1.2006675909e-11  9.3994449881e-06      0.0000000000  1.9155284886e-07  1.9123299695e-07   0.0065083333333   0.0065083333333
 1.9167272870e-07  2.4650510637e-11  9.3991049867e-06      0.0000000000  1.9131683499e-07  1.9080443735e-07   0.0065250000000   0.0065250000000
 1.9118518854e-07  7.2288727628e-12  9.3987751029e-06      0.0000000000  1.9108082111e-07  1.8960845451e-07   0.0065416666667   0.0065416666667
 1.9078689999e-07 -3.9793719402e-12  9.3984449886e-06      0.0000000000  1.9084435249e-07  1.9053350995e-07   0.0065583333333   0.0065583333333
 1.9040511388e-07 -1.4076094251e-11  9.3981049872e-06      0.0000000000  1.9060833861e-07  1.9080454741e-07   0.0065750000000   0.0065750000000
 1.9012445717e-07 -1.7136724590e-11  9.3977751034e-06      0.0000000000  1.9037186999e-07  1.9088768715e-07   0.0065916666667   0.0065916666667
 1.8991512911e-07 -1.5256868659e-11  9.3974449857e-06      0.0000000000  1.9013540137e-07  1.8944827529e-07   0.0066083333333   0.0066083333333
 1.8935180175e-07 -3.7927807895e-11  9.3971049912e-06      0.0000000000  1.8989938749e-07  1.8929770242e-07   0.0066250000000   0.0066250000000
 1.8918848696e-07 -3.2860903236e-11  9.3967751005e-06      0.0000000000  1.8966291887e-07  1.8910807525e-07   0.0066416666667   0.0066416666667
 1.8896713658e-07 -3.1813758029e-11  9.3964449932e-06      0.0000000000  1.8942645025e-07  1.9006363204e-07   0.0066583333333   0.0066583333333
 1.8909186276e-07 -6.8275721563e-12  9.3961049883e-06      0.0000000000  1.8919043637e-07  1.8838500474e-07   0.0066750000000   0.0066750000000
 1.8903637807e-07  5.7080422325e-12  9.3957751010e-06      0.0000000000  1.8895396775e-07  1.8822014026e-07   0.0066916666667   0.0066916666667
 1.8885500548e-07  9.5241967300e-12  9.3954449902e-06      0.0000000000  1.8871749913e-07  1.8896397999e-07   0.0067083333333   0.0067083333333
 1.8884099509e-07  2.4932474351e-11  9.3951049853e-06      0.0000000000  1.8848103051e-07  1.8839924918e-07   0.0067250000000   0.0067250000000
 1.8833141638e-07  6.0158629736e-12  9.3947751085e-06      0.0000000000  1.8824456188e-07  1.8833868672e-07   0.0067416666667   0.0067416666667
 1.8853538376e-07  3.6522083941e-11  9.3944449873e-06      0.0000000000  1.8800809326e-07  1.8761926379e-07   0.0067583333333   0.0067583333333
 1.8806790724e-07  2.0521625666e-11  9.3941049928e-06      0.0000000000  1.8777162464e-07  1.8746343966e-07   0.0067750000000   0.0067750000000
 1.8793014966e-07  2.7358716094e-11  9.3937751021e-06      0.0000000000  1.8753515602e-07  1.8661356846e-07   0.0067916666667   0.0067916666667
 1.8765568900e-07  2.4727247495e-11  9.3934449913e-06      0.0000000000  1.8729868739e-07  1.8672437953e-07   0.0068083333333   0.0068083333333
 1.8707465258e-07  8.6121129148e-13  9.3931049899e-06      0.0000000000  1.8706221877e-07  1.8754587190e-07   0.0068250000000   0.0068250000000
 1.8693161619e-07  7.3326722016e-12  9.3927750991e-06      0.0000000000  1.8682575015e-07  1.8727947254e-07   0.0068416666667   0.0068416666667
 1.8664157641e-07  3.6221366442e-12  9.3924449953e-06      0.0000000000  1.8658928153e-07  1.8759896625e-07   0.0068583333333   0.0068583333333
 1.8605313098e-07 -2.0725577593e-11  9.3921049869e-06      0.0000000000  1.8635235816e-07  1.8720405246e-07   0.0068750000000   0.0068750000000
 1.8597777028e-07 -9.5666489259e-12  9.3917751066e-06      0.0000000000  1.8611588953e-07  1.8696716393e-07   0.0068916666667   0.0068916666667
 1.8540323584e-07 -3.2982333644e-11  9.3914449889e-06      0.0000000000  1.8587942091e-07  1.8624530404e-07   0.0069083333333   0.0069083333333
 1.8521031820e-07 -2.9934335133e-11  9.3911049944e-06      0.0000000000  1.8564249754e-07  1.8549113474e-07   0.0069250000000   0.0069250000000
 1.8483158423e-07 -3.9788157227e-11  9.3907751037e-06      0.0000000000  1.8540602892e-07  1.8603039535e-07   0.0069416666667   0.0069416666667
 1.8464571577e-07 -3.6251906271e-11  9.3904449894e-06      0.0000000000  1.8516910555e-07  1.8542915726e-07   0.0069583333333   0.0069583333333
 1.8446149444e-07 -3.2633066240e-11  9.3901049950e-06      0.0000000000  1.8493263693e-07  1.8538672266e-07   0.0069750000000   0.0069750000000
 1.8441754927e-07 -1.9298182062e-11  9.3897751007e-06      0.0000000000  1.8469616831e-07  1.8466648217e-07   0.0069916666667   0.0069916666667
 1.8419971780e-07 -1.7975806083e-11  9.3894449969e-06      0.0000000000  1.8445924494e-07  1.8418883742e-07   0.0070083333333   0.0070083333333
 1.8434438933e-07  8.4548635203e-12  9.3891049885e-06      0.0000000000  1.8422232157e-07  1.8424551646e-07   0.0070250000000   0.0070250000000
 1.8397268852e-07 -9.1181650777e-13  9.3887751082e-06      0.0000000000  1.8398585294e-07  1.8354720864e-07   0.0070416666667   0.0070416666667
 1.8387120105e-07  8.4689733351e-12  9.3884449905e-06      0.0000000000  1.8374892957e-07  1.8371792183e-07   0.0070583333333   0.0070583333333
 1.8356755621e-07  3.8475980037e-12  9.3881049925e-06      0.0000000000  1.8351200620e-07  1.8313366388e-07   0.0070750000000   0.0070750000000
 1.8331442051e-07  2.6931749421e-12  9.3877751088e-06      0.0000000000  1.8327553758e-07  1.8245422286e-07   0.0070916666667   0.0070916666667
 1.8304724476e-07  5.9778380495e-13  9.3874449875e-06      0.0000000000  1.8303861421e-07  1.8220316851e-07   0.0071083333333   0.0071083333333
 1.8260789479e-07 -1.3423029419e-11  9.3871049966e-06      0.0000000000  1.8280169084e-07  1.8347262185e-07   0.0071250000000   0.0071250000000
 1.8245596890e-07 -7.5357901039e-12  9.3867751023e-06      0.0000000000  1.8256476747e-07  1.8168099808e-07   0.0071416666667   0.0071416666667
 1.8211725502e-07 -1.4586176472e-11  9.3864449985e-06      0.0000000000  1.8232784410e-07  1.8299820018e-07   0.0071583333333   0.0071583333333
 1.8203603572e-07 -3.8330360537e-12  9.3861049901e-06      0.0000000000  1.8209137548e-07  1.8232360165e-07   0.0071750000000   0.0071750000000
 1.8172875393e-07 -8.7063195185e-12  9.3857751064e-06      0.0000000000  1.8185445211e-07  1.8248994403e-07   0.0071916666667   0.0071916666667
 1.8161981489e-07  1.5834734957e-13  9.3854449956e-06      0.0000000000  1.8161752874e-07  1.8069094648e-07   0.0072083333333   0.0072083333333
 1.8134604071e-07 -2.3940760578e-12  9.3851049907e-06      0.0000000000  1.8138060537e-07  1.8069459406e-07   0.0072250000000   0.0072250000000
 1.8105917659e-07 -5.8216590394e-12  9.3847751104e-06      0.0000000000  1.8114322725e-07  1.8048264117e-07   0.0072416666667   0.0072416666667
 1.8103442564e-07  8.8741851473e-12  9.3844449891e-06      0.0000000000  1.8090630388e-07  1.8093461134e-07   0.0072583333333   0.0072583333333
 1.8054254464e-07 -8.7851201634e-12  9.3841050017e-06      0.0000000000  1.8066938051e-07  1.8040509858e-07   0.0072750000000   0.0072750000000
 1.8041166985e-07 -1.4398042976e-12  9.3837751039e-06      0.0000000000  1.8043245714e-07  1.8091717526e-07   0.0072916666667   0.0072916666667
 1.8021207308e-07  1.1455730316e-12  9.3834449966e-06      0.0000000000  1.8019553377e-07  1.8034128159e-07   0.0073083333333   0.0073083333333
 1.7998645232e-07  1.9284340375e-12  9.3831049952e-06      0.0000000000  1.7995861040e-07  1.7904343370e-07   0.0073250000000   0.0073250000000
 1.7980857708e-07  6.0498227294e-12  9.3827751045e-06      0.0000000000  1.7972123229e-07  1.7936327330e-07   0.0073416666667   0.0073416666667
 1.7951157904e-07  1.8888293135e-12  9.3824449972e-06      0.0000000000  1.7948430892e-07  1.7926291759e-07   0.0073583333333   0.0073583333333
 1.7919943659e-07 -3.3211212659e-12  9.3821049923e-06      0.0000000000  1.7924738555e-07  1.7855648132e-07   0.0073750000000   0.0073750000000
 1.7900110582e-07 -6.1655852052e-13  9.3817751120e-06      0.0000000000  1.7901000743e-07  1.7926724124e-07   0.0073916666667   0.0073916666667
 1.7883889539e-07  4.5583352261e-12  9.3814449907e-06      0.0000000000  1.7877308406e-07  1.7904965975e-07   0.0074083333333   0.0074083333333
 1.7885101065e-07  2.1839166445e-11  9.3811049998e-06      0.0000000000  1.7853570594e-07  1.7806515813e-07   0.0074250000000   0.0074250000000
 1.7849267832e-07  1.3429934455e-11  9.3807751090e-06      0.0000000000  1.7829878257e-07  1.7838877110e-07   0.0074416666667   0.0074416666667
 1.7811554228e-07  3.7497850722e-12  9.3804449948e-06      0.0000000000  1.7806140446e-07  1.7765257243e-07   0.0074583333333   0.0074583333333
 1.7775782154e-07 -4.6170859335e-12  9.3801049968e-06      0.0000000000  1.7782448109e-07  1.7702397747e-07   0.0074750000000   0.0074750000000
 1.7763905973e-07  3.5987167362e-12  9.3797751061e-06      0.0000000000  1.7758710297e-07  1.7696269178e-07   0.0074916666667   0.0074916666667
 1.7728681071e-07 -4.3891631835e-12  9.3794450023e-06      0.0000000000  1.7735017960e-07  1.7720019348e-07   0.0075083333333   0.0075083333333
 1.7700124992e-07 -7.7264722983e-12  9.3791049904e-06      0.0000000000  1.7711280148e-07  1.7687082614e-07   0.0075250000000   0.0075250000000
 1.7665137760e-07 -1.5518235997e-11  9.3787751136e-06      0.0000000000  1.7687542336e-07  1.7742744421e-07   0.0075416666667   0.0075416666667
 1.7632037285e-07 -2.2034659291e-11  9.3784449958e-06      0.0000000000  1.7663849999e-07  1.7706751264e-07   0.0075583333333   0.0075583333333
 1.7609996097e-07 -2.0859514990e-11  9.3781049979e-06      0.0000000000  1.7640112188e-07  1.7687271282e-07   0.0075750000000   0.0075750000000
 1.7581800533e-07 -2.3947118225e-11  9.3777751106e-06      0.0000000000  1.7616374376e-07  1.7652246620e-07   0.0075916666667   0.0075916666667
 1.7584299551e-07 -5.7745225898e-12  9.3774449964e-06      0.0000000000  1.7592636564e-07  1.7698770603e-07   0.0076083333333   0.0076083333333
 1.7556206988e-07 -8.7907839307e-12  9.3771050019e-06      0.0000000000  1.7568898753e-07  1.7583148499e-07   0.0076250000000   0.0076250000000
 1.7557186757e-07  8.3295234016e-12  9.3767751042e-06      0.0000000000  1.7545160941e-07  1.7639634158e-07   0.0076416666667   0.0076416666667
 1.7540321400e-07  1.3089639490e-11  9.3764450039e-06      0.0000000000  1.7521423129e-07  1.7663538406e-07   0.0076583333333   0.0076583333333
 1.7502392150e-07  3.2601255351e-12  9.3761049955e-06      0.0000000000  1.7497685317e-07  1.7466812601e-07   0.0076750000000   0.0076750000000
 1.7497087182e-07  1.6027392959e-11  9.3757751117e-06      0.0000000000  1.7473947506e-07  1.7424407873e-07   0.0076916666667   0.0076916666667
 1.7435829577e-07 -9.9601993277e-12  9.3754449974e-06      0.0000000000  1.7450209694e-07  1.7568449682e-07   0.0077083333333   0.0077083333333
 1.7424861082e-07 -1.1156996915e-12  9.3751049995e-06      0.0000000000  1.7426471882e-07  1.7490372531e-07   0.0077250000000   0.0077250000000
 1.7395400550e-07 -5.0794665071e-12  9.3747751122e-06      0.0000000000  1.7402734071e-07  1.7388479176e-07   0.0077416666667   0.0077416666667
 1.7379722945e-07  5.0332987498e-13  9.3744449945e-06      0.0000000000  1.7378996259e-07  1.7374465853e-07   0.0077583333333   0.0077583333333
 1.7365252383e-07  6.9221681197e-12  9.3741050035e-06      0.0000000000  1.7355258447e-07  1.7456990854e-07   0.0077750000000   0.0077750000000
 1.7313796090e-07 -1.2276673932e-11  9.3737751093e-06      0.0000000000  1.7331520635e-07  1.7376061671e-07   0.0077916666667   0.0077916666667
 1.7271600297e-07 -2.5061352327e-11  9.3734450020e-06      0.0000000000  1.7307782824e-07  1.7353487532e-07   0.0078083333333   0.0078083333333
 1.7254483311e-07 -2.0444026399e-11  9.3731049971e-06      0.0000000000  1.7283999537e-07  1.7302844296e-07   0.0078250000000   0.0078250000000
 1.7230176088e-07 -2.0838422261e-11  9.3727751133e-06      0.0000000000  1.7260261726e-07  1.7294978408e-07   0.0078416666667   0.0078416666667
 1.7205585592e-07 -2.1429022211e-11  9.3724450025e-06      0.0000000000  1.7236523914e-07  1.7206782358e-07   0.0078583333333   0.0078583333333
 1.7199258055e-07 -9.3385265273e-12  9.3721049976e-06      0.0000000000  1.7212740627e-07  1.7189434326e-07   0.0078750000000   0.0078750000000
 1.7174025431e-07 -1.0373889052e-11  9.3717751138e-06      0.0000000000  1.7189002816e-07  1.7168731146e-07   0.0078916666667   0.0078916666667
 1.7159456123e-07 -3.9919477591e-12  9.3714449961e-06      0.0000000000  1.7165219529e-07  1.7165703023e-07   0.0079083333333   0.0079083333333
 1.7127784248e-07 -9.4873722850e-12  9.3711050051e-06      0.0000000000  1.7141481718e-07  1.7085673157e-07   0.0079250000000   0.0079250000000
 1.7104696391e-07 -9.0056924326e-12  9.3707751109e-06      0.0000000000  1.7117698431e-07  1.7127903368e-07   0.0079416666667   0.0079416666667
 1.7049227811e-07 -3.0983592710e-11  9.3704450036e-06      0.0000000000  1.7093960619e-07  1.7053085459e-07   0.0079583333333   0.0079583333333
 1.7052196229e-07 -1.2454375474e-11  9.3701050022e-06      0.0000000000  1.7070177333e-07  1.7005805232e-07   0.0079750000000   0.0079750000000
 1.7025070935e-07 -1.4800670738e-11  9.3697751114e-06      0.0000000000  1.7046439521e-07  1.6991873664e-07   0.0079916666667   0.0079916666667
 1.7030239394e-07  5.2523760320e-12  9.3694450041e-06      0.0000000000  1.7022656235e-07  1.7009874174e-07   0.0080083333333   0.0080083333333
 1.7009877856e-07  7.6224045558e-12  9.3691049992e-06      0.0000000000  1.6998872948e-07  1.6970214566e-07   0.0080250000000   0.0080250000000
 1.6995714718e-07  1.4254176608e-11  9.3687751154e-06      0.0000000000  1.6975135137e-07  1.7070900444e-07   0.0080416666667   0.0080416666667
 1.6981586401e-07  2.0941564840e-11  9.3684449977e-06      0.0000000000  1.6951351850e-07  1.6920374741e-07   0.0080583333333   0.0080583333333
 1.6935886356e-07  5.7612099690e-12  9.3681050067e-06      0.0000000000  1.6927568564e-07  1.6938611086e-07   0.0080750000000   0.0080750000000
 1.6918350957e-07  1.0088726805e-11  9.3677751125e-06      0.0000000000  1.6903785277e-07  1.6825191683e-07   0.0080916666667   0.0080916666667
 1.6893329116e-07  9.1993607001e-12  9.3674450017e-06      0.0000000000  1.6880047466e-07  1.6877246785e-07   0.0081083333333   0.0081083333333
 1.6874049121e-07  1.2318506865e-11  9.3671050038e-06      0.0000000000  1.6856264179e-07  1.6858658260e-07   0.0081250000000   0.0081250000000
 1.6838488353e-07  4.1609887698e-12  9.3667751130e-06      0.0000000000  1.6832480893e-07  1.6841175016e-07   0.0081416666667   0.0081416666667
 1.6790271197e-07 -1.2762810226e-11  9.3664450057e-06      0.0000000000  1.6808697606e-07  1.6810494437e-07   0.0081583333333   0.0081583333333
 1.6789274033e-07  3.0196978443e-12  9.3661049973e-06      0.0000000000  1.6784914320e-07  1.6758962889e-07   0.0081750000000   0.0081750000000
 1.6769688243e-07  5.9270390882e-12  9.3657751205e-06      0.0000000000  1.6761131033e-07  1.6640800055e-07   0.0081916666667   0.0081916666667
 1.6755967092e-07  1.2896445249e-11  9.3654450028e-06      0.0000000000  1.6737347747e-07  1.6756036961e-07   0.0082083333333   0.0082083333333
 1.6740549654e-07  1.8690940180e-11  9.3651050048e-06      0.0000000000  1.6713564460e-07  1.6719383465e-07   0.0082250000000   0.0082250000000
 1.6724800691e-07  2.4255808596e-11  9.3647751141e-06      0.0000000000  1.6689781174e-07  1.6717194915e-07   0.0082416666667   0.0082416666667
 1.6693775201e-07  1.9239591586e-11  9.3644450033e-06      0.0000000000  1.6665997887e-07  1.6775781078e-07   0.0082583333333   0.0082583333333
 1.6649980704e-07  5.3790895041e-12  9.3641050054e-06      0.0000000000  1.6642214601e-07  1.6615005980e-07   0.0082750000000   0.0082750000000
 1.6640989084e-07  1.5655840189e-11  9.3637751111e-06      0.0000000000  1.6618385840e-07  1.6595463109e-07   0.0082916666667   0.0082916666667
 1.6618919955e-07  1.6843129306e-11  9.3634450108e-06      0.0000000000  1.6594602553e-07  1.6668921036e-07   0.0083083333333   0.0083083333333
 1.6589983491e-07  1.3273848038e-11  9.3631050024e-06      0.0000000000  1.6570819267e-07  1.6580728130e-07   0.0083250000000   0.0083250000000
 1.6577141117e-07  2.0851927319e-11  9.3627751186e-06      0.0000000000  1.6547035980e-07  1.6514933273e-07   0.0083416666667   0.0083416666667
 1.6532270961e-07  6.2778814230e-12  9.3624450044e-06      0.0000000000  1.6523207219e-07  1.6591541957e-07   0.0083583333333   0.0083583333333
 1.6530140764e-07  2.1275610159e-11  9.3621050064e-06      0.0000000000  1.6499423933e-07  1.6548673419e-07   0.0083750000000   0.0083750000000
 1.6474779493e-07 -5.9646627128e-13  9.3617751157e-06      0.0000000000  1.6475640646e-07  1.6445871313e-07   0.0083916666667   0.0083916666667
 1.6445364478e-07 -4.4657119403e-12  9.3614450014e-06      0.0000000000  1.6451811885e-07  1.6365588318e-07   0.0084083333333   0.0084083333333
 1.6400514194e-07 -1.9057491563e-11  9.3611050105e-06      0.0000000000  1.6428028599e-07  1.6404188240e-07   0.0084250000000   0.0084250000000
 1.6388487227e-07 -1.0883133737e-11  9.3607751127e-06      0.0000000000  1.6404199838e-07  1.6355952095e-07   0.0084416666667   0.0084416666667
 1.6359050241e-07 -1.4799094043e-11  9.3604450089e-06      0.0000000000  1.6380416551e-07  1.6375059457e-07   0.0084583333333   0.0084583333333
 1.6323064012e-07 -2.3219804466e-11  9.3601050040e-06      0.0000000000  1.6356587790e-07  1.6356285408e-07   0.0084750000000   0.0084750000000
 1.6318820691e-07 -9.6857041797e-12  9.3597751202e-06      0.0000000000  1.6332804503e-07  1.6298930304e-07   0.0084916666667   0.0084916666667
 1.6288423925e-07 -1.4234946356e-11  9.3594450060e-06      0.0000000000  1.6308975742e-07  1.6387887316e-07   0.0085083333333   0.0085083333333
 1.6254517630e-07 -2.1246515624e-11  9.3591050045e-06      0.0000000000  1.6285192456e-07  1.6261459246e-07   0.0085250000000   0.0085250000000
 1.6255893784e-07 -3.7886620490e-12  9.3587751208e-06      0.0000000000  1.6261363695e-07  1.6275038633e-07   0.0085416666667   0.0085416666667
 1.6234149187e-07 -2.3450926398e-12  9.3584450030e-06      0.0000000000  1.6237534933e-07  1.6261713948e-07   0.0085583333333   0.0085583333333
 1.6216542957e-07  1.9333639211e-12  9.3581050121e-06      0.0000000000  1.6213751647e-07  1.6216560954e-07   0.0085750000000   0.0085750000000
 1.6201010689e-07  7.6798210903e-12  9.3577751143e-06      0.0000000000  1.6189922886e-07  1.6196203666e-07   0.0085916666667   0.0085916666667
 1.6175677109e-07  6.6375280238e-12  9.3574450105e-06      0.0000000000  1.6166094125e-07  1.6188495001e-07   0.0086083333333   0.0086083333333
 1.6138969877e-07 -2.2825756541e-12  9.3571050056e-06      0.0000000000  1.6142265363e-07  1.6051963755e-07   0.0086250000000   0.0086250000000
 1.6121020292e-07  1.7895585241e-12  9.3567751184e-06      0.0000000000  1.6118436602e-07  1.6066940858e-07   0.0086416666667   0.0086416666667
 1.6078991310e-07 -1.0848082432e-11  9.3564450111e-06      0.0000000000  1.6094653316e-07  1.6055861324e-07   0.0086583333333   0.0086583333333
 1.6060463934e-07 -7.1761475918e-12  9.3561050027e-06      0.0000000000  1.6070824555e-07  1.6014777272e-07   0.0086750000000   0.0086750000000
 1.6089694076e-07  2.9574404617e-11  9.3557751224e-06      0.0000000000  1.6046995793e-07  1.6112853241e-07   0.0086916666667   0.0086916666667
 1.6028301743e-07  3.5564897897e-12  9.3554450046e-06      0.0000000000  1.6023167032e-07  1.5993787945e-07   0.0087083333333   0.0087083333333
 1.6021722603e-07  1.5504213820e-11  9.3551050137e-06      0.0000000000  1.5999338271e-07  1.6071347831e-07   0.0087250000000   0.0087250000000
 1.5998404037e-07  1.5857593967e-11  9.3547751159e-06      0.0000000000  1.5975509510e-07  1.6049067700e-07   0.0087416666667   0.0087416666667
 1.5969990063e-07  1.2681706374e-11  9.3544450086e-06      0.0000000000  1.5951680749e-07  1.5831832099e-07   0.0087583333333   0.0087583333333
 1.5934982352e-07  4.9387531920e-12  9.3541050107e-06      0.0000000000  1.5927851987e-07  1.5938971999e-07   0.0087750000000   0.0087750000000
 1.5918057962e-07  9.7209751661e-12  9.3537751165e-06      0.0000000000  1.5904023226e-07  1.5937479949e-07   0.0087916666667   0.0087916666667
 1.5881782022e-07  1.0996006308e-12  9.3534450127e-06      0.0000000000  1.5880194465e-07  1.5811022007e-07   0.0088083333333   0.0088083333333
 1.5859397949e-07  2.1317420267e-12  9.3531050078e-06      0.0000000000  1.5856320229e-07  1.5778091562e-07   0.0088250000000   0.0088250000000
 1.5837283219e-07  3.3189432775e-12  9.3527751240e-06      0.0000000000  1.5832491468e-07  1.5787149203e-07   0.0088416666667   0.0088416666667
 1.5805141858e-07 -2.4386695693e-12  9.3524450062e-06      0.0000000000  1.5808662707e-07  1.5788361396e-07   0.0088583333333   0.0088583333333
 1.5761224490e-07 -1.6352779817e-11  9.3521050118e-06      0.0000000000  1.5784833946e-07  1.5746398465e-07   0.0088750000000   0.0088750000000
 1.5743859108e-07 -1.1876004783e-11  9.3517751210e-06      0.0000000000  1.5761005184e-07  1.5735787456e-07   0.0088916666667   0.0088916666667
 1.5693274987e-07 -3.0376255978e-11  9.3514450068e-06      0.0000000000  1.5737130949e-07  1.5730108546e-07   0.0089083333333   0.0089083333333
 1.5668644749e-07 -3.0931388472e-11  9.3511050123e-06      0.0000000000  1.5713302187e-07  1.5650597518e-07   0.0089250000000   0.0089250000000
 1.5624123859e-07 -4.5263519652e-11  9.3507751181e-06      0.0000000000  1.5689473426e-07  1.5609722573e-07   0.0089416666667   0.0089416666667
 1.5610454691e-07 -3.8195113813e-11  9.3504450143e-06      0.0000000000  1.5665599190e-07  1.5618182765e-07   0.0089583333333   0.0089583333333
 1.5591232042e-07 -3.5004750633e-11  9.3501050059e-06      0.0000000000  1.5641770429e-07  1.5633768323e-07   0.0089750000000   0.0089750000000
 1.5548118832e-07 -4.8330373499e-11  9.3497751256e-06      0.0000000000  1.5617896193e-07  1.5547056462e-07   0.0089916666667   0.0089916666667
 1.5559796765e-07 -2.3737127664e-11  9.3494450113e-06      0.0000000000  1.5594067432e-07  1.5563374681e-07   0.0090083333333   0.0090083333333
 1.5531078072e-07 -2.7092577490e-11  9.3491050099e-06      0.0000000000  1.5570193196e-07  1.5609235180e-07   0.0090250000000   0.0090250000000
 1.5529232196e-07 -1.1866420485e-11  9.3487751226e-06      0.0000000000  1.5546364435e-07  1.5551392684e-07   0.0090416666667   0.0090416666667
 1.5504458138e-07 -1.2489670107e-11  9.3484450118e-06      0.0000000000  1.5522490199e-07  1.5554511996e-07   0.0090583333333   0.0090583333333
 1.5504239349e-07  3.8634667390e-12  9.3481050139e-06      0.0000000000  1.5498661438e-07  1.5546193305e-07   0.0090750000000   0.0090750000000
 1.5467208080e-07 -5.2495792467e-12  9.3477751162e-06      0.0000000000  1.5474787202e-07  1.5498883206e-07   0.0090916666667   0.0090916666667
 1.5473556717e-07  1.5683896890e-11  9.3474450159e-06      0.0000000000  1.5450912966e-07  1.5510055502e-07   0.0091083333333   0.0091083333333
 1.5437673488e-07  7.3345283604e-12  9.3471050110e-06      0.0000000000  1.5427084205e-07  1.5509887273e-07   0.0091250000000   0.0091250000000
 1.5430956995e-07  1.9218613795e-11  9.3467751237e-06      0.0000000000  1.5403209969e-07  1.5400285254e-07   0.0091416666667   0.0091416666667
 1.5420921858e-07  2.8804083778e-11  9.3464450129e-06      0.0000000000  1.5379335733e-07  1.5399024322e-07   0.0091583333333   0.0091583333333
 1.5376701373e-07  1.4711521677e-11  9.3461050115e-06      0.0000000000  1.5355461497e-07  1.5460294289e-07   0.0091750000000   0.0091750000000
 1.5374350141e-07  2.9587649998e-11  9.3457751242e-06      0.0000000000  1.5331632736e-07  1.5404432808e-07   0.0091916666667   0.0091916666667
 1.5339832724e-07  2.2215790366e-11  9.3454450100e-06      0.0000000000  1.5307758500e-07  1.5435239165e-07   0.0092083333333   0.0092083333333
 1.5294736696e-07  7.5167944106e-12  9.3451050155e-06      0.0000000000  1.5283884264e-07  1.5235306002e-07   0.0092250000000   0.0092250000000
 1.5295727654e-07  2.4739344694e-11  9.3447751213e-06      0.0000000000  1.5260010028e-07  1.5237165955e-07   0.0092416666667   0.0092416666667
 1.5233256455e-07 -1.9943347071e-12  9.3444450140e-06      0.0000000000  1.5236135792e-07  1.5276217108e-07   0.0092583333333   0.0092583333333
 1.5219962310e-07  5.3338259480e-12  9.3441050126e-06      0.0000000000  1.5212261556e-07  1.5234774587e-07   0.0092750000000   0.0092750000000
 1.5196311638e-07  5.4886748767e-12  9.3437751218e-06      0.0000000000  1.5188387320e-07  1.5169597618e-07   0.0092916666667   0.0092916666667
 1.5152198937e-07 -8.5292326982e-12  9.3434450145e-06      0.0000000000  1.5164513084e-07  1.5056873142e-07   0.0093083333333   0.0093083333333
 1.5142561373e-07  1.3316114418e-12  9.3431050131e-06      0.0000000000  1.5140638848e-07  1.5235029289e-07   0.0093250000000   0.0093250000000
 1.5135281571e-07  1.2825527968e-11  9.3427751258e-06      0.0000000000  1.5116764612e-07  1.5174688512e-07   0.0093416666667   0.0093416666667
 1.5076652034e-07 -1.1247274615e-11  9.3424450081e-06      0.0000000000  1.5092890377e-07  1.5072814025e-07   0.0093583333333   0.0093583333333
 1.5061400854e-07 -5.2746284428e-12  9.3421050171e-06      0.0000000000  1.5069016141e-07  1.4999142274e-07   0.0093750000000   0.0093750000000
 1.5062596183e-07  1.2089476741e-11  9.3417751229e-06      0.0000000000  1.5045141905e-07  1.4939856467e-07   0.0093916666667   0.0093916666667
 1.5026572368e-07  3.6742303498e-12  9.3414450156e-06      0.0000000000  1.5021267669e-07  1.4988078462e-07   0.0094083333333   0.0094083333333
 1.5035043248e-07  2.6109148029e-11  9.3411050142e-06      0.0000000000  1.4997347958e-07  1.5013216915e-07   0.0094250000000   0.0094250000000
 1.4978155127e-07  3.2425138637e-12  9.3407751234e-06      0.0000000000  1.4973473722e-07  1.5008346133e-07   0.0094416666667   0.0094416666667
 1.4975056554e-07  1.7632504127e-11  9.3404450161e-06      0.0000000000  1.4949599486e-07  1.4925556997e-07   0.0094583333333   0.0094583333333
 1.4928209492e-07  1.7206774758e-12  9.3401050112e-06      0.0000000000  1.4925725250e-07  1.4923599565e-07   0.0094750000000   0.0094750000000
 1.4894699028e-07 -4.9222317475e-12  9.3397751274e-06      0.0000000000  1.4901805540e-07  1.4761653153e-07   0.0094916666667   0.0094916666667
 1.4856280420e-07 -1.4996200295e-11  9.3394450132e-06      0.0000000000  1.4877931304e-07  1.4879767247e-07   0.0095083333333   0.0095083333333
 1.4852204933e-07 -1.2828568941e-12  9.3391050152e-06      0.0000000000  1.4854057068e-07  1.4797243818e-07   0.0095250000000   0.0095250000000
 1.4811160850e-07 -1.3143828797e-11  9.3387751245e-06      0.0000000000  1.4830137357e-07  1.4798717002e-07   0.0095416666667   0.0095416666667
 1.4810635711e-07  3.0286169297e-12  9.3384450172e-06      0.0000000000  1.4806263121e-07  1.4911649013e-07   0.0095583333333   0.0095583333333
 1.4793665112e-07  7.8418278272e-12  9.3381050158e-06      0.0000000000  1.4782343411e-07  1.4847012892e-07   0.0095750000000   0.0095750000000
 1.4774544910e-07  1.1134646703e-11  9.3377751215e-06      0.0000000000  1.4758469175e-07  1.4719510987e-07   0.0095916666667   0.0095916666667
 1.4767494654e-07  2.2819053526e-11  9.3374450177e-06      0.0000000000  1.4734549464e-07  1.4756335857e-07   0.0096083333333   0.0096083333333
 1.4747041859e-07  2.5188869305e-11  9.3371050128e-06      0.0000000000  1.4710675228e-07  1.4730842079e-07   0.0096250000000   0.0096250000000
 1.4742835484e-07  3.8843052642e-11  9.3367751290e-06      0.0000000000  1.4686755517e-07  1.4649508831e-07   0.0096416666667   0.0096416666667
 1.4710596982e-07  3.3049653222e-11  9.3364450148e-06      0.0000000000  1.4662881282e-07  1.4573568347e-07   0.0096583333333   0.0096583333333
 1.4677558075e-07  2.6733362178e-11  9.3361050203e-06      0.0000000000  1.4638961571e-07  1.4685132514e-07   0.0096750000000   0.0096750000000
 1.4660045114e-07  3.1170913128e-11  9.3357751261e-06      0.0000000000  1.4615041860e-07  1.4696537501e-07   0.0096916666667   0.0096916666667
 1.4603440211e-07  8.5004460367e-12  9.3354450153e-06      0.0000000000  1.4591167624e-07  1.4594018397e-07   0.0097083333333   0.0097083333333
 1.4578074930e-07  7.4991908296e-12  9.3351050174e-06      0.0000000000  1.4567247914e-07  1.4531673022e-07   0.0097250000000   0.0097250000000
 1.4526201160e-07 -1.1862821358e-11  9.3347751231e-06      0.0000000000  1.4543328203e-07  1.4528317874e-07   0.0097416666667   0.0097416666667
 1.4501510785e-07 -1.2428109162e-11  9.3344450193e-06      0.0000000000  1.4519453967e-07  1.4469341797e-07   0.0097583333333   0.0097583333333
 1.4460875471e-07 -2.4005952757e-11  9.3341050144e-06      0.0000000000  1.4495534256e-07  1.4494486538e-07   0.0097750000000   0.0097750000000
 1.4425572132e-07 -3.1890673585e-11  9.3337751306e-06      0.0000000000  1.4471614546e-07  1.4529081980e-07   0.0097916666667   0.0097916666667
 1.4398299700e-07 -3.4212891961e-11  9.3334450164e-06      0.0000000000  1.4447694835e-07  1.4398493779e-07   0.0098083333333   0.0098083333333
 1.4380917099e-07 -2.9685048637e-11  9.3331050184e-06      0.0000000000  1.4423775124e-07  1.4431619181e-07   0.0098250000000   0.0098250000000
 1.4349275151e-07 -3.5033754842e-11  9.3327751277e-06      0.0000000000  1.4399855414e-07  1.4317371210e-07   0.0098416666667   0.0098416666667
 1.4315277019e-07 -4.2014441559e-11  9.3324450169e-06      0.0000000000  1.4375935703e-07  1.4338104263e-07   0.0098583333333   0.0098583333333
 1.4306520830e-07 -3.1511626750e-11  9.3321050190e-06      0.0000000000  1.4352015992e-07  1.4308168924e-07   0.0098750000000   0.0098750000000
 1.4275349391e-07 -3.6565938958e-11  9.3317751247e-06      0.0000000000  1.4328141757e-07  1.4458127050e-07   0.0098916666667   0.0098916666667
 1.4270287813e-07 -2.3472603725e-11  9.3314450244e-06      0.0000000000  1.4304176571e-07  1.4320474801e-07   0.0099083333333   0.0099083333333
 1.4260527350e-07 -1.3665386257e-11  9.3311050160e-06      0.0000000000  1.4280256860e-07  1.4305595176e-07   0.0099250000000   0.0099250000000
 1.4231373551e-07 -1.7290709196e-11  9.3307751288e-06      0.0000000000  1.4256337150e-07  1.4202959727e-07   0.0099416666667   0.0099416666667
 1.4251744360e-07  1.3386538233e-11  9.3304450180e-06      0.0000000000  1.4232417439e-07  1.4122824522e-07   0.0099583333333   0.0099583333333
 1.4211340803e-07  1.9692185250e-12  9.3301050200e-06      0.0000000000  1.4208497729e-07  1.4237052054e-07   0.0099750000000   0.0099750000000
 1.4207908548e-07  1.6159585696e-11  9.3297751293e-06      0.0000000000  1.4184578018e-07  1.4119788538e-07   0.0099916666667   0.0099916666667
 1.4170163712e-07  6.5837936502e-12  9.3294450150e-06      0.0000000000  1.4160658307e-07  1.4181008193e-07    0.010008333333    0.010008333333
 1.4138206323e-07  1.0166017404e-12  9.3291050241e-06      0.0000000000  1.4136738597e-07  1.4171434859e-07    0.010025000000    0.010025000000
 1.4128419550e-07  1.0837092910e-11  9.3287751263e-06      0.0000000000  1.4112773411e-07  1.4070285171e-07    0.010041666667    0.010041666667
 1.4093790537e-07  3.4194347819e-12  9.3284450225e-06      0.0000000000  1.4088853700e-07  1.3979178916e-07    0.010058333333    0.010058333333
 1.4070948806e-07  4.1660837249e-12  9.3281050176e-06      0.0000000000  1.4064933990e-07  1.4039052739e-07    0.010075000000    0.010075000000
 1.4052833927e-07  8.1867241237e-12  9.3277751304e-06      0.0000000000  1.4041014279e-07  1.4049037998e-07    0.010091666667    0.010091666667
 1.4049914464e-07  2.2763767172e-11  9.3274450196e-06      0.0000000000  1.4017049094e-07  1.4043132687e-07    0.010108333333    0.010108333333
 1.4035287145e-07  2.9200020026e-11  9.3271050182e-06      0.0000000000  1.3993129383e-07  1.4077132251e-07    0.010125000000    0.010125000000
 1.4031794780e-07  4.3380250395e-11  9.3267751344e-06      0.0000000000  1.3969164198e-07  1.4085542132e-07    0.010141666667    0.010141666667
 1.4011909522e-07  4.6174661517e-11  9.3264450166e-06      0.0000000000  1.3945244487e-07  1.3941022364e-07    0.010158333333    0.010158333333
 1.3968235655e-07  3.2492204304e-11  9.3261050257e-06      0.0000000000  1.3921324776e-07  1.3930747813e-07    0.010175000000    0.010175000000
 1.3919036136e-07  1.5013974390e-11  9.3257751279e-06      0.0000000000  1.3897359591e-07  1.3964731656e-07    0.010191666667    0.010191666667
 1.3910352356e-07  2.5566941347e-11  9.3254450241e-06      0.0000000000  1.3873439880e-07  1.3807483079e-07    0.010208333333    0.010208333333
 1.3854298352e-07  3.3410425920e-12  9.3251050192e-06      0.0000000000  1.3849474695e-07  1.3890715586e-07    0.010225000000    0.010225000000
 1.3848119880e-07  1.5660776313e-11  9.3247751285e-06      0.0000000000  1.3825509510e-07  1.3819815684e-07    0.010241666667    0.010241666667
 1.3798294843e-07 -2.2822076758e-12  9.3244450247e-06      0.0000000000  1.3801589799e-07  1.3737337850e-07    0.010258333333    0.010258333333
 1.3761244726e-07 -1.1345314258e-11  9.3241050163e-06      0.0000000000  1.3777624614e-07  1.3762852067e-07    0.010275000000    0.010275000000
 1.3718151856e-07 -2.4625351374e-11  9.3237751360e-06      0.0000000000  1.3753704903e-07  1.3727245679e-07    0.010291666667    0.010291666667
 1.3699756358e-07 -2.0767580500e-11  9.3234450182e-06      0.0000000000  1.3729739718e-07  1.3626916697e-07    0.010308333333    0.010308333333
 1.3660053932e-07 -3.1667773227e-11  9.3231050273e-06      0.0000000000  1.3705774532e-07  1.3806149825e-07    0.010325000000    0.010325000000
 1.3630901736e-07 -3.5291985786e-11  9.3227751295e-06      0.0000000000  1.3681854821e-07  1.3673415524e-07    0.010341666667    0.010341666667
 1.3596763017e-07 -4.2338550364e-11  9.3224450223e-06      0.0000000000  1.3657889636e-07  1.3729555291e-07    0.010358333333    0.010358333333
 1.3590999753e-07 -2.9731228311e-11  9.3221050243e-06      0.0000000000  1.3633924451e-07  1.3645778791e-07    0.010375000000    0.010375000000
 1.3557231221e-07 -3.6521387718e-11  9.3217751266e-06      0.0000000000  1.3609959265e-07  1.3616208210e-07    0.010391666667    0.010391666667
 1.3546152066e-07 -2.7596047622e-11  9.3214450298e-06      0.0000000000  1.3585994080e-07  1.3617263179e-07    0.010408333333    0.010408333333
 1.3537865252e-07 -1.6736629718e-11  9.3211050179e-06      0.0000000000  1.3562028894e-07  1.3622212573e-07    0.010425000000    0.010425000000
 1.3522129082e-07 -1.1068407972e-11  9.3207751376e-06      0.0000000000  1.3538109184e-07  1.3665516619e-07    0.010441666667    0.010441666667
 1.3528882147e-07  1.0208184812e-11  9.3204450198e-06      0.0000000000  1.3514143998e-07  1.3503812331e-07    0.010458333333    0.010458333333
 1.3512380921e-07  1.5377998805e-11  9.3201050254e-06      0.0000000000  1.3490178813e-07  1.3492998504e-07    0.010475000000    0.010475000000
 1.3492699534e-07  1.8345115642e-11  9.3197751346e-06      0.0000000000  1.3466213628e-07  1.3534722456e-07    0.010491666667    0.010491666667
 1.3483833326e-07  2.8803223829e-11  9.3194450204e-06      0.0000000000  1.3442248442e-07  1.3392579905e-07    0.010508333333    0.010508333333
 1.3448096457e-07  2.0649721762e-11  9.3191050294e-06      0.0000000000  1.3418283257e-07  1.3386729622e-07    0.010525000000    0.010525000000
 1.3444528452e-07  3.4777560716e-11  9.3187751282e-06      0.0000000000  1.3394318071e-07  1.3395086047e-07    0.010541666667    0.010541666667
 1.3391429318e-07  1.4598313760e-11  9.3184450314e-06      0.0000000000  1.3370352886e-07  1.3264703808e-07    0.010558333333    0.010558333333
 1.3347200679e-07  5.9459602849e-13  9.3181050195e-06      0.0000000000  1.3346342226e-07  1.3358214010e-07    0.010575000000    0.010575000000
 1.3340743772e-07  1.2721475307e-11  9.3177751357e-06      0.0000000000  1.3322377041e-07  1.3328844675e-07    0.010591666667    0.010591666667
 1.3290482026e-07 -5.4924921728e-12  9.3174450249e-06      0.0000000000  1.3298411855e-07  1.3210672408e-07    0.010608333333    0.010608333333
 1.3263268596e-07 -7.7423461418e-12  9.3171050235e-06      0.0000000000  1.3274446670e-07  1.3378583876e-07    0.010625000000    0.010625000000
 1.3217387668e-07 -2.2921997617e-11  9.3167751362e-06      0.0000000000  1.3250481484e-07  1.3279913602e-07    0.010641666667    0.010641666667
 1.3190018121e-07 -2.5279984059e-11  9.3164450220e-06      0.0000000000  1.3226516299e-07  1.3309160303e-07    0.010658333333    0.010658333333
 1.3159153994e-07 -3.0026947686e-11  9.3161050310e-06      0.0000000000  1.3202505639e-07  1.3289672460e-07    0.010675000000    0.010675000000
 1.3149252945e-07 -2.0285608080e-11  9.3157751298e-06      0.0000000000  1.3178540453e-07  1.3212351554e-07    0.010691666667    0.010691666667
 1.3102512585e-07 -3.6060534094e-11  9.3154450295e-06      0.0000000000  1.3154575268e-07  1.3216426785e-07    0.010708333333    0.010708333333
 1.3080609629e-07 -3.4600660455e-11  9.3151050246e-06      0.0000000000  1.3130564608e-07  1.3086248937e-07    0.010725000000    0.010725000000
 1.3099695599e-07 -4.7818428798e-12  9.3147751338e-06      0.0000000000  1.3106599423e-07  1.3196739268e-07    0.010741666667    0.010741666667
 1.3059664274e-07 -1.5878346065e-11  9.3144450300e-06      0.0000000000  1.3082588762e-07  1.3124510829e-07    0.010758333333    0.010758333333
 1.3056270047e-07 -1.6301419549e-12  9.3141050251e-06      0.0000000000  1.3058623577e-07  1.3018408603e-07    0.010775000000    0.010775000000
 1.3041793481e-07  4.9420260358e-12  9.3137751378e-06      0.0000000000  1.3034658392e-07  1.3025856277e-07    0.010791666667    0.010791666667
 1.3010243727e-07 -2.7982846737e-13  9.3134450201e-06      0.0000000000  1.3010647732e-07  1.2985475013e-07    0.010808333333    0.010808333333
 1.2981665508e-07 -3.4749856581e-12  9.3131050326e-06      0.0000000000  1.2986682546e-07  1.2810645714e-07    0.010825000000    0.010825000000
 1.2949673213e-07 -9.0033604679e-12  9.3127751349e-06      0.0000000000  1.2962671886e-07  1.2977497497e-07    0.010841666667    0.010841666667
 1.2906109254e-07 -2.2546696284e-11  9.3124450276e-06      0.0000000000  1.2938661226e-07  1.2913740255e-07    0.010858333333    0.010858333333
 1.2908071129e-07 -4.5886581927e-12  9.3121050297e-06      0.0000000000  1.2914696041e-07  1.2871220753e-07    0.010875000000    0.010875000000
 1.2883079736e-07 -5.2679494852e-12  9.3117751354e-06      0.0000000000  1.2890685380e-07  1.2953586959e-07    0.010891666667    0.010891666667
 1.2838663338e-07 -1.9433213617e-11  9.3114450316e-06      0.0000000000  1.2866720195e-07  1.2871749024e-07    0.010908333333    0.010908333333
 1.2843798408e-07  7.5419391246e-13  9.3111050232e-06      0.0000000000  1.2842709535e-07  1.2832954145e-07    0.010925000000    0.010925000000
 1.2812245475e-07 -4.4698628437e-12  9.3107751394e-06      0.0000000000  1.2818698875e-07  1.2690674810e-07    0.010941666667    0.010941666667
 1.2780164607e-07 -1.0059586130e-11  9.3104450252e-06      0.0000000000  1.2794688215e-07  1.2877245555e-07    0.010958333333    0.010958333333
 1.2775637375e-07  3.4038571521e-12  9.3101050307e-06      0.0000000000  1.2770723029e-07  1.2949687818e-07    0.010975000000    0.010975000000
 1.2722259279e-07 -1.6937111937e-11  9.3097751365e-06      0.0000000000  1.2746712369e-07  1.2742429616e-07    0.010991666667    0.010991666667
 1.2724672813e-07  1.3652595539e-12  9.3094450292e-06      0.0000000000  1.2722701709e-07  1.2714723705e-07    0.011008333333    0.011008333333
 1.2714718094e-07  1.1100922383e-11  9.3091050313e-06      0.0000000000  1.2698691049e-07  1.2652728938e-07    0.011025000000    0.011025000000
 1.2651160510e-07 -1.6290735505e-11  9.3087751335e-06      0.0000000000  1.2674680389e-07  1.2621795230e-07    0.011041666667    0.011041666667
 1.2652655083e-07  1.3751293490e-12  9.3084450332e-06      0.0000000000  1.2650669729e-07  1.2534493781e-07    0.011058333333    0.011058333333
 1.2636591616e-07  6.8481510154e-12  9.3081050248e-06      0.0000000000  1.2626704543e-07  1.2493939572e-07    0.011075000000    0.011075000000
 1.2586126548e-07 -1.1475147184e-11  9.3077751410e-06      0.0000000000  1.2602693883e-07  1.2718528512e-07    0.011091666667    0.011091666667
 1.2587043357e-07  5.7905368388e-12  9.3074450303e-06      0.0000000000  1.2578683223e-07  1.2802492107e-07    0.011108333333    0.011108333333
 1.2565655403e-07  7.6071199454e-12  9.3071050323e-06      0.0000000000  1.2554672563e-07  1.2492524561e-07    0.011125000000    0.011125000000
 1.2522387593e-07 -5.7310917339e-12  9.3067751381e-06      0.0000000000  1.2530661903e-07  1.2660192334e-07    0.011141666667    0.011141666667
 1.2489429606e-07 -1.1928340748e-11  9.3064450273e-06      0.0000000000  1.2506651243e-07  1.2607208041e-07    0.011158333333    0.011158333333
 1.2485403363e-07  1.9451010502e-12  9.3061050329e-06      0.0000000000  1.2482595108e-07  1.2521304308e-07    0.011175000000    0.011175000000
 1.2453295189e-07 -3.6635357030e-12  9.3057751351e-06      0.0000000000  1.2458584448e-07  1.2509622608e-07    0.011191666667    0.011191666667
 1.2417984249e-07 -1.1490525964e-11  9.3054450348e-06      0.0000000000  1.2434573787e-07  1.2426721843e-07    0.011208333333    0.011208333333
 1.2410630324e-07  4.6542808230e-14  9.3051050299e-06      0.0000000000  1.2410563127e-07  1.2330354892e-07    0.011225000000    0.011225000000
 1.2332456111e-07 -3.7469131222e-11  9.3047751426e-06      0.0000000000  1.2386552467e-07  1.2344399660e-07    0.011241666667    0.011241666667
 1.2339451628e-07 -1.5993109585e-11  9.3044450319e-06      0.0000000000  1.2362541807e-07  1.2230008616e-07    0.011258333333    0.011258333333
 1.2291443561e-07 -3.2583100461e-11  9.3041050304e-06      0.0000000000  1.2338485672e-07  1.2472329213e-07    0.011275000000    0.011275000000
 1.2297125830e-07 -1.2016683339e-11  9.3037751397e-06      0.0000000000  1.2314475012e-07  1.2183280243e-07    0.011291666667    0.011291666667
 1.2258427098e-07 -2.2190183428e-11  9.3034450289e-06      0.0000000000  1.2290464352e-07  1.2359662909e-07    0.011308333333    0.011308333333
 1.2247036204e-07 -1.3417770293e-11  9.3031050345e-06      0.0000000000  1.2266408217e-07  1.2344971953e-07    0.011325000000    0.011325000000
 1.2226063512e-07 -1.1313561841e-11  9.3027751367e-06      0.0000000000  1.2242397557e-07  1.2252361069e-07    0.011341666667    0.011341666667
 1.2221410148e-07  2.0940155032e-12  9.3024450364e-06      0.0000000000  1.2218386897e-07  1.2207159336e-07    0.011358333333    0.011358333333
 1.2199822079e-07  3.8034886501e-12  9.3021050315e-06      0.0000000000  1.2194330762e-07  1.2249134845e-07    0.011375000000    0.011375000000
 1.2183592296e-07  9.1928108614e-12  9.3017751408e-06      0.0000000000  1.2170320102e-07  1.2351547037e-07    0.011391666667    0.011391666667
 1.2192587738e-07  3.2085552073e-11  9.3014450335e-06      0.0000000000  1.2146263967e-07  1.2278183444e-07    0.011408333333    0.011408333333
 1.2129998999e-07  5.3649521359e-12  9.3011050320e-06      0.0000000000  1.2122253307e-07  1.1976880480e-07    0.011425000000    0.011425000000
 1.2144112401e-07  3.1802580429e-11  9.3007751413e-06      0.0000000000  1.2098197172e-07  1.2164466888e-07    0.011441666667    0.011441666667
 1.2110430177e-07  2.5103698895e-11  9.3004450305e-06      0.0000000000  1.2074186512e-07  1.2213008047e-07    0.011458333333    0.011458333333
 1.2072799557e-07  1.5701510200e-11  9.3001050396e-06      0.0000000000  1.2050130377e-07  1.1947300466e-07    0.011475000000    0.011475000000
 1.2070788302e-07  3.0970606705e-11  9.2997751383e-06      0.0000000000  1.2026074242e-07  1.2019544628e-07    0.011491666667    0.011491666667
 1.2009841131e-07  5.3870170391e-12  9.2994450345e-06      0.0000000000  1.2002063582e-07  1.2209733083e-07    0.011508333333    0.011508333333
 1.2001154059e-07  1.6032196517e-11  9.2991050331e-06      0.0000000000  1.1978007447e-07  1.1919935730e-07    0.011525000000    0.011525000000
 1.1982680763e-07  1.9867579399e-11  9.2987751424e-06      0.0000000000  1.1953996787e-07  1.1968346393e-07    0.011541666667    0.011541666667
 1.1935723595e-07  4.0054794063e-12  9.2984450351e-06      0.0000000000  1.1929940652e-07  1.1857574632e-07    0.011558333333    0.011558333333
 1.1922324180e-07  1.1386716365e-11  9.2981050302e-06      0.0000000000  1.1905884517e-07  1.2038785630e-07    0.011575000000    0.011575000000
 1.1875384753e-07 -4.4630954269e-12  9.2977751429e-06      0.0000000000  1.1881828382e-07  1.1861447045e-07    0.011591666667    0.011591666667
 1.1854504808e-07 -2.2631490756e-12  9.2974450321e-06      0.0000000000  1.1857772248e-07  1.2006367733e-07    0.011608333333    0.011608333333
 1.1835357134e-07  1.1051340943e-12  9.2971050377e-06      0.0000000000  1.1833761587e-07  1.1960499372e-07    0.011625000000    0.011625000000
 1.1805289123e-07 -3.0589125554e-12  9.2967751399e-06      0.0000000000  1.1809705453e-07  1.1885363872e-07    0.011641666667    0.011641666667
 1.1781674791e-07 -2.7529037864e-12  9.2964450361e-06      0.0000000000  1.1785649318e-07  1.1796738602e-07    0.011658333333    0.011658333333
 1.1763434276e-07  1.2752086585e-12  9.2961050347e-06      0.0000000000  1.1761593183e-07  1.1718964892e-07    0.011675000000    0.011675000000
 1.1736242262e-07 -8.9681687157e-13  9.2957751405e-06      0.0000000000  1.1737537048e-07  1.1663634826e-07    0.011691666667    0.011691666667
 1.1725691483e-07  8.4574907266e-12  9.2954450367e-06      0.0000000000  1.1713480913e-07  1.1582748093e-07    0.011708333333    0.011708333333
 1.1686618804e-07 -1.9435214904e-12  9.2951050318e-06      0.0000000000  1.1689424778e-07  1.1529608149e-07    0.011725000000    0.011725000000
 1.1657537353e-07 -5.4242404940e-12  9.2947751480e-06      0.0000000000  1.1665368643e-07  1.1681901043e-07    0.011741666667    0.011741666667
 1.1626112569e-07 -1.0528038467e-11  9.2944450337e-06      0.0000000000  1.1641312509e-07  1.1616321582e-07    0.011758333333    0.011758333333
 1.1614206674e-07 -2.1123348000e-12  9.2941050393e-06      0.0000000000  1.1617256374e-07  1.1526331613e-07    0.011775000000    0.011775000000
 1.1567915842e-07 -1.7512905485e-11  9.2937751415e-06      0.0000000000  1.1593200239e-07  1.1469029965e-07    0.011791666667    0.011791666667
 1.1550121127e-07 -1.3176014962e-11  9.2934450343e-06      0.0000000000  1.1569144104e-07  1.1685054945e-07    0.011808333333    0.011808333333
 1.1541665786e-07 -2.3703301030e-12  9.2931050363e-06      0.0000000000  1.1545087969e-07  1.1564595077e-07    0.011825000000    0.011825000000
 1.1496826079e-07 -1.6734301186e-11  9.2927751386e-06      0.0000000000  1.1520986360e-07  1.1545443692e-07    0.011841666667    0.011841666667
 1.1528057083e-07  2.1559609552e-11  9.2924450418e-06      0.0000000000  1.1496930225e-07  1.1495767380e-07    0.011858333333    0.011858333333
 1.1478915985e-07  4.1848393413e-12  9.2921050334e-06      0.0000000000  1.1472874090e-07  1.1651468878e-07    0.011875000000    0.011875000000
 1.1479680959e-07  2.1376854339e-11  9.2917751461e-06      0.0000000000  1.1448817955e-07  1.1296621906e-07    0.011891666667    0.011891666667
 1.1448878459e-07  1.6735571174e-11  9.2914450353e-06      0.0000000000  1.1424716345e-07  1.1521372786e-07    0.011908333333    0.011908333333
 1.1385548819e-07 -1.0466706796e-11  9.2911050374e-06      0.0000000000  1.1400660210e-07  1.1476737057e-07    0.011925000000    0.011925000000
 1.1390998776e-07  9.9703002411e-12  9.2907751431e-06      0.0000000000  1.1376604076e-07  1.1414646384e-07    0.011941666667    0.011941666667
 1.1324687928e-07 -1.9265374332e-11  9.2904450359e-06      0.0000000000  1.1352502466e-07  1.1351488163e-07    0.011958333333    0.011958333333
 1.1323829022e-07 -3.1981184171e-12  9.2901050414e-06      0.0000000000  1.1328446331e-07  1.1244840373e-07    0.011975000000    0.011975000000
 1.1299042496e-07 -3.6725168242e-12  9.2897751402e-06      0.0000000000  1.1304344722e-07  1.1302263082e-07    0.011991666667    0.011991666667
 1.1270796297e-07 -6.5747095159e-12  9.2894450399e-06      0.0000000000  1.1280288587e-07  1.1279754978e-07    0.012008333333    0.012008333333
 1.1270303738e-07  9.7777890945e-12  9.2891050350e-06      0.0000000000  1.1256186977e-07  1.1201802033e-07    0.012025000000    0.012025000000
 1.1232467117e-07  2.3291661215e-13  9.2887751477e-06      0.0000000000  1.1232130842e-07  1.1452461761e-07    0.012041666667    0.012041666667
 1.1206996567e-07 -7.1526229182e-13  9.2884450369e-06      0.0000000000  1.1208029233e-07  1.1374515105e-07    0.012058333333    0.012058333333
 1.1194215154e-07  7.0940260274e-12  9.2881050390e-06      0.0000000000  1.1183973098e-07  1.1320845319e-07    0.012075000000    0.012075000000
 1.1173534244e-07  9.4633284494e-12  9.2877751482e-06      0.0000000000  1.1159871488e-07  1.1230940250e-07    0.012091666667    0.012091666667
 1.1155885974e-07  1.3901652155e-11  9.2874450340e-06      0.0000000000  1.1135815353e-07  1.1176290961e-07    0.012108333333    0.012108333333
 1.1141642657e-07  2.0729869187e-11  9.2871050430e-06      0.0000000000  1.1111713744e-07  1.0994367741e-07    0.012125000000    0.012125000000
 1.1102508292e-07  1.0317628294e-11  9.2867751418e-06      0.0000000000  1.1087612134e-07  1.0978153290e-07    0.012141666667    0.012141666667
 1.1100821542e-07  2.5842986586e-11  9.2864450415e-06      0.0000000000  1.1063510525e-07  1.1273099710e-07    0.012158333333    0.012158333333
 1.1061388375e-07  1.5192286995e-11  9.2861050366e-06      0.0000000000  1.1039454390e-07  1.1068324066e-07    0.012175000000    0.012175000000
 1.1061824476e-07  3.2188010039e-11  9.2857751458e-06      0.0000000000  1.1015352780e-07  1.0924709904e-07    0.012191666667    0.012191666667
 1.1017528707e-07  1.8200790776e-11  9.2854450420e-06      0.0000000000  1.0991251170e-07  1.0866188203e-07    0.012208333333    0.012208333333
 1.0996332768e-07  2.0213365224e-11  9.2851050371e-06      0.0000000000  1.0967149561e-07  1.0959377669e-07    0.012225000000    0.012225000000
 1.0978632457e-07  2.4647141039e-11  9.2847751498e-06      0.0000000000  1.0943047951e-07  1.0717099522e-07    0.012241666667    0.012241666667
 1.0935626391e-07  1.1521719781e-11  9.2844450356e-06      0.0000000000  1.0918991816e-07  1.0930418687e-07    0.012258333333    0.012258333333
 1.0883813087e-07 -7.6724213524e-12  9.2841050446e-06      0.0000000000  1.0894890207e-07  1.1000914524e-07    0.012275000000    0.012275000000
 1.0885444982e-07  1.0151552390e-11  9.2837751434e-06      0.0000000000  1.0870788597e-07  1.0839991636e-07    0.012291666667    0.012291666667
 1.0819636285e-07 -1.8736314259e-11  9.2834450431e-06      0.0000000000  1.0846686988e-07  1.0900113873e-07    0.012308333333    0.012308333333
 1.0808096762e-07 -1.0035349391e-11  9.2831050417e-06      0.0000000000  1.0822585378e-07  1.0722078788e-07    0.012325000000    0.012325000000
 1.0811938370e-07  9.3191531763e-12  9.2827751439e-06      0.0000000000  1.0798483768e-07  1.0782595654e-07    0.012341666667    0.012341666667
 1.0757541960e-07 -1.1664142712e-11  9.2824450436e-06      0.0000000000  1.0774382159e-07  1.0664778712e-07    0.012358333333    0.012358333333
 1.0759418464e-07  6.3292564614e-12  9.2821050387e-06      0.0000000000  1.0750280549e-07  1.0624207208e-07    0.012375000000    0.012375000000
 1.0738577649e-07  8.6193009470e-12  9.2817751514e-06      0.0000000000  1.0726133465e-07  1.0763018194e-07    0.012391666667    0.012391666667
 1.0717109687e-07  1.0443462472e-11  9.2814450372e-06      0.0000000000  1.0702031855e-07  1.0659810452e-07    0.012408333333    0.012408333333
 1.0673691065e-07 -2.9362125567e-12  9.2811050427e-06      0.0000000000  1.0677930246e-07  1.0627214892e-07    0.012425000000    0.012425000000
 1.0642334956e-07 -7.9609468322e-12  9.2807751485e-06      0.0000000000  1.0653828636e-07  1.0476170352e-07    0.012441666667    0.012441666667
 1.0609900508e-07 -1.3732577990e-11  9.2804450412e-06      0.0000000000  1.0629727027e-07  1.0600026246e-07    0.012458333333    0.012458333333
 1.0572687748e-07 -2.2813843790e-11  9.2801050433e-06      0.0000000000  1.0605625417e-07  1.0609943900e-07    0.012475000000    0.012475000000
 1.0517400812e-07 -4.4382453147e-11  9.2797751455e-06      0.0000000000  1.0581478333e-07  1.0616388488e-07    0.012491666667    0.012491666667
 1.0507795801e-07 -3.4341574630e-11  9.2794450452e-06      0.0000000000  1.0557376723e-07  1.0718185936e-07    0.012508333333    0.012508333333
 1.0461055355e-07 -5.0022067364e-11  9.2791050368e-06      0.0000000000  1.0533275113e-07  1.0846967640e-07    0.012525000000    0.012525000000
 1.0455093494e-07 -3.7426311610e-11  9.2787751530e-06      0.0000000000  1.0509128029e-07  1.0400882345e-07    0.012541666667    0.012541666667
 1.0394000346e-07 -6.3048014980e-11  9.2784450423e-06      0.0000000000  1.0485026419e-07  1.0534909022e-07    0.012558333333    0.012558333333
 1.0383522497e-07 -5.3580198743e-11  9.2781050443e-06      0.0000000000  1.0460879335e-07  1.0588239206e-07    0.012575000000    0.012575000000
 1.0371527528e-07 -4.5194692738e-11  9.2777751501e-06      0.0000000000  1.0436777726e-07  1.0414988430e-07    0.012591666667    0.012591666667
 1.0369745266e-07 -2.9703992133e-11  9.2774450428e-06      0.0000000000  1.0412630641e-07  1.0402492313e-07    0.012608333333    0.012608333333
 1.0368531704e-07 -1.3850886777e-11  9.2771050449e-06      0.0000000000  1.0388529032e-07  1.0298146273e-07    0.012625000000    0.012625000000
 1.0344906618e-07 -1.3489331188e-11  9.2767751436e-06      0.0000000000  1.0364381947e-07  1.0246520390e-07    0.012641666667    0.012641666667
 1.0340823472e-07  3.7619456738e-13  9.2764450468e-06      0.0000000000  1.0340280338e-07  1.0332615936e-07    0.012658333333    0.012658333333
 1.0331813385e-07  1.0860637413e-11  9.2761050419e-06      0.0000000000  1.0316133253e-07  1.0227900421e-07    0.012675000000    0.012675000000
 1.0318194537e-07  1.8121384337e-11  9.2757751512e-06      0.0000000000  1.0292031644e-07  1.0405762560e-07    0.012691666667    0.012691666667
 1.0306139432e-07  2.6496735034e-11  9.2754450439e-06      0.0000000000  1.0267884559e-07  1.0382652289e-07    0.012708333333    0.012708333333
 1.0269447560e-07  1.7807752528e-11  9.2751050459e-06      0.0000000000  1.0243737475e-07  1.0176261960e-07    0.012725000000    0.012725000000
 1.0255704790e-07  2.4982667104e-11  9.2747751517e-06      0.0000000000  1.0219635865e-07  1.0172178868e-07    0.012741666667    0.012741666667
 1.0205765888e-07  7.1183028162e-12  9.2744450409e-06      0.0000000000  1.0195488781e-07  1.0318079058e-07    0.012758333333    0.012758333333
 1.0179399949e-07  5.5814422917e-12  9.2741050465e-06      0.0000000000  1.0171341697e-07  1.0219572296e-07    0.012775000000    0.012775000000
 1.0152102196e-07  3.3991735868e-12  9.2737751487e-06      0.0000000000  1.0147194612e-07  1.0168405506e-07    0.012791666667    0.012791666667
 1.0133331617e-07  7.0916414306e-12  9.2734450484e-06      0.0000000000  1.0123093003e-07  1.0250752845e-07    0.012808333333    0.012808333333
 1.0116029849e-07  1.1832960065e-11  9.2731050435e-06      0.0000000000  1.0098945919e-07  1.0129049339e-07    0.012825000000    0.012825000000
 1.0081349758e-07  4.5374115081e-12  9.2727751528e-06      0.0000000000  1.0074798834e-07  9.7893115385e-08    0.012841666667    0.012841666667
 1.0058662925e-07  5.5488353028e-12  9.2724450455e-06      0.0000000000  1.0050651750e-07  9.8952093735e-08    0.012858333333    0.012858333333
 1.0028640431e-07  1.4793097997e-12  9.2721050441e-06      0.0000000000  1.0026504666e-07  1.0007341117e-07    0.012875000000    0.012875000000
 9.9858456967e-08 -1.1436740041e-11  9.2717751533e-06      0.0000000000  1.0002357581e-07  9.9020595979e-08    0.012891666667    0.012891666667
 9.9483812814e-08 -2.0660814507e-11  9.2714450425e-06      0.0000000000  9.9782104969e-08  9.9758948607e-08    0.012908333333    0.012908333333
 9.9187450589e-08 -2.4462794030e-11  9.2711050481e-06      0.0000000000  9.9540634126e-08  1.0075999013e-07    0.012925000000    0.012925000000
 9.9044867066e-08 -1.7613493626e-11  9.2707751503e-06      0.0000000000  9.9299163282e-08  9.9193793299e-08    0.012941666667    0.012941666667
 9.9049994704e-08 -5.3317349237e-13  9.2704450500e-06      0.0000000000  9.9057692439e-08  9.8202562521e-08    0.012958333333    0.012958333333
 9.8987446654e-08  1.1859678884e-11  9.2701050451e-06      0.0000000000  9.8816221596e-08  9.7336292918e-08    0.012975000000    0.012975000000
 9.8622797417e-08  3.3278891266e-12  9.2697751509e-06      0.0000000000  9.8574750752e-08  9.9270958554e-08    0.012991666667    0.012991666667
 9.8448341812e-08  8.0011091406e-12  9.2694450471e-06      0.0000000000  9.8332825162e-08  9.9382445682e-08    0.013008333333    0.013008333333
 9.8309829945e-08  1.5132427473e-11  9.2691050457e-06      0.0000000000  9.8091354318e-08  9.8349550697e-08    0.013025000000    0.013025000000
 9.8205469867e-08  2.4629224620e-11  9.2687751549e-06      0.0000000000  9.7849883475e-08  9.8549931947e-08    0.013041666667    0.013041666667
 9.7505436010e-08 -7.1325405209e-12  9.2684450441e-06      0.0000000000  9.7608412632e-08  9.8295701676e-08    0.013058333333    0.013058333333
 9.7788776022e-08  2.9249291924e-11  9.2681050532e-06      0.0000000000  9.7366487041e-08  9.5285486341e-08    0.013075000000    0.013075000000
 9.7238208209e-08  7.8400960741e-12  9.2677751519e-06      0.0000000000  9.7125016198e-08  9.5741418538e-08    0.013091666667    0.013091666667
 9.7117769911e-08  1.6223256441e-11  9.2674450481e-06      0.0000000000  9.6883545354e-08  9.7099671670e-08    0.013108333333    0.013108333333
 9.6861379404e-08  1.5221362999e-11  9.2671050467e-06      0.0000000000  9.6641619764e-08  9.7035917573e-08    0.013125000000    0.013125000000
 9.6237567466e-08 -1.1260990985e-11  9.2667751525e-06      0.0000000000  9.6400148920e-08  9.6507631157e-08    0.013141666667    0.013141666667
 9.6095096429e-08 -4.4038994171e-12  9.2664450487e-06      0.0000000000  9.6158678077e-08  9.5940180387e-08    0.013158333333    0.013158333333
 9.5722313836e-08 -1.3467537863e-11  9.2661050438e-06      0.0000000000  9.5916752486e-08  9.5740034972e-08    0.013175000000    0.013175000000
 9.5301769701e-08 -2.5870814374e-11  9.2657751600e-06      0.0000000000  9.5675281643e-08  9.5803616123e-08    0.013191666667    0.013191666667
 9.5043383577e-08 -2.7010931579e-11  9.2654450457e-06      0.0000000000  9.5433356052e-08  9.5950777245e-08    0.013208333333    0.013208333333
 9.4597925629e-08 -4.1139830622e-11  9.2651050513e-06      0.0000000000  9.5191885209e-08  9.6402543022e-08    0.013225000000    0.013225000000
 9.4363874057e-08 -4.0594447013e-11  9.2647751535e-06      0.0000000000  9.4949959618e-08  9.5925967389e-08    0.013241666667    0.013241666667
 9.3815279756e-08 -6.1835452691e-11  9.2644450497e-06      0.0000000000  9.4708034028e-08  9.4700033489e-08    0.013258333333    0.013258333333
 9.3963628486e-08 -3.4835111666e-11  9.2641050483e-06      0.0000000000  9.4466563184e-08  9.5211968669e-08    0.013275000000    0.013275000000
 9.3849509757e-08 -2.5982737199e-11  9.2637751506e-06      0.0000000000  9.4224637594e-08  9.4237419296e-08    0.013291666667    0.013291666667
 9.3793329368e-08 -1.3117339584e-11  9.2634450573e-06      0.0000000000  9.3982712003e-08  9.3393396806e-08    0.013308333333    0.013308333333
 9.3756531959e-08  1.0590971423e-12  9.2631050454e-06      0.0000000000  9.3741241160e-08  9.3949700436e-08    0.013325000000    0.013325000000
 9.3641029203e-08  9.8156088311e-12  9.2627751581e-06      0.0000000000  9.3499315569e-08  9.3418662610e-08    0.013341666667    0.013341666667
 9.3468810485e-08  1.4643763821e-11  9.2624450473e-06      0.0000000000  9.3257389978e-08  9.4168539715e-08    0.013358333333    0.013358333333
 9.3205209948e-08  1.3142477124e-11  9.2621050529e-06      0.0000000000  9.3015464388e-08  9.2935404982e-08    0.013375000000    0.013375000000
 9.2798984145e-08  1.7624386458e-12  9.2617751551e-06      0.0000000000  9.2773538797e-08  9.2797347096e-08    0.013391666667    0.013391666667
 9.2514949642e-08 -1.1856774206e-12  9.2614450479e-06      0.0000000000  9.2532067954e-08  9.1472959890e-08    0.013408333333    0.013408333333
 9.2190835352e-08 -6.8783697594e-12  9.2611050569e-06      0.0000000000  9.2290142363e-08  9.2183421083e-08    0.013425000000    0.013425000000
 9.1883797224e-08 -1.1388304185e-11  9.2607751522e-06      0.0000000000  9.2048216772e-08  9.2375862550e-08    0.013441666667    0.013441666667
 9.1596425631e-08 -1.4536061850e-11  9.2604450554e-06      0.0000000000  9.1806291182e-08  9.1428654330e-08    0.013458333333    0.013458333333
 9.1087422770e-08 -3.3034818387e-11  9.2601050470e-06      0.0000000000  9.1564365591e-08  9.1040548316e-08    0.013475000000    0.013475000000
 9.1068017676e-08 -1.7622228327e-11  9.2597751597e-06      0.0000000000  9.1322440000e-08  9.0568547884e-08    0.013491666667    0.013491666667
 9.0760303298e-08 -2.2179002268e-11  9.2594450524e-06      0.0000000000  9.1080514410e-08  9.0896232938e-08    0.013508333333    0.013508333333
 9.0495157622e-08 -2.3787311058e-11  9.2591050510e-06      0.0000000000  9.0838588819e-08  9.1082228244e-08    0.013525000000    0.013525000000
 9.0474947761e-08 -8.4304620568e-12  9.2587751602e-06      0.0000000000  9.0596663228e-08  8.9810007769e-08    0.013541666667    0.013541666667
 9.0154448845e-08 -1.3841242839e-11  9.2584450460e-06      0.0000000000  9.0354282890e-08  9.0606564507e-08    0.013558333333    0.013558333333
 9.0313156470e-08  1.3908090948e-11  9.2581050585e-06      0.0000000000  9.0112357300e-08  9.0826189904e-08    0.013575000000    0.013575000000
 8.9919725432e-08  3.4142649874e-12  9.2577751538e-06      0.0000000000  8.9870431709e-08  8.9420219464e-08    0.013591666667    0.013591666667
 8.9967239087e-08  2.3461894379e-11  9.2574450570e-06      0.0000000000  8.9628506118e-08  8.8969349861e-08    0.013608333333    0.013608333333
 8.9603726533e-08  1.5040332975e-11  9.2571050486e-06      0.0000000000  8.9386580528e-08  8.8760321323e-08    0.013625000000    0.013625000000
 8.9246308309e-08  7.0723848353e-12  9.2567751578e-06      0.0000000000  8.9144200190e-08  8.9495560927e-08    0.013641666667    0.013641666667
 8.9503012491e-08  4.1609321466e-11  9.2564450575e-06      0.0000000000  8.8902274599e-08  8.9891748225e-08    0.013658333333    0.013658333333
 8.9236579509e-08  3.9911849189e-11  9.2561050491e-06      0.0000000000  8.8660349008e-08  8.8887137734e-08    0.013675000000    0.013675000000
 8.8849226235e-08  2.9870489100e-11  9.2557751618e-06      0.0000000000  8.8417968670e-08  8.9134167173e-08    0.013691666667    0.013691666667
 8.8870377659e-08  4.8092173158e-11  9.2554450476e-06      0.0000000000  8.8176043080e-08  8.8805491612e-08    0.013708333333    0.013708333333
 8.8081525782e-08  1.0241539415e-11  9.2551050601e-06      0.0000000000  8.7933662742e-08  8.8330755493e-08    0.013725000000    0.013725000000
 8.7998790522e-08  2.1267648634e-11  9.2547751554e-06      0.0000000000  8.7691737151e-08  8.8704915789e-08    0.013741666667    0.013741666667
 8.7520849169e-08  4.9203267228e-12  9.2544450551e-06      0.0000000000  8.7449811560e-08  8.7054195651e-08    0.013758333333    0.013758333333
 8.7319366110e-08  7.7530230816e-12  9.2541050572e-06      0.0000000000  8.7207431222e-08  8.7915198269e-08    0.013775000000    0.013775000000
 8.6783190980e-08 -1.2596287541e-11  9.2537751559e-06      0.0000000000  8.6965050884e-08  8.6912788906e-08    0.013791666667    0.013791666667
 8.6806129080e-08  5.7491483299e-12  9.2534450591e-06      0.0000000000  8.6723125294e-08  8.6416324511e-08    0.013808333333    0.013808333333
 8.6378556478e-08 -7.0779507689e-12  9.2531050507e-06      0.0000000000  8.6480744956e-08  8.6985111680e-08    0.013825000000    0.013825000000
 8.6029335734e-08 -1.4509608701e-11  9.2527751634e-06      0.0000000000  8.6238819365e-08  8.6479827050e-08    0.013841666667    0.013841666667
 8.5754334684e-08 -1.6769039462e-11  9.2524450527e-06      0.0000000000  8.5996439027e-08  8.5467606945e-08    0.013858333333    0.013858333333
 8.5224017887e-08 -3.6712580342e-11  9.2521050582e-06      0.0000000000  8.5754058689e-08  8.5651809905e-08    0.013875000000    0.013875000000
 8.5030243962e-08 -3.3345920909e-11  9.2517751605e-06      0.0000000000  8.5511678351e-08  8.6014854506e-08    0.013891666667    0.013891666667
 8.4686832924e-08 -4.0375177251e-11  9.2514450532e-06      0.0000000000  8.5269752760e-08  8.5987544798e-08    0.013908333333    0.013908333333
 8.4432561278e-08 -4.1198813079e-11  9.2511050588e-06      0.0000000000  8.5027372422e-08  8.5374546403e-08    0.013925000000    0.013925000000
 8.4038174852e-08 -5.1727315233e-11  9.2507751575e-06      0.0000000000  8.4784992084e-08  8.5794584493e-08    0.013941666667    0.013941666667
 8.3954146212e-08 -4.0759292712e-11  9.2504450607e-06      0.0000000000  8.4542611746e-08  8.4132465657e-08    0.013958333333    0.013958333333
 8.3672836353e-08 -4.3455694884e-11  9.2501050488e-06      0.0000000000  8.4300231408e-08  8.4120139341e-08    0.013975000000    0.013975000000
 8.3677936882e-08 -2.6314257525e-11  9.2497751651e-06      0.0000000000  8.4057851070e-08  8.4015695822e-08    0.013991666667    0.013991666667
 8.3567288443e-08 -1.7190020439e-11  9.2494450578e-06      0.0000000000  8.3815470732e-08  8.4241547266e-08    0.014008333333    0.014008333333
 8.3289841568e-08 -1.9618858124e-11  9.2491050563e-06      0.0000000000  8.3573090394e-08  8.3731231487e-08    0.014025000000    0.014025000000
 8.3301556567e-08 -2.0192781151e-12  9.2487751621e-06      0.0000000000  8.3330710056e-08  8.2647065945e-08    0.014041666667    0.014041666667
 8.3128672359e-08  2.7942800476e-12  9.2484450548e-06      0.0000000000  8.3088329718e-08  8.2915147600e-08    0.014058333333    0.014058333333
 8.2771913819e-08 -5.1279759684e-12  9.2481050604e-06      0.0000000000  8.2845949380e-08  8.3772738470e-08    0.014075000000    0.014075000000
 8.2801783078e-08  1.3729034986e-11  9.2477751556e-06      0.0000000000  8.2603569042e-08  8.2901170437e-08    0.014091666667    0.014091666667
 8.2422766292e-08  4.2650908299e-12  9.2474450623e-06      0.0000000000  8.2361188704e-08  8.1878762255e-08    0.014108333333    0.014108333333
 8.2048239845e-08 -4.8878359818e-12  9.2471050574e-06      0.0000000000  8.2118808366e-08  8.2989734390e-08    0.014125000000    0.014125000000
 8.2140586143e-08  1.8296565110e-11  9.2467751632e-06      0.0000000000  8.1876428028e-08  8.2754355207e-08    0.014141666667    0.014141666667
 8.1456264871e-08 -1.2313893543e-11  9.2464450594e-06      0.0000000000  8.1634047690e-08  8.1864627869e-08    0.014158333333    0.014158333333
 8.1371490318e-08 -1.3660382544e-12  9.2461050545e-06      0.0000000000  8.1391212604e-08  8.1391495430e-08    0.014175000000    0.014175000000
 8.1154991641e-08  4.2662099094e-13  9.2457751637e-06      0.0000000000  8.1148832266e-08  8.0410531341e-08    0.014191666667    0.014191666667
 8.0694538790e-08 -1.4677885308e-11  9.2454450529e-06      0.0000000000  8.0906451928e-08  8.0552582701e-08    0.014208333333    0.014208333333
 8.0568820833e-08 -6.5659211776e-12  9.2451050620e-06      0.0000000000  8.0663616843e-08  8.0855489344e-08    0.014225000000    0.014225000000
 8.0297441498e-08 -8.5744986658e-12  9.2447751607e-06      0.0000000000  8.0421236505e-08  8.1122093098e-08    0.014241666667    0.014241666667
 8.0369026063e-08  1.3171868228e-11  9.2444450604e-06      0.0000000000  8.0178856167e-08  8.0958219127e-08    0.014258333333    0.014258333333
 8.0052239509e-08  8.0497167985e-12  9.2441050590e-06      0.0000000000  7.9936021082e-08  8.0091823745e-08    0.014275000000    0.014275000000
 7.9888320211e-08  1.3484217776e-11  9.2437751613e-06      0.0000000000  7.9693640744e-08  7.9149190726e-08    0.014291666667    0.014291666667
 7.9328223404e-08 -8.4904989474e-12  9.2434450610e-06      0.0000000000  7.9450805658e-08  7.9573615350e-08    0.014308333333    0.014308333333
 7.9071376881e-08 -9.4924802563e-12  9.2431050561e-06      0.0000000000  7.9208425320e-08  7.9029543703e-08    0.014325000000    0.014325000000
 7.8739477986e-08 -1.5661368090e-11  9.2427751653e-06      0.0000000000  7.8965590235e-08  7.9376976018e-08    0.014341666667    0.014341666667
 7.8586582807e-08 -9.4632960291e-12  9.2424450545e-06      0.0000000000  7.8723209897e-08  7.8262387744e-08    0.014358333333    0.014358333333
 7.8285246316e-08 -1.3515319056e-11  9.2421050636e-06      0.0000000000  7.8480374811e-08  7.8242923484e-08    0.014375000000    0.014375000000
 7.8067518919e-08 -1.1776267977e-11  9.2417751623e-06      0.0000000000  7.8237539726e-08  7.6466298830e-08    0.014391666667    0.014391666667
 7.7787062187e-08 -1.4413579445e-11  9.2414450585e-06      0.0000000000  7.7995159388e-08  7.7443756837e-08    0.014408333333    0.014408333333
 7.7398431566e-08 -2.4511915851e-11  9.2411050606e-06      0.0000000000  7.7752324303e-08  7.7945158048e-08    0.014425000000    0.014425000000
 7.7479281165e-08 -2.0923211001e-12  9.2407751629e-06      0.0000000000  7.7509489217e-08  7.7944293319e-08    0.014441666667    0.014441666667
 7.7120730409e-08 -1.0107215127e-11  9.2404450626e-06      0.0000000000  7.7266654132e-08  7.6537410983e-08    0.014458333333    0.014458333333
 7.6669982309e-08 -2.4539534589e-11  9.2401050577e-06      0.0000000000  7.7024273794e-08  7.6305286325e-08    0.014475000000    0.014475000000
 7.6727431173e-08 -3.7407610365e-12  9.2397751669e-06      0.0000000000  7.6781438708e-08  7.5764233367e-08    0.014491666667    0.014491666667
 7.6430649412e-08 -7.4773066945e-12  9.2394450596e-06      0.0000000000  7.6538603623e-08  7.6159225767e-08    0.014508333333    0.014508333333
 7.6323986668e-08  1.9544917185e-12  9.2391050617e-06      0.0000000000  7.6295768538e-08  7.6527678854e-08    0.014525000000    0.014525000000
 7.6275536665e-08  1.5418319278e-11  9.2387751639e-06      0.0000000000  7.6052933452e-08  7.5628675334e-08    0.014541666667    0.014541666667
 7.5948691070e-08  9.5994416215e-12  9.2384450602e-06      0.0000000000  7.5810098367e-08  7.5574480421e-08    0.014558333333    0.014558333333
 7.5739026562e-08  1.1896958153e-11  9.2381050622e-06      0.0000000000  7.5567263282e-08  7.5363643814e-08    0.014575000000    0.014575000000
 7.5531711961e-08  1.4357237838e-11  9.2377751610e-06      0.0000000000  7.5324428196e-08  7.5274796859e-08    0.014591666667    0.014591666667
 7.5280299283e-08  1.3763122152e-11  9.2374450642e-06      0.0000000000  7.5081593111e-08  7.5016274388e-08    0.014608333333    0.014608333333
 7.5053896872e-08  1.4901309781e-11  9.2371050593e-06      0.0000000000  7.4838758025e-08  7.5117274714e-08    0.014625000000    0.014625000000
 7.4736997832e-08  9.7713671875e-12  9.2367751685e-06      0.0000000000  7.4595922940e-08  7.5555314886e-08    0.014641666667    0.014641666667
 7.4594139588e-08  1.6696131886e-11  9.2364450612e-06      0.0000000000  7.4353087855e-08  7.4000894093e-08    0.014658333333    0.014658333333
 7.4416979469e-08  2.1276519650e-11  9.2361050633e-06      0.0000000000  7.4109798022e-08  7.4328689202e-08    0.014675000000    0.014675000000
 7.4153319492e-08  1.9834110912e-11  9.2357751655e-06      0.0000000000  7.3866962937e-08  7.4412457841e-08    0.014691666667    0.014691666667
 7.3695081957e-08  4.9145430117e-12  9.2354450583e-06      0.0000000000  7.3624127851e-08  7.2591433293e-08    0.014708333333    0.014708333333
 7.3571681576e-08  1.3187031029e-11  9.2351050638e-06      0.0000000000  7.3381292766e-08  7.3518202469e-08    0.014725000000    0.014725000000
 7.3375385821e-08  1.6442014105e-11  9.2347751626e-06      0.0000000000  7.3138002933e-08  7.2441222037e-08    0.014741666667    0.014741666667
 7.2977565317e-08  5.7071525559e-12  9.2344450658e-06      0.0000000000  7.2895167848e-08  7.2818196633e-08    0.014758333333    0.014758333333
 7.2755798059e-08  7.1663879595e-12  9.2341050609e-06      0.0000000000  7.2652332762e-08  7.2068712586e-08    0.014775000000    0.014775000000
 7.2346561813e-08 -4.3276725141e-12  9.2337751701e-06      0.0000000000  7.2409042930e-08  7.1979928520e-08    0.014791666667    0.014791666667
 7.1963403173e-08 -1.4046999328e-11  9.2334450628e-06      0.0000000000  7.2166207844e-08  7.2237932154e-08    0.014808333333    0.014808333333
 7.1877914769e-08 -3.1170905112e-12  9.2331050614e-06      0.0000000000  7.1922918012e-08  7.1718686085e-08    0.014825000000    0.014825000000
 7.1337163338e-08 -2.3751875080e-11  9.2327751672e-06      0.0000000000  7.1680082926e-08  7.2083507310e-08    0.014841666667    0.014841666667
 7.1356157445e-08 -5.5851223142e-12  9.2324450634e-06      0.0000000000  7.1436793093e-08  7.1376756589e-08    0.014858333333    0.014858333333
 7.0887957859e-08 -2.1194698645e-11  9.2321050654e-06      0.0000000000  7.1193958008e-08  7.1151706985e-08    0.014875000000    0.014875000000
 7.0719102432e-08 -1.6039097202e-11  9.2317751642e-06      0.0000000000  7.0950668175e-08  7.1643030175e-08    0.014891666667    0.014891666667
 7.0498558087e-08 -1.4495158336e-11  9.2314450674e-06      0.0000000000  7.0707833090e-08  7.1197726280e-08    0.014908333333    0.014908333333
 7.0253159049e-08 -1.4641249668e-11  9.2311050625e-06      0.0000000000  7.0464543257e-08  7.0193100067e-08    0.014925000000    0.014925000000
 6.9985035526e-08 -1.6361322682e-11  9.2307751682e-06      0.0000000000  7.0221253425e-08  7.0065293148e-08    0.014941666667    0.014941666667
 6.9588545415e-08 -2.6972538790e-11  9.2304450644e-06      0.0000000000  6.9977963592e-08  7.0811444058e-08    0.014958333333    0.014958333333
 6.9559391894e-08 -1.2172165734e-11  9.2301050665e-06      0.0000000000  6.9735128506e-08  7.0157536129e-08    0.014975000000    0.014975000000
 6.9227439100e-08 -1.8313289410e-11  9.2297751688e-06      0.0000000000  6.9491838674e-08  6.8884828261e-08    0.014991666667    0.014991666667
 6.8868254916e-08 -2.6340559506e-11  9.2294450615e-06      0.0000000000  6.9248548841e-08  6.9108620078e-08    0.015008333333    0.015008333333
 6.8707317564e-08 -2.0636523040e-11  9.2291050705e-06      0.0000000000  6.9005259008e-08  6.9470123889e-08    0.015025000000    0.015025000000
 6.8584024396e-08 -1.2325111550e-11  9.2287751658e-06      0.0000000000  6.8761969176e-08  6.8845207959e-08    0.015041666667    0.015041666667
 6.8324098085e-08 -1.3508912864e-11  9.2284450655e-06      0.0000000000  6.8519134090e-08  6.9113053778e-08    0.015058333333    0.015058333333
 6.8495599620e-08  1.5221066722e-11  9.2281050641e-06      0.0000000000  6.8275844257e-08  6.9150174228e-08    0.015075000000    0.015075000000
 6.8219589817e-08  1.2954760938e-11  9.2277751698e-06      0.0000000000  6.8032554425e-08  6.7485885708e-08    0.015091666667    0.015091666667
 6.8035702207e-08  1.7069177875e-11  9.2274450660e-06      0.0000000000  6.7789264592e-08  6.7677635392e-08    0.015108333333    0.015108333333
 6.7767385240e-08  1.5335706279e-11  9.2271050646e-06      0.0000000000  6.7545974759e-08  6.7679380572e-08    0.015125000000    0.015125000000
 6.7613384586e-08  2.1520204027e-11  9.2267751738e-06      0.0000000000  6.7302684927e-08  6.6958841357e-08    0.015141666667    0.015141666667
 6.7265573270e-08  1.4312158207e-11  9.2264450631e-06      0.0000000000  6.7058940346e-08  6.6775691794e-08    0.015158333333    0.015158333333
 6.7069615239e-08  1.7590533282e-11  9.2261050686e-06      0.0000000000  6.6815650514e-08  6.6628625006e-08    0.015175000000    0.015175000000
 6.6671017026e-08  6.8333022479e-12  9.2257751674e-06      0.0000000000  6.6572360681e-08  6.6793159316e-08    0.015191666667    0.015191666667
 6.6382083409e-08  3.6718453903e-12  9.2254450671e-06      0.0000000000  6.6329070848e-08  6.5607112997e-08    0.015208333333    0.015208333333
 6.6099861250e-08  9.7524897955e-13  9.2251050657e-06      0.0000000000  6.6085781016e-08  6.6376139915e-08    0.015225000000    0.015225000000
 6.5864901798e-08  1.5837393206e-12  9.2247751679e-06      0.0000000000  6.5842036436e-08  6.5431824606e-08    0.015241666667    0.015241666667
 6.5572813775e-08 -1.7962032425e-12  9.2244450711e-06      0.0000000000  6.5598746603e-08  6.5517684316e-08    0.015258333333    0.015258333333
 6.5248875777e-08 -7.3821926056e-12  9.2241050627e-06      0.0000000000  6.5355456770e-08  6.4133583654e-08    0.015275000000    0.015275000000
 6.5188198924e-08  5.2977532540e-12  9.2237751755e-06      0.0000000000  6.5111712190e-08  6.5753881061e-08    0.015291666667    0.015291666667
 6.5020018946e-08  1.0500138694e-11  9.2234450647e-06      0.0000000000  6.4868422357e-08  6.4608587053e-08    0.015308333333    0.015308333333
 6.4607756812e-08 -1.2035059418e-12  9.2231050702e-06      0.0000000000  6.4625132525e-08  6.4346275497e-08    0.015325000000    0.015325000000
 6.4618473283e-08  1.6421404719e-11  9.2227751690e-06      0.0000000000  6.4381387944e-08  6.4253214955e-08    0.015341666667    0.015341666667
 6.4350574730e-08  1.4716914033e-11  9.2224450687e-06      0.0000000000  6.4138098112e-08  6.3485147100e-08    0.015358333333    0.015358333333
 6.4057338411e-08  1.1288933709e-11  9.2221050708e-06      0.0000000000  6.3894353532e-08  6.3096946752e-08    0.015375000000    0.015375000000
 6.3928911253e-08  1.9244746110e-11  9.2217751660e-06      0.0000000000  6.3651063699e-08  6.4251328274e-08    0.015391666667    0.015391666667
 6.3480335061e-08  5.0573533861e-12  9.2214450727e-06      0.0000000000  6.3407319119e-08  6.3873992064e-08    0.015408333333    0.015408333333
 6.3255852529e-08  6.3915138511e-12  9.2211050643e-06      0.0000000000  6.3163574539e-08  6.3508997893e-08    0.015425000000    0.015425000000
 6.3022749685e-08  7.0971022285e-12  9.2207751771e-06      0.0000000000  6.2920284706e-08  6.2449484983e-08    0.015441666667    0.015441666667
 6.2765628441e-08  6.1705852139e-12  9.2204450663e-06      0.0000000000  6.2676540126e-08  6.2637083969e-08    0.015458333333    0.015458333333
 6.2414711082e-08 -1.2525966654e-12  9.2201050718e-06      0.0000000000  6.2432795546e-08  6.1892851184e-08    0.015475000000    0.015475000000
 6.2067340285e-08 -8.4616279853e-12  9.2197751741e-06      0.0000000000  6.2189505713e-08  6.2289368651e-08    0.015491666667    0.015491666667
 6.2043711525e-08  6.7844052808e-12  9.2194450668e-06      0.0000000000  6.1945761133e-08  6.2609632759e-08    0.015508333333    0.015508333333
 6.1641550718e-08 -4.1880866923e-12  9.2191050724e-06      0.0000000000  6.1702016553e-08  6.1744872501e-08    0.015525000000    0.015525000000
 6.1501079662e-08  2.9650184087e-12  9.2187751676e-06      0.0000000000  6.1458271973e-08  6.0969572369e-08    0.015541666667    0.015541666667
 6.1248207220e-08  2.3327890180e-12  9.2184450743e-06      0.0000000000  6.1214527393e-08  6.1540183329e-08    0.015558333333    0.015558333333
 6.0852940290e-08 -8.1937051215e-12  9.2181050659e-06      0.0000000000  6.0971237560e-08  6.0753405888e-08    0.015575000000    0.015575000000
 6.0879461114e-08  1.0525873333e-11  9.2177751752e-06      0.0000000000  6.0727492980e-08  6.0175028090e-08    0.015591666667    0.015591666667
 6.0271875509e-08 -1.4675097697e-11  9.2174450714e-06      0.0000000000  6.0483748400e-08  5.9658234706e-08    0.015608333333    0.015608333333
 6.0252882168e-08  8.9200184941e-13  9.2171050699e-06      0.0000000000  6.0240003820e-08  6.0923568796e-08    0.015625000000    0.015625000000
 5.9918944248e-08 -5.3551214074e-12  9.2167751757e-06      0.0000000000  5.9996259240e-08  5.9480257794e-08    0.015641666667    0.015641666667
 5.9951467686e-08  1.3780220206e-11  9.2164450684e-06      0.0000000000  5.9752514660e-08  5.9027360008e-08    0.015658333333    0.015658333333
 5.9662925373e-08  1.0708861483e-11  9.2161050740e-06      0.0000000000  5.9508315332e-08  5.9277235191e-08    0.015675000000    0.015675000000
 5.9550860258e-08  1.9829466819e-11  9.2157751692e-06      0.0000000000  5.9264570752e-08  5.9282502175e-08    0.015691666667    0.015691666667
 5.9202372961e-08  1.2574599991e-11  9.2154450759e-06      0.0000000000  5.9020826172e-08  5.8400919011e-08    0.015708333333    0.015708333333
 5.8828280105e-08  3.5461977481e-12  9.2151050710e-06      0.0000000000  5.8777081592e-08  5.8454091971e-08    0.015725000000    0.015725000000
 5.8375020933e-08 -1.0965555383e-11  9.2147751733e-06      0.0000000000  5.8533337012e-08  5.7819569690e-08    0.015741666667    0.015741666667
 5.8387356894e-08  6.8030245660e-12  9.2144450730e-06      0.0000000000  5.8289137685e-08  5.8346881321e-08    0.015758333333    0.015758333333
 5.7990346108e-08 -3.8127579396e-12  9.2141050715e-06      0.0000000000  5.8045393105e-08  5.8132522909e-08    0.015775000000    0.015775000000
 5.7842230310e-08  2.8108441116e-12  9.2137751773e-06      0.0000000000  5.7801648525e-08  5.8595341493e-08    0.015791666667    0.015791666667
 5.7621266697e-08  4.4202353483e-12  9.2134450665e-06      0.0000000000  5.7557449197e-08  5.6992102827e-08    0.015808333333    0.015808333333
 5.7452663032e-08  9.6247721872e-12  9.2131050756e-06      0.0000000000  5.7313704617e-08  5.6965500624e-08    0.015825000000    0.015825000000
 5.7088371648e-08  1.2752560722e-12  9.2127751743e-06      0.0000000000  5.7069960037e-08  5.6878178736e-08    0.015841666667    0.015841666667
 5.6835348584e-08  6.6409154788e-13  9.2124450740e-06      0.0000000000  5.6825760709e-08  5.6252335188e-08    0.015858333333    0.015858333333
 5.6633011812e-08  3.5321489888e-12  9.2121050726e-06      0.0000000000  5.6582016129e-08  5.6799897195e-08    0.015875000000    0.015875000000
 5.6288639259e-08 -3.4062179569e-12  9.2117751749e-06      0.0000000000  5.6337816802e-08  5.5524233527e-08    0.015891666667    0.015891666667
 5.6083678714e-08 -7.1989265456e-13  9.2114450746e-06      0.0000000000  5.6094072222e-08  5.6391367859e-08    0.015908333333    0.015908333333
 5.5928009089e-08  5.4120009336e-12  9.2111050697e-06      0.0000000000  5.5849872894e-08  5.4982441619e-08    0.015925000000    0.015925000000
 5.5685077395e-08  5.4998019023e-12  9.2107751789e-06      0.0000000000  5.5605673567e-08  5.6158724363e-08    0.015941666667    0.015941666667
 5.5488373183e-08  8.7579912386e-12  9.2104450716e-06      0.0000000000  5.5361928987e-08  5.5002849219e-08    0.015958333333    0.015958333333
 5.5334763566e-08  1.5032568614e-11  9.2101050772e-06      0.0000000000  5.5117729660e-08  5.4857653390e-08    0.015975000000    0.015975000000
 5.4896288968e-08  1.5763470580e-12  9.2097751759e-06      0.0000000000  5.4873530332e-08  5.4575295849e-08    0.015991666667    0.015991666667
 5.4854184255e-08  1.5542667760e-11  9.2094450756e-06      0.0000000000  5.4629785752e-08  5.3364486841e-08    0.016008333333    0.016008333333
 5.4613280508e-08  1.5770931756e-11  9.2091050742e-06      0.0000000000  5.4385586425e-08  5.3798643595e-08    0.016025000000    0.016025000000
 5.4451961756e-08  2.1511546057e-11  9.2087751730e-06      0.0000000000  5.4141387097e-08  5.4042402787e-08    0.016041666667    0.016041666667
 5.4301940722e-08  2.8034681920e-11  9.2084450762e-06      0.0000000000  5.3897187770e-08  5.4209735673e-08    0.016058333333    0.016058333333
 5.4048676656e-08  2.7406824688e-11  9.2081050713e-06      0.0000000000  5.3652988442e-08  5.3929846540e-08    0.016075000000    0.016075000000
 5.3829338873e-08  2.9128826929e-11  9.2077751805e-06      0.0000000000  5.3408789115e-08  5.3739307476e-08    0.016091666667    0.016091666667
 5.3592045546e-08  2.9575664497e-11  9.2074450732e-06      0.0000000000  5.3165044535e-08  5.2391619759e-08    0.016108333333    0.016108333333
 5.3291142914e-08  2.5648184545e-11  9.2071050788e-06      0.0000000000  5.2920845207e-08  5.2682215807e-08    0.016125000000    0.016125000000
 5.3081590305e-08  2.8047944028e-11  9.2067751776e-06      0.0000000000  5.2676645880e-08  5.2600066570e-08    0.016141666667    0.016141666667
 5.2779780646e-08  2.4089137529e-11  9.2064450738e-06      0.0000000000  5.2431991805e-08  5.3059709240e-08    0.016158333333    0.016158333333
 5.2512868690e-08  2.2515977075e-11  9.2061050758e-06      0.0000000000  5.2187792478e-08  5.3353921427e-08    0.016175000000    0.016175000000
 5.2187648071e-08  1.6904143703e-11  9.2057751746e-06      0.0000000000  5.1943593150e-08  5.3050165778e-08    0.016191666667    0.016191666667
 5.2021017918e-08  2.2276870714e-11  9.2054450813e-06      0.0000000000  5.1699393823e-08  5.2508609706e-08    0.016208333333    0.016208333333
 5.1706210095e-08  1.7386265947e-11  9.2051050729e-06      0.0000000000  5.1455194496e-08  5.0773507757e-08    0.016225000000    0.016225000000
 5.1276104582e-08  4.5097180954e-12  9.2047751821e-06      0.0000000000  5.1210995168e-08  5.0210616467e-08    0.016241666667    0.016241666667
 5.1010415538e-08  3.0212611039e-12  9.2044450748e-06      0.0000000000  5.0966795841e-08  5.0268553297e-08    0.016258333333    0.016258333333
 5.0689486275e-08 -2.2618397031e-12  9.2041050769e-06      0.0000000000  5.0722141766e-08  5.1611775869e-08    0.016275000000    0.016275000000
 5.0484214797e-08  4.3444666900e-13  9.2037751792e-06      0.0000000000  5.0477942438e-08  5.1191564833e-08    0.016291666667    0.016291666667
 5.0179867863e-08 -3.7315983537e-12  9.2034450754e-06      0.0000000000  5.0233743111e-08  5.0142601615e-08    0.016308333333    0.016308333333
 4.9922542365e-08 -4.6092678386e-12  9.2031050809e-06      0.0000000000  4.9989089036e-08  5.0061065549e-08    0.016325000000    0.016325000000
 4.9739384050e-08 -3.8134226259e-13  9.2027751762e-06      0.0000000000  4.9744889709e-08  4.9734198057e-08    0.016341666667    0.016341666667
 4.9567228015e-08  4.6401393130e-12  9.2024450829e-06      0.0000000000  4.9500235634e-08  4.9391230887e-08    0.016358333333    0.016358333333
 4.9326324267e-08  4.8684033093e-12  9.2021050745e-06      0.0000000000  4.9256036307e-08  4.8648601782e-08    0.016375000000    0.016375000000
 4.8924602858e-08 -6.0106593905e-12  9.2017751802e-06      0.0000000000  4.9011382232e-08  4.8003639865e-08    0.016391666667    0.016391666667
 4.8818309580e-08  3.5412220730e-12  9.2014450764e-06      0.0000000000  4.8767182904e-08  4.8296767211e-08    0.016408333333    0.016408333333
 4.8386910689e-08 -9.3934124758e-12  9.2011050785e-06      0.0000000000  4.8522528830e-08  4.9537448668e-08    0.016425000000    0.016425000000
 4.8225189555e-08 -3.6806687050e-12  9.2007751808e-06      0.0000000000  4.8278329502e-08  4.8212841349e-08    0.016441666667    0.016441666667
 4.8173224197e-08  9.6656623352e-12  9.2004450735e-06      0.0000000000  4.8033675427e-08  4.8351748241e-08    0.016458333333    0.016458333333
 4.7950661811e-08  1.1195814142e-11  9.2001051000e-06      0.0000000000  4.7789021353e-08  4.8231299379e-08    0.016475000000    0.016475000000
 4.7530244751e-08 -1.0096757589e-12  9.1997752337e-06      0.0000000000  4.7544822025e-08  4.7517945274e-08    0.016491666667    0.016491666667
 4.7448827149e-08  1.0296684266e-11  9.1994451369e-06      0.0000000000  4.7300167950e-08  4.7632356757e-08    0.016508333333    0.016508333333
 4.7149013374e-08  6.4761200357e-12  9.1991051320e-06      0.0000000000  4.7055513876e-08  4.6526400049e-08    0.016525000000    0.016525000000
 4.6982587156e-08  1.1894469810e-11  9.1987752377e-06      0.0000000000  4.6810859801e-08  4.6713778922e-08    0.016541666667    0.016541666667
 4.6936871755e-08  2.5642198434e-11  9.1984451374e-06      0.0000000000  4.6566660473e-08  4.6298661924e-08    0.016558333333    0.016558333333
 4.6445731815e-08  8.5696785431e-12  9.1981051325e-06      0.0000000000  4.6322006399e-08  4.5969027300e-08    0.016575000000    0.016575000000
 4.6420885094e-08  2.3794346331e-11  9.1977752382e-06      0.0000000000  4.6077352324e-08  4.5408918864e-08    0.016591666667    0.016591666667
 4.6007817072e-08  1.2129375411e-11  9.1974451310e-06      0.0000000000  4.5832698249e-08  4.5101562799e-08    0.016608333333    0.016608333333
 4.5978125991e-08  2.7018504971e-11  9.1971051400e-06      0.0000000000  4.5588044174e-08  4.5409909372e-08    0.016625000000    0.016625000000
 4.5364606849e-08  1.4695502848e-12  9.1967752353e-06      0.0000000000  4.5343390100e-08  4.4591734413e-08    0.016641666667    0.016641666667
 4.5266998542e-08  1.1654482367e-11  9.1964451385e-06      0.0000000000  4.5098736025e-08  4.4662878011e-08    0.016658333333    0.016658333333
 4.5252757792e-08  2.7613758836e-11  9.1961051370e-06      0.0000000000  4.4854081950e-08  4.4565336600e-08    0.016675000000    0.016675000000
 4.4609287568e-08 -9.7181787471e-15  9.1957752358e-06      0.0000000000  4.4609427875e-08  4.4881654401e-08    0.016691666667    0.016691666667
 4.4599054083e-08  1.6227116193e-11  9.1954451390e-06      0.0000000000  4.4364773801e-08  4.3994725640e-08    0.016708333333    0.016708333333
 4.4333546869e-08  1.4814248375e-11  9.1951051306e-06      0.0000000000  4.4119664978e-08  4.4242761308e-08    0.016725000000    0.016725000000
 4.3961310034e-08  5.9773959558e-12  9.1947752433e-06      0.0000000000  4.3875010904e-08  4.4474823077e-08    0.016741666667    0.016741666667
 4.4152364765e-08  3.6156194418e-11  9.1944451326e-06      0.0000000000  4.3630356829e-08  4.2969408824e-08    0.016758333333    0.016758333333
 4.3876241355e-08  3.3976512244e-11  9.1941051416e-06      0.0000000000  4.3385702754e-08  4.2905670449e-08    0.016775000000    0.016775000000
 4.3912970720e-08  5.3466166833e-11  9.1937752369e-06      0.0000000000  4.3141048679e-08  4.2446766729e-08    0.016791666667    0.016791666667
 4.3758464301e-08  5.9741623336e-11  9.1934451366e-06      0.0000000000  4.2895939857e-08  4.3891901523e-08    0.016808333333    0.016808333333
 4.3605685706e-08  6.6105257826e-11  9.1931051387e-06      0.0000000000  4.2651285782e-08  4.1910430474e-08    0.016825000000    0.016825000000
 4.3225412237e-08  5.6743256009e-11  9.1927752339e-06      0.0000000000  4.2406176960e-08  4.0509082403e-08    0.016841666667    0.016841666667
 4.3123281530e-08  6.6614949988e-11  9.1924451441e-06      0.0000000000  4.2161522885e-08  4.1531993700e-08    0.016858333333    0.016858333333
 4.2720980594e-08  5.5695747063e-11  9.1921051322e-06      0.0000000000  4.1916868811e-08  4.1205975215e-08    0.016875000000    0.016875000000
 4.2514233320e-08  5.8352809351e-11  9.1917752414e-06      0.0000000000  4.1671759989e-08  4.0592033479e-08    0.016891666667    0.016891666667
 4.2190938119e-08  5.2905835012e-11  9.1914451377e-06      0.0000000000  4.1427105914e-08  4.1889991429e-08    0.016908333333    0.016908333333
 4.1931353631e-08  5.1903196961e-11  9.1911051397e-06      0.0000000000  4.1181997092e-08  4.0778846348e-08    0.016925000000    0.016925000000
 4.1607248392e-08  4.6431613871e-11  9.1907752385e-06      0.0000000000  4.0936888270e-08  4.1484622283e-08    0.016941666667    0.016941666667
 4.1331784666e-08  4.4297623821e-11  9.1904451347e-06      0.0000000000  4.0692234195e-08  4.0939229959e-08    0.016958333333    0.016958333333
 4.0797699898e-08  2.4282084305e-11  9.1901051437e-06      0.0000000000  4.0447125373e-08  4.0660975949e-08    0.016975000000    0.016975000000
 4.0599579010e-08  2.7536641891e-11  9.1897752355e-06      0.0000000000  4.0202016550e-08  3.9682495991e-08    0.016991666667    0.016991666667
 4.0282077484e-08  2.2490958763e-11  9.1894451422e-06      0.0000000000  3.9957362476e-08  4.0757558297e-08    0.017008333333    0.017008333333
 4.0009360507e-08  2.0578716196e-11  9.1891051373e-06      0.0000000000  3.9712253654e-08  4.0711397500e-08    0.017025000000    0.017025000000
 3.9700254856e-08  1.6146059840e-11  9.1887752430e-06      0.0000000000  3.9467144831e-08  3.9887672555e-08    0.017041666667    0.017041666667
 3.9300925640e-08  5.4641867283e-12  9.1884451393e-06      0.0000000000  3.9222036009e-08  3.9926412406e-08    0.017058333333    0.017058333333
 3.8974331220e-08 -2.1130374611e-13  9.1881051378e-06      0.0000000000  3.8977381935e-08  3.8318850096e-08    0.017075000000    0.017075000000
 3.8607496167e-08 -8.6425113021e-12  9.1877752436e-06      0.0000000000  3.8732273112e-08  3.8238147314e-08    0.017091666667    0.017091666667
 3.8382546006e-08 -7.2462481114e-12  9.1874451328e-06      0.0000000000  3.8487164290e-08  3.8588205260e-08    0.017108333333    0.017108333333
 3.8120386640e-08 -8.4272316429e-12  9.1871051453e-06      0.0000000000  3.8242055468e-08  3.8322356178e-08    0.017125000000    0.017125000000
 3.7823995330e-08 -1.1979245886e-11  9.1867752371e-06      0.0000000000  3.7996946646e-08  3.9006466726e-08    0.017141666667    0.017141666667
 3.7640873762e-08 -7.6857800729e-12  9.1864451438e-06      0.0000000000  3.7751837824e-08  3.8256762567e-08    0.017158333333    0.017158333333
 3.7589353342e-08  5.7228664382e-12  9.1861051389e-06      0.0000000000  3.7506729002e-08  3.8375560584e-08    0.017175000000    0.017175000000
 3.7468403420e-08  1.4322569657e-11  9.1857752412e-06      0.0000000000  3.7261620180e-08  3.7541333113e-08    0.017191666667    0.017191666667
 3.7389748331e-08  2.5851769040e-11  9.1854451444e-06      0.0000000000  3.7016511358e-08  3.7826064728e-08    0.017208333333    0.017208333333
 3.7385667494e-08  4.2577753492e-11  9.1851051359e-06      0.0000000000  3.6770947788e-08  3.6681148056e-08    0.017225000000    0.017225000000
 3.7133695953e-08  4.2102416238e-11  9.1847752452e-06      0.0000000000  3.6525838966e-08  3.6249491155e-08    0.017241666667    0.017241666667
 3.6906154616e-08  4.3319205062e-11  9.1844451379e-06      0.0000000000  3.6280730144e-08  3.6793657136e-08    0.017258333333    0.017258333333
 3.6668715620e-08  4.3850445481e-11  9.1841051470e-06      0.0000000000  3.6035621322e-08  3.6520670111e-08    0.017275000000    0.017275000000
 3.6348918035e-08  3.8708723842e-11  9.1837752387e-06      0.0000000000  3.5790057752e-08  3.5181692571e-08    0.017291666667    0.017291666667
 3.6199819205e-08  4.5358729913e-11  9.1834451419e-06      0.0000000000  3.5544948930e-08  3.4525048954e-08    0.017308333333    0.017308333333
 3.5887446396e-08  4.0699778181e-11  9.1831051440e-06      0.0000000000  3.5299840108e-08  3.4858252550e-08    0.017325000000    0.017325000000
 3.5537327409e-08  3.3457884444e-11  9.1827752393e-06      0.0000000000  3.5054276538e-08  3.5111948261e-08    0.017341666667    0.017341666667
 3.5338980749e-08  3.6696804183e-11  9.1824451460e-06      0.0000000000  3.4809167716e-08  3.3518205890e-08    0.017358333333    0.017358333333
 3.5177248268e-08  4.2471757052e-11  9.1821051410e-06      0.0000000000  3.4564058894e-08  3.4999942297e-08    0.017375000000    0.017375000000
 3.4886339431e-08  3.9330976583e-11  9.1817752468e-06      0.0000000000  3.4318495325e-08  3.4967082602e-08    0.017391666667    0.017391666667
 3.4668953589e-08  4.1251172419e-11  9.1814451395e-06      0.0000000000  3.4073386503e-08  3.5215401272e-08    0.017408333333    0.017408333333
 3.4287112875e-08  3.1812114918e-11  9.1811051451e-06      0.0000000000  3.3827822933e-08  3.3827480081e-08    0.017425000000    0.017425000000
 3.4156007726e-08  3.9708429632e-11  9.1807752438e-06      0.0000000000  3.3582714111e-08  3.3694044564e-08    0.017441666667    0.017441666667
 3.3792723387e-08  3.1554655100e-11  9.1804451400e-06      0.0000000000  3.3337150542e-08  3.4781055850e-08    0.017458333333    0.017458333333
 3.3281100532e-08  1.3126407982e-11  9.1801051456e-06      0.0000000000  3.3091586972e-08  3.1663346862e-08    0.017475000000    0.017475000000
 3.3169951816e-08  2.2404978822e-11  9.1797752409e-06      0.0000000000  3.2846478150e-08  3.2264600668e-08    0.017491666667    0.017491666667
 3.2913661007e-08  2.1661970708e-11  9.1794451476e-06      0.0000000000  3.2600914580e-08  3.3180584317e-08    0.017508333333    0.017508333333
 3.2470276804e-08  7.9601841793e-12  9.1791051391e-06      0.0000000000  3.2355351011e-08  3.0761261764e-08    0.017525000000    0.017525000000
 3.2420376407e-08  2.1512536991e-11  9.1787752484e-06      0.0000000000  3.2109787441e-08  3.1345629774e-08    0.017541666667    0.017541666667
 3.1979749765e-08  7.9702518355e-12  9.1784451446e-06      0.0000000000  3.1864678619e-08  3.3003377799e-08    0.017558333333    0.017558333333
 3.1831466193e-08  1.4708223147e-11  9.1781051432e-06      0.0000000000  3.1619115050e-08  3.2017948565e-08    0.017575000000    0.017575000000
 3.1354429572e-08 -1.3244538686e-12  9.1777752454e-06      0.0000000000  3.1373551480e-08  3.1036842976e-08    0.017591666667    0.017591666667
 3.1336105553e-08  1.4414995263e-11  9.1774451416e-06      0.0000000000  3.1127987911e-08  2.9755456374e-08    0.017608333333    0.017608333333
 3.1131685813e-08  1.7264768608e-11  9.1771051472e-06      0.0000000000  3.0882424341e-08  3.0076082096e-08    0.017625000000    0.017625000000
 3.0824280609e-08  1.2981388957e-11  9.1767752390e-06      0.0000000000  3.0636860772e-08  3.1089512822e-08    0.017641666667    0.017641666667
 3.0564481106e-08  1.1995355747e-11  9.1764451492e-06      0.0000000000  3.0391297202e-08  3.1845961866e-08    0.017658333333    0.017658333333
 3.0576365736e-08  2.9827167308e-11  9.1761051442e-06      0.0000000000  3.0145733633e-08  3.1573037730e-08    0.017675000000    0.017675000000
 3.0264035749e-08  2.5202679024e-11  9.1757752465e-06      0.0000000000  2.9900170064e-08  3.0893675329e-08    0.017691666667    0.017691666667
 3.0099802741e-08  3.0835933606e-11  9.1754451462e-06      0.0000000000  2.9654606494e-08  2.9055277593e-08    0.017708333333    0.017708333333
 2.9810406714e-08  2.7799935965e-11  9.1751051448e-06      0.0000000000  2.9409042925e-08  2.9021568891e-08    0.017725000000    0.017725000000
 2.9829920055e-08  4.6160140196e-11  9.1747752470e-06      0.0000000000  2.9163479355e-08  2.9818204242e-08    0.017741666667    0.017741666667
 2.9416303981e-08  3.4551701596e-11  9.1744451432e-06      0.0000000000  2.8917461038e-08  2.8637817966e-08    0.017758333333    0.017758333333
 2.9324671713e-08  4.5213551076e-11  9.1741051488e-06      0.0000000000  2.8671897469e-08  2.8150441084e-08    0.017775000000    0.017775000000
 2.9025715750e-08  4.1515397027e-11  9.1737752441e-06      0.0000000000  2.8426333899e-08  2.7628113436e-08    0.017791666667    0.017791666667
 2.8682018058e-08  3.4718265865e-11  9.1734451473e-06      0.0000000000  2.8180770330e-08  3.0585721815e-08    0.017808333333    0.017808333333
 2.8561603721e-08  4.3418060635e-11  9.1731051458e-06      0.0000000000  2.7934752013e-08  2.7242837444e-08    0.017825000000    0.017825000000
 2.8394699648e-08  4.8866307459e-11  9.1727752481e-06      0.0000000000  2.7689188444e-08  2.5213759143e-08    0.017841666667    0.017841666667
 2.7821098057e-08  2.6145184504e-11  9.1724451478e-06      0.0000000000  2.7443624874e-08  2.7789629056e-08    0.017858333333    0.017858333333
 2.7544378502e-08  2.4018703512e-11  9.1721051464e-06      0.0000000000  2.7197606557e-08  2.7591103043e-08    0.017875000000    0.017875000000
 2.7289809978e-08  2.3394987187e-11  9.1717752486e-06      0.0000000000  2.6952042988e-08  2.7597926539e-08    0.017891666667    0.017891666667
 2.6843587256e-08  9.5280918674e-12  9.1714451448e-06      0.0000000000  2.6706024671e-08  2.8045714564e-08    0.017908333333    0.017908333333
 2.6810666032e-08  2.4256484795e-11  9.1711051504e-06      0.0000000000  2.6460461101e-08  2.7101037640e-08    0.017925000000    0.017925000000
 2.6422495205e-08  1.4410477813e-11  9.1707752457e-06      0.0000000000  2.6214442785e-08  2.4880351157e-08    0.017941666667    0.017941666667
 2.6412958418e-08  3.0758563052e-11  9.1704451489e-06      0.0000000000  2.5968879215e-08  2.5390493990e-08    0.017958333333    0.017958333333
 2.6353572970e-08  4.3685443663e-11  9.1701051474e-06      0.0000000000  2.5722860898e-08  2.4844551384e-08    0.017975000000    0.017975000000
 2.6045469946e-08  3.9385227920e-11  9.1697752462e-06      0.0000000000  2.5476842581e-08  2.5805107873e-08    0.017991666667    0.017991666667
 2.5786684416e-08  3.8469426224e-11  9.1694451494e-06      0.0000000000  2.5231279012e-08  2.3113725913e-08    0.018008333333    0.018008333333
 2.5464643871e-08  3.3203846399e-11  9.1691051480e-06      0.0000000000  2.4985260695e-08  2.4547745011e-08    0.018025000000    0.018025000000
 2.5358456952e-08  4.2889084616e-11  9.1687752502e-06      0.0000000000  2.4739242378e-08  2.5366140082e-08    0.018041666667    0.018041666667
 2.5008798667e-08  3.5710598222e-11  9.1684451464e-06      0.0000000000  2.4493224061e-08  2.3813888972e-08    0.018058333333    0.018058333333
 2.4873390549e-08  4.3340370963e-11  9.1681051520e-06      0.0000000000  2.4247660492e-08  2.4246489214e-08    0.018075000000    0.018075000000
 2.4661867992e-08  4.5729674525e-11  9.1677752473e-06      0.0000000000  2.4001642175e-08  2.4509461108e-08    0.018091666667    0.018091666667
 2.4597798763e-08  5.8332139211e-11  9.1674451505e-06      0.0000000000  2.3755623858e-08  2.4980235196e-08    0.018108333333    0.018108333333
 2.4333439259e-08  5.7061760941e-11  9.1671051491e-06      0.0000000000  2.3509605542e-08  2.3588855090e-08    0.018125000000    0.018125000000
 2.4052921646e-08  5.4672212500e-11  9.1667752478e-06      0.0000000000  2.3263587225e-08  2.3036623547e-08    0.018141666667    0.018141666667
 2.3726953726e-08  4.9134608163e-11  9.1664451510e-06      0.0000000000  2.3017568908e-08  2.4199385077e-08    0.018158333333    0.018158333333
 2.3369892501e-08  4.1443366947e-11  9.1661051461e-06      0.0000000000  2.2771550591e-08  2.3189098821e-08    0.018175000000    0.018175000000
 2.3120034014e-08  4.1177382603e-11  9.1657752553e-06      0.0000000000  2.2525532274e-08  2.1917884575e-08    0.018191666667    0.018191666667
 2.2819028000e-08  3.7368731937e-11  9.1654451481e-06      0.0000000000  2.2279513957e-08  2.1595576562e-08    0.018208333333    0.018208333333
 2.2504970189e-08  3.2656065667e-11  9.1651051501e-06      0.0000000000  2.2033495641e-08  2.2882355927e-08    0.018225000000    0.018225000000
 2.2314096346e-08  3.6475575251e-11  9.1647752489e-06      0.0000000000  2.1787477324e-08  2.2543193564e-08    0.018241666667    0.018241666667
 2.1923977729e-08  2.6494657139e-11  9.1644451521e-06      0.0000000000  2.1541459007e-08  2.1916280896e-08    0.018258333333    0.018258333333
 2.1608889646e-08  2.1710630469e-11  9.1641051507e-06      0.0000000000  2.1295440690e-08  2.0916670109e-08    0.018275000000    0.018275000000
 2.1289917544e-08  1.6689079747e-11  9.1637752459e-06      0.0000000000  2.1048967626e-08  2.1578879435e-08    0.018291666667    0.018291666667
 2.1019715738e-08  1.5014042114e-11  9.1634451561e-06      0.0000000000  2.0802949309e-08  2.0899847203e-08    0.018308333333    0.018308333333
 2.0760506255e-08  1.4100373312e-11  9.1631051477e-06      0.0000000000  2.0556930992e-08  2.2222127616e-08    0.018325000000    0.018325000000
 2.0295013841e-08 -1.0697144368e-12  9.1627752534e-06      0.0000000000  2.0310457928e-08  1.9972339078e-08    0.018341666667    0.018341666667
 1.9946787942e-08 -8.1489884069e-12  9.1624451497e-06      0.0000000000  2.0064439611e-08  2.0240483622e-08    0.018358333333    0.018358333333
 1.9772297713e-08 -3.1946893113e-12  9.1621051552e-06      0.0000000000  1.9818421294e-08  1.9761879807e-08    0.018375000000    0.018375000000
 1.9474119139e-08 -6.7760035817e-12  9.1617752505e-06      0.0000000000  1.9571948230e-08  2.0038372914e-08    0.018391666667    0.018391666667
 1.9664143012e-08  2.3425886267e-11  9.1614451502e-06      0.0000000000  1.9325929913e-08  2.0079093780e-08    0.018408333333    0.018408333333
 1.9318728255e-08  1.6572819807e-11  9.1611051557e-06      0.0000000000  1.9079456849e-08  1.8861256886e-08    0.018425000000    0.018425000000
 1.9631341071e-08  5.5265671919e-11  9.1607752475e-06      0.0000000000  1.8833438532e-08  1.7672789326e-08    0.018441666667    0.018441666667
 1.9561552785e-08  6.7503511094e-11  9.1604451542e-06      0.0000000000  1.8586965468e-08  1.8573270746e-08    0.018458333333    0.018458333333
 1.9111532272e-08  5.3373566832e-11  9.1601051493e-06      0.0000000000  1.8340947151e-08  1.7701168154e-08    0.018475000000    0.018475000000
 1.8950893601e-08  5.9318773406e-11  9.1597752551e-06      0.0000000000  1.8094474087e-08  1.7077541456e-08    0.018491666667    0.018491666667
 1.8623042817e-08  5.3650754978e-11  9.1594451513e-06      0.0000000000  1.7848455770e-08  1.7671028424e-08    0.018508333333    0.018508333333
 1.8549295627e-08  6.5614385895e-11  9.1591051533e-06      0.0000000000  1.7601982706e-08  1.7610701798e-08    0.018525000000    0.018525000000
 1.8099446720e-08  5.1527825130e-11  9.1587752556e-06      0.0000000000  1.7355509642e-08  1.6569018024e-08    0.018541666667    0.018541666667
 1.7671458681e-08  3.8923931160e-11  9.1584451483e-06      0.0000000000  1.7109491325e-08  1.7972315665e-08    0.018558333333    0.018558333333
 1.7329648805e-08  3.2320552074e-11  9.1581051574e-06      0.0000000000  1.6863018261e-08  1.8491797570e-08    0.018575000000    0.018575000000
 1.6982335153e-08  2.5335961142e-11  9.1577752491e-06      0.0000000000  1.6616545197e-08  1.7205709988e-08    0.018591666667    0.018591666667
 1.6704225497e-08  2.3144694162e-11  9.1574451593e-06      0.0000000000  1.6370072133e-08  1.6115601401e-08    0.018608333333    0.018608333333
 1.6462842508e-08  2.3497251476e-11  9.1571051509e-06      0.0000000000  1.6123599068e-08  1.7872242958e-08    0.018625000000    0.018625000000
 1.5995730337e-08  8.1834759333e-12  9.1567752532e-06      0.0000000000  1.5877580752e-08  1.7105778782e-08    0.018641666667    0.018641666667
 1.5918732020e-08  1.9921921854e-11  9.1564451564e-06      0.0000000000  1.5631107687e-08  1.5768200530e-08    0.018658333333    0.018658333333
 1.5141996364e-08 -1.6806020539e-11  9.1561051514e-06      0.0000000000  1.5384634623e-08  1.5408316120e-08    0.018675000000    0.018675000000
 1.5081993785e-08 -3.8903871095e-12  9.1557752572e-06      0.0000000000  1.5138161559e-08  1.5695107362e-08    0.018691666667    0.018691666667
 1.4914933285e-08  1.6100198772e-12  9.1554451499e-06      0.0000000000  1.4891688495e-08  1.4173624875e-08    0.018708333333    0.018708333333
 1.4633637162e-08 -8.0195356778e-13  9.1551051590e-06      0.0000000000  1.4645215431e-08  1.3980428736e-08    0.018725000000    0.018725000000
 1.4490830524e-08  6.3783653209e-12  9.1547752507e-06      0.0000000000  1.4398742366e-08  1.3708054882e-08    0.018741666667    0.018741666667
 1.4484597909e-08  2.3018304679e-11  9.1544451574e-06      0.0000000000  1.4152269302e-08  1.5875253958e-08    0.018758333333    0.018758333333
 1.3883024235e-08 -1.5457754355e-12  9.1541051560e-06      0.0000000000  1.3905341491e-08  1.3904081043e-08    0.018775000000    0.018775000000
 1.3923287696e-08  1.8314653585e-11  9.1537752513e-06      0.0000000000  1.3658868427e-08  1.3148716840e-08    0.018791666667    0.018791666667
 1.3624288058e-08  1.4676469370e-11  9.1534451580e-06      0.0000000000  1.3412395362e-08  1.3660447630e-08    0.018808333333    0.018808333333
 1.3442646384e-08  1.9166930532e-11  9.1531051530e-06      0.0000000000  1.3165922298e-08  1.3967080467e-08    0.018825000000    0.018825000000
 1.3417487341e-08  3.4495955657e-11  9.1527752588e-06      0.0000000000  1.2919449234e-08  1.4079133599e-08    0.018841666667    0.018841666667
 1.2788955876e-08  8.0646796037e-12  9.1524451515e-06      0.0000000000  1.2672521423e-08  1.3995427850e-08    0.018858333333    0.018858333333
 1.2624567242e-08  1.3750149868e-11  9.1521051606e-06      0.0000000000  1.2426048358e-08  1.3509717537e-08    0.018875000000    0.018875000000
 1.2147615730e-08 -2.2136372654e-12  9.1517752558e-06      0.0000000000  1.2179575294e-08  1.1035445398e-08    0.018891666667    0.018891666667
 1.1907273236e-08 -1.7575138758e-12  9.1514451555e-06      0.0000000000  1.1932647483e-08  1.1385204620e-08    0.018908333333    0.018908333333
 1.1496452006e-08 -1.3140873852e-11  9.1511051576e-06      0.0000000000  1.1686174418e-08  1.1011091490e-08    0.018925000000    0.018925000000
 1.1253942825e-08 -1.2866320709e-11  9.1507752529e-06      0.0000000000  1.1439701354e-08  1.0172760489e-08    0.018941666667    0.018941666667
 1.1015032718e-08 -1.2310984897e-11  9.1504451596e-06      0.0000000000  1.1192773543e-08  9.4679436160e-09    0.018958333333    0.018958333333
 1.0626099412e-08 -2.2178306503e-11  9.1501051511e-06      0.0000000000  1.0946300479e-08  1.1460483194e-08    0.018975000000    0.018975000000
 1.0642988662e-08 -3.9053641179e-12  9.1497752604e-06      0.0000000000  1.0699372667e-08  1.1440421485e-08    0.018991666667    0.018991666667
 1.0176095656e-08 -1.9172462037e-11  9.1494451566e-06      0.0000000000  1.0452899603e-08  1.1105928658e-08    0.019008333333    0.019008333333
 1.0073309363e-08 -9.1886889162e-12  9.1491051587e-06      0.0000000000  1.0205971791e-08  9.9803190217e-09    0.019025000000    0.019025000000
 9.5491321605e-09 -2.8392004058e-11  9.1487752574e-06      0.0000000000  9.9590439798e-09  8.7865530330e-09    0.019041666667    0.019041666667
 9.5779846172e-09 -9.3219432827e-12  9.1484451571e-06      0.0000000000  9.7125709156e-09  1.1060852703e-08    0.019058333333    0.019058333333
 9.5820628042e-09  8.0636576991e-12  9.1481051592e-06      0.0000000000  9.4656431041e-09  1.0817989685e-08    0.019075000000    0.019075000000
 9.0987806449e-09 -8.3071159288e-12  9.1477752510e-06      0.0000000000  9.2187152925e-09  9.5172960477e-09    0.019091666667    0.019091666667
 9.0120615462e-09  2.7580327758e-12  9.1474451647e-06      0.0000000000  8.9722422284e-09  1.0549357748e-08    0.019108333333    0.019108333333
 8.7630122433e-09  2.6110904628e-12  9.1471051562e-06      0.0000000000  8.7253144168e-09  9.1542828917e-09    0.019125000000    0.019125000000
 8.4325594721e-09 -3.1741562209e-12  9.1467752585e-06      0.0000000000  8.4783866053e-09  7.4680145376e-09    0.019141666667    0.019141666667
 8.3267149624e-09  6.5977934719e-12  9.1464451582e-06      0.0000000000  8.2314587938e-09  7.6730181558e-09    0.019158333333    0.019158333333
 8.0013854223e-09  1.1359031876e-12  9.1461051568e-06      0.0000000000  7.9849857296e-09  8.1234318115e-09    0.019175000000    0.019175000000
 7.7367896011e-09 -8.7848312109e-14  9.1457752590e-06      0.0000000000  7.7380579181e-09  7.2025270694e-09    0.019191666667    0.019191666667
 7.5607105564e-09  4.8193985227e-12  9.1454451552e-06      0.0000000000  7.4911301065e-09  7.9274370952e-09    0.019208333333    0.019208333333
 7.0629116158e-09 -1.2556860905e-11  9.1451051643e-06      0.0000000000  7.2442022950e-09  7.3424559138e-09    0.019225000000    0.019225000000
 7.0025331778e-09  3.6423655678e-13  9.1447752561e-06      0.0000000000  6.9972744835e-09  8.4871053059e-09    0.019241666667    0.019241666667
 6.8223180849e-09  4.9850054380e-12  9.1444451628e-06      0.0000000000  6.7503466719e-09  5.0795392196e-09    0.019258333333    0.019258333333
 6.3134461308e-09 -1.3158211731e-11  9.1441051578e-06      0.0000000000  6.5034188604e-09  6.4357012796e-09    0.019275000000    0.019275000000
 6.2838719008e-09  1.8964987641e-12  9.1437752566e-06      0.0000000000  6.2564910489e-09  7.6356775934e-09    0.019291666667    0.019291666667
 6.0110515422e-09  1.0308548338e-13  9.1434451598e-06      0.0000000000  6.0095632373e-09  6.4720513345e-09    0.019308333333    0.019308333333
 5.7316167127e-09 -2.1484704472e-12  9.1431051584e-06      0.0000000000  5.7626354258e-09  6.1759524663e-09    0.019325000000    0.019325000000
 5.5373035199e-09  1.4958120500e-12  9.1427752606e-06      0.0000000000  5.5157076143e-09  5.5469330047e-09    0.019341666667    0.019341666667
 5.1877411016e-09 -5.5815417722e-12  9.1424451534e-06      0.0000000000  5.2683250554e-09  5.5866319184e-09    0.019358333333    0.019358333333
 4.9652148762e-09 -3.8913979416e-12  9.1421051659e-06      0.0000000000  5.0213972439e-09  4.9307429743e-09    0.019375000000    0.019375000000
 4.6537529256e-09 -8.3612703675e-12  9.1417752577e-06      0.0000000000  4.7744694323e-09  4.3827879085e-09    0.019391666667    0.019391666667
 4.5829934873e-09  3.8408007417e-12  9.1414451609e-06      0.0000000000  4.5275416208e-09  4.4875144290e-09    0.019408333333    0.019408333333
 4.2031317721e-09 -5.3666915894e-12  9.1411051595e-06      0.0000000000  4.2806138093e-09  4.2765677654e-09    0.019425000000    0.019425000000
 4.0087807104e-09 -1.6935345556e-12  9.1407752582e-06      0.0000000000  4.0332312504e-09  4.5221821932e-09    0.019441666667    0.019441666667
 3.4978003870e-09 -1.9982785157e-11  9.1404451649e-06      0.0000000000  3.7863034389e-09  3.2411100390e-09    0.019458333333    0.019458333333
 3.3278051809e-09 -1.4654149239e-11  9.1401051565e-06      0.0000000000  3.5393756273e-09  2.7695655556e-09    0.019475000000    0.019475000000
 3.1993754610e-09 -6.4150369958e-12  9.1397752622e-06      0.0000000000  3.2919930684e-09  3.0114537884e-09    0.019491666667    0.019491666667
 3.2616011963e-09  1.4998077589e-11  9.1394451585e-06      0.0000000000  3.0450652569e-09  3.3697974089e-09    0.019508333333    0.019508333333
 2.7061798006e-09 -6.3378280723e-12  9.1391051640e-06      0.0000000000  2.7976826980e-09  3.7135821406e-09    0.019525000000    0.019525000000
 2.8619285875e-09  2.1553037910e-11  9.1387752593e-06      0.0000000000  2.5507548865e-09  4.7726391024e-09    0.019541666667    0.019541666667
 2.7020347087e-09  2.7612826490e-11  9.1384451625e-06      0.0000000000  2.3033723276e-09  5.4738544977e-10    0.019558333333    0.019558333333
 2.4926409710e-09  3.0212574836e-11  9.1381051645e-06      0.0000000000  2.0564445161e-09  2.0968065385e-09    0.019575000000    0.019575000000
 2.3149957502e-09  3.5042840013e-11  9.1377752563e-06      0.0000000000  1.8090619572e-09  2.8590099597e-09    0.019591666667    0.019591666667
 2.0291070288e-09  3.2344263736e-11  9.1374451665e-06      0.0000000000  1.5621341457e-09  9.9586525732e-10    0.019608333333    0.019608333333
 1.5862152692e-09  1.8802575603e-11  9.1371051581e-06      0.0000000000  1.3147515868e-09  1.6128728495e-09    0.019625000000    0.019625000000
 1.3676965753e-09  2.0770295844e-11  9.1367752638e-06      0.0000000000  1.0678237753e-09  1.4745948510e-09    0.019641666667    0.019641666667
 9.8002319764e-10  1.1053236443e-11  9.1364451601e-06      0.0000000000  8.2044121637e-10  1.6363346340e-11    0.019658333333    0.019658333333
 4.8073796966e-10 -6.3944712502e-12  9.1361051656e-06      0.0000000000  5.7305865749e-10 -3.3177753523e-11    0.019675000000    0.019675000000
 4.4793913635e-10  8.4683888101e-12  9.1357752609e-06      0.0000000000  3.2567609861e-10 -2.8470378196e-10    0.019691666667    0.019691666667
-4.4597297362e-11 -8.5433699860e-12  9.1354451606e-06      0.0000000000  7.8748287078e-11  3.7717537451e-10    0.019708333333    0.019708333333
 9.5502175898e-11  1.8295064309e-11  9.1351051662e-06      0.0000000000 -1.6863427180e-10  1.0774159845e-10    0.019725000000    0.019725000000
-2.7437069743e-10  9.8109334760e-12  9.1347752579e-06      0.0000000000 -4.1601683069e-10 -9.2671095917e-11    0.019741666667    0.019741666667
-4.2153420436e-10  1.6752474548e-11  9.1344451681e-06      0.0000000000 -6.6339938957e-10  1.0771015377e-10    0.019758333333    0.019758333333
-8.4820319630e-10  4.3344351183e-12  9.1341051597e-06      0.0000000000 -9.1078194845e-10 -1.3424086224e-09    0.019775000000    0.019775000000
-9.2007279484e-10  1.6459612436e-11  9.1337752655e-06      0.0000000000 -1.1577097600e-09 -1.5524905571e-09    0.019791666667    0.019791666667
-1.3951690873e-09  6.8731960647e-13  9.1334451652e-06      0.0000000000 -1.4050923189e-09 -2.5435169449e-09    0.019808333333    0.019808333333
-1.4960940862e-09  1.0831510241e-11  9.1331051637e-06      0.0000000000 -1.6524748777e-09 -1.3255857164e-09    0.019825000000    0.019825000000
-1.8729357199e-09  1.8646973678e-12  9.1327752625e-06      0.0000000000 -1.8998574366e-09 -1.4281268314e-09    0.019841666667    0.019841666667
-1.9987104067e-09  1.0287706990e-11  9.1324451622e-06      0.0000000000 -2.1472399955e-09 -3.0913462320e-09    0.019858333333    0.019858333333
-2.1964574099e-09  1.3725648598e-11  9.1321051678e-06      0.0000000000 -2.3946225544e-09 -3.4902220503e-09    0.019875000000    0.019875000000
-2.5937866434e-09  3.3397890184e-12  9.1317752595e-06      0.0000000000 -2.6420051133e-09 -2.5113018660e-09    0.019891666667    0.019891666667
-2.5888614034e-09  2.0815557494e-11  9.1314451697e-06      0.0000000000 -2.8893876722e-09 -3.8396196581e-09    0.019908333333    0.019908333333
-2.7121894627e-09  2.9408029559e-11  9.1311051648e-06      0.0000000000 -3.1367702310e-09 -3.3661884937e-09    0.019925000000    0.019925000000
-2.6859069305e-09  4.8363082838e-11  9.1307752636e-06      0.0000000000 -3.3841527899e-09 -2.9124417015e-09    0.019941666667    0.019941666667
-2.8326094690e-09  5.5368049761e-11  9.1304451668e-06      0.0000000000 -3.6319900962e-09 -3.2180840314e-09    0.019958333333    0.019958333333
-3.0728447494e-09  5.5863096623e-11  9.1301051653e-06      0.0000000000 -3.8793726550e-09 -3.7215920362e-09    0.019975000000    0.019975000000
-3.2881985467e-09  5.8081526751e-11  9.1297752641e-06      0.0000000000 -4.1267552139e-09 -3.5247640358e-09    0.019991666667    0.019991666667
-3.6872182697e-09  4.7578577636e-11  9.1294451603e-06      0.0000000000 -4.3741377728e-09 -5.0850807076e-09    0.020008333333    0.020008333333
-3.7487450042e-09  6.0451637336e-11  9.1291051728e-06      0.0000000000 -4.6215203317e-09 -6.0246321473e-09    0.020025000000    0.020025000000
-4.0352240648e-09  5.7775166945e-11  9.1287752611e-06      0.0000000000 -4.8693576379e-09 -4.7171779031e-09    0.020041666667    0.020041666667
-4.3620296676e-09  5.2274034070e-11  9.1284451678e-06      0.0000000000 -5.1167401968e-09 -5.3907544821e-09    0.020058333333    0.020058333333
-4.6390880681e-09  5.0218575854e-11  9.1281051664e-06      0.0000000000 -5.3641227557e-09 -4.5947794701e-09    0.020075000000    0.020075000000
-4.4998953546e-09  7.7025702108e-11  9.1277752652e-06      0.0000000000 -5.6119600619e-09 -6.7119028863e-09    0.020091666667    0.020091666667
-4.8810504484e-09  6.7760123079e-11  9.1274451684e-06      0.0000000000 -5.8593426208e-09 -6.1744975119e-09    0.020108333333    0.020108333333
-4.9091019106e-09  8.2951803571e-11  9.1271051634e-06      0.0000000000 -6.1067251797e-09 -7.1991539894e-09    0.020125000000    0.020125000000
-5.2586856322e-09  7.5904471678e-11  9.1267752692e-06      0.0000000000 -6.3545624859e-09 -5.8434635997e-09    0.020141666667    0.020141666667
-5.4822156060e-09  7.7556589670e-11  9.1264451654e-06      0.0000000000 -6.6019450448e-09 -7.4482744995e-09    0.020158333333    0.020158333333
-5.4862602823e-09  9.4442566146e-11  9.1261051710e-06      0.0000000000 -6.8497823510e-09 -7.1026030867e-09    0.020175000000    0.020175000000
-5.9616617019e-09  7.8649139090e-11  9.1257752627e-06      0.0000000000 -7.0971649099e-09 -4.7151339986e-09    0.020191666667    0.020191666667
-6.1031498271e-09  8.6015275506e-11  9.1254451694e-06      0.0000000000 -7.3450022161e-09 -7.0253749425e-09    0.020208333333    0.020208333333
-6.1577240995e-09  9.9369888360e-11  9.1251051680e-06      0.0000000000 -7.5923847750e-09 -6.7152203004e-09    0.020225000000    0.020225000000
-6.6451213234e-09  8.2777085143e-11  9.1247752633e-06      0.0000000000 -7.8402220813e-09 -7.1864975040e-09    0.020241666667    0.020241666667
-6.8469139942e-09  8.5966306371e-11  9.1244451735e-06      0.0000000000 -8.0880593875e-09 -8.4048689580e-09    0.020258333333    0.020258333333
-6.9498990016e-09  9.5967813219e-11  9.1241051650e-06      0.0000000000 -8.3354419464e-09 -8.2061385543e-09    0.020275000000    0.020275000000
-7.0834361885e-09  1.0388466094e-10  9.1237752708e-06      0.0000000000 -8.5832792526e-09 -8.4976150539e-09    0.020291666667    0.020291666667
-7.3316279465e-09  1.0386011030e-10  9.1234451670e-06      0.0000000000 -8.8311165588e-09 -9.6653448442e-09    0.020308333333    0.020308333333
-7.4668011885e-09  1.1163214134e-10  9.1231051726e-06      0.0000000000 -9.0784991177e-09 -9.6192941042e-09    0.020325000000    0.020325000000
-7.9671703209e-09  9.4140855905e-11  9.1227752643e-06      0.0000000000 -9.3263364240e-09 -1.0291031169e-08    0.020341666667    0.020341666667
-7.9389142771e-09  1.1326409936e-10  9.1224451675e-06      0.0000000000 -9.5741737302e-09 -9.4216485421e-09    0.020358333333    0.020358333333
-8.3447253486e-09  1.0229075640e-10  9.1221051731e-06      0.0000000000 -9.8215562891e-09 -9.9960485873e-09    0.020375000000    0.020375000000
-8.5781261919e-09  1.0329067906e-10  9.1217752614e-06      0.0000000000 -1.0069393595e-08 -1.1101014788e-08    0.020391666667    0.020391666667
-8.6934936226e-09  1.1246603109e-10  9.1214451751e-06      0.0000000000 -1.0317230902e-08 -9.8169711111e-09    0.020408333333    0.020408333333
-8.9944413709e-09  1.0878740603e-10  9.1211051666e-06      0.0000000000 -1.0565068208e-08 -1.0171494202e-08    0.020425000000    0.020425000000
-9.0705227556e-09  1.2068385447e-10  9.1207752724e-06      0.0000000000 -1.0812905514e-08 -1.0324928539e-08    0.020441666667    0.020441666667
-9.1184079404e-09  1.3453327568e-10  9.1204451686e-06      0.0000000000 -1.1060742820e-08 -1.1424061750e-08    0.020458333333    0.020458333333
-9.7015811332e-09  1.1130667571e-10  9.1201051707e-06      0.0000000000 -1.1308580126e-08 -1.1216699781e-08    0.020475000000    0.020475000000
-9.6113463527e-09  1.3472279499e-10  9.1197752694e-06      0.0000000000 -1.1556417433e-08 -1.0633872560e-08    0.020491666667    0.020491666667
-9.9703238916e-09  1.2699331519e-10  9.1194451691e-06      0.0000000000 -1.1803799992e-08 -1.2363770414e-08    0.020508333333    0.020508333333
-1.0277194365e-08  1.2290446037e-10  9.1191051747e-06      0.0000000000 -1.2051637298e-08 -1.3028746872e-08    0.020525000000    0.020525000000
-1.0244190148e-08  1.4235657978e-10  9.1187752630e-06      0.0000000000 -1.2299474604e-08 -1.1289494225e-08    0.020541666667    0.020541666667
-1.0481443751e-08  1.4312114362e-10  9.1184451767e-06      0.0000000000 -1.2547766658e-08 -1.4138634165e-08    0.020558333333    0.020558333333
-1.0390726431e-08  1.6657068534e-10  9.1181051682e-06      0.0000000000 -1.2795603964e-08 -1.3353161678e-08    0.020575000000    0.020575000000
-1.0658246466e-08  1.6520738695e-10  9.1177752705e-06      0.0000000000 -1.3043441270e-08 -1.2958452280e-08    0.020591666667    0.020591666667
-1.0625162361e-08  1.8466503974e-10  9.1174451737e-06      0.0000000000 -1.3291278576e-08 -1.3542851735e-08    0.020608333333    0.020608333333
-1.0876669103e-08  1.8441088110e-10  9.1171051688e-06      0.0000000000 -1.3539115883e-08 -1.4416966787e-08    0.020625000000    0.020625000000
-1.1064732926e-08  1.8855101296e-10  9.1167752710e-06      0.0000000000 -1.3786953189e-08 -1.5249228964e-08    0.020641666667    0.020641666667
-1.1290586283e-08  1.9007370237e-10  9.1164451707e-06      0.0000000000 -1.4034790495e-08 -1.3922279016e-08    0.020658333333    0.020658333333
-1.1581233721e-08  1.8710851475e-10  9.1161051763e-06      0.0000000000 -1.4282627801e-08 -1.2971894883e-08    0.020675000000    0.020675000000
-1.1912443751e-08  1.8136530994e-10  9.1157752646e-06      0.0000000000 -1.4530919855e-08 -1.3885221456e-08    0.020691666667    0.020691666667
-1.2290450247e-08  1.7234931191e-10  9.1154451748e-06      0.0000000000 -1.4778757161e-08 -1.4098667972e-08    0.020708333333    0.020708333333
-1.2395436678e-08  1.8224369029e-10  9.1151051733e-06      0.0000000000 -1.5026594467e-08 -1.4089769126e-08    0.020725000000    0.020725000000
-1.2595812458e-08  1.8553105058e-10  9.1147752686e-06      0.0000000000 -1.5274431774e-08 -1.4968427935e-08    0.020741666667    0.020741666667
-1.2964312918e-08  1.7720497311e-10  9.1144451753e-06      0.0000000000 -1.5522723827e-08 -1.5588925887e-08    0.020758333333    0.020758333333
-1.3173588950e-08  1.7987586911e-10  9.1141051739e-06      0.0000000000 -1.5770561133e-08 -1.5383309098e-08    0.020775000000    0.020775000000
-1.3431758524e-08  1.7916021817e-10  9.1137752726e-06      0.0000000000 -1.6018398440e-08 -1.6089336591e-08    0.020791666667    0.020791666667
-1.3805554088e-08  1.7046738231e-10  9.1134451689e-06      0.0000000000 -1.6266690493e-08 -1.6279592652e-08    0.020808333333    0.020808333333
-1.3905648065e-08  1.8070063006e-10  9.1131051779e-06      0.0000000000 -1.6514527799e-08 -1.6637590381e-08    0.020825000000    0.020825000000
-1.4358265879e-08  1.6651677702e-10  9.1127752697e-06      0.0000000000 -1.6762365106e-08 -1.6236371934e-08    0.020841666667    0.020841666667
-1.4311780959e-08  1.8693411711e-10  9.1124451729e-06      0.0000000000 -1.7010657159e-08 -1.7103977936e-08    0.020858333333    0.020858333333
-1.4552215222e-08  1.8744687920e-10  9.1121051749e-06      0.0000000000 -1.7258494465e-08 -1.7784881127e-08    0.020875000000    0.020875000000
-1.4726813838e-08  1.9255115839e-10  9.1117752702e-06      0.0000000000 -1.7506786519e-08 -1.6241969087e-08    0.020891666667    0.020891666667
-1.4619986771e-08  2.1711652063e-10  9.1114451769e-06      0.0000000000 -1.7754623825e-08 -1.7748515349e-08    0.020908333333    0.020908333333
-1.4936068697e-08  2.1242114409e-10  9.1111051720e-06      0.0000000000 -1.8002915879e-08 -1.8693459552e-08    0.020925000000    0.020925000000
-1.5239913015e-08  2.0854189194e-10  9.1107752743e-06      0.0000000000 -1.8250753185e-08 -1.7483436662e-08    0.020941666667    0.020941666667
-1.5210101607e-08  2.2780436316e-10  9.1104451739e-06      0.0000000000 -1.8499045239e-08 -1.7914197390e-08    0.020958333333    0.020958333333
-1.5898337105e-08  1.9730076051e-10  9.1101051760e-06      0.0000000000 -1.8746882545e-08 -2.0243996927e-08    0.020975000000    0.020975000000
-1.5972894920e-08  2.0933423446e-10  9.1097752713e-06      0.0000000000 -1.8995174599e-08 -2.0539073843e-08    0.020991666667    0.020991666667
-1.6209649418e-08  2.1013336813e-10  9.1094451780e-06      0.0000000000 -1.9243466652e-08 -1.8601216572e-08    0.021008333333    0.021008333333
-1.6505704713e-08  2.0679361244e-10  9.1091051766e-06      0.0000000000 -1.9491303958e-08 -1.9548047456e-08    0.021025000000    0.021025000000
-1.6670582547e-08  2.1257118886e-10  9.1087752683e-06      0.0000000000 -1.9739596012e-08 -2.0623880157e-08    0.021041666667    0.021041666667
-1.6951493706e-08  2.1028037183e-10  9.1084451785e-06      0.0000000000 -1.9987433318e-08 -2.0073802575e-08    0.021058333333    0.021058333333
-1.7057451556e-08  2.2013896364e-10  9.1081051736e-06      0.0000000000 -2.0235725372e-08 -2.0685527460e-08    0.021075000000    0.021075000000
-1.7477162599e-08  2.0826585236e-10  9.1077752759e-06      0.0000000000 -2.0484017425e-08 -2.0959143379e-08    0.021091666667    0.021091666667
-1.7815020231e-08  2.0206221011e-10  9.1074451756e-06      0.0000000000 -2.0732309479e-08 -1.9946184324e-08    0.021108333333    0.021108333333
-1.7890136004e-08  2.1402554041e-10  9.1071051776e-06      0.0000000000 -2.0980146785e-08 -1.9678464283e-08    0.021125000000    0.021125000000
-1.7949404601e-08  2.2711800196e-10  9.1067752729e-06      0.0000000000 -2.1228438839e-08 -1.8350020712e-08    0.021141666667    0.021141666667
-1.7874159718e-08  2.4952736318e-10  9.1064451761e-06      0.0000000000 -2.1476730892e-08 -2.1101367685e-08    0.021158333333    0.021158333333
-1.8164491003e-08  2.4661557099e-10  9.1061051782e-06      0.0000000000 -2.1725022946e-08 -2.1349497688e-08    0.021175000000    0.021175000000
-1.8187993008e-08  2.6215386116e-10  9.1057752699e-06      0.0000000000 -2.1972860252e-08 -2.0424080634e-08    0.021191666667    0.021191666667
-1.8693969246e-08  2.4430570437e-10  9.1054451801e-06      0.0000000000 -2.2221152306e-08 -2.2229854510e-08    0.021208333333    0.021208333333
-1.8743275792e-08  2.5808817434e-10  9.1051051752e-06      0.0000000000 -2.2469444359e-08 -2.4031336186e-08    0.021225000000    0.021225000000
-1.8954536682e-08  2.6065308927e-10  9.1047752775e-06      0.0000000000 -2.2717736413e-08 -2.3525029605e-08    0.021241666667    0.021241666667
-1.9109694535e-08  2.6710390738e-10  9.1044451772e-06      0.0000000000 -2.2966028466e-08 -2.1890424867e-08    0.021258333333    0.021258333333
-1.9481397494e-08  2.5855601307e-10  9.1041051792e-06      0.0000000000 -2.3214320520e-08 -2.3149281352e-08    0.021275000000    0.021275000000
-1.9650765398e-08  2.6402259065e-10  9.1037752745e-06      0.0000000000 -2.3462612574e-08 -2.5171724824e-08    0.021291666667    0.021291666667
-2.0068497658e-08  2.5228653723e-10  9.1034451777e-06      0.0000000000 -2.3710904627e-08 -2.4917966223e-08    0.021308333333    0.021308333333
-2.0426037857e-08  2.4471960784e-10  9.1031051798e-06      0.0000000000 -2.3959196681e-08 -2.3667929972e-08    0.021325000000    0.021325000000
-2.0758760698e-08  2.3887162020e-10  9.1027752715e-06      0.0000000000 -2.4207488734e-08 -2.4973969205e-08    0.021341666667    0.021341666667
-2.1121805475e-08  2.3092342344e-10  9.1024451817e-06      0.0000000000 -2.4455780788e-08 -2.2561407259e-08    0.021358333333    0.021358333333
-2.1042359617e-08  2.5362375965e-10  9.1021051768e-06      0.0000000000 -2.4704072842e-08 -2.3946278316e-08    0.021375000000    0.021375000000
-2.1590147349e-08  2.3287958464e-10  9.1017752756e-06      0.0000000000 -2.4952364895e-08 -2.3564681351e-08    0.021391666667    0.021391666667
-2.1425515997e-08  2.6148018229e-10  9.1014451788e-06      0.0000000000 -2.5200656949e-08 -2.5097075144e-08    0.021408333333    0.021408333333
-2.1595592747e-08  2.6689766258e-10  9.1011051808e-06      0.0000000000 -2.5448949002e-08 -2.5921507595e-08    0.021425000000    0.021425000000
-2.1620709556e-08  2.8235560294e-10  9.1007752761e-06      0.0000000000 -2.5697241056e-08 -2.6458346965e-08    0.021441666667    0.021441666667
-2.1820126065e-08  2.8574090337e-10  9.1004451758e-06      0.0000000000 -2.5945533109e-08 -2.7197359931e-08    0.021458333333    0.021458333333
-2.1942564250e-08  2.9445800638e-10  9.1001051849e-06      0.0000000000 -2.6193825163e-08 -2.6720375518e-08    0.021475000000    0.021475000000
-2.2065774337e-08  3.0312164460e-10  9.0997752731e-06      0.0000000000 -2.6442117217e-08 -2.5092515664e-08    0.021491666667    0.021491666667
-2.2198770666e-08  3.1110745156e-10  9.0994451833e-06      0.0000000000 -2.6690409270e-08 -2.8477677413e-08    0.021508333333    0.021508333333
-2.2480861917e-08  3.0876639452e-10  9.0991051784e-06      0.0000000000 -2.6938701324e-08 -2.7915525073e-08    0.021525000000    0.021525000000
-2.2741392208e-08  3.0795022654e-10  9.0987752772e-06      0.0000000000 -2.7187448125e-08 -2.7831819323e-08    0.021541666667    0.021541666667
-2.2981896937e-08  3.0848960539e-10  9.0984451804e-06      0.0000000000 -2.7435740178e-08 -2.7919046877e-08    0.021558333333    0.021558333333
-2.3180298939e-08  3.1194517435e-10  9.0981051789e-06      0.0000000000 -2.7684032232e-08 -2.7706323589e-08    0.021575000000    0.021575000000
-2.3263338325e-08  3.2339118344e-10  9.0977752777e-06      0.0000000000 -2.7932324285e-08 -2.8525174609e-08    0.021591666667    0.021591666667
-2.3504428120e-08  3.2392153586e-10  9.0974451774e-06      0.0000000000 -2.8181071086e-08 -2.6571469216e-08    0.021608333333    0.021608333333
-2.3654419120e-08  3.3073022934e-10  9.0971051865e-06      0.0000000000 -2.8429363140e-08 -2.7578642449e-08    0.021625000000    0.021625000000
-2.3987109631e-08  3.2488448096e-10  9.0967752747e-06      0.0000000000 -2.8677655194e-08 -2.8387698450e-08    0.021641666667    0.021641666667
-2.4197228565e-08  3.2752849193e-10  9.0964451849e-06      0.0000000000 -2.8925947247e-08 -2.7280766956e-08    0.021658333333    0.021658333333
-2.4671359832e-08  3.1191753276e-10  9.0961051800e-06      0.0000000000 -2.9174694048e-08 -2.9417448966e-08    0.021675000000    0.021675000000
-2.4866285202e-08  3.1561390605e-10  9.0957752753e-06      0.0000000000 -2.9422986102e-08 -3.0154921143e-08    0.021691666667    0.021691666667
-2.5282665765e-08  3.0397147615e-10  9.0954451820e-06      0.0000000000 -2.9671278155e-08 -3.0157751165e-08    0.021708333333    0.021708333333
-2.5400409944e-08  3.1304520076e-10  9.0951051770e-06      0.0000000000 -2.9920024956e-08 -3.1143557735e-08    0.021725000000    0.021725000000
-2.5546007060e-08  3.2015823080e-10  9.0947752828e-06      0.0000000000 -3.0168317010e-08 -2.9455874370e-08    0.021741666667    0.021741666667
-2.6102357588e-08  2.9882096500e-10  9.0944451790e-06      0.0000000000 -3.0416609063e-08 -3.1404265611e-08    0.021758333333    0.021758333333
-2.6169373456e-08  3.1140831950e-10  9.0941051881e-06      0.0000000000 -3.0665355864e-08 -3.2285581496e-08    0.021775000000    0.021775000000
-2.6708631256e-08  2.9125495901e-10  9.0937752763e-06      0.0000000000 -3.0913647918e-08 -2.9697117987e-08    0.021791666667    0.021791666667
-2.6782680544e-08  3.0335515294e-10  9.0934451830e-06      0.0000000000 -3.1162394719e-08 -3.2490317834e-08    0.021808333333    0.021808333333
-2.6901513580e-08  3.1232196182e-10  9.0931051816e-06      0.0000000000 -3.1410686772e-08 -3.1382112831e-08    0.021825000000    0.021825000000
-2.6811606299e-08  3.3574689479e-10  9.0927752734e-06      0.0000000000 -3.1658978826e-08 -3.2037105602e-08    0.021841666667    0.021841666667
-2.6831660117e-08  3.5158701399e-10  9.0924451871e-06      0.0000000000 -3.1907725627e-08 -3.1409532596e-08    0.021858333333    0.021858333333
-2.6989376550e-08  3.5786061550e-10  9.0921051786e-06      0.0000000000 -3.2156017681e-08 -3.1260657738e-08    0.021875000000    0.021875000000
-2.6994107752e-08  3.7476203559e-10  9.0917752809e-06      0.0000000000 -3.2404764481e-08 -3.3191848737e-08    0.021891666667    0.021891666667
-2.7437880550e-08  3.6122231846e-10  9.0914451806e-06      0.0000000000 -3.2653056535e-08 -3.0467151134e-08    0.021908333333    0.021908333333
-2.7519316478e-08  3.7281088645e-10  9.0911051862e-06      0.0000000000 -3.2901803336e-08 -3.4033041205e-08    0.021925000000    0.021925000000
-2.8005705268e-08  3.5631942855e-10  9.0907752780e-06      0.0000000000 -3.3150095390e-08 -3.5232451515e-08    0.021941666667    0.021941666667
-2.8320344849e-08  3.5175545160e-10  9.0904451811e-06      0.0000000000 -3.3398842190e-08 -3.3612767279e-08    0.021958333333    0.021958333333
-2.8643121937e-08  3.4659634350e-10  9.0901051867e-06      0.0000000000 -3.3647134244e-08 -3.5324018435e-08    0.021975000000    0.021975000000
-2.8653051522e-08  3.6313770447e-10  9.0897752750e-06      0.0000000000 -3.3895881045e-08 -3.3947464497e-08    0.021991666667    0.021991666667
-2.9066132864e-08  3.5172379070e-10  9.0894451887e-06      0.0000000000 -3.4144173099e-08 -3.2994030229e-08    0.022008333333    0.022008333333
-2.9110230803e-08  3.6589852547e-10  9.0891051803e-06      0.0000000000 -3.4392919900e-08 -3.3036527720e-08    0.022025000000    0.022025000000
-2.9313804130e-08  3.6902740689e-10  9.0887752825e-06      0.0000000000 -3.4641666700e-08 -3.4058621456e-08    0.022041666667    0.022041666667
-2.9658904122e-08  3.6232213212e-10  9.0884451822e-06      0.0000000000 -3.4889958754e-08 -3.5735393515e-08    0.022058333333    0.022058333333
-2.9610815209e-08  3.8288206814e-10  9.0881051843e-06      0.0000000000 -3.5138705555e-08 -3.5231869788e-08    0.022075000000    0.022075000000
-2.9965618883e-08  3.7550468056e-10  9.0877752830e-06      0.0000000000 -3.5386997609e-08 -3.3118456845e-08    0.022091666667    0.022091666667
-3.0195539211e-08  3.7680867151e-10  9.0874451793e-06      0.0000000000 -3.5635744409e-08 -3.4369074822e-08    0.022108333333    0.022108333333
-3.0573878745e-08  3.6783260096e-10  9.0871051918e-06      0.0000000000 -3.5884491210e-08 -3.4782210805e-08    0.022125000000    0.022125000000
-3.0875620233e-08  3.6413049604e-10  9.0867752766e-06      0.0000000000 -3.6132783264e-08 -3.4906433029e-08    0.022141666667    0.022141666667
-3.1117659610e-08  3.6459507698e-10  9.0864451903e-06      0.0000000000 -3.6381530065e-08 -3.6546697811e-08    0.022158333333    0.022158333333
-3.1296689979e-08  3.6942389415e-10  9.0861051819e-06      0.0000000000 -3.6630276866e-08 -3.8142704199e-08    0.022175000000    0.022175000000
-3.1441707567e-08  3.7657706441e-10  9.0857752806e-06      0.0000000000 -3.6878568919e-08 -3.7547943721e-08    0.022191666667    0.022191666667
-3.1667685022e-08  3.7815415324e-10  9.0854451873e-06      0.0000000000 -3.7127315720e-08 -3.6664599654e-08    0.022208333333    0.022208333333
-3.1860878150e-08  3.8200200550e-10  9.0851051824e-06      0.0000000000 -3.7376062521e-08 -3.6999737097e-08    0.022225000000    0.022225000000
-3.2039258792e-08  3.8684432763e-10  9.0847752847e-06      0.0000000000 -3.7624354575e-08 -3.9079802953e-08    0.022241666667    0.022241666667
-3.2215907994e-08  3.9183807319e-10  9.0844451809e-06      0.0000000000 -3.7873101376e-08 -3.6207048055e-08    0.022258333333    0.022258333333
-3.2280606286e-08  4.0458595158e-10  9.0841051934e-06      0.0000000000 -3.8121848177e-08 -3.8246440212e-08    0.022275000000    0.022275000000
-3.2723176405e-08  3.9116103387e-10  9.0837752782e-06      0.0000000000 -3.8370594978e-08 -4.0784890951e-08    0.022291666667    0.022291666667
-3.2783443746e-08  4.0418431876e-10  9.0834451884e-06      0.0000000000 -3.8618887031e-08 -3.8938899324e-08    0.022308333333    0.022308333333
-3.3168478174e-08  3.9474453516e-10  9.0831051870e-06      0.0000000000 -3.8867633832e-08 -3.8061089521e-08    0.022325000000    0.022325000000
-3.3229071946e-08  4.0777670775e-10  9.0827752787e-06      0.0000000000 -3.9116380633e-08 -3.9530090830e-08    0.022341666667    0.022341666667
-3.3349375773e-08  4.1667314174e-10  9.0824451924e-06      0.0000000000 -3.9365127434e-08 -3.8441507310e-08    0.022358333333    0.022358333333
-3.3780304911e-08  4.0402302379e-10  9.0821051840e-06      0.0000000000 -3.9613419488e-08 -3.9725330874e-08    0.022375000000    0.022375000000
-3.3781752925e-08  4.2115184963e-10  9.0817752863e-06      0.0000000000 -3.9862166289e-08 -4.0259230166e-08    0.022391666667    0.022391666667
-3.3893993596e-08  4.3060676757e-10  9.0814451825e-06      0.0000000000 -4.0110913090e-08 -4.2662028538e-08    0.022408333333    0.022408333333
-3.4225982136e-08  4.2484113775e-10  9.0811051915e-06      0.0000000000 -4.0359659891e-08 -4.0706074850e-08    0.022425000000    0.022425000000
-3.4336531783e-08  4.3441318225e-10  9.0807752833e-06      0.0000000000 -4.0608406691e-08 -3.9942802309e-08    0.022441666667    0.022441666667
-3.4490627569e-08  4.4093756301e-10  9.0804451865e-06      0.0000000000 -4.0856698745e-08 -4.0463966504e-08    0.022458333333    0.022458333333
-3.4929737890e-08  4.2775228373e-10  9.0801051920e-06      0.0000000000 -4.1105445546e-08 -4.0907305106e-08    0.022475000000    0.022475000000
-3.4904534310e-08  4.4672709726e-10  9.0797752803e-06      0.0000000000 -4.1354192347e-08 -4.2751976057e-08    0.022491666667    0.022491666667
-3.5518008455e-08  4.2146473654e-10  9.0794451940e-06      0.0000000000 -4.1602939148e-08 -4.0911691640e-08    0.022508333333    0.022508333333
-3.5602534663e-08  4.3283926035e-10  9.0791051821e-06      0.0000000000 -4.1851685949e-08 -4.1009185883e-08    0.022525000000    0.022525000000
-3.6019461354e-08  4.2115900351e-10  9.0787752879e-06      0.0000000000 -4.2099978002e-08 -4.1706408864e-08    0.022541666667    0.022541666667
-3.6330431395e-08  4.1684919247e-10  9.0784451876e-06      0.0000000000 -4.2348724803e-08 -3.8856372750e-08    0.022558333333    0.022558333333
-3.6478303801e-08  4.2383612505e-10  9.0781051896e-06      0.0000000000 -4.2597471604e-08 -4.0681202105e-08    0.022575000000    0.022575000000
-3.6845376878e-08  4.1564041083e-10  9.0777752849e-06      0.0000000000 -4.2846218405e-08 -4.2316907407e-08    0.022591666667    0.022591666667
-3.7005803313e-08  4.2175780510e-10  9.0774451881e-06      0.0000000000 -4.3094965206e-08 -4.1238889300e-08    0.022608333333    0.022608333333
-3.7244574730e-08  4.2244873693e-10  9.0771051936e-06      0.0000000000 -4.3343712007e-08 -4.3272904416e-08    0.022625000000    0.022625000000
-3.7469376297e-08  4.2410727211e-10  9.0767752784e-06      0.0000000000 -4.3592458808e-08 -4.3814743491e-08    0.022641666667    0.022641666667
-3.7789584582e-08  4.1915758628e-10  9.0764451956e-06      0.0000000000 -4.3841205609e-08 -4.4057669398e-08    0.022658333333    0.022658333333
-3.7827045945e-08  4.3376049728e-10  9.0761051872e-06      0.0000000000 -4.4089497662e-08 -4.4068266257e-08    0.022675000000    0.022675000000
-3.8181018330e-08  4.2647218532e-10  9.0757752860e-06      0.0000000000 -4.4338244463e-08 -4.4176514582e-08    0.022691666667    0.022691666667
-3.8379265826e-08  4.2996995337e-10  9.0754451927e-06      0.0000000000 -4.4586991264e-08 -4.4947852684e-08    0.022708333333    0.022708333333
-3.8619582384e-08  4.3055386311e-10  9.0751051912e-06      0.0000000000 -4.4835738065e-08 -4.6269032533e-08    0.022725000000    0.022725000000
-3.8883267080e-08  4.2951920942e-10  9.0747752865e-06      0.0000000000 -4.5084484866e-08 -4.3275875939e-08    0.022741666667    0.022741666667
-3.8793784821e-08  4.5294620126e-10  9.0744451862e-06      0.0000000000 -4.5333231667e-08 -4.5855000377e-08    0.022758333333    0.022758333333
-3.9168004071e-08  4.4425551679e-10  9.0741051953e-06      0.0000000000 -4.5581978468e-08 -4.3948619234e-08    0.022775000000    0.022775000000
-3.9316567955e-08  4.5119455500e-10  9.0737752835e-06      0.0000000000 -4.5830725269e-08 -4.4937696051e-08    0.022791666667    0.022791666667
-3.9505207154e-08  4.5535782910e-10  9.0734451937e-06      0.0000000000 -4.6079472070e-08 -4.5604842192e-08    0.022808333333    0.022808333333
-3.9765609196e-08  4.5455054416e-10  9.0731051923e-06      0.0000000000 -4.6328218871e-08 -4.8183542127e-08    0.022825000000    0.022825000000
-3.9818085911e-08  4.6811343656e-10  9.0727752876e-06      0.0000000000 -4.6576510924e-08 -4.8278599407e-08    0.022841666667    0.022841666667
-4.0274626949e-08  4.5372084147e-10  9.0724451943e-06      0.0000000000 -4.6825257725e-08 -4.6985483939e-08    0.022858333333    0.022858333333
-4.0354002868e-08  4.6545209325e-10  9.0721051893e-06      0.0000000000 -4.7074004526e-08 -4.8189658118e-08    0.022875000000    0.022875000000
-4.0728269945e-08  4.5675809615e-10  9.0717752881e-06      0.0000000000 -4.7322751327e-08 -4.9800899456e-08    0.022891666667    0.022891666667
-4.0938153416e-08  4.5944991363e-10  9.0714451878e-06      0.0000000000 -4.7571498128e-08 -4.8676500440e-08    0.022908333333    0.022908333333
-4.0961393435e-08  4.7506934487e-10  9.0711051969e-06      0.0000000000 -4.7820244929e-08 -4.9616476383e-08    0.022925000000    0.022925000000
-4.1129012532e-08  4.8068854880e-10  9.0707752851e-06      0.0000000000 -4.8068991730e-08 -5.0162827770e-08    0.022941666667    0.022941666667
-4.1269498297e-08  4.8818710732e-10  9.0704451953e-06      0.0000000000 -4.8317738531e-08 -4.8766007734e-08    0.022958333333    0.022958333333
-4.1721226504e-08  4.7412786672e-10  9.0701051939e-06      0.0000000000 -4.8566485332e-08 -4.8531980672e-08    0.022975000000    0.022975000000
-4.1782560649e-08  4.8710875828e-10  9.0697752857e-06      0.0000000000 -4.8815232133e-08 -4.8968086996e-08    0.022991666667    0.022991666667
-4.1953110248e-08  4.9252498480e-10  9.0694451959e-06      0.0000000000 -4.9063978934e-08 -4.9061399096e-08    0.023008333333    0.023008333333
-4.2188276785e-08  4.9346560401e-10  9.0691051909e-06      0.0000000000 -4.9312725735e-08 -4.9336225636e-08    0.023025000000    0.023025000000
-4.2528585248e-08  4.8712370564e-10  9.0687752897e-06      0.0000000000 -4.9561472536e-08 -4.9156566433e-08    0.023041666667    0.023041666667
-4.2826503225e-08  4.8371792871e-10  9.0684451929e-06      0.0000000000 -4.9810219337e-08 -5.1500641857e-08    0.023058333333    0.023058333333
-4.3011772471e-08  4.8808312070e-10  9.0681051985e-06      0.0000000000 -5.0058511390e-08 -5.0411743890e-08    0.023075000000    0.023075000000
-4.3590160477e-08  4.6525095542e-10  9.0677752867e-06      0.0000000000 -5.0307258191e-08 -4.9614495368e-08    0.023091666667    0.023091666667
-4.3578927548e-08  4.8325811008e-10  9.0674451934e-06      0.0000000000 -5.0556004992e-08 -4.9755682000e-08    0.023108333333    0.023108333333
-4.4336314264e-08  4.4802783410e-10  9.0671051955e-06      0.0000000000 -5.0804751793e-08 -5.0546515806e-08    0.023125000000    0.023125000000
-4.3973119125e-08  4.9041318924e-10  9.0667752873e-06      0.0000000000 -5.1053498594e-08 -5.1438507161e-08    0.023141666667    0.023141666667
-4.4181682962e-08  4.9319640948e-10  9.0664451975e-06      0.0000000000 -5.1302245395e-08 -5.1555748666e-08    0.023158333333    0.023158333333
-4.4121748600e-08  5.1457680503e-10  9.0661051925e-06      0.0000000000 -5.1550992196e-08 -5.1764934427e-08    0.023175000000    0.023175000000
-4.4379607292e-08  5.1394568182e-10  9.0657752948e-06      0.0000000000 -5.1799738997e-08 -5.2065891499e-08    0.023191666667    0.023191666667
-4.4557576129e-08  5.1884802463e-10  9.0654451945e-06      0.0000000000 -5.2048485798e-08 -5.0626259525e-08    0.023208333333    0.023208333333
-4.4644162345e-08  5.3007986465e-10  9.0651051966e-06      0.0000000000 -5.2297232599e-08 -5.1415505375e-08    0.023225000000    0.023225000000
-4.5075836863e-08  5.1740961648e-10  9.0647752884e-06      0.0000000000 -5.2545979400e-08 -5.2501211706e-08    0.023241666667    0.023241666667
-4.5404446295e-08  5.1187803618e-10  9.0644451950e-06      0.0000000000 -5.2794726200e-08 -5.2902555932e-08    0.023258333333    0.023258333333
-4.5453694255e-08  5.2569606148e-10  9.0641051971e-06      0.0000000000 -5.3043473001e-08 -5.2821051311e-08    0.023275000000    0.023275000000
-4.5808546023e-08  5.1831534276e-10  9.0637752854e-06      0.0000000000 -5.3291765055e-08 -5.3234124404e-08    0.023291666667    0.023291666667
-4.5891125509e-08  5.2982470367e-10  9.0634452026e-06      0.0000000000 -5.3540511856e-08 -5.4397766386e-08    0.023308333333    0.023308333333
-4.6062430712e-08  5.3518859430e-10  9.0631051941e-06      0.0000000000 -5.3789258657e-08 -5.3454158581e-08    0.023325000000    0.023325000000
-4.6068932293e-08  5.5196739145e-10  9.0627752929e-06      0.0000000000 -5.4038005458e-08 -5.3695889591e-08    0.023341666667    0.023341666667
-4.6397058919e-08  5.4646925209e-10  9.0624451961e-06      0.0000000000 -5.4286752259e-08 -5.4519095699e-08    0.023358333333    0.023358333333
-4.6558836516e-08  5.5249305986e-10  9.0621051982e-06      0.0000000000 -5.4535499060e-08 -5.4634371911e-08    0.023375000000    0.023375000000
-4.6815777689e-08  5.5192548738e-10  9.0617752900e-06      0.0000000000 -5.4784245861e-08 -5.4800101119e-08    0.023391666667    0.023391666667
-4.7082730612e-08  5.5066446429e-10  9.0614451966e-06      0.0000000000 -5.5032992662e-08 -5.5223267956e-08    0.023408333333    0.023408333333
-4.7405706414e-08  5.4552308992e-10  9.0611052022e-06      0.0000000000 -5.5281739462e-08 -5.4600647488e-08    0.023425000000    0.023425000000
-4.7653548888e-08  5.4555422949e-10  9.0607752870e-06      0.0000000000 -5.5530031516e-08 -5.5067569602e-08    0.023441666667    0.023441666667
-4.7906226566e-08  5.4528196248e-10  9.0604452007e-06      0.0000000000 -5.5778778317e-08 -5.5656874428e-08    0.023458333333    0.023458333333
-4.8104054846e-08  5.4880876696e-10  9.0601051957e-06      0.0000000000 -5.6027525118e-08 -5.5491899893e-08    0.023475000000    0.023475000000
-4.8426659794e-08  5.4369307937e-10  9.0597752945e-06      0.0000000000 -5.6276271919e-08 -5.7249799237e-08    0.023491666667    0.023491666667
-4.8624344061e-08  5.4722985877e-10  9.0594451977e-06      0.0000000000 -5.6525018720e-08 -5.5846548763e-08    0.023508333333    0.023508333333
-4.8805176870e-08  5.5193383225e-10  9.0591051963e-06      0.0000000000 -5.6773765521e-08 -5.7100452710e-08    0.023525000000    0.023525000000
-4.9275101356e-08  5.3658275277e-10  9.0587752951e-06      0.0000000000 -5.7022057574e-08 -5.5998426587e-08    0.023541666667    0.023541666667
-4.9439857014e-08  5.4240028901e-10  9.0584451947e-06      0.0000000000 -5.7270804375e-08 -5.6979988125e-08    0.023558333333    0.023558333333
-4.9547558719e-08  5.5216959246e-10  9.0581052038e-06      0.0000000000 -5.7519551176e-08 -5.7054386247e-08    0.023575000000    0.023575000000
-5.0074477771e-08  5.3290235661e-10  9.0577752886e-06      0.0000000000 -5.7768297977e-08 -5.8009251248e-08    0.023591666667    0.023591666667
-5.0138919296e-08  5.4566801958e-10  9.0574452023e-06      0.0000000000 -5.8017044778e-08 -5.7880815436e-08    0.023608333333    0.023608333333
-5.0445414764e-08  5.4166813401e-10  9.0571051974e-06      0.0000000000 -5.8265791579e-08 -5.9085068227e-08    0.023625000000    0.023625000000
-5.0499935189e-08  5.5508947151e-10  9.0567752926e-06      0.0000000000 -5.8514083633e-08 -5.7909288598e-08    0.023641666667    0.023641666667
-5.1148591127e-08  5.2739029008e-10  9.0564452028e-06      0.0000000000 -5.8762830434e-08 -5.9092127559e-08    0.023658333333    0.023658333333
-5.0983852294e-08  5.5602982971e-10  9.0561051979e-06      0.0000000000 -5.9011577234e-08 -5.9104579653e-08    0.023675000000    0.023675000000
-5.1142539344e-08  5.6226770017e-10  9.0557752967e-06      0.0000000000 -5.9260324035e-08 -5.9041800342e-08    0.023691666667    0.023691666667
-5.1134165650e-08  5.8004531619e-10  9.0554451964e-06      0.0000000000 -5.9508616089e-08 -6.0395855608e-08    0.023708333333    0.023708333333
-5.1364954602e-08  5.8128914306e-10  9.0551052054e-06      0.0000000000 -5.9757362890e-08 -5.9814018895e-08    0.023725000000    0.023725000000
-5.1492209822e-08  5.8970409792e-10  9.0547752902e-06      0.0000000000 -6.0006109691e-08 -6.0125415602e-08    0.023741666667    0.023741666667
-5.1501046346e-08  6.0632116828e-10  9.0544452004e-06      0.0000000000 -6.0254856492e-08 -6.1087434268e-08    0.023758333333    0.023758333333
-5.1790347627e-08  6.0348071799e-10  9.0541052024e-06      0.0000000000 -6.0503148545e-08 -6.0564336225e-08    0.023775000000    0.023775000000
-5.1772112540e-08  6.2197286798e-10  9.0537752907e-06      0.0000000000 -6.0751895346e-08 -6.0345811393e-08    0.023791666667    0.023791666667
-5.2088925150e-08  6.1725837907e-10  9.0534452044e-06      0.0000000000 -6.1000642147e-08 -6.1270992612e-08    0.023808333333    0.023808333333
-5.2277799545e-08  6.2137386517e-10  9.0531051995e-06      0.0000000000 -6.1248934201e-08 -6.1554749442e-08    0.023825000000    0.023825000000
-5.2415902006e-08  6.2903750014e-10  9.0527752983e-06      0.0000000000 -6.1497681002e-08 -6.1152430430e-08    0.023841666667    0.023841666667
-5.2720064668e-08  6.2519919331e-10  9.0524451980e-06      0.0000000000 -6.1746427803e-08 -6.1777393528e-08    0.023858333333    0.023858333333
-5.2863360506e-08  6.3247161835e-10  9.0521052035e-06      0.0000000000 -6.1994719856e-08 -6.2055741872e-08    0.023875000000    0.023875000000
-5.3046285119e-08  6.3703070580e-10  9.0517752953e-06      0.0000000000 -6.2243466657e-08 -6.2004141145e-08    0.023891666667    0.023891666667
-5.3348114172e-08  6.3335403324e-10  9.0514452020e-06      0.0000000000 -6.2492213458e-08 -6.2195057545e-08    0.023908333333    0.023908333333
-5.3586172006e-08  6.3406289304e-10  9.0511052041e-06      0.0000000000 -6.2740505512e-08 -6.2241186896e-08    0.023925000000    0.023925000000
-5.3769965510e-08  6.3856179790e-10  9.0507752923e-06      0.0000000000 -6.2989252313e-08 -6.2154949850e-08    0.023941666667    0.023941666667
-5.4159050826e-08  6.2880993743e-10  9.0504452060e-06      0.0000000000 -6.3237544366e-08 -6.3132392134e-08    0.023958333333    0.023958333333
-5.4287610183e-08  6.3713456290e-10  9.0501051976e-06      0.0000000000 -6.3486291167e-08 -6.2900063086e-08    0.023975000000    0.023975000000
-5.4616765477e-08  6.3156517418e-10  9.0497752999e-06      0.0000000000 -6.3735037968e-08 -6.3200642821e-08    0.023991666667    0.023991666667
-5.4881089622e-08  6.3045473242e-10  9.0494452031e-06      0.0000000000 -6.3983330022e-08 -6.4677206577e-08    0.024008333333    0.024008333333
-5.5111621006e-08  6.3171639940e-10  9.0491052051e-06      0.0000000000 -6.4232076823e-08 -6.5384869193e-08    0.024025000000    0.024025000000
-5.5614409441e-08  6.1408904160e-10  9.0487752969e-06      0.0000000000 -6.4480368876e-08 -6.4648073077e-08    0.024041666667    0.024041666667
-5.5579180486e-08  6.3375824956e-10  9.0484452036e-06      0.0000000000 -6.4729115677e-08 -6.4997423518e-08    0.024058333333    0.024058333333
-5.5829341070e-08  6.3362882823e-10  9.0481052057e-06      0.0000000000 -6.4977407731e-08 -6.5165935580e-08    0.024075000000    0.024075000000
-5.5900878537e-08  6.4590300015e-10  9.0477752905e-06      0.0000000000 -6.5226154532e-08 -6.5577043381e-08    0.024091666667    0.024091666667
-5.6071841011e-08  6.5125913196e-10  9.0474452076e-06      0.0000000000 -6.5474446585e-08 -6.4800469739e-08    0.024108333333    0.024108333333
-5.6557302325e-08  6.3486341196e-10  9.0471052027e-06      0.0000000000 -6.5723193386e-08 -6.5004372793e-08    0.024125000000    0.024125000000
-5.6736004660e-08  6.3968345246e-10  9.0467752980e-06      0.0000000000 -6.5971485440e-08 -6.6108427098e-08    0.024141666667    0.024141666667
-5.6990157279e-08  6.3927752809e-10  9.0464452047e-06      0.0000000000 -6.6219777493e-08 -6.5578332613e-08    0.024158333333    0.024158333333
-5.7459395825e-08  6.2400545679e-10  9.0461052032e-06      0.0000000000 -6.6468524294e-08 -6.5902794586e-08    0.024175000000    0.024175000000
-5.7351157140e-08  6.4870009040e-10  9.0457752985e-06      0.0000000000 -6.6716816348e-08 -6.5693954716e-08    0.024191666667    0.024191666667
-5.7736916713e-08  6.3921008062e-10  9.0454452017e-06      0.0000000000 -6.6965563149e-08 -6.6380863841e-08    0.024208333333    0.024208333333
-5.7810171192e-08  6.5133382844e-10  9.0451052073e-06      0.0000000000 -6.7213855202e-08 -6.7049566494e-08    0.024225000000    0.024225000000
-5.7730193633e-08  6.7407099224e-10  9.0447752955e-06      0.0000000000 -6.7462147256e-08 -6.7825243963e-08    0.024241666667    0.024241666667
-5.8094188258e-08  6.6605700549e-10  9.0444452057e-06      0.0000000000 -6.7710439310e-08 -6.7963804963e-08    0.024258333333    0.024258333333
-5.8013653810e-08  6.8886423891e-10  9.0441052043e-06      0.0000000000 -6.7959186111e-08 -6.7759807575e-08    0.024275000000    0.024275000000
-5.8367507636e-08  6.8155264132e-10  9.0437752961e-06      0.0000000000 -6.8207478164e-08 -6.8959736722e-08    0.024291666667    0.024291666667
-5.8455521235e-08  6.9265411810e-10  9.0434452063e-06      0.0000000000 -6.8455770218e-08 -6.8040923051e-08    0.024308333333    0.024308333333
-5.8648714630e-08  6.9650195186e-10  9.0431052048e-06      0.0000000000 -6.8704517019e-08 -6.8317667716e-08    0.024325000000    0.024325000000
-5.8896476413e-08  6.9653868033e-10  9.0427753001e-06      0.0000000000 -6.8952809072e-08 -6.8972943489e-08    0.024341666667    0.024341666667
-5.9068951697e-08  7.0179002932e-10  9.0424451998e-06      0.0000000000 -6.9201101126e-08 -6.8894033054e-08    0.024358333333    0.024358333333
-5.9434732198e-08  6.9365234627e-10  9.0421052089e-06      0.0000000000 -6.9449393179e-08 -6.8830216068e-08    0.024375000000    0.024375000000
-5.9638396172e-08  6.9674345162e-10  9.0417752972e-06      0.0000000000 -6.9697685233e-08 -6.9265064605e-08    0.024391666667    0.024391666667
-5.9411288047e-08  7.2967142089e-10  9.0414452073e-06      0.0000000000 -6.9945977287e-08 -6.8930508888e-08    0.024408333333    0.024408333333
-5.9904732362e-08  7.1272276883e-10  9.0411052059e-06      0.0000000000 -7.0194724087e-08 -7.0812331732e-08    0.024425000000    0.024425000000
-6.0067227693e-08  7.1866536617e-10  9.0407752977e-06      0.0000000000 -7.0443016141e-08 -7.0343082711e-08    0.024441666667    0.024441666667
-6.0451661825e-08  7.0923566385e-10  9.0404452079e-06      0.0000000000 -7.0691308195e-08 -7.0733452742e-08    0.024458333333    0.024458333333
-6.0719332749e-08  7.0789341182e-10  9.0401052029e-06      0.0000000000 -7.0939600248e-08 -7.0703265846e-08    0.024475000000    0.024475000000
-6.0844988929e-08  7.1638762462e-10  9.0397753017e-06      0.0000000000 -7.1187892302e-08 -7.1417233121e-08    0.024491666667    0.024491666667
-6.1127467333e-08  7.1401975191e-10  9.0394452049e-06      0.0000000000 -7.1436184355e-08 -7.1341797324e-08    0.024508333333    0.024508333333
-6.1120637979e-08  7.3169040135e-10  9.0391052105e-06      0.0000000000 -7.1684476409e-08 -7.1838466110e-08    0.024525000000    0.024525000000
-6.1385266182e-08  7.3055889938e-10  9.0387752988e-06      0.0000000000 -7.1932768463e-08 -7.1552948378e-08    0.024541666667    0.024541666667
-6.1450233335e-08  7.4325665797e-10  9.0384452089e-06      0.0000000000 -7.2181060516e-08 -7.2715505518e-08    0.024558333333    0.024558333333
-6.1526320526e-08  7.5518420170e-10  9.0381052075e-06      0.0000000000 -7.2429352570e-08 -7.2554099954e-08    0.024575000000    0.024575000000
-6.1896541935e-08  7.4673892498e-10  9.0377752958e-06      0.0000000000 -7.2677644623e-08 -7.2847588913e-08    0.024591666667    0.024591666667
-6.2024125403e-08  7.5506814920e-10  9.0374452095e-06      0.0000000000 -7.2925481930e-08 -7.3276871741e-08    0.024608333333    0.024608333333
-6.2463809712e-08  7.4181161590e-10  9.0371052045e-06      0.0000000000 -7.3173773983e-08 -7.3716892929e-08    0.024625000000    0.024625000000
-6.2441014089e-08  7.6058814796e-10  9.0367753033e-06      0.0000000000 -7.3422066037e-08 -7.3145432962e-08    0.024641666667    0.024641666667
-6.2888939233e-08  7.4676082399e-10  9.0364452065e-06      0.0000000000 -7.3670358090e-08 -7.4872359292e-08    0.024658333333    0.024658333333
-6.2784773005e-08  7.7117338415e-10  9.0361052121e-06      0.0000000000 -7.3918650144e-08 -7.4239126243e-08    0.024675000000    0.024675000000
-6.3250056532e-08  7.5611225715e-10  9.0357753004e-06      0.0000000000 -7.4166487450e-08 -7.3420511059e-08    0.024691666667    0.024691666667
-6.3450471250e-08  7.5942841794e-10  9.0354452070e-06      0.0000000000 -7.4414779504e-08 -7.4375753396e-08    0.024708333333    0.024708333333
-6.3424329115e-08  7.7843674176e-10  9.0351052091e-06      0.0000000000 -7.4663071557e-08 -7.5007256987e-08    0.024725000000    0.024725000000
-6.3980211532e-08  7.5713189905e-10  9.0347752974e-06      0.0000000000 -7.4911363611e-08 -7.5704652915e-08    0.024741666667    0.024741666667
-6.4029256039e-08  7.7090102130e-10  9.0344452146e-06      0.0000000000 -7.5159200917e-08 -7.6127316636e-08    0.024758333333    0.024758333333
-6.4392461128e-08  7.6294172075e-10  9.0341052061e-06      0.0000000000 -7.5407492971e-08 -7.5768973016e-08    0.024775000000    0.024775000000
-6.4865952626e-08  7.4731207936e-10  9.0337753049e-06      0.0000000000 -7.5655330277e-08 -7.6021237994e-08    0.024791666667    0.024791666667
-6.5060219381e-08  7.5105407076e-10  9.0334452081e-06      0.0000000000 -7.5903622330e-08 -7.6204497614e-08    0.024808333333    0.024808333333
-6.5177507545e-08  7.6012788323e-10  9.0331052102e-06      0.0000000000 -7.6151914384e-08 -7.6392568269e-08    0.024825000000    0.024825000000
-6.5538742739e-08  7.5227352740e-10  9.0327753020e-06      0.0000000000 -7.6399751690e-08 -7.5832915781e-08    0.024841666667    0.024841666667
-6.5623038703e-08  7.6363250122e-10  9.0324452086e-06      0.0000000000 -7.6648043744e-08 -7.5701649947e-08    0.024858333333    0.024858333333
-6.5879180598e-08  7.6305729480e-10  9.0321052107e-06      0.0000000000 -7.6895881050e-08 -7.7140134190e-08    0.024875000000    0.024875000000
-6.5832962669e-08  7.8342464464e-10  9.0317752990e-06      0.0000000000 -7.7143718356e-08 -7.6920304403e-08    0.024891666667    0.024891666667
-6.6127463401e-08  7.8022406121e-10  9.0314452162e-06      0.0000000000 -7.7392010410e-08 -7.7768163144e-08    0.024908333333    0.024908333333
-6.6178116371e-08  7.9388177536e-10  9.0311052078e-06      0.0000000000 -7.7639847716e-08 -7.8644290656e-08    0.024925000000    0.024925000000
-6.6735119707e-08  7.7246779617e-10  9.0307753030e-06      0.0000000000 -7.7887685022e-08 -7.7093690392e-08    0.024941666667    0.024941666667
-6.6816261267e-08  7.8404525570e-10  9.0304452097e-06      0.0000000000 -7.8135977076e-08 -7.7580045321e-08    0.024958333333    0.024958333333
-6.6795585307e-08  8.0264347464e-10  9.0301052118e-06      0.0000000000 -7.8383814382e-08 -7.8119290210e-08    0.024975000000    0.024975000000
-6.7156289601e-08  7.9482589087e-10  9.0297753036e-06      0.0000000000 -7.8631651688e-08 -7.8557943553e-08    0.024991666667    0.024991666667

# index: 3286
# xPosition: 8.553183925460241E-6
# yPosition: -1.698332459159662E-5
# quantitative-imaging-settings.type: simple-quantitative-imaging-settings
# quantitative-imaging-settings.relative-setpoint: 0.30087220298747946
# quantitative-imaging-settings.control-settings.control-settings-type: quantitative-imaging-control-settings
# quantitative-imaging-settings.control-settings.next-line-motion-time: 0.05
# quantitative-imaging-settings.control-settings.next-line-additional-delay: 0.01
# quantitative-imaging-settings.control-settings.max-retries-per-position: 5
# quantitative-imaging-settings.control-settings.max-bad-adjecent-pixels: 0
# quantitative-imaging-settings.control-settings.max-pixel-replays: 1
# quantitative-imaging-settings.control-settings.pixelwise-retract-if-required: true
# quantitative-imaging-settings.control-settings.no-data-extend-fraction: 0.2
# quantitative-imaging-settings.control-settings.overscan-delay-factor: 3.4
# quantitative-imaging-settings.control-settings.overscan-distance-factor: 0.383
# quantitative-imaging-settings.control-settings.line-clock.active: false
# quantitative-imaging-settings.control-settings.line-clock.name: pulse-2
# quantitative-imaging-settings.control-settings.frame-clock.active: false
# quantitative-imaging-settings.control-settings.frame-clock.name: pulse-3
# quantitative-imaging-settings.control-settings.closed-loop: false
# quantitative-imaging-settings.control-settings.start-option.type: smooth-xyz-motion
# quantitative-imaging-settings.control-settings.start-option.additional-retract: 3.0E-9
# quantitative-imaging-settings.control-settings.start-option.start-time: 0.004687500000000001
# quantitative-imaging-settings.control-settings.start-option.motion-time: 0.004687500000000001
# quantitative-imaging-settings.control-settings.pixel-clock.active: false
# quantitative-imaging-settings.control-settings.pixel-clock.name: pixel-clock
# quantitative-imaging-settings.control-settings.ttl-outputs.pins.list: 
# quantitative-imaging-settings.control-settings.baseline-adjust-settings.enabled: true
# quantitative-imaging-settings.control-settings.baseline-adjust-settings.interval: 1
# quantitative-imaging-settings.control-settings.averager.type: instrumentdefault
# quantitative-imaging-settings.control-settings.averager.value: NaN
# quantitative-imaging-settings.extend.type: z-extend-force
# quantitative-imaging-settings.extend.identifier.type: standard
# quantitative-imaging-settings.extend.identifier.name: extend-spm
# quantitative-imaging-settings.extend.style: extend
# quantitative-imaging-settings.extend.duration: 0.025000000000000005
# quantitative-imaging-settings.extend.num-points: 1500
# quantitative-imaging-settings.extend.z-start: 5.000000000000001E-7
# quantitative-imaging-settings.extend.z-end: 0.0
# quantitative-imaging-settings.extend.setpoint: 0.30087220298747946
# quantitative-imaging-settings.retract.type: z-retract-height
# quantitative-imaging-settings.retract.identifier.type: standard
# quantitative-imaging-settings.retract.identifier.name: retract-spm
# quantitative-imaging-settings.retract.style: retract
# quantitative-imaging-settings.retract.duration: 0.012500000000000002
# quantitative-imaging-settings.retract.num-points: 1500
# quantitative-imaging-settings.retract.z-start: 5.000000000000001E-7
# quantitative-imaging-settings.retract.z-end: 0.0
# quantitative-imaging-settings.retract.setpoint: 0.15000000000000002
# quantitative-imaging-settings.data-description.comment: 
# quantitative-imaging-settings.data-description.name: 
# quantitative-imaging-settings.data-description.probe: 
# quantitative-imaging-settings.data-description.user-name: afm_csec
# quantitative-imaging-settings.data-description.instrument: JPK01814-H-21-02-0019
# quantitative-imaging-settings.data-description.source-software: 8.0.163
# quantitative-imaging-settings.data-description.modification-software: 
# feedbackMode: contact
# date: Wed Oct 02 12:36:57 BST 2024
# segmentIndex: 1
# segment: retract
# columns: verticalTipPosition vDeflection height error smoothedMeasuredHeight measuredHeight seriesTime time
# fancyNames: "Vertical Tip Position" "Vertical Deflection" "Height" "Error Signal" "Height (measured & smoothed)" "Height (measured)" "Series Time" "Segment Time"
# heightMultiplier: 0.788494
# heightOffset: 0.0
# sensitivity: 4.798575435590727E-8
# springConstant: 0.06926368726396598
# calibrationSlots: nominal force nominal volts nominal nominal elapsed elapsed
# units: m N m V m m s s
#
-6.8902352729e-08  7.9987703358e-10  9.0297296676e-06      0.0000000000 -8.0450641092e-08 -7.9588322963e-08    0.025004166667  4.1666666667e-06
-6.8605632193e-08  8.0512121760e-10  9.0300653244e-06      0.0000000000 -8.0229633879e-08 -7.9306169813e-08    0.025012500000  1.2500000000e-05
-6.8365911976e-08  8.0638585175e-10  9.0303853315e-06      0.0000000000 -8.0008171920e-08 -7.9713441362e-08    0.025020833333  2.0833333333e-05
-6.8022164268e-08  8.1485581357e-10  9.0307252351e-06      0.0000000000 -7.9786709960e-08 -7.8623458553e-08    0.025029166667  2.9166666667e-05
-6.7779676996e-08  8.1634360169e-10  9.0310653274e-06      0.0000000000 -7.9565702747e-08 -7.8226359359e-08    0.025037500000  3.7500000000e-05
-6.7649396404e-08  8.1002804399e-10  9.0313853205e-06      0.0000000000 -7.9344240787e-08 -7.8786043292e-08    0.025045833333  4.5833333333e-05
-6.7535471905e-08  8.0257960293e-10  9.0317252381e-06      0.0000000000 -7.9122778827e-08 -7.9794301367e-08    0.025054166667  5.4166666667e-05
-6.7946430099e-08  7.5877585112e-10  9.0320653233e-06      0.0000000000 -7.8901316868e-08 -7.9758470149e-08    0.025062500000  6.2500000000e-05
-6.8189885820e-08  7.2657393826e-10  9.0323853234e-06      0.0000000000 -7.8679854908e-08 -7.9396730503e-08    0.025070833333  7.0833333333e-05
-6.8139801013e-08  7.1470372480e-10  9.0327252376e-06      0.0000000000 -7.8458392948e-08 -7.7990178337e-08    0.025079166667  7.9166666667e-05
-6.8014140343e-08  7.0806817418e-10  9.0330653263e-06      0.0000000000 -7.8236930988e-08 -7.8303681837e-08    0.025087500000  8.7500000000e-05
-6.8206797554e-08  6.7935325595e-10  9.0333853334e-06      0.0000000000 -7.8015014281e-08 -7.8213215481e-08    0.025095833333  9.5833333333e-05
-6.8567597614e-08  6.3902364153e-10  9.0337252265e-06      0.0000000000 -7.7793552321e-08 -7.7511024240e-08    0.025104166667  0.00010416666667
-6.8669085081e-08  6.1665497339e-10  9.0340653292e-06      0.0000000000 -7.7572090361e-08 -7.8084858281e-08    0.025112500000  0.00011250000000
-6.8355584034e-08  6.2299844245e-10  9.0343853294e-06      0.0000000000 -7.7350173654e-08 -7.6245470037e-08    0.025120833333  0.00012083333333
-6.8150520323e-08  6.2186263933e-10  9.0347252330e-06      0.0000000000 -7.7128711694e-08 -7.6996604929e-08    0.025129166667  0.00012916666667
-6.8357221662e-08  5.9217497299e-10  9.0350653252e-06      0.0000000000 -7.6906794987e-08 -7.6748679317e-08    0.025137500000  0.00013750000000
-6.8393380212e-08  5.7429972910e-10  9.0353853253e-06      0.0000000000 -7.6684878279e-08 -7.6432094237e-08    0.025145833333  0.00014583333333
-6.8203820536e-08  5.7209005930e-10  9.0357252359e-06      0.0000000000 -7.6463416319e-08 -7.6145680332e-08    0.025154166667  0.00015416666667
-6.8096794866e-08  5.6413228242e-10  9.0360653212e-06      0.0000000000 -7.6241499612e-08 -7.5371056260e-08    0.025162500000  0.00016250000000
-6.8025155386e-08  5.5372352750e-10  9.0363853283e-06      0.0000000000 -7.6019582905e-08 -7.6622554689e-08    0.025170833333  0.00017083333333
-6.7790694810e-08  5.5459236215e-10  9.0367252354e-06      0.0000000000 -7.5797666198e-08 -7.6036787391e-08    0.025179166667  0.00017916666667
-6.7429890783e-08  5.6421220998e-10  9.0370653311e-06      0.0000000000 -7.5575749490e-08 -7.5830903321e-08    0.025187500000  0.00018750000000
-6.7303531492e-08  5.5759355098e-10  9.0373853243e-06      0.0000000000 -7.5353832783e-08 -7.5819583235e-08    0.025195833333  0.00019583333333
-6.7171822592e-08  5.5134542568e-10  9.0377252349e-06      0.0000000000 -7.5131916076e-08 -7.5560997875e-08    0.025204166667  0.00020416666667
-6.6948486863e-08  5.5144371236e-10  9.0380653341e-06      0.0000000000 -7.4909999369e-08 -7.4587203174e-08    0.025212500000  0.00021250000000
-6.6621396778e-08  5.5869691082e-10  9.0383853202e-06      0.0000000000 -7.4687627914e-08 -7.4436268690e-08    0.025220833333  0.00022083333333
-6.6266491697e-08  5.6790817595e-10  9.0387252378e-06      0.0000000000 -7.4465711207e-08 -7.3944410941e-08    0.025229166667  0.00022916666667
-6.6206798469e-08  5.5664048217e-10  9.0390653231e-06      0.0000000000 -7.4243339752e-08 -7.3680621486e-08    0.025237500000  0.00023750000000
-6.5968263564e-08  5.5779151981e-10  9.0393853302e-06      0.0000000000 -7.4021423045e-08 -7.3816273853e-08    0.025245833333  0.00024583333333
-6.5528998666e-08  5.7281435939e-10  9.0397252303e-06      0.0000000000 -7.3799051591e-08 -7.4225762252e-08    0.025254166667  0.00025416666667
-6.5121378742e-08  5.8567684896e-10  9.0400653260e-06      0.0000000000 -7.3577134883e-08 -7.4436268690e-08    0.025262500000  0.00026250000000
-6.4769117544e-08  5.9467349154e-10  9.0403853331e-06      0.0000000000 -7.3354763429e-08 -7.4029248699e-08    0.025270833333  0.00027083333333
-6.4879057067e-08  5.7165640787e-10  9.0407252333e-06      0.0000000000 -7.3132391974e-08 -7.1813656254e-08    0.025279166667  0.00027916666667
-6.4900713870e-08  5.5475411098e-10  9.0410653290e-06      0.0000000000 -7.2910020520e-08 -7.1321201056e-08    0.025287500000  0.00028750000000
-6.4686893795e-08  5.5416181088e-10  9.0413853221e-06      0.0000000000 -7.2687649065e-08 -7.1569959952e-08    0.025295833333  0.00029583333333
-6.4554059576e-08  5.4796013179e-10  9.0417252397e-06      0.0000000000 -7.2465277610e-08 -7.2031426414e-08    0.025304166667  0.00030416666667
-6.4369787666e-08  5.4532121689e-10  9.0420653250e-06      0.0000000000 -7.2242906156e-08 -7.2687441137e-08    0.025312500000  0.00031250000000
-6.4022451251e-08  5.5397675084e-10  9.0423853251e-06      0.0000000000 -7.2020534701e-08 -7.3833285427e-08    0.025320833333  0.00032083333333
-6.3899770656e-08  5.4707179428e-10  9.0427252357e-06      0.0000000000 -7.1798163247e-08 -7.2262576287e-08    0.025329166667  0.00032916666667
-6.3628737385e-08  5.5044229115e-10  9.0430653279e-06      0.0000000000 -7.1575791792e-08 -7.1040274248e-08    0.025337500000  0.00033750000000
-6.3235527243e-08  5.6224371109e-10  9.0433853280e-06      0.0000000000 -7.1352965590e-08 -7.1017634075e-08    0.025345833333  0.00034583333333
-6.2965346564e-08  5.6555515426e-10  9.0437252282e-06      0.0000000000 -7.1130594136e-08 -7.1475201397e-08    0.025354166667  0.00035416666667
-6.2644912970e-08  5.7231580214e-10  9.0440653309e-06      0.0000000000 -7.0907767934e-08 -7.0501406696e-08    0.025362500000  0.00036250000000
-6.2484171112e-08  5.6804710899e-10  9.0443853310e-06      0.0000000000 -7.0685396479e-08 -7.0531593592e-08    0.025370833333  0.00037083333333
-6.2261018549e-08  5.6806971397e-10  9.0447252346e-06      0.0000000000 -7.0462570277e-08 -7.1646071810e-08    0.025379166667  0.00037916666667
-6.1935782009e-08  5.7516303159e-10  9.0450653269e-06      0.0000000000 -7.0239744075e-08 -7.0861259661e-08    0.025387500000  0.00038750000000
-6.1509101867e-08  5.8931420463e-10  9.0453853270e-06      0.0000000000 -7.0017372621e-08 -7.0143283188e-08    0.025395833333  0.00039583333333
-6.1283821430e-08  5.8948419400e-10  9.0457252376e-06      0.0000000000 -6.9794546419e-08 -7.0059781829e-08    0.025404166667  0.00040416666667
-6.1054283642e-08  5.8994906320e-10  9.0460653228e-06      0.0000000000 -6.9571720217e-08 -7.0094386704e-08    0.025412500000  0.00041250000000
-6.0625505622e-08  6.0421404549e-10  9.0463853299e-06      0.0000000000 -6.9348894015e-08 -7.0516500144e-08    0.025420833333  0.00042083333333
-6.0348971051e-08  6.0793408521e-10  9.0467252371e-06      0.0000000000 -6.9126067813e-08 -6.9731357826e-08    0.025429166667  0.00042916666667
-6.0089154878e-08  6.1049614699e-10  9.0470653328e-06      0.0000000000 -6.8903241611e-08 -6.9195257406e-08    0.025437500000  0.00043750000000
-5.9829004793e-08  6.1304983924e-10  9.0473853259e-06      0.0000000000 -6.8679960662e-08 -6.8906972542e-08    0.025445833333  0.00044583333333
-5.9659781704e-08  6.0933709002e-10  9.0477252330e-06      0.0000000000 -6.8457134460e-08 -6.8704547388e-08    0.025454166667  0.00045416666667
-5.9585405042e-08  5.9905492755e-10  9.0480653357e-06      0.0000000000 -6.8234308258e-08 -6.8586551210e-08    0.025462500000  0.00046250000000
-5.9486040288e-08  5.9050353237e-10  9.0483853219e-06      0.0000000000 -6.8011482056e-08 -6.8270091909e-08    0.025470833333  0.00047083333333
-5.9300370601e-08  5.8789843772e-10  9.0487252395e-06      0.0000000000 -6.7788201107e-08 -6.7942391133e-08    0.025479166667  0.00047916666667
-5.9196566810e-08  5.7965450667e-10  9.0490653247e-06      0.0000000000 -6.7565374905e-08 -6.7065791951e-08    0.025487500000  0.00048750000000
-5.9007005282e-08  5.7731897518e-10  9.0493853318e-06      0.0000000000 -6.7342093955e-08 -6.6975325595e-08    0.025495833333  0.00049583333333
-5.8918129010e-08  5.6800961167e-10  9.0497252320e-06      0.0000000000 -6.7118813006e-08 -6.7674309479e-08    0.025504166667  0.00050416666667
-5.9047035985e-08  5.4361577743e-10  9.0500653277e-06      0.0000000000 -6.6895532057e-08 -6.7908100705e-08    0.025512500000  0.00051250000000
-5.8975578336e-08  5.3313143333e-10  9.0503853348e-06      0.0000000000 -6.6672705855e-08 -6.5918281093e-08    0.025520833333  0.00052083333333
-5.9067034035e-08  5.1133161254e-10  9.0507252349e-06      0.0000000000 -6.6449424906e-08 -6.5520144225e-08    0.025529166667  0.00052916666667
-5.8991532321e-08  5.0109587778e-10  9.0510653306e-06      0.0000000000 -6.6226143956e-08 -6.6131193049e-08    0.025537500000  0.00053750000000
-5.9001150908e-08  4.8496439713e-10  9.0513853238e-06      0.0000000000 -6.6002863007e-08 -6.6577770453e-08    0.025545833333  0.00054583333333
-5.9017032349e-08  4.6839912815e-10  9.0517252414e-06      0.0000000000 -6.5779582058e-08 -6.6332454750e-08    0.025554166667  0.00055416666667
-5.9066899922e-08  4.4947985429e-10  9.0520653266e-06      0.0000000000 -6.5556301108e-08 -6.5405606963e-08    0.025562500000  0.00056250000000
-5.8584131119e-08  4.6742144237e-10  9.0523853267e-06      0.0000000000 -6.5332565412e-08 -6.7320210891e-08    0.025570833333  0.00057083333333
-5.8659170875e-08  4.4675865035e-10  9.0527252373e-06      0.0000000000 -6.5109284462e-08 -6.5878645068e-08    0.025579166667  0.00057916666667
-5.8702958351e-08  4.2826050648e-10  9.0530653296e-06      0.0000000000 -6.4886003513e-08 -6.5494123748e-08    0.025587500000  0.00058750000000
-5.8518412521e-08  4.2554607178e-10  9.0533853297e-06      0.0000000000 -6.4662267817e-08 -6.5036131924e-08    0.025595833333  0.00059583333333
-5.8484195142e-08  4.1245083179e-10  9.0537252298e-06      0.0000000000 -6.4438986867e-08 -6.4720993300e-08    0.025604166667  0.00060416666667
-5.8147588353e-08  4.2026869983e-10  9.0540653325e-06      0.0000000000 -6.4215251171e-08 -6.6385423320e-08    0.025612500000  0.00061250000000
-5.7934497307e-08  4.1956290958e-10  9.0543853326e-06      0.0000000000 -6.3991970221e-08 -6.4938213178e-08    0.025620833333  0.00062083333333
-5.7855439678e-08  4.0954197311e-10  9.0547252363e-06      0.0000000000 -6.3768234525e-08 -6.2898522296e-08    0.025629166667  0.00062916666667
-5.7785379291e-08  3.9889785455e-10  9.0550653285e-06      0.0000000000 -6.3544498828e-08 -6.2870913863e-08    0.025637500000  0.00063750000000
-5.7508904178e-08  4.0255078100e-10  9.0553853286e-06      0.0000000000 -6.3320763131e-08 -6.3306265515e-08    0.025645833333  0.00064583333333
-5.7257357573e-08  4.0447706707e-10  9.0557252392e-06      0.0000000000 -6.3097027435e-08 -6.3332458937e-08    0.025654166667  0.00065416666667
-5.7216420255e-08  3.9181577729e-10  9.0560653245e-06      0.0000000000 -6.2873291738e-08 -6.2827645978e-08    0.025662500000  0.00066250000000
-5.7203694634e-08  3.7720044138e-10  9.0563853316e-06      0.0000000000 -6.2649556042e-08 -6.1938138753e-08    0.025670833333  0.00067083333333
-5.7062499561e-08  3.7148337350e-10  9.0567252387e-06      0.0000000000 -6.2425820345e-08 -6.2243576692e-08    0.025679166667  0.00067916666667
-5.6696709050e-08  3.8132261369e-10  9.0570653274e-06      0.0000000000 -6.2202084648e-08 -6.1981500972e-08    0.025687500000  0.00068750000000
-5.6255527304e-08  3.9638372887e-10  9.0573853275e-06      0.0000000000 -6.1978348952e-08 -6.1438797169e-08    0.025695833333  0.00069583333333
-5.6189602430e-08  3.8545316938e-10  9.0577252347e-06      0.0000000000 -6.1754613255e-08 -6.0786304251e-08    0.025704166667  0.00070416666667
-5.6141520883e-08  3.7325521786e-10  9.0580653374e-06      0.0000000000 -6.1530422811e-08 -6.0445648265e-08    0.025712500000  0.00071250000000
-5.5715660684e-08  3.8725510618e-10  9.0583853235e-06      0.0000000000 -6.1306687114e-08 -6.2134102025e-08    0.025720833333  0.00072083333333
-5.5405776365e-08  3.9319057992e-10  9.0587252411e-06      0.0000000000 -6.1082496670e-08 -6.1020834427e-08    0.025729166667  0.00072916666667
-5.5210954807e-08  3.9118788007e-10  9.0590653264e-06      0.0000000000 -6.0858760974e-08 -6.1625358480e-08    0.025737500000  0.00073750000000
-5.4946061769e-08  3.9400709179e-10  9.0593853335e-06      0.0000000000 -6.0634570530e-08 -6.1755350804e-08    0.025745833333  0.00074583333333
-5.4687614074e-08  3.9637987536e-10  9.0597252336e-06      0.0000000000 -6.0410380086e-08 -6.0714280202e-08    0.025754166667  0.00075416666667
-5.4371861732e-08  4.0275328750e-10  9.0600653293e-06      0.0000000000 -6.0186644389e-08 -5.9541299149e-08    0.025762500000  0.00076250000000
-5.4034738543e-08  4.1057542583e-10  9.0603853364e-06      0.0000000000 -5.9962453945e-08 -5.9646701730e-08    0.025770833333  0.00077083333333
-5.3784134109e-08  4.1240495615e-10  9.0607252296e-06      0.0000000000 -5.9738263501e-08 -5.8826530034e-08    0.025779166667  0.00077916666667
-5.3682244657e-08  4.0393393847e-10  9.0610653323e-06      0.0000000000 -5.9514073057e-08 -5.9241536975e-08    0.025787500000  0.00078750000000
-5.3261400156e-08  4.1755492357e-10  9.0613853254e-06      0.0000000000 -5.9289882613e-08 -5.9151070619e-08    0.025795833333  0.00079583333333
-5.2928351028e-08  4.2509487742e-10  9.0617252395e-06      0.0000000000 -5.9065692169e-08 -5.8474774075e-08    0.025804166667  0.00080416666667
-5.2631020543e-08  4.3012932891e-10  9.0620653283e-06      0.0000000000 -5.8841046978e-08 -5.8908128989e-08    0.025812500000  0.00081250000000
-5.2491983072e-08  4.2423132000e-10  9.0623853284e-06      0.0000000000 -5.8616856534e-08 -5.8259865381e-08    0.025820833333  0.00082083333333
-5.2284667941e-08  4.2306247360e-10  9.0627252390e-06      0.0000000000 -5.8392666090e-08 -5.7826510467e-08    0.025829166667  0.00082916666667
-5.1896533223e-08  4.3441785854e-10  9.0630653312e-06      0.0000000000 -5.8168475646e-08 -5.8248419516e-08    0.025837500000  0.00083750000000
-5.1718188403e-08  4.3121092410e-10  9.0633853313e-06      0.0000000000 -5.7943830455e-08 -5.8333225829e-08    0.025845833333  0.00084583333333
-5.1710053386e-08  4.1624612854e-10  9.0637252315e-06      0.0000000000 -5.7719640011e-08 -5.7932023104e-08    0.025854166667  0.00085416666667
-5.1391503744e-08  4.2275029707e-10  9.0640653342e-06      0.0000000000 -5.7494994819e-08 -5.7943154522e-08    0.025862500000  0.00086250000000
-5.1086208961e-08  4.2833638518e-10  9.0643853343e-06      0.0000000000 -5.7270349628e-08 -5.7505947634e-08    0.025870833333  0.00087083333333
-5.0668040333e-08  4.4177202941e-10  9.0647252344e-06      0.0000000000 -5.7046159184e-08 -5.6861677501e-08    0.025879166667  0.00087916666667
-5.0711918066e-08  4.2317314160e-10  9.0650653301e-06      0.0000000000 -5.6821513993e-08 -5.6676814203e-08    0.025887500000  0.00088750000000
-5.0681316737e-08  4.0973294817e-10  9.0653853303e-06      0.0000000000 -5.6596868801e-08 -5.6710774462e-08    0.025895833333  0.00089583333333
-5.0456825321e-08  4.0972229712e-10  9.0657252409e-06      0.0000000000 -5.6372223610e-08 -5.6794763213e-08    0.025904166667  0.00090416666667
-5.0258416125e-08  4.0790509537e-10  9.0660653261e-06      0.0000000000 -5.6147578419e-08 -5.6887870923e-08    0.025912500000  0.00091250000000
-5.0036295455e-08  4.0773023768e-10  9.0663853332e-06      0.0000000000 -5.5922933227e-08 -5.6088924388e-08    0.025920833333  0.00092083333333
-4.9824876143e-08  4.0681416455e-10  9.0667252368e-06      0.0000000000 -5.5698288036e-08 -5.5409624876e-08    0.025929166667  0.00092916666667
-4.9983847968e-08  3.8024343548e-10  9.0670653291e-06      0.0000000000 -5.5473642845e-08 -5.5610336295e-08    0.025937500000  0.00093750000000
-5.0056757999e-08  3.5960216616e-10  9.0673853292e-06      0.0000000000 -5.5248542906e-08 -5.5599016209e-08    0.025945833333  0.00094583333333
-4.9904557652e-08  3.5458436906e-10  9.0677252363e-06      0.0000000000 -5.5023897715e-08 -5.5356011690e-08    0.025954166667  0.00095416666667
-4.9731805849e-08  3.5099004166e-10  9.0680653390e-06      0.0000000000 -5.4799252523e-08 -5.5953334910e-08    0.025962500000  0.00096250000000
-4.9725372153e-08  3.3584441144e-10  9.0683853252e-06      0.0000000000 -5.4574152585e-08 -5.3676991336e-08    0.025970833333  0.00097083333333
-4.9739094406e-08  3.1933420330e-10  9.0687252428e-06      0.0000000000 -5.4349507393e-08 -5.4533591699e-08    0.025979166667  0.00097916666667
-4.9666449203e-08  3.0877462616e-10  9.0690653280e-06      0.0000000000 -5.4124407454e-08 -5.3835315320e-08    0.025987500000  0.00098750000000
-4.9741457111e-08  2.8801954760e-10  9.0693853351e-06      0.0000000000 -5.3899762263e-08 -5.3705228662e-08    0.025995833333  0.00099583333333
-4.9723958150e-08  2.7364033844e-10  9.0697252317e-06      0.0000000000 -5.3674662324e-08 -5.4484868161e-08    0.026004166667   0.0010041666667
-4.9424347565e-08  2.7880122050e-10  9.0700653310e-06      0.0000000000 -5.3449562386e-08 -5.4671901142e-08    0.026012500000   0.0010125000000
-4.9214356169e-08  2.7775474711e-10  9.0703853381e-06      0.0000000000 -5.3224462447e-08 -5.3435747719e-08    0.026020833333   0.0010208333333
-4.9089181016e-08  2.7083358804e-10  9.0707252312e-06      0.0000000000 -5.2999362508e-08 -5.2299211055e-08    0.026029166667   0.0010291666667
-4.8891774642e-08  2.6891542960e-10  9.0710653339e-06      0.0000000000 -5.2774262570e-08 -5.2765001162e-08    0.026037500000   0.0010375000000
-4.8785750889e-08  2.6066777396e-10  9.0713853270e-06      0.0000000000 -5.2549162631e-08 -5.2832827345e-08    0.026045833333   0.0010458333333
-4.8300701596e-08  2.7867282475e-10  9.0717252412e-06      0.0000000000 -5.2324062692e-08 -5.2232202433e-08    0.026054166667   0.0010541666667
-4.8216930209e-08  2.6888388811e-10  9.0720653299e-06      0.0000000000 -5.2098962754e-08 -5.2501211706e-08    0.026062500000   0.0010625000000
-4.8179306220e-08  2.5589861257e-10  9.0723853300e-06      0.0000000000 -5.1873862815e-08 -5.0571765887e-08    0.026070833333   0.0010708333333
-4.7860483585e-08  2.6239019212e-10  9.0727252406e-06      0.0000000000 -5.1648762876e-08 -5.1733002350e-08    0.026079166667   0.0010791666667
-4.7365431699e-08  2.8105656187e-10  9.0730653329e-06      0.0000000000 -5.1423208190e-08 -5.0971144821e-08    0.026087500000   0.0010875000000
-4.7434511343e-08  2.6068059927e-10  9.0733853330e-06      0.0000000000 -5.1198108252e-08 -5.0343634704e-08    0.026095833333   0.0010958333333
-4.7238899199e-08  2.5860666841e-10  9.0737252331e-06      0.0000000000 -5.0972553565e-08 -5.0431506874e-08    0.026104166667   0.0011041666667
-4.6916123805e-08  2.6537203058e-10  9.0740653358e-06      0.0000000000 -5.0747453627e-08 -5.0571765887e-08    0.026112500000   0.0011125000000
-4.6529478332e-08  2.7652977245e-10  9.0743853289e-06      0.0000000000 -5.0521898941e-08 -4.9682258662e-08    0.026120833333   0.0011208333333
-4.6266591475e-08  2.7914703378e-10  9.0747252361e-06      0.0000000000 -5.0296799002e-08 -4.9718089880e-08    0.026129166667   0.0011291666667
-4.6258424343e-08  2.6408997018e-10  9.0750653318e-06      0.0000000000 -5.0071244316e-08 -4.9228197423e-08    0.026137500000   0.0011375000000
-4.5989973664e-08  2.6706110485e-10  9.0753853319e-06      0.0000000000 -4.9845689630e-08 -4.9363849791e-08    0.026145833333   0.0011458333333
-4.5770041663e-08  2.6667165696e-10  9.0757252425e-06      0.0000000000 -4.9620134944e-08 -5.0036278639e-08    0.026154166667   0.0011541666667
-4.5552115164e-08  2.6614330057e-10  9.0760653278e-06      0.0000000000 -4.9394580258e-08 -4.9848035037e-08    0.026162500000   0.0011625000000
-4.5323062749e-08  2.6638556617e-10  9.0763853349e-06      0.0000000000 -4.9169025572e-08 -4.8973872818e-08    0.026170833333   0.0011708333333
-4.4915502713e-08  2.7899192785e-10  9.0767252385e-06      0.0000000000 -4.8943470886e-08 -4.8036506784e-08    0.026179166667   0.0011791666667
-4.4728158390e-08  2.7634533719e-10  9.0770653307e-06      0.0000000000 -4.8717916200e-08 -4.8022293787e-08    0.026187500000   0.0011875000000
-4.4571336127e-08  2.7158467617e-10  9.0773853308e-06      0.0000000000 -4.8492361514e-08 -4.8287938478e-08    0.026195833333   0.0011958333333
-4.4513800396e-08  2.5994706376e-10  9.0777252380e-06      0.0000000000 -4.8266806828e-08 -4.8316128638e-08    0.026204166667   0.0012041666667
-4.4375430110e-08  2.5387685332e-10  9.0780653407e-06      0.0000000000 -4.8040797394e-08 -4.7752812844e-08    0.026212500000   0.0012125000000
-4.3784132541e-08  2.7920955394e-10  9.0783853268e-06      0.0000000000 -4.7815242708e-08 -4.7828028528e-08    0.026220833333   0.0012208333333
-4.3585875322e-08  2.7728733329e-10  9.0787252409e-06      0.0000000000 -4.7589233275e-08 -4.7512261010e-08    0.026229166667   0.0012291666667
-4.3701496534e-08  2.5365623252e-10  9.0790653296e-06      0.0000000000 -4.7363678589e-08 -4.6997228528e-08    0.026237500000   0.0012375000000
-4.3569389101e-08  2.4715223375e-10  9.0793853367e-06      0.0000000000 -4.7137669155e-08 -4.6742809589e-08    0.026245833333   0.0012458333333
-4.3151128242e-08  2.6049977386e-10  9.0797252334e-06      0.0000000000 -4.6912114469e-08 -4.6518970605e-08    0.026254166667   0.0012541666667
-4.2634218428e-08  2.8064860683e-10  9.0800653326e-06      0.0000000000 -4.6686105036e-08 -4.5732806334e-08    0.026262500000   0.0012625000000
-4.2406898523e-08  2.8073937497e-10  9.0803853397e-06      0.0000000000 -4.6460095603e-08 -4.6094545981e-08    0.026270833333   0.0012708333333
-4.2365261534e-08  2.6796905960e-10  9.0807252329e-06      0.0000000000 -4.6234086169e-08 -4.6024911728e-08    0.026279166667   0.0012791666667
-4.2028319250e-08  2.7565267791e-10  9.0810653356e-06      0.0000000000 -4.6008076736e-08 -4.5900626614e-08    0.026287500000   0.0012875000000
-4.1400997521e-08  3.0344904726e-10  9.0813853287e-06      0.0000000000 -4.5782067302e-08 -4.6200231564e-08    0.026295833333   0.0012958333333
-4.1344464613e-08  2.9171047817e-10  9.0817252428e-06      0.0000000000 -4.5556057869e-08 -4.6468832056e-08    0.026304166667   0.0013041666667
-4.1579465931e-08  2.5977917369e-10  9.0820653315e-06      0.0000000000 -4.5330048436e-08 -4.5295851004e-08    0.026312500000   0.0013125000000
-4.1371845157e-08  2.5850550730e-10  9.0823853316e-06      0.0000000000 -4.5104039002e-08 -4.5747899783e-08    0.026320833333   0.0013208333333
-4.1103850637e-08  2.6141354923e-10  9.0827252423e-06      0.0000000000 -4.4878029569e-08 -4.5080344861e-08    0.026329166667   0.0013291666667
-4.0929243704e-08  2.5785322248e-10  9.0830653345e-06      0.0000000000 -4.4652020136e-08 -4.4860530796e-08    0.026337500000   0.0013375000000
-4.1028691990e-08  2.3527932336e-10  9.0833853346e-06      0.0000000000 -4.4425555955e-08 -4.5143155617e-08    0.026345833333   0.0013458333333
-4.1067067496e-08  2.1696704756e-10  9.0837252347e-06      0.0000000000 -4.4199546521e-08 -4.5324858725e-08    0.026354166667   0.0013541666667
-4.0928727473e-08  2.1086324347e-10  9.0840653375e-06      0.0000000000 -4.3973082341e-08 -4.4210380507e-08    0.026362500000   0.0013625000000
-4.0760504964e-08  2.0686070801e-10  9.0843853306e-06      0.0000000000 -4.3747072907e-08 -4.2823544158e-08    0.026370833333   0.0013708333333
-4.0815812957e-08  1.8734412826e-10  9.0847252377e-06      0.0000000000 -4.3520608727e-08 -4.3304883660e-08    0.026379166667   0.0013791666667
-4.0855342977e-08  1.6895188662e-10  9.0850653334e-06      0.0000000000 -4.3294599293e-08 -4.4016272472e-08    0.026387500000   0.0013875000000
-4.0629755581e-08  1.6889115729e-10  9.0853853335e-06      0.0000000000 -4.3068135112e-08 -4.4202865227e-08    0.026395833333   0.0013958333333
-4.0375349440e-08  1.7082652048e-10  9.0857252407e-06      0.0000000000 -4.2841670932e-08 -4.3373700351e-08    0.026404166667   0.0014041666667
-4.0180769581e-08  1.6861809481e-10  9.0860653294e-06      0.0000000000 -4.2615206751e-08 -4.1391679021e-08    0.026412500000   0.0014125000000
-4.0248480375e-08  1.4824245133e-10  9.0863853365e-06      0.0000000000 -4.2388742570e-08 -4.2039942629e-08    0.026420833333   0.0014208333333
-4.0030736508e-08  1.4763845025e-10  9.0867252401e-06      0.0000000000 -4.2162278389e-08 -4.2579784966e-08    0.026429166667   0.0014291666667
-3.9646826101e-08  1.5854375647e-10  9.0870653324e-06      0.0000000000 -4.1935814209e-08 -4.2573024359e-08    0.026437500000   0.0014375000000
-3.9333139807e-08  1.6458508158e-10  9.0873853325e-06      0.0000000000 -4.1709350028e-08 -4.2262099322e-08    0.026445833333   0.0014458333333
-3.9387961254e-08  1.4510220186e-10  9.0877252396e-06      0.0000000000 -4.1482885847e-08 -4.1820961849e-08    0.026454166667   0.0014541666667
-3.9123279384e-08  1.4774929991e-10  9.0880653353e-06      0.0000000000 -4.1256421666e-08 -4.1527268499e-08    0.026462500000   0.0014625000000
-3.8745023714e-08  1.5826293821e-10  9.0883853284e-06      0.0000000000 -4.1029957486e-08 -4.0743415412e-08    0.026470833333   0.0014708333333
-3.8451431793e-08  1.6288095550e-10  9.0887252426e-06      0.0000000000 -4.0803038558e-08 -4.0228272874e-08    0.026479166667   0.0014791666667
-3.8267674326e-08  1.5992293102e-10  9.0890653313e-06      0.0000000000 -4.0576574377e-08 -4.1323789948e-08    0.026487500000   0.0014875000000
-3.8108388817e-08  1.5523839104e-10  9.0893853384e-06      0.0000000000 -4.0349655449e-08 -4.1323789948e-08    0.026495833333   0.0014958333333
-3.8215802202e-08  1.3211279979e-10  9.0897252350e-06      0.0000000000 -4.0123191268e-08 -4.0117760532e-08    0.026504166667   0.0015041666667
-3.8056212367e-08  1.2744933851e-10  9.0900653342e-06      0.0000000000 -3.9896272340e-08 -4.0246086288e-08    0.026512500000   0.0015125000000
-3.7633177366e-08  1.4103306089e-10  9.0903853413e-06      0.0000000000 -3.9669353412e-08 -3.9130680452e-08    0.026520833333   0.0015208333333
-3.7471916474e-08  1.3651684063e-10  9.0907252345e-06      0.0000000000 -3.9442889231e-08 -3.9189985126e-08    0.026529166667   0.0015291666667
-3.7497279603e-08  1.1904285513e-10  9.0910653372e-06      0.0000000000 -3.9215970303e-08 -3.9140113857e-08    0.026537500000   0.0015375000000
-3.7272330320e-08  1.1890643026e-10  9.0913853303e-06      0.0000000000 -3.8989051375e-08 -3.8642690399e-08    0.026545833333   0.0015458333333
-3.7001903209e-08  1.2191996743e-10  9.0917252444e-06      0.0000000000 -3.8762132447e-08 -3.7940562047e-08    0.026554166667   0.0015541666667
-3.6678518649e-08  1.2860153280e-10  9.0920653262e-06      0.0000000000 -3.8535213519e-08 -3.8150864094e-08    0.026562500000   0.0015625000000
-3.6492420432e-08  1.2577413982e-10  9.0923853333e-06      0.0000000000 -3.8308294591e-08 -3.7804217896e-08    0.026570833333   0.0015708333333
-3.6291609052e-08  1.2396583479e-10  9.0927252439e-06      0.0000000000 -3.8081375663e-08 -3.8895222657e-08    0.026579166667   0.0015791666667
-3.6016256356e-08  1.2732053612e-10  9.0930653361e-06      0.0000000000 -3.7854456734e-08 -3.7962510436e-08    0.026587500000   0.0015875000000
-3.5725096101e-08  1.3177012732e-10  9.0933853362e-06      0.0000000000 -3.7627537806e-08 -3.7284154265e-08    0.026595833333   0.0015958333333
-3.5462663818e-08  1.3419841572e-10  9.0937252329e-06      0.0000000000 -3.7400164131e-08 -3.7491610569e-08    0.026604166667   0.0016041666667
-3.5455316630e-08  1.1899006740e-10  9.0940653391e-06      0.0000000000 -3.7173245203e-08 -3.7819311345e-08    0.026612500000   0.0016125000000
-3.5263746432e-08  1.1654168402e-10  9.0943853322e-06      0.0000000000 -3.6946326275e-08 -3.8331733918e-08    0.026620833333   0.0016208333333
-3.4910965542e-08  1.2522785013e-10  9.0947252393e-06      0.0000000000 -3.6718952599e-08 -3.7441330519e-08    0.026629166667   0.0016291666667
-3.4599437119e-08  1.3108821571e-10  9.0950653351e-06      0.0000000000 -3.6492033671e-08 -3.7271041832e-08    0.026637500000   0.0016375000000
-3.4331897298e-08  1.3387027107e-10  9.0953853352e-06      0.0000000000 -3.6264659996e-08 -3.6926250871e-08    0.026645833333   0.0016458333333
-3.4176898067e-08  1.2885735015e-10  9.0957252423e-06      0.0000000000 -3.6037286320e-08 -3.5845308408e-08    0.026654166667   0.0016541666667
-3.3853635344e-08  1.3553047663e-10  9.0960653310e-06      0.0000000000 -3.5810367392e-08 -3.4367691256e-08    0.026662500000   0.0016625000000
-3.3323987625e-08  1.5646709147e-10  9.0963853381e-06      0.0000000000 -3.5582993717e-08 -3.5875023635e-08    0.026670833333   0.0016708333333
-3.3228329198e-08  1.4734400768e-10  9.0967252418e-06      0.0000000000 -3.5355620041e-08 -3.5769982668e-08    0.026679166667   0.0016791666667
-3.3146775551e-08  1.3724397485e-10  9.0970653340e-06      0.0000000000 -3.5128246366e-08 -3.5579129157e-08    0.026687500000   0.0016875000000
-3.2954749070e-08  1.3479569784e-10  9.0973853341e-06      0.0000000000 -3.4900872690e-08 -3.4861341352e-08    0.026695833333   0.0016958333333
-3.2790994670e-08  1.3038919226e-10  9.0977252412e-06      0.0000000000 -3.4673499015e-08 -3.3875896396e-08    0.026704166667   0.0017041666667
-3.2646209448e-08  1.2466881144e-10  9.0980653439e-06      0.0000000000 -3.4446125340e-08 -3.4050980397e-08    0.026712500000   0.0017125000000
-3.2300967494e-08  1.3283280301e-10  9.0983853301e-06      0.0000000000 -3.4218751664e-08 -3.4201914881e-08    0.026720833333   0.0017208333333
-3.2215037063e-08  1.2303592234e-10  9.0987252442e-06      0.0000000000 -3.3991377989e-08 -3.3721801721e-08    0.026729166667   0.0017291666667
-3.1962331975e-08  1.2479046937e-10  9.0990653329e-06      0.0000000000 -3.3764004313e-08 -3.3282440872e-08    0.026737500000   0.0017375000000
-3.1952066184e-08  1.0972127930e-10  9.0993853400e-06      0.0000000000 -3.3536175890e-08 -3.3141128462e-08    0.026745833333   0.0017458333333
-3.2001962456e-08  9.0516540358e-11  9.0997252367e-06      0.0000000000 -3.3308802215e-08 -3.3264580292e-08    0.026754166667   0.0017541666667
-3.1819724355e-08  8.7390284028e-11  9.1000653359e-06      0.0000000000 -3.3081428540e-08 -3.3463342140e-08    0.026762500000   0.0017625000000
-3.1814930545e-08  7.1942084369e-11  9.1003853430e-06      0.0000000000 -3.2853600117e-08 -3.4503280734e-08    0.026770833333   0.0017708333333
-3.1945538077e-08  4.7115488512e-11  9.1007252361e-06      0.0000000000 -3.2625771694e-08 -3.2968182699e-08    0.026779166667   0.0017791666667
-3.1746701811e-08  4.5138882275e-11  9.1010653388e-06      0.0000000000 -3.2398398019e-08 -3.1850544291e-08    0.026787500000   0.0017875000000
-3.1466667349e-08  4.8754865114e-11  9.1013853320e-06      0.0000000000 -3.2170569596e-08 -3.1573579513e-08    0.026795833333   0.0017958333333
-3.1385691697e-08  3.8583300662e-11  9.1017252461e-06      0.0000000000 -3.1942741173e-08 -3.1285105980e-08    0.026804166667   0.0018041666667
-3.1239751161e-08  3.2942941201e-11  9.1020653348e-06      0.0000000000 -3.1715367498e-08 -2.9514392927e-08    0.026812500000   0.0018125000000
-3.0975038245e-08  3.5497697182e-11  9.1023853349e-06      0.0000000000 -3.1487539075e-08 -3.1684830805e-08    0.026820833333   0.0018208333333
-3.0728565356e-08  3.6789081685e-11  9.1027252421e-06      0.0000000000 -3.1259710652e-08 -3.1392348076e-08    0.026829166667   0.0018291666667
-3.0762440123e-08  1.8662553742e-11  9.1030653378e-06      0.0000000000 -3.1031882229e-08 -3.1241963874e-08    0.026837500000   0.0018375000000
-3.0607166831e-08  1.3637117874e-11  9.1033853379e-06      0.0000000000 -3.0804053806e-08 -3.1078011291e-08    0.026845833333   0.0018458333333
-3.0129837255e-08  3.0918487735e-11  9.1037252345e-06      0.0000000000 -3.0576225384e-08 -3.0737402472e-08    0.026854166667   0.0018541666667
-2.9885674461e-08  3.2049866529e-11  9.1040653407e-06      0.0000000000 -3.0348396961e-08 -3.0267807559e-08    0.026862500000   0.0018625000000
-2.9849781273e-08  1.8724226959e-11  9.1043853339e-06      0.0000000000 -3.0120113791e-08 -3.1805326835e-08    0.026870833333   0.0018708333333
-2.9572969347e-08  2.2117004979e-11  9.1047252410e-06      0.0000000000 -2.9892285368e-08 -3.0422641184e-08    0.026879166667   0.0018791666667
-2.9233350941e-08  2.9859991440e-11  9.1050653367e-06      0.0000000000 -2.9664456945e-08 -3.0299912582e-08    0.026887500000   0.0018875000000
-2.9150398715e-08  1.9793834365e-11  9.1053853368e-06      0.0000000000 -2.9436173775e-08 -3.0164260214e-08    0.026895833333   0.0018958333333
-2.9139646644e-08  4.7583258146e-12  9.1057252439e-06      0.0000000000 -2.9208345352e-08 -2.9514974654e-08    0.026904166667   0.0019041666667
-2.8808752753e-08  1.1865522719e-11  9.1060653327e-06      0.0000000000 -2.8980062182e-08 -2.8986876906e-08    0.026912500000   0.0019125000000
-2.8519963120e-08  1.6087920907e-11  9.1063853398e-06      0.0000000000 -2.8752233759e-08 -2.9288242759e-08    0.026920833333   0.0019208333333
-2.8312371561e-08  1.4654743654e-11  9.1067252434e-06      0.0000000000 -2.8523950589e-08 -2.7835121015e-08    0.026929166667   0.0019291666667
-2.8334906734e-08 -2.7178596690e-12  9.1070653356e-06      0.0000000000 -2.8295667419e-08 -2.8182333217e-08    0.026937500000   0.0019375000000
-2.8019851592e-08  3.3237845618e-12  9.1073853357e-06      0.0000000000 -2.8067838996e-08 -2.8702396848e-08    0.026945833333   0.0019458333333
-2.7830925420e-08  5.9777375833e-13  9.1077252394e-06      0.0000000000 -2.7839555826e-08 -2.8471655756e-08    0.026954166667   0.0019541666667
-2.7602236006e-08  6.2591166405e-13  9.1080653386e-06      0.0000000000 -2.7611272656e-08 -2.7298674704e-08    0.026962500000   0.0019625000000
-2.7319556468e-08  4.3936047129e-12  9.1083853317e-06      0.0000000000 -2.7382989486e-08 -2.6695942998e-08    0.026970833333   0.0019708333333
-2.7072748865e-08  5.6766752100e-12  9.1087252458e-06      0.0000000000 -2.7154706315e-08 -2.6286265931e-08    0.026979166667   0.0019791666667
-2.6921092816e-08  3.6919824171e-13  9.1090653346e-06      0.0000000000 -2.6926423145e-08 -2.6667611338e-08    0.026987500000   0.0019875000000
-2.6601751004e-08  6.6762555598e-12  9.1093853417e-06      0.0000000000 -2.6698139975e-08 -2.6978442040e-08    0.026995833333   0.0019958333333
-2.6374399394e-08  6.6117322824e-12  9.1097252383e-06      0.0000000000 -2.6469856805e-08 -2.6823734194e-08    0.027004166667   0.0020041666667
-2.6163889088e-08  5.3807181540e-12  9.1100653375e-06      0.0000000000 -2.6241573635e-08 -2.6213455765e-08    0.027012500000   0.0020125000000
-2.5918509937e-08  6.5333513877e-12  9.1103853446e-06      0.0000000000 -2.6012835717e-08 -2.6695942998e-08    0.027020833333   0.0020208333333
-2.5778710025e-08  4.0467463166e-13  9.1107252343e-06      0.0000000000 -2.5784552547e-08 -2.6391715679e-08    0.027029166667   0.0020291666667
-2.5596654021e-08 -2.7971893773e-12  9.1110653405e-06      0.0000000000 -2.5556269377e-08 -2.7274242184e-08    0.027037500000   0.0020375000000
-2.5552643777e-08 -1.5592109145e-11  9.1113853336e-06      0.0000000000 -2.5327531460e-08 -2.7019917579e-08    0.027045833333   0.0020458333333
-2.5226796506e-08 -8.8344597585e-12  9.1117252477e-06      0.0000000000 -2.5099248289e-08 -2.5257977592e-08    0.027054166667   0.0020541666667
-2.4827593765e-08  2.9725624650e-12  9.1120653295e-06      0.0000000000 -2.4870510372e-08 -2.3967802202e-08    0.027062500000   0.0020625000000
-2.4807113039e-08 -1.1452098550e-11  9.1123853366e-06      0.0000000000 -2.4641772454e-08 -2.4872151318e-08    0.027070833333   0.0020708333333
-2.5018796807e-08 -4.1925830961e-11  9.1127252437e-06      0.0000000000 -2.4413489284e-08 -2.3641893773e-08    0.027079166667   0.0020791666667
-2.4879877881e-08 -4.8147025515e-11  9.1130653394e-06      0.0000000000 -2.4184751367e-08 -2.3393213489e-08    0.027087500000   0.0020875000000
-2.4437507408e-08 -3.3350046954e-11  9.1133853395e-06      0.0000000000 -2.3956013449e-08 -2.3410193618e-08    0.027095833333   0.0020958333333
-2.4049613606e-08 -2.2326323559e-11  9.1137252362e-06      0.0000000000 -2.3727275532e-08 -2.3375683077e-08    0.027104166667   0.0021041666667
-2.4020620850e-08 -3.6161409984e-11  9.1140653424e-06      0.0000000000 -2.3498537614e-08 -2.3515753423e-08    0.027112500000   0.0021125000000
-2.3925173983e-08 -4.5393639583e-11  9.1143853355e-06      0.0000000000 -2.3269799697e-08 -2.1827802778e-08    0.027120833333   0.0021208333333
-2.3593094389e-08 -3.8235814031e-11  9.1147252426e-06      0.0000000000 -2.3041061779e-08 -2.2871656235e-08    0.027129166667   0.0021291666667
-2.3381884660e-08 -3.9449881028e-11  9.1150653383e-06      0.0000000000 -2.2812323862e-08 -2.2076404451e-08    0.027137500000   0.0021375000000
-2.3398066209e-08 -5.6413906312e-11  9.1153853385e-06      0.0000000000 -2.2583585944e-08 -2.2093384580e-08    0.027145833333   0.0021458333333
-2.3247474168e-08 -6.1826577913e-11  9.1157252456e-06      0.0000000000 -2.2354848027e-08 -2.2870021112e-08    0.027154166667   0.0021541666667
-2.2942875783e-08 -5.6572202196e-11  9.1160653343e-06      0.0000000000 -2.2126110109e-08 -2.1662026403e-08    0.027162500000   0.0021625000000
-2.2867218963e-08 -6.7206660914e-11  9.1163853414e-06      0.0000000000 -2.1896917445e-08 -2.2114075183e-08    0.027170833333   0.0021708333333
-2.2719970763e-08 -7.2850939206e-11  9.1167252451e-06      0.0000000000 -2.1668179527e-08 -2.1376084168e-08    0.027179166667   0.0021791666667
-2.2552749368e-08 -7.7143297909e-11  9.1170653373e-06      0.0000000000 -2.1438986862e-08 -2.1108002514e-08    0.027187500000   0.0021875000000
-2.2194647405e-08 -6.8183067071e-11  9.1173853374e-06      0.0000000000 -2.1210248945e-08 -2.1266295054e-08    0.027195833333   0.0021958333333
-2.2215844651e-08 -8.5525995575e-11  9.1177252410e-06      0.0000000000 -2.0981056280e-08 -2.1312518739e-08    0.027204166667   0.0022041666667
-2.2233667794e-08 -1.0260372374e-10  9.1180653402e-06      0.0000000000 -2.0752318362e-08 -2.0350657296e-08    0.027212500000   0.0022125000000
-2.2182634889e-08 -1.1494372562e-10  9.1183853334e-06      0.0000000000 -2.0523125697e-08 -2.0637181258e-08    0.027220833333   0.0022208333333
-2.1677184407e-08 -9.5809090575e-11  9.1187252475e-06      0.0000000000 -2.0293933033e-08 -2.0332953939e-08    0.027229166667   0.0022291666667
-2.1197847601e-08 -7.8451687544e-11  9.1190653362e-06      0.0000000000 -2.0065195115e-08 -1.9877823581e-08    0.027237500000   0.0022375000000
-2.1045583044e-08 -8.3780011968e-11  9.1193853433e-06      0.0000000000 -1.9836002450e-08 -1.9109189721e-08    0.027245833333   0.0022458333333
-2.0801450122e-08 -8.2745194682e-11  9.1197252400e-06      0.0000000000 -1.9606809785e-08 -1.8494241756e-08    0.027254166667   0.0022541666667
-2.0746525912e-08 -9.4815670409e-11  9.1200653392e-06      0.0000000000 -1.9377617121e-08 -1.9536868870e-08    0.027262500000   0.0022625000000
-2.0353494184e-08 -8.3467572766e-11  9.1203853463e-06      0.0000000000 -1.9148424456e-08 -1.9763019039e-08    0.027270833333   0.0022708333333
-1.9692274727e-08 -5.3543804159e-11  9.1207252359e-06      0.0000000000 -1.8919231791e-08 -1.9025028024e-08    0.027279166667   0.0022791666667
-1.9516541303e-08 -5.7246588272e-11  9.1210653421e-06      0.0000000000 -1.8690039126e-08 -1.8681636351e-08    0.027287500000   0.0022875000000
-1.9685025757e-08 -8.4822669399e-11  9.1213853353e-06      0.0000000000 -1.8460391714e-08 -1.8410425951e-08    0.027295833333   0.0022958333333
-1.9371094616e-08 -7.8953370088e-11  9.1217252459e-06      0.0000000000 -1.8231199049e-08 -1.8228062505e-08    0.027304166667   0.0023041666667
-1.8975570037e-08 -6.7432608408e-11  9.1220653311e-06      0.0000000000 -1.8002006384e-08 -1.8707986997e-08    0.027312500000   0.0023125000000
-1.8562839177e-08 -5.4720076232e-11  9.1223853382e-06      0.0000000000 -1.7772813719e-08 -1.7954320807e-08    0.027320833333   0.0023208333333
-1.8406409787e-08 -5.9791426455e-11  9.1227252453e-06      0.0000000000 -1.7543166307e-08 -1.8505892012e-08    0.027329166667   0.0023291666667
-1.8152244544e-08 -5.8061733574e-11  9.1230653411e-06      0.0000000000 -1.7313973642e-08 -1.7730214543e-08    0.027337500000   0.0023375000000
-1.7856704996e-08 -5.3497801264e-11  9.1233853412e-06      0.0000000000 -1.7084326230e-08 -1.6741216338e-08    0.027345833333   0.0023458333333
-1.7498633296e-08 -4.4571164076e-11  9.1237252378e-06      0.0000000000 -1.6855133565e-08 -1.6123092459e-08    0.027354166667   0.0023541666667
-1.7214098361e-08 -4.0769451887e-11  9.1240653440e-06      0.0000000000 -1.6625486153e-08 -1.6462333434e-08    0.027362500000   0.0023625000000
-1.6910350841e-08 -3.5637005187e-11  9.1243853371e-06      0.0000000000 -1.6395838741e-08 -1.6477426882e-08    0.027370833333   0.0023708333333
-1.6957631376e-08 -5.4786558419e-11  9.1247252408e-06      0.0000000000 -1.6166646076e-08 -1.5399581722e-08    0.027379166667   0.0023791666667
-1.6729579417e-08 -5.4897065411e-11  9.1250653400e-06      0.0000000000 -1.5936998664e-08 -1.4846045224e-08    0.027387500000   0.0023875000000
-1.6507911614e-08 -5.5449762598e-11  9.1253853401e-06      0.0000000000 -1.5707351252e-08 -1.5106029873e-08    0.027395833333   0.0023958333333
-1.6057697487e-08 -4.0172498644e-11  9.1257252402e-06      0.0000000000 -1.5477703839e-08 -1.5386217731e-08    0.027404166667   0.0024041666667
-1.5704519648e-08 -3.1616325791e-11  9.1260653360e-06      0.0000000000 -1.5248056427e-08 -1.3990781260e-08    0.027412500000   0.0024125000000
-1.5586272290e-08 -3.9332304274e-11  9.1263853431e-06      0.0000000000 -1.5018409015e-08 -1.5181402781e-08    0.027420833333   0.0024208333333
-1.5464194812e-08 -4.6782994550e-11  9.1267252432e-06      0.0000000000 -1.4788761603e-08 -1.4431871567e-08    0.027429166667   0.0024291666667
-1.5251829110e-08 -4.7979989537e-11  9.1270653389e-06      0.0000000000 -1.4559114191e-08 -1.4631372366e-08    0.027437500000   0.0024375000000
-1.4931665646e-08 -4.1710514061e-11  9.1273853390e-06      0.0000000000 -1.4329466778e-08 -1.4637032409e-08    0.027445833333   0.0024458333333
-1.4586665391e-08 -3.3752248310e-11  9.1277252427e-06      0.0000000000 -1.4099364619e-08 -1.4369925540e-08    0.027454166667   0.0024541666667
-1.4354904616e-08 -3.3605868966e-11  9.1280653419e-06      0.0000000000 -1.3869717207e-08 -1.4849850031e-08    0.027462500000   0.0024625000000
-1.4294660258e-08 -4.5339349130e-11  9.1283853350e-06      0.0000000000 -1.3640069794e-08 -1.3613948166e-08    0.027470833333   0.0024708333333
-1.4324916341e-08 -6.3372721040e-11  9.1287252491e-06      0.0000000000 -1.3409967635e-08 -1.4165519370e-08    0.027479166667   0.0024791666667
-1.4099296315e-08 -6.3651672627e-11  9.1290653379e-06      0.0000000000 -1.3180320223e-08 -1.3983203092e-08    0.027487500000   0.0024875000000
-1.3732164728e-08 -5.4160509242e-11  9.1293853449e-06      0.0000000000 -1.2950218063e-08 -1.3435027913e-08    0.027495833333   0.0024958333333
-1.3501377046e-08 -5.4081529944e-11  9.1297252381e-06      0.0000000000 -1.2720570651e-08 -1.2723843492e-08    0.027504166667   0.0025041666667
-1.3543914360e-08 -7.2965545210e-11  9.1300653408e-06      0.0000000000 -1.2490468491e-08 -1.2242708380e-08    0.027512500000   0.0025125000000
-1.3403869992e-08 -7.9203279910e-11  9.1303853479e-06      0.0000000000 -1.2260366332e-08 -1.4081341951e-08    0.027520833333   0.0025208333333
-1.3184695040e-08 -7.9928641135e-11  9.1307252376e-06      0.0000000000 -1.2030718920e-08 -1.2311855240e-08    0.027529166667   0.0025291666667
-1.2923963028e-08 -7.7807104602e-11  9.1310653438e-06      0.0000000000 -1.1800616760e-08 -1.1146263688e-08    0.027537500000   0.0025375000000
-1.2733029235e-08 -8.0520050093e-11  9.1313853369e-06      0.0000000000 -1.1570514601e-08 -1.1135037936e-08    0.027545833333   0.0025458333333
-1.2643813641e-08 -9.0278373067e-11  9.1317252475e-06      0.0000000000 -1.1340412441e-08 -1.2060832327e-08    0.027554166667   0.0025541666667
-1.2384540734e-08 -8.8257899589e-11  9.1320653328e-06      0.0000000000 -1.1110310281e-08 -1.3056496805e-08    0.027562500000   0.0025625000000
-1.2115357611e-08 -8.5551007909e-11  9.1323853399e-06      0.0000000000 -1.0880208122e-08 -1.1594696329e-08    0.027570833333   0.0025708333333
-1.1779477235e-08 -7.8224418643e-11  9.1327252470e-06      0.0000000000 -1.0650105962e-08 -1.0997388831e-08    0.027579166667   0.0025791666667
-1.1701752534e-08 -8.8778643255e-11  9.1330653427e-06      0.0000000000 -1.0420003803e-08 -1.1127333989e-08    0.027587500000   0.0025875000000
-1.1723678808e-08 -1.0623506189e-10  9.1333853428e-06      0.0000000000 -1.0189901643e-08 -1.0533972799e-08    0.027595833333   0.0025958333333
-1.1568373811e-08 -1.1141578918e-10  9.1337252395e-06      0.0000000000 -9.9597994837e-09 -9.1907030594e-09    0.027604166667   0.0026041666667
-1.1152571589e-08 -9.8585015563e-11  9.1340653457e-06      0.0000000000 -9.7292425768e-09 -9.0026481259e-09    0.027612500000   0.0026125000000
-1.0992828089e-08 -1.0345831573e-10  9.1343853388e-06      0.0000000000 -9.4991404173e-09 -9.2889205303e-09    0.027620833333   0.0026208333333
-1.0921001264e-08 -1.1442104902e-10  9.1347252424e-06      0.0000000000 -9.2690382577e-09 -8.9612197545e-09    0.027629166667   0.0026291666667
-1.0872612117e-08 -1.2703865982e-10  9.1350653416e-06      0.0000000000 -9.0384813508e-09 -7.9531817927e-09    0.027637500000   0.0026375000000
-1.0510405314e-08 -1.1788860507e-10  9.1353853417e-06      0.0000000000 -8.8083791913e-09 -7.0433298571e-09    0.027645833333   0.0026458333333
-1.0306247460e-08 -1.1971710081e-10  9.1357252419e-06      0.0000000000 -8.5778222844e-09 -6.9870281501e-09    0.027654166667   0.0026541666667
-1.0161004247e-08 -1.2562624182e-10  9.1360653376e-06      0.0000000000 -8.3472653775e-09 -8.8969939872e-09    0.027662500000   0.0026625000000
-9.9405217554e-09 -1.2629253551e-10  9.1363853447e-06      0.0000000000 -8.1171632179e-09 -7.1489211064e-09    0.027670833333   0.0026708333333
-9.5723260362e-09 -1.1675916386e-10  9.1367252448e-06      0.0000000000 -7.8866063110e-09 -7.4776438344e-09    0.027679166667   0.0026791666667
-9.4499435741e-09 -1.2425172478e-10  9.1370653406e-06      0.0000000000 -7.6560494041e-09 -7.4107295466e-09    0.027687500000   0.0026875000000
-9.2777054321e-09 -1.2829109747e-10  9.1373853407e-06      0.0000000000 -7.4254924973e-09 -7.4503498486e-09    0.027695833333   0.0026958333333
-9.0548519271e-09 -1.2879316601e-10  9.1377252443e-06      0.0000000000 -7.1953903377e-09 -7.7942131920e-09    0.027704166667   0.0027041666667
-8.6819742974e-09 -1.1893550797e-10  9.1380653435e-06      0.0000000000 -6.9648334308e-09 -8.2037015913e-09    0.027712500000   0.0027125000000
-8.4068629094e-09 -1.1584950033e-10  9.1383853366e-06      0.0000000000 -6.7342765239e-09 -5.8528970049e-09    0.027720833333   0.0027208333333
-8.1648268154e-09 -1.1505440950e-10  9.1387252473e-06      0.0000000000 -6.5037196170e-09 -5.8182921300e-09    0.027729166667   0.0027291666667
-8.0985017011e-09 -1.2642970902e-10  9.1390653395e-06      0.0000000000 -6.2731627101e-09 -5.9395271097e-09    0.027737500000   0.0027375000000
-7.6883232932e-09 -1.1401995903e-10  9.1393853396e-06      0.0000000000 -6.0421510559e-09 -5.4818182874e-09    0.027745833333   0.0027458333333
-7.2252191599e-09 -9.7912880670e-11  9.1397252397e-06      0.0000000000 -5.8115941490e-09 -4.8588990945e-09    0.027754166667   0.0027541666667
-7.0248305070e-09 -1.0000244518e-10  9.1400653425e-06      0.0000000000 -5.5810372421e-09 -5.8076166597e-09    0.027762500000   0.0027625000000
-7.1053978950e-09 -1.2155206104e-10  9.1403853495e-06      0.0000000000 -5.3504803352e-09 -5.6119049456e-09    0.027770833333   0.0027708333333
-6.9587867582e-09 -1.2739795209e-10  9.1407252392e-06      0.0000000000 -5.1194686809e-09 -5.7297124548e-09    0.027779166667   0.0027791666667
-6.5722291756e-09 -1.1659277007e-10  9.1410653454e-06      0.0000000000 -4.8889117740e-09 -5.0656164481e-09    0.027787500000   0.0027875000000
-6.1883162773e-09 -1.0600226612e-10  9.1413853385e-06      0.0000000000 -4.6579001198e-09 -4.6304534643e-09    0.027795833333   0.0027958333333
-6.0084782802e-09 -1.0951524483e-10  9.1417252492e-06      0.0000000000 -4.4273432129e-09 -4.2712136703e-09    0.027804166667   0.0028041666667
-5.7897582947e-09 -1.1036661113e-10  9.1420653344e-06      0.0000000000 -4.1963315586e-09 -3.1101658754e-09    0.027812500000   0.0028125000000
-5.5792162845e-09 -1.1175291667e-10  9.1423853415e-06      0.0000000000 -3.9657746517e-09 -4.1199175725e-09    0.027820833333   0.0028208333333
-5.4512098837e-09 -1.1888744033e-10  9.1427252486e-06      0.0000000000 -3.7347629975e-09 -4.4486403005e-09    0.027829166667   0.0028291666667
-5.1522949148e-09 -1.1418420638e-10  9.1430653374e-06      0.0000000000 -3.5037513432e-09 -3.8731082467e-09    0.027837500000   0.0028375000000
-4.7589887336e-09 -1.0291159154e-10  9.1433853445e-06      0.0000000000 -3.2731944363e-09 -2.5451677908e-09    0.027845833333   0.0028458333333
-4.6011295761e-09 -1.0797840320e-10  9.1437252411e-06      0.0000000000 -3.0421827821e-09 -1.2892199392e-09    0.027854166667   0.0028541666667
-4.4453373741e-09 -1.1318837982e-10  9.1440653473e-06      0.0000000000 -2.8111711278e-09 -2.2966290073e-09    0.027862500000   0.0028625000000
-4.1774304766e-09 -1.1063287923e-10  9.1443853404e-06      0.0000000000 -2.5801594736e-09 -3.5322793153e-09    0.027870833333   0.0028708333333
-4.0239489041e-09 -1.1600289856e-10  9.1447252441e-06      0.0000000000 -2.3491478193e-09 -2.0326037169e-09    0.027879166667   0.0028791666667
-3.7423011351e-09 -1.1249565455e-10  9.1450653433e-06      0.0000000000 -2.1181361651e-09 -2.1778309906e-09    0.027887500000   0.0028875000000
-3.4267880015e-09 -1.0664277051e-10  9.1453853434e-06      0.0000000000 -1.8871245108e-09 -1.9856725259e-09    0.027895833333   0.0028958333333
-3.2906342803e-09 -1.1321298072e-10  9.1457252435e-06      0.0000000000 -1.6561128566e-09 -1.0513251813e-09    0.027904166667   0.0029041666667
-3.2407247182e-09 -1.2578827687e-10  9.1460653392e-06      0.0000000000 -1.4246464550e-09 -9.1004421547e-10    0.027912500000   0.0029125000000
-3.1999050393e-09 -1.3896167437e-10  9.1463853463e-06      0.0000000000 -1.1936348007e-09  2.4240239717e-11    0.027920833333   0.0029208333333
-2.9561964288e-09 -1.3808223637e-10  9.1467252465e-06      0.0000000000 -9.6262314645e-10 -1.2187838467e-09    0.027929166667   0.0029291666667
-2.7282043390e-09 -1.3832288001e-10  9.1470653422e-06      0.0000000000 -7.3115674485e-10 -1.7615033726e-09    0.027937500000   0.0029375000000
-2.6841014713e-09 -1.5126887175e-10  9.1473853423e-06      0.0000000000 -5.0014509060e-10 -1.2359683666e-09    0.027945833333   0.0029458333333
-2.5774964485e-09 -1.5988573376e-10  9.1477252459e-06      0.0000000000 -2.6913343635e-10 -2.1684721469e-11    0.027954166667   0.0029541666667
-2.4389407915e-09 -1.6632107452e-10  9.1480653452e-06      0.0000000000 -3.7667034749e-11  5.0622435823e-10    0.027962500000   0.0029625000000
-2.1923746205e-09 -1.6524371134e-10  9.1483853383e-06      0.0000000000  1.9334461950e-10  1.5982971773e-10    0.027970833333   0.0029708333333
-1.7907382392e-09 -1.5345711108e-10  9.1487252489e-06      0.0000000000  4.2481102110e-10  4.9907069258e-10    0.027979166667   0.0029791666667
-1.8329404492e-09 -1.7241240821e-10  9.1490653411e-06      0.0000000000  6.5627742270e-10  3.3312137203e-10    0.027987500000   0.0029875000000
-1.8112727044e-09 -1.8691233928e-10  9.1493853412e-06      0.0000000000  8.8728907695e-10  8.6997646436e-10    0.027995833333   0.0029958333333
-1.7588702915e-09 -1.9931497140e-10  9.1497252414e-06      0.0000000000  1.1187554786e-09  1.7531947525e-09    0.028004166667   0.0030041666667
-1.4190066461e-09 -1.9180697860e-10  9.1500653441e-06      0.0000000000  1.3502218802e-09  7.9274832012e-10    0.028012500000   0.0030125000000
-1.1615874278e-09 -1.9000939083e-10  9.1503853512e-06      0.0000000000  1.5816882818e-09 -6.5395870783e-10    0.028020833333   0.0030208333333
-1.0577483920e-09 -1.9884933277e-10  9.1507252409e-06      0.0000000000  1.8131546834e-09  2.1114125942e-09    0.028029166667   0.0030291666667
-8.8751616273e-10 -2.0309063734e-10  9.1510653471e-06      0.0000000000  2.0446210850e-09  2.6197788027e-09    0.028037500000   0.0030375000000
-5.6771635915e-10 -1.9697234021e-10  9.1513853402e-06      0.0000000000  2.2760874866e-09  2.3089481000e-09    0.028045833333   0.0030458333333
-5.0741003288e-10 -2.0882751814e-10  9.1517252508e-06      0.0000000000  2.5075538882e-09  2.4914058797e-09    0.028054166667   0.0030541666667
-3.4289319179e-10 -2.1346469156e-10  9.1520653360e-06      0.0000000000  2.7390202898e-09  3.9570897746e-09    0.028062500000   0.0030625000000
-6.0849791086e-11 -2.0996154211e-10  9.1523853431e-06      0.0000000000  2.9704866914e-09  3.3543580689e-09    0.028070833333   0.0030708333333
 2.9050501485e-10 -2.0165762917e-10  9.1527252503e-06      0.0000000000  3.2019530930e-09  2.7207948505e-09    0.028079166667   0.0030791666667
 6.5690823180e-10 -1.9234290527e-10  9.1530653390e-06      0.0000000000  3.4338742419e-09  3.8592024728e-09    0.028087500000   0.0030875000000
 9.0830827077e-10 -1.9096222804e-10  9.1533853461e-06      0.0000000000  3.6653406435e-09  4.1700331756e-09    0.028095833333   0.0030958333333
 8.5491869143e-10 -2.1069240362e-10  9.1537252393e-06      0.0000000000  3.8968070451e-09  3.6769176389e-09    0.028104166667   0.0031041666667
 1.1292104035e-09 -2.0775766219e-10  9.1540653489e-06      0.0000000000  4.1287281941e-09  4.7557847517e-09    0.028112500000   0.0031125000000
 1.6115280478e-09 -1.9038278016e-10  9.1543853421e-06      0.0000000000  4.3601945957e-09  3.6406304734e-09    0.028120833333   0.0031208333333
 2.1688424890e-09 -1.6784484093e-10  9.1547252457e-06      0.0000000000  4.5921157446e-09  3.5345675538e-09    0.028129166667   0.0031291666667
 2.2915294006e-09 -1.7537930951e-10  9.1550653449e-06      0.0000000000  4.8235821462e-09  4.5315527091e-09    0.028137500000   0.0031375000000
 2.5236865905e-09 -1.7536296044e-10  9.1553853450e-06      0.0000000000  5.0555032952e-09  5.7633667656e-09    0.028145833333   0.0031458333333
 2.6481064027e-09 -1.8280889941e-10  9.1557252452e-06      0.0000000000  5.2874244441e-09  6.6620401160e-09    0.028154166667   0.0031541666667
 3.0904179331e-09 -1.6820498835e-10  9.1560653409e-06      0.0000000000  5.5188908457e-09  6.2173336706e-09    0.028162500000   0.0031625000000
 3.4741490014e-09 -1.5769007357e-10  9.1563853480e-06      0.0000000000  5.7508119947e-09  5.8558455817e-09    0.028170833333   0.0031708333333
 3.6478166441e-09 -1.6172492621e-10  9.1567252411e-06      0.0000000000  5.9827331436e-09  6.2068311461e-09    0.028179166667   0.0031791666667
 3.8624028429e-09 -1.6292560878e-10  9.1570653438e-06      0.0000000000  6.2146542926e-09  6.4868146137e-09    0.028187500000   0.0031875000000
 4.0929184384e-09 -1.6302296259e-10  9.1573853440e-06      0.0000000000  6.4465754415e-09  6.8088710686e-09    0.028195833333   0.0031958333333
 4.3882465515e-09 -1.5863116246e-10  9.1577252476e-06      0.0000000000  6.6784965905e-09  7.2196486999e-09    0.028204166667   0.0032041666667
 4.7876032254e-09 -1.4703396062e-10  9.1580653468e-06      0.0000000000  6.9104177394e-09  7.4077036334e-09    0.028212500000   0.0032125000000
 4.9754373678e-09 -1.5008758926e-10  9.1583853399e-06      0.0000000000  7.1423388884e-09  7.0462155445e-09    0.028220833333   0.0032208333333
 5.1953130593e-09 -1.5092190205e-10  9.1587252505e-06      0.0000000000  7.3742600373e-09  7.6433343740e-09    0.028229166667   0.0032291666667
 5.4731308327e-09 -1.4774293261e-10  9.1590653428e-06      0.0000000000  7.6061811863e-09  8.0030772829e-09    0.028237500000   0.0032375000000
 5.6981744470e-09 -1.4821929602e-10  9.1593853429e-06      0.0000000000  7.8381023353e-09  8.2121215431e-09    0.028245833333   0.0032458333333
 6.1205440967e-09 -1.3505962810e-10  9.1597252430e-06      0.0000000000  8.0704782316e-09  8.3916392449e-09    0.028254166667   0.0032541666667
 6.3582948376e-09 -1.3465584907e-10  9.1600653457e-06      0.0000000000  8.3023993805e-09  8.4624841182e-09    0.028262500000   0.0032625000000
 6.4443501303e-09 -1.4475905612e-10  9.1603853528e-06      0.0000000000  8.5343205295e-09  9.1104961690e-09    0.028270833333   0.0032708333333
 6.6761123468e-09 -1.4480156184e-10  9.1607252425e-06      0.0000000000  8.7666964258e-09  8.6880525599e-09    0.028279166667   0.0032791666667
 7.0152772278e-09 -1.3737346553e-10  9.1610653487e-06      0.0000000000  8.9986175747e-09  8.6245814650e-09    0.028287500000   0.0032875000000
 7.1116383697e-09 -1.4679434894e-10  9.1613853418e-06      0.0000000000  9.2309934710e-09  8.8336257251e-09    0.028295833333   0.0032958333333
 7.1660168229e-09 -1.5909161069e-10  9.1617252524e-06      0.0000000000  9.4629146200e-09  9.2957525256e-09    0.028304166667   0.0033041666667
 7.4664222111e-09 -1.5437963725e-10  9.1620653377e-06      0.0000000000  9.6952905163e-09  9.8940976978e-09    0.028312500000   0.0033125000000
 7.6333719100e-09 -1.5891129692e-10  9.1623853448e-06      0.0000000000  9.9276664126e-09  9.1255896174e-09    0.028320833333   0.0033208333333
 7.7920829823e-09 -1.6398209677e-10  9.1627252484e-06      0.0000000000  1.0159587562e-08  9.9688417120e-09    0.028329166667   0.0033291666667
 7.7856924481e-09 -1.8051994014e-10  9.1630653406e-06      0.0000000000  1.0391963458e-08  1.0926238010e-08    0.028337500000   0.0033375000000
 8.0987440443e-09 -1.7493204370e-10  9.1633853477e-06      0.0000000000  1.0624339354e-08  1.1033590162e-08    0.028345833333   0.0033458333333
 8.4351426711e-09 -1.6772704583e-10  9.1637252409e-06      0.0000000000  1.0856715250e-08  1.1062110490e-08    0.028354166667   0.0033541666667
 8.6734106136e-09 -1.6731894097e-10  9.1640653506e-06      0.0000000000  1.1089091147e-08  1.3043345704e-08    0.028362500000   0.0033625000000
 8.6253114527e-09 -1.8674567763e-10  9.1643853437e-06      0.0000000000  1.1321467043e-08  1.1431113859e-08    0.028370833333   0.0033708333333
 8.7172950096e-09 -1.9646976872e-10  9.1647252473e-06      0.0000000000  1.1553842939e-08  1.0938234157e-08    0.028379166667   0.0033791666667
 9.1447110122e-09 -1.8296057179e-10  9.1650653466e-06      0.0000000000  1.1786218836e-08  1.1297222394e-08    0.028387500000   0.0033875000000
 9.5102936276e-09 -1.7373418326e-10  9.1653853467e-06      0.0000000000  1.2018594732e-08  1.1687105032e-08    0.028395833333   0.0033958333333
 9.7159119044e-09 -1.7558751464e-10  9.1657252433e-06      0.0000000000  1.2250970628e-08  1.2011346893e-08    0.028404166667   0.0034041666667
 9.8370794500e-09 -1.8329021507e-10  9.1660653425e-06      0.0000000000  1.2483346525e-08  1.2621232264e-08    0.028412500000   0.0034125000000
 1.0083281961e-08 -1.8236403024e-10  9.1663853496e-06      0.0000000000  1.2716177168e-08  1.1385833513e-08    0.028420833333   0.0034208333333
 1.0362832902e-08 -1.7909651268e-10  9.1667252498e-06      0.0000000000  1.2948553065e-08  1.2463285615e-08    0.028429166667   0.0034291666667
 1.0358083962e-08 -1.9552065318e-10  9.1670653455e-06      0.0000000000  1.3180928961e-08  1.2894392235e-08    0.028437500000   0.0034375000000
 1.0477883708e-08 -2.0334958993e-10  9.1673853456e-06      0.0000000000  1.3413759604e-08  1.2956558376e-08    0.028445833333   0.0034458333333
 1.0849242363e-08 -1.9372313161e-10  9.1677252457e-06      0.0000000000  1.3646135501e-08  1.3238444247e-08    0.028454166667   0.0034541666667
 1.1129614297e-08 -1.9043024654e-10  9.1680653484e-06      0.0000000000  1.3878966144e-08  1.4293837903e-08    0.028462500000   0.0034625000000
 1.1320640713e-08 -1.9329426401e-10  9.1683853416e-06      0.0000000000  1.4111342041e-08  1.3962285153e-08    0.028470833333   0.0034708333333
 1.1600708589e-08 -1.9002243915e-10  9.1687252522e-06      0.0000000000  1.4344172684e-08  1.4406991599e-08    0.028479166667   0.0034791666667
 1.1789607131e-08 -1.9303384101e-10  9.1690653444e-06      0.0000000000  1.4576548581e-08  1.4092246033e-08    0.028487500000   0.0034875000000
 1.2368506097e-08 -1.6906387295e-10  9.1693853445e-06      0.0000000000  1.4809379224e-08  1.4708153061e-08    0.028495833333   0.0034958333333
 1.2519496135e-08 -1.7473245503e-10  9.1697252447e-06      0.0000000000  1.5042209868e-08  1.6009208312e-08    0.028504166667   0.0035041666667
 1.2619596749e-08 -1.8392582632e-10  9.1700653474e-06      0.0000000000  1.5275040512e-08  1.5423834072e-08    0.028512500000   0.0035125000000
 1.2899816458e-08 -1.8061198743e-10  9.1703853545e-06      0.0000000000  1.5507416408e-08  1.5333524939e-08    0.028520833333   0.0035208333333
 1.3353163916e-08 -1.6533817980e-10  9.1707252406e-06      0.0000000000  1.5740247052e-08  1.6340729617e-08    0.028529166667   0.0035291666667
 1.3557475311e-08 -1.6731352807e-10  9.1710653503e-06      0.0000000000  1.5973077695e-08  1.6911827970e-08    0.028537500000   0.0035375000000
 1.3851284058e-08 -1.6308995979e-10  9.1713853435e-06      0.0000000000  1.6205908339e-08  1.6827115991e-08    0.028545833333   0.0035458333333
 1.4290890644e-08 -1.4876789558e-10  9.1717252541e-06      0.0000000000  1.6438738983e-08  1.6463049438e-08    0.028554166667   0.0035541666667
 1.4533566827e-08 -1.4808595727e-10  9.1720653393e-06      0.0000000000  1.6671569626e-08  1.6674577828e-08    0.028562500000   0.0035625000000
 1.4579494827e-08 -1.6103152352e-10  9.1723853464e-06      0.0000000000  1.6904400270e-08  1.7759293653e-08    0.028570833333   0.0035708333333
 1.4927506843e-08 -1.5308513447e-10  9.1727252501e-06      0.0000000000  1.7137685661e-08  1.7231384573e-08    0.028579166667   0.0035791666667
 1.5235968369e-08 -1.4784666067e-10  9.1730653423e-06      0.0000000000  1.7370516305e-08  1.6751805973e-08    0.028587500000   0.0035875000000
 1.5494756436e-08 -1.4604875377e-10  9.1733853494e-06      0.0000000000  1.7603346948e-08  1.7056882298e-08    0.028595833333   0.0035958333333
 1.5503839674e-08 -1.6154632412e-10  9.1737252425e-06      0.0000000000  1.7836177592e-08  1.7716843329e-08    0.028604166667   0.0036041666667
 1.5900613241e-08 -1.5022253026e-10  9.1740653522e-06      0.0000000000  1.8069462983e-08  1.7096439711e-08    0.028612500000   0.0036125000000
 1.6181836431e-08 -1.4687068403e-10  9.1743853453e-06      0.0000000000  1.8302293627e-08  1.8181155535e-08    0.028620833333   0.0036208333333
 1.6350063406e-08 -1.5137686982e-10  9.1747252490e-06      0.0000000000  1.8535579018e-08  1.8543869966e-08    0.028629166667   0.0036291666667
 1.6558691735e-08 -1.5305321136e-10  9.1750653482e-06      0.0000000000  1.8768409661e-08  1.8554120934e-08    0.028637500000   0.0036375000000
 1.6654871047e-08 -1.6254968394e-10  9.1753853483e-06      0.0000000000  1.9001695052e-08  1.8390262684e-08    0.028645833333   0.0036458333333
 1.6812062753e-08 -1.6778871565e-10  9.1757252450e-06      0.0000000000  1.9234525696e-08  1.8569009991e-08    0.028654166667   0.0036541666667
 1.7010385625e-08 -1.7021034868e-10  9.1760653442e-06      0.0000000000  1.9467811087e-08  1.9823574277e-08    0.028662500000   0.0036625000000
 1.7160828465e-08 -1.7591683171e-10  9.1763853513e-06      0.0000000000  1.9700641730e-08  1.8723765004e-08    0.028670833333   0.0036708333333
 1.7288623698e-08 -1.8322346904e-10  9.1767252444e-06      0.0000000000  1.9933927121e-08  1.9812961696e-08    0.028679166667   0.0036791666667
 1.7666184412e-08 -1.7323042820e-10  9.1770653471e-06      0.0000000000  2.0167212512e-08  2.0972374367e-08    0.028687500000   0.0036875000000
 1.7746494978e-08 -1.8382602861e-10  9.1773853472e-06      0.0000000000  2.0400497903e-08  2.1091046605e-08    0.028695833333   0.0036958333333
 1.7734511551e-08 -2.0081425130e-10  9.1777252474e-06      0.0000000000  2.0633783294e-08  2.0290071889e-08    0.028704166667   0.0037041666667
 1.7944872781e-08 -2.0240206323e-10  9.1780653501e-06      0.0000000000  2.0867068686e-08  1.9763200483e-08    0.028712500000   0.0037125000000
 1.8463032756e-08 -1.8263910166e-10  9.1783853432e-06      0.0000000000  2.1099899329e-08  2.1194562505e-08    0.028720833333   0.0037208333333
 1.8952830003e-08 -1.6487214473e-10  9.1787252538e-06      0.0000000000  2.1333184720e-08  2.1428353732e-08    0.028729166667   0.0037291666667
 1.8956806628e-08 -1.8078641287e-10  9.1790653461e-06      0.0000000000  2.1566924859e-08  2.1213397871e-08    0.028737500000   0.0037375000000
 1.9046419562e-08 -1.9073769697e-10  9.1793853462e-06      0.0000000000  2.1800210250e-08  2.1026993784e-08    0.028745833333   0.0037458333333
 1.9394310008e-08 -1.8279972831e-10  9.1797252463e-06      0.0000000000  2.2033495641e-08  2.1620983867e-08    0.028754166667   0.0037541666667
 1.9666139915e-08 -1.8012999298e-10  9.1800653490e-06      0.0000000000  2.2266781032e-08  2.3801201042e-08    0.028762500000   0.0037625000000
 1.9689541877e-08 -1.9466729315e-10  9.1803853561e-06      0.0000000000  2.2500066423e-08  2.2460399710e-08    0.028770833333   0.0037708333333
 1.9835820276e-08 -2.0069371824e-10  9.1807252423e-06      0.0000000000  2.2733351814e-08  2.2787896096e-08    0.028779166667   0.0037791666667
 2.0149936663e-08 -1.9512656288e-10  9.1810653520e-06      0.0000000000  2.2967091952e-08  2.3277678496e-08    0.028787500000   0.0037875000000
 2.0463353628e-08 -1.8957635465e-10  9.1813853451e-06      0.0000000000  2.3200377343e-08  2.4283373829e-08    0.028795833333   0.0037958333333
 2.0773396488e-08 -1.8429134676e-10  9.1817252522e-06      0.0000000000  2.3434117481e-08  2.5248772799e-08    0.028804166667   0.0038041666667
 2.1109248575e-08 -1.7718719920e-10  9.1820653410e-06      0.0000000000  2.3667402872e-08  2.4147847240e-08    0.028812500000   0.0038125000000
 2.1268811954e-08 -1.8232495510e-10  9.1823853481e-06      0.0000000000  2.3901143011e-08  2.4298530166e-08    0.028820833333   0.0038208333333
 2.1517902680e-08 -1.8123021930e-10  9.1827252517e-06      0.0000000000  2.4134428402e-08  2.4907189195e-08    0.028829166667   0.0038291666667
 2.1881875014e-08 -1.7220985720e-10  9.1830653439e-06      0.0000000000  2.4368168540e-08  2.4610995993e-08    0.028837500000   0.0038375000000
 2.2144402554e-08 -1.7018443818e-10  9.1833853510e-06      0.0000000000  2.4601453931e-08  2.4509303884e-08    0.028845833333   0.0038458333333
 2.2369872846e-08 -1.7075723822e-10  9.1837252442e-06      0.0000000000  2.4835194069e-08  2.5051142959e-08    0.028854166667   0.0038541666667
 2.2446566169e-08 -1.8163487972e-10  9.1840653539e-06      0.0000000000  2.5068934208e-08  2.5895417006e-08    0.028862500000   0.0038625000000
 2.2814155747e-08 -1.7233247652e-10  9.1843853470e-06      0.0000000000  2.5302219599e-08  2.5458461675e-08    0.028870833333   0.0038708333333
 2.2900333659e-08 -1.8255318041e-10  9.1847252471e-06      0.0000000000  2.5535959737e-08  2.5985144412e-08    0.028879166667   0.0038791666667
 2.3241627731e-08 -1.7510359840e-10  9.1850653498e-06      0.0000000000  2.5769699875e-08  2.5882178794e-08    0.028887500000   0.0038875000000
 2.3656732630e-08 -1.6254160633e-10  9.1853853499e-06      0.0000000000  2.6003440014e-08  2.5723980588e-08    0.028895833333   0.0038958333333
 2.3849066977e-08 -1.6540952412e-10  9.1857252466e-06      0.0000000000  2.6237180152e-08  2.5794322346e-08    0.028904166667   0.0039041666667
 2.3933177934e-08 -1.7577339296e-10  9.1860653458e-06      0.0000000000  2.6470920290e-08  2.6076286829e-08    0.028912500000   0.0039125000000
 2.4152933105e-08 -1.7674204334e-10  9.1863853529e-06      0.0000000000  2.6704660429e-08  2.5820201321e-08    0.028920833333   0.0039208333333
 2.4424246469e-08 -1.7413958318e-10  9.1867252461e-06      0.0000000000  2.6938400567e-08  2.7049877139e-08    0.028929166667   0.0039291666667
 2.4828285836e-08 -1.6234403068e-10  9.1870653488e-06      0.0000000000  2.7172140706e-08  2.7458595144e-08    0.028937500000   0.0039375000000
 2.5221502810e-08 -1.5129807699e-10  9.1873853489e-06      0.0000000000  2.7405880844e-08  2.7419069176e-08    0.028945833333   0.0039458333333
 2.5380732134e-08 -1.5649046823e-10  9.1877252490e-06      0.0000000000  2.7640075730e-08  2.7560507365e-08    0.028954166667   0.0039541666667
 2.5626995955e-08 -1.5562303182e-10  9.1880653517e-06      0.0000000000  2.7873815868e-08  2.8486962094e-08    0.028962500000   0.0039625000000
 2.6018024136e-08 -1.4472868196e-10  9.1883853449e-06      0.0000000000  2.8107556006e-08  2.8667580360e-08    0.028970833333   0.0039708333333
 2.6215617980e-08 -1.4726380512e-10  9.1887252555e-06      0.0000000000  2.8341750892e-08  2.7553888259e-08    0.028979166667   0.0039791666667
 2.6535145697e-08 -1.4132184110e-10  9.1890653477e-06      0.0000000000  2.8575491030e-08  2.7650753609e-08    0.028987500000   0.0039875000000
 2.6818923048e-08 -1.3785607926e-10  9.1893853478e-06      0.0000000000  2.8809231169e-08  2.8119688183e-08    0.028995833333   0.0039958333333
 2.7092820569e-08 -1.3510612833e-10  9.1897252445e-06      0.0000000000  2.9043426054e-08  2.8536550361e-08    0.029004166667   0.0040041666667
 2.7209550928e-08 -1.4324215457e-10  9.1900653507e-06      0.0000000000  2.9277620940e-08  2.8712860705e-08    0.029012500000   0.0040125000000
 2.7349415174e-08 -1.4974434501e-10  9.1903853508e-06      0.0000000000  2.9511361079e-08  2.9586771366e-08    0.029020833333   0.0040208333333
 2.7726794058e-08 -1.3982689334e-10  9.1907252439e-06      0.0000000000  2.9745555964e-08  2.8894705313e-08    0.029029166667   0.0040291666667
 2.8039451339e-08 -1.3436080103e-10  9.1910653536e-06      0.0000000000  2.9979296103e-08  2.8980297743e-08    0.029037500000   0.0040375000000
 2.8087295387e-08 -1.4726814721e-10  9.1913853467e-06      0.0000000000  3.0213490988e-08  2.9065009722e-08    0.029045833333   0.0040458333333
 2.8110758659e-08 -1.6186419579e-10  9.1917252539e-06      0.0000000000  3.0447685874e-08  2.9344946023e-08    0.029054166667   0.0040541666667
 2.8401862729e-08 -1.5792245586e-10  9.1920653426e-06      0.0000000000  3.0681880760e-08  3.0822170117e-08    0.029062500000   0.0040625000000
 2.8657185778e-08 -1.5642754389e-10  9.1923853497e-06      0.0000000000  3.0915620898e-08  3.1168564757e-08    0.029070833333   0.0040708333333
 2.8778293454e-08 -1.6426038097e-10  9.1927252533e-06      0.0000000000  3.1149815784e-08  3.0933562911e-08    0.029079166667   0.0040791666667
 2.8970111525e-08 -1.6719555542e-10  9.1930653456e-06      0.0000000000  3.1384010669e-08  3.0170384704e-08    0.029087500000   0.0040875000000
 2.9160774281e-08 -1.7021075123e-10  9.1933853527e-06      0.0000000000  3.1618205555e-08  3.0419049266e-08    0.029095833333   0.0040958333333
 2.9265344444e-08 -1.7918903747e-10  9.1937252458e-06      0.0000000000  3.1852400441e-08  3.1271876267e-08    0.029104166667   0.0041041666667
 2.9509267906e-08 -1.7851520041e-10  9.1940653555e-06      0.0000000000  3.2086595327e-08  3.0370121338e-08    0.029112500000   0.0041125000000
 2.9996512042e-08 -1.6098807631e-10  9.1943853416e-06      0.0000000000  3.2320790212e-08  3.1710922669e-08    0.029120833333   0.0041208333333
 3.0277675631e-08 -1.5776634824e-10  9.1947252488e-06      0.0000000000  3.2555439845e-08  3.2507212128e-08    0.029129166667   0.0041291666667
 3.0273231799e-08 -1.7429534574e-10  9.1950653515e-06      0.0000000000  3.2789634731e-08  3.3046189737e-08    0.029137500000   0.0041375000000
 3.0226410572e-08 -1.9375955786e-10  9.1953853516e-06      0.0000000000  3.3023829617e-08  3.3029209607e-08    0.029145833333   0.0041458333333
 3.0608106122e-08 -1.8354311796e-10  9.1957252482e-06      0.0000000000  3.3258024502e-08  3.2937375407e-08    0.029154166667   0.0041541666667
 3.1130219371e-08 -1.6363232800e-10  9.1960653475e-06      0.0000000000  3.3492674136e-08  3.3805138633e-08    0.029162500000   0.0041625000000
 3.1306107778e-08 -1.6767084971e-10  9.1963853545e-06      0.0000000000  3.3726869021e-08  3.3021788662e-08    0.029170833333   0.0041708333333
 3.1540181674e-08 -1.6767922992e-10  9.1967252442e-06      0.0000000000  3.3961063907e-08  3.3560215988e-08    0.029179166667   0.0041791666667
 3.1803348376e-08 -1.6570403256e-10  9.1970653504e-06      0.0000000000  3.4195713540e-08  3.4712883775e-08    0.029187500000   0.0041875000000
 3.2089770802e-08 -1.6208656050e-10  9.1973853505e-06      0.0000000000  3.4429908426e-08  3.5385108233e-08    0.029195833333   0.0041958333333
 3.2352086248e-08 -1.6017032430e-10  9.1977252507e-06      0.0000000000  3.4664558059e-08  3.5305961963e-08    0.029204166667   0.0042041666667
 3.2500554098e-08 -1.6610809491e-10  9.1980653534e-06      0.0000000000  3.4898752944e-08  3.4603582053e-08    0.029212500000   0.0042125000000
 3.2598649457e-08 -1.7556634742e-10  9.1983853465e-06      0.0000000000  3.5133402578e-08  3.6320964922e-08    0.029220833333   0.0042208333333
 3.2808920430e-08 -1.7725490329e-10  9.1987252536e-06      0.0000000000  3.5368052211e-08  3.6003971061e-08    0.029229166667   0.0042291666667
 3.3233783981e-08 -1.6404848855e-10  9.1990653493e-06      0.0000000000  3.5602247096e-08  3.5264549314e-08    0.029237500000   0.0042375000000
 3.3492208388e-08 -1.6240176000e-10  9.1993853495e-06      0.0000000000  3.5836896729e-08  3.5332375497e-08    0.029245833333   0.0042458333333
 3.3752152820e-08 -1.6064974895e-10  9.1997252461e-06      0.0000000000  3.6071546362e-08  3.6412484675e-08    0.029254166667   0.0042541666667
 3.3906183957e-08 -1.6623368324e-10  9.2000653523e-06      0.0000000000  3.6306195995e-08  3.7526176776e-08    0.029262500000   0.0042625000000
 3.4250518469e-08 -1.5863650409e-10  9.2003853524e-06      0.0000000000  3.6540845629e-08  3.7029099209e-08    0.029270833333   0.0042708333333
 3.4534843677e-08 -1.5519579064e-10  9.2007252456e-06      0.0000000000  3.6775495262e-08  3.7321377548e-08    0.029279166667   0.0042791666667
 3.4801384483e-08 -1.5295539294e-10  9.2010653553e-06      0.0000000000  3.7009690147e-08  3.7292794330e-08    0.029287500000   0.0042875000000
 3.4984842748e-08 -1.5650109581e-10  9.2013853484e-06      0.0000000000  3.7244339780e-08  3.7462312622e-08    0.029295833333   0.0042958333333
 3.5178910921e-08 -1.5934341483e-10  9.2017252555e-06      0.0000000000  3.7479444161e-08  3.7770077468e-08    0.029304166667   0.0043041666667
 3.5400916195e-08 -1.6021920980e-10  9.2020653442e-06      0.0000000000  3.7714093794e-08  3.7466054540e-08    0.029312500000   0.0043125000000
 3.5541145809e-08 -1.6675908845e-10  9.2023853513e-06      0.0000000000  3.7948743427e-08  3.7842636077e-08    0.029320833333   0.0043208333333
 3.5883291529e-08 -1.5931351313e-10  9.2027252550e-06      0.0000000000  3.8183393060e-08  3.8064682714e-08    0.029329166667   0.0043291666667
 3.6409295815e-08 -1.3913321552e-10  9.2030653472e-06      0.0000000000  3.8418042693e-08  3.8919742287e-08    0.029337500000   0.0043375000000
 3.6602056449e-08 -1.4203460208e-10  9.2033853543e-06      0.0000000000  3.8652692326e-08  3.9072280450e-08    0.029345833333   0.0043458333333
 3.6676652944e-08 -1.5315197004e-10  9.2037252475e-06      0.0000000000  3.8887796706e-08  3.8551776594e-08    0.029354166667   0.0043541666667
 3.6756021998e-08 -1.6390727555e-10  9.2040653571e-06      0.0000000000  3.9122446339e-08  3.8610892600e-08    0.029362500000   0.0043625000000
 3.7075732594e-08 -1.5801563957e-10  9.2043853433e-06      0.0000000000  3.9357095973e-08  3.9062941379e-08    0.029370833333   0.0043708333333
 3.7502116560e-08 -1.4476691018e-10  9.2047252504e-06      0.0000000000  3.9592200353e-08  4.0515261283e-08    0.029379166667   0.0043791666667
 3.7913695789e-08 -1.3251211398e-10  9.2050653531e-06      0.0000000000  3.9826849986e-08  4.0657910093e-08    0.029387500000   0.0043875000000
 3.7917582157e-08 -1.4852712607e-10  9.2053853532e-06      0.0000000000  4.0061954366e-08  4.0239821572e-08    0.029395833333   0.0043958333333
 3.7955485724e-08 -1.6215448410e-10  9.2057252499e-06      0.0000000000  4.0296603999e-08  3.9825553581e-08    0.029404166667   0.0044041666667
 3.8259783858e-08 -1.5736186956e-10  9.2060653491e-06      0.0000000000  4.0531708380e-08  3.9861384799e-08    0.029412500000   0.0044125000000
 3.8692764465e-08 -1.4362473501e-10  9.2063853562e-06      0.0000000000  4.0766358013e-08  3.9605299291e-08    0.029420833333   0.0044208333333
 3.9049897677e-08 -1.3517256819e-10  9.2067252459e-06      0.0000000000  4.1001462393e-08  3.8889948449e-08    0.029429166667   0.0044291666667
 3.9228583384e-08 -1.3908033352e-10  9.2070653521e-06      0.0000000000  4.1236566774e-08  3.9778590945e-08    0.029437500000   0.0044375000000
 3.9376930055e-08 -1.4508949236e-10  9.2073853522e-06      0.0000000000  4.1471671154e-08  4.0750231685e-08    0.029445833333   0.0044458333333
 3.9831068900e-08 -1.2988686023e-10  9.2077252523e-06      0.0000000000  4.1706320787e-08  4.1447517556e-08    0.029454166667   0.0044541666667
 4.0090679278e-08 -1.2818948453e-10  9.2080653480e-06      0.0000000000  4.1941425168e-08  4.2045658338e-08    0.029462500000   0.0044625000000
 4.0173362175e-08 -1.3874675848e-10  9.2083853481e-06      0.0000000000  4.2176529548e-08  4.1759637491e-08    0.029470833333   0.0044708333333
 4.0280973045e-08 -1.4757742907e-10  9.2087252553e-06      0.0000000000  4.2411633928e-08  4.2110418665e-08    0.029479166667   0.0044791666667
 4.0496321026e-08 -1.4894583013e-10  9.2090653510e-06      0.0000000000  4.2646738309e-08  4.2211434713e-08    0.029487500000   0.0044875000000
 4.0779825632e-08 -1.4559345205e-10  9.2093853511e-06      0.0000000000  4.2881842689e-08  4.2527831124e-08    0.029495833333   0.0044958333333
 4.1092757367e-08 -1.4020284254e-10  9.2097252477e-06      0.0000000000  4.3116947070e-08  4.2810141499e-08    0.029504166667   0.0045041666667
 4.1251622372e-08 -1.4548346278e-10  9.2100653539e-06      0.0000000000  4.3352051450e-08  4.1955349205e-08    0.029512500000   0.0045125000000
 4.1284510240e-08 -1.5948972403e-10  9.2103853541e-06      0.0000000000  4.3587155830e-08  4.3943911030e-08    0.029520833333   0.0045208333333
 4.1393337077e-08 -1.6823617232e-10  9.2107252472e-06      0.0000000000  4.3822260211e-08  4.4669764396e-08    0.029529166667   0.0045291666667
 4.1684533112e-08 -1.6438255501e-10  9.2110653569e-06      0.0000000000  4.4057819339e-08  4.4341183170e-08    0.029537500000   0.0045375000000
 4.2022757529e-08 -1.5724008100e-10  9.2113853500e-06      0.0000000000  4.4292923719e-08  4.4256376856e-08    0.029545833333   0.0045458333333
 4.2183203210e-08 -1.6241121781e-10  9.2117252572e-06      0.0000000000  4.4528028099e-08  4.4607692590e-08    0.029554166667   0.0045541666667
 4.2318903673e-08 -1.6929629966e-10  9.2120653459e-06      0.0000000000  4.4763132480e-08  4.4456082045e-08    0.029562500000   0.0045625000000
 4.2516954458e-08 -1.7189426580e-10  9.2123853530e-06      0.0000000000  4.4998691608e-08  4.6022781988e-08    0.029570833333   0.0045708333333
 4.3050407034e-08 -1.5122956972e-10  9.2127252566e-06      0.0000000000  4.5233795988e-08  4.5822998187e-08    0.029579166667   0.0045791666667
 4.3308771181e-08 -1.4965000996e-10  9.2130653488e-06      0.0000000000  4.5469355116e-08  4.5051172693e-08    0.029587500000   0.0045875000000
 4.3174216426e-08 -1.7525396474e-10  9.2133853559e-06      0.0000000000  4.5704459496e-08  4.4870428648e-08    0.029595833333   0.0045958333333
 4.3245864445e-08 -1.8660705247e-10  9.2137252456e-06      0.0000000000  4.5940018624e-08  4.5682456172e-08    0.029604166667   0.0046041666667
 4.3628411911e-08 -1.7639460076e-10  9.2140653588e-06      0.0000000000  4.6175123004e-08  4.7077310915e-08    0.029612500000   0.0046125000000
 4.4080909820e-08 -1.6136862085e-10  9.2143853449e-06      0.0000000000  4.6410682132e-08  4.6775945063e-08    0.029620833333   0.0046208333333
 4.4193810183e-08 -1.6983292167e-10  9.2147252521e-06      0.0000000000  4.6645786513e-08  4.7490069562e-08    0.029629166667   0.0046291666667
 4.4144405849e-08 -1.8957054177e-10  9.2150653548e-06      0.0000000000  4.6881345640e-08  4.6866317085e-08    0.029637500000   0.0046375000000
 4.4588695786e-08 -1.7511307625e-10  9.2153853549e-06      0.0000000000  4.7116904768e-08  4.6787265149e-08    0.029645833333   0.0046458333333
 4.5055603335e-08 -1.5908903158e-10  9.2157252480e-06      0.0000000000  4.7352463896e-08  4.7657543949e-08    0.029654166667   0.0046541666667
 4.5179690800e-08 -1.6677847246e-10  9.2160653507e-06      0.0000000000  4.7587568276e-08  4.8267429321e-08    0.029662500000   0.0046625000000
 4.5390327142e-08 -1.6850471654e-10  9.2163853578e-06      0.0000000000  4.7823127404e-08  4.6519859555e-08    0.029670833333   0.0046708333333
 4.5634828848e-08 -1.6788532059e-10  9.2167252475e-06      0.0000000000  4.8058686532e-08  4.8171365811e-08    0.029679166667   0.0046791666667
 4.6101614827e-08 -1.5186969630e-10  9.2170653537e-06      0.0000000000  4.8294245660e-08  4.8549834029e-08    0.029687500000   0.0046875000000
 4.6408558037e-08 -1.4692537155e-10  9.2173853538e-06      0.0000000000  4.8529804787e-08  4.8826610139e-08    0.029695833333   0.0046958333333
 4.6593901695e-08 -1.5040348014e-10  9.2177252539e-06      0.0000000000  4.8765363915e-08  4.9331265875e-08    0.029704166667   0.0047041666667
 4.6775658106e-08 -1.5413005468e-10  9.2180653497e-06      0.0000000000  4.9000923043e-08  4.9156181873e-08    0.029712500000   0.0047125000000
 4.7004899183e-08 -1.5456766614e-10  9.2183853498e-06      0.0000000000  4.9236482171e-08  4.8387925350e-08    0.029720833333   0.0047208333333
 4.7258216978e-08 -1.5333763540e-10  9.2187252569e-06      0.0000000000  4.9472041298e-08  4.9664359414e-08    0.029729166667   0.0047291666667
 4.7492930036e-08 -1.5339623728e-10  9.2190653526e-06      0.0000000000  4.9707600426e-08  5.0105150996e-08    0.029737500000   0.0047375000000
 4.7758195274e-08 -1.5137018002e-10  9.2193853527e-06      0.0000000000  4.9943614301e-08  5.0212503148e-08    0.029745833333   0.0047458333333
 4.8059179956e-08 -1.4683856489e-10  9.2197252494e-06      0.0000000000  5.0179173429e-08  5.0553143411e-08    0.029754166667   0.0047541666667
 4.8398894402e-08 -1.3962438352e-10  9.2200653556e-06      0.0000000000  5.0414732557e-08  5.1385484200e-08    0.029762500000   0.0047625000000
 4.8632513064e-08 -1.3975878731e-10  9.2203853557e-06      0.0000000000  5.0650291684e-08  4.9924438396e-08    0.029770833333   0.0047708333333
 4.8699631666e-08 -1.5145709674e-10  9.2207252489e-06      0.0000000000  5.0886305560e-08  5.0896236360e-08    0.029779166667   0.0047791666667
 4.8612653150e-08 -1.7379724321e-10  9.2210653585e-06      0.0000000000  5.1121864687e-08  5.1654839364e-08    0.029787500000   0.0047875000000
 4.8884575680e-08 -1.7127857985e-10  9.2213853517e-06      0.0000000000  5.1357423815e-08  5.2038967626e-08    0.029795833333   0.0047958333333
 4.9368780817e-08 -1.5408793796e-10  9.2217252518e-06      0.0000000000  5.1593437690e-08  5.2215120746e-08    0.029804166667   0.0048041666667
 4.9804802131e-08 -1.4020318777e-10  9.2220653475e-06      0.0000000000  5.1828996818e-08  5.2274236753e-08    0.029812500000   0.0048125000000
 4.9866509669e-08 -1.5227628735e-10  9.2223853546e-06      0.0000000000  5.2065010693e-08  5.4066835306e-08    0.029820833333   0.0048208333333
 4.9854041404e-08 -1.6948707663e-10  9.2227252548e-06      0.0000000000  5.2301024568e-08  5.3339944265e-08    0.029829166667   0.0048291666667
 5.0166760653e-08 -1.6414268209e-10  9.2230653505e-06      0.0000000000  5.2536583696e-08  5.1871336015e-08    0.029837500000   0.0048375000000
 5.0611506874e-08 -1.4968511020e-10  9.2233853576e-06      0.0000000000  5.2772597571e-08  5.1667951798e-08    0.029845833333   0.0048458333333
 5.0890391146e-08 -1.4671574840e-10  9.2237252472e-06      0.0000000000  5.3008611446e-08  5.2894687538e-08    0.029854166667   0.0048541666667
 5.0996573566e-08 -1.5567685626e-10  9.2240653604e-06      0.0000000000  5.3244170574e-08  5.3961432725e-08    0.029862500000   0.0048625000000
 5.1444602975e-08 -1.4099187861e-10  9.2243853466e-06      0.0000000000  5.3480184449e-08  5.3539570842e-08    0.029870833333   0.0048708333333
 5.1756501623e-08 -1.3573581944e-10  9.2247252537e-06      0.0000000000  5.3716198324e-08  5.3445236790e-08    0.029879166667   0.0048791666667
 5.2130537716e-08 -1.2617589167e-10  9.2250653564e-06      0.0000000000  5.3952212199e-08  5.3861658742e-08    0.029887500000   0.0048875000000
 5.2435201219e-08 -1.2142096535e-10  9.2253853565e-06      0.0000000000  5.4188226074e-08  5.4048062830e-08    0.029895833333   0.0048958333333
 5.2710620082e-08 -1.1869163062e-10  9.2257252497e-06      0.0000000000  5.4424239949e-08  5.4424361365e-08    0.029904166667   0.0049041666667
 5.2989261214e-08 -1.1573910958e-10  9.2260653524e-06      0.0000000000  5.4660253825e-08  5.6205828500e-08    0.029912500000   0.0049125000000
 5.3246318481e-08 -1.1428156672e-10  9.2263853595e-06      0.0000000000  5.4896267700e-08  5.5166644579e-08    0.029920833333   0.0049208333333
 5.3377763320e-08 -1.2152440371e-10  9.2267252491e-06      0.0000000000  5.5132281575e-08  5.5505696885e-08    0.029929166667   0.0049291666667
 5.3514193861e-08 -1.2842191264e-10  9.2270653553e-06      0.0000000000  5.5368295450e-08  5.5537471739e-08    0.029937500000   0.0049375000000
 5.3847858863e-08 -1.2165823547e-10  9.2273853554e-06      0.0000000000  5.5604309325e-08  5.5757741751e-08    0.029945833333   0.0049458333333
 5.4059012139e-08 -1.2338017224e-10  9.2277252521e-06      0.0000000000  5.5840323200e-08  5.6146633882e-08    0.029954166667   0.0049541666667
 5.4398088472e-08 -1.1624168642e-10  9.2280653513e-06      0.0000000000  5.6076337075e-08  5.5995023338e-08    0.029962500000   0.0049625000000
 5.4542422926e-08 -1.2259174116e-10  9.2283853514e-06      0.0000000000  5.6312350950e-08  5.4970681307e-08    0.029970833333   0.0049708333333
 5.4647328852e-08 -1.3170425861e-10  9.2287252585e-06      0.0000000000  5.6548819573e-08  5.6329091662e-08    0.029979166667   0.0049791666667
 5.4743996419e-08 -1.4135589773e-10  9.2290653543e-06      0.0000000000  5.6784833448e-08  5.7395789682e-08    0.029987500000   0.0049875000000
 5.4938125902e-08 -1.4425696518e-10  9.2293853544e-06      0.0000000000  5.7020847323e-08  5.7582193770e-08    0.029995833333   0.0049958333333
 5.5268720859e-08 -1.3773742816e-10  9.2297252510e-06      0.0000000000  5.7257315945e-08  5.6990184701e-08    0.030004166667   0.0050041666667
 5.5265554962e-08 -1.5430390113e-10  9.2300653572e-06      0.0000000000  5.7493329821e-08  5.6205828500e-08    0.030012500000   0.0050125000000
 5.5335926755e-08 -1.6580837995e-10  9.2303853573e-06      0.0000000000  5.7729798443e-08  5.7802463782e-08    0.030020833333   0.0050208333333
 5.5712577269e-08 -1.5606736776e-10  9.2307252470e-06      0.0000000000  5.7965812318e-08  5.7684844941e-08    0.030029166667   0.0050291666667
 5.6072660006e-08 -1.4750539838e-10  9.2310653602e-06      0.0000000000  5.8202280941e-08  5.7859095658e-08    0.030037500000   0.0050375000000
 5.6366926745e-08 -1.4347059029e-10  9.2313853533e-06      0.0000000000  5.8438294816e-08  5.7949467680e-08    0.030045833333   0.0050458333333
 5.6374309836e-08 -1.5933789886e-10  9.2317252604e-06      0.0000000000  5.8674763438e-08  5.7989449596e-08    0.030054166667   0.0050541666667
 5.6494081294e-08 -1.6738927732e-10  9.2320653492e-06      0.0000000000  5.8910777313e-08  5.8329728246e-08    0.030062500000   0.0050625000000
 5.6817805815e-08 -1.6134561201e-10  9.2323853563e-06      0.0000000000  5.9147245936e-08  5.9113078217e-08    0.030070833333   0.0050708333333
 5.7126026301e-08 -1.5637581338e-10  9.2327252564e-06      0.0000000000  5.9383714558e-08  5.9194441337e-08    0.030079166667   0.0050791666667
 5.7359645622e-08 -1.5657316652e-10  9.2330653521e-06      0.0000000000  5.9620183181e-08  5.9519720872e-08    0.030087500000   0.0050875000000
 5.7658837143e-08 -1.5219724979e-10  9.2333853592e-06      0.0000000000  5.9856197056e-08  5.9824797198e-08    0.030095833333   0.0050958333333
 5.8046522926e-08 -1.4172339169e-10  9.2337252489e-06      0.0000000000  6.0092665678e-08  5.9894164171e-08    0.030104166667   0.0051041666667
 5.8281662271e-08 -1.4181546234e-10  9.2340653621e-06      0.0000000000  6.0329134301e-08  5.9414444070e-08    0.030112500000   0.0051125000000
 5.8514004707e-08 -1.4210125722e-10  9.2343853482e-06      0.0000000000  6.0565602923e-08  5.9971643873e-08    0.030120833333   0.0051208333333
 5.8747623761e-08 -1.4229862887e-10  9.2347252553e-06      0.0000000000  6.0802071546e-08  5.9959286112e-08    0.030129166667   0.0051291666667
 5.9094148382e-08 -1.3467574459e-10  9.2350653580e-06      0.0000000000  6.1038540168e-08  6.0239080911e-08    0.030137500000   0.0051375000000
 5.9535520499e-08 -1.2048337304e-10  9.2353853582e-06      0.0000000000  6.1275008791e-08  6.0696601066e-08    0.030145833333   0.0051458333333
 5.9660794325e-08 -1.2818513462e-10  9.2357252513e-06      0.0000000000  6.1511477413e-08  6.1132503000e-08    0.030154166667   0.0051541666667
 5.9813610813e-08 -1.3397918991e-10  9.2360653540e-06      0.0000000000  6.1747946035e-08  6.0980892455e-08    0.030162500000   0.0051625000000
 6.0186035967e-08 -1.2456233923e-10  9.2363853611e-06      0.0000000000  6.1984414658e-08  6.1553185706e-08    0.030170833333   0.0051708333333
 6.0470848504e-08 -1.2121386146e-10  9.2367252508e-06      0.0000000000  6.2220883280e-08  6.1681511462e-08    0.030179166667   0.0051791666667
 6.0817525350e-08 -1.1361193101e-10  9.2370653570e-06      0.0000000000  6.2457806650e-08  6.2142521976e-08    0.030187500000   0.0051875000000
 6.1012658314e-08 -1.1647499112e-10  9.2373853571e-06      0.0000000000  6.2694275273e-08  6.2628248012e-08    0.030195833333   0.0051958333333
 6.1148085765e-08 -1.2347347523e-10  9.2377252537e-06      0.0000000000  6.2930743895e-08  6.3144208112e-08    0.030204166667   0.0052041666667
 6.1466399224e-08 -1.1780460007e-10  9.2380653530e-06      0.0000000000  6.3167212518e-08  6.3601869767e-08    0.030212500000   0.0052125000000
 6.1802618387e-08 -1.1092700729e-10  9.2383853531e-06      0.0000000000  6.3404135887e-08  6.4430248526e-08    0.030220833333   0.0052208333333
 6.2029123865e-08 -1.1161709141e-10  9.2387252602e-06      0.0000000000  6.3640604510e-08  6.4921713217e-08    0.030229166667   0.0052291666667
 6.2094844937e-08 -1.2347519380e-10  9.2390653559e-06      0.0000000000  6.3877527880e-08  6.3773054628e-08    0.030237500000   0.0052375000000
 6.2244013260e-08 -1.2952193449e-10  9.2393853560e-06      0.0000000000  6.4113996502e-08  6.3637496595e-08    0.030245833333   0.0052458333333
 6.2575976408e-08 -1.2293912900e-10  9.2397252527e-06      0.0000000000  6.4350919872e-08  6.4436348795e-08    0.030254166667   0.0052541666667
 6.2714079198e-08 -1.2975230925e-10  9.2400653589e-06      0.0000000000  6.4587388494e-08  6.3511309077e-08    0.030262500000   0.0052625000000
 6.2857684624e-08 -1.3621585412e-10  9.2403853590e-06      0.0000000000  6.4824311864e-08  6.5092850911e-08    0.030270833333   0.0052708333333
 6.3133073223e-08 -1.3352011304e-10  9.2407252486e-06      0.0000000000  6.5060780487e-08  6.4834564275e-08    0.030279166667   0.0052791666667
 6.3501759564e-08 -1.2439372384e-10  9.2410653618e-06      0.0000000000  6.5297703857e-08  6.5260419632e-08    0.030287500000   0.0052875000000
 6.3632779433e-08 -1.3172899077e-10  9.2413853549e-06      0.0000000000  6.5534627226e-08  6.5525875656e-08    0.030295833333   0.0052958333333
 6.3814171526e-08 -1.3554379431e-10  9.2417252551e-06      0.0000000000  6.5771095849e-08  6.5907315397e-08    0.030304166667   0.0053041666667
 6.3943610719e-08 -1.4298854467e-10  9.2420653508e-06      0.0000000000  6.6008019219e-08  6.7442649267e-08    0.030312500000   0.0053125000000
 6.4288037854e-08 -1.3554243750e-10  9.2423853579e-06      0.0000000000  6.6244942588e-08  6.5725517956e-08    0.030320833333   0.0053208333333
 6.4515182104e-08 -1.3621977542e-10  9.2427252581e-06      0.0000000000  6.6481865958e-08  6.6873013092e-08    0.030329166667   0.0053291666667
 6.4829786746e-08 -1.3080778660e-10  9.2430653538e-06      0.0000000000  6.6718334581e-08  6.7248667011e-08    0.030337500000   0.0053375000000
 6.5174213881e-08 -1.2336167942e-10  9.2433853609e-06      0.0000000000  6.6955257950e-08  6.7514123034e-08    0.030345833333   0.0053458333333
 6.5503684179e-08 -1.1695153797e-10  9.2437252505e-06      0.0000000000  6.7192181320e-08  6.7701423295e-08    0.030354166667   0.0053541666667
 6.5542957253e-08 -1.3064152623e-10  9.2440653637e-06      0.0000000000  6.7429104690e-08  6.6975758597e-08    0.030362500000   0.0053625000000
 6.5545932763e-08 -1.4684561762e-10  9.2443853499e-06      0.0000000000  6.7666028060e-08  6.7954820282e-08    0.030370833333   0.0053708333333
 6.5865675064e-08 -1.4110927305e-10  9.2447252535e-06      0.0000000000  6.7902951430e-08  6.7520632084e-08    0.030379166667   0.0053791666667
 6.6275826892e-08 -1.2911083133e-10  9.2450653597e-06      0.0000000000  6.8139874800e-08  6.7839795628e-08    0.030387500000   0.0053875000000
 6.6412865941e-08 -1.3602918771e-10  9.2453853528e-06      0.0000000000  6.8376798169e-08  6.8178737878e-08    0.030395833333   0.0053958333333
 6.6441651336e-08 -1.5047708878e-10  9.2457252530e-06      0.0000000000  6.8614176287e-08  6.8401004628e-08    0.030404166667   0.0054041666667
 6.6608603792e-08 -1.5532353222e-10  9.2460653557e-06      0.0000000000  6.8851099656e-08  6.8753012145e-08    0.030412500000   0.0054125000000
 6.6811853813e-08 -1.5765587253e-10  9.2463853628e-06      0.0000000000  6.9088023026e-08  6.8662703012e-08    0.030420833333   0.0054208333333
 6.6969503902e-08 -1.6314663228e-10  9.2467252524e-06      0.0000000000  6.9324946396e-08  6.8755810722e-08    0.030429166667   0.0054291666667
 6.7248449751e-08 -1.6023600039e-10  9.2470653586e-06      0.0000000000  6.9561869766e-08  6.9272635550e-08    0.030437500000   0.0054375000000
 6.7493195914e-08 -1.5972566239e-10  9.2473853587e-06      0.0000000000  6.9799247883e-08  6.9741381457e-08    0.030445833333   0.0054458333333
 6.7576123001e-08 -1.7039201279e-10  9.2477252554e-06      0.0000000000  7.0036171253e-08  7.0029273262e-08    0.030454166667   0.0054541666667
 6.7714742992e-08 -1.7720086723e-10  9.2480653546e-06      0.0000000000  7.0273094623e-08  7.0018346234e-08    0.030462500000   0.0054625000000
 6.8153744487e-08 -1.6323568869e-10  9.2483853547e-06      0.0000000000  7.0510472740e-08  6.9099406785e-08    0.030470833333   0.0054708333333
 6.8780525850e-08 -1.3623268655e-10  9.2487252583e-06      0.0000000000  7.0747396110e-08  7.0094678205e-08    0.030479166667   0.0054791666667
 6.8852904606e-08 -1.4766115070e-10  9.2490653576e-06      0.0000000000  7.0984774227e-08  7.0483287334e-08    0.030487500000   0.0054875000000
 6.8925374277e-08 -1.5905182027e-10  9.2493853577e-06      0.0000000000  7.1221697597e-08  7.0793929369e-08    0.030495833333   0.0054958333333
 6.9045663327e-08 -1.6716184077e-10  9.2497252508e-06      0.0000000000  7.1459075714e-08  7.1378265934e-08    0.030504166667   0.0055041666667
 6.9558870622e-08 -1.4802539739e-10  9.2500653605e-06      0.0000000000  7.1695999083e-08  7.1976218048e-08    0.030512500000   0.0055125000000
 7.0004438494e-08 -1.3360540735e-10  9.2503853606e-06      0.0000000000  7.1933377201e-08  7.1810693230e-08    0.030520833333   0.0055208333333
 7.0315699687e-08 -1.2848799307e-10  9.2507252503e-06      0.0000000000  7.2170755318e-08  7.1903800940e-08    0.030529166667   0.0055291666667
 7.0611122131e-08 -1.2443613147e-10  9.2510653635e-06      0.0000000000  7.2407678688e-08  7.2957229304e-08    0.030537500000   0.0055375000000
 7.0864623464e-08 -1.2331937812e-10  9.2513853566e-06      0.0000000000  7.2645056805e-08  7.3267871338e-08    0.030545833333   0.0055458333333
 7.1035619451e-08 -1.2791724923e-10  9.2517252532e-06      0.0000000000  7.2882434922e-08  7.2855993143e-08    0.030554166667   0.0055541666667
 7.1409382799e-08 -1.1847070522e-10  9.2520653525e-06      0.0000000000  7.3119813039e-08  7.3196271792e-08    0.030562500000   0.0055625000000
 7.1648656981e-08 -1.1833937681e-10  9.2523853595e-06      0.0000000000  7.3357191156e-08  7.3075775763e-08    0.030570833333   0.0055708333333
 7.1966149838e-08 -1.1275883701e-10  9.2527252597e-06      0.0000000000  7.3594114526e-08  7.1704598866e-08    0.030579166667   0.0055791666667
 7.2272303760e-08 -1.0799517119e-10  9.2530653554e-06      0.0000000000  7.3831492643e-08  7.2659762592e-08    0.030587500000   0.0055875000000
 7.2472726875e-08 -1.1055481089e-10  9.2533853625e-06      0.0000000000  7.4068870760e-08  7.3224540563e-08    0.030595833333   0.0055958333333
 7.2644695688e-08 -1.1508530046e-10  9.2537252522e-06      0.0000000000  7.4306248878e-08  7.3113619440e-08    0.030604166667   0.0056041666667
 7.3054148484e-08 -1.0316677372e-10  9.2540653654e-06      0.0000000000  7.4543626995e-08  7.4145146581e-08    0.030612500000   0.0056125000000
 7.3308744213e-08 -1.0197421845e-10  9.2543853515e-06      0.0000000000  7.4781005112e-08  7.3904154522e-08    0.030620833333   0.0056208333333
 7.3227907497e-08 -1.2401495119e-10  9.2547252551e-06      0.0000000000  7.5018383229e-08  7.4606330041e-08    0.030629166667   0.0056291666667
 7.3421217036e-08 -1.2706730336e-10  9.2550653613e-06      0.0000000000  7.5255761346e-08  7.4779605973e-08    0.030637500000   0.0056375000000
 7.3766009539e-08 -1.1965888440e-10  9.2553853545e-06      0.0000000000  7.5493594211e-08  7.5028176201e-08    0.030645833333   0.0056458333333
 7.4179292722e-08 -1.0747505094e-10  9.2557252546e-06      0.0000000000  7.5730972328e-08  7.5794608932e-08    0.030654166667   0.0056541666667
 7.4172874949e-08 -1.2436125323e-10  9.2560653573e-06      0.0000000000  7.5968350445e-08  7.6931397153e-08    0.030662500000   0.0056625000000
 7.4298879121e-08 -1.3207542338e-10  9.2563853644e-06      0.0000000000  7.6205728562e-08  7.6825994572e-08    0.030670833333   0.0056708333333
 7.4429777811e-08 -1.3948207855e-10  9.2567252506e-06      0.0000000000  7.6443561427e-08  7.7282241217e-08    0.030679166667   0.0056791666667
 7.4743410286e-08 -1.3420042061e-10  9.2570653603e-06      0.0000000000  7.6680939544e-08  7.7695754535e-08    0.030687500000   0.0056875000000
 7.5025365920e-08 -1.3111281738e-10  9.2573853604e-06      0.0000000000  7.6918317661e-08  7.7644908481e-08    0.030695833333   0.0056958333333
 7.5177362198e-08 -1.3705817589e-10  9.2577252570e-06      0.0000000000  7.7156150526e-08  7.7467969244e-08    0.030704166667   0.0057041666667
 7.5350060698e-08 -1.4153812468e-10  9.2580653562e-06      0.0000000000  7.7393528643e-08  7.8136357450e-08    0.030712500000   0.0057125000000
 7.5583315700e-08 -1.4182370682e-10  9.2583853563e-06      0.0000000000  7.7630906760e-08  7.7051893183e-08    0.030720833333   0.0057208333333
 7.5764921594e-08 -1.4571819409e-10  9.2587252600e-06      0.0000000000  7.7868739624e-08  7.7859534173e-08    0.030729166667   0.0057291666667
 7.6063961941e-08 -1.4144724074e-10  9.2590653522e-06      0.0000000000  7.8106117742e-08  7.8797167487e-08    0.030737500000   0.0057375000000
 7.6472229425e-08 -1.2964231051e-10  9.2593853593e-06      0.0000000000  7.8343950606e-08  7.9452317481e-08    0.030745833333   0.0057458333333
 7.6630184231e-08 -1.3517495941e-10  9.2597252525e-06      0.0000000000  7.8581783471e-08  7.9887732022e-08    0.030754166667   0.0057541666667
 7.6615254428e-08 -1.5265073629e-10  9.2600653622e-06      0.0000000000  7.8819161588e-08  8.0064042366e-08    0.030762500000   0.0057625000000
 7.6621331297e-08 -1.6870301110e-10  9.2603853623e-06      0.0000000000  7.9056994452e-08  8.1088132839e-08    0.030770833333   0.0057708333333
 7.6766852112e-08 -1.7506538654e-10  9.2607252519e-06      0.0000000000  7.9294372569e-08  7.9693671154e-08    0.030779166667   0.0057791666667
 7.7170377302e-08 -1.6358892511e-10  9.2610653651e-06      0.0000000000  7.9532205434e-08  7.8542937216e-08    0.030787500000   0.0057875000000
 7.7459355597e-08 -1.6004640400e-10  9.2613853582e-06      0.0000000000  7.9770038298e-08  7.9079509306e-08    0.030795833333   0.0057958333333
 7.7778976987e-08 -1.5438142916e-10  9.2617252549e-06      0.0000000000  8.0007871163e-08  8.0739647127e-08    0.030804166667   0.0058041666667
 7.7912003819e-08 -1.6164068143e-10  9.2620653541e-06      0.0000000000  8.0245704028e-08  8.0787018544e-08    0.030812500000   0.0058125000000
 7.8073028670e-08 -1.6692919019e-10  9.2623853612e-06      0.0000000000  8.0483082145e-08  7.9431626879e-08    0.030820833333   0.0058208333333
 7.8404445278e-08 -1.6044723501e-10  9.2627252613e-06      0.0000000000  8.0720915009e-08  8.0063570696e-08    0.030829166667   0.0058291666667
 7.9110084480e-08 -1.2804524315e-10  9.2630653571e-06      0.0000000000  8.0958747874e-08  8.0753215509e-08    0.030837500000   0.0058375000000
 7.9454876983e-08 -1.2063682419e-10  9.2633853641e-06      0.0000000000  8.1196580738e-08  8.1555149288e-08    0.030845833333   0.0058458333333
 7.9645663676e-08 -1.2389541553e-10  9.2637252538e-06      0.0000000000  8.1434413603e-08  8.2168635076e-08    0.030854166667   0.0058541666667
 7.9748837751e-08 -1.3322237980e-10  9.2640653670e-06      0.0000000000  8.1672246467e-08  8.1419685589e-08    0.030862500000   0.0058625000000
 8.0029060876e-08 -1.3028627403e-10  9.2643853531e-06      0.0000000000  8.1910079332e-08  8.3693765146e-08    0.030870833333   0.0058708333333
 8.0366435746e-08 -1.2339162774e-10  9.2647252568e-06      0.0000000000  8.2147912196e-08  8.3529183669e-08    0.030879166667   0.0058791666667
 8.0679794816e-08 -1.1816040421e-10  9.2650653630e-06      0.0000000000  8.2385745061e-08  8.3944096276e-08    0.030887500000   0.0058875000000
 8.0715876667e-08 -1.3216592085e-10  9.2653853561e-06      0.0000000000  8.2624032673e-08  8.3300266369e-08    0.030895833333   0.0058958333333
 8.0708273582e-08 -1.4916571964e-10  9.2657252562e-06      0.0000000000  8.2861865537e-08  8.2056597666e-08    0.030904166667   0.0059041666667
 8.1296022050e-08 -1.2492927478e-10  9.2660653589e-06      0.0000000000  8.3099698402e-08  8.3076191549e-08    0.030912500000   0.0059125000000
 8.1841636262e-08 -1.0361120377e-10  9.2663853660e-06      0.0000000000  8.3337531266e-08  8.3814261176e-08    0.030920833333   0.0059208333333
 8.1888692071e-08 -1.1682512608e-10  9.2667252522e-06      0.0000000000  8.3575364131e-08  8.4586684119e-08    0.030929166667   0.0059291666667
 8.1536871374e-08 -1.5769820338e-10  9.2670653619e-06      0.0000000000  8.3813651743e-08  8.4318728243e-08    0.030937500000   0.0059375000000
 8.1812716915e-08 -1.5506530529e-10  9.2673853620e-06      0.0000000000  8.4051484607e-08  8.4154964328e-08    0.030945833333   0.0059458333333
 8.2563226362e-08 -1.1955543477e-10  9.2677252587e-06      0.0000000000  8.4289317472e-08  8.4595064127e-08    0.030954166667   0.0059541666667
 8.2967876604e-08 -1.0803254564e-10  9.2680653579e-06      0.0000000000  8.4527605083e-08  8.5380458003e-08    0.030962500000   0.0059625000000
 8.2872721821e-08 -1.3109649791e-10  9.2683853580e-06      0.0000000000  8.4765437948e-08  8.4476863560e-08    0.030970833333   0.0059708333333
 8.3095702287e-08 -1.3215672724e-10  9.2687252616e-06      0.0000000000  8.5003725560e-08  8.5460201722e-08    0.030979166667   0.0059791666667
 8.3176988438e-08 -1.4299972988e-10  9.2690653538e-06      0.0000000000  8.5241558424e-08  8.6344269017e-08    0.030987500000   0.0059875000000
 8.3375588129e-08 -1.4574866162e-10  9.2693853609e-06      0.0000000000  8.5479846036e-08  8.5830337099e-08    0.030995833333   0.0059958333333
 8.3743970802e-08 -1.3670630048e-10  9.2697252541e-06      0.0000000000  8.5717678901e-08  8.4467886102e-08    0.031004166667   0.0060041666667
 8.3943057040e-08 -1.3942153220e-10  9.2700653638e-06      0.0000000000  8.5955966513e-08  8.4808164752e-08    0.031012500000   0.0060125000000
 8.4137279146e-08 -1.4247367162e-10  9.2703853639e-06      0.0000000000  8.6194254124e-08  8.2850292939e-08    0.031020833333   0.0060208333333
 8.4164088625e-08 -1.5708992942e-10  9.2707252536e-06      0.0000000000  8.6432086989e-08  8.4290490917e-08    0.031029166667   0.0060291666667
 8.4590930849e-08 -1.4402994172e-10  9.2710653668e-06      0.0000000000  8.6670374601e-08  8.4674461955e-08    0.031037500000   0.0060375000000
 8.5163814052e-08 -1.2085461734e-10  9.2713853599e-06      0.0000000000  8.6908662213e-08  8.5702325790e-08    0.031045833333   0.0060458333333
 8.5565272019e-08 -1.0952133937e-10  9.2717252565e-06      0.0000000000  8.7146495077e-08  8.7225553457e-08    0.031054166667   0.0060541666667
 8.5972050134e-08 -9.7851065848e-11  9.2720653557e-06      0.0000000000  8.7384782689e-08  8.6464670712e-08    0.031062500000   0.0060625000000
 8.6140553929e-08 -1.0268455035e-10  9.2723853628e-06      0.0000000000  8.7623070301e-08  8.6314239343e-08    0.031070833333   0.0060708333333
 8.6282549074e-08 -1.0935412165e-10  9.2727252560e-06      0.0000000000  8.7861357913e-08  8.7520032924e-08    0.031079166667   0.0060791666667
 8.6717781491e-08 -9.5712998247e-11  9.2730653587e-06      0.0000000000  8.8099645525e-08  8.7931219336e-08    0.031087500000   0.0060875000000
 8.7040047957e-08 -8.9896313202e-11  9.2733853658e-06      0.0000000000  8.8337933137e-08  8.8919557203e-08    0.031095833333   0.0060958333333
 8.7377270992e-08 -8.3043680942e-11  9.2737252520e-06      0.0000000000  8.8576220748e-08  9.0433320020e-08    0.031104166667   0.0061041666667
 8.7292239838e-08 -1.0543793089e-10  9.2740653686e-06      0.0000000000  8.8814508360e-08  9.0199544516e-08    0.031112500000   0.0061125000000
 8.7528596199e-08 -1.0557169644e-10  9.2743853548e-06      0.0000000000  8.9052795972e-08  8.7775033590e-08    0.031120833333   0.0061208333333
 8.7974407868e-08 -9.1197814990e-11  9.2747252584e-06      0.0000000000  8.9291083584e-08  8.8711409117e-08    0.031129166667   0.0061291666667
 8.8207602611e-08 -9.1550565922e-11  9.2750653646e-06      0.0000000000  8.9529371196e-08  9.0015215777e-08    0.031137500000   0.0061375000000
 8.8072958648e-08 -1.1738118184e-10  9.2753853577e-06      0.0000000000  8.9767658808e-08  8.9484398064e-08    0.031145833333   0.0061458333333
 8.8160537773e-08 -1.2781980738e-10  9.2757252544e-06      0.0000000000  9.0005946420e-08  8.7995335047e-08    0.031154166667   0.0061541666667
 8.8704358824e-08 -1.0665743478e-10  9.2760653606e-06      0.0000000000  9.0244234031e-08  8.9507006792e-08    0.031162500000   0.0061625000000
 8.9060551573e-08 -9.8490890258e-11  9.2763853677e-06      0.0000000000  9.0482521643e-08  9.0485816920e-08    0.031170833333   0.0061708333333
 8.8878757658e-08 -1.2761878326e-10  9.2767252469e-06      0.0000000000  9.0721264003e-08  9.1715099680e-08    0.031179166667   0.0061791666667
 8.8927425064e-08 -1.4075257784e-10  9.2770653635e-06      0.0000000000  9.0959551614e-08  9.3554126309e-08    0.031187500000   0.0061875000000
 8.9417134154e-08 -1.2333819926e-10  9.2773853637e-06      0.0000000000  9.1197839226e-08  9.3689590009e-08    0.031195833333   0.0061958333333
 8.9916540975e-08 -1.0528361745e-10  9.2777252603e-06      0.0000000000  9.1436581585e-08  9.2444506295e-08    0.031204166667   0.0062041666667
 8.9914927074e-08 -1.2190008084e-10  9.2780653595e-06      0.0000000000  9.1674869197e-08  9.2503810970e-08    0.031212500000   0.0062125000000
 8.9652238752e-08 -1.5659952122e-10  9.2783853596e-06      0.0000000000  9.1913156809e-08  9.2925421295e-08    0.031220833333   0.0062208333333
 8.9900299417e-08 -1.5595410102e-10  9.2787252633e-06      0.0000000000  9.2151899168e-08  9.2421190062e-08    0.031229166667   0.0062291666667
 9.0304888740e-08 -1.4443543133e-10  9.2790653555e-06      0.0000000000  9.2390186780e-08  9.2823792076e-08    0.031237500000   0.0062375000000
 9.0547173365e-08 -1.4419008092e-10  9.2793853626e-06      0.0000000000  9.2628929139e-08  9.1711216261e-08    0.031245833333   0.0062458333333
 9.0455089286e-08 -1.6707284240e-10  9.2797252557e-06      0.0000000000  9.2867216751e-08  8.9779003310e-08    0.031254166667   0.0062541666667
 9.0564526339e-08 -1.7602900471e-10  9.2800653654e-06      0.0000000000  9.3105959111e-08  9.1419598261e-08    0.031262500000   0.0062625000000
 9.0974891701e-08 -1.6411026523e-10  9.2803853655e-06      0.0000000000  9.3344246722e-08  9.3166413354e-08    0.031270833333   0.0062708333333
 9.1474845721e-08 -1.4601778246e-10  9.2807252517e-06      0.0000000000  9.3582989082e-08  9.2966613831e-08    0.031279166667   0.0062791666667
 9.1819517312e-08 -1.3868073323e-10  9.2810653684e-06      0.0000000000  9.3821731441e-08  9.3164400894e-08    0.031287500000   0.0062875000000
 9.1945886852e-08 -1.4643259159e-10  9.2813853615e-06      0.0000000000  9.4060019053e-08  9.4197830438e-08    0.031295833333   0.0062958333333
 9.2058789582e-08 -1.5514870832e-10  9.2817252582e-06      0.0000000000  9.4298761412e-08  9.5832843957e-08    0.031304166667   0.0063041666667
 9.2230728790e-08 -1.5977574090e-10  9.2820653574e-06      0.0000000000  9.4537503771e-08  9.6419051481e-08    0.031312500000   0.0063125000000
 9.2600510576e-08 -1.5069946698e-10  9.2823853645e-06      0.0000000000  9.4776246130e-08  9.5033724477e-08    0.031320833333   0.0063208333333
 9.3051794227e-08 -1.3594657594e-10  9.2827252576e-06      0.0000000000  9.5014533742e-08  9.4798911298e-08    0.031329166667   0.0063291666667
 9.3317182743e-08 -1.3410096486e-10  9.2830653603e-06      0.0000000000  9.5253276101e-08  9.5899679633e-08    0.031337500000   0.0063375000000
 9.3416101462e-08 -1.4378566577e-10  9.2833853674e-06      0.0000000000  9.5492018461e-08  9.6328805238e-08    0.031345833333   0.0063458333333
 9.3635221278e-08 -1.4514479547e-10  9.2837252536e-06      0.0000000000  9.5730760820e-08  9.6077121986e-08    0.031354166667   0.0063541666667
 9.3959220911e-08 -1.3923956232e-10  9.2840653703e-06      0.0000000000  9.5969503179e-08  9.6780539570e-08    0.031362500000   0.0063625000000
 9.4340493858e-08 -1.2936736826e-10  9.2843853564e-06      0.0000000000  9.6208245538e-08  9.5079004822e-08    0.031370833333   0.0063708333333
 9.4381592065e-08 -1.4305693103e-10  9.2847252601e-06      0.0000000000  9.6446987898e-08  9.4691779259e-08    0.031379166667   0.0063791666667
 9.4392229398e-08 -1.5885632620e-10  9.2850653663e-06      0.0000000000  9.6685730257e-08  9.7687875931e-08    0.031387500000   0.0063875000000
 9.4728632100e-08 -1.5209201080e-10  9.2853853594e-06      0.0000000000  9.6924472616e-08  9.9269103318e-08    0.031395833333   0.0063958333333
 9.5034574195e-08 -1.4743750930e-10  9.2857252560e-06      0.0000000000  9.7163214975e-08  9.8379611815e-08    0.031404166667   0.0064041666667
 9.5457251710e-08 -1.3469748216e-10  9.2860653622e-06      0.0000000000  9.7401957334e-08  9.6916129048e-08    0.031412500000   0.0064125000000
 9.5622928599e-08 -1.3975826605e-10  9.2863853693e-06      0.0000000000  9.7640699694e-08  9.7428048506e-08    0.031420833333   0.0064208333333
 9.5798455054e-08 -1.4413683267e-10  9.2867252485e-06      0.0000000000  9.7879442053e-08  9.8188726860e-08    0.031429166667   0.0064291666667
 9.6096462972e-08 -1.4006337900e-10  9.2870653652e-06      0.0000000000  9.8118639159e-08  9.9037481775e-08    0.031437500000   0.0064375000000
 9.6552154863e-08 -1.2503665449e-10  9.2873853653e-06      0.0000000000  9.8357381519e-08  9.8913243827e-08    0.031445833333   0.0064458333333
 9.6895002372e-08 -1.1782594796e-10  9.2877252585e-06      0.0000000000  9.8596123878e-08  9.8051517981e-08    0.031454166667   0.0064541666667
 9.7025780152e-08 -1.2530397286e-10  9.2880653612e-06      0.0000000000  9.8834866237e-08  9.7970154861e-08    0.031462500000   0.0064625000000
 9.7411339769e-08 -1.1516636571e-10  9.2883853613e-06      0.0000000000  9.9074063344e-08  9.8286362604e-08    0.031470833333   0.0064708333333
 9.7659825794e-08 -1.1449148344e-10  9.2887252649e-06      0.0000000000  9.9312805703e-08  9.9480427318e-08    0.031479166667   0.0064791666667
 9.7874568293e-08 -1.1615380230e-10  9.2890653571e-06      0.0000000000  9.9551548062e-08  9.9285926224e-08    0.031487500000   0.0064875000000
 9.7994736823e-08 -1.2439816039e-10  9.2893853642e-06      0.0000000000  9.9790745169e-08  9.8907646674e-08    0.031495833333   0.0064958333333
 9.8163940040e-08 -1.2921469776e-10  9.2897252574e-06      0.0000000000  1.0002948753e-07  9.8618921584e-08    0.031504166667   0.0065041666667
 9.8266355091e-08 -1.3868872731e-10  9.2900653671e-06      0.0000000000  1.0026868463e-07  9.7940219521e-08    0.031512500000   0.0065125000000
 9.8516847688e-08 -1.3787486251e-10  9.2903853672e-06      0.0000000000  1.0050742699e-07  9.7849658831e-08    0.031520833333   0.0065208333333
 9.8966672624e-08 -1.2328600238e-10  9.2907252534e-06      0.0000000000  1.0074662410e-07  1.0074200377e-07    0.031529166667   0.0065291666667
 9.9345513639e-08 -1.1358225291e-10  9.2910653700e-06      0.0000000000  1.0098536646e-07  1.0152217783e-07    0.031537500000   0.0065375000000
 9.9643521557e-08 -1.0950879925e-10  9.2913853632e-06      0.0000000000  1.0122456357e-07  1.0099136011e-07    0.031545833333   0.0065458333333
 9.9652669521e-08 -1.2544285113e-10  9.2917252598e-06      0.0000000000  1.0146376067e-07  1.0050780376e-07    0.031554166667   0.0065541666667
 9.9955085288e-08 -1.2103259614e-10  9.2920653590e-06      0.0000000000  1.0170250303e-07  1.0175005745e-07    0.031562500000   0.0065625000000
 1.0025911239e-07 -1.1654223192e-10  9.2923853661e-06      0.0000000000  1.0194170014e-07  1.0185546003e-07    0.031570833333   0.0065708333333
 1.0042475901e-07 -1.2163660946e-10  9.2927252558e-06      0.0000000000  1.0218089724e-07  1.0110528420e-07    0.031579166667   0.0065791666667
 1.0065603902e-07 -1.2215347917e-10  9.2930653620e-06      0.0000000000  1.0241963960e-07  1.0243520567e-07    0.031587500000   0.0065875000000
 1.0073297890e-07 -1.3339201304e-10  9.2933853691e-06      0.0000000000  1.0265883671e-07  1.0320317920e-07    0.031595833333   0.0065958333333
 1.0089382258e-07 -1.3881906032e-10  9.2937252552e-06      0.0000000000  1.0289803382e-07  1.0311972500e-07    0.031604166667   0.0066041666667
 1.0117140168e-07 -1.3616058197e-10  9.2940653719e-06      0.0000000000  1.0313723092e-07  1.0375270650e-07    0.031612500000   0.0066125000000
 1.0129813659e-07 -1.4395012855e-10  9.2943853581e-06      0.0000000000  1.0337642803e-07  1.0370767771e-07    0.031620833333   0.0066208333333
 1.0136431499e-07 -1.5593404178e-10  9.2947252582e-06      0.0000000000  1.0361562514e-07  1.0539341150e-07    0.031629166667   0.0066291666667
 1.0174914492e-07 -1.4584697542e-10  9.2950653679e-06      0.0000000000  1.0385482224e-07  1.0344769306e-07    0.031637500000   0.0066375000000
 1.0208490951e-07 -1.3915835556e-10  9.2953853610e-06      0.0000000000  1.0409401935e-07  1.0286046358e-07    0.031645833333   0.0066458333333
 1.0224921860e-07 -1.4434537577e-10  9.2957252577e-06      0.0000000000  1.0433321646e-07  1.0501868520e-07    0.031654166667   0.0066541666667
 1.0234877609e-07 -1.5401733049e-10  9.2960653639e-06      0.0000000000  1.0457241356e-07  1.0750217063e-07    0.031662500000   0.0066625000000
 1.0246237824e-07 -1.6271650009e-10  9.2963853710e-06      0.0000000000  1.0481161067e-07  1.0190048882e-07    0.031670833333   0.0066708333333
 1.0272992556e-07 -1.6075286032e-10  9.2967252502e-06      0.0000000000  1.0505080778e-07  1.0404328682e-07    0.031679166667   0.0066791666667
 1.0315196496e-07 -1.4808852873e-10  9.2970653668e-06      0.0000000000  1.0529000488e-07  1.0522089024e-07    0.031687500000   0.0066875000000
 1.0335694920e-07 -1.5045823814e-10  9.2973853669e-06      0.0000000000  1.0552920199e-07  1.0619771936e-07    0.031695833333   0.0066958333333
 1.0349663437e-07 -1.5735080152e-10  9.2977252601e-06      0.0000000000  1.0576839910e-07  1.0730740226e-07    0.031704166667   0.0067041666667
 1.0372204743e-07 -1.5830553561e-10  9.2980653628e-06      0.0000000000  1.0600759620e-07  1.0747198374e-07    0.031712500000   0.0067125000000
 1.0374472378e-07 -1.7333405903e-10  9.2983853629e-06      0.0000000000  1.0624724806e-07  1.0708056031e-07    0.031720833333   0.0067208333333
 1.0401670933e-07 -1.7106301065e-10  9.2987252665e-06      0.0000000000  1.0648644516e-07  1.0650608165e-07    0.031729166667   0.0067291666667
 1.0462254664e-07 -1.4566815769e-10  9.2990653588e-06      0.0000000000  1.0672564227e-07  1.0614511240e-07    0.031737500000   0.0067375000000
 1.0499606790e-07 -1.3636437165e-10  9.2993853659e-06      0.0000000000  1.0696483938e-07  1.0675498205e-07    0.031745833333   0.0067458333333
 1.0529361993e-07 -1.3235399221e-10  9.2997252590e-06      0.0000000000  1.0720449123e-07  1.0755013950e-07    0.031754166667   0.0067541666667
 1.0553617862e-07 -1.3212115675e-10  9.3000653687e-06      0.0000000000  1.0744368834e-07  1.0608665673e-07    0.031762500000   0.0067625000000
 1.0581175141e-07 -1.2960164241e-10  9.3003853688e-06      0.0000000000  1.0768288544e-07  1.0592113191e-07    0.031770833333   0.0067708333333
 1.0617800726e-07 -1.2083258287e-10  9.3007252550e-06      0.0000000000  1.0792253730e-07  1.0782952552e-07    0.031779166667   0.0067791666667
 1.0647060412e-07 -1.1713391935e-10  9.3010653717e-06      0.0000000000  1.0816173440e-07  1.0876140445e-07    0.031787500000   0.0067875000000
 1.0656824661e-07 -1.2697001136e-10  9.3013853648e-06      0.0000000000  1.0840138626e-07  1.0886866227e-07    0.031795833333   0.0067958333333
 1.0671899731e-07 -1.3309613517e-10  9.3017252614e-06      0.0000000000  1.0864058336e-07  1.0891197732e-07    0.031804166667   0.0068041666667
 1.0682709749e-07 -1.4220788951e-10  9.3020653607e-06      0.0000000000  1.0888023522e-07  1.0979109208e-07    0.031812500000   0.0068125000000
 1.0716112957e-07 -1.3567076712e-10  9.3023853678e-06      0.0000000000  1.0911988707e-07  1.0965550260e-07    0.031820833333   0.0068208333333
 1.0729060047e-07 -1.4327080890e-10  9.3027252574e-06      0.0000000000  1.0935908418e-07  1.1121250186e-07    0.031829166667   0.0068291666667
 1.0742654683e-07 -1.5045383376e-10  9.3030653636e-06      0.0000000000  1.0959873603e-07  1.1319218056e-07    0.031837500000   0.0068375000000
 1.0767311812e-07 -1.4994307026e-10  9.3033853707e-06      0.0000000000  1.0983793314e-07  1.1263881701e-07    0.031845833333   0.0068458333333
 1.0780918605e-07 -1.5711767474e-10  9.3037252569e-06      0.0000000000  1.1007758499e-07  1.1029565348e-07    0.031854166667   0.0068541666667
 1.0807907438e-07 -1.5502338496e-10  9.3040653736e-06      0.0000000000  1.1031723685e-07  1.1069443497e-07    0.031862500000   0.0068625000000
 1.0839559612e-07 -1.4969909327e-10  9.3043853597e-06      0.0000000000  1.1055688870e-07  1.1045344291e-07    0.031870833333   0.0068708333333
 1.0869840725e-07 -1.4529295135e-10  9.3047252598e-06      0.0000000000  1.1079608581e-07  1.1219788393e-07    0.031879166667   0.0068791666667
 1.0880656808e-07 -1.5440050475e-10  9.3050653695e-06      0.0000000000  1.1103573766e-07  1.1205718469e-07    0.031887500000   0.0068875000000
 1.0901857498e-07 -1.5631529627e-10  9.3053853627e-06      0.0000000000  1.1127538952e-07  1.1217576259e-07    0.031895833333   0.0068958333333
 1.0924079615e-07 -1.5752260939e-10  9.3057252593e-06      0.0000000000  1.1151504137e-07  1.1239697594e-07    0.031904166667   0.0069041666667
 1.0971071585e-07 -1.4157340929e-10  9.3060653655e-06      0.0000000000  1.1175469322e-07  1.1024263774e-07    0.031912500000   0.0069125000000
 1.0994132749e-07 -1.4219956820e-10  9.3063853726e-06      0.0000000000  1.1199434508e-07  1.1289279572e-07    0.031920833333   0.0069208333333
 1.1004729952e-07 -1.5145872543e-10  9.3067252518e-06      0.0000000000  1.1223399693e-07  1.1181469901e-07    0.031929166667   0.0069291666667
 1.1045781777e-07 -1.3962388913e-10  9.3070653685e-06      0.0000000000  1.1247364878e-07  1.1163922195e-07    0.031937500000   0.0069375000000
 1.1071031733e-07 -1.3873400967e-10  9.3073853686e-06      0.0000000000  1.1271330064e-07  1.1341789050e-07    0.031945833333   0.0069458333333
 1.1080419008e-07 -1.4883120745e-10  9.3077252617e-06      0.0000000000  1.1295295249e-07  1.1584512140e-07    0.031954166667   0.0069541666667
 1.1090943270e-07 -1.5814088696e-10  9.3080653644e-06      0.0000000000  1.1319260435e-07  1.1442880565e-07    0.031962500000   0.0069625000000
 1.1134852682e-07 -1.4432678040e-10  9.3083853646e-06      0.0000000000  1.1343225620e-07  1.1239596971e-07    0.031970833333   0.0069708333333
 1.1175272182e-07 -1.3292991485e-10  9.3087252647e-06      0.0000000000  1.1367190805e-07  1.1291070347e-07    0.031979166667   0.0069791666667
 1.1188198024e-07 -1.4057617160e-10  9.3090653604e-06      0.0000000000  1.1391155991e-07  1.1226805274e-07    0.031987500000   0.0069875000000
 1.1195062123e-07 -1.5242101444e-10  9.3093853675e-06      0.0000000000  1.1415121176e-07  1.1176544091e-07    0.031995833333   0.0069958333333
 1.1222601220e-07 -1.4997708928e-10  9.3097252572e-06      0.0000000000  1.1439131836e-07  1.1253410621e-07    0.032004166667   0.0070041666667
 1.1269191902e-07 -1.3430583571e-10  9.3100653704e-06      0.0000000000  1.1463097022e-07  1.1539227078e-07    0.032012500000   0.0070125000000
 1.1288258519e-07 -1.3769876465e-10  9.3103853635e-06      0.0000000000  1.1487062207e-07  1.1341980863e-07    0.032020833333   0.0070208333333
 1.1299117165e-07 -1.4677683746e-10  9.3107252566e-06      0.0000000000  1.1511027393e-07  1.1176786215e-07    0.032029166667   0.0070291666667
 1.1340664533e-07 -1.3463026674e-10  9.3110653733e-06      0.0000000000  1.1535038053e-07  1.1423281094e-07    0.032037500000   0.0070375000000
 1.1361974663e-07 -1.3646925634e-10  9.3113853664e-06      0.0000000000  1.1559003238e-07  1.1679067877e-07    0.032045833333   0.0070458333333
 1.1374119243e-07 -1.4468814055e-10  9.3117252596e-06      0.0000000000  1.1583013898e-07  1.1794306355e-07    0.032054166667   0.0070541666667
 1.1383299823e-07 -1.5492850328e-10  9.3120653623e-06      0.0000000000  1.1606979084e-07  1.1733479758e-07    0.032062500000   0.0070625000000
 1.1433283134e-07 -1.3690739024e-10  9.3123853694e-06      0.0000000000  1.1630944269e-07  1.1644629659e-07    0.032070833333   0.0070708333333
 1.1459484641e-07 -1.3538992886e-10  9.3127252591e-06      0.0000000000  1.1654954929e-07  1.1711325406e-07    0.032079166667   0.0070791666667
 1.1454279976e-07 -1.5559404294e-10  9.3130653653e-06      0.0000000000  1.1678920114e-07  1.1695636081e-07    0.032087500000   0.0070875000000
 1.1489972325e-07 -1.4750287485e-10  9.3133853724e-06      0.0000000000  1.1702930775e-07  1.1687164883e-07    0.032095833333   0.0070958333333
 1.1513671877e-07 -1.4768686207e-10  9.3137252585e-06      0.0000000000  1.1726895960e-07  1.1695763432e-07    0.032104166667   0.0071041666667
 1.1545770967e-07 -1.4208451746e-10  9.3140653752e-06      0.0000000000  1.1750906620e-07  1.1653660572e-07    0.032112500000   0.0071125000000
 1.1572927025e-07 -1.3990589902e-10  9.3143853613e-06      0.0000000000  1.1774917280e-07  1.1605487316e-07    0.032120833333   0.0071208333333
 1.1595483553e-07 -1.4088158694e-10  9.3147252615e-06      0.0000000000  1.1798882466e-07  1.1845495157e-07    0.032129166667   0.0071291666667
 1.1632720213e-07 -1.3172077161e-10  9.3150653712e-06      0.0000000000  1.1822893126e-07  1.1782395109e-07    0.032137500000   0.0071375000000
 1.1669233359e-07 -1.2306108913e-10  9.3153853643e-06      0.0000000000  1.1846903786e-07  1.1730445346e-07    0.032145833333   0.0071458333333
 1.1693589549e-07 -1.2279026484e-10  9.3157252610e-06      0.0000000000  1.1870868971e-07  1.1760163717e-07    0.032154166667   0.0071541666667
 1.1713705000e-07 -1.2548823031e-10  9.3160653672e-06      0.0000000000  1.1894879631e-07  1.1706361863e-07    0.032162500000   0.0071625000000
 1.1727071665e-07 -1.3286065359e-10  9.3163853742e-06      0.0000000000  1.1918890292e-07  1.1941241075e-07    0.032170833333   0.0071708333333
 1.1755261307e-07 -1.2996613636e-10  9.3167252534e-06      0.0000000000  1.1942900952e-07  1.1999739194e-07    0.032179166667   0.0071791666667
 1.1787621839e-07 -1.2418270734e-10  9.3170653701e-06      0.0000000000  1.1966911612e-07  1.2193440020e-07    0.032187500000   0.0071875000000
 1.1817787487e-07 -1.1991953614e-10  9.3173853702e-06      0.0000000000  1.1990922272e-07  1.2092370516e-07    0.032195833333   0.0071958333333
 1.1822870146e-07 -1.3299826988e-10  9.3177252634e-06      0.0000000000  1.2014887457e-07  1.1811865067e-07    0.032204166667   0.0072041666667
 1.1838018251e-07 -1.3913680226e-10  9.3180653661e-06      0.0000000000  1.2038898117e-07  1.2039122088e-07    0.032212500000   0.0072125000000
 1.1864298792e-07 -1.3756459916e-10  9.3183853662e-06      0.0000000000  1.2062908778e-07  1.1918676370e-07    0.032220833333   0.0072208333333
 1.1907451257e-07 -1.2430627930e-10  9.3187252663e-06      0.0000000000  1.2086919438e-07  1.1958430312e-07    0.032229166667   0.0072291666667
 1.1908049984e-07 -1.4052224740e-10  9.3190653621e-06      0.0000000000  1.2110930098e-07  1.2074311834e-07    0.032237500000   0.0072375000000
 1.1897285213e-07 -1.6460899370e-10  9.3193853691e-06      0.0000000000  1.2134940758e-07  1.2182154523e-07    0.032245833333   0.0072458333333
 1.1930989399e-07 -1.5789489997e-10  9.3197252588e-06      0.0000000000  1.2158951418e-07  1.2254709987e-07    0.032254166667   0.0072541666667
 1.1982997409e-07 -1.3853440079e-10  9.3200653720e-06      0.0000000000  1.2183007553e-07  1.2245399216e-07    0.032262500000   0.0072625000000
 1.1994831919e-07 -1.4696805093e-10  9.3203853651e-06      0.0000000000  1.2207018213e-07  1.2075245741e-07    0.032270833333   0.0072708333333
 1.2014059670e-07 -1.5028087063e-10  9.3207252583e-06      0.0000000000  1.2231028873e-07  1.2166535948e-07    0.032279166667   0.0072791666667
 1.2037105676e-07 -1.5094902507e-10  9.3210653750e-06      0.0000000000  1.2255039533e-07  1.2224692892e-07    0.032287500000   0.0072875000000
 1.2058133115e-07 -1.5301531405e-10  9.3213853681e-06      0.0000000000  1.2279050193e-07  1.2299782797e-07    0.032295833333   0.0072958333333
 1.2079133214e-07 -1.5513203745e-10  9.3217252612e-06      0.0000000000  1.2303106328e-07  1.2453434102e-07    0.032304166667   0.0073041666667
 1.2099139225e-07 -1.5790580484e-10  9.3220653639e-06      0.0000000000  1.2327116988e-07  1.2665449885e-07    0.032312500000   0.0073125000000
 1.2139318598e-07 -1.4670675809e-10  9.3223853710e-06      0.0000000000  1.2351127649e-07  1.2448657655e-07    0.032320833333   0.0073208333333
 1.2168286475e-07 -1.4327320705e-10  9.3227252607e-06      0.0000000000  1.2375138309e-07  1.2282307414e-07    0.032329166667   0.0073291666667
 1.2189627076e-07 -1.4515408581e-10  9.3230653669e-06      0.0000000000  1.2399194444e-07  1.2448462697e-07    0.032337500000   0.0073375000000
 1.2219136086e-07 -1.4134572611e-10  9.3233853740e-06      0.0000000000  1.2423205104e-07  1.2591303320e-07    0.032345833333   0.0073458333333
 1.2236567240e-07 -1.4593443224e-10  9.3237252602e-06      0.0000000000  1.2447261239e-07  1.2646490313e-07    0.032354166667   0.0073541666667
 1.2271469197e-07 -1.3839071833e-10  9.3240653699e-06      0.0000000000  1.2471271899e-07  1.2754299984e-07    0.032362500000   0.0073625000000
 1.2313235445e-07 -1.2609254377e-10  9.3243853630e-06      0.0000000000  1.2495282559e-07  1.2617276629e-07    0.032370833333   0.0073708333333
 1.2344249269e-07 -1.2127339162e-10  9.3247252631e-06      0.0000000000  1.2519338694e-07  1.2538756108e-07    0.032379166667   0.0073791666667
 1.2353247507e-07 -1.3170304641e-10  9.3250653728e-06      0.0000000000  1.2543394829e-07  1.2578505333e-07    0.032387500000   0.0073875000000
 1.2374056066e-07 -1.3392093923e-10  9.3253853659e-06      0.0000000000  1.2567405489e-07  1.2562694946e-07    0.032395833333   0.0073958333333
 1.2412773227e-07 -1.2376617221e-10  9.3257252626e-06      0.0000000000  1.2591461623e-07  1.2481206047e-07    0.032404166667   0.0074041666667
 1.2438974734e-07 -1.2224871083e-10  9.3260653688e-06      0.0000000000  1.2615472284e-07  1.2505861824e-07    0.032412500000   0.0074125000000
 1.2448720800e-07 -1.3216039201e-10  9.3263853759e-06      0.0000000000  1.2639528418e-07  1.2712138952e-07    0.032420833333   0.0074208333333
 1.2478427441e-07 -1.2824664344e-10  9.3267252516e-06      0.0000000000  1.2663584553e-07  1.2536416624e-07    0.032429166667   0.0074291666667
 1.2510465719e-07 -1.2268641924e-10  9.3270653718e-06      0.0000000000  1.2687595213e-07  1.2550280585e-07    0.032437500000   0.0074375000000
 1.2532304863e-07 -1.2422198842e-10  9.3273853719e-06      0.0000000000  1.2711651348e-07  1.2656425261e-07    0.032445833333   0.0074458333333
 1.2569714840e-07 -1.1497262498e-10  9.3277252580e-06      0.0000000000  1.2735707483e-07  1.2713407745e-07    0.032454166667   0.0074541666667
 1.2592016058e-07 -1.1618814574e-10  9.3280653677e-06      0.0000000000  1.2759763618e-07  1.2517911427e-07    0.032462500000   0.0074625000000
 1.2598159708e-07 -1.2856349564e-10  9.3283853678e-06      0.0000000000  1.2783774278e-07  1.2639866490e-07    0.032470833333   0.0074708333333
 1.2623841396e-07 -1.2743757730e-10  9.3287252680e-06      0.0000000000  1.2807830413e-07  1.3034423381e-07    0.032479166667   0.0074791666667
 1.2632262030e-07 -1.3826730187e-10  9.3290653637e-06      0.0000000000  1.2831886548e-07  1.3137830797e-07    0.032487500000   0.0074875000000
 1.2649504710e-07 -1.4298655164e-10  9.3293853708e-06      0.0000000000  1.2855942683e-07  1.3004593381e-07    0.032495833333   0.0074958333333
 1.2704425027e-07 -1.2160888124e-10  9.3297252605e-06      0.0000000000  1.2879998818e-07  1.2809603323e-07    0.032504166667   0.0075041666667
 1.2738983482e-07 -1.1433458712e-10  9.3300653736e-06      0.0000000000  1.2904054952e-07  1.2871727013e-07    0.032512500000   0.0075125000000
 1.2750590022e-07 -1.2295763568e-10  9.3303853668e-06      0.0000000000  1.2928111087e-07  1.2814522843e-07    0.032520833333   0.0075208333333
 1.2765406782e-07 -1.2935716747e-10  9.3307252599e-06      0.0000000000  1.2952167222e-07  1.2894073178e-07    0.032529166667   0.0075291666667
 1.2801163007e-07 -1.2125325319e-10  9.3310653766e-06      0.0000000000  1.2976223357e-07  1.2982758193e-07    0.032537500000   0.0075375000000
 1.2844835357e-07 -1.0766633964e-10  9.3313853697e-06      0.0000000000  1.3000279492e-07  1.3053338931e-07    0.032545833333   0.0075458333333
 1.2872547743e-07 -1.0513388487e-10  9.3317252629e-06      0.0000000000  1.3024335627e-07  1.3085289874e-07    0.032554166667   0.0075541666667
 1.2859402706e-07 -1.3090078832e-10  9.3320653656e-06      0.0000000000  1.3048391762e-07  1.3016246781e-07    0.032562500000   0.0075625000000
 1.2876098189e-07 -1.3599904768e-10  9.3323853727e-06      0.0000000000  1.3072447897e-07  1.3352000541e-07    0.032570833333   0.0075708333333
 1.2918305260e-07 -1.2342703964e-10  9.3327252623e-06      0.0000000000  1.3096504031e-07  1.3110714473e-07    0.032579166667   0.0075791666667
 1.2958071254e-07 -1.1257730916e-10  9.3330653685e-06      0.0000000000  1.3120605641e-07  1.3192412480e-07    0.032587500000   0.0075875000000
 1.2987133414e-07 -1.0910995173e-10  9.3333853756e-06      0.0000000000  1.3144661776e-07  1.3304198332e-07    0.032595833333   0.0075958333333
 1.3001317850e-07 -1.1594745427e-10  9.3337252583e-06      0.0000000000  1.3168717911e-07  1.3307438706e-07    0.032604166667   0.0076041666667
 1.3017405350e-07 -1.2146682511e-10  9.3340653715e-06      0.0000000000  1.3192774046e-07  1.3193921824e-07    0.032612500000   0.0076125000000
 1.3061779965e-07 -1.0742499368e-10  9.3343853646e-06      0.0000000000  1.3216875655e-07  1.3106581070e-07    0.032620833333   0.0076208333333
 1.3084330467e-07 -1.0846785039e-10  9.3347252648e-06      0.0000000000  1.3240931790e-07  1.2857097374e-07    0.032629166667   0.0076291666667
 1.3102995863e-07 -1.1220167521e-10  9.3350653745e-06      0.0000000000  1.3264987925e-07  1.2929865089e-07    0.032637500000   0.0076375000000
 1.3117876500e-07 -1.1858846081e-10  9.3353853676e-06      0.0000000000  1.3289089534e-07  1.3140456428e-07    0.032645833333   0.0076458333333
 1.3145114657e-07 -1.1638447485e-10  9.3357252607e-06      0.0000000000  1.3313145669e-07  1.3348080961e-07    0.032654166667   0.0076541666667
 1.3177906921e-07 -1.1036500695e-10  9.3360653704e-06      0.0000000000  1.3337247279e-07  1.3350491196e-07    0.032662500000   0.0076625000000
 1.3190826737e-07 -1.1807843249e-10  9.3363853775e-06      0.0000000000  1.3361303414e-07  1.3160791705e-07    0.032670833333   0.0076708333333
 1.3201275069e-07 -1.2753519579e-10  9.3367252532e-06      0.0000000000  1.3385405023e-07  1.3266109386e-07    0.032679166667   0.0076791666667
 1.3206971869e-07 -1.4025154795e-10  9.3370653734e-06      0.0000000000  1.3409461158e-07  1.3330162207e-07    0.032687500000   0.0076875000000
 1.3230826555e-07 -1.4042257623e-10  9.3373853735e-06      0.0000000000  1.3433562768e-07  1.3393960327e-07    0.032695833333   0.0076958333333
 1.3273003221e-07 -1.2787162840e-10  9.3377252597e-06      0.0000000000  1.3457618903e-07  1.3474373818e-07    0.032704166667   0.0077041666667
 1.3268804893e-07 -1.4747320895e-10  9.3380653694e-06      0.0000000000  1.3481720512e-07  1.3502532532e-07    0.032712500000   0.0077125000000
 1.3269850509e-07 -1.6341114264e-10  9.3383853695e-06      0.0000000000  1.3505776647e-07  1.3570302116e-07    0.032720833333   0.0077208333333
 1.3301390283e-07 -1.5825919587e-10  9.3387252696e-06      0.0000000000  1.3529878257e-07  1.3549149277e-07    0.032729166667   0.0077291666667
 1.3320076992e-07 -1.6200975508e-10  9.3390653653e-06      0.0000000000  1.3553979866e-07  1.3580823507e-07    0.032737500000   0.0077375000000
 1.3343110881e-07 -1.6274929775e-10  9.3393853724e-06      0.0000000000  1.3578081476e-07  1.3640103026e-07    0.032745833333   0.0077458333333
 1.3376763414e-07 -1.5610247918e-10  9.3397252621e-06      0.0000000000  1.3602137611e-07  1.3642991220e-07    0.032754166667   0.0077541666667
 1.3399639235e-07 -1.5695150528e-10  9.3400653753e-06      0.0000000000  1.3626239220e-07  1.3439316139e-07    0.032762500000   0.0077625000000
 1.3439198507e-07 -1.4624495826e-10  9.3403853684e-06      0.0000000000  1.3650340830e-07  1.3589873287e-07    0.032770833333   0.0077708333333
 1.3463953024e-07 -1.4579273043e-10  9.3407252581e-06      0.0000000000  1.3674442440e-07  1.3783001820e-07    0.032779166667   0.0077791666667
 1.3464199158e-07 -1.6231591290e-10  9.3410653782e-06      0.0000000000  1.3698544049e-07  1.3894720066e-07    0.032787500000   0.0077875000000
 1.3507433749e-07 -1.4903220702e-10  9.3413853644e-06      0.0000000000  1.3722600184e-07  1.3939321206e-07    0.032795833333   0.0077958333333
 1.3563354244e-07 -1.2699327319e-10  9.3417252645e-06      0.0000000000  1.3746701794e-07  1.3912308651e-07    0.032804166667   0.0078041666667
 1.3603734314e-07 -1.1571821178e-10  9.3420653672e-06      0.0000000000  1.3770803403e-07  1.3755473572e-07    0.032812500000   0.0078125000000
 1.3614894003e-07 -1.2468226260e-10  9.3423853743e-06      0.0000000000  1.3794905013e-07  1.3707300316e-07    0.032820833333   0.0078208333333
 1.3635027742e-07 -1.2743055611e-10  9.3427252640e-06      0.0000000000  1.3819006622e-07  1.3926196195e-07    0.032829166667   0.0078291666667
 1.3657459713e-07 -1.2858700933e-10  9.3430653702e-06      0.0000000000  1.3843108232e-07  1.3901307728e-07    0.032837500000   0.0078375000000
 1.3693243319e-07 -1.2049562849e-10  9.3433853773e-06      0.0000000000  1.3867209842e-07  1.3917674686e-07    0.032845833333   0.0078458333333
 1.3712878487e-07 -1.2358925008e-10  9.3437252600e-06      0.0000000000  1.3891311451e-07  1.3947095905e-07    0.032854166667   0.0078541666667
 1.3723323820e-07 -1.3307958851e-10  9.3440653731e-06      0.0000000000  1.3915458536e-07  1.3648586801e-07    0.032862500000   0.0078625000000
 1.3755386478e-07 -1.2756547291e-10  9.3443853663e-06      0.0000000000  1.3939560145e-07  1.3883440858e-07    0.032870833333   0.0078708333333
 1.3792671832e-07 -1.1843392541e-10  9.3447252664e-06      0.0000000000  1.3963661755e-07  1.3793200904e-07    0.032879166667   0.0078791666667
 1.3825695132e-07 -1.1225443330e-10  9.3450653761e-06      0.0000000000  1.3987763364e-07  1.3847477573e-07    0.032887500000   0.0078875000000
 1.3836909542e-07 -1.2118058316e-10  9.3453853692e-06      0.0000000000  1.4011864974e-07  1.3937245857e-07    0.032895833333   0.0078958333333
 1.3846929273e-07 -1.3096570890e-10  9.3457252624e-06      0.0000000000  1.4036012058e-07  1.4010832707e-07    0.032904166667   0.0079041666667
 1.3886196697e-07 -1.2046130649e-10  9.3460653721e-06      0.0000000000  1.4060113668e-07  1.4024941937e-07    0.032912500000   0.0079125000000
 1.3919189592e-07 -1.1430287458e-10  9.3463853792e-06      0.0000000000  1.4084215278e-07  1.3901502685e-07    0.032920833333   0.0079208333333
 1.3933972947e-07 -1.2075704171e-10  9.3467252549e-06      0.0000000000  1.4108316887e-07  1.4037265109e-07    0.032929166667   0.0079291666667
 1.3936575097e-07 -1.3567985714e-10  9.3470653750e-06      0.0000000000  1.4132463971e-07  1.4025319273e-07    0.032937500000   0.0079375000000
 1.3956271078e-07 -1.3873135833e-10  9.3473853751e-06      0.0000000000  1.4156565581e-07  1.4100399745e-07    0.032945833333   0.0079458333333
 1.3984773922e-07 -1.3571439872e-10  9.3477252613e-06      0.0000000000  1.4180712665e-07  1.4309744302e-07    0.032954166667   0.0079541666667
 1.4034067255e-07 -1.1826568189e-10  9.3480653710e-06      0.0000000000  1.4204814275e-07  1.4426905623e-07    0.032962500000   0.0079625000000
 1.4040128911e-07 -1.3079231651e-10  9.3483853711e-06      0.0000000000  1.4228961359e-07  1.4402806417e-07    0.032970833333   0.0079708333333
 1.4066561493e-07 -1.2917779877e-10  9.3487252713e-06      0.0000000000  1.4253062969e-07  1.4169738418e-07    0.032979166667   0.0079791666667
 1.4097131560e-07 -1.2472900458e-10  9.3490653670e-06      0.0000000000  1.4277210053e-07  1.4038309072e-07    0.032987500000   0.0079875000000
 1.4142272253e-07 -1.1015655972e-10  9.3493853741e-06      0.0000000000  1.4301311663e-07  1.4195809206e-07    0.032995833333   0.0079958333333
 1.4184096351e-07 -9.7912807753e-11  9.3497252637e-06      0.0000000000  1.4325458747e-07  1.4527184293e-07    0.033004166667   0.0080041666667
 1.4202175051e-07 -1.0208449695e-10  9.3500653769e-06      0.0000000000  1.4349560357e-07  1.4541313962e-07    0.033012500000   0.0080125000000
 1.4211355737e-07 -1.1245077690e-10  9.3503853700e-06      0.0000000000  1.4373707441e-07  1.4446451639e-07    0.033020833333   0.0080208333333
 1.4224537033e-07 -1.2004608588e-10  9.3507252597e-06      0.0000000000  1.4397854525e-07  1.4336333927e-07    0.033029166667   0.0080291666667
 1.4252544360e-07 -1.1734084219e-10  9.3510653799e-06      0.0000000000  1.4421956135e-07  1.4460192966e-07    0.033037500000   0.0080375000000
 1.4288701912e-07 -1.0902194923e-10  9.3513853660e-06      0.0000000000  1.4446103219e-07  1.4467532155e-07    0.033045833333   0.0080458333333
 1.4304278723e-07 -1.1495803638e-10  9.3517252662e-06      0.0000000000  1.4470250304e-07  1.4351226130e-07    0.033054166667   0.0080541666667
 1.4336174222e-07 -1.0959119880e-10  9.3520653689e-06      0.0000000000  1.4494397388e-07  1.4444967450e-07    0.033062500000   0.0080625000000
 1.4360576106e-07 -1.0938321749e-10  9.3523853760e-06      0.0000000000  1.4518498998e-07  1.4593990097e-07    0.033070833333   0.0080708333333
 1.4368115197e-07 -1.2088652621e-10  9.3527252621e-06      0.0000000000  1.4542646082e-07  1.4586904037e-07    0.033079166667   0.0080791666667
 1.4371386143e-07 -1.3534610975e-10  9.3530653718e-06      0.0000000000  1.4566793166e-07  1.4615067469e-07    0.033087500000   0.0080875000000
 1.4404698265e-07 -1.2899806667e-10  9.3533853789e-06      0.0000000000  1.4590940251e-07  1.4602653107e-07    0.033095833333   0.0080958333333
 1.4466726131e-07 -1.0276044036e-10  9.3537252616e-06      0.0000000000  1.4615087335e-07  1.4539744872e-07    0.033104166667   0.0081041666667
 1.4476903930e-07 -1.1243608266e-10  9.3540653748e-06      0.0000000000  1.4639234419e-07  1.4497643585e-07    0.033112500000   0.0081125000000
 1.4473553778e-07 -1.3148168227e-10  9.3543853679e-06      0.0000000000  1.4663381504e-07  1.4539804617e-07    0.033120833333   0.0081208333333
 1.4498214078e-07 -1.3112621019e-10  9.3547252646e-06      0.0000000000  1.4687528588e-07  1.4663847607e-07    0.033129166667   0.0081291666667
 1.4536183476e-07 -1.2155236613e-10  9.3550653777e-06      0.0000000000  1.4711675672e-07  1.4853666587e-07    0.033137500000   0.0081375000000
 1.4575897816e-07 -1.1076991081e-10  9.3553853709e-06      0.0000000000  1.4735822757e-07  1.4962622418e-07    0.033145833333   0.0081458333333
 1.4585589201e-07 -1.2078246081e-10  9.3557252640e-06      0.0000000000  1.4759969841e-07  1.4949041459e-07    0.033154166667   0.0081541666667
 1.4597432935e-07 -1.2930421506e-10  9.3560653737e-06      0.0000000000  1.4784116925e-07  1.4806254293e-07    0.033162500000   0.0081625000000
 1.4628282666e-07 -1.2466171515e-10  9.3563853808e-06      0.0000000000  1.4808264010e-07  1.4667746748e-07    0.033170833333   0.0081708333333
 1.4682011343e-07 -1.0417241333e-10  9.3567252565e-06      0.0000000000  1.4832411094e-07  1.4744968603e-07    0.033179166667   0.0081791666667
 1.4717779791e-07 -9.6123028019e-11  9.3570653767e-06      0.0000000000  1.4856558178e-07  1.4883771728e-07    0.033187500000   0.0081875000000
 1.4719126452e-07 -1.1194693972e-10  9.3573853768e-06      0.0000000000  1.4880750737e-07  1.4950947007e-07    0.033195833333   0.0081958333333
 1.4739421324e-07 -1.1461512400e-10  9.3577252595e-06      0.0000000000  1.4904897822e-07  1.4919088825e-07    0.033204166667   0.0082041666667
 1.4789526363e-07 -9.6635687367e-11  9.3580653726e-06      0.0000000000  1.4929044906e-07  1.4824316119e-07    0.033212500000   0.0082125000000
 1.4816983465e-07 -9.4343046924e-11  9.3583853728e-06      0.0000000000  1.4953191990e-07  1.5001940851e-07    0.033220833333   0.0082208333333
 1.4848049049e-07 -8.9582536820e-11  9.3587252729e-06      0.0000000000  1.4977384549e-07  1.4937488682e-07    0.033229166667   0.0082291666667
 1.4857278388e-07 -9.9915116741e-11  9.3590653686e-06      0.0000000000  1.5001531634e-07  1.5011349101e-07    0.033237500000   0.0082375000000
 1.4844507337e-07 -1.2551747593e-10  9.3593853757e-06      0.0000000000  1.5025724193e-07  1.5064978009e-07    0.033245833333   0.0082458333333
 1.4877491141e-07 -1.1939683860e-10  9.3597252619e-06      0.0000000000  1.5049871277e-07  1.5061431049e-07    0.033254166667   0.0082541666667
 1.4908888069e-07 -1.1437532909e-10  9.3600653786e-06      0.0000000000  1.5074018361e-07  1.5059145020e-07    0.033262500000   0.0082625000000
 1.4920248455e-07 -1.2326336525e-10  9.3603853717e-06      0.0000000000  1.5098210921e-07  1.5178081394e-07    0.033270833333   0.0082708333333
 1.4922157471e-07 -1.3866627184e-10  9.3607252614e-06      0.0000000000  1.5122358005e-07  1.5138203245e-07    0.033279166667   0.0082791666667
 1.4958026267e-07 -1.3057887919e-10  9.3610653815e-06      0.0000000000  1.5146550564e-07  1.5104312165e-07    0.033287500000   0.0082875000000
 1.4989477916e-07 -1.2551946872e-10  9.3613853677e-06      0.0000000000  1.5170697648e-07  1.5122943140e-07    0.033295833333   0.0082958333333
 1.5006510913e-07 -1.3047844494e-10  9.3617252678e-06      0.0000000000  1.5194890207e-07  1.5176845618e-07    0.033304166667   0.0083041666667
 1.5016247954e-07 -1.4049087006e-10  9.3620653705e-06      0.0000000000  1.5219082766e-07  1.5178081394e-07    0.033312500000   0.0083125000000
 1.5034402688e-07 -1.4464139269e-10  9.3623853776e-06      0.0000000000  1.5243229851e-07  1.5135920361e-07    0.033320833333   0.0083208333333
 1.5054238553e-07 -1.4765899961e-10  9.3627252638e-06      0.0000000000  1.5267422410e-07  1.5224842783e-07    0.033329166667   0.0083291666667
 1.5096740604e-07 -1.3497717052e-10  9.3630653735e-06      0.0000000000  1.5291614969e-07  1.5295483266e-07    0.033337500000   0.0083375000000
 1.5122774991e-07 -1.3366995501e-10  9.3633853806e-06      0.0000000000  1.5315762053e-07  1.5283059472e-07    0.033345833333   0.0083458333333
 1.5136062728e-07 -1.4122303722e-10  9.3637252632e-06      0.0000000000  1.5339954612e-07  1.5239217721e-07    0.033354166667   0.0083541666667
 1.5152609339e-07 -1.4651890263e-10  9.3640653764e-06      0.0000000000  1.5364147171e-07  1.5316563783e-07    0.033362500000   0.0083625000000
 1.5192752346e-07 -1.3547103423e-10  9.3643853696e-06      0.0000000000  1.5388339730e-07  1.5400860692e-07    0.033370833333   0.0083708333333
 1.5239093848e-07 -1.2009836191e-10  9.3647252662e-06      0.0000000000  1.5412486815e-07  1.5453488088e-07    0.033379166667   0.0083791666667
 1.5254004957e-07 -1.2652703666e-10  9.3650653794e-06      0.0000000000  1.5436679374e-07  1.5445084496e-07    0.033387500000   0.0083875000000
 1.5273846914e-07 -1.2954042414e-10  9.3653853725e-06      0.0000000000  1.5460871933e-07  1.5407256541e-07    0.033395833333   0.0083958333333
 1.5299075726e-07 -1.2882267685e-10  9.3657252657e-06      0.0000000000  1.5485064492e-07  1.5391086112e-07    0.033404166667   0.0084041666667
 1.5329344853e-07 -1.2461382187e-10  9.3660653754e-06      0.0000000000  1.5509257051e-07  1.5473107998e-07    0.033412500000   0.0084125000000
 1.5367682107e-07 -1.1481668512e-10  9.3663853825e-06      0.0000000000  1.5533449610e-07  1.5610106198e-07    0.033420833333   0.0084208333333
 1.5394078284e-07 -1.1329037787e-10  9.3667252581e-06      0.0000000000  1.5557642169e-07  1.5614720705e-07    0.033429166667   0.0084291666667
 1.5412236084e-07 -1.1747027471e-10  9.3670653783e-06      0.0000000000  1.5581834728e-07  1.5649984346e-07    0.033437500000   0.0084375000000
 1.5408876840e-07 -1.3655366890e-10  9.3673853784e-06      0.0000000000  1.5606027287e-07  1.5629098787e-07    0.033445833333   0.0084458333333
 1.5459410520e-07 -1.1830883769e-10  9.3677252611e-06      0.0000000000  1.5630219846e-07  1.5572402450e-07    0.033454166667   0.0084541666667
 1.5512035736e-07 -9.8615331138e-11  9.3680653743e-06      0.0000000000  1.5654412405e-07  1.5614609077e-07    0.033462500000   0.0084625000000
 1.5524490518e-07 -1.0674534811e-10  9.3683853744e-06      0.0000000000  1.5678604964e-07  1.5623639990e-07    0.033470833333   0.0084708333333
 1.5544438888e-07 -1.0971652732e-10  9.3687252711e-06      0.0000000000  1.5702842998e-07  1.5703190324e-07    0.033479166667   0.0084791666667
 1.5563070944e-07 -1.1356793684e-10  9.3690653703e-06      0.0000000000  1.5727035557e-07  1.5777740954e-07    0.033487500000   0.0084875000000
 1.5606880179e-07 -9.9980704169e-11  9.3693853774e-06      0.0000000000  1.5751228116e-07  1.5813304891e-07    0.033495833333   0.0084958333333
 1.5628594766e-07 -1.0169703865e-10  9.3697252635e-06      0.0000000000  1.5775420675e-07  1.5815417974e-07    0.033504166667   0.0085041666667
 1.5649455151e-07 -1.0403652287e-10  9.3700653802e-06      0.0000000000  1.5799658709e-07  1.5796736687e-07    0.033512500000   0.0085125000000
 1.5662894890e-07 -1.1148432258e-10  9.3703853733e-06      0.0000000000  1.5823851268e-07  1.5765141069e-07    0.033520833333   0.0085208333333
 1.5678505172e-07 -1.1742872374e-10  9.3707252630e-06      0.0000000000  1.5848043827e-07  1.5851716145e-07    0.033529166667   0.0085291666667
 1.5717353153e-07 -1.0727783854e-10  9.3710653832e-06      0.0000000000  1.5872236386e-07  1.5900051342e-07    0.033537500000   0.0085375000000
 1.5734066989e-07 -1.1248937528e-10  9.3713853693e-06      0.0000000000  1.5896474420e-07  1.5942388464e-07    0.033545833333   0.0085458333333
 1.5746266394e-07 -1.2079627574e-10  9.3717252660e-06      0.0000000000  1.5920666979e-07  1.5968627481e-07    0.033554166667   0.0085541666667
 1.5755629554e-07 -1.3109916233e-10  9.3720653722e-06      0.0000000000  1.5944905013e-07  1.5896101889e-07    0.033562500000   0.0085625000000
 1.5772899679e-07 -1.3589389489e-10  9.3723853792e-06      0.0000000000  1.5969097572e-07  1.5944275145e-07    0.033570833333   0.0085708333333
 1.5821466511e-07 -1.1904287242e-10  9.3727252654e-06      0.0000000000  1.5993335606e-07  1.6009757128e-07    0.033579166667   0.0085791666667
 1.5853614360e-07 -1.1353274500e-10  9.3730653751e-06      0.0000000000  1.6017528165e-07  1.5975877053e-07    0.033587500000   0.0085875000000
 1.5851230982e-07 -1.3197171652e-10  9.3733853822e-06      0.0000000000  1.6041766199e-07  1.5975877053e-07    0.033595833333   0.0085958333333
 1.5875511309e-07 -1.3191092536e-10  9.3737252649e-06      0.0000000000  1.6065958758e-07  1.6029826697e-07    0.033604166667   0.0086041666667
 1.5919633706e-07 -1.1813828246e-10  9.3740653781e-06      0.0000000000  1.6090196792e-07  1.6034584278e-07    0.033612500000   0.0086125000000
 1.5951286050e-07 -1.1300285733e-10  9.3743853712e-06      0.0000000000  1.6114434826e-07  1.6133924324e-07    0.033620833333   0.0086208333333
 1.5943658662e-07 -1.3504252635e-10  9.3747252678e-06      0.0000000000  1.6138627385e-07  1.6193576462e-07    0.033629166667   0.0086291666667
 1.5942424400e-07 -1.5268557772e-10  9.3750653740e-06      0.0000000000  1.6162865418e-07  1.6154240735e-07    0.033637500000   0.0086375000000
 1.5989507731e-07 -1.3686208208e-10  9.3753853742e-06      0.0000000000  1.6187103452e-07  1.6121497385e-07    0.033645833333   0.0086458333333
 1.6020266310e-07 -1.3234571212e-10  9.3757252673e-06      0.0000000000  1.6211341486e-07  1.6138040433e-07    0.033654166667   0.0086541666667
 1.6032137424e-07 -1.4087999982e-10  9.3760653770e-06      0.0000000000  1.6235534045e-07  1.6189619149e-07    0.033662500000   0.0086625000000
 1.6041026327e-07 -1.5151137374e-10  9.3763853841e-06      0.0000000000  1.6259772079e-07  1.6233264370e-07    0.033670833333   0.0086708333333
 1.6033791107e-07 -1.7331090931e-10  9.3767252598e-06      0.0000000000  1.6284010113e-07  1.6276521250e-07    0.033679166667   0.0086791666667
 1.6065479950e-07 -1.6815020453e-10  9.3770653800e-06      0.0000000000  1.6308248146e-07  1.6304005476e-07    0.033687500000   0.0086875000000
 1.6101728759e-07 -1.5983109883e-10  9.3773853801e-06      0.0000000000  1.6332486180e-07  1.6368350734e-07    0.033695833333   0.0086958333333
 1.6119056670e-07 -1.6461730464e-10  9.3777252627e-06      0.0000000000  1.6356724214e-07  1.6431722778e-07    0.033704166667   0.0087041666667
 1.6133131798e-07 -1.7165650780e-10  9.3780653759e-06      0.0000000000  1.6380962248e-07  1.6331120228e-07    0.033712500000   0.0087125000000
 1.6166371017e-07 -1.6542195485e-10  9.3783853760e-06      0.0000000000  1.6405200282e-07  1.6552365025e-07    0.033720833333   0.0087208333333
 1.6214439305e-07 -1.4891624194e-10  9.3787252657e-06      0.0000000000  1.6429438316e-07  1.6405972726e-07    0.033729166667   0.0087291666667
 1.6235038248e-07 -1.5143681058e-10  9.3790653719e-06      0.0000000000  1.6453676349e-07  1.6447946662e-07    0.033737500000   0.0087375000000
 1.6265432037e-07 -1.4717310751e-10  9.3793853790e-06      0.0000000000  1.6477914383e-07  1.6469954797e-07    0.033745833333   0.0087458333333
 1.6287447603e-07 -1.4871247065e-10  9.3797252652e-06      0.0000000000  1.6502152417e-07  1.6421850719e-07    0.033754166667   0.0087541666667
 1.6311937745e-07 -1.4853785173e-10  9.3800653818e-06      0.0000000000  1.6526390451e-07  1.6418410671e-07    0.033762500000   0.0087625000000
 1.6362413704e-07 -1.3036449662e-10  9.3803853750e-06      0.0000000000  1.6550628485e-07  1.6534303199e-07    0.033770833333   0.0087708333333
 1.6397957221e-07 -1.2253390245e-10  9.3807252646e-06      0.0000000000  1.6574866518e-07  1.6432401983e-07    0.033779166667   0.0087791666667
 1.6424514558e-07 -1.2092746746e-10  9.3810653848e-06      0.0000000000  1.6599104552e-07  1.6549176534e-07    0.033787500000   0.0087875000000
 1.6465350740e-07 -1.0946247576e-10  9.3813853709e-06      0.0000000000  1.6623388061e-07  1.6637227939e-07    0.033795833333   0.0087958333333
 1.6495087891e-07 -1.0565358420e-10  9.3817252676e-06      0.0000000000  1.6647626094e-07  1.6631082075e-07    0.033804166667   0.0088041666667
 1.6517985066e-07 -1.0658231255e-10  9.3820653738e-06      0.0000000000  1.6671864128e-07  1.6606550505e-07    0.033812500000   0.0088125000000
 1.6573650316e-07 -8.4846160899e-11  9.3823853809e-06      0.0000000000  1.6696147637e-07  1.6448522100e-07    0.033820833333   0.0088208333333
 1.6599514518e-07 -8.3719817068e-11  9.3827252671e-06      0.0000000000  1.6720385671e-07  1.6652157875e-07    0.033829166667   0.0088291666667
 1.6610197018e-07 -9.3108879704e-11  9.3830653768e-06      0.0000000000  1.6744623704e-07  1.6685954621e-07    0.033837500000   0.0088375000000
 1.6619131549e-07 -1.0374014724e-10  9.3833853838e-06      0.0000000000  1.6768907213e-07  1.6723207139e-07    0.033845833333   0.0088458333333
 1.6659241151e-07 -9.2746914188e-11  9.3837252665e-06      0.0000000000  1.6793145247e-07  1.6824080113e-07    0.033854166667   0.0088541666667
 1.6695176863e-07 -8.4676168064e-11  9.3840653797e-06      0.0000000000  1.6817428755e-07  1.6874484369e-07    0.033862500000   0.0088625000000
 1.6703354409e-07 -9.5800254447e-11  9.3843853728e-06      0.0000000000  1.6841666789e-07  1.7002426500e-07    0.033870833333   0.0088708333333
 1.6728449507e-07 -9.5238117695e-11  9.3847252695e-06      0.0000000000  1.6865950298e-07  1.6882955567e-07    0.033879166667   0.0088791666667
 1.6743120488e-07 -1.0186461124e-10  9.3850653757e-06      0.0000000000  1.6890188331e-07  1.6866761555e-07    0.033887500000   0.0088875000000
 1.6764257537e-07 -1.0404396487e-10  9.3853853758e-06      0.0000000000  1.6914471840e-07  1.6888769689e-07    0.033895833333   0.0088958333333
 1.6793526524e-07 -1.0055934119e-10  9.3857252690e-06      0.0000000000  1.6938709874e-07  1.6887458446e-07    0.033904166667   0.0089041666667
 1.6822518913e-07 -9.7297797445e-11  9.3860653786e-06      0.0000000000  1.6962993382e-07  1.6817280200e-07    0.033912500000   0.0089125000000
 1.6825051226e-07 -1.1236347722e-10  9.3863853857e-06      0.0000000000  1.6987276891e-07  1.7118319028e-07    0.033920833333   0.0089208333333
 1.6835156122e-07 -1.2215260965e-10  9.3867252579e-06      0.0000000000  1.7011514925e-07  1.6949679615e-07    0.033929166667   0.0089291666667
 1.6842218023e-07 -1.3408093018e-10  9.3870653816e-06      0.0000000000  1.7035798433e-07  1.6984355240e-07    0.033937500000   0.0089375000000
 1.6874900952e-07 -1.2826318141e-10  9.3873853817e-06      0.0000000000  1.7060081942e-07  1.7016523152e-07    0.033945833333   0.0089458333333
 1.6905334278e-07 -1.2400359141e-10  9.3877252644e-06      0.0000000000  1.7084365450e-07  1.7006028489e-07    0.033954166667   0.0089541666667
 1.6917393930e-07 -1.3247028483e-10  9.3880653776e-06      0.0000000000  1.7108648959e-07  1.7071655117e-07    0.033962500000   0.0089625000000
 1.6938649511e-07 -1.3453604195e-10  9.3883853777e-06      0.0000000000  1.7132886993e-07  1.7205609471e-07    0.033970833333   0.0089708333333
 1.6980768562e-07 -1.2218248744e-10  9.3887252673e-06      0.0000000000  1.7157170501e-07  1.7176277870e-07    0.033979166667   0.0089791666667
 1.6992797809e-07 -1.3067024106e-10  9.3890653735e-06      0.0000000000  1.7181454010e-07  1.7219718701e-07    0.033987500000   0.0089875000000
 1.7021486192e-07 -1.2761926231e-10  9.3893853806e-06      0.0000000000  1.7205737518e-07  1.7249632029e-07    0.033995833333   0.0089958333333
 1.7046812353e-07 -1.2689708284e-10  9.3897252668e-06      0.0000000000  1.7230021027e-07  1.7251696373e-07    0.034004166667   0.0090041666667
 1.7071038026e-07 -1.2693714199e-10  9.3900653835e-06      0.0000000000  1.7254304535e-07  1.7265807175e-07    0.034012500000   0.0090125000000
 1.7098796172e-07 -1.2453047955e-10  9.3903853766e-06      0.0000000000  1.7278588044e-07  1.7255266917e-07    0.034020833333   0.0090208333333
 1.7119227929e-07 -1.2719834471e-10  9.3907252663e-06      0.0000000000  1.7302871552e-07  1.7199012377e-07    0.034029166667   0.0090291666667
 1.7132588700e-07 -1.3476383549e-10  9.3910653864e-06      0.0000000000  1.7327155061e-07  1.7284617385e-07    0.034037500000   0.0090375000000
 1.7175504235e-07 -1.2185860734e-10  9.3913853726e-06      0.0000000000  1.7351438569e-07  1.7390733760e-07    0.034045833333   0.0090458333333
 1.7166396451e-07 -1.4501814526e-10  9.3917252692e-06      0.0000000000  1.7375767553e-07  1.7443859554e-07    0.034054166667   0.0090541666667
 1.7208576314e-07 -1.3262247034e-10  9.3920653754e-06      0.0000000000  1.7400051061e-07  1.7366656566e-07    0.034062500000   0.0090625000000
 1.7258495984e-07 -1.1486591941e-10  9.3923853825e-06      0.0000000000  1.7424334570e-07  1.7512660523e-07    0.034070833333   0.0090708333333
 1.7290710749e-07 -1.0937243851e-10  9.3927252617e-06      0.0000000000  1.7448618078e-07  1.7451709720e-07    0.034079166667   0.0090791666667
 1.7282220067e-07 -1.3207305185e-10  9.3930653784e-06      0.0000000000  1.7472901587e-07  1.7516226350e-07    0.034087500000   0.0090875000000
 1.7305919856e-07 -1.3250885498e-10  9.3933853855e-06      0.0000000000  1.7497230570e-07  1.7599759154e-07    0.034095833333   0.0090958333333
 1.7348093627e-07 -1.2011739950e-10  9.3937252647e-06      0.0000000000  1.7521514079e-07  1.7630979008e-07    0.034104166667   0.0091041666667
 1.7392188683e-07 -1.0639519101e-10  9.3940653814e-06      0.0000000000  1.7545797587e-07  1.7539728107e-07    0.034112500000   0.0091125000000
 1.7420320777e-07 -1.0376101644e-10  9.3943853745e-06      0.0000000000  1.7570126570e-07  1.7619496982e-07    0.034120833333   0.0091208333333
 1.7424202837e-07 -1.1789181205e-10  9.3947252711e-06      0.0000000000  1.7594410079e-07  1.7553890793e-07    0.034129166667   0.0091291666667
 1.7448303913e-07 -1.1804966865e-10  9.3950653773e-06      0.0000000000  1.7618739062e-07  1.7674446567e-07    0.034137500000   0.0091375000000
 1.7483175635e-07 -1.1071588151e-10  9.3953853774e-06      0.0000000000  1.7643022571e-07  1.7721292858e-07    0.034145833333   0.0091458333333
 1.7509210127e-07 -1.0953458321e-10  9.3957252671e-06      0.0000000000  1.7667351554e-07  1.7687846720e-07    0.034154166667   0.0091541666667
 1.7525933121e-07 -1.1477127472e-10  9.3960653803e-06      0.0000000000  1.7691635063e-07  1.7785072111e-07    0.034162500000   0.0091625000000
 1.7526322270e-07 -1.3135288649e-10  9.3963853874e-06      0.0000000000  1.7715964046e-07  1.7750457802e-07    0.034170833333   0.0091708333333
 1.7548450341e-07 -1.3284582191e-10  9.3967252596e-06      0.0000000000  1.7740247554e-07  1.7711754113e-07    0.034179166667   0.0091791666667
 1.7567930640e-07 -1.3620419984e-10  9.3970653832e-06      0.0000000000  1.7764576538e-07  1.7727125847e-07    0.034187500000   0.0091875000000
 1.7595305748e-07 -1.3406284412e-10  9.3973853834e-06      0.0000000000  1.7788860046e-07  1.7742936234e-07    0.034195833333   0.0091958333333
 1.7613563961e-07 -1.3826768297e-10  9.3977252660e-06      0.0000000000  1.7813189030e-07  1.7775984597e-07    0.034204166667   0.0092041666667
 1.7628478175e-07 -1.4478869978e-10  9.3980653792e-06      0.0000000000  1.7837518013e-07  1.7891933725e-07    0.034212500000   0.0092125000000
 1.7654859234e-07 -1.4336735591e-10  9.3983853793e-06      0.0000000000  1.7861846996e-07  1.7912989086e-07    0.034220833333   0.0092208333333
 1.7668219979e-07 -1.5093286520e-10  9.3987252690e-06      0.0000000000  1.7886130505e-07  1.7917622460e-07    0.034229166667   0.0092291666667
 1.7694114652e-07 -1.4984841052e-10  9.3990653752e-06      0.0000000000  1.7910459488e-07  1.7866340897e-07    0.034237500000   0.0092375000000
 1.7713108537e-07 -1.5354369614e-10  9.3993853823e-06      0.0000000000  1.7934788471e-07  1.7885528443e-07    0.034245833333   0.0092458333333
 1.7742134397e-07 -1.5029046641e-10  9.3997252685e-06      0.0000000000  1.7959117454e-07  1.7950062368e-07    0.034254166667   0.0092541666667
 1.7794981597e-07 -1.3053769808e-10  9.4000653851e-06      0.0000000000  1.7983446438e-07  1.7879884122e-07    0.034262500000   0.0092625000000
 1.7820815458e-07 -1.2949536380e-10  9.4003853783e-06      0.0000000000  1.8007775421e-07  1.8043924751e-07    0.034270833333   0.0092708333333
 1.7813714059e-07 -1.5126520605e-10  9.4007252644e-06      0.0000000000  1.8032104404e-07  1.7958420365e-07    0.034279166667   0.0092791666667
 1.7842934483e-07 -1.4787721324e-10  9.4010653881e-06      0.0000000000  1.8056433388e-07  1.8065759939e-07    0.034287500000   0.0092875000000
 1.7896292410e-07 -1.2777069646e-10  9.4013853742e-06      0.0000000000  1.8080762371e-07  1.8149849314e-07    0.034295833333   0.0092958333333
 1.7945509854e-07 -1.1053203127e-10  9.4017252709e-06      0.0000000000  1.8105091354e-07  1.8157245103e-07    0.034304166667   0.0093041666667
 1.7968917822e-07 -1.1116996051e-10  9.4020653771e-06      0.0000000000  1.8129420337e-07  1.8153805055e-07    0.034312500000   0.0093125000000
 1.7968814493e-07 -1.2809268091e-10  9.4023853842e-06      0.0000000000  1.8153749321e-07  1.8195940932e-07    0.034320833333   0.0093208333333
 1.8000260181e-07 -1.2316338859e-10  9.4027252634e-06      0.0000000000  1.8178078304e-07  1.8085842087e-07    0.034329166667   0.0093291666667
 1.8040947426e-07 -1.1183305360e-10  9.4030653800e-06      0.0000000000  1.8202407287e-07  1.8151346080e-07    0.034337500000   0.0093375000000
 1.8049489827e-07 -1.2276742244e-10  9.4033853871e-06      0.0000000000  1.8226736270e-07  1.8238831481e-07    0.034345833333   0.0093458333333
 1.8063178956e-07 -1.3016847532e-10  9.4037252663e-06      0.0000000000  1.8251110728e-07  1.8290369318e-07    0.034354166667   0.0093541666667
 1.8095785917e-07 -1.2443484247e-10  9.4040653830e-06      0.0000000000  1.8275439712e-07  1.8299783856e-07    0.034362500000   0.0093625000000
 1.8117242194e-07 -1.2642458493e-10  9.4043853761e-06      0.0000000000  1.8299768695e-07  1.8460830951e-07    0.034370833333   0.0093708333333
 1.8137190630e-07 -1.2945871349e-10  9.4047252728e-06      0.0000000000  1.8324097678e-07  1.8394029864e-07    0.034379166667   0.0093791666667
 1.8154947274e-07 -1.3404245557e-10  9.4050653790e-06      0.0000000000  1.8348472136e-07  1.8429581224e-07    0.034387500000   0.0093875000000
 1.8161519762e-07 -1.4634125894e-10  9.4053853791e-06      0.0000000000  1.8372801120e-07  1.8469654329e-07    0.034395833333   0.0093958333333
 1.8187508691e-07 -1.4522301637e-10  9.4057252687e-06      0.0000000000  1.8397175578e-07  1.8498550422e-07    0.034404166667   0.0094041666667
 1.8210004644e-07 -1.4649264061e-10  9.4060653819e-06      0.0000000000  1.8421504561e-07  1.8557152307e-07    0.034412500000   0.0094125000000
 1.8231351482e-07 -1.4855818499e-10  9.4063853820e-06      0.0000000000  1.8445833544e-07  1.8424707298e-07    0.034420833333   0.0094208333333
 1.8269397019e-07 -1.3908909156e-10  9.4067252612e-06      0.0000000000  1.8470208002e-07  1.8477315826e-07    0.034429166667   0.0094291666667
 1.8288099056e-07 -1.4298652180e-10  9.4070653849e-06      0.0000000000  1.8494536985e-07  1.8530993474e-07    0.034437500000   0.0094375000000
 1.8303800661e-07 -1.4899365957e-10  9.4073853850e-06      0.0000000000  1.8518911443e-07  1.8590820130e-07    0.034445833333   0.0094458333333
 1.8329394395e-07 -1.4814914410e-10  9.4077252677e-06      0.0000000000  1.8543285901e-07  1.8624811834e-07    0.034454166667   0.0094541666667
 1.8373790430e-07 -1.3424996425e-10  9.4080653809e-06      0.0000000000  1.8567614885e-07  1.8530059567e-07    0.034462500000   0.0094625000000
 1.8403007828e-07 -1.3089556509e-10  9.4083853810e-06      0.0000000000  1.8591989343e-07  1.8697093729e-07    0.034470833333   0.0094708333333
 1.8427136284e-07 -1.3106595513e-10  9.4087252706e-06      0.0000000000  1.8616363801e-07  1.8612762231e-07    0.034479166667   0.0094791666667
 1.8436937241e-07 -1.4112860191e-10  9.4090653768e-06      0.0000000000  1.8640692784e-07  1.8656464053e-07    0.034487500000   0.0094875000000
 1.8446181908e-07 -1.5160805287e-10  9.4093853839e-06      0.0000000000  1.8665067242e-07  1.8688631965e-07    0.034495833333   0.0094958333333
 1.8475168271e-07 -1.4841367792e-10  9.4097252701e-06      0.0000000000  1.8689441700e-07  1.8677145222e-07    0.034504166667   0.0095041666667
 1.8519555214e-07 -1.3455229267e-10  9.4100653798e-06      0.0000000000  1.8713816158e-07  1.8686578627e-07    0.034512500000   0.0095125000000
 1.8546209873e-07 -1.3294144400e-10  9.4103853799e-06      0.0000000000  1.8738145141e-07  1.8667007456e-07    0.034520833333   0.0095208333333
 1.8568386665e-07 -1.3446362875e-10  9.4107252661e-06      0.0000000000  1.8762519599e-07  1.8732489438e-07    0.034529166667   0.0095291666667
 1.8592879910e-07 -1.3438135190e-10  9.4110653897e-06      0.0000000000  1.8786894057e-07  1.8793603754e-07    0.034537500000   0.0095375000000
 1.8613725178e-07 -1.3682579950e-10  9.4113853759e-06      0.0000000000  1.8811268515e-07  1.8804329536e-07    0.034545833333   0.0095458333333
 1.8623614326e-07 -1.4685885933e-10  9.4117252725e-06      0.0000000000  1.8835642973e-07  1.8828644138e-07    0.034554166667   0.0095541666667
 1.8648356857e-07 -1.4660391844e-10  9.4120653787e-06      0.0000000000  1.8860017431e-07  1.8999591591e-07    0.034562500000   0.0095625000000
 1.8702252890e-07 -1.2615618666e-10  9.4123853858e-06      0.0000000000  1.8884391889e-07  1.8934891009e-07    0.034570833333   0.0095708333333
 1.8710457881e-07 -1.3735575584e-10  9.4127252650e-06      0.0000000000  1.8908766347e-07  1.8868110361e-07    0.034579166667   0.0095791666667
 1.8727472762e-07 -1.4245327059e-10  9.4130653817e-06      0.0000000000  1.8933140805e-07  1.8919656059e-07    0.034587500000   0.0095875000000
 1.8751655937e-07 -1.4258575967e-10  9.4133853888e-06      0.0000000000  1.8957515263e-07  1.8910628291e-07    0.034595833333   0.0095958333333
 1.8771957072e-07 -1.4543859107e-10  9.4137252680e-06      0.0000000000  1.8981935196e-07  1.8885503988e-07    0.034604166667   0.0096041666667
 1.8782885897e-07 -1.5475153267e-10  9.4140653846e-06      0.0000000000  1.9006309654e-07  1.9097422292e-07    0.034612500000   0.0096125000000
 1.8802691487e-07 -1.5791609850e-10  9.4143853778e-06      0.0000000000  1.9030684112e-07  1.9067310863e-07    0.034620833333   0.0096208333333
 1.8839831102e-07 -1.4907448062e-10  9.4147252709e-06      0.0000000000  1.9055058570e-07  1.9073098257e-07    0.034629166667   0.0096291666667
 1.8858271763e-07 -1.5321594463e-10  9.4150653806e-06      0.0000000000  1.9079478503e-07  1.9093652075e-07    0.034637500000   0.0096375000000
 1.8879062310e-07 -1.5569829319e-10  9.4153853807e-06      0.0000000000  1.9103852961e-07  1.9106075869e-07    0.034645833333   0.0096458333333
 1.8887565187e-07 -1.6669153533e-10  9.4157252704e-06      0.0000000000  1.9128227419e-07  1.9145018538e-07    0.034654166667   0.0096541666667
 1.8918609681e-07 -1.6210312039e-10  9.4160653836e-06      0.0000000000  1.9152647352e-07  1.9274996712e-07    0.034662500000   0.0096625000000
 1.8959263520e-07 -1.5082742074e-10  9.4163853837e-06      0.0000000000  1.9177021810e-07  1.9189215614e-07    0.034670833333   0.0096708333333
 1.8973721792e-07 -1.5772723440e-10  9.4167252629e-06      0.0000000000  1.9201441742e-07  1.9230123576e-07    0.034679166667   0.0096791666667
 1.8998099533e-07 -1.5772496040e-10  9.4170653865e-06      0.0000000000  1.9225816200e-07  1.9233417407e-07    0.034687500000   0.0096875000000
 1.9034804454e-07 -1.4921592441e-10  9.4173853866e-06      0.0000000000  1.9250236133e-07  1.9246397772e-07    0.034695833333   0.0096958333333
 1.9088627519e-07 -1.2881873341e-10  9.4177252658e-06      0.0000000000  1.9274610591e-07  1.9270088197e-07    0.034704166667   0.0097041666667
 1.9108496987e-07 -1.3197055303e-10  9.4180653825e-06      0.0000000000  1.9299030524e-07  1.9247903973e-07    0.034712500000   0.0097125000000
 1.9138863502e-07 -1.2782023373e-10  9.4183853826e-06      0.0000000000  1.9323404982e-07  1.9144061048e-07    0.034720833333   0.0097208333333
 1.9173568104e-07 -1.2069669246e-10  9.4187252723e-06      0.0000000000  1.9347824915e-07  1.9251688340e-07    0.034729166667   0.0097291666667
 1.9197225396e-07 -1.2122492553e-10  9.4190653785e-06      0.0000000000  1.9372244847e-07  1.9306038905e-07    0.034737500000   0.0097375000000
 1.9233063892e-07 -1.1328451029e-10  9.4193853856e-06      0.0000000000  1.9396619305e-07  1.9369242720e-07    0.034745833333   0.0097458333333
 1.9281369413e-07 -9.6740470939e-11  9.4197252682e-06      0.0000000000  1.9421039238e-07  1.9419566792e-07    0.034754166667   0.0097541666667
 1.9315119464e-07 -9.0278086743e-11  9.4200653884e-06      0.0000000000  1.9445459171e-07  1.9309611021e-07    0.034762500000   0.0097625000000
 1.9331359176e-07 -9.5944009505e-11  9.4203853815e-06      0.0000000000  1.9469879104e-07  1.9446558909e-07    0.034770833333   0.0097708333333
 1.9338828495e-07 -1.0765313192e-10  9.4207252677e-06      0.0000000000  1.9494253562e-07  1.9481597721e-07    0.034779166667   0.0097791666667
 1.9349729979e-07 -1.1701650793e-10  9.4210653914e-06      0.0000000000  1.9518673494e-07  1.9455008096e-07    0.034787500000   0.0097875000000
 1.9405641554e-07 -9.5204235237e-11  9.4213853775e-06      0.0000000000  1.9543093427e-07  1.9473073067e-07    0.034795833333   0.0097958333333
 1.9426635798e-07 -9.7576993987e-11  9.4217252742e-06      0.0000000000  1.9567513360e-07  1.9535115001e-07    0.034804166667   0.0098041666667
 1.9432758436e-07 -1.1025037477e-10  9.4220653804e-06      0.0000000000  1.9591933293e-07  1.9518781060e-07    0.034812500000   0.0098125000000
 1.9442048732e-07 -1.2072971935e-10  9.4223853875e-06      0.0000000000  1.9616353225e-07  1.9600059279e-07    0.034820833333   0.0098208333333
 1.9473537022e-07 -1.1583391431e-10  9.4227252632e-06      0.0000000000  1.9640773158e-07  1.9594147679e-07    0.034829166667   0.0098291666667
 1.9488372267e-07 -1.2247262219e-10  9.4230653833e-06      0.0000000000  1.9665193091e-07  1.9667769118e-07    0.034837500000   0.0098375000000
 1.9497717283e-07 -1.3291406581e-10  9.4233853904e-06      0.0000000000  1.9689613023e-07  1.9777809790e-07    0.034845833333   0.0098458333333
 1.9539258862e-07 -1.2108647979e-10  9.4237252696e-06      0.0000000000  1.9714078431e-07  1.9858161963e-07    0.034854166667   0.0098541666667
 1.9564387497e-07 -1.2059560640e-10  9.4240653863e-06      0.0000000000  1.9738498364e-07  1.9761081218e-07    0.034862500000   0.0098625000000
 1.9560216719e-07 -1.4039858695e-10  9.4243853794e-06      0.0000000000  1.9762918296e-07  1.9770112131e-07    0.034870833333   0.0098708333333
 1.9572395007e-07 -1.4887760108e-10  9.4247252726e-06      0.0000000000  1.9787338229e-07  1.9829724963e-07    0.034879166667   0.0098791666667
 1.9605828897e-07 -1.4263420226e-10  9.4250653822e-06      0.0000000000  1.9811758162e-07  1.9885404066e-07    0.034887500000   0.0098875000000
 1.9648489186e-07 -1.3003175629e-10  9.4253853824e-06      0.0000000000  1.9836223569e-07  1.9875810292e-07    0.034895833333   0.0098958333333
 1.9664868743e-07 -1.3560081694e-10  9.4257252720e-06      0.0000000000  1.9860643502e-07  1.9847610700e-07    0.034904166667   0.0099041666667
 1.9654921979e-07 -1.5940445842e-10  9.4260653852e-06      0.0000000000  1.9885063435e-07  1.9940139827e-07    0.034912500000   0.0099125000000
 1.9673560271e-07 -1.6344053356e-10  9.4263853853e-06      0.0000000000  1.9909528842e-07  1.9910053553e-07    0.034920833333   0.0099208333333
 1.9723148662e-07 -1.4600793138e-10  9.4267252645e-06      0.0000000000  1.9933948775e-07  2.0008308758e-07    0.034929166667   0.0099291666667
 1.9756755868e-07 -1.3967598445e-10  9.4270653882e-06      0.0000000000  1.9958414183e-07  2.0002595259e-07    0.034937500000   0.0099375000000
 1.9772174782e-07 -1.4591042160e-10  9.4273853883e-06      0.0000000000  1.9982834115e-07  1.9989048889e-07    0.034945833333   0.0099458333333
 1.9791542681e-07 -1.4944114445e-10  9.4277252675e-06      0.0000000000  2.0007299523e-07  2.0007967583e-07    0.034954166667   0.0099541666667
 1.9817668429e-07 -1.4825963341e-10  9.4280653841e-06      0.0000000000  2.0031719456e-07  2.0034951839e-07    0.034962500000   0.0099625000000
 1.9875431387e-07 -1.2519652269e-10  9.4283853842e-06      0.0000000000  2.0056184863e-07  2.0012387133e-07    0.034970833333   0.0099708333333
 1.9912954079e-07 -1.1615256596e-10  9.4287252739e-06      0.0000000000  2.0080650271e-07  1.9993600507e-07    0.034979166667   0.0099791666667
 1.9914686975e-07 -1.3186644386e-10  9.4290653801e-06      0.0000000000  2.0105070203e-07  2.0099281374e-07    0.034987500000   0.0099875000000
 1.9924624817e-07 -1.4192877152e-10  9.4293853872e-06      0.0000000000  2.0129535611e-07  2.0167560361e-07    0.034995833333   0.0099958333333
 1.9957368663e-07 -1.3619481956e-10  9.4297252699e-06      0.0000000000  2.0154001018e-07  2.0166650037e-07    0.035004166667    0.010004166667
 2.0011805869e-07 -1.1543524697e-10  9.4300653831e-06      0.0000000000  2.0178466426e-07  2.0153837901e-07    0.035012500000    0.010012500000
 2.0035706354e-07 -1.1579503544e-10  9.4303853832e-06      0.0000000000  2.0202886358e-07  2.0083099939e-07    0.035020833333    0.010020833333
 2.0045218594e-07 -1.2615215040e-10  9.4307252694e-06      0.0000000000  2.0227351766e-07  2.0170829036e-07    0.035029166667    0.010029166667
 2.0055965076e-07 -1.3565438405e-10  9.4310653930e-06      0.0000000000  2.0251817173e-07  2.0208190037e-07    0.035037500000    0.010037500000
 2.0095123298e-07 -1.2547759947e-10  9.4313853792e-06      0.0000000000  2.0276282581e-07  2.0257281478e-07    0.035045833333    0.010045833333
 2.0120078682e-07 -1.2513822355e-10  9.4317252723e-06      0.0000000000  2.0300747988e-07  2.0330500425e-07    0.035054166667    0.010054166667
 2.0129663891e-07 -1.3544479772e-10  9.4320653820e-06      0.0000000000  2.0325213396e-07  2.0343436768e-07    0.035062500000    0.010062500000
 2.0150983453e-07 -1.3762372586e-10  9.4323853891e-06      0.0000000000  2.0349678803e-07  2.0393094213e-07    0.035070833333    0.010070833333
 2.0175385574e-07 -1.3766756046e-10  9.4327252648e-06      0.0000000000  2.0374144211e-07  2.0476127046e-07    0.035079166667    0.010079166667
 2.0200900313e-07 -1.3694075456e-10  9.4330653850e-06      0.0000000000  2.0398609618e-07  2.0448204167e-07    0.035087500000    0.010087500000
 2.0230482568e-07 -1.3339663785e-10  9.4333853921e-06      0.0000000000  2.0423075026e-07  2.0480372079e-07    0.035095833333    0.010095833333
 2.0256614447e-07 -1.3227387523e-10  9.4337252712e-06      0.0000000000  2.0447585908e-07  2.0558229117e-07    0.035104166667    0.010104166667
 2.0284877361e-07 -1.2964358248e-10  9.4340653879e-06      0.0000000000  2.0472051315e-07  2.0462322830e-07    0.035112500000    0.010112500000
 2.0279712535e-07 -1.5016657489e-10  9.4343853810e-06      0.0000000000  2.0496516723e-07  2.0593233339e-07    0.035120833333    0.010120833333
 2.0306570955e-07 -1.4850908577e-10  9.4347252742e-06      0.0000000000  2.0520982130e-07  2.0499529752e-07    0.035129166667    0.010129166667
 2.0352602624e-07 -1.3360299529e-10  9.4350653839e-06      0.0000000000  2.0545493013e-07  2.0573476644e-07    0.035137500000    0.010137500000
 2.0392964681e-07 -1.2259238961e-10  9.4353853840e-06      0.0000000000  2.0569958420e-07  2.0593230194e-07    0.035145833333    0.010145833333
 2.0424960672e-07 -1.1737642976e-10  9.4357252737e-06      0.0000000000  2.0594423828e-07  2.0544514518e-07    0.035154166667    0.010154166667
 2.0405717698e-07 -1.4768196422e-10  9.4360653868e-06      0.0000000000  2.0618934710e-07  2.0611295165e-07    0.035162500000    0.010162500000
 2.0446955272e-07 -1.3606494320e-10  9.4363853870e-06      0.0000000000  2.0643400117e-07  2.0749727243e-07    0.035170833333    0.010170833333
 2.0505262401e-07 -1.1265641654e-10  9.4367252661e-06      0.0000000000  2.0667910999e-07  2.0598677986e-07    0.035179166667    0.010179166667
 2.0530406285e-07 -1.1218647847e-10  9.4370653898e-06      0.0000000000  2.0692376407e-07  2.0677872995e-07    0.035187500000    0.010187500000
 2.0552975312e-07 -1.1353147913e-10  9.4373853899e-06      0.0000000000  2.0716887289e-07  2.0710040907e-07    0.035195833333    0.010195833333
 2.0567716340e-07 -1.2026694276e-10  9.4377252691e-06      0.0000000000  2.0741352697e-07  2.0674759971e-07    0.035204166667    0.010204166667
 2.0575687334e-07 -1.3172307916e-10  9.4380653858e-06      0.0000000000  2.0765863579e-07  2.0791863120e-07    0.035212500000    0.010212500000
 2.0605041618e-07 -1.2836836088e-10  9.4383853859e-06      0.0000000000  2.0790374461e-07  2.0742205674e-07    0.035220833333    0.010220833333
 2.0624233173e-07 -1.3202122549e-10  9.4387252721e-06      0.0000000000  2.0814839869e-07  2.0721071702e-07    0.035229166667    0.010229166667
 2.0664197035e-07 -1.2131792205e-10  9.4390653818e-06      0.0000000000  2.0839350751e-07  2.0813864965e-07    0.035237500000    0.010237500000
 2.0699625217e-07 -1.1375619729e-10  9.4393853888e-06      0.0000000000  2.0863861633e-07  2.0894558314e-07    0.035245833333    0.010245833333
 2.0706963888e-07 -1.2565030444e-10  9.4397252715e-06      0.0000000000  2.0888372515e-07  2.0929562536e-07    0.035254166667    0.010254166667
 2.0707179852e-07 -1.4244636303e-10  9.4400653847e-06      0.0000000000  2.0912837923e-07  2.0927276507e-07    0.035262500000    0.010262500000
 2.0707860954e-07 -1.5895174739e-10  9.4403853848e-06      0.0000000000  2.0937348805e-07  2.0868588149e-07    0.035270833333    0.010270833333
 2.0752925915e-07 -1.4471523436e-10  9.4407252710e-06      0.0000000000  2.0961859687e-07  2.0986741550e-07    0.035279166667    0.010279166667
 2.0783751542e-07 -1.4034140962e-10  9.4410653947e-06      0.0000000000  2.0986370569e-07  2.0963208348e-07    0.035287500000    0.010287500000
 2.0811081192e-07 -1.3838902683e-10  9.4413853808e-06      0.0000000000  2.1010881451e-07  2.0973368125e-07    0.035295833333    0.010295833333
 2.0835024279e-07 -1.3878230257e-10  9.4417252740e-06      0.0000000000  2.1035392334e-07  2.1027210858e-07    0.035304166667    0.010304166667
 2.0839912742e-07 -1.5237351401e-10  9.4420653836e-06      0.0000000000  2.1059903216e-07  2.0955878592e-07    0.035312500000    0.010312500000
 2.0861496812e-07 -1.5440073194e-10  9.4423853907e-06      0.0000000000  2.1084414098e-07  2.1074739498e-07    0.035320833333    0.010320833333
 2.0902044343e-07 -1.4329315777e-10  9.4427252664e-06      0.0000000000  2.1108924980e-07  2.1057127331e-07    0.035329166667    0.010329166667
 2.0936229192e-07 -1.3662410890e-10  9.4430653866e-06      0.0000000000  2.1133481337e-07  2.1130236221e-07    0.035337500000    0.010337500000
 2.0975159443e-07 -1.2663672275e-10  9.4433853937e-06      0.0000000000  2.1157992219e-07  2.1138131981e-07    0.035345833333    0.010345833333
 2.0981124053e-07 -1.3948255482e-10  9.4437252659e-06      0.0000000000  2.1182503102e-07  2.1091229091e-07    0.035354166667    0.010354166667
 2.0997588774e-07 -1.4505562216e-10  9.4440653896e-06      0.0000000000  2.1207013984e-07  2.1154508373e-07    0.035362500000    0.010362500000
 2.1039464803e-07 -1.3305937880e-10  9.4443853827e-06      0.0000000000  2.1231570341e-07  2.1250804574e-07    0.035370833333    0.010370833333
 2.1086858376e-07 -1.1720998379e-10  9.4447252758e-06      0.0000000000  2.1256081223e-07  2.1255419081e-07    0.035379166667    0.010379166667
 2.1121100971e-07 -1.1046944031e-10  9.4450653855e-06      0.0000000000  2.1280592105e-07  2.1236126195e-07    0.035387500000    0.010387500000
 2.1135507655e-07 -1.1749947849e-10  9.4453853856e-06      0.0000000000  2.1305148462e-07  2.1260388913e-07    0.035395833333    0.010395833333
 2.1152562137e-07 -1.2266405565e-10  9.4457252753e-06      0.0000000000  2.1329659344e-07  2.1362582565e-07    0.035404166667    0.010404166667
 2.1176806230e-07 -1.2288034154e-10  9.4460653885e-06      0.0000000000  2.1354215701e-07  2.1506588212e-07    0.035412500000    0.010412500000
 2.1218691350e-07 -1.1084630359e-10  9.4463853886e-06      0.0000000000  2.1378726584e-07  2.1365162601e-07    0.035420833333    0.010420833333
 2.1252553973e-07 -1.0440044104e-10  9.4467252643e-06      0.0000000000  2.1403282941e-07  2.1387326387e-07    0.035429166667    0.010429166667
 2.1264139540e-07 -1.1338448834e-10  9.4470653914e-06      0.0000000000  2.1427839298e-07  2.1345786387e-07    0.035437500000    0.010437500000
 2.1273521092e-07 -1.2386362018e-10  9.4473853916e-06      0.0000000000  2.1452350180e-07  2.1362719349e-07    0.035445833333    0.010445833333
 2.1310715531e-07 -1.1511001855e-10  9.4477252707e-06      0.0000000000  2.1476906537e-07  2.1461567286e-07    0.035454166667    0.010454166667
 2.1332539795e-07 -1.1700236703e-10  9.4480653874e-06      0.0000000000  2.1501462894e-07  2.1541202521e-07    0.035462500000    0.010462500000
 2.1338136588e-07 -1.3013445964e-10  9.4483853875e-06      0.0000000000  2.1526019251e-07  2.1465961680e-07    0.035470833333    0.010470833333
 2.1366250565e-07 -1.2763882360e-10  9.4487252737e-06      0.0000000000  2.1550530133e-07  2.1407397528e-07    0.035479166667    0.010479166667
 2.1390269686e-07 -1.2801093277e-10  9.4490653834e-06      0.0000000000  2.1575086490e-07  2.1556255091e-07    0.035487500000    0.010487500000
 2.1431872116e-07 -1.1620419421e-10  9.4493853905e-06      0.0000000000  2.1599642847e-07  2.1629043246e-07    0.035495833333    0.010495833333
 2.1430002701e-07 -1.3450765804e-10  9.4497252732e-06      0.0000000000  2.1624199204e-07  2.1603841904e-07    0.035504166667    0.010504166667
 2.1445473375e-07 -1.4080073723e-10  9.4500653864e-06      0.0000000000  2.1648755561e-07  2.1670603685e-07    0.035512500000    0.010512500000
 2.1492821385e-07 -1.2501439794e-10  9.4503853865e-06      0.0000000000  2.1673311918e-07  2.1739807146e-07    0.035520833333    0.010520833333
 2.1546480396e-07 -1.0485682703e-10  9.4507252726e-06      0.0000000000  2.1697868274e-07  2.1771343019e-07    0.035529166667    0.010529166667
 2.1586587168e-07 -9.4086035675e-11  9.4510653963e-06      0.0000000000  2.1722424631e-07  2.1690155989e-07    0.035537500000    0.010537500000
 2.1578339850e-07 -1.1680707098e-10  9.4513853824e-06      0.0000000000  2.1746980988e-07  2.1674921040e-07    0.035545833333    0.010545833333
 2.1590630709e-07 -1.2530260674e-10  9.4517252756e-06      0.0000000000  2.1771537345e-07  2.1758471138e-07    0.035554166667    0.010554166667
 2.1646432950e-07 -1.0369205318e-10  9.4520653853e-06      0.0000000000  2.1796139177e-07  2.1824078899e-07    0.035562500000    0.010562500000
 2.1684642751e-07 -9.4235174088e-11  9.4523853924e-06      0.0000000000  2.1820695534e-07  2.1864705431e-07    0.035570833333    0.010570833333
 2.1688622264e-07 -1.0848745472e-10  9.4527252681e-06      0.0000000000  2.1845251891e-07  2.1940713522e-07    0.035579166667    0.010579166667
 2.1692170111e-07 -1.2303872359e-10  9.4530653882e-06      0.0000000000  2.1869808248e-07  2.1926774093e-07    0.035587500000    0.010587500000
 2.1732942652e-07 -1.1183829399e-10  9.4533853953e-06      0.0000000000  2.1894410080e-07  2.1953291395e-07    0.035595833333    0.010595833333
 2.1775037560e-07 -9.9690446794e-11  9.4537252675e-06      0.0000000000  2.1918966436e-07  2.2019119269e-07    0.035604166667    0.010604166667
 2.1801965989e-07 -9.8078959891e-11  9.4540653912e-06      0.0000000000  2.1943568268e-07  2.1970032545e-07    0.035612500000    0.010612500000
 2.1800230328e-07 -1.1628978104e-10  9.4543853843e-06      0.0000000000  2.1968124625e-07  2.2003137509e-07    0.035620833333    0.010620833333
 2.1816117512e-07 -1.2232586753e-10  9.4547252775e-06      0.0000000000  2.1992726457e-07  2.2039349207e-07    0.035629166667    0.010629166667
 2.1852454682e-07 -1.1416604143e-10  9.4550653872e-06      0.0000000000  2.2017282814e-07  2.2040374303e-07    0.035637500000    0.010637500000
 2.1886277807e-07 -1.0777903366e-10  9.4553853873e-06      0.0000000000  2.2041884645e-07  2.2091720328e-07    0.035645833333    0.010645833333
 2.1904624317e-07 -1.1208020277e-10  9.4557252735e-06      0.0000000000  2.2066441002e-07  2.2165238000e-07    0.035654166667    0.010654166667
 2.1908679865e-07 -1.2631131683e-10  9.4560653901e-06      0.0000000000  2.2091042834e-07  2.2090402796e-07    0.035662500000    0.010662500000
 2.1921490582e-07 -1.3447827741e-10  9.4563853902e-06      0.0000000000  2.2115644666e-07  2.2010659077e-07    0.035670833333    0.010670833333
 2.1958982934e-07 -1.2551833023e-10  9.4567252659e-06      0.0000000000  2.2140201023e-07  2.2112396780e-07    0.035679166667    0.010679166667
 2.1974097975e-07 -1.3208923108e-10  9.4570653931e-06      0.0000000000  2.2164802854e-07  2.2092647946e-07    0.035687500000    0.010687500000
 2.1998454573e-07 -1.3225908926e-10  9.4573853862e-06      0.0000000000  2.2189404686e-07  2.2127070442e-07    0.035695833333    0.010695833333
 2.2011733454e-07 -1.4010178197e-10  9.4577252724e-06      0.0000000000  2.2214006518e-07  2.2264367367e-07    0.035704166667    0.010704166667
 2.2017345471e-07 -1.5325482841e-10  9.4580653891e-06      0.0000000000  2.2238608349e-07  2.2373254019e-07    0.035712500000    0.010712500000
 2.2049910040e-07 -1.4773954271e-10  9.4583853892e-06      0.0000000000  2.2263210181e-07  2.2209263702e-07    0.035720833333    0.010720833333
 2.2101887985e-07 -1.2877783685e-10  9.4587252753e-06      0.0000000000  2.2287812013e-07  2.2375371818e-07    0.035729166667    0.010729166667
 2.2111318231e-07 -1.3928623652e-10  9.4590653850e-06      0.0000000000  2.2312413844e-07  2.2389061261e-07    0.035737500000    0.010737500000
 2.2108533802e-07 -1.5825497049e-10  9.4593853921e-06      0.0000000000  2.2337015676e-07  2.2361411951e-07    0.035745833333    0.010745833333
 2.2146710198e-07 -1.4885272674e-10  9.4597252748e-06      0.0000000000  2.2361617508e-07  2.2344438110e-07    0.035754166667    0.010754166667
 2.2191228001e-07 -1.3505819116e-10  9.4600653880e-06      0.0000000000  2.2386219340e-07  2.2328124608e-07    0.035762500000    0.010762500000
 2.2219141386e-07 -1.3276448699e-10  9.4603853881e-06      0.0000000000  2.2410821171e-07  2.2519207665e-07    0.035770833333    0.010770833333
 2.2222804803e-07 -1.4729870235e-10  9.4607252708e-06      0.0000000000  2.2435468478e-07  2.2455948821e-07    0.035779166667    0.010779166667
 2.2257284566e-07 -1.4045688308e-10  9.4610653910e-06      0.0000000000  2.2460070309e-07  2.2459588544e-07    0.035787500000    0.010787500000
 2.2284924352e-07 -1.3835268370e-10  9.4613853841e-06      0.0000000000  2.2484672141e-07  2.2491181018e-07    0.035795833333    0.010795833333
 2.2326675758e-07 -1.2647425629e-10  9.4617252772e-06      0.0000000000  2.2509273973e-07  2.2541201649e-07    0.035804166667    0.010804166667
 2.2330345267e-07 -1.4100425221e-10  9.4620653869e-06      0.0000000000  2.2533921279e-07  2.2607982297e-07    0.035812500000    0.010812500000
 2.2341733269e-07 -1.5015663773e-10  9.4623853940e-06      0.0000000000  2.2558523111e-07  2.2549293938e-07    0.035820833333    0.010820833333
 2.2389391415e-07 -1.3421848186e-10  9.4627252697e-06      0.0000000000  2.2583170417e-07  2.2641678420e-07    0.035829166667    0.010829166667
 2.2425239173e-07 -1.2642913860e-10  9.4630653899e-06      0.0000000000  2.2607772249e-07  2.2619258361e-07    0.035837500000    0.010837500000
 2.2423758928e-07 -1.4452604413e-10  9.4633853970e-06      0.0000000000  2.2632419555e-07  2.2574119517e-07    0.035845833333    0.010845833333
 2.2436250484e-07 -1.5294556523e-10  9.4637252657e-06      0.0000000000  2.2657066862e-07  2.2551735618e-07    0.035854166667    0.010854166667
 2.2463543703e-07 -1.5108141143e-10  9.4640653928e-06      0.0000000000  2.2681668693e-07  2.2565846420e-07    0.035862500000    0.010862500000
 2.2488328967e-07 -1.5098585653e-10  9.4643853860e-06      0.0000000000  2.2706316000e-07  2.2716302945e-07    0.035870833333    0.010870833333
 2.2512488000e-07 -1.5132405293e-10  9.4647252791e-06      0.0000000000  2.2730963306e-07  2.2771239953e-07    0.035879166667    0.010879166667
 2.2554160372e-07 -1.3950036723e-10  9.4650653888e-06      0.0000000000  2.2755565138e-07  2.2745634546e-07    0.035887500000    0.010887500000
 2.2552406501e-07 -1.5778679607e-10  9.4653853889e-06      0.0000000000  2.2780212444e-07  2.2692033938e-07    0.035895833333    0.010895833333
 2.2585466641e-07 -1.5195975743e-10  9.4657252751e-06      0.0000000000  2.2804859751e-07  2.2692496174e-07    0.035904166667    0.010904166667
 2.2615711730e-07 -1.4808252698e-10  9.4660653918e-06      0.0000000000  2.2829507057e-07  2.2862231435e-07    0.035912500000    0.010912500000
 2.2660031967e-07 -1.3445632962e-10  9.4663853919e-06      0.0000000000  2.2854154364e-07  2.2973570773e-07    0.035920833333    0.010920833333
 2.2679843794e-07 -1.3780556107e-10  9.4667252676e-06      0.0000000000  2.2878801670e-07  2.2926707188e-07    0.035929166667    0.010929166667
 2.2722461652e-07 -1.2535849439e-10  9.4670653947e-06      0.0000000000  2.2903448976e-07  2.2883305662e-07    0.035937500000    0.010937500000
 2.2750584825e-07 -1.2295098097e-10  9.4673853879e-06      0.0000000000  2.2928096283e-07  2.2894588015e-07    0.035945833333    0.010945833333
 2.2761039564e-07 -1.3278127645e-10  9.4677252740e-06      0.0000000000  2.2952743589e-07  2.2961808889e-07    0.035954166667    0.010954166667
 2.2792002102e-07 -1.2840711408e-10  9.4680653907e-06      0.0000000000  2.2977390896e-07  2.3026221752e-07    0.035962500000    0.010962500000
 2.2839714968e-07 -1.1243105725e-10  9.4683853908e-06      0.0000000000  2.3002038202e-07  2.2979582996e-07    0.035970833333    0.010970833333
 2.2876961166e-07 -1.0373609767e-10  9.4687252770e-06      0.0000000000  2.3026730983e-07  2.2952617607e-07    0.035979166667    0.010979166667
 2.2876088931e-07 -1.2141187321e-10  9.4690653867e-06      0.0000000000  2.3051378290e-07  2.2990116965e-07    0.035987500000    0.010987500000
 2.2891626547e-07 -1.2772158041e-10  9.4693853938e-06      0.0000000000  2.3076025596e-07  2.3061763678e-07    0.035995833333    0.010995833333
 2.2914329433e-07 -1.2909985561e-10  9.4697252765e-06      0.0000000000  2.3100718377e-07  2.3142675567e-07    0.036004166667    0.011004166667
 2.2965100543e-07 -1.1100554600e-10  9.4700653896e-06      0.0000000000  2.3125365684e-07  2.3166138018e-07    0.036012500000    0.011012500000
 2.2990205035e-07 -1.1072037992e-10  9.4703853897e-06      0.0000000000  2.3150058465e-07  2.3078897887e-07    0.036020833333    0.011020833333
 2.3019647548e-07 -1.0739904254e-10  9.4707252724e-06      0.0000000000  2.3174705771e-07  2.3198184868e-07    0.036029166667    0.011029166667
 2.3057222092e-07 -9.8476658698e-11  9.4710653926e-06      0.0000000000  2.3199398552e-07  2.3275600108e-07    0.036037500000    0.011037500000
 2.3061487427e-07 -1.1259396351e-10  9.4713853857e-06      0.0000000000  2.3224045859e-07  2.3275034104e-07    0.036045833333    0.011045833333
 2.3088045040e-07 -1.1130231229e-10  9.4717252789e-06      0.0000000000  2.3248738640e-07  2.3261868215e-07    0.036054166667    0.011054166667
 2.3129872480e-07 -9.9402718302e-11  9.4720653886e-06      0.0000000000  2.3273385946e-07  2.3370754867e-07    0.036062500000    0.011062500000
 2.3147535078e-07 -1.0427208268e-10  9.4723853957e-06      0.0000000000  2.3298078728e-07  2.3291011148e-07    0.036070833333    0.011070833333
 2.3171666770e-07 -1.0466071350e-10  9.4727252714e-06      0.0000000000  2.3322771509e-07  2.3303823285e-07    0.036079166667    0.011079166667
 2.3182094196e-07 -1.1454142488e-10  9.4730653915e-06      0.0000000000  2.3347464290e-07  2.3316037972e-07    0.036087500000    0.011087500000
 2.3215570819e-07 -1.0845741204e-10  9.4733853986e-06      0.0000000000  2.3372157071e-07  2.3331838926e-07    0.036095833333    0.011095833333
 2.3235099955e-07 -1.1203394287e-10  9.4737252673e-06      0.0000000000  2.3396849852e-07  2.3370030067e-07    0.036104166667    0.011104166667
 2.3252710859e-07 -1.1690761456e-10  9.4740653945e-06      0.0000000000  2.3421497159e-07  2.3441467673e-07    0.036112500000    0.011112500000
 2.3290619787e-07 -1.0775362402e-10  9.4743853876e-06      0.0000000000  2.3446189940e-07  2.3506168255e-07    0.036120833333    0.011120833333
 2.3309087998e-07 -1.1209648805e-10  9.4747252773e-06      0.0000000000  2.3470928196e-07  2.3365684412e-07    0.036129166667    0.011129166667
 2.3328288843e-07 -1.1590040613e-10  9.4750653835e-06      0.0000000000  2.3495620977e-07  2.3495819809e-07    0.036137500000    0.011137500000
 2.3349781827e-07 -1.1811670336e-10  9.4753853906e-06      0.0000000000  2.3520313758e-07  2.3555618165e-07    0.036145833333    0.011145833333
 2.3357345573e-07 -1.2998090444e-10  9.4757252767e-06      0.0000000000  2.3545006539e-07  2.3491046506e-07    0.036154166667    0.011154166667
 2.3392931955e-07 -1.2243559495e-10  9.4760653934e-06      0.0000000000  2.3569699320e-07  2.3512180478e-07    0.036162500000    0.011162500000
 2.3424000906e-07 -1.1801922432e-10  9.4763853935e-06      0.0000000000  2.3594392101e-07  2.3700244845e-07    0.036170833333    0.011170833333
 2.3435027223e-07 -1.2751661880e-10  9.4767252692e-06      0.0000000000  2.3619130357e-07  2.3670911672e-07    0.036179166667    0.011179166667
 2.3437429085e-07 -1.4295613137e-10  9.4770653964e-06      0.0000000000  2.3643823138e-07  2.3596798123e-07    0.036187500000    0.011187500000
 2.3464448771e-07 -1.4134443172e-10  9.4773853895e-06      0.0000000000  2.3668515920e-07  2.3596798123e-07    0.036195833333    0.011195833333
 2.3497533264e-07 -1.3556352018e-10  9.4777252722e-06      0.0000000000  2.3693254175e-07  2.3653191020e-07    0.036204166667    0.011204166667
 2.3522418876e-07 -1.3542995794e-10  9.4780653923e-06      0.0000000000  2.3717946957e-07  2.3620501126e-07    0.036212500000    0.011212500000
 2.3534217363e-07 -1.4439251955e-10  9.4783853925e-06      0.0000000000  2.3742685212e-07  2.3700244845e-07    0.036220833333    0.011220833333
 2.3562422635e-07 -1.4195963862e-10  9.4787252786e-06      0.0000000000  2.3767377994e-07  2.3762186156e-07    0.036229166667    0.011229166667
 2.3580094390e-07 -1.4685415777e-10  9.4790653883e-06      0.0000000000  2.3792116250e-07  2.3797839711e-07    0.036237500000    0.011237500000
 2.3597200698e-07 -1.5214032633e-10  9.4793853954e-06      0.0000000000  2.3816854505e-07  2.3849176303e-07    0.036245833333    0.011245833333
 2.3630811075e-07 -1.4596367081e-10  9.4797252746e-06      0.0000000000  2.3841547287e-07  2.3906440217e-07    0.036254166667    0.011254166667
 2.3674979375e-07 -1.3250570531e-10  9.4800653913e-06      0.0000000000  2.3866285542e-07  2.3870247386e-07    0.036262500000    0.011262500000
 2.3699582297e-07 -1.3259944245e-10  9.4803853914e-06      0.0000000000  2.3891023798e-07  2.3879253143e-07    0.036270833333    0.011270833333
 2.3731298795e-07 -1.2776605490e-10  9.4807252741e-06      0.0000000000  2.3915762054e-07  2.3922489584e-07    0.036279166667    0.011279166667
 2.3759677384e-07 -1.2524462585e-10  9.4810653942e-06      0.0000000000  2.3940500310e-07  2.3892613989e-07    0.036287500000    0.011287500000
 2.3801517047e-07 -1.1339956084e-10  9.4813853874e-06      0.0000000000  2.3965238566e-07  2.3960874110e-07    0.036295833333    0.011295833333
 2.3835288584e-07 -1.0714277759e-10  9.4817252805e-06      0.0000000000  2.3989976822e-07  2.4095493519e-07    0.036304166667    0.011304166667
 2.3850394572e-07 -1.1381444088e-10  9.4820653902e-06      0.0000000000  2.4014715078e-07  2.4020678754e-07    0.036312500000    0.011312500000
 2.3879976997e-07 -1.1045919074e-10  9.4823853973e-06      0.0000000000  2.4039453334e-07  2.3966518431e-07    0.036320833333    0.011320833333
 2.3923956798e-07 -9.7131787373e-11  9.4827252695e-06      0.0000000000  2.4064191590e-07  2.4006233067e-07    0.036329166667    0.011329166667
 2.3942917515e-07 -1.0113352426e-10  9.4830653932e-06      0.0000000000  2.4088929845e-07  2.3980052223e-07    0.036337500000    0.011337500000
 2.3949845937e-07 -1.1346927124e-10  9.4833854003e-06      0.0000000000  2.4113668101e-07  2.4035907415e-07    0.036345833333    0.011345833333
 2.3973710162e-07 -1.1410615526e-10  9.4837252690e-06      0.0000000000  2.4138451832e-07  2.4137459595e-07    0.036354166667    0.011354166667
 2.3993461269e-07 -1.1756043796e-10  9.4840653961e-06      0.0000000000  2.4163190088e-07  2.4035721891e-07    0.036362500000    0.011362500000
 2.4032783821e-07 -1.0745881706e-10  9.4843853892e-06      0.0000000000  2.4187928344e-07  2.4184669071e-07    0.036370833333    0.011370833333
 2.4047151112e-07 -1.1467362724e-10  9.4847252789e-06      0.0000000000  2.4212712074e-07  2.4321488036e-07    0.036379166667    0.011379166667
 2.4038697203e-07 -1.3766374470e-10  9.4850653921e-06      0.0000000000  2.4237450330e-07  2.4336226160e-07    0.036387500000    0.011387500000
 2.4069529092e-07 -1.3347456708e-10  9.4853853922e-06      0.0000000000  2.4262234061e-07  2.4267400035e-07    0.036395833333    0.011395833333
 2.4099482399e-07 -1.2986243060e-10  9.4857252784e-06      0.0000000000  2.4286972317e-07  2.4209823246e-07    0.036404166667    0.011404166667
 2.4121735434e-07 -1.3161528320e-10  9.4860653951e-06      0.0000000000  2.4311756047e-07  2.4324560182e-07    0.036412500000    0.011412500000
 2.4133360670e-07 -1.4072934227e-10  9.4863853952e-06      0.0000000000  2.4336539778e-07  2.4276412082e-07    0.036420833333    0.011420833333
 2.4162414145e-07 -1.3774046189e-10  9.4867252709e-06      0.0000000000  2.4361278034e-07  2.4389848780e-07    0.036429166667    0.011429166667
 2.4204554787e-07 -1.2571842553e-10  9.4870653980e-06      0.0000000000  2.4386061764e-07  2.4412938611e-07    0.036437500000    0.011437500000
 2.4231392130e-07 -1.2429601793e-10  9.4873853911e-06      0.0000000000  2.4410845495e-07  2.4410118023e-07    0.036445833333    0.011445833333
 2.4261530910e-07 -1.2058691296e-10  9.4877252738e-06      0.0000000000  2.4435629226e-07  2.4394034067e-07    0.036454166667    0.011454166667
 2.4283479941e-07 -1.2255033056e-10  9.4880653940e-06      0.0000000000  2.4460412956e-07  2.4321566648e-07    0.036462500000    0.011462500000
 2.4290508712e-07 -1.3484807020e-10  9.4883853941e-06      0.0000000000  2.4485196687e-07  2.4587840233e-07    0.036470833333    0.011470833333
 2.4301988037e-07 -1.4406319233e-10  9.4887252803e-06      0.0000000000  2.4509980418e-07  2.4632230694e-07    0.036479166667    0.011479166667
 2.4352391369e-07 -1.2631811112e-10  9.4890653900e-06      0.0000000000  2.4534764148e-07  2.4643107410e-07    0.036487500000    0.011487500000
 2.4365056281e-07 -1.3471205197e-10  9.4893853971e-06      0.0000000000  2.4559547879e-07  2.4679775056e-07    0.036495833333    0.011495833333
 2.4381454297e-07 -1.4052030721e-10  9.4897252762e-06      0.0000000000  2.4584331609e-07  2.4711288919e-07    0.036504166667    0.011504166667
 2.4406637889e-07 -1.4024334877e-10  9.4900653929e-06      0.0000000000  2.4609115340e-07  2.4601374025e-07    0.036512500000    0.011512500000
 2.4420169226e-07 -1.4806866885e-10  9.4903853930e-06      0.0000000000  2.4633944545e-07  2.4745793171e-07    0.036520833333    0.011520833333
 2.4451286871e-07 -1.4368156605e-10  9.4907252757e-06      0.0000000000  2.4658728276e-07  2.4611158039e-07    0.036529166667    0.011529166667
 2.4476142144e-07 -1.4363201337e-10  9.4910653959e-06      0.0000000000  2.4683512007e-07  2.4654575287e-07    0.036537500000    0.011537500000
 2.4519112740e-07 -1.3106661738e-10  9.4913853890e-06      0.0000000000  2.4708341212e-07  2.4690686362e-07    0.036545833333    0.011545833333
 2.4564068405e-07 -1.1709479134e-10  9.4917252787e-06      0.0000000000  2.4733124943e-07  2.4687390959e-07    0.036554166667    0.011554166667
 2.4577155919e-07 -1.2522752003e-10  9.4920653919e-06      0.0000000000  2.4757954148e-07  2.4751805394e-07    0.036562500000    0.011562500000
 2.4588124516e-07 -1.3479639062e-10  9.4923853989e-06      0.0000000000  2.4782737879e-07  2.5039134340e-07    0.036570833333    0.011570833333
 2.4609237593e-07 -1.3737031812e-10  9.4927252711e-06      0.0000000000  2.4807567084e-07  2.4867070601e-07    0.036579166667    0.011579166667
 2.4652022716e-07 -1.2490189063e-10  9.4930653948e-06      0.0000000000  2.4832350815e-07  2.4860298988e-07    0.036587500000    0.011587500000
 2.4667523966e-07 -1.3136277618e-10  9.4933854019e-06      0.0000000000  2.4857180020e-07  2.4885118277e-07    0.036595833333    0.011595833333
 2.4674008604e-07 -1.4406889963e-10  9.4937252706e-06      0.0000000000  2.4882009225e-07  2.4910855751e-07    0.036604166667    0.011604166667
 2.4687254186e-07 -1.5209214489e-10  9.4940653978e-06      0.0000000000  2.4906838431e-07  2.5004520032e-07    0.036612500000    0.011612500000
 2.4737128569e-07 -1.3471343345e-10  9.4943853909e-06      0.0000000000  2.4931622161e-07  2.4948875519e-07    0.036620833333    0.011620833333
 2.4767088007e-07 -1.3116004539e-10  9.4947252806e-06      0.0000000000  2.4956451367e-07  2.4864562887e-07    0.036629166667    0.011629166667
 2.4743233529e-07 -1.6488015952e-10  9.4950653868e-06      0.0000000000  2.4981280572e-07  2.4929873496e-07    0.036637500000    0.011637500000
 2.4737175174e-07 -1.8627402301e-10  9.4953853938e-06      0.0000000000  2.5006109777e-07  2.5055667955e-07    0.036645833333    0.011645833333
 2.4780881441e-07 -1.7319907380e-10  9.4957252800e-06      0.0000000000  2.5030938983e-07  2.5157558165e-07    0.036654166667    0.011654166667
 2.4828962294e-07 -1.5712562298e-10  9.4960653967e-06      0.0000000000  2.5055813663e-07  2.5093269508e-07    0.036662500000    0.011662500000
 2.4836912210e-07 -1.6881684091e-10  9.4963853968e-06      0.0000000000  2.5080642868e-07  2.5016569635e-07    0.036670833333    0.011670833333
 2.4856104002e-07 -1.7272152144e-10  9.4967252725e-06      0.0000000000  2.5105472074e-07  2.5059785636e-07    0.036679166667    0.011679166667
 2.4873167813e-07 -1.7810011993e-10  9.4970653997e-06      0.0000000000  2.5130301279e-07  2.5128625911e-07    0.036687500000    0.011687500000
 2.4903106002e-07 -1.7459294683e-10  9.4973853928e-06      0.0000000000  2.5155175959e-07  2.5184471670e-07    0.036695833333    0.011695833333
 2.4942027332e-07 -1.6483222183e-10  9.4977252755e-06      0.0000000000  2.5180005164e-07  2.5209372716e-07    0.036704166667    0.011704166667
 2.4976844676e-07 -1.5791406877e-10  9.4980653956e-06      0.0000000000  2.5204834370e-07  2.5168485193e-07    0.036712500000    0.011712500000
 2.5001092004e-07 -1.5834859543e-10  9.4983853957e-06      0.0000000000  2.5229709050e-07  2.5272277806e-07    0.036720833333    0.011720833333
 2.5030479930e-07 -1.5519105771e-10  9.4987252784e-06      0.0000000000  2.5254538255e-07  2.5372841051e-07    0.036729166667    0.011729166667
 2.5077010406e-07 -1.4019145507e-10  9.4990653916e-06      0.0000000000  2.5279412935e-07  2.5291660310e-07    0.036737500000    0.011737500000
 2.5111107301e-07 -1.3380380907e-10  9.4993853987e-06      0.0000000000  2.5304287615e-07  2.5242587736e-07    0.036745833333    0.011745833333
 2.5109639291e-07 -1.5201822994e-10  9.4997252779e-06      0.0000000000  2.5329116821e-07  2.5269389612e-07    0.036754166667    0.011754166667
 2.5167381263e-07 -1.2925313159e-10  9.5000653946e-06      0.0000000000  2.5353991501e-07  2.5264756238e-07    0.036762500000    0.011762500000
 2.5199946003e-07 -1.2392671245e-10  9.5003853947e-06      0.0000000000  2.5378866181e-07  2.5397150936e-07    0.036770833333    0.011770833333
 2.5240305270e-07 -1.1320151633e-10  9.5007252774e-06      0.0000000000  2.5403740861e-07  2.5332736500e-07    0.036779166667    0.011779166667
 2.5283516060e-07 -1.0050125089e-10  9.5010653975e-06      0.0000000000  2.5428615541e-07  2.5403732308e-07    0.036787500000    0.011787500000
 2.5278652449e-07 -1.2109908787e-10  9.5013853906e-06      0.0000000000  2.5453490221e-07  2.5424599001e-07    0.036795833333    0.011795833333
 2.5307204394e-07 -1.1855207857e-10  9.5017252803e-06      0.0000000000  2.5478364901e-07  2.5384703558e-07    0.036804166667    0.011804166667
 2.5345642403e-07 -1.0915761697e-10  9.5020653935e-06      0.0000000000  2.5503239581e-07  2.5436242967e-07    0.036812500000    0.011812500000
 2.5390519101e-07 -9.5303481993e-11  9.5023854006e-06      0.0000000000  2.5528114262e-07  2.5622772834e-07    0.036820833333    0.011820833333
 2.5396818331e-07 -1.0816952328e-10  9.5027252728e-06      0.0000000000  2.5552988942e-07  2.5602832187e-07    0.036829166667    0.011829166667
 2.5443993261e-07 -9.2723548022e-11  9.5030653965e-06      0.0000000000  2.5577863622e-07  2.5563364392e-07    0.036837500000    0.011837500000
 2.5487392524e-07 -7.9892738947e-11  9.5033854035e-06      0.0000000000  2.5602738302e-07  2.5562232383e-07    0.036845833333    0.011845833333
 2.5489444923e-07 -9.5731789446e-11  9.5037252723e-06      0.0000000000  2.5627658457e-07  2.5585111535e-07    0.036854166667    0.011854166667
 2.5485590583e-07 -1.1563056840e-10  9.5040653994e-06      0.0000000000  2.5652533137e-07  2.5553594528e-07    0.036862500000    0.011862500000
 2.5519404787e-07 -1.0947022178e-10  9.5043853925e-06      0.0000000000  2.5677453292e-07  2.5658871331e-07    0.036870833333    0.011870833333
 2.5559405330e-07 -9.8993491619e-11  9.5047252822e-06      0.0000000000  2.5702327972e-07  2.5736033441e-07    0.036879166667    0.011879166667
 2.5582774142e-07 -1.0006800877e-10  9.5050653884e-06      0.0000000000  2.5727248126e-07  2.5726197544e-07    0.036887500000    0.011887500000
 2.5590769687e-07 -1.1175912033e-10  9.5053853955e-06      0.0000000000  2.5752122807e-07  2.5725631540e-07    0.036895833333    0.011895833333
 2.5594731188e-07 -1.2627585669e-10  9.5057252817e-06      0.0000000000  2.5777042961e-07  2.5773639711e-07    0.036904166667    0.011904166667
 2.5612980652e-07 -1.3089622326e-10  9.5060653983e-06      0.0000000000  2.5801963116e-07  2.5833376750e-07    0.036912500000    0.011912500000
 2.5667478945e-07 -1.1040931404e-10  9.5063853984e-06      0.0000000000  2.5826883271e-07  2.5714541000e-07    0.036920833333    0.011920833333
 2.5692413317e-07 -1.1036796899e-10  9.5067252707e-06      0.0000000000  2.5851757951e-07  2.5829133290e-07    0.036929166667    0.011929166667
 2.5683953421e-07 -1.3348822311e-10  9.5070654013e-06      0.0000000000  2.5876678106e-07  2.5887345261e-07    0.036937500000    0.011937500000
 2.5688437806e-07 -1.4764279064e-10  9.5073853944e-06      0.0000000000  2.5901598261e-07  2.5935851831e-07    0.036945833333    0.011945833333
 2.5712511884e-07 -1.4822881476e-10  9.5077252771e-06      0.0000000000  2.5926518416e-07  2.5957482629e-07    0.036954166667    0.011954166667
 2.5742386262e-07 -1.4479733721e-10  9.5080653973e-06      0.0000000000  2.5951438570e-07  2.5839388974e-07    0.036962500000    0.011962500000
 2.5763450750e-07 -1.4746791409e-10  9.5083853974e-06      0.0000000000  2.5976358725e-07  2.5881499695e-07    0.036970833333    0.011970833333
 2.5804497127e-07 -1.3632979562e-10  9.5087252731e-06      0.0000000000  2.6001324355e-07  2.5931759306e-07    0.036979166667    0.011979166667
 2.5814052206e-07 -1.4697221376e-10  9.5090653932e-06      0.0000000000  2.6026244510e-07  2.6023286920e-07    0.036987500000    0.011987500000
 2.5844637941e-07 -1.4304802374e-10  9.5093854003e-06      0.0000000000  2.6051164665e-07  2.6095480770e-07    0.036995833333    0.011995833333
 2.5872457280e-07 -1.4103994187e-10  9.5097252795e-06      0.0000000000  2.6076084819e-07  2.6089517286e-07    0.037004166667    0.012004166667
 2.5909247669e-07 -1.3284967784e-10  9.5100653962e-06      0.0000000000  2.6101050449e-07  2.5917598192e-07    0.037012500000    0.012012500000
 2.5947165859e-07 -1.2384675928e-10  9.5103853963e-06      0.0000000000  2.6125970604e-07  2.6126692764e-07    0.037020833333    0.012020833333
 2.5980928409e-07 -1.1775368782e-10  9.5107252790e-06      0.0000000000  2.6150936233e-07  2.6233085853e-07    0.037029166667    0.012029166667
 2.5994703005e-07 -1.2547351266e-10  9.5110653992e-06      0.0000000000  2.6175856388e-07  2.6216571104e-07    0.037037500000    0.012037500000
 2.6009301464e-07 -1.3265419732e-10  9.5113853923e-06      0.0000000000  2.6200822018e-07  2.6178214879e-07    0.037045833333    0.012045833333
 2.6046547833e-07 -1.2414810430e-10  9.5117252820e-06      0.0000000000  2.6225787647e-07  2.6170913423e-07    0.037054166667    0.012054166667
 2.6103022131e-07 -1.0229254111e-10  9.5120653951e-06      0.0000000000  2.6250707802e-07  2.6204901982e-07    0.037062500000    0.012062500000
 2.6113954363e-07 -1.1201259004e-10  9.5123853952e-06      0.0000000000  2.6275673432e-07  2.6228976032e-07    0.037070833333    0.012070833333
 2.6116788062e-07 -1.2734198094e-10  9.5127252744e-06      0.0000000000  2.6300639061e-07  2.6299114973e-07    0.037079166667    0.012079166667
 2.6150593175e-07 -1.2121942890e-10  9.5130653981e-06      0.0000000000  2.6325604691e-07  2.6228045270e-07    0.037087500000    0.012087500000
 2.6183522771e-07 -1.1570329222e-10  9.5133854052e-06      0.0000000000  2.6350570320e-07  2.6226913261e-07    0.037095833333    0.012095833333
 2.6222240510e-07 -1.0617807423e-10  9.5137252739e-06      0.0000000000  2.6375535950e-07  2.6320832244e-07    0.037104166667    0.012104166667
 2.6236960565e-07 -1.1327453659e-10  9.5140654010e-06      0.0000000000  2.6400501579e-07  2.6337271525e-07    0.037112500000    0.012112500000
 2.6250245749e-07 -1.2136484428e-10  9.5143853942e-06      0.0000000000  2.6425467209e-07  2.6508758254e-07    0.037120833333    0.012120833333
 2.6280220475e-07 -1.1789535939e-10  9.5147252838e-06      0.0000000000  2.6450432839e-07  2.6374143561e-07    0.037129166667    0.012129166667
 2.6328024768e-07 -1.0210795638e-10  9.5150653900e-06      0.0000000000  2.6475443943e-07  2.6481476846e-07    0.037137500000    0.012137500000
 2.6344702580e-07 -1.0784840458e-10  9.5153853971e-06      0.0000000000  2.6500409572e-07  2.6496145791e-07    0.037145833333    0.012145833333
 2.6340045730e-07 -1.2836602596e-10  9.5157252798e-06      0.0000000000  2.6525375202e-07  2.6413590917e-07    0.037154166667    0.012154166667
 2.6363438922e-07 -1.2948665171e-10  9.5160654000e-06      0.0000000000  2.6550386306e-07  2.6549359630e-07    0.037162500000    0.012162500000
 2.6399213948e-07 -1.2199966514e-10  9.5163854001e-06      0.0000000000  2.6575351936e-07  2.6729852117e-07    0.037170833333    0.012170833333
 2.6412027967e-07 -1.3044781584e-10  9.5167252723e-06      0.0000000000  2.6600363040e-07  2.6698210904e-07    0.037179166667    0.012179166667
 2.6418214798e-07 -1.4348620205e-10  9.5170654029e-06      0.0000000000  2.6625374144e-07  2.6706167981e-07    0.037187500000    0.012187500000
 2.6428271486e-07 -1.5381268484e-10  9.5173853961e-06      0.0000000000  2.6650339774e-07  2.6642426462e-07    0.037195833333    0.012195833333
 2.6452053781e-07 -1.5466380293e-10  9.5177252787e-06      0.0000000000  2.6675350878e-07  2.6570020360e-07    0.037204166667    0.012204166667
 2.6505767841e-07 -1.3478307781e-10  9.5180653989e-06      0.0000000000  2.6700361983e-07  2.6747913944e-07    0.037212500000    0.012212500000
 2.6513900270e-07 -1.4647387025e-10  9.5183853990e-06      0.0000000000  2.6725373087e-07  2.6759938391e-07    0.037220833333    0.012220833333
 2.6502096413e-07 -1.7197327018e-10  9.5187252747e-06      0.0000000000  2.6750384191e-07  2.6683843827e-07    0.037229166667    0.012229166667
 2.6536512601e-07 -1.6545896236e-10  9.5190653949e-06      0.0000000000  2.6775395296e-07  2.6785320540e-07    0.037237500000    0.012237500000
 2.6579501551e-07 -1.5300684376e-10  9.5193854020e-06      0.0000000000  2.6800406400e-07  2.6865976155e-07    0.037245833333    0.012245833333
 2.6604572808e-07 -1.5296517959e-10  9.5197252812e-06      0.0000000000  2.6825417504e-07  2.6864501399e-07    0.037254166667    0.012254166667
 2.6616888257e-07 -1.6175865837e-10  9.5200653978e-06      0.0000000000  2.6850428608e-07  2.6820110938e-07    0.037262500000    0.012262500000
 2.6648167167e-07 -1.5741734504e-10  9.5203853980e-06      0.0000000000  2.6875439713e-07  2.6759938391e-07    0.037270833333    0.012270833333
 2.6728690908e-07 -1.1899874355e-10  9.5207252771e-06      0.0000000000  2.6900496292e-07  2.6776251893e-07    0.037279166667    0.012279166667
 2.6753342656e-07 -1.1924764723e-10  9.5210654008e-06      0.0000000000  2.6925507396e-07  2.6810142974e-07    0.037287500000    0.012287500000
 2.6751734959e-07 -1.3768481041e-10  9.5213853939e-06      0.0000000000  2.6950518500e-07  2.6891930597e-07    0.037295833333    0.012295833333
 2.6779022388e-07 -1.3613964132e-10  9.5217252836e-06      0.0000000000  2.6975575079e-07  2.6981316828e-07    0.037304166667    0.012304166667
 2.6845583420e-07 -1.0736062967e-10  9.5220653968e-06      0.0000000000  2.7000586184e-07  2.6919375517e-07    0.037312500000    0.012312500000
 2.6880191147e-07 -1.0074515242e-10  9.5223853969e-06      0.0000000000  2.7025642763e-07  2.7024677476e-07    0.037320833333    0.012320833333
 2.6897106126e-07 -1.0638432483e-10  9.5227252761e-06      0.0000000000  2.7050699342e-07  2.6959090153e-07    0.037329166667    0.012329166667
 2.6902192495e-07 -1.2018493116e-10  9.5230653997e-06      0.0000000000  2.7075710446e-07  2.7007172220e-07    0.037337500000    0.012337500000
 2.6919837080e-07 -1.2531875128e-10  9.5233854068e-06      0.0000000000  2.7100767025e-07  2.7090091852e-07    0.037345833333    0.012345833333
 2.6977494005e-07 -1.0273854981e-10  9.5237252720e-06      0.0000000000  2.7125823604e-07  2.7190562335e-07    0.037354166667    0.012354166667
 2.7012691493e-07 -9.5714582386e-11  9.5240654027e-06      0.0000000000  2.7150880183e-07  2.7292384938e-07    0.037362500000    0.012362500000
 2.7017586362e-07 -1.0967932601e-10  9.5243853958e-06      0.0000000000  2.7175936762e-07  2.7211182186e-07    0.037370833333    0.012370833333
 2.7030202790e-07 -1.1829583344e-10  9.5247252855e-06      0.0000000000  2.7200993341e-07  2.7280127801e-07    0.037379166667    0.012379166667
 2.7054079369e-07 -1.1911314513e-10  9.5250653917e-06      0.0000000000  2.7226049920e-07  2.7260427706e-07    0.037387500000    0.012387500000
 2.7076758177e-07 -1.2076007700e-10  9.5253853988e-06      0.0000000000  2.7251106499e-07  2.7117728585e-07    0.037395833333    0.012395833333
 2.7107231512e-07 -1.1700823189e-10  9.5257252815e-06      0.0000000000  2.7276163078e-07  2.7015575812e-07    0.037404166667    0.012404166667
 2.7137264089e-07 -1.1359316961e-10  9.5260653946e-06      0.0000000000  2.7301265132e-07  2.7352557486e-07    0.037412500000    0.012412500000
 2.7114853772e-07 -1.4647049189e-10  9.5263854017e-06      0.0000000000  2.7326321711e-07  2.7278851146e-07    0.037420833333    0.012420833333
 2.7141454158e-07 -1.4540119451e-10  9.5267252739e-06      0.0000000000  2.7351378290e-07  2.7498724956e-07    0.037429166667    0.012429166667
 2.7181488304e-07 -1.3505867706e-10  9.5270654046e-06      0.0000000000  2.7376480344e-07  2.7512746140e-07    0.037437500000    0.012437500000
 2.7225991225e-07 -1.2162092078e-10  9.5273853977e-06      0.0000000000  2.7401582398e-07  2.7491870015e-07    0.037445833333    0.012445833333
 2.7238565117e-07 -1.3026689028e-10  9.5277252804e-06      0.0000000000  2.7426638977e-07  2.7485507183e-07    0.037454166667    0.012454166667
 2.7256893719e-07 -1.3495843233e-10  9.5280654006e-06      0.0000000000  2.7451741031e-07  2.7414214223e-07    0.037462500000    0.012462500000
 2.7277648242e-07 -1.3796969236e-10  9.5283854007e-06      0.0000000000  2.7476843084e-07  2.7660891481e-07    0.037470833333    0.012470833333
 2.7302698251e-07 -1.3797424316e-10  9.5287252764e-06      0.0000000000  2.7501899663e-07  2.7714633591e-07    0.037479166667    0.012479166667
 2.7327483791e-07 -1.3819347202e-10  9.5290653965e-06      0.0000000000  2.7527001717e-07  2.7688704304e-07    0.037487500000    0.012487500000
 2.7340303915e-07 -1.4670038964e-10  9.5293854036e-06      0.0000000000  2.7552103771e-07  2.7545448612e-07    0.037495833333    0.012495833333
