# TEXT EXPORT
# data-description.comment: 
# data-description.name: 
# data-description.probe: 
# data-description.user-name: Yazhini
# data-description.instrument: JPK01814-H-21-02-0019
# data-description.source-software: 8.0.163
# data-description.modification-software: 8.1.62
# index: 1177
# xPosition: 1.9648213374484743E-5
# yPosition: -2.6458034508008813E-6
# quantitative-imaging-settings.type: simple-quantitative-imaging-settings
# quantitative-imaging-settings.relative-setpoint: 0.30087220298747946
# quantitative-imaging-settings.control-settings.control-settings-type: quantitative-imaging-control-settings
# quantitative-imaging-settings.control-settings.next-line-motion-time: 0.05
# quantitative-imaging-settings.control-settings.next-line-additional-delay: 0.01
# quantitative-imaging-settings.control-settings.max-retries-per-position: 5
# quantitative-imaging-settings.control-settings.max-bad-adjecent-pixels: 0
# quantitative-imaging-settings.control-settings.max-pixel-replays: 1
# quantitative-imaging-settings.control-settings.pixelwise-retract-if-required: true
# quantitative-imaging-settings.control-settings.no-data-extend-fraction: 0.2
# quantitative-imaging-settings.control-settings.overscan-delay-factor: 3.4
# quantitative-imaging-settings.control-settings.overscan-distance-factor: 0.383
# quantitative-imaging-settings.control-settings.line-clock.active: false
# quantitative-imaging-settings.control-settings.line-clock.name: pulse-2
# quantitative-imaging-settings.control-settings.frame-clock.active: false
# quantitative-imaging-settings.control-settings.frame-clock.name: pulse-3
# quantitative-imaging-settings.control-settings.closed-loop: false
# quantitative-imaging-settings.control-settings.start-option.type: smooth-xyz-motion
# quantitative-imaging-settings.control-settings.start-option.additional-retract: 3.0E-9
# quantitative-imaging-settings.control-settings.start-option.start-time: 0.0075000000000000015
# quantitative-imaging-settings.control-settings.start-option.motion-time: 0.0075000000000000015
# quantitative-imaging-settings.control-settings.pixel-clock.active: false
# quantitative-imaging-settings.control-settings.pixel-clock.name: pixel-clock
# quantitative-imaging-settings.control-settings.ttl-outputs.pins.list: 
# quantitative-imaging-settings.control-settings.baseline-adjust-settings.enabled: true
# quantitative-imaging-settings.control-settings.baseline-adjust-settings.interval: 1
# quantitative-imaging-settings.control-settings.averager.type: instrumentdefault
# quantitative-imaging-settings.control-settings.averager.value: NaN
# quantitative-imaging-settings.extend.type: z-extend-force
# quantitative-imaging-settings.extend.identifier.type: standard
# quantitative-imaging-settings.extend.identifier.name: extend-spm
# quantitative-imaging-settings.extend.style: extend
# quantitative-imaging-settings.extend.duration: 0.030000000000000006
# quantitative-imaging-settings.extend.num-points: 1800
# quantitative-imaging-settings.extend.z-start: 6.000000000000001E-7
# quantitative-imaging-settings.extend.z-end: 0.0
# quantitative-imaging-settings.extend.setpoint: 0.30087220298747946
# quantitative-imaging-settings.retract.type: z-retract-height
# quantitative-imaging-settings.retract.identifier.type: standard
# quantitative-imaging-settings.retract.identifier.name: retract-spm
# quantitative-imaging-settings.retract.style: retract
# quantitative-imaging-settings.retract.duration: 0.030000000000000006
# quantitative-imaging-settings.retract.num-points: 1800
# quantitative-imaging-settings.retract.z-start: 6.000000000000001E-7
# quantitative-imaging-settings.retract.z-end: 0.0
# quantitative-imaging-settings.retract.setpoint: 0.15000000000000002
# quantitative-imaging-settings.data-description.comment: 
# quantitative-imaging-settings.data-description.name: 
# quantitative-imaging-settings.data-description.probe: 
# quantitative-imaging-settings.data-description.user-name: afm_csec
# quantitative-imaging-settings.data-description.instrument: JPK01814-H-21-02-0019
# quantitative-imaging-settings.data-description.source-software: 8.0.163
# quantitative-imaging-settings.data-description.modification-software: 
# feedbackMode: contact
# date: Wed Oct 02 14:54:13 BST 2024
# segmentIndex: 0
# segment: extend
# columns: verticalTipPosition vDeflection height error smoothedMeasuredHeight measuredHeight seriesTime time
# fancyNames: "Vertical Tip Position" "Vertical Deflection" "Height" "Error Signal" "Height (measured & smoothed)" "Height (measured)" "Series Time" "Segment Time"
# heightMultiplier: 0.788494
# heightOffset: 0.0
# sensitivity: 4.798575435590727E-8
# springConstant: 0.06926368726396598
# calibrationSlots: nominal force nominal volts nominal nominal elapsed elapsed
# units: m N m V m m s s
#
 3.7112894260e-07  4.0929799965e-12  9.6793980325e-06      0.0000000000  3.7106984988e-07  3.7195907417e-07  8.3333333333e-06  8.3333333333e-06
 3.7110516449e-07  1.8572729426e-11  9.6790606260e-06      0.0000000000  3.7083701923e-07  3.7099990125e-07  2.5000000000e-05  2.5000000000e-05
 3.7082824775e-07  1.5487666144e-11  9.6787332673e-06      0.0000000000  3.7060464334e-07  3.7003285144e-07  4.1666666667e-05  4.1666666667e-05
 3.7071017389e-07  2.3436143876e-11  9.6784053777e-06      0.0000000000  3.7037181269e-07  3.6982640136e-07  5.8333333333e-05  5.8333333333e-05
 3.7036142449e-07  1.5407183541e-11  9.6780671400e-06      0.0000000000  3.7013898205e-07  3.6967257397e-07  7.5000000000e-05  7.5000000000e-05
 3.7014686795e-07  1.6672915283e-11  9.6777389605e-06      0.0000000000  3.6990615140e-07  3.6993663070e-07  9.1666666667e-05  9.1666666667e-05
 3.6971645671e-07  2.9877549578e-12  9.6774105261e-06      0.0000000000  3.6967332076e-07  3.7037935613e-07  0.00010833333333  0.00010833333333
 3.6951551493e-07  5.1964951365e-12  9.6770722779e-06      0.0000000000  3.6944049012e-07  3.6966376946e-07  0.00012500000000  0.00012500000000
 3.6928327117e-07  5.2371449935e-12  9.6767440985e-06      0.0000000000  3.6920765947e-07  3.6962002990e-07  0.00014166666667  0.00014166666667
 3.6873355445e-07 -1.6711553332e-11  9.6764156606e-06      0.0000000000  3.6897482883e-07  3.6937460414e-07  0.00015833333333  0.00015833333333
 3.6874891730e-07  4.7924356913e-13  9.6760772447e-06      0.0000000000  3.6874199819e-07  3.6815363850e-07  0.00017500000000  0.00017500000000
 3.6810558268e-07 -2.7953775901e-11  9.6757484436e-06      0.0000000000  3.6850916754e-07  3.6909429050e-07  0.00019166666667  0.00019166666667
 3.6794584133e-07 -2.2891341476e-11  9.6754193387e-06      0.0000000000  3.6827633690e-07  3.6809909769e-07  0.00020833333333  0.00020833333333
 3.6796995909e-07 -5.0941477329e-12  9.6750804024e-06      0.0000000000  3.6804350626e-07  3.6794784876e-07  0.00022500000000  0.00022500000000
 3.6736492425e-07 -3.0842885500e-11  9.6747515559e-06      0.0000000000  3.6781022086e-07  3.6754741643e-07  0.00024166666667  0.00024166666667
 3.6752899541e-07 -3.3520032538e-12  9.6744224510e-06      0.0000000000  3.6757739022e-07  3.6813422141e-07  0.00025833333333  0.00025833333333
 3.6722093185e-07 -8.5629125302e-12  9.6740835148e-06      0.0000000000  3.6734455958e-07  3.6689039548e-07  0.00027500000000  0.00027500000000
 3.6721852298e-07  7.4284466376e-12  9.6737545984e-06      0.0000000000  3.6711127419e-07  3.6752781067e-07  0.00029166666667  0.00029166666667
 3.6701197989e-07  9.2492201613e-12  9.6734250394e-06      0.0000000000  3.6687844354e-07  3.6659239421e-07  0.00030833333333  0.00030833333333
 3.6692620347e-07  1.9466234943e-11  9.6730855758e-06      0.0000000000  3.6664515815e-07  3.6659418656e-07  0.00032500000000  0.00032500000000
 3.6671653530e-07  2.1102050608e-11  9.6727562194e-06      0.0000000000  3.6641187276e-07  3.6732986639e-07  0.00034166666667  0.00034166666667
 3.6669278872e-07  3.5583983784e-11  9.6724266081e-06      0.0000000000  3.6617904212e-07  3.6628557270e-07  0.00035833333333  0.00035833333333
 3.6616075593e-07  1.4891637418e-11  9.6720871410e-06      0.0000000000  3.6594575673e-07  3.6620815589e-07  0.00037500000000  0.00037500000000
 3.6577460033e-07  4.3032833474e-12  9.6717577881e-06      0.0000000000  3.6571247133e-07  3.6612305085e-07  0.00039166666667  0.00039166666667
 3.6567859127e-07  1.3780050638e-11  9.6714281523e-06      0.0000000000  3.6547964069e-07  3.6570964759e-07  0.00040833333333  0.00040833333333
 3.6517333913e-07 -5.0573694847e-12  9.6710884093e-06      0.0000000000  3.6524635530e-07  3.6534848967e-07  0.00042500000000  0.00042500000000
 3.6505482780e-07  2.8923055394e-12  9.6707587351e-06      0.0000000000  3.6501306991e-07  3.6468657907e-07  0.00044166666667  0.00044166666667
 3.6456402724e-07 -1.4944144328e-11  9.6704287954e-06      0.0000000000  3.6477978452e-07  3.6520169016e-07  0.00045833333333  0.00045833333333
 3.6413963164e-07 -2.8181142533e-11  9.6700889931e-06      0.0000000000  3.6454649913e-07  3.6442459768e-07  0.00047500000000  0.00047500000000
 3.6414800588e-07 -1.1442904989e-11  9.6697593154e-06      0.0000000000  3.6431321374e-07  3.6418399868e-07  0.00049166666667  0.00049166666667
 3.6377057206e-07 -2.1427157003e-11  9.6694293792e-06      0.0000000000  3.6407992834e-07  3.6453259445e-07  0.00050833333333  0.00050833333333
 3.6341802025e-07 -2.9687988738e-11  9.6690895734e-06      0.0000000000  3.6384664295e-07  3.6335121767e-07  0.00052500000000  0.00052500000000
 3.6365404495e-07  2.8181582299e-12  9.6687597804e-06      0.0000000000  3.6361335756e-07  3.6354141084e-07  0.00054166666667  0.00054166666667
 3.6344454850e-07  4.4973656142e-12  9.6684296871e-06      0.0000000000  3.6337961742e-07  3.6319380558e-07  0.00055833333333  0.00055833333333
 3.6316435536e-07  1.2483620429e-12  9.6680897241e-06      0.0000000000  3.6314633203e-07  3.6340917022e-07  0.00057500000000  0.00057500000000
 3.6324854888e-07  2.3238121707e-11  9.6677598892e-06      0.0000000000  3.6291304664e-07  3.6266908814e-07  0.00059166666667  0.00059166666667
 3.6259269961e-07 -5.9987128411e-12  9.6674297994e-06      0.0000000000  3.6267930650e-07  3.6317269048e-07  0.00060833333333  0.00060833333333
 3.6266528841e-07  1.5187261489e-11  9.6670898399e-06      0.0000000000  3.6244602111e-07  3.6250818569e-07  0.00062500000000  0.00062500000000
 3.6226712679e-07  3.7673255815e-12  9.6667600120e-06      0.0000000000  3.6221273572e-07  3.6173975622e-07  0.00064166666667  0.00064166666667
 3.6215157127e-07  1.1953228260e-11  9.6664299571e-06      0.0000000000  3.6197899558e-07  3.6188748334e-07  0.00065833333333  0.00065833333333
 3.6203334904e-07  1.9922927131e-11  9.6660899696e-06      0.0000000000  3.6174571019e-07  3.6217848817e-07  0.00067500000000  0.00067500000000
 3.6156979289e-07  4.0050226429e-12  9.6657600998e-06      0.0000000000  3.6151197005e-07  3.6211147955e-07  0.00069166666667  0.00069166666667
 3.6166492468e-07  2.6783905009e-11  9.6654299925e-06      0.0000000000  3.6127822992e-07  3.6095308883e-07  0.00070833333333  0.00070833333333
 3.6147099593e-07  2.9509891430e-11  9.6650899946e-06      0.0000000000  3.6104494453e-07  3.6081937031e-07  0.00072500000000  0.00072500000000
 3.6101637210e-07  1.4210671985e-11  9.6647601353e-06      0.0000000000  3.6081120439e-07  3.6087666253e-07  0.00074166666667  0.00074166666667
 3.6098514948e-07  2.8237782412e-11  9.6644299931e-06      0.0000000000  3.6057746425e-07  3.6078253287e-07  0.00075833333333  0.00075833333333
 3.6060536220e-07  1.8122018814e-11  9.6640899951e-06      0.0000000000  3.6034372411e-07  3.5986645488e-07  0.00077500000000  0.00077500000000
 3.6018451983e-07  5.1626284128e-12  9.6637601114e-06      0.0000000000  3.6010998397e-07  3.6012184861e-07  0.00079166666667  0.00079166666667
 3.6028406153e-07  2.8246957719e-11  9.6634299691e-06      0.0000000000  3.5987624383e-07  3.5994912296e-07  0.00080833333333  0.00080833333333
 3.5958342298e-07 -4.0921480695e-12  9.6630899572e-06      0.0000000000  3.5964250369e-07  3.5869014069e-07  0.00082500000000  0.00082500000000
 3.5936032834e-07 -3.3548017300e-12  9.6627600909e-06      0.0000000000  3.5940876356e-07  3.5909723930e-07  0.00084166666667  0.00084166666667
 3.5908238377e-07 -6.4165638962e-12  9.6624299627e-06      0.0000000000  3.5917502342e-07  3.5975292385e-07  0.00085833333333  0.00085833333333
 3.5865006547e-07 -2.0170819581e-11  9.6620899787e-06      0.0000000000  3.5894128328e-07  3.5915879227e-07  0.00087500000000  0.00087500000000
 3.5882232146e-07  7.9499698109e-12  9.6617601159e-06      0.0000000000  3.5870754314e-07  3.5815850542e-07  0.00089166666667  0.00089166666667
 3.5827262863e-07 -1.3934078644e-11  9.6614299912e-06      0.0000000000  3.5847380300e-07  3.5897930601e-07  0.00090833333333  0.00090833333333
 3.5838596358e-07  1.0105621326e-11  9.6610900107e-06      0.0000000000  3.5824006286e-07  3.5907698892e-07  0.00092500000000  0.00092500000000
 3.5803679981e-07  2.1424526348e-12  9.6607601339e-06      0.0000000000  3.5800586798e-07  3.5722533725e-07  0.00094166666667  0.00094166666667
 3.5774464412e-07 -1.9036240921e-12  9.6604300022e-06      0.0000000000  3.5777212784e-07  3.5815303404e-07  0.00095833333333  0.00095833333333
 3.5779720774e-07  1.7926830137e-11  9.6600899938e-06      0.0000000000  3.5753838770e-07  3.5764485650e-07  0.00097500000000  0.00097500000000
 3.5728848763e-07 -1.0877993129e-12  9.6597601065e-06      0.0000000000  3.5730419282e-07  3.5658650705e-07  0.00099166666667  0.00099166666667
 3.5714352823e-07  5.0614819964e-12  9.6594299643e-06      0.0000000000  3.5707045268e-07  3.5769674023e-07   0.0010083333333   0.0010083333333
 3.5667032710e-07 -1.1492971760e-11  9.6590899664e-06      0.0000000000  3.5683625779e-07  3.5728354136e-07   0.0010250000000   0.0010250000000
 3.5657063731e-07 -2.1766526825e-12  9.6587600931e-06      0.0000000000  3.5660206291e-07  3.5632202581e-07   0.0010416666667   0.0010416666667
 3.5618943314e-07 -1.2390555336e-11  9.6584299788e-06      0.0000000000  3.5636832277e-07  3.5698981657e-07   0.0010583333333   0.0010583333333
 3.5586378233e-07 -1.8725130172e-11  9.6580899879e-06      0.0000000000  3.5613412788e-07  3.5622596230e-07   0.0010750000000   0.0010750000000
 3.5557398955e-07 -2.2576044786e-11  9.6577601250e-06      0.0000000000  3.5589993300e-07  3.5536755387e-07   0.0010916666667   0.0010916666667
 3.5529585180e-07 -2.5651187027e-11  9.6574300108e-06      0.0000000000  3.5566619286e-07  3.5496356829e-07   0.0011083333333   0.0011083333333
 3.5498693863e-07 -3.0826451468e-11  9.6570900128e-06      0.0000000000  3.5543199797e-07  3.5522459061e-07   0.0011250000000   0.0011250000000
 3.5494013415e-07 -1.7847100912e-11  9.6567601395e-06      0.0000000000  3.5519780309e-07  3.5486123156e-07   0.0011416666667   0.0011416666667
 3.5462919249e-07 -2.3162865393e-11  9.6564300008e-06      0.0000000000  3.5496360820e-07  3.5425925453e-07   0.0011583333333   0.0011583333333
 3.5483091187e-07  7.0301644304e-12  9.6560899889e-06      0.0000000000  3.5472941332e-07  3.5384344575e-07   0.0011750000000   0.0011750000000
 3.5436820450e-07 -8.7974533037e-12  9.6557601052e-06      0.0000000000  3.5449521843e-07  3.5428202048e-07   0.0011916666667   0.0011916666667
 3.5451076129e-07  1.7297757377e-11  9.6554299734e-06      0.0000000000  3.5426102354e-07  3.5380299216e-07   0.0012083333333   0.0012083333333
 3.5430665285e-07  1.9381655518e-11  9.6550899685e-06      0.0000000000  3.5402682866e-07  3.5413014266e-07   0.0012250000000   0.0012250000000
 3.5444990300e-07  4.5524890119e-11  9.6547601092e-06      0.0000000000  3.5379263377e-07  3.5389911856e-07   0.0012416666667   0.0012416666667
 3.5421259155e-07  4.5309025416e-11  9.6544299844e-06      0.0000000000  3.5355843889e-07  3.5394895839e-07   0.0012583333333   0.0012583333333
 3.5418467655e-07  5.9628228482e-11  9.6540900040e-06      0.0000000000  3.5332378925e-07  3.5340741804e-07   0.0012750000000   0.0012750000000
 3.5393880471e-07  5.8819439544e-11  9.6537601342e-06      0.0000000000  3.5308959437e-07  3.5237740024e-07   0.0012916666667   0.0012916666667
 3.5378701728e-07  6.4527283798e-11  9.6534300199e-06      0.0000000000  3.5285539948e-07  3.5251514368e-07   0.0013083333333   0.0013083333333
 3.5316014558e-07  3.7360537328e-11  9.6530900115e-06      0.0000000000  3.5262074985e-07  3.5329308517e-07   0.0013250000000   0.0013250000000
 3.5286956434e-07  3.3455010541e-11  9.6527601382e-06      0.0000000000  3.5238655496e-07  3.5268293251e-07   0.0013416666667   0.0013416666667
 3.5217363239e-07  1.5048965237e-12  9.6524299995e-06      0.0000000000  3.5215190533e-07  3.5168777115e-07   0.0013583333333   0.0013583333333
 3.5189639258e-07 -1.4765537993e-12  9.6520899876e-06      0.0000000000  3.5191771045e-07  3.5269708262e-07   0.0013750000000   0.0013750000000
 3.5136977143e-07 -2.1699578045e-11  9.6517601108e-06      0.0000000000  3.5168306081e-07  3.5143394966e-07   0.0013916666667   0.0013916666667
 3.5121682521e-07 -1.6071995734e-11  9.6514299756e-06      0.0000000000  3.5144886593e-07  3.5096234229e-07   0.0014083333333   0.0014083333333
 3.5084951859e-07 -2.5260307449e-11  9.6510899741e-06      0.0000000000  3.5121421629e-07  3.5106614119e-07   0.0014250000000   0.0014250000000
 3.5076492103e-07 -1.4867147791e-11  9.6507601183e-06      0.0000000000  3.5097956666e-07  3.5112296173e-07   0.0014416666667   0.0014416666667
 3.5067800864e-07 -4.6658191070e-12  9.6504299970e-06      0.0000000000  3.5074537177e-07  3.5003055768e-07   0.0014583333333   0.0014583333333
 3.5019945996e-07 -2.1559166357e-11  9.6500900061e-06      0.0000000000  3.5051072214e-07  3.5067500076e-07   0.0014750000000   0.0014750000000
 3.5024981113e-07 -1.8189602206e-12  9.6497601503e-06      0.0000000000  3.5027607251e-07  3.5130692886e-07   0.0014916666667   0.0014916666667
 3.4978441070e-07 -1.7801611081e-11  9.6494300220e-06      0.0000000000  3.5004142288e-07  3.5100811002e-07   0.0015083333333   0.0015083333333
 3.4982112947e-07  9.9436519992e-13  9.6490900206e-06      0.0000000000  3.4980677324e-07  3.5079359439e-07   0.0015250000000   0.0015250000000
 3.4973260480e-07  1.1115518853e-11  9.6487601368e-06      0.0000000000  3.4957212361e-07  3.5016257819e-07   0.0015416666667   0.0015416666667
 3.4924359416e-07 -6.5024621667e-12  9.6484299981e-06      0.0000000000  3.4933747398e-07  3.4843043204e-07   0.0015583333333   0.0015583333333
 3.4929112838e-07  1.3042631756e-11  9.6480899827e-06      0.0000000000  3.4910282434e-07  3.4842068419e-07   0.0015750000000   0.0015750000000
 3.4896888572e-07  6.9756157871e-12  9.6477601094e-06      0.0000000000  3.4886817471e-07  3.4958531668e-07   0.0015916666667   0.0015916666667
 3.4878620957e-07  1.0575491159e-11  9.6474299777e-06      0.0000000000  3.4863352508e-07  3.4891474307e-07   0.0016083333333   0.0016083333333
 3.4862748216e-07  1.5834144207e-11  9.6470899902e-06      0.0000000000  3.4839887544e-07  3.4896665824e-07   0.0016250000000   0.0016250000000
 3.4810183856e-07 -4.2896732350e-12  9.6467601274e-06      0.0000000000  3.4816377106e-07  3.4791793086e-07   0.0016416666667   0.0016416666667
 3.4790915201e-07 -1.3831559387e-12  9.6464300097e-06      0.0000000000  3.4792912143e-07  3.4708426939e-07   0.0016583333333   0.0016583333333
 3.4737523960e-07 -2.2111199362e-11  9.6460900222e-06      0.0000000000  3.4769447180e-07  3.4698232573e-07   0.0016750000000   0.0016750000000
 3.4727118009e-07 -1.3034548468e-11  9.6457601524e-06      0.0000000000  3.4745936742e-07  3.4759106337e-07   0.0016916666667   0.0016916666667
 3.4683381555e-07 -2.7075330357e-11  9.6454300277e-06      0.0000000000  3.4722471778e-07  3.4712742722e-07   0.0017083333333   0.0017083333333
 3.4647686928e-07 -3.5514548556e-11  9.6450900192e-06      0.0000000000  3.4698961340e-07  3.4771299013e-07   0.0017250000000   0.0017250000000
 3.4659948266e-07 -1.0769195040e-11  9.6447601320e-06      0.0000000000  3.4675496377e-07  3.4614863282e-07   0.0017416666667   0.0017416666667
 3.4610720078e-07 -2.8582256880e-11  9.6444299933e-06      0.0000000000  3.4651985939e-07  3.4710360787e-07   0.0017583333333   0.0017583333333
 3.4610477886e-07 -1.2497309564e-11  9.6440899918e-06      0.0000000000  3.4628520976e-07  3.4684510112e-07   0.0017750000000   0.0017750000000
 3.4580202204e-07 -1.7183166899e-11  9.6437601081e-06      0.0000000000  3.4605010538e-07  3.4701831417e-07   0.0017916666667   0.0017916666667
 3.4559148280e-07 -1.5481694753e-11  9.6434299903e-06      0.0000000000  3.4581500100e-07  3.4575156507e-07   0.0018083333333   0.0018083333333
 3.4536091159e-07 -1.5199208176e-11  9.6430899959e-06      0.0000000000  3.4558035136e-07  3.4455842797e-07   0.0018250000000   0.0018250000000
 3.4516297527e-07 -1.2624811056e-11  9.6427601435e-06      0.0000000000  3.4534524698e-07  3.4576841942e-07   0.0018416666667   0.0018416666667
 3.4497688307e-07 -9.2300469341e-12  9.6424300188e-06      0.0000000000  3.4511014260e-07  3.4425597728e-07   0.0018583333333   0.0018583333333
 3.4485555395e-07 -1.3495525336e-12  9.6420900313e-06      0.0000000000  3.4487503822e-07  3.4424277051e-07   0.0018750000000   0.0018750000000
 3.4448544340e-07 -1.0700577501e-11  9.6417601615e-06      0.0000000000  3.4463993384e-07  3.4465675550e-07   0.0018916666667   0.0018916666667
 3.4446869272e-07  4.4234046211e-12  9.6414300263e-06      0.0000000000  3.4440482946e-07  3.4368714294e-07   0.0019083333333   0.0019083333333
 3.4427680738e-07  7.4169145450e-12  9.6410900144e-06      0.0000000000  3.4416972508e-07  3.4336533804e-07   0.0019250000000   0.0019250000000
 3.4396167421e-07  1.8738256021e-12  9.6407601306e-06      0.0000000000  3.4393462070e-07  3.4331719623e-07   0.0019416666667   0.0019416666667
 3.4392393709e-07  1.5544209704e-11  9.6404299989e-06      0.0000000000  3.4369951632e-07  3.4381894333e-07   0.0019583333333   0.0019583333333
 3.4348716429e-07  1.5759114811e-12  9.6400899905e-06      0.0000000000  3.4346441194e-07  3.4267253304e-07   0.0019750000000   0.0019750000000
 3.4321027060e-07 -1.3185703398e-12  9.6397601137e-06      0.0000000000  3.4322930756e-07  3.4272405516e-07   0.0019916666667   0.0019916666667
 3.4298628859e-07 -5.1669640582e-13  9.6394300029e-06      0.0000000000  3.4299374843e-07  3.4324482629e-07   0.0020083333333   0.0020083333333
 3.4228943584e-07 -3.2499091078e-11  9.6390900085e-06      0.0000000000  3.4275864405e-07  3.4263814828e-07   0.0020250000000   0.0020250000000
 3.4199958653e-07 -3.6290926225e-11  9.6387601457e-06      0.0000000000  3.4252353967e-07  3.4214482835e-07   0.0020416666667   0.0020416666667
 3.4185010416e-07 -3.0328932924e-11  9.6384300314e-06      0.0000000000  3.4228798054e-07  3.4175815307e-07   0.0020583333333   0.0020583333333
 3.4156319925e-07 -3.3916828339e-11  9.6380900370e-06      0.0000000000  3.4205287616e-07  3.4183365176e-07   0.0020750000000   0.0020750000000
 3.4160039728e-07 -1.5056159555e-11  9.6377601637e-06      0.0000000000  3.4181777178e-07  3.4234014701e-07   0.0020916666667   0.0020916666667
 3.4131493617e-07 -1.8512554625e-11  9.6374300249e-06      0.0000000000  3.4158221265e-07  3.4278144170e-07   0.0021083333333   0.0021083333333
 3.4125257567e-07 -6.5476766762e-12  9.6370900130e-06      0.0000000000  3.4134710827e-07  3.4161393203e-07   0.0021250000000   0.0021250000000
 3.4108474720e-07 -1.8564018632e-12  9.6367601363e-06      0.0000000000  3.4111154915e-07  3.4144414645e-07   0.0021416666667   0.0021416666667
 3.4107647400e-07  1.3886259683e-11  9.6364299975e-06      0.0000000000  3.4087599002e-07  3.4064938206e-07   0.0021583333333   0.0021583333333
 3.4102209623e-07  2.6404051185e-11  9.6360899891e-06      0.0000000000  3.4064088564e-07  3.4074865293e-07   0.0021750000000   0.0021750000000
 3.4125035877e-07  5.8530050085e-11  9.6357601298e-06      0.0000000000  3.4040532651e-07  3.4106581974e-07   0.0021916666667   0.0021916666667
 3.4088050037e-07  4.9227987242e-11  9.6354300120e-06      0.0000000000  3.4016976738e-07  3.4105476693e-07   0.0022083333333   0.0022083333333
 3.4068481235e-07  5.1989607260e-11  9.6350900211e-06      0.0000000000  3.3993420825e-07  3.3932524641e-07   0.0022250000000   0.0022250000000
 3.4050114746e-07  5.5583993521e-11  9.6347601618e-06      0.0000000000  3.3969864913e-07  3.4087144442e-07   0.0022416666667   0.0022416666667
 3.3994606250e-07  3.3452455974e-11  9.6344300370e-06      0.0000000000  3.3946309000e-07  3.3948180950e-07   0.0022583333333   0.0022583333333
 3.3983812344e-07  4.2260394990e-11  9.6340900461e-06      0.0000000000  3.3922798562e-07  3.3855772884e-07   0.0022750000000   0.0022750000000
 3.3955266367e-07  3.8804092452e-11  9.6337601623e-06      0.0000000000  3.3899242649e-07  3.3840806787e-07   0.0022916666667   0.0022916666667
 3.3915473705e-07  2.7557921372e-11  9.6334300236e-06      0.0000000000  3.3875686736e-07  3.3821917965e-07   0.0023083333333   0.0023083333333
 3.3862358044e-07  7.1152471710e-12  9.6330900152e-06      0.0000000000  3.3852085349e-07  3.3788864885e-07   0.0023250000000   0.0023250000000
 3.3832255758e-07  2.5809880538e-12  9.6327601349e-06      0.0000000000  3.3828529436e-07  3.3762894721e-07   0.0023416666667   0.0023416666667
 3.3780551892e-07 -1.6915322446e-11  9.6324299962e-06      0.0000000000  3.3804973523e-07  3.3880735247e-07   0.0023583333333   0.0023583333333
 3.3764897186e-07 -1.1442654956e-11  9.6320900052e-06      0.0000000000  3.3781417611e-07  3.3833170445e-07   0.0023750000000   0.0023750000000
 3.3737279816e-07 -1.4255770073e-11  9.6317601354e-06      0.0000000000  3.3757861698e-07  3.3772424032e-07   0.0023916666667   0.0023916666667
 3.3693577512e-07 -2.8178405917e-11  9.6314300247e-06      0.0000000000  3.3734260310e-07  3.3713333182e-07   0.0024083333333   0.0024083333333
 3.3695742121e-07 -1.0363424296e-11  9.6310900302e-06      0.0000000000  3.3710704397e-07  3.3715182129e-07   0.0024250000000   0.0024250000000
 3.3658674335e-07 -1.9722246046e-11  9.6307601709e-06      0.0000000000  3.3687148485e-07  3.3789053553e-07   0.0024416666667   0.0024416666667
 3.3660009642e-07 -2.4501716750e-12  9.6304300496e-06      0.0000000000  3.3663547097e-07  3.3648436070e-07   0.0024583333333   0.0024583333333
 3.3610081017e-07 -2.0716884746e-11  9.6300900447e-06      0.0000000000  3.3639991184e-07  3.3666378407e-07   0.0024750000000   0.0024750000000
 3.3587848304e-07 -1.9768890467e-11  9.6297601575e-06      0.0000000000  3.3616389797e-07  3.3512533718e-07   0.0024916666667   0.0024916666667
 3.3549988550e-07 -2.9676258278e-11  9.6294300187e-06      0.0000000000  3.3592833884e-07  3.3608616094e-07   0.0025083333333   0.0025083333333
 3.3529267017e-07 -2.7681564608e-11  9.6290900173e-06      0.0000000000  3.3569232497e-07  3.3577657231e-07   0.0025250000000   0.0025250000000
 3.3499347774e-07 -3.2057544723e-11  9.6287601336e-06      0.0000000000  3.3545631109e-07  3.3499353678e-07   0.0025416666667   0.0025416666667
 3.3478006964e-07 -3.0523282868e-11  9.6284299983e-06      0.0000000000  3.3522075196e-07  3.3502914789e-07   0.0025583333333   0.0025583333333
 3.3459705981e-07 -2.6852026941e-11  9.6280900144e-06      0.0000000000  3.3498473809e-07  3.3468457704e-07   0.0025750000000   0.0025750000000
 3.3421599686e-07 -3.6898660488e-11  9.6277601481e-06      0.0000000000  3.3474872421e-07  3.3516915534e-07   0.0025916666667   0.0025916666667
 3.3427661818e-07 -1.6352613167e-11  9.6274300303e-06      0.0000000000  3.3451271034e-07  3.3346771493e-07   0.0026083333333   0.0026083333333
 3.3394348290e-07 -2.3079600148e-11  9.6270900428e-06      0.0000000000  3.3427669646e-07  3.3377709918e-07   0.0026250000000   0.0026250000000
 3.3382237547e-07 -1.5152253344e-11  9.6267601800e-06      0.0000000000  3.3404113733e-07  3.3379964502e-07   0.0026416666667   0.0026416666667
 3.3369714261e-07 -7.4791520912e-12  9.6264300518e-06      0.0000000000  3.3380512346e-07  3.3383522468e-07   0.0026583333333   0.0026583333333
 3.3334263426e-07 -1.5686515748e-11  9.6260900399e-06      0.0000000000  3.3356910958e-07  3.3288644422e-07   0.0026750000000   0.0026750000000
 3.3317439932e-07 -1.0991896909e-11  9.6257601561e-06      0.0000000000  3.3333309571e-07  3.3348191220e-07   0.0026916666667   0.0026916666667
 3.3300937776e-07 -6.0432103150e-12  9.6254300279e-06      0.0000000000  3.3309662709e-07  3.3320645677e-07   0.0027083333333   0.0027083333333
 3.3274911628e-07 -7.7226889319e-12  9.6250900160e-06      0.0000000000  3.3286061321e-07  3.3268161355e-07   0.0027250000000   0.0027250000000
 3.3303486259e-07  2.8416346003e-11  9.6247601287e-06      0.0000000000  3.3262459934e-07  3.3275976931e-07   0.0027416666667   0.0027416666667
 3.3258858528e-07  1.3852724991e-11  9.6244299900e-06      0.0000000000  3.3238858546e-07  3.3305522356e-07   0.0027583333333   0.0027583333333
 3.3255467064e-07  2.7850863425e-11  9.6240899921e-06      0.0000000000  3.3215257159e-07  3.3309830278e-07   0.0027750000000   0.0027750000000
 3.3240722515e-07  3.4016933271e-11  9.6237601048e-06      0.0000000000  3.3191610296e-07  3.3296906513e-07   0.0027916666667   0.0027916666667
 3.3201592521e-07  2.3261248283e-11  9.6234299661e-06      0.0000000000  3.3168008909e-07  3.3205460655e-07   0.0028083333333   0.0028083333333
 3.3180201473e-07  2.4792210392e-11  9.6230899577e-06      0.0000000000  3.3144407521e-07  3.3172314813e-07   0.0028250000000   0.0028250000000
 3.3155879326e-07  2.4324483485e-11  9.6227600844e-06      0.0000000000  3.3120760659e-07  3.3075763910e-07   0.0028416666667   0.0028416666667
 3.3114713424e-07  1.2158653334e-11  9.6224299596e-06      0.0000000000  3.3097159272e-07  3.3053078143e-07   0.0028583333333   0.0028583333333
 3.3098246750e-07  1.7131916331e-11  9.6220899722e-06      0.0000000000  3.3073512409e-07  3.3050790542e-07   0.0028750000000   0.0028750000000
 3.3059161938e-07  6.4075255429e-12  9.6217601094e-06      0.0000000000  3.3049911022e-07  3.2988787914e-07   0.0028916666667   0.0028916666667
 3.3012441567e-07 -9.5740374150e-12  9.6214299916e-06      0.0000000000  3.3026264160e-07  3.2989503281e-07   0.0029083333333   0.0029083333333
 3.2988964726e-07 -9.4877717818e-12  9.6210900041e-06      0.0000000000  3.3002662772e-07  3.2977986665e-07   0.0029250000000   0.0029250000000
 3.2943028254e-07 -2.4926377590e-11  9.6207601273e-06      0.0000000000  3.2979015910e-07  3.3001126808e-07   0.0029416666667   0.0029416666667
 3.2932006121e-07 -1.6182024667e-11  9.6204299991e-06      0.0000000000  3.2955369048e-07  3.2897533868e-07   0.0029583333333   0.0029583333333
 3.2914045900e-07 -1.2243246886e-11  9.6200899872e-06      0.0000000000  3.2931722185e-07  3.2924268139e-07   0.0029750000000   0.0029750000000
 3.2881094543e-07 -1.8719380593e-11  9.6197600999e-06      0.0000000000  3.2908120798e-07  3.2917884868e-07   0.0029916666667   0.0029916666667
 3.2884351048e-07 -8.5116574213e-14  9.6194299612e-06      0.0000000000  3.2884473936e-07  3.2862888116e-07   0.0030083333333   0.0030083333333
 3.2872236202e-07  7.9023830621e-12  9.6190899633e-06      0.0000000000  3.2860827073e-07  3.2847841834e-07   0.0030250000000   0.0030250000000
 3.2817364316e-07 -1.3725219912e-11  9.6187600865e-06      0.0000000000  3.2837180211e-07  3.2768576074e-07   0.0030416666667   0.0030416666667
 3.2805415152e-07 -5.6229625369e-12  9.6184299757e-06      0.0000000000  3.2813533349e-07  3.2847319852e-07   0.0030583333333   0.0030583333333
 3.2791884030e-07  1.3835721841e-12  9.6180899848e-06      0.0000000000  3.2789886487e-07  3.2839842306e-07   0.0030750000000   0.0030750000000
 3.2771144428e-07  3.3972477275e-12  9.6177601185e-06      0.0000000000  3.2766239624e-07  3.2805581751e-07   0.0030916666667   0.0030916666667
 3.2756504348e-07  9.6356773150e-12  9.6174300077e-06      0.0000000000  3.2742592762e-07  3.2801508092e-07   0.0031083333333   0.0031083333333
 3.2707005790e-07 -8.2386629459e-12  9.6170900063e-06      0.0000000000  3.2718900425e-07  3.2786126925e-07   0.0031250000000   0.0031250000000
 3.2688107344e-07 -4.9497348633e-12  9.6167601330e-06      0.0000000000  3.2695253563e-07  3.2722151143e-07   0.0031416666667   0.0031416666667
 3.2660347388e-07 -7.7986154439e-12  9.6164299978e-06      0.0000000000  3.2671606701e-07  3.2598384866e-07   0.0031583333333   0.0031583333333
 3.2629099898e-07 -1.3063089974e-11  9.6160899824e-06      0.0000000000  3.2647959838e-07  3.2678399009e-07   0.0031750000000   0.0031750000000
 3.2606766574e-07 -1.2121787718e-11  9.6157600986e-06      0.0000000000  3.2624267501e-07  3.2683752467e-07   0.0031916666667   0.0031916666667
 3.2576061393e-07 -1.7010639313e-11  9.6154299703e-06      0.0000000000  3.2600620639e-07  3.2729768617e-07   0.0032083333333   0.0032083333333
 3.2554959620e-07 -1.5247817042e-11  9.6150899619e-06      0.0000000000  3.2576973777e-07  3.2610429752e-07   0.0032250000000   0.0032250000000
 3.2548462845e-07 -3.3375367310e-12  9.6147601026e-06      0.0000000000  3.2553281440e-07  3.2533523916e-07   0.0032416666667   0.0032416666667
 3.2517371419e-07 -8.4939158003e-12  9.6144299779e-06      0.0000000000  3.2529634578e-07  3.2477137308e-07   0.0032583333333   0.0032583333333
 3.2511880441e-07  4.1130167130e-12  9.6140900009e-06      0.0000000000  3.2505942241e-07  3.2534721958e-07   0.0032750000000   0.0032750000000
 3.2514290553e-07  2.2161037281e-11  9.6137601276e-06      0.0000000000  3.2482295378e-07  3.2421860698e-07   0.0032916666667   0.0032916666667
 3.2490180304e-07  2.1871576210e-11  9.6134300133e-06      0.0000000000  3.2458603042e-07  3.2472725619e-07   0.0033083333333   0.0033083333333
 3.2465582466e-07  2.1244393164e-11  9.6130900119e-06      0.0000000000  3.2434910705e-07  3.2434562778e-07   0.0033250000000   0.0033250000000
 3.2466775863e-07  3.8449672579e-11  9.6127601316e-06      0.0000000000  3.2411263842e-07  3.2368057271e-07   0.0033416666667   0.0033416666667
 3.2412234960e-07  1.7082818144e-11  9.6124299929e-06      0.0000000000  3.2387571505e-07  3.2287631203e-07   0.0033583333333   0.0033583333333
 3.2401954396e-07  2.6372306344e-11  9.6120899810e-06      0.0000000000  3.2363879168e-07  3.2451006776e-07   0.0033750000000   0.0033750000000
 3.2375822880e-07  2.4682841578e-11  9.6117601042e-06      0.0000000000  3.2340186831e-07  3.2313962981e-07   0.0033916666667   0.0033916666667
 3.2321368893e-07  3.3761882273e-12  9.6114299725e-06      0.0000000000  3.2316494494e-07  3.2228716442e-07   0.0034083333333   0.0034083333333
 3.2313322604e-07  1.4181720416e-11  9.6110899711e-06      0.0000000000  3.2292847632e-07  3.2263714376e-07   0.0034250000000   0.0034250000000
 3.2260920743e-07 -5.7035544312e-12  9.6107601117e-06      0.0000000000  3.2269155295e-07  3.2293042833e-07   0.0034416666667   0.0034416666667
 3.2228359516e-07 -1.1846474440e-11  9.6104299940e-06      0.0000000000  3.2245462958e-07  3.2235574528e-07   0.0034583333333   0.0034583333333
 3.2212619849e-07 -6.3381621140e-12  9.6100900030e-06      0.0000000000  3.2221770621e-07  3.2280425653e-07   0.0034750000000   0.0034750000000
 3.2160774832e-07 -2.5837746585e-11  9.6097601437e-06      0.0000000000  3.2198078284e-07  3.2190630641e-07   0.0034916666667   0.0034916666667
 3.2168812064e-07 -3.8291795455e-12  9.6094300155e-06      0.0000000000  3.2174340472e-07  3.2111753223e-07   0.0035083333333   0.0035083333333
 3.2125133097e-07 -1.7672656558e-11  9.6090900175e-06      0.0000000000  3.2150648135e-07  3.2139188710e-07   0.0035250000000   0.0035250000000
 3.2108080234e-07 -1.3073911735e-11  9.6087601303e-06      0.0000000000  3.2126955799e-07  3.2138860113e-07   0.0035416666667   0.0035416666667
 3.2128597225e-07  1.7547098721e-11  9.6084299915e-06      0.0000000000  3.2103263462e-07  3.2092765351e-07   0.0035583333333   0.0035583333333
 3.2063596849e-07 -1.1064372321e-11  9.6080899831e-06      0.0000000000  3.2079571125e-07  3.2073327819e-07   0.0035750000000   0.0035750000000
 3.2032594835e-07 -1.6095826410e-11  9.6077601029e-06      0.0000000000  3.2055833313e-07  3.2035164978e-07   0.0035916666667   0.0035916666667
 3.1999832417e-07 -2.2378099067e-11  9.6074299711e-06      0.0000000000  3.2032140976e-07  3.2103052479e-07   0.0036083333333   0.0036083333333
 3.1979952953e-07 -1.9705665012e-11  9.6070899907e-06      0.0000000000  3.2008403164e-07  3.2035083222e-07   0.0036250000000   0.0036250000000
 3.1924961547e-07 -4.1384554640e-11  9.6067601209e-06      0.0000000000  3.1984710827e-07  3.2038793695e-07   0.0036416666667   0.0036416666667
 3.1951074440e-07 -6.8876159110e-12  9.6064300066e-06      0.0000000000  3.1961018490e-07  3.1947063262e-07   0.0036583333333   0.0036583333333
 3.1905598956e-07 -2.1943929239e-11  9.6060900191e-06      0.0000000000  3.1937280678e-07  3.1819723297e-07   0.0036750000000   0.0036750000000
 3.1898514336e-07 -1.0409314494e-11  9.6057601458e-06      0.0000000000  3.1913542867e-07  3.1835777380e-07   0.0036916666667   0.0036916666667
 3.1874486167e-07 -1.0641924126e-11  9.6054300246e-06      0.0000000000  3.1889850530e-07  3.1906260640e-07   0.0037083333333   0.0037083333333
 3.1877344388e-07  7.7794688729e-12  9.6050900162e-06      0.0000000000  3.1866112718e-07  3.1816822525e-07   0.0037250000000   0.0037250000000
 3.1829330952e-07 -9.0347235155e-12  9.6047601289e-06      0.0000000000  3.1842374906e-07  3.1904260758e-07   0.0037416666667   0.0037416666667
 3.1824060403e-07  3.7248862019e-12  9.6044299867e-06      0.0000000000  3.1818682569e-07  3.1902564317e-07   0.0037583333333   0.0037583333333
 3.1788885149e-07 -4.1971082319e-12  9.6040899888e-06      0.0000000000  3.1794944758e-07  3.1838022531e-07   0.0037750000000   0.0037750000000
 3.1795660726e-07  1.6937590011e-11  9.6037601015e-06      0.0000000000  3.1771206946e-07  3.1776917648e-07   0.0037916666667   0.0037916666667
 3.1770293117e-07  1.5808731812e-11  9.6034299872e-06      0.0000000000  3.1747469134e-07  3.1817794166e-07   0.0038083333333   0.0038083333333
 3.1709599113e-07 -9.7884897033e-12  9.6030899928e-06      0.0000000000  3.1723731322e-07  3.1752807437e-07   0.0038250000000   0.0038250000000
 3.1698661555e-07 -9.2256144582e-13  9.6027601370e-06      0.0000000000  3.1699993511e-07  3.1717402295e-07   0.0038416666667   0.0038416666667
 3.1666666818e-07 -6.6731102933e-12  9.6024300122e-06      0.0000000000  3.1676301174e-07  3.1675862295e-07   0.0038583333333   0.0038583333333
 3.1630647807e-07 -1.5148023901e-11  9.6020900283e-06      0.0000000000  3.1652517887e-07  3.1690727769e-07   0.0038750000000   0.0038750000000
 3.1595780005e-07 -2.2857066021e-11  9.6017601550e-06      0.0000000000  3.1628780076e-07  3.1671060692e-07   0.0038916666667   0.0038916666667
 3.1594210677e-07 -7.5023565943e-12  9.6014300232e-06      0.0000000000  3.1605042264e-07  3.1595308875e-07   0.0039083333333   0.0039083333333
 3.1563876496e-07 -1.2071245021e-11  9.6010900113e-06      0.0000000000  3.1581304452e-07  3.1576836696e-07   0.0039250000000   0.0039250000000
 3.1564991806e-07  5.1429432056e-12  9.6007601241e-06      0.0000000000  3.1557566640e-07  3.1506243380e-07   0.0039416666667   0.0039416666667
 3.1558571732e-07  1.7137847335e-11  9.6004299958e-06      0.0000000000  3.1533828829e-07  3.1572887243e-07   0.0039583333333   0.0039583333333
 3.1503259587e-07 -4.7317001003e-12  9.6000899874e-06      0.0000000000  3.1510091017e-07  3.1505620775e-07   0.0039750000000   0.0039750000000
 3.1488685960e-07  1.6472496826e-12  9.5997601071e-06      0.0000000000  3.1486307731e-07  3.1557716755e-07   0.0039916666667   0.0039916666667
 3.1447695844e-07 -1.0302332379e-11  9.5994299999e-06      0.0000000000  3.1462569919e-07  3.1546775577e-07   0.0040083333333   0.0040083333333
 3.1419298972e-07 -1.3497871843e-11  9.5990900054e-06      0.0000000000  3.1438786632e-07  3.1462433073e-07   0.0040250000000   0.0040250000000
 3.1393173461e-07 -1.5151680534e-11  9.5987601391e-06      0.0000000000  3.1415048821e-07  3.1369441709e-07   0.0040416666667   0.0040416666667
 3.1336382198e-07 -3.8045719767e-11  9.5984300318e-06      0.0000000000  3.1391311009e-07  3.1403071799e-07   0.0040583333333   0.0040583333333
 3.1348619622e-07 -1.3096447348e-11  9.5980900304e-06      0.0000000000  3.1367527723e-07  3.1372996531e-07   0.0040750000000   0.0040750000000
 3.1303789581e-07 -2.7705703316e-11  9.5977601571e-06      0.0000000000  3.1343789911e-07  3.1265172709e-07   0.0040916666667   0.0040916666667
 3.1287648290e-07 -2.2412575302e-11  9.5974300219e-06      0.0000000000  3.1320006624e-07  3.1326661216e-07   0.0041083333333   0.0041083333333
 3.1280521314e-07 -1.0875800935e-11  9.5970900100e-06      0.0000000000  3.1296223338e-07  3.1303705025e-07   0.0041250000000   0.0041250000000
 3.1241802204e-07 -2.1252400657e-11  9.5967601297e-06      0.0000000000  3.1272485526e-07  3.1208271980e-07   0.0041416666667   0.0041416666667
 3.1236699807e-07 -8.3133278117e-12  9.5964299945e-06      0.0000000000  3.1248702240e-07  3.1182874109e-07   0.0041583333333   0.0041583333333
 3.1194655178e-07 -2.0961806961e-11  9.5960899861e-06      0.0000000000  3.1224918953e-07  3.1150155915e-07   0.0041750000000   0.0041750000000
 3.1191725622e-07 -6.5177440231e-12  9.5957601267e-06      0.0000000000  3.1201135667e-07  3.1278058740e-07   0.0041916666667   0.0041916666667
 3.1183408070e-07  4.1628962277e-12  9.5954300055e-06      0.0000000000  3.1177397855e-07  3.1169582441e-07   0.0042083333333   0.0042083333333
 3.1139895651e-07 -9.5022280364e-12  9.5950900180e-06      0.0000000000  3.1153614569e-07  3.1196670464e-07   0.0042250000000   0.0042250000000
 3.1126482416e-07 -2.3195484391e-12  9.5947601552e-06      0.0000000000  3.1129831282e-07  3.1194617126e-07   0.0042416666667   0.0042416666667
 3.1106843866e-07  5.5124932301e-13  9.5944300340e-06      0.0000000000  3.1106047996e-07  3.1136521500e-07   0.0042583333333   0.0042583333333
 3.1077494234e-07 -3.3042072817e-12  9.5940900430e-06      0.0000000000  3.1082264709e-07  3.1082262125e-07   0.0042750000000   0.0042750000000
 3.1062616442e-07  2.8640664660e-12  9.5937601557e-06      0.0000000000  3.1058481423e-07  3.1105584648e-07   0.0042916666667   0.0042916666667
 3.1032854727e-07 -1.2768132317e-12  9.5934300205e-06      0.0000000000  3.1034698136e-07  3.0969094280e-07   0.0043083333333   0.0043083333333
 3.1004406368e-07 -4.5080143886e-12  9.5930900086e-06      0.0000000000  3.1010914850e-07  3.1097479780e-07   0.0043250000000   0.0043250000000
 3.0980008932e-07 -4.9333971693e-12  9.5927601283e-06      0.0000000000  3.0987131564e-07  3.0994657235e-07   0.0043416666667   0.0043416666667
 3.0957841588e-07 -3.7826386469e-12  9.5924299931e-06      0.0000000000  3.0963302802e-07  3.0991948276e-07   0.0043583333333   0.0043583333333
 3.0930371746e-07 -6.3360825625e-12  9.5920899987e-06      0.0000000000  3.0939519516e-07  3.0957744321e-07   0.0043750000000   0.0043750000000
 3.0925427203e-07  6.7123256674e-12  9.5917601289e-06      0.0000000000  3.0915736229e-07  3.0851421983e-07   0.0043916666667   0.0043916666667
 3.0903809095e-07  8.2120081125e-12  9.5914300216e-06      0.0000000000  3.0891952943e-07  3.0847021299e-07   0.0044083333333   0.0044083333333
 3.0886104702e-07  1.2453971091e-11  9.5910900237e-06      0.0000000000  3.0868124182e-07  3.0776228309e-07   0.0044250000000   0.0044250000000
 3.0858916555e-07  1.0095639389e-11  9.5907601643e-06      0.0000000000  3.0844340895e-07  3.0833583413e-07   0.0044416666667   0.0044416666667
 3.0849273608e-07  1.9921257553e-11  9.5904300431e-06      0.0000000000  3.0820512134e-07  3.0828112038e-07   0.0044583333333   0.0044583333333
 3.0836970800e-07  2.7873060132e-11  9.5900900417e-06      0.0000000000  3.0796728848e-07  3.0735589200e-07   0.0044750000000   0.0044750000000
 3.0799939118e-07  1.8728230347e-11  9.5897601544e-06      0.0000000000  3.0772900087e-07  3.0712383023e-07   0.0044916666667   0.0044916666667
 3.0772226190e-07  1.6006415862e-11  9.5894300157e-06      0.0000000000  3.0749116800e-07  3.0749572651e-07   0.0045083333333   0.0045083333333
 3.0755345800e-07  2.0819113989e-11  9.5890900142e-06      0.0000000000  3.0725288039e-07  3.0749401277e-07   0.0045250000000   0.0045250000000
 3.0710473509e-07  6.2120916670e-12  9.5887601270e-06      0.0000000000  3.0701504752e-07  3.0617269142e-07   0.0045416666667   0.0045416666667
 3.0691013192e-07  9.2378372921e-12  9.5884299953e-06      0.0000000000  3.0677675991e-07  3.0720123132e-07   0.0045583333333   0.0045583333333
 3.0665532147e-07  8.0934040337e-12  9.5880900113e-06      0.0000000000  3.0653847230e-07  3.0759518604e-07   0.0045750000000   0.0045750000000
 3.0649279920e-07  1.3309693775e-11  9.5877601415e-06      0.0000000000  3.0630063944e-07  3.0636788430e-07   0.0045916666667   0.0045916666667
 3.0605474123e-07 -5.2713781681e-13  9.5874300272e-06      0.0000000000  3.0606235182e-07  3.0578706954e-07   0.0046083333333   0.0046083333333
 3.0594516351e-07  8.3877839582e-12  9.5870900433e-06      0.0000000000  3.0582406421e-07  3.0576323447e-07   0.0046250000000   0.0046250000000
 3.0537808061e-07 -1.4385790320e-11  9.5867601735e-06      0.0000000000  3.0558577660e-07  3.0544366214e-07   0.0046416666667   0.0046416666667
 3.0509666611e-07 -1.7372917139e-11  9.5864300522e-06      0.0000000000  3.0534748899e-07  3.0553551206e-07   0.0046583333333   0.0046583333333
 3.0502880424e-07 -5.5686024115e-12  9.5860900368e-06      0.0000000000  3.0510920138e-07  3.0559802410e-07   0.0046750000000   0.0046750000000
 3.0464667430e-07 -1.5531652465e-11  9.5857601495e-06      0.0000000000  3.0487091376e-07  3.0475414311e-07   0.0046916666667   0.0046916666667
 3.0458072708e-07 -3.5947213934e-12  9.5854300213e-06      0.0000000000  3.0463262615e-07  3.0439570515e-07   0.0047083333333   0.0047083333333
 3.0426875045e-07 -8.6986945130e-12  9.5850900129e-06      0.0000000000  3.0439433854e-07  3.0393757183e-07   0.0047250000000   0.0047250000000
 3.0418941424e-07  2.3108659689e-12  9.5847601256e-06      0.0000000000  3.0415605093e-07  3.0457670075e-07   0.0047416666667   0.0047416666667
 3.0422778869e-07  2.1473500181e-11  9.5844299869e-06      0.0000000000  3.0391776332e-07  3.0383823807e-07   0.0047583333333   0.0047583333333
 3.0365676211e-07 -1.5732274941e-12  9.5840899855e-06      0.0000000000  3.0367947571e-07  3.0330616257e-07   0.0047750000000   0.0047750000000
 3.0351354854e-07  5.0119511861e-12  9.5837600982e-06      0.0000000000  3.0344118809e-07  3.0383654006e-07   0.0047916666667   0.0047916666667
 3.0347938282e-07  1.9181683589e-11  9.5834299630e-06      0.0000000000  3.0320244573e-07  3.0277922828e-07   0.0048083333333   0.0048083333333
 3.0303968379e-07  5.2311861316e-12  9.5830899546e-06      0.0000000000  3.0296415812e-07  3.0283034161e-07   0.0048250000000   0.0048250000000
 3.0297101795e-07  1.6979815319e-11  9.5827600778e-06      0.0000000000  3.0272587051e-07  3.0300207675e-07   0.0048416666667   0.0048416666667
 3.0288882758e-07  2.7823183358e-11  9.5824299565e-06      0.0000000000  3.0248712815e-07  3.0204922421e-07   0.0048583333333   0.0048583333333
 3.0253178752e-07  1.9597951506e-11  9.5820899691e-06      0.0000000000  3.0224884054e-07  3.0215399790e-07   0.0048750000000   0.0048750000000
 3.0228949903e-07  1.9320835804e-11  9.5817601063e-06      0.0000000000  3.0201055293e-07  3.0079212863e-07   0.0048916666667   0.0048916666667
 3.0191561974e-07  9.9607533018e-12  9.5814299885e-06      0.0000000000  3.0177181057e-07  3.0187332265e-07   0.0049083333333   0.0049083333333
 3.0161188341e-07  5.4275338365e-12  9.5810900011e-06      0.0000000000  3.0153352296e-07  3.0155596717e-07   0.0049250000000   0.0049250000000
 3.0116320042e-07 -9.1137282346e-12  9.5807601208e-06      0.0000000000  3.0129478060e-07  3.0070329740e-07   0.0049416666667   0.0049416666667
 3.0099114078e-07 -4.4950375608e-12  9.5804299925e-06      0.0000000000  3.0105603824e-07  3.0056561685e-07   0.0049583333333   0.0049583333333
 3.0069821963e-07 -8.2791578912e-12  9.5800899841e-06      0.0000000000  3.0081775063e-07  2.9951731397e-07   0.0049750000000   0.0049750000000
 3.0035263512e-07 -1.5679438790e-11  9.5797600969e-06      0.0000000000  3.0057900827e-07  3.0001376264e-07   0.0049916666667   0.0049916666667
 3.0000769320e-07 -2.3035211972e-11  9.5794299582e-06      0.0000000000  3.0034026591e-07  3.0149441420e-07   0.0050083333333   0.0050083333333
 3.0007682403e-07 -1.7422773587e-12  9.5790899567e-06      0.0000000000  3.0010197830e-07  3.0062463852e-07   0.0050250000000   0.0050250000000
 2.9952838987e-07 -2.3192673327e-11  9.5787600799e-06      0.0000000000  2.9986323594e-07  3.0079214435e-07   0.0050416666667   0.0050416666667
 2.9924338217e-07 -2.6397181092e-11  9.5784299727e-06      0.0000000000  2.9962449358e-07  3.0031940497e-07   0.0050583333333   0.0050583333333
 2.9924819684e-07 -9.5275235201e-12  9.5780899817e-06      0.0000000000  2.9938575122e-07  2.9944255423e-07   0.0050750000000   0.0050750000000
 2.9895567452e-07 -1.3252521753e-11  9.5777601119e-06      0.0000000000  2.9914700886e-07  2.9875317670e-07   0.0050916666667   0.0050916666667
 2.9893774787e-07  2.0419882385e-12  9.5774300011e-06      0.0000000000  2.9890826650e-07  2.9885229034e-07   0.0051083333333   0.0051083333333
 2.9854394474e-07 -8.6980926180e-12  9.5770900032e-06      0.0000000000  2.9866952414e-07  2.9830969659e-07   0.0051250000000   0.0051250000000
 2.9826640597e-07 -1.1385274496e-11  9.5767601264e-06      0.0000000000  2.9843078178e-07  2.9719922757e-07   0.0051416666667   0.0051416666667
 2.9834087511e-07  1.0308908696e-11  9.5764299947e-06      0.0000000000  2.9819203942e-07  2.9871607197e-07   0.0051583333333   0.0051583333333
 2.9800629843e-07  3.6710699936e-12  9.5760899793e-06      0.0000000000  2.9795329706e-07  2.9766424728e-07   0.0051750000000   0.0051750000000
 2.9785484047e-07  9.7167095753e-12  9.5757600920e-06      0.0000000000  2.9771455470e-07  2.9679456593e-07   0.0051916666667   0.0051916666667
 2.9786425743e-07  2.6905138643e-11  9.5754299638e-06      0.0000000000  2.9747581234e-07  2.9806254138e-07   0.0052083333333   0.0052083333333
 2.9739171807e-07  1.0742994236e-11  9.5750899589e-06      0.0000000000  2.9723661524e-07  2.9696232332e-07   0.0052250000000   0.0052250000000
 2.9735937243e-07  2.5038791743e-11  9.5747600960e-06      0.0000000000  2.9699787288e-07  2.9636646228e-07   0.0052416666667   0.0052416666667
 2.9698032708e-07  1.5320889394e-11  9.5744299748e-06      0.0000000000  2.9675913052e-07  2.9742059815e-07   0.0052583333333   0.0052583333333
 2.9653605320e-07  1.0850187436e-12  9.5740899943e-06      0.0000000000  2.9652038816e-07  2.9697988518e-07   0.0052750000000   0.0052750000000
 2.9621137063e-07 -4.8360199848e-12  9.5737601210e-06      0.0000000000  2.9628119105e-07  2.9557127339e-07   0.0052916666667   0.0052916666667
 2.9607038853e-07  1.9352156955e-12  9.5734300103e-06      0.0000000000  2.9604244869e-07  2.9664220072e-07   0.0053083333333   0.0053083333333
 2.9541888333e-07 -2.6622763143e-11  9.5730900088e-06      0.0000000000  2.9580325159e-07  2.9549877767e-07   0.0053250000000   0.0053250000000
 2.9524202902e-07 -2.2336168520e-11  9.5727601251e-06      0.0000000000  2.9556450923e-07  2.9631327360e-07   0.0053416666667   0.0053416666667
 2.9498669445e-07 -2.3453908386e-11  9.5724299898e-06      0.0000000000  2.9532531212e-07  2.9524204754e-07   0.0053583333333   0.0053583333333
 2.9471958398e-07 -2.5418788292e-11  9.5720899779e-06      0.0000000000  2.9508656976e-07  2.9557278273e-07   0.0053750000000   0.0053750000000
 2.9457948432e-07 -1.8554934061e-11  9.5717600977e-06      0.0000000000  2.9484737266e-07  2.9652635850e-07   0.0053916666667   0.0053916666667
 2.9442567539e-07 -1.2672131657e-11  9.5714299659e-06      0.0000000000  2.9460863030e-07  2.9353038761e-07   0.0054083333333   0.0054083333333
 2.9427862246e-07 -6.2898860990e-12  9.5710899680e-06      0.0000000000  2.9436943319e-07  2.9393503352e-07   0.0054250000000   0.0054250000000
 2.9416427317e-07  2.3575339762e-12  9.5707601052e-06      0.0000000000  2.9413023608e-07  2.9433875182e-07   0.0054416666667   0.0054416666667
 2.9375971463e-07 -9.0960084471e-12  9.5704299944e-06      0.0000000000  2.9389103898e-07  2.9409257139e-07   0.0054583333333   0.0054583333333
 2.9407920028e-07  2.9568921448e-11  9.5700900000e-06      0.0000000000  2.9365229662e-07  2.9353046622e-07   0.0054750000000   0.0054750000000
 2.9369023822e-07  1.9195648895e-11  9.5697601371e-06      0.0000000000  2.9341309951e-07  2.9228756791e-07   0.0054916666667   0.0054916666667
 2.9351677417e-07  2.3748562461e-11  9.5694300124e-06      0.0000000000  2.9317390241e-07  2.9405287248e-07   0.0055083333333   0.0055083333333
 2.9326543164e-07  2.2907325638e-11  9.5690900110e-06      0.0000000000  2.9293470530e-07  2.9241257625e-07   0.0055250000000   0.0055250000000
 2.9287484402e-07  1.2421460586e-11  9.5687601237e-06      0.0000000000  2.9269550819e-07  2.9206984492e-07   0.0055416666667   0.0055416666667
 2.9249597146e-07  2.7470239816e-12  9.5684299885e-06      0.0000000000  2.9245631109e-07  2.9408285498e-07   0.0055583333333   0.0055583333333
 2.9213982446e-07 -5.3533569158e-12  9.5680899801e-06      0.0000000000  2.9221711398e-07  2.9324463404e-07   0.0055750000000   0.0055750000000
 2.9200965479e-07  2.1982849868e-12  9.5677600963e-06      0.0000000000  2.9197791687e-07  2.9270435148e-07   0.0055916666667   0.0055916666667
 2.9176614937e-07  1.8998757696e-12  9.5674299681e-06      0.0000000000  2.9173871977e-07  2.9133958930e-07   0.0056083333333   0.0056083333333
 2.9159025579e-07  6.2845112971e-12  9.5670899841e-06      0.0000000000  2.9149952266e-07  2.9081619253e-07   0.0056250000000   0.0056250000000
 2.9134939125e-07  6.1690186234e-12  9.5667601143e-06      0.0000000000  2.9126032555e-07  2.9094170398e-07   0.0056416666667   0.0056416666667
 2.9145889301e-07  3.0321188142e-11  9.5664300000e-06      0.0000000000  2.9102112845e-07  2.9013008524e-07   0.0056583333333   0.0056583333333
 2.9112134640e-07  2.3540635909e-11  9.5660900161e-06      0.0000000000  2.9078147659e-07  2.9053122508e-07   0.0056750000000   0.0056750000000
 2.9089113619e-07  2.4163101560e-11  9.5657601393e-06      0.0000000000  2.9054227949e-07  2.8967929425e-07   0.0056916666667   0.0056916666667
 2.9059703098e-07  2.0359963993e-11  9.5654300215e-06      0.0000000000  2.9030308238e-07  2.8927431816e-07   0.0057083333333   0.0057083333333
 2.9048016632e-07  2.8864657649e-11  9.5650900096e-06      0.0000000000  2.9006343053e-07  2.9059021531e-07   0.0057250000000   0.0057250000000
 2.8993629884e-07  7.7620639852e-12  9.5647601223e-06      0.0000000000  2.8982423342e-07  2.9020638577e-07   0.0057416666667   0.0057416666667
 2.8992752538e-07  2.3722055903e-11  9.5644299836e-06      0.0000000000  2.8958503631e-07  2.8972729456e-07   0.0057583333333   0.0057583333333
 2.8934792429e-07  1.7591811579e-13  9.5640899857e-06      0.0000000000  2.8934538446e-07  2.8862265853e-07   0.0057750000000   0.0057750000000
 2.8909363710e-07 -8.6927694530e-13  9.5637600949e-06      0.0000000000  2.8910618735e-07  2.8875887690e-07   0.0057916666667   0.0057916666667
 2.8878761823e-07 -5.4661010103e-12  9.5634299842e-06      0.0000000000  2.8886653550e-07  2.9135101944e-07   0.0058083333333   0.0058083333333
 2.8848380499e-07 -9.9101553398e-12  9.5630899862e-06      0.0000000000  2.8862688364e-07  2.8916526800e-07   0.0058250000000   0.0058250000000
 2.8792056006e-07 -3.2354901918e-11  9.5627601304e-06      0.0000000000  2.8838768654e-07  2.8983059035e-07   0.0058416666667   0.0058416666667
 2.8773861035e-07 -2.8358238665e-11  9.5624300091e-06      0.0000000000  2.8814803468e-07  2.8895153848e-07   0.0058583333333   0.0058583333333
 2.8745198958e-07 -3.1642976979e-11  9.5620900217e-06      0.0000000000  2.8790883758e-07  2.8689158150e-07   0.0058750000000   0.0058750000000
 2.8729960593e-07 -2.5598459015e-11  9.5617601519e-06      0.0000000000  2.8766918572e-07  2.8683454084e-07   0.0058916666667   0.0058916666667
 2.8712890585e-07 -2.0822605338e-11  9.5614300202e-06      0.0000000000  2.8742953387e-07  2.8824359286e-07   0.0059083333333   0.0059083333333
 2.8681685230e-07 -2.5837413322e-11  9.5610900048e-06      0.0000000000  2.8718988201e-07  2.8749068134e-07   0.0059250000000   0.0059250000000
 2.8662210917e-07 -2.2726870054e-11  9.5607601175e-06      0.0000000000  2.8695023016e-07  2.8567957759e-07   0.0059416666667   0.0059416666667
 2.8632092271e-07 -2.7020480826e-11  9.5604299928e-06      0.0000000000  2.8671103305e-07  2.8489493839e-07   0.0059583333333   0.0059583333333
 2.8611058363e-07 -2.4990170416e-11  9.5600899808e-06      0.0000000000  2.8647138120e-07  2.8604726029e-07   0.0059750000000   0.0059750000000
 2.8606545081e-07 -1.1517064441e-11  9.5597601006e-06      0.0000000000  2.8623172935e-07  2.8393274678e-07   0.0059916666667   0.0059916666667
 2.8569582818e-07 -2.0519319828e-11  9.5594299933e-06      0.0000000000  2.8599207749e-07  2.8535950216e-07   0.0060083333333   0.0060083333333
 2.8585990139e-07  7.4441667539e-12  9.5590900058e-06      0.0000000000  2.8575242564e-07  2.8623462344e-07   0.0060250000000   0.0060250000000
 2.8543939067e-07 -5.0827853111e-12  9.5587601325e-06      0.0000000000  2.8551277378e-07  2.8675044204e-07   0.0060416666667   0.0060416666667
 2.8526875497e-07 -3.0247160907e-13  9.5584300287e-06      0.0000000000  2.8527312193e-07  2.8537530311e-07   0.0060583333333   0.0060583333333
 2.8516843069e-07  9.3793669240e-12  9.5580900308e-06      0.0000000000  2.8503301533e-07  2.8465050314e-07   0.0060750000000   0.0060750000000
 2.8498524310e-07  1.3290290361e-11  9.5577601505e-06      0.0000000000  2.8479336348e-07  2.8514028554e-07   0.0060916666667   0.0060916666667
 2.8482448930e-07  1.8755060595e-11  9.5574300153e-06      0.0000000000  2.8455371162e-07  2.8169500155e-07   0.0061083333333   0.0061083333333
 2.8451655578e-07  1.4025620185e-11  9.5570900034e-06      0.0000000000  2.8431405977e-07  2.8406022353e-07   0.0061250000000   0.0061250000000
 2.8431540711e-07  1.6692492751e-11  9.5567601231e-06      0.0000000000  2.8407440791e-07  2.8596445071e-07   0.0061416666667   0.0061416666667
 2.8417602201e-07  2.3668835711e-11  9.5564299949e-06      0.0000000000  2.8383430131e-07  2.8472869035e-07   0.0061583333333   0.0061583333333
 2.8388817397e-07  2.0330589984e-11  9.5560899795e-06      0.0000000000  2.8359464946e-07  2.8290809030e-07   0.0061750000000   0.0061750000000
 2.8376549987e-07  2.8432900556e-11  9.5557601202e-06      0.0000000000  2.8335499760e-07  2.8230950929e-07   0.0061916666667   0.0061916666667
 2.8318455796e-07  4.8253901662e-12  9.5554300024e-06      0.0000000000  2.8311489100e-07  2.8264689503e-07   0.0062083333333   0.0062083333333
 2.8331412562e-07  3.0398895557e-11  9.5550900115e-06      0.0000000000  2.8287523915e-07  2.8266002319e-07   0.0062250000000   0.0062250000000
 2.8276616175e-07  9.0755656829e-12  9.5547601486e-06      0.0000000000  2.8263513255e-07  2.8171691850e-07   0.0062416666667   0.0062416666667
 2.8240553582e-07  6.9645536393e-13  9.5544300274e-06      0.0000000000  2.8239548069e-07  2.8497421044e-07   0.0062583333333   0.0062583333333
 2.8232040430e-07  1.1430600706e-11  9.5540900399e-06      0.0000000000  2.8215537409e-07  2.8374286805e-07   0.0062750000000   0.0062750000000
 2.8165081763e-07 -1.8316772549e-11  9.5537601492e-06      0.0000000000  2.8191526749e-07  2.8169640084e-07   0.0062916666667   0.0062916666667
 2.8167163688e-07 -2.7558313748e-13  9.5534300140e-06      0.0000000000  2.8167561564e-07  2.8215338644e-07   0.0063083333333   0.0063083333333
 2.8129912990e-07 -9.4461221821e-12  9.5530900090e-06      0.0000000000  2.8143550904e-07  2.8219909129e-07   0.0063250000000   0.0063250000000
 2.8088951069e-07 -2.1187190152e-11  9.5527601218e-06      0.0000000000  2.8119540244e-07  2.8196462400e-07   0.0063416666667   0.0063416666667
 2.8071654139e-07 -1.6568510716e-11  9.5524299900e-06      0.0000000000  2.8095575058e-07  2.8110844814e-07   0.0063583333333   0.0063583333333
 2.8063630259e-07 -5.4954775007e-12  9.5520899956e-06      0.0000000000  2.8071564398e-07  2.8076887699e-07   0.0063750000000   0.0063750000000
 2.8040836919e-07 -4.6523166223e-12  9.5517601223e-06      0.0000000000  2.8047553738e-07  2.8054403178e-07   0.0063916666667   0.0063916666667
 2.8016990890e-07 -4.5382865513e-12  9.5514300185e-06      0.0000000000  2.8023543078e-07  2.7836048147e-07   0.0064083333333   0.0064083333333
 2.8005027184e-07  3.8058775990e-12  9.5510900206e-06      0.0000000000  2.7999532418e-07  2.7941345389e-07   0.0064250000000   0.0064250000000
 2.7994619839e-07  1.3228035341e-11  9.5507601578e-06      0.0000000000  2.7975521758e-07  2.7862353197e-07   0.0064416666667   0.0064416666667
 2.7963898432e-07  8.5799246225e-12  9.5504300435e-06      0.0000000000  2.7951511097e-07  2.7810018237e-07   0.0064583333333   0.0064583333333
 2.7939677487e-07  8.4342739026e-12  9.5500900386e-06      0.0000000000  2.7927500437e-07  2.7920134377e-07   0.0064750000000   0.0064750000000
 2.7897185015e-07 -4.3669105463e-12  9.5497601478e-06      0.0000000000  2.7903489777e-07  2.8065518874e-07   0.0064916666667   0.0064916666667
 2.7883330189e-07  2.6673942318e-12  9.5494300091e-06      0.0000000000  2.7879479117e-07  2.7798845941e-07   0.0065083333333   0.0065083333333
 2.7840697631e-07 -1.0230818893e-11  9.5490900112e-06      0.0000000000  2.7855468457e-07  2.7669092597e-07   0.0065250000000   0.0065250000000
 2.7834770871e-07  2.2947574814e-12  9.5487601204e-06      0.0000000000  2.7831457797e-07  2.7649909767e-07   0.0065416666667   0.0065416666667
 2.7801397156e-07 -4.1904393806e-12  9.5484299887e-06      0.0000000000  2.7807447137e-07  2.7908531288e-07   0.0065583333333   0.0065583333333
 2.7767313767e-07 -1.1167182814e-11  9.5480900082e-06      0.0000000000  2.7783436477e-07  2.7847833615e-07   0.0065750000000   0.0065750000000
 2.7748289247e-07 -7.6821012174e-12  9.5477601384e-06      0.0000000000  2.7759380342e-07  2.7994870530e-07   0.0065916666667   0.0065916666667
 2.7716560359e-07 -1.3028030036e-11  9.5474300207e-06      0.0000000000  2.7735369682e-07  2.7835785584e-07   0.0066083333333   0.0066083333333
 2.7683713002e-07 -1.9148652242e-11  9.5470900402e-06      0.0000000000  2.7711359021e-07  2.7789863767e-07   0.0066250000000   0.0066250000000
 2.7678469805e-07 -6.1181178269e-12  9.5467601704e-06      0.0000000000  2.7687302887e-07  2.7616546957e-07   0.0066416666667   0.0066416666667
 2.7630178503e-07 -2.2935786107e-11  9.5464301085e-06      0.0000000000  2.7663292226e-07  2.7598897056e-07   0.0066583333333   0.0066583333333
 2.7636368895e-07 -2.0174235388e-12  9.5460901001e-06      0.0000000000  2.7639281566e-07  2.7715281693e-07   0.0066750000000   0.0066750000000
 2.7606844610e-07 -5.8048660915e-12  9.5457602303e-06      0.0000000000  2.7615225431e-07  2.7575236503e-07   0.0066916666667   0.0066916666667
 2.7594190413e-07  2.0610390306e-12  9.5454301020e-06      0.0000000000  2.7591214771e-07  2.7462562339e-07   0.0067083333333   0.0067083333333
 2.7569795228e-07  1.8262006980e-12  9.5450901076e-06      0.0000000000  2.7567158636e-07  2.7692408830e-07   0.0067250000000   0.0067250000000
 2.7520746024e-07 -1.5516418076e-11  9.5447602273e-06      0.0000000000  2.7543147976e-07  2.7516922337e-07   0.0067416666667   0.0067416666667
 2.7509797378e-07 -6.4376878769e-12  9.5444301026e-06      0.0000000000  2.7519091841e-07  2.7402394508e-07   0.0067583333333   0.0067583333333
 2.7495728127e-07  4.7959577157e-13  9.5440901081e-06      0.0000000000  2.7495035707e-07  2.7423415279e-07   0.0067750000000   0.0067750000000
 2.7436352990e-07 -2.4015144983e-11  9.5437602244e-06      0.0000000000  2.7471025046e-07  2.7487101770e-07   0.0067916666667   0.0067916666667
 2.7454631136e-07  5.3071389695e-12  9.5434301101e-06      0.0000000000  2.7446968912e-07  2.7483410164e-07   0.0068083333333   0.0068083333333
 2.7416459437e-07 -4.4698210422e-12  9.5430901017e-06      0.0000000000  2.7422912777e-07  2.7563274945e-07   0.0068250000000   0.0068250000000
 2.7367318099e-07 -2.1844757483e-11  9.5427602319e-06      0.0000000000  2.7398856642e-07  2.7459531071e-07   0.0068416666667   0.0068416666667
 2.7369342858e-07 -3.7801688052e-12  9.5424301071e-06      0.0000000000  2.7374800507e-07  2.7351021755e-07   0.0068583333333   0.0068583333333
 2.7341336601e-07 -6.5476664972e-12  9.5420901057e-06      0.0000000000  2.7350789847e-07  2.7156352432e-07   0.0068750000000   0.0068750000000
 2.7321584612e-07 -3.5664566862e-12  9.5417602289e-06      0.0000000000  2.7326733712e-07  2.7409249449e-07   0.0068916666667   0.0068916666667
 2.7309026541e-07  4.3975263538e-12  9.5414301042e-06      0.0000000000  2.7302677577e-07  2.7334299472e-07   0.0069083333333   0.0069083333333
 2.7270133839e-07 -5.8788269123e-12  9.5410901097e-06      0.0000000000  2.7278621442e-07  2.7282052557e-07   0.0069250000000   0.0069250000000
 2.7242262397e-07 -8.5214495238e-12  9.5407602260e-06      0.0000000000  2.7254565307e-07  2.7328214926e-07   0.0069416666667   0.0069416666667
 2.7228991365e-07 -1.0512893336e-12  9.5404301117e-06      0.0000000000  2.7230509173e-07  2.7187759383e-07   0.0069583333333   0.0069583333333
 2.7186982840e-07 -1.3485776517e-11  9.5400901068e-06      0.0000000000  2.7206453038e-07  2.7238594432e-07   0.0069750000000   0.0069750000000
 2.7174103023e-07 -5.7446466760e-12  9.5397602300e-06      0.0000000000  2.7182396903e-07  2.7176063533e-07   0.0069916666667   0.0069916666667
 2.7161116431e-07  1.9540240301e-12  9.5394301087e-06      0.0000000000  2.7158295293e-07  2.7183181037e-07   0.0070083333333   0.0070083333333
 2.7135356484e-07  7.7390098211e-13  9.5390901073e-06      0.0000000000  2.7134239158e-07  2.7254340357e-07   0.0070250000000   0.0070250000000
 2.7125433140e-07  1.0562793002e-11  9.5387602305e-06      0.0000000000  2.7110183024e-07  2.7315412223e-07   0.0070416666667   0.0070416666667
 2.7091922217e-07  4.0140582976e-12  9.5384301023e-06      0.0000000000  2.7086126889e-07  2.7260423331e-07   0.0070583333333   0.0070583333333
 2.7072728621e-07  7.3820318524e-12  9.5380901113e-06      0.0000000000  2.7062070754e-07  2.7148873314e-07   0.0070750000000   0.0070750000000
 2.7059745395e-07  1.5083034356e-11  9.5377602276e-06      0.0000000000  2.7037969144e-07  2.7013147052e-07   0.0070916666667   0.0070916666667
 2.7019927213e-07  4.1656589089e-12  9.5374301098e-06      0.0000000000  2.7013913009e-07  2.6898619223e-07   0.0071083333333   0.0071083333333
 2.7006424477e-07  1.1475332225e-11  9.5370901084e-06      0.0000000000  2.6989856874e-07  2.6896054909e-07   0.0071250000000   0.0071250000000
 2.6992853814e-07  1.8769454606e-11  9.5367602316e-06      0.0000000000  2.6965755265e-07  2.7145955248e-07   0.0071416666667   0.0071416666667
 2.6969176373e-07  1.9031751756e-11  9.5364301103e-06      0.0000000000  2.6941699130e-07  2.6955526240e-07   0.0071583333333   0.0071583333333
 2.6937834570e-07  1.4016926915e-11  9.5360901054e-06      0.0000000000  2.6917597520e-07  2.6842754598e-07   0.0071750000000   0.0071750000000
 2.6937699633e-07  3.0585630614e-11  9.5357602321e-06      0.0000000000  2.6893541386e-07  2.6879411238e-07   0.0071916666667   0.0071916666667
 2.6892938545e-07  1.6276113696e-11  9.5354301074e-06      0.0000000000  2.6869439776e-07  2.6717310747e-07   0.0072083333333   0.0072083333333
 2.6857940160e-07  8.7286053696e-12  9.5350901130e-06      0.0000000000  2.6845338166e-07  2.6635416211e-07   0.0072250000000   0.0072250000000
 2.6825646085e-07  3.0227043501e-12  9.5347602292e-06      0.0000000000  2.6821282032e-07  2.6746401796e-07   0.0072416666667   0.0072416666667
 2.6799447891e-07  1.5705326650e-12  9.5344301114e-06      0.0000000000  2.6797180422e-07  2.6993179678e-07   0.0072583333333   0.0072583333333
 2.6776938502e-07  2.6733630959e-12  9.5340901100e-06      0.0000000000  2.6773078812e-07  2.6808877667e-07   0.0072750000000   0.0072750000000
 2.6742156278e-07 -4.7559211894e-12  9.5337602297e-06      0.0000000000  2.6749022677e-07  2.6648163886e-07   0.0072916666667   0.0072916666667
 2.6736960820e-07  8.3391761838e-12  9.5334301120e-06      0.0000000000  2.6724921068e-07  2.6899843994e-07   0.0073083333333   0.0073083333333
 2.6681053054e-07 -1.3690940092e-11  9.5330901070e-06      0.0000000000  2.6700819458e-07  2.6855862314e-07   0.0073250000000   0.0073250000000
 2.6668169596e-07 -5.9208349603e-12  9.5327602337e-06      0.0000000000  2.6676717849e-07  2.6543567861e-07   0.0073416666667   0.0073416666667
 2.6628669652e-07 -1.6586289387e-11  9.5324301090e-06      0.0000000000  2.6652616239e-07  2.6810905849e-07   0.0073583333333   0.0073583333333
 2.6619241530e-07 -6.4228904312e-12  9.5320901146e-06      0.0000000000  2.6628514629e-07  2.6700252006e-07   0.0073750000000   0.0073750000000
 2.6570343199e-07 -2.3629511821e-11  9.5317602308e-06      0.0000000000  2.6604458495e-07  2.6689950727e-07   0.0073916666667   0.0073916666667
 2.6545401957e-07 -2.4211071824e-11  9.5314301095e-06      0.0000000000  2.6580356885e-07  2.6577881873e-07   0.0074083333333   0.0074083333333
 2.6538754874e-07 -1.2121423237e-11  9.5310901116e-06      0.0000000000  2.6556255275e-07  2.6487440672e-07   0.0074250000000   0.0074250000000
 2.6497013154e-07 -2.4339614081e-11  9.5307602313e-06      0.0000000000  2.6532153666e-07  2.6465339776e-07   0.0074416666667   0.0074416666667
 2.6501338534e-07 -4.6185352443e-12  9.5304301136e-06      0.0000000000  2.6508006581e-07  2.6365515482e-07   0.0074583333333   0.0074583333333
 2.6461112804e-07 -1.5786695558e-11  9.5300901086e-06      0.0000000000  2.6483904972e-07  2.6379069713e-07   0.0074750000000   0.0074750000000
 2.6471708981e-07  8.2462707336e-12  9.5297602388e-06      0.0000000000  2.6459803362e-07  2.6650871274e-07   0.0074916666667   0.0074916666667
 2.6453355011e-07  1.2227297789e-11  9.5294301106e-06      0.0000000000  2.6435701753e-07  2.6343430308e-07   0.0075083333333   0.0075083333333
 2.6429171858e-07  1.2170817824e-11  9.5290901127e-06      0.0000000000  2.6411600143e-07  2.6326720603e-07   0.0075250000000   0.0075250000000
 2.6395488024e-07  5.5653129738e-12  9.5287602324e-06      0.0000000000  2.6387453059e-07  2.6456274274e-07   0.0075416666667   0.0075416666667
 2.6384081867e-07  1.4358651473e-11  9.5284301111e-06      0.0000000000  2.6363351449e-07  2.6479532334e-07   0.0075583333333   0.0075583333333
 2.6354310854e-07  1.0431813640e-11  9.5280901132e-06      0.0000000000  2.6339249840e-07  2.6468084897e-07   0.0075750000000   0.0075750000000
 2.6344045904e-07  2.0015594411e-11  9.5277602294e-06      0.0000000000  2.6315148230e-07  2.6370376830e-07   0.0075916666667   0.0075916666667
 2.6290938006e-07 -4.3733122347e-14  9.5274301187e-06      0.0000000000  2.6291001146e-07  2.6408453198e-07   0.0076083333333   0.0076083333333
 2.6281535641e-07  1.0137505933e-11  9.5270901102e-06      0.0000000000  2.6266899536e-07  2.6249929540e-07   0.0076250000000   0.0076250000000
 2.6238613804e-07 -2.8665802445e-12  9.5267602369e-06      0.0000000000  2.6242752452e-07  2.6230929089e-07   0.0076416666667   0.0076416666667
 2.6184738633e-07 -2.3488846142e-11  9.5264301122e-06      0.0000000000  2.6218650842e-07  2.6356376084e-07   0.0076583333333   0.0076583333333
 2.6184741229e-07 -6.7618875664e-12  9.5260901143e-06      0.0000000000  2.6194503758e-07  2.6001574708e-07   0.0076750000000   0.0076750000000
 2.6163788201e-07 -4.5810635436e-12  9.5257602340e-06      0.0000000000  2.6170402148e-07  2.5962572294e-07   0.0076916666667   0.0076916666667
 2.6113231213e-07 -2.2873536447e-11  9.5254301127e-06      0.0000000000  2.6146255064e-07  2.6143838320e-07   0.0077083333333   0.0077083333333
 2.6094616194e-07 -1.9041824063e-11  9.5250901183e-06      0.0000000000  2.6122107980e-07  2.6092363372e-07   0.0077250000000   0.0077250000000
 2.6060107135e-07 -2.6250407503e-11  9.5247602310e-06      0.0000000000  2.6098006370e-07  2.5985287933e-07   0.0077416666667   0.0077416666667
 2.6028513795e-07 -3.1407958763e-11  9.5244301168e-06      0.0000000000  2.6073859286e-07  2.5977640586e-07   0.0077583333333   0.0077583333333
 2.6028979879e-07 -1.4359970920e-11  9.5240901118e-06      0.0000000000  2.6049712201e-07  2.5989265686e-07   0.0077750000000   0.0077750000000
 2.5988136200e-07 -2.5956145581e-11  9.5237602386e-06      0.0000000000  2.6025610592e-07  2.5906866463e-07   0.0077916666667   0.0077916666667
 2.5985048649e-07 -1.1369536342e-11  9.5234301138e-06      0.0000000000  2.6001463507e-07  2.6060615247e-07   0.0078083333333   0.0078083333333
 2.5969446426e-07 -5.4510504409e-12  9.5230901159e-06      0.0000000000  2.5977316423e-07  2.6109516447e-07   0.0078250000000   0.0078250000000
 2.5942275852e-07 -7.5452307615e-12  9.5227602391e-06      0.0000000000  2.5953169339e-07  2.6048837640e-07   0.0078416666667   0.0078416666667
 2.5922508430e-07 -4.5117148003e-12  9.5224301108e-06      0.0000000000  2.5929022254e-07  2.5958726609e-07   0.0078583333333   0.0078583333333
 2.5900674561e-07 -2.9094967341e-12  9.5220901199e-06      0.0000000000  2.5904875170e-07  2.5960757935e-07   0.0078750000000   0.0078750000000
 2.5861039145e-07 -1.3637286091e-11  9.5217602326e-06      0.0000000000  2.5880728086e-07  2.5942007470e-07   0.0078916666667   0.0078916666667
 2.5876062249e-07  1.3493430277e-11  9.5214301184e-06      0.0000000000  2.5856581001e-07  2.5913347213e-07   0.0079083333333   0.0079083333333
 2.5847713516e-07  1.0583213434e-11  9.5210901134e-06      0.0000000000  2.5832433917e-07  2.5770376095e-07   0.0079250000000   0.0079250000000
 2.5838708316e-07  2.1071041203e-11  9.5207602367e-06      0.0000000000  2.5808286833e-07  2.5727950927e-07   0.0079416666667   0.0079416666667
 2.5829178309e-07  3.1195367681e-11  9.5204301189e-06      0.0000000000  2.5784139748e-07  2.5734923786e-07   0.0079583333333   0.0079583333333
 2.5780847199e-07  1.4444619930e-11  9.5200901140e-06      0.0000000000  2.5759992664e-07  2.5734404949e-07   0.0079750000000   0.0079750000000
 2.5780262411e-07  3.0764735397e-11  9.5197602407e-06      0.0000000000  2.5735845580e-07  2.5761404927e-07   0.0079916666667   0.0079916666667
 2.5755082129e-07  3.0080602088e-11  9.5194301124e-06      0.0000000000  2.5711653021e-07  2.5675021663e-07   0.0080083333333   0.0080083333333
 2.5737548601e-07  3.4661395100e-11  9.5190901215e-06      0.0000000000  2.5687505936e-07  2.5697188593e-07   0.0080250000000   0.0080250000000
 2.5718159516e-07  3.7956960662e-11  9.5187602342e-06      0.0000000000  2.5663358852e-07  2.5647748116e-07   0.0080416666667   0.0080416666667
 2.5697228470e-07  4.0184507543e-11  9.5184301165e-06      0.0000000000  2.5639211768e-07  2.5727704087e-07   0.0080583333333   0.0080583333333
 2.5651195184e-07  2.5056814637e-11  9.5180901185e-06      0.0000000000  2.5615019209e-07  2.5642632066e-07   0.0080750000000   0.0080750000000
 2.5637588684e-07  3.2357612183e-11  9.5177602348e-06      0.0000000000  2.5590872124e-07  2.5609890289e-07   0.0080916666667   0.0080916666667
 2.5597439301e-07  2.1305327256e-11  9.5174301205e-06      0.0000000000  2.5566679565e-07  2.5583866668e-07   0.0081083333333   0.0081083333333
 2.5572875907e-07  2.1016975891e-11  9.5170901156e-06      0.0000000000  2.5542532481e-07  2.5593109833e-07   0.0081250000000   0.0081250000000
 2.5522489652e-07  2.8427584223e-12  9.5167602423e-06      0.0000000000  2.5518385396e-07  2.5560256427e-07   0.0081416666667   0.0081416666667
 2.5496948855e-07  1.9089192328e-12  9.5164301141e-06      0.0000000000  2.5494192837e-07  2.5584049047e-07   0.0081583333333   0.0081583333333
 2.5472906494e-07  2.0129519165e-12  9.5160901196e-06      0.0000000000  2.5470000278e-07  2.5468277581e-07   0.0081750000000   0.0081750000000
 2.5434130484e-07 -8.1195814087e-12  9.5157602393e-06      0.0000000000  2.5445853194e-07  2.5451171673e-07   0.0081916666667   0.0081916666667
 2.5397005198e-07 -1.7077264642e-11  9.5154301181e-06      0.0000000000  2.5421660635e-07  2.5377121014e-07   0.0082083333333   0.0082083333333
 2.5406303696e-07  6.0883784738e-12  9.5150901201e-06      0.0000000000  2.5397513551e-07  2.5502044455e-07   0.0082250000000   0.0082250000000
 2.5375128495e-07  1.2519433937e-12  9.5147602364e-06      0.0000000000  2.5373320992e-07  2.5348073987e-07   0.0082416666667   0.0082416666667
 2.5365171569e-07  1.1112067918e-11  9.5144301221e-06      0.0000000000  2.5349128432e-07  2.5326540668e-07   0.0082583333333   0.0082583333333
 2.5350264619e-07  1.7512125480e-11  9.5140901137e-06      0.0000000000  2.5324981348e-07  2.5344226730e-07   0.0082750000000   0.0082750000000
 2.5315798187e-07  1.0396062441e-11  9.5137602439e-06      0.0000000000  2.5300788789e-07  2.5359288734e-07   0.0082916666667   0.0082916666667
 2.5300171322e-07  1.6328977658e-11  9.5134301191e-06      0.0000000000  2.5276596230e-07  2.5304727490e-07   0.0083083333333   0.0083083333333
 2.5253056518e-07  4.5218561673e-13  9.5130901212e-06      0.0000000000  2.5252403671e-07  2.5231961347e-07   0.0083250000000   0.0083250000000
 2.5238912057e-07  7.4118689109e-12  9.5127602409e-06      0.0000000000  2.5228211112e-07  2.5156822702e-07   0.0083416666667   0.0083416666667
 2.5208216322e-07  2.9075298823e-12  9.5124301197e-06      0.0000000000  2.5204018553e-07  2.5218328504e-07   0.0083583333333   0.0083583333333
 2.5196379685e-07  1.1465697236e-11  9.5120901217e-06      0.0000000000  2.5179825994e-07  2.5162196598e-07   0.0083750000000   0.0083750000000
 2.5170562217e-07  1.0340225023e-11  9.5117602345e-06      0.0000000000  2.5155633435e-07  2.5023522397e-07   0.0083916666667   0.0083916666667
 2.5156766862e-07  1.7541711996e-11  9.5114301237e-06      0.0000000000  2.5131440876e-07  2.5191492038e-07   0.0084083333333   0.0084083333333
 2.5132183742e-07  1.7271195112e-11  9.5110901188e-06      0.0000000000  2.5107248317e-07  2.5108978042e-07   0.0084250000000   0.0084250000000
 2.5110502429e-07  1.9010576460e-11  9.5107602420e-06      0.0000000000  2.5083055757e-07  2.5021741055e-07   0.0084416666667   0.0084416666667
 2.5103489124e-07  3.0909561619e-11  9.5104301207e-06      0.0000000000  2.5058863198e-07  2.5126745861e-07   0.0084583333333   0.0084583333333
 2.5063017914e-07  1.9634367974e-11  9.5100901228e-06      0.0000000000  2.5034670639e-07  2.5056011044e-07   0.0084750000000   0.0084750000000
 2.5008144226e-07 -1.6165135968e-12  9.5097602425e-06      0.0000000000  2.5010478080e-07  2.4984359615e-07   0.0084916666667   0.0084916666667
 2.4976178687e-07 -7.0003658519e-12  9.5094301178e-06      0.0000000000  2.4986285521e-07  2.4923157254e-07   0.0085083333333   0.0085083333333
 2.4944005163e-07 -1.2496779212e-11  9.5090901234e-06      0.0000000000  2.4962047487e-07  2.4920872797e-07   0.0085250000000   0.0085250000000
 2.4914878749e-07 -1.5914149079e-11  9.5087602396e-06      0.0000000000  2.4937854928e-07  2.4981546888e-07   0.0085416666667   0.0085416666667
 2.4896976202e-07 -1.1557454809e-11  9.5084301253e-06      0.0000000000  2.4913662369e-07  2.4966453439e-07   0.0085583333333   0.0085583333333
 2.4869077262e-07 -1.4093133323e-11  9.5080901204e-06      0.0000000000  2.4889424335e-07  2.4936890720e-07   0.0085750000000   0.0085750000000
 2.4850122294e-07 -1.0465384797e-11  9.5077602436e-06      0.0000000000  2.4865231776e-07  2.4860390520e-07   0.0085916666667   0.0085916666667
 2.4826503130e-07 -1.0068230388e-11  9.5074301224e-06      0.0000000000  2.4841039217e-07  2.4877586045e-07   0.0086083333333   0.0086083333333
 2.4805711353e-07 -7.6812257190e-12  9.5070901209e-06      0.0000000000  2.4816801184e-07  2.4903186735e-07   0.0086250000000   0.0086250000000
 2.4789032066e-07 -2.4772562453e-12  9.5067602441e-06      0.0000000000  2.4792608624e-07  2.4691947636e-07   0.0086416666667   0.0086416666667
 2.4764662501e-07 -2.5683599007e-12  9.5064301194e-06      0.0000000000  2.4768370591e-07  2.4756079069e-07   0.0086583333333   0.0086583333333
 2.4732122457e-07 -8.3501352152e-12  9.5060901250e-06      0.0000000000  2.4744178032e-07  2.4753444004e-07   0.0086750000000   0.0086750000000
 2.4715037200e-07 -3.3958587347e-12  9.5057602412e-06      0.0000000000  2.4719939998e-07  2.4734116529e-07   0.0086916666667   0.0086916666667
 2.4669474983e-07 -1.8165774426e-11  9.5054301269e-06      0.0000000000  2.4695701964e-07  2.4597099463e-07   0.0087083333333   0.0087083333333
 2.4654986038e-07 -1.1444693216e-11  9.5050901220e-06      0.0000000000  2.4671509405e-07  2.4579951104e-07   0.0087250000000   0.0087250000000
 2.4606678292e-07 -2.8116263628e-11  9.5047602417e-06      0.0000000000  2.4647271371e-07  2.4588466325e-07   0.0087416666667   0.0087416666667
 2.4586055430e-07 -2.5612261955e-11  9.5044301240e-06      0.0000000000  2.4623033337e-07  2.4621566571e-07   0.0087583333333   0.0087583333333
 2.4539120870e-07 -4.1364210310e-11  9.5040901225e-06      0.0000000000  2.4598840778e-07  2.4623676510e-07   0.0087750000000   0.0087750000000
 2.4524803772e-07 -3.4492604248e-11  9.5037602457e-06      0.0000000000  2.4574602744e-07  2.4619403177e-07   0.0087916666667   0.0087916666667
 2.4492824947e-07 -3.9854161998e-11  9.5034301210e-06      0.0000000000  2.4550364711e-07  2.4548008022e-07   0.0088083333333   0.0088083333333
 2.4493457553e-07 -2.2627839912e-11  9.5030901300e-06      0.0000000000  2.4526126677e-07  2.4518627681e-07   0.0088250000000   0.0088250000000
 2.4471173913e-07 -2.1274154560e-11  9.5027602428e-06      0.0000000000  2.4501888643e-07  2.4461998950e-07   0.0088416666667   0.0088416666667
 2.4464356964e-07 -9.2391663978e-12  9.5024301250e-06      0.0000000000  2.4477696084e-07  2.4400548176e-07   0.0088583333333   0.0088583333333
 2.4447788231e-07 -3.9271255892e-12  9.5020901236e-06      0.0000000000  2.4453458050e-07  2.4540271057e-07   0.0088750000000   0.0088750000000
 2.4453239494e-07  1.6636775694e-11  9.5017602433e-06      0.0000000000  2.4429220016e-07  2.4480035620e-07   0.0088916666667   0.0088916666667
 2.4421294441e-07  1.1298609943e-11  9.5014301256e-06      0.0000000000  2.4404981983e-07  2.4344336086e-07   0.0089083333333   0.0089083333333
 2.4399524146e-07  1.3007857371e-11  9.5010901206e-06      0.0000000000  2.4380743949e-07  2.4317851801e-07   0.0089250000000   0.0089250000000
 2.4383138971e-07  1.8447036651e-11  9.5007602508e-06      0.0000000000  2.4356505915e-07  2.4375153449e-07   0.0089416666667   0.0089416666667
 2.4349062643e-07  1.1664168805e-11  9.5004301226e-06      0.0000000000  2.4332222406e-07  2.4292601719e-07   0.0089583333333   0.0089583333333
 2.4349283274e-07  2.8605141823e-11  9.5000901282e-06      0.0000000000  2.4307984373e-07  2.4387624410e-07   0.0089750000000   0.0089750000000
 2.4304237796e-07  1.4193138510e-11  9.4997602444e-06      0.0000000000  2.4283746339e-07  2.4328594877e-07   0.0089916666667   0.0089916666667
 2.4297811492e-07  2.6530199841e-11  9.4994301266e-06      0.0000000000  2.4259508305e-07  2.4276319662e-07   0.0090083333333   0.0090083333333
 2.4248024654e-07  8.8341561364e-12  9.4990901252e-06      0.0000000000  2.4235270271e-07  2.4241743087e-07   0.0090250000000   0.0090250000000
 2.4245847313e-07  2.4114204745e-11  9.4987602414e-06      0.0000000000  2.4211032237e-07  2.4211920949e-07   0.0090416666667   0.0090416666667
 2.4201657492e-07  1.0326358729e-11  9.4984301341e-06      0.0000000000  2.4186748729e-07  2.4194841769e-07   0.0090583333333   0.0090583333333
 2.4176874375e-07  9.9488141327e-12  9.4980901222e-06      0.0000000000  2.4162510695e-07  2.4207070606e-07   0.0090750000000   0.0090750000000
 2.4156138974e-07  1.2374867153e-11  9.4977602490e-06      0.0000000000  2.4138272661e-07  2.4117132521e-07   0.0090916666667   0.0090916666667
 2.4117091212e-07  2.1486009268e-12  9.4974301242e-06      0.0000000000  2.4113989153e-07  2.4129210424e-07   0.0091083333333   0.0091083333333
 2.4078119553e-07 -8.0564514289e-12  9.4970901298e-06      0.0000000000  2.4089751119e-07  2.4056969407e-07   0.0091250000000   0.0091250000000
 2.4061323571e-07 -2.8703147872e-12  9.4967602460e-06      0.0000000000  2.4065467610e-07  2.3979986531e-07   0.0091416666667   0.0091416666667
 2.4019752667e-07 -1.4875699720e-11  9.4964301247e-06      0.0000000000  2.4041229577e-07  2.4120138632e-07   0.0091583333333   0.0091583333333
 2.3999687924e-07 -1.1953627215e-11  9.4960901338e-06      0.0000000000  2.4016946068e-07  2.4042633775e-07   0.0091750000000   0.0091750000000
 2.4000151614e-07  5.1556978661e-12  9.4957602430e-06      0.0000000000  2.3992708034e-07  2.3913149282e-07   0.0091916666667   0.0091916666667
 2.3970032827e-07  1.1139687804e-12  9.4954301323e-06      0.0000000000  2.3968424526e-07  2.3881534797e-07   0.0092083333333   0.0092083333333
 2.3932554714e-07 -8.0565983601e-12  9.4950901238e-06      0.0000000000  2.3944186492e-07  2.4003485143e-07   0.0092250000000   0.0092250000000
 2.3895897043e-07 -1.6627399544e-11  9.4947602506e-06      0.0000000000  2.3919902983e-07  2.3967841022e-07   0.0092416666667   0.0092416666667
 2.3893841477e-07 -1.2315069428e-12  9.4944301258e-06      0.0000000000  2.3895619475e-07  2.3927975451e-07   0.0092583333333   0.0092583333333
 2.3860277433e-07 -7.6910451179e-12  9.4940901279e-06      0.0000000000  2.3871381441e-07  2.3804003212e-07   0.0092750000000   0.0092750000000
 2.3860124316e-07  9.0225535381e-12  9.4937602511e-06      0.0000000000  2.3847097933e-07  2.3886117860e-07   0.0092916666667   0.0092916666667
 2.3823598475e-07  5.4306257571e-13  9.4934301228e-06      0.0000000000  2.3822814424e-07  2.3846780560e-07   0.0093083333333   0.0093083333333
 2.3835567345e-07  2.5652797071e-11  9.4930901354e-06      0.0000000000  2.3798530915e-07  2.3813431900e-07   0.0093250000000   0.0093250000000
 2.3821980514e-07  3.3061710233e-11  9.4927602446e-06      0.0000000000  2.3774247407e-07  2.3789184904e-07   0.0093416666667   0.0093416666667
 2.3791208731e-07  2.8536194346e-11  9.4924301304e-06      0.0000000000  2.3750009373e-07  2.3799264498e-07   0.0093583333333   0.0093583333333
 2.3773100996e-07  3.2813762827e-11  9.4920901254e-06      0.0000000000  2.3725725865e-07  2.3689193953e-07   0.0093750000000   0.0093750000000
 2.3740078986e-07  2.6761154673e-11  9.4917602487e-06      0.0000000000  2.3701442356e-07  2.3721877558e-07   0.0093916666667   0.0093916666667
 2.3696843529e-07  1.3634336179e-11  9.4914301344e-06      0.0000000000  2.3677158847e-07  2.3762840548e-07   0.0094083333333   0.0094083333333
 2.3651157036e-07 -1.1901602922e-12  9.4910901260e-06      0.0000000000  2.3652875339e-07  2.3650039032e-07   0.0094250000000   0.0094250000000
 2.3624944409e-07 -2.5263382854e-12  9.4907602527e-06      0.0000000000  2.3628591830e-07  2.3641104025e-07   0.0094416666667   0.0094416666667
 2.3614915836e-07  7.3471550754e-12  9.4904301245e-06      0.0000000000  2.3604308322e-07  2.3601027775e-07   0.0094583333333   0.0094583333333
 2.3584113131e-07  2.8317195181e-12  9.4900901335e-06      0.0000000000  2.3580024813e-07  2.3552459889e-07   0.0094750000000   0.0094750000000
 2.3545596589e-07 -7.0266039000e-12  9.4897602462e-06      0.0000000000  2.3555741305e-07  2.3557524055e-07   0.0094916666667   0.0094916666667
 2.3510797220e-07 -1.4278779331e-11  9.4894301320e-06      0.0000000000  2.3531412322e-07  2.3524397080e-07   0.0095083333333   0.0095083333333
 2.3485762620e-07 -1.4799013334e-11  9.4890901305e-06      0.0000000000  2.3507128813e-07  2.3391184820e-07   0.0095250000000   0.0095250000000
 2.3481388034e-07 -1.0093589440e-12  9.4887602468e-06      0.0000000000  2.3482845304e-07  2.3407661835e-07   0.0095416666667   0.0095416666667
 2.3464121964e-07  3.8511773671e-12  9.4884301360e-06      0.0000000000  2.3458561796e-07  2.3449432953e-07   0.0095583333333   0.0095583333333
 2.3430415468e-07 -2.6440337399e-12  9.4880901241e-06      0.0000000000  2.3434232813e-07  2.3420035318e-07   0.0095750000000   0.0095750000000
 2.3404074085e-07 -4.0693937266e-12  9.4877602543e-06      0.0000000000  2.3409949304e-07  2.3379418219e-07   0.0095916666667   0.0095916666667
 2.3378208961e-07 -5.1648784211e-12  9.4874301261e-06      0.0000000000  2.3385665796e-07  2.3371646666e-07   0.0096083333333   0.0096083333333
 2.3349008781e-07 -8.5388493016e-12  9.4870901351e-06      0.0000000000  2.3361336812e-07  2.3466409938e-07   0.0096250000000   0.0096250000000
 2.3329167806e-07 -5.4617863025e-12  9.4867602478e-06      0.0000000000  2.3337053304e-07  2.3360919312e-07   0.0096416666667   0.0096416666667
 2.3295205754e-07 -1.2165502585e-11  9.4864301301e-06      0.0000000000  2.3312769795e-07  2.3303282778e-07   0.0096583333333   0.0096583333333
 2.3305300864e-07  1.1677893801e-11  9.4860901356e-06      0.0000000000  2.3288440812e-07  2.3287167377e-07   0.0096750000000   0.0096750000000
 2.3257161678e-07 -4.8454280386e-12  9.4857602449e-06      0.0000000000  2.3264157303e-07  2.3253784128e-07   0.0096916666667   0.0096916666667
 2.3222817782e-07 -1.1782126100e-11  9.4854301376e-06      0.0000000000  2.3239828320e-07  2.3244759504e-07   0.0097083333333   0.0097083333333
 2.3195491388e-07 -1.3889740366e-11  9.4850901257e-06      0.0000000000  2.3215544812e-07  2.3196278090e-07   0.0097250000000   0.0097250000000
 2.3174795383e-07 -1.1373406211e-11  9.4847602559e-06      0.0000000000  2.3191215828e-07  2.3174405168e-07   0.0097416666667   0.0097416666667
 2.3158566977e-07 -5.7626474981e-12  9.4844301311e-06      0.0000000000  2.3166886845e-07  2.3155355978e-07   0.0097583333333   0.0097583333333
 2.3134485137e-07 -5.6229643592e-12  9.4840901332e-06      0.0000000000  2.3142603337e-07  2.3142158644e-07   0.0097750000000   0.0097750000000
 2.3125288334e-07  4.8581416415e-12  9.4837602529e-06      0.0000000000  2.3118274353e-07  2.3208995893e-07   0.0097916666667   0.0097916666667
 2.3063776051e-07 -2.0896382684e-11  9.4834301282e-06      0.0000000000  2.3093945370e-07  2.3087872542e-07   0.0098083333333   0.0098083333333
 2.3075982683e-07  4.4095317723e-12  9.4830901372e-06      0.0000000000  2.3069616387e-07  2.3015903521e-07   0.0098250000000   0.0098250000000
 2.3035589584e-07 -6.7485650693e-12  9.4827602465e-06      0.0000000000  2.3045332878e-07  2.3001737690e-07   0.0098416666667   0.0098416666667
 2.3026125487e-07  3.5474036286e-12  9.4824301392e-06      0.0000000000  2.3021003895e-07  2.3083820894e-07   0.0098583333333   0.0098583333333
 2.2993474752e-07 -2.2165484435e-12  9.4820901308e-06      0.0000000000  2.2996674912e-07  2.2957994990e-07   0.0098750000000   0.0098750000000
 2.2975476128e-07  2.1680920303e-12  9.4817602540e-06      0.0000000000  2.2972345928e-07  2.3042309194e-07   0.0098916666667   0.0098916666667
 2.2958584646e-07  7.3195792072e-12  9.4814301362e-06      0.0000000000  2.2948016945e-07  2.3000938996e-07   0.0099083333333   0.0099083333333
 2.2941615946e-07  1.2417583097e-11  9.4810901313e-06      0.0000000000  2.2923687962e-07  2.2921660658e-07   0.0099250000000   0.0099250000000
 2.2924966000e-07  1.7736367477e-11  9.4807602545e-06      0.0000000000  2.2899358979e-07  2.2953965354e-07   0.0099416666667   0.0099416666667
 2.2897223884e-07  1.5372305408e-11  9.4804301298e-06      0.0000000000  2.2875029995e-07  2.2902738819e-07   0.0099583333333   0.0099583333333
 2.2874332593e-07  1.6368104156e-11  9.4800901388e-06      0.0000000000  2.2850701012e-07  2.2852847111e-07   0.0099750000000   0.0099750000000
 2.2814674478e-07 -8.1021550486e-12  9.4797602481e-06      0.0000000000  2.2826372029e-07  2.2770237209e-07   0.0099916666667   0.0099916666667
 2.2777486754e-07 -1.7008592611e-11  9.4794301373e-06      0.0000000000  2.2802043045e-07  2.2851788997e-07    0.010008333333    0.010008333333
 2.2742724497e-07 -2.4235062753e-11  9.4790901359e-06      0.0000000000  2.2777714062e-07  2.2794418171e-07    0.010025000000    0.010025000000
 2.2714341961e-07 -2.7042702992e-11  9.4787602521e-06      0.0000000000  2.2753385079e-07  2.2875600485e-07    0.010041666667    0.010041666667
 2.2689010749e-07 -2.7736883588e-11  9.4784301378e-06      0.0000000000  2.2729056096e-07  2.2805425383e-07    0.010058333333    0.010058333333
 2.2675653149e-07 -2.0106201833e-11  9.4780901329e-06      0.0000000000  2.2704681638e-07  2.2758607393e-07    0.010075000000    0.010075000000
 2.2678287100e-07 -1.4306789654e-12  9.4777602561e-06      0.0000000000  2.2680352654e-07  2.2711907320e-07    0.010091666667    0.010091666667
 2.2655003045e-07 -7.0692323549e-13  9.4774301314e-06      0.0000000000  2.2656023671e-07  2.2654773901e-07    0.010108333333    0.010108333333
 2.2652428889e-07  1.4361272201e-11  9.4770901405e-06      0.0000000000  2.2631694688e-07  2.2588780943e-07    0.010125000000    0.010125000000
 2.2617936643e-07  7.3533191576e-12  9.4767602532e-06      0.0000000000  2.2607320230e-07  2.2656085145e-07    0.010141666667    0.010141666667
 2.2621124098e-07  2.6412219111e-11  9.4764301354e-06      0.0000000000  2.2582991247e-07  2.2656970312e-07    0.010158333333    0.010158333333
 2.2595657743e-07  2.5624433509e-11  9.4760901375e-06      0.0000000000  2.2558662263e-07  2.2640790450e-07    0.010175000000    0.010175000000
 2.2557695625e-07  1.6213119199e-11  9.4757602537e-06      0.0000000000  2.2534287805e-07  2.2428433493e-07    0.010191666667    0.010191666667
 2.2515916274e-07  4.1263507052e-12  9.4754301395e-06      0.0000000000  2.2509958822e-07  2.2507564040e-07    0.010208333333    0.010208333333
 2.2486232852e-07  4.4916653158e-13  9.4750901345e-06      0.0000000000  2.2485584364e-07  2.2474121046e-07    0.010225000000    0.010225000000
 2.2484403932e-07  1.6033540461e-11  9.4747602577e-06      0.0000000000  2.2461255381e-07  2.2464896748e-07    0.010241666667    0.010241666667
 2.2439658027e-07  1.9235250539e-12  9.4744301365e-06      0.0000000000  2.2436880923e-07  2.2379788566e-07    0.010258333333    0.010258333333
 2.2430549255e-07  1.2497101555e-11  9.4740901386e-06      0.0000000000  2.2412506465e-07  2.2371078389e-07    0.010275000000    0.010275000000
 2.2412161153e-07  1.6611975289e-11  9.4737602548e-06      0.0000000000  2.2388177481e-07  2.2436010089e-07    0.010291666667    0.010291666667
 2.2360567229e-07 -2.2412304281e-12  9.4734301370e-06      0.0000000000  2.2363803023e-07  2.2354629674e-07    0.010308333333    0.010308333333
 2.2359847107e-07  1.4111137597e-11  9.4730901391e-06      0.0000000000  2.2339474040e-07  2.2330335511e-07    0.010325000000    0.010325000000
 2.2306922327e-07 -5.6638683057e-12  9.4727602518e-06      0.0000000000  2.2315099582e-07  2.2421224799e-07    0.010341666667    0.010341666667
 2.2256395440e-07 -2.3778005318e-11  9.4724301411e-06      0.0000000000  2.2290725124e-07  2.2267248042e-07    0.010358333333    0.010358333333
 2.2266342040e-07 -5.9749503648e-15  9.4720901361e-06      0.0000000000  2.2266350666e-07  2.2310100857e-07    0.010375000000    0.010375000000
 2.2219029682e-07 -1.5925107821e-11  9.4717602594e-06      0.0000000000  2.2242021683e-07  2.2270890908e-07    0.010391666667    0.010391666667
 2.2200686086e-07 -1.1747910394e-11  9.4714301381e-06      0.0000000000  2.2217647225e-07  2.2214089231e-07    0.010408333333    0.010408333333
 2.2214289268e-07  1.4556803458e-11  9.4710901402e-06      0.0000000000  2.2193272767e-07  2.2229148090e-07    0.010425000000    0.010425000000
 2.2180612983e-07  8.1140151585e-12  9.4707602564e-06      0.0000000000  2.2168898309e-07  2.2152712352e-07    0.010441666667    0.010441666667
 2.2189582615e-07  3.1209361652e-11  9.4704301351e-06      0.0000000000  2.2144523851e-07  2.2214439839e-07    0.010458333333    0.010458333333
 2.2125728301e-07  3.8641573174e-12  9.4700901407e-06      0.0000000000  2.2120149393e-07  2.2100309786e-07    0.010475000000    0.010475000000
 2.2124056666e-07  1.9588970149e-11  9.4697602534e-06      0.0000000000  2.2095774935e-07  2.2020223320e-07    0.010491666667    0.010491666667
 2.2068704763e-07 -1.8671505668e-12  9.4694301427e-06      0.0000000000  2.2071400477e-07  2.2184432177e-07    0.010508333333    0.010508333333
 2.2053003883e-07  4.1404892319e-12  9.4690901377e-06      0.0000000000  2.2047026019e-07  2.1999114503e-07    0.010525000000    0.010525000000
 2.2020112993e-07 -1.7583055634e-12  9.4687602610e-06      0.0000000000  2.2022651561e-07  2.1933464292e-07    0.010541666667    0.010541666667
 2.1993096307e-07 -3.5884101765e-12  9.4684301397e-06      0.0000000000  2.1998277103e-07  2.1997350456e-07    0.010558333333    0.010558333333
 2.1945310300e-07 -1.9804112569e-11  9.4680901383e-06      0.0000000000  2.1973902645e-07  2.2046369575e-07    0.010575000000    0.010575000000
 2.1952184193e-07  1.8711452451e-12  9.4677602580e-06      0.0000000000  2.1949482712e-07  2.1998072112e-07    0.010591666667    0.010591666667
 2.1880052625e-07 -3.1207189883e-11  9.4674301402e-06      0.0000000000  2.1925108254e-07  2.1920089295e-07    0.010608333333    0.010608333333
 2.1880317052e-07 -1.4141390036e-11  9.4670901423e-06      0.0000000000  2.1900733796e-07  2.1945972987e-07    0.010625000000    0.010625000000
 2.1864246064e-07 -8.3900998894e-12  9.4667602550e-06      0.0000000000  2.1876359338e-07  2.1855107283e-07    0.010641666667    0.010641666667
 2.1833902745e-07 -1.2524353346e-11  9.4664301443e-06      0.0000000000  2.1851984880e-07  2.1851807164e-07    0.010658333333    0.010658333333
 2.1847640688e-07  1.3905198574e-11  9.4660901393e-06      0.0000000000  2.1827564947e-07  2.1725349222e-07    0.010675000000    0.010675000000
 2.1800913728e-07 -1.5769685045e-12  9.4657602591e-06      0.0000000000  2.1803190489e-07  2.1776093081e-07    0.010691666667    0.010691666667
 2.1797241046e-07  1.2793342074e-11  9.4654301413e-06      0.0000000000  2.1778770556e-07  2.1749898087e-07    0.010708333333    0.010708333333
 2.1749506552e-07 -3.3866801187e-12  9.4650901434e-06      0.0000000000  2.1754396098e-07  2.1772514676e-07    0.010725000000    0.010725000000
 2.1736870035e-07  4.7434504102e-12  9.4647602596e-06      0.0000000000  2.1730021640e-07  2.1742346646e-07    0.010741666667    0.010741666667
 2.1687879703e-07 -1.2274914049e-11  9.4644301383e-06      0.0000000000  2.1705601708e-07  2.1658813843e-07    0.010758333333    0.010758333333
 2.1659844314e-07 -1.4810609420e-11  9.4640901474e-06      0.0000000000  2.1681227250e-07  2.1646408915e-07    0.010775000000    0.010775000000
 2.1634887389e-07 -1.5182550569e-11  9.4637602566e-06      0.0000000000  2.1656807317e-07  2.1675495247e-07    0.010791666667    0.010791666667
 2.1596672459e-07 -2.4768971752e-11  9.4634301424e-06      0.0000000000  2.1632432859e-07  2.1750163794e-07    0.010808333333    0.010808333333
 2.1585767169e-07 -1.5408231566e-11  9.4630901409e-06      0.0000000000  2.1608012926e-07  2.1590973509e-07    0.010825000000    0.010825000000
 2.1554190749e-07 -2.0365078404e-11  9.4627602607e-06      0.0000000000  2.1583592993e-07  2.1628749580e-07    0.010841666667    0.010841666667
 2.1544792240e-07 -9.9921845207e-12  9.4624301429e-06      0.0000000000  2.1559218535e-07  2.1538438875e-07    0.010858333333    0.010858333333
 2.1550418772e-07  1.0819105382e-11  9.4620901415e-06      0.0000000000  2.1534798603e-07  2.1538792628e-07    0.010875000000    0.010875000000
 2.1533932142e-07  1.6314003245e-11  9.4617602647e-06      0.0000000000  2.1510378670e-07  2.1569190204e-07    0.010891666667    0.010891666667
 2.1518997259e-07  2.2852200954e-11  9.4614301399e-06      0.0000000000  2.1486004212e-07  2.1492163306e-07    0.010908333333    0.010908333333
 2.1522254755e-07  4.2022608799e-11  9.4610901455e-06      0.0000000000  2.1461584279e-07  2.1493381787e-07    0.010925000000    0.010925000000
 2.1487955223e-07  3.5179634049e-11  9.4607602582e-06      0.0000000000  2.1437164346e-07  2.1446700581e-07    0.010941666667    0.010941666667
 2.1450359491e-07  2.6053589163e-11  9.4604301440e-06      0.0000000000  2.1412744414e-07  2.1467326722e-07    0.010958333333    0.010958333333
 2.1413626450e-07  1.7525076587e-11  9.4600901425e-06      0.0000000000  2.1388324481e-07  2.1401420236e-07    0.010975000000    0.010975000000
 2.1401029762e-07  2.5714292201e-11  9.4597602588e-06      0.0000000000  2.1363904548e-07  2.1393588937e-07    0.010991666667    0.010991666667
 2.1327336668e-07 -8.4141160896e-12  9.4594301480e-06      0.0000000000  2.1339484616e-07  2.1367985103e-07    0.011008333333    0.011008333333
 2.1343932920e-07  1.9995205761e-11  9.4590901396e-06      0.0000000000  2.1315064683e-07  2.1295030292e-07    0.011025000000    0.011025000000
 2.1286416077e-07 -2.9289350232e-12  9.4587602663e-06      0.0000000000  2.1290644750e-07  2.1228737036e-07    0.011041666667    0.011041666667
 2.1242682080e-07 -1.6306568129e-11  9.4584301416e-06      0.0000000000  2.1266224817e-07  2.1234400224e-07    0.011058333333    0.011058333333
 2.1209142106e-07 -2.2623444994e-11  9.4580901471e-06      0.0000000000  2.1241804885e-07  2.1260177004e-07    0.011075000000    0.011075000000
 2.1177164933e-07 -2.7857868242e-11  9.4577602598e-06      0.0000000000  2.1217384952e-07  2.1258010465e-07    0.011091666667    0.011091666667
 2.1151255086e-07 -2.8889837571e-11  9.4574301456e-06      0.0000000000  2.1192965019e-07  2.1139789458e-07    0.011108333333    0.011108333333
 2.1132367170e-07 -2.5058158902e-11  9.4570901476e-06      0.0000000000  2.1168545086e-07  2.1088924537e-07    0.011125000000    0.011125000000
 2.1108898928e-07 -2.4398982988e-11  9.4567602569e-06      0.0000000000  2.1144125154e-07  2.1127015055e-07    0.011141666667    0.011141666667
 2.1096471075e-07 -1.6092825889e-11  9.4564301496e-06      0.0000000000  2.1119705221e-07  2.1137758132e-07    0.011158333333    0.011158333333
 2.1099728572e-07  3.0775819567e-12  9.4560901412e-06      0.0000000000  2.1095285288e-07  2.1170323819e-07    0.011175000000    0.011175000000
 2.1064253758e-07 -4.5479384819e-12  9.4557602679e-06      0.0000000000  2.1070819881e-07  2.1140850716e-07    0.011191666667    0.011191666667
 2.1067958605e-07  1.4932320810e-11  9.4554301432e-06      0.0000000000  2.1046399948e-07  2.1129401707e-07    0.011208333333    0.011208333333
 2.1004058808e-07 -1.2412889144e-11  9.4550901487e-06      0.0000000000  2.1021980015e-07  2.0973283567e-07    0.011225000000    0.011225000000
 2.0996872507e-07 -4.4474254037e-13  9.4547602649e-06      0.0000000000  2.0997514608e-07  2.0997425223e-07    0.011241666667    0.011241666667
 2.0999919113e-07  1.8579594860e-11  9.4544301437e-06      0.0000000000  2.0973094675e-07  2.0986396000e-07    0.011258333333    0.011258333333
 2.0957881483e-07  6.3769285038e-12  9.4540901492e-06      0.0000000000  2.0948674742e-07  2.0895755126e-07    0.011275000000    0.011275000000
 2.0958848435e-07  2.3992318034e-11  9.4537602585e-06      0.0000000000  2.0924209335e-07  2.0879880277e-07    0.011291666667    0.011291666667
 2.0924102968e-07  1.6840472674e-11  9.4534301512e-06      0.0000000000  2.0899789402e-07  2.0939936479e-07    0.011308333333    0.011308333333
 2.0892139788e-07  1.1647238892e-11  9.4530901428e-06      0.0000000000  2.0875323994e-07  2.0881675769e-07    0.011325000000    0.011325000000
 2.0893218218e-07  2.9308344672e-11  9.4527602660e-06      0.0000000000  2.0850904062e-07  2.0832749412e-07    0.011341666667    0.011341666667
 2.0815950213e-07 -7.2646811094e-12  9.4524301482e-06      0.0000000000  2.0826438654e-07  2.0829935113e-07    0.011358333333    0.011358333333
 2.0796366997e-07 -3.9145926082e-12  9.4520901468e-06      0.0000000000  2.0802018722e-07  2.0751604833e-07    0.011375000000    0.011375000000
 2.0758595555e-07 -1.3130842955e-11  9.4517602665e-06      0.0000000000  2.0777553314e-07  2.0704657919e-07    0.011391666667    0.011391666667
 2.0743616384e-07 -6.5603259300e-12  9.4514301453e-06      0.0000000000  2.0753087907e-07  2.0802998024e-07    0.011408333333    0.011408333333
 2.0725990230e-07 -1.8547044397e-12  9.4510901509e-06      0.0000000000  2.0728667974e-07  2.0692381915e-07    0.011425000000    0.011425000000
 2.0683754286e-07 -1.4163232610e-11  9.4507602601e-06      0.0000000000  2.0704202566e-07  2.0722131730e-07    0.011441666667    0.011441666667
 2.0680475510e-07  5.1140890852e-13  9.4504301528e-06      0.0000000000  2.0679737159e-07  2.0609026774e-07    0.011458333333    0.011458333333
 2.0632238022e-07 -1.5954010602e-11  9.4500901479e-06      0.0000000000  2.0655271751e-07  2.0534496583e-07    0.011475000000    0.011475000000
 2.0616409632e-07 -1.0003190849e-11  9.4497602641e-06      0.0000000000  2.0630851819e-07  2.0548685997e-07    0.011491666667    0.011491666667
 2.0579996406e-07 -1.8278690531e-11  9.4494301499e-06      0.0000000000  2.0606386411e-07  2.0603138756e-07    0.011508333333    0.011508333333
 2.0570127152e-07 -8.1688568290e-12  9.4490901484e-06      0.0000000000  2.0581921004e-07  2.0539247875e-07    0.011525000000    0.011525000000
 2.0538431212e-07 -1.3176990320e-11  9.4487602682e-06      0.0000000000  2.0557455596e-07  2.0539705395e-07    0.011541666667    0.011541666667
 2.0498604410e-07 -2.3816858436e-11  9.4484301434e-06      0.0000000000  2.0532990189e-07  2.0527446685e-07    0.011558333333    0.011558333333
 2.0487293149e-07 -1.4705811243e-11  9.4480901525e-06      0.0000000000  2.0508524781e-07  2.0398776610e-07    0.011575000000    0.011575000000
 2.0434761839e-07 -3.4145290156e-11  9.4477602652e-06      0.0000000000  2.0484059374e-07  2.0490334097e-07    0.011591666667    0.011591666667
 2.0432353743e-07 -1.8867582935e-11  9.4474301509e-06      0.0000000000  2.0459593966e-07  2.0440332332e-07    0.011608333333    0.011608333333
 2.0420501724e-07 -1.0131085309e-11  9.4470901495e-06      0.0000000000  2.0435128559e-07  2.0511258962e-07    0.011625000000    0.011625000000
 2.0397166640e-07 -9.3481817067e-12  9.4467602657e-06      0.0000000000  2.0410663151e-07  2.0360917210e-07    0.011641666667    0.011641666667
 2.0373828216e-07 -8.5675913955e-12  9.4464301515e-06      0.0000000000  2.0386197744e-07  2.0386822913e-07    0.011658333333    0.011658333333
 2.0362053440e-07  2.2240802377e-13  9.4460901465e-06      0.0000000000  2.0361732336e-07  2.0347300090e-07    0.011675000000    0.011675000000
 2.0338668472e-07  9.7076031206e-13  9.4457602698e-06      0.0000000000  2.0337266929e-07  2.0251709822e-07    0.011691666667    0.011691666667
 2.0315251174e-07  1.6967199438e-12  9.4454301485e-06      0.0000000000  2.0312801521e-07  2.0366662154e-07    0.011708333333    0.011708333333
 2.0296137505e-07  5.4035307996e-12  9.4450901541e-06      0.0000000000  2.0288336114e-07  2.0326004177e-07    0.011725000000    0.011725000000
 2.0262915440e-07 -6.3015496996e-13  9.4447602668e-06      0.0000000000  2.0263825232e-07  2.0242073599e-07    0.011741666667    0.011741666667
 2.0242234134e-07  1.9908526239e-12  9.4444301490e-06      0.0000000000  2.0239359824e-07  2.0256560165e-07    0.011758333333    0.011758333333
 2.0209240949e-07 -3.9158000928e-12  9.4440901511e-06      0.0000000000  2.0214894417e-07  2.0248809050e-07    0.011775000000    0.011775000000
 2.0183824501e-07 -4.5430287657e-12  9.4437602638e-06      0.0000000000  2.0190383535e-07  2.0058131630e-07    0.011791666667    0.011791666667
 2.0173749192e-07  5.4240841367e-12  9.4434301531e-06      0.0000000000  2.0165918127e-07  2.0151844650e-07    0.011808333333    0.011808333333
 2.0147888900e-07  4.4579361965e-12  9.4430901481e-06      0.0000000000  2.0141452720e-07  2.0101228142e-07    0.011825000000    0.011825000000
 2.0118413514e-07  1.0193372490e-12  9.4427602714e-06      0.0000000000  2.0116941837e-07  2.0222629778e-07    0.011841666667    0.011841666667
 2.0093676528e-07  8.3123234022e-13  9.4424301501e-06      0.0000000000  2.0092476430e-07  2.0097799099e-07    0.011858333333    0.011858333333
 2.0038337908e-07 -2.0521195773e-11  9.4420901522e-06      0.0000000000  2.0067965548e-07  2.0058538838e-07    0.011875000000    0.011875000000
 2.0049391019e-07  4.0802399537e-12  9.4417602684e-06      0.0000000000  2.0043500140e-07  2.0235059862e-07    0.011891666667    0.011891666667
 2.0015747148e-07 -2.2456052121e-12  9.4414301506e-06      0.0000000000  2.0018989258e-07  2.0075445073e-07    0.011908333333    0.011908333333
 1.9966531142e-07 -1.9388781964e-11  9.4410901527e-06      0.0000000000  1.9994523851e-07  2.0063904874e-07    0.011925000000    0.011925000000
 1.9952060259e-07 -1.2434708409e-11  9.4407602654e-06      0.0000000000  1.9970012968e-07  2.0045324210e-07    0.011941666667    0.011941666667
 1.9916104082e-07 -2.0393638849e-11  9.4404301582e-06      0.0000000000  1.9945547561e-07  2.0157300302e-07    0.011958333333    0.011958333333
 1.9894395649e-07 -1.8452559356e-11  9.4400901497e-06      0.0000000000  1.9921036679e-07  1.9842399085e-07    0.011975000000    0.011975000000
 1.9900858300e-07  3.0008518689e-12  9.4397602695e-06      0.0000000000  1.9896525796e-07  1.9864760972e-07    0.011991666667    0.011991666667
 1.9858105618e-07 -9.6655886805e-12  9.4394301517e-06      0.0000000000  1.9872060389e-07  1.9905756979e-07    0.012008333333    0.012008333333
 1.9866499494e-07  1.3125459914e-11  9.4390901538e-06      0.0000000000  1.9847549507e-07  1.9750321189e-07    0.012025000000    0.012025000000
 1.9869054515e-07  3.1872302198e-11  9.4387602700e-06      0.0000000000  1.9823038625e-07  1.9713450725e-07    0.012041666667    0.012041666667
 1.9819735020e-07  1.4688942589e-11  9.4384301487e-06      0.0000000000  1.9798527742e-07  1.9797140751e-07    0.012058333333    0.012058333333
 1.9798458315e-07  1.6897555175e-11  9.4380901578e-06      0.0000000000  1.9774062335e-07  1.9803491005e-07    0.012075000000    0.012075000000
 1.9774350305e-07  1.7176599879e-11  9.4377602670e-06      0.0000000000  1.9749551453e-07  1.9685777830e-07    0.012091666667    0.012091666667
 1.9726072091e-07  7.1446887517e-13  9.4374301563e-06      0.0000000000  1.9725040570e-07  1.9620074163e-07    0.012108333333    0.012108333333
 1.9716672382e-07  1.1181024932e-11  9.4370901513e-06      0.0000000000  1.9700529688e-07  1.9701747013e-07    0.012125000000    0.012125000000
 1.9660913798e-07 -1.0462285641e-11  9.4367602711e-06      0.0000000000  1.9676018806e-07  1.9730569211e-07    0.012141666667    0.012141666667
 1.9622321016e-07 -2.0215928352e-11  9.4364301533e-06      0.0000000000  1.9651507924e-07  1.9635827950e-07    0.012158333333    0.012158333333
 1.9601256316e-07 -1.7828975905e-11  9.4360901519e-06      0.0000000000  1.9626997042e-07  1.9675437246e-07    0.012175000000    0.012175000000
 1.9579625179e-07 -1.5834357606e-11  9.4357602716e-06      0.0000000000  1.9602486159e-07  1.9679418143e-07    0.012191666667    0.012191666667
 1.9546895460e-07 -2.1527027274e-11  9.4354301503e-06      0.0000000000  1.9577975277e-07  1.9678600581e-07    0.012208333333    0.012208333333
 1.9522045447e-07 -2.1761921798e-11  9.4350901594e-06      0.0000000000  1.9553464395e-07  1.9529683274e-07    0.012225000000    0.012225000000
 1.9496640247e-07 -2.2381359307e-11  9.4347602686e-06      0.0000000000  1.9528953513e-07  1.9644712645e-07    0.012241666667    0.012241666667
 1.9473735940e-07 -2.1268586032e-11  9.4344301579e-06      0.0000000000  1.9504442630e-07  1.9516390034e-07    0.012258333333    0.012258333333
 1.9461915681e-07 -1.2478592232e-11  9.4340901529e-06      0.0000000000  1.9479931748e-07  1.9328390128e-07    0.012275000000    0.012275000000
 1.9432424210e-07 -1.5928331989e-11  9.4337602692e-06      0.0000000000  1.9455420866e-07  1.9293675197e-07    0.012291666667    0.012291666667
 1.9436221133e-07  3.7101950664e-12  9.4334301584e-06      0.0000000000  1.9430864509e-07  1.9516834976e-07    0.012308333333    0.012308333333
 1.9408693082e-07  1.6203928047e-12  9.4330901535e-06      0.0000000000  1.9406353627e-07  1.9330507928e-07    0.012325000000    0.012325000000
 1.9390625173e-07  6.0830334795e-12  9.4327602732e-06      0.0000000000  1.9381842745e-07  1.9340147296e-07    0.012341666667    0.012341666667
 1.9361568120e-07  2.9341881057e-12  9.4324301520e-06      0.0000000000  1.9357331862e-07  1.9528535543e-07    0.012358333333    0.012358333333
 1.9348517833e-07  1.0903716752e-11  9.4320901610e-06      0.0000000000  1.9332775506e-07  1.9332097456e-07    0.012375000000    0.012375000000
 1.9297964071e-07 -7.1345426678e-12  9.4317602702e-06      0.0000000000  1.9308264623e-07  1.9243832228e-07    0.012391666667    0.012391666667
 1.9299905356e-07  1.1218701418e-11  9.4314301560e-06      0.0000000000  1.9283708266e-07  1.9314312343e-07    0.012408333333    0.012408333333
 1.9252060144e-07 -4.9435160378e-12  9.4310901580e-06      0.0000000000  1.9259197384e-07  1.9385341168e-07    0.012425000000    0.012425000000
 1.9235015826e-07  2.2810205336e-13  9.4307602708e-06      0.0000000000  1.9234686502e-07  1.9229329940e-07    0.012441666667    0.012441666667
 1.9219902245e-07  6.7685165514e-12  9.4304301600e-06      0.0000000000  1.9210130145e-07  1.9251478003e-07    0.012458333333    0.012458333333
 1.9221472228e-07  2.4833086050e-11  9.4300901516e-06      0.0000000000  1.9185619263e-07  1.9365983820e-07    0.012475000000    0.012475000000
 1.9191639151e-07  2.1178235044e-11  9.4297602783e-06      0.0000000000  1.9161062906e-07  1.9189403052e-07    0.012491666667    0.012491666667
 1.9177597851e-07  2.8429853336e-11  9.4294301536e-06      0.0000000000  1.9136552024e-07  1.9116896327e-07    0.012508333333    0.012508333333
 1.9172890732e-07  4.2178167887e-11  9.4290901591e-06      0.0000000000  1.9111995667e-07  1.9299168583e-07    0.012525000000    0.012525000000
 1.9116251387e-07  1.9956306877e-11  9.4287602719e-06      0.0000000000  1.9087439310e-07  1.9197823938e-07    0.012541666667    0.012541666667
 1.9105943912e-07  2.9794110448e-11  9.4284301576e-06      0.0000000000  1.9062928428e-07  1.9013655568e-07    0.012558333333    0.012558333333
 1.9044096432e-07  3.9649035007e-12  9.4280901596e-06      0.0000000000  1.9038372071e-07  1.8962603551e-07    0.012575000000    0.012575000000
 1.9005241025e-07 -5.9391457557e-12  9.4277602689e-06      0.0000000000  1.9013815714e-07  1.8948407848e-07    0.012591666667    0.012591666667
 1.9001226328e-07  8.2572681284e-12  9.4274301651e-06      0.0000000000  1.8989304831e-07  1.8816759962e-07    0.012608333333    0.012608333333
 1.8946176983e-07 -1.2863299823e-11  9.4270901532e-06      0.0000000000  1.8964748474e-07  1.8850287856e-07    0.012625000000    0.012625000000
 1.8927527668e-07 -8.7718646899e-12  9.4267602764e-06      0.0000000000  1.8940192118e-07  1.9025080994e-07    0.012641666667    0.012641666667
 1.8905630433e-07 -6.9300587582e-12  9.4264301586e-06      0.0000000000  1.8915635761e-07  1.9042090996e-07    0.012658333333    0.012658333333
 1.8867112937e-07 -1.6600058488e-11  9.4260901607e-06      0.0000000000  1.8891079404e-07  1.8945879696e-07    0.012675000000    0.012675000000
 1.8867789770e-07  8.4588148700e-13  9.4257602735e-06      0.0000000000  1.8866568521e-07  1.8926618254e-07    0.012691666667    0.012691666667
 1.8822852288e-07 -1.3270837182e-11  9.4254301557e-06      0.0000000000  1.8842012164e-07  1.8791676537e-07    0.012708333333    0.012708333333
 1.8820024960e-07  1.7794900585e-12  9.4250901647e-06      0.0000000000  1.8817455808e-07  1.8733046351e-07    0.012725000000    0.012725000000
 1.8796788827e-07  2.6939254001e-12  9.4247602705e-06      0.0000000000  1.8792899451e-07  1.8689355535e-07    0.012741666667    0.012741666667
 1.8750457593e-07 -1.2388157350e-11  9.4244301632e-06      0.0000000000  1.8768343094e-07  1.8672757458e-07    0.012758333333    0.012758333333
 1.8758136469e-07  9.9391540651e-12  9.4240901583e-06      0.0000000000  1.8743786737e-07  1.8855216810e-07    0.012775000000    0.012775000000
 1.8720343263e-07  7.7082386852e-13  9.4237602780e-06      0.0000000000  1.8719230380e-07  1.8538509096e-07    0.012791666667    0.012791666667
 1.8734095985e-07  2.7305104746e-11  9.4234301603e-06      0.0000000000  1.8694674023e-07  1.8550330725e-07    0.012808333333    0.012808333333
 1.8712393556e-07  2.9281840314e-11  9.4230901588e-06      0.0000000000  1.8670117666e-07  1.8633240924e-07    0.012825000000    0.012825000000
 1.8677203941e-07  2.1948351376e-11  9.4227602786e-06      0.0000000000  1.8645515834e-07  1.8618762219e-07    0.012841666667    0.012841666667
 1.8701337316e-07  5.5672655194e-11  9.4224301538e-06      0.0000000000  1.8620959477e-07  1.8563702577e-07    0.012858333333    0.012858333333
 1.8654038894e-07  3.9920661886e-11  9.4220901663e-06      0.0000000000  1.8596403120e-07  1.8693886714e-07    0.012875000000    0.012875000000
 1.8606202998e-07  2.3796395289e-11  9.4217602721e-06      0.0000000000  1.8571846763e-07  1.8840211407e-07    0.012891666667    0.012891666667
 1.8596600007e-07  3.4153647355e-11  9.4214301648e-06      0.0000000000  1.8547290406e-07  1.8519964594e-07    0.012908333333    0.012908333333
 1.8554998475e-07  2.2379028389e-11  9.4210901599e-06      0.0000000000  1.8522688575e-07  1.8575582379e-07    0.012925000000    0.012925000000
 1.8521832299e-07  1.6415550007e-11  9.4207602761e-06      0.0000000000  1.8498132218e-07  1.8585367964e-07    0.012941666667    0.012941666667
 1.8487748630e-07  9.8165828373e-12  9.4204301653e-06      0.0000000000  1.8473575861e-07  1.8532020485e-07    0.012958333333    0.012958333333
 1.8454206996e-07  3.6245456890e-12  9.4200901569e-06      0.0000000000  1.8448974029e-07  1.8412134483e-07    0.012975000000    0.012975000000
 1.8422304211e-07 -1.4638609843e-12  9.4197602802e-06      0.0000000000  1.8424417672e-07  1.8455837877e-07    0.012991666667    0.012991666667
 1.8384382114e-07 -1.0721465706e-11  9.4194301589e-06      0.0000000000  1.8399861315e-07  1.8376219937e-07    0.013008333333    0.013008333333
 1.8346900653e-07 -1.9642371920e-11  9.4190901679e-06      0.0000000000  1.8375259483e-07  1.8402014011e-07    0.013025000000    0.013025000000
 1.8322174206e-07 -1.9760182528e-11  9.4187602737e-06      0.0000000000  1.8350703127e-07  1.8329496281e-07    0.013041666667    0.013041666667
 1.8311973724e-07 -9.7852768124e-12  9.4184301629e-06      0.0000000000  1.8326101295e-07  1.8246123845e-07    0.013058333333    0.013058333333
 1.8279765090e-07 -1.5085525420e-11  9.4180901650e-06      0.0000000000  1.8301544938e-07  1.8213650920e-07    0.013075000000    0.013075000000
 1.8260056346e-07 -1.1696392537e-11  9.4177602742e-06      0.0000000000  1.8276943106e-07  1.8094738130e-07    0.013091666667    0.013091666667
 1.8222924480e-07 -2.0406654109e-11  9.4174301670e-06      0.0000000000  1.8252386749e-07  1.8196835875e-07    0.013108333333    0.013108333333
 1.8197803230e-07 -2.0766422065e-11  9.4170901620e-06      0.0000000000  1.8227784918e-07  1.8271738685e-07    0.013125000000    0.013125000000
 1.8184285894e-07 -1.3088891878e-11  9.4167602818e-06      0.0000000000  1.8203183086e-07  1.8235962495e-07    0.013141666667    0.013141666667
 1.8186592530e-07  5.5174077341e-12  9.4164301605e-06      0.0000000000  1.8178626729e-07  1.8122538375e-07    0.013158333333    0.013158333333
 1.8151325592e-07 -1.8696385162e-12  9.4160901661e-06      0.0000000000  1.8154024897e-07  1.8163823673e-07    0.013175000000    0.013175000000
 1.8127393777e-07 -1.4055602798e-12  9.4157602788e-06      0.0000000000  1.8129423066e-07  1.8293009441e-07    0.013191666667    0.013191666667
 1.8122115280e-07  1.1946996452e-11  9.4154301610e-06      0.0000000000  1.8104866709e-07  1.8053885196e-07    0.013208333333    0.013208333333
 1.8100547612e-07  1.4048570087e-11  9.4150901666e-06      0.0000000000  1.8080264877e-07  1.8154149716e-07    0.013225000000    0.013225000000
 1.8066178794e-07  7.2835955381e-12  9.4147602758e-06      0.0000000000  1.8055663045e-07  1.8170414479e-07    0.013241666667    0.013241666667
 1.8071909820e-07  2.8293250797e-11  9.4144301686e-06      0.0000000000  1.8031061214e-07  1.7857153102e-07    0.013258333333    0.013258333333
 1.8048410874e-07  2.9057150050e-11  9.4140901601e-06      0.0000000000  1.8006459382e-07  1.7793428878e-07    0.013275000000    0.013275000000
 1.7985811878e-07  2.7074156212e-12  9.4137602834e-06      0.0000000000  1.7981903025e-07  1.7963623230e-07    0.013291666667    0.013291666667
 1.7977536235e-07  1.4015535694e-11  9.4134301656e-06      0.0000000000  1.7957301193e-07  1.7855673630e-07    0.013308333333    0.013308333333
 1.7910081195e-07 -1.5666176134e-11  9.4130901642e-06      0.0000000000  1.7932699362e-07  1.7853296412e-07    0.013325000000    0.013325000000
 1.7901322853e-07 -4.6923913784e-12  9.4127602804e-06      0.0000000000  1.7908097530e-07  1.7882175210e-07    0.013341666667    0.013341666667
 1.7840422862e-07 -2.9833834781e-11  9.4124301626e-06      0.0000000000  1.7883495698e-07  1.7895537628e-07    0.013358333333    0.013358333333
 1.7833635982e-07 -1.7494542125e-11  9.4120901682e-06      0.0000000000  1.7858893867e-07  1.7717549710e-07    0.013375000000    0.013375000000
 1.7810814648e-07 -1.6261303895e-11  9.4117602740e-06      0.0000000000  1.7834292035e-07  1.7882725492e-07    0.013391666667    0.013391666667
 1.7786226062e-07 -1.6252129701e-11  9.4114301702e-06      0.0000000000  1.7809690203e-07  1.7862082056e-07    0.013408333333    0.013408333333
 1.7756398526e-07 -1.9840147090e-11  9.4110901652e-06      0.0000000000  1.7785042897e-07  1.7730662144e-07    0.013425000000    0.013425000000
 1.7727538695e-07 -2.2789394451e-11  9.4107602815e-06      0.0000000000  1.7760441065e-07  1.7729254994e-07    0.013441666667    0.013441666667
 1.7716147256e-07 -1.3639389789e-11  9.4104301672e-06      0.0000000000  1.7735839233e-07  1.7778824394e-07    0.013458333333    0.013458333333
 1.7666331287e-07 -3.1103631173e-11  9.4100901658e-06      0.0000000000  1.7711237402e-07  1.7740172588e-07    0.013475000000    0.013475000000
 1.7675389079e-07 -7.7897345384e-12  9.4097602820e-06      0.0000000000  1.7686635570e-07  1.7652188790e-07    0.013491666667    0.013491666667
 1.7648019454e-07 -9.7068099752e-12  9.4094301642e-06      0.0000000000  1.7662033738e-07  1.7521253125e-07    0.013508333333    0.013508333333
 1.7631273134e-07 -4.2342958524e-12  9.4090901698e-06      0.0000000000  1.7637386432e-07  1.7747738179e-07    0.013525000000    0.013525000000
 1.7616135124e-07  2.3206960127e-12  9.4087602790e-06      0.0000000000  1.7612784600e-07  1.7567082180e-07    0.013541666667    0.013541666667
 1.7602506584e-07  9.9212028643e-12  9.4084301683e-06      0.0000000000  1.7588182769e-07  1.7517569380e-07    0.013558333333    0.013558333333
 1.7574970842e-07  7.9205657384e-12  9.4080901668e-06      0.0000000000  1.7563535462e-07  1.7491248607e-07    0.013575000000    0.013575000000
 1.7582407961e-07  3.0111924050e-11  9.4077602831e-06      0.0000000000  1.7538933630e-07  1.7486371537e-07    0.013591666667    0.013591666667
 1.7527077680e-07  8.8597648697e-12  9.4074301688e-06      0.0000000000  1.7514286324e-07  1.7423812338e-07    0.013608333333    0.013608333333
 1.7501724700e-07  8.3394915328e-12  9.4070901674e-06      0.0000000000  1.7489684492e-07  1.7490014404e-07    0.013625000000    0.013625000000
 1.7483044383e-07  1.2440951477e-11  9.4067602836e-06      0.0000000000  1.7465082661e-07  1.7513586911e-07    0.013641666667    0.013641666667
 1.7437196742e-07 -2.2431824391e-12  9.4064301658e-06      0.0000000000  1.7440435354e-07  1.7536401602e-07    0.013658333333    0.013658333333
 1.7430615863e-07  1.0238794003e-11  9.4060901714e-06      0.0000000000  1.7415833523e-07  1.7634729129e-07    0.013675000000    0.013675000000
 1.7368122257e-07 -1.5974948661e-11  9.4057602806e-06      0.0000000000  1.7391186216e-07  1.7545393209e-07    0.013691666667    0.013691666667
 1.7378016389e-07  7.9497251955e-12  9.4054301699e-06      0.0000000000  1.7366538910e-07  1.7426016610e-07    0.013708333333    0.013708333333
 1.7325831383e-07 -1.1155398245e-11  9.4050901684e-06      0.0000000000  1.7341937078e-07  1.7277331993e-07    0.013725000000    0.013725000000
 1.7297112779e-07 -1.3975329007e-11  9.4047602812e-06      0.0000000000  1.7317289772e-07  1.7295857629e-07    0.013741666667    0.013741666667
 1.7294367070e-07  1.1630272153e-12  9.4044301704e-06      0.0000000000  1.7292687940e-07  1.7351192412e-07    0.013758333333    0.013758333333
 1.7247544170e-07 -1.4196606170e-11  9.4040901690e-06      0.0000000000  1.7268040634e-07  1.7433412400e-07    0.013775000000    0.013775000000
 1.7238469979e-07 -3.4100925641e-12  9.4037602852e-06      0.0000000000  1.7243393327e-07  1.7146294133e-07    0.013791666667    0.013791666667
 1.7205013142e-07 -9.5118984773e-12  9.4034301674e-06      0.0000000000  1.7218746021e-07  1.7128485437e-07    0.013808333333    0.013808333333
 1.7187205056e-07 -4.8062994638e-12  9.4030901730e-06      0.0000000000  1.7194144189e-07  1.7075142674e-07    0.013825000000    0.013825000000
 1.7164642431e-07 -3.3623723110e-12  9.4027602823e-06      0.0000000000  1.7169496883e-07  1.6938754501e-07    0.013841666667    0.013841666667
 1.7170424535e-07  1.7714159198e-11  9.4024301715e-06      0.0000000000  1.7144849576e-07  1.7119405784e-07    0.013858333333    0.013858333333
 1.7115490251e-07 -3.2637176992e-12  9.4020901700e-06      0.0000000000  1.7120202270e-07  1.7193181302e-07    0.013875000000    0.013875000000
 1.7109319416e-07  9.5337675060e-12  9.4017602828e-06      0.0000000000  1.7095554963e-07  1.7103562380e-07    0.013891666667    0.013891666667
 1.7062427262e-07 -5.8738342809e-12  9.4014301720e-06      0.0000000000  1.7070907657e-07  1.7014051942e-07    0.013908333333    0.013908333333
 1.7049749552e-07  2.4167494072e-12  9.4010901671e-06      0.0000000000  1.7046260351e-07  1.7077688122e-07    0.013925000000    0.013925000000
 1.7018948362e-07 -1.8456570716e-12  9.4007602903e-06      0.0000000000  1.7021613044e-07  1.7057536796e-07    0.013941666667    0.013941666667
 1.6994188769e-07 -1.9234312247e-12  9.4004301690e-06      0.0000000000  1.6996965738e-07  1.6924793062e-07    0.013958333333    0.013958333333
 1.6963923448e-07 -5.8146747940e-12  9.4000901711e-06      0.0000000000  1.6972318431e-07  1.7051458538e-07    0.013975000000    0.013975000000
 1.6945184771e-07 -1.7221405192e-12  9.3997602839e-06      0.0000000000  1.6947671125e-07  1.7099068935e-07    0.013991666667    0.013991666667
 1.6936095964e-07  9.0542501256e-12  9.3994301731e-06      0.0000000000  1.6923023818e-07  1.7025136193e-07    0.014008333333    0.014008333333
 1.6897023987e-07 -9.3680861604e-13  9.3990901717e-06      0.0000000000  1.6898376512e-07  1.6855059758e-07    0.014025000000    0.014025000000
 1.6901927475e-07  1.9531160811e-11  9.3987602809e-06      0.0000000000  1.6873729206e-07  1.6945302857e-07    0.014041666667    0.014041666667
 1.6867754470e-07  1.2933311288e-11  9.3984301771e-06      0.0000000000  1.6849081899e-07  1.6938070580e-07    0.014058333333    0.014058333333
 1.6843849527e-07  1.3447499041e-11  9.3980901687e-06      0.0000000000  1.6824434593e-07  1.6743357234e-07    0.014075000000    0.014075000000
 1.6834484022e-07  2.4032238156e-11  9.3977602884e-06      0.0000000000  1.6799787286e-07  1.6638229794e-07    0.014091666667    0.014091666667
 1.6793547849e-07  1.2781466571e-11  9.3974301707e-06      0.0000000000  1.6775094505e-07  1.6915891072e-07    0.014108333333    0.014108333333
 1.6764930589e-07  1.0031730310e-11  9.3970901762e-06      0.0000000000  1.6750447199e-07  1.6726284343e-07    0.014125000000    0.014125000000
 1.6737118069e-07  7.8393861350e-12  9.3967602855e-06      0.0000000000  1.6725799892e-07  1.6659843298e-07    0.014141666667    0.014141666667
 1.6688749674e-07 -8.5592166160e-12  9.3964301712e-06      0.0000000000  1.6701107111e-07  1.6676189817e-07    0.014158333333    0.014158333333
 1.6674398174e-07 -1.4279618302e-12  9.3960901767e-06      0.0000000000  1.6676459805e-07  1.6644765572e-07    0.014175000000    0.014175000000
 1.6644895778e-07 -4.7907757168e-12  9.3957602825e-06      0.0000000000  1.6651812498e-07  1.6615602199e-07    0.014191666667    0.014191666667
 1.6610963741e-07 -1.1190224519e-11  9.3954301752e-06      0.0000000000  1.6627119717e-07  1.6757260501e-07    0.014208333333    0.014208333333
 1.6605856683e-07  2.3440716199e-12  9.3950901703e-06      0.0000000000  1.6602472411e-07  1.6776715327e-07    0.014225000000    0.014225000000
 1.6564173884e-07 -9.4238407876e-12  9.3947602900e-06      0.0000000000  1.6577779630e-07  1.6711184606e-07    0.014241666667    0.014241666667
 1.6548705384e-07 -3.0662615399e-12  9.3944301723e-06      0.0000000000  1.6553132323e-07  1.6523014899e-07    0.014258333333    0.014258333333
 1.6546102123e-07  1.2233754723e-11  9.3940901743e-06      0.0000000000  1.6528439542e-07  1.6575389165e-07    0.014275000000    0.014275000000
 1.6492471523e-07 -7.8411429236e-12  9.3937602906e-06      0.0000000000  1.6503792236e-07  1.6366242710e-07    0.014291666667    0.014291666667
 1.6499251027e-07  1.3957721951e-11  9.3934301693e-06      0.0000000000  1.6479099455e-07  1.6347748519e-07    0.014308333333    0.014308333333
 1.6450162118e-07 -2.9714330915e-12  9.3930901784e-06      0.0000000000  1.6454452148e-07  1.6337793132e-07    0.014325000000    0.014325000000
 1.6451613013e-07  1.5136640813e-11  9.3927602841e-06      0.0000000000  1.6429759367e-07  1.6489612783e-07    0.014341666667    0.014341666667
 1.6409986404e-07  3.4076472131e-12  9.3924301768e-06      0.0000000000  1.6405066586e-07  1.6378910201e-07    0.014358333333    0.014358333333
 1.6400270002e-07  1.3749342725e-11  9.3920901719e-06      0.0000000000  1.6380419279e-07  1.6389112428e-07    0.014375000000    0.014375000000
 1.6369933523e-07  9.8403089558e-12  9.3917602881e-06      0.0000000000  1.6355726498e-07  1.6348566080e-07    0.014391666667    0.014391666667
 1.6343098977e-07  8.3568440462e-12  9.3914301774e-06      0.0000000000  1.6331033717e-07  1.6393612163e-07    0.014408333333    0.014408333333
 1.6295194587e-07 -7.7518699677e-12  9.3910901724e-06      0.0000000000  1.6306386411e-07  1.6174577926e-07    0.014425000000    0.014425000000
 1.6268363381e-07 -9.2330215863e-12  9.3907602922e-06      0.0000000000  1.6281693629e-07  1.6388220971e-07    0.014441666667    0.014441666667
 1.6239594325e-07 -1.2056400144e-11  9.3904301709e-06      0.0000000000  1.6257000848e-07  1.6377149298e-07    0.014458333333    0.014458333333
 1.6205910211e-07 -1.8284128731e-11  9.3900901800e-06      0.0000000000  1.6232308067e-07  1.6128987851e-07    0.014475000000    0.014475000000
 1.6189784797e-07 -1.2350053907e-11  9.3897602857e-06      0.0000000000  1.6207615286e-07  1.6111542340e-07    0.014491666667    0.014491666667
 1.6169185104e-07 -9.5150302221e-12  9.3894301784e-06      0.0000000000  1.6182922505e-07  1.6195083005e-07    0.014508333333    0.014508333333
 1.6129469341e-07 -1.9951998931e-11  9.3890901735e-06      0.0000000000  1.6158275198e-07  1.6119996244e-07    0.014525000000    0.014525000000
 1.6111333776e-07 -1.5410229169e-11  9.3887602862e-06      0.0000000000  1.6133582417e-07  1.6098632725e-07    0.014541666667    0.014541666667
 1.6100829888e-07 -5.5824785042e-12  9.3884301790e-06      0.0000000000  1.6108889636e-07  1.6052662169e-07    0.014558333333    0.014558333333
 1.6049995950e-07 -2.3688808168e-11  9.3880901705e-06      0.0000000000  1.6084196855e-07  1.6143329771e-07    0.014575000000    0.014575000000
 1.6062659570e-07  2.1856127364e-12  9.3877602938e-06      0.0000000000  1.6059504074e-07  1.5982656869e-07    0.014591666667    0.014591666667
 1.6026223300e-07 -5.9483601406e-12  9.3874301725e-06      0.0000000000  1.6034811293e-07  1.5988832605e-07    0.014608333333    0.014608333333
 1.6001660902e-07 -5.8265547872e-12  9.3870901816e-06      0.0000000000  1.6010073037e-07  1.6028889988e-07    0.014625000000    0.014625000000
 1.5995253064e-07  6.8382714414e-12  9.3867602873e-06      0.0000000000  1.5985380256e-07  1.5926441635e-07    0.014641666667    0.014641666667
 1.5947476916e-07 -9.1501200486e-12  9.3864301765e-06      0.0000000000  1.5960687474e-07  1.5880104748e-07    0.014658333333    0.014658333333
 1.5955843374e-07  1.3747928163e-11  9.3860901786e-06      0.0000000000  1.5935994693e-07  1.5937684682e-07    0.014675000000    0.014675000000
 1.5920751107e-07  6.5448605846e-12  9.3857602844e-06      0.0000000000  1.5911301912e-07  1.6097231864e-07    0.014691666667    0.014691666667
 1.5916156959e-07  2.0465914848e-11  9.3854301806e-06      0.0000000000  1.5886609131e-07  1.5960038708e-07    0.014708333333    0.014708333333
 1.5896100876e-07  2.3708960427e-11  9.3850901721e-06      0.0000000000  1.5861870875e-07  1.6055213905e-07    0.014725000000    0.014725000000
 1.5859637380e-07  1.5556129602e-11  9.3847602954e-06      0.0000000000  1.5837178094e-07  1.5953557958e-07    0.014741666667    0.014741666667
 1.5845264470e-07  2.2704052970e-11  9.3844301741e-06      0.0000000000  1.5812485313e-07  1.5778595019e-07    0.014758333333    0.014758333333
 1.5837517138e-07  3.4472593620e-11  9.3840901797e-06      0.0000000000  1.5787747057e-07  1.5729380944e-07    0.014775000000    0.014775000000
 1.5790315681e-07  1.8882254734e-11  9.3837602924e-06      0.0000000000  1.5763054276e-07  1.5826068631e-07    0.014791666667    0.014791666667
 1.5753951846e-07  1.0798452512e-11  9.3834301746e-06      0.0000000000  1.5738361495e-07  1.5960480505e-07    0.014808333333    0.014808333333
 1.5748161550e-07  2.3922507644e-11  9.3830901802e-06      0.0000000000  1.5713623239e-07  1.5737749946e-07    0.014825000000    0.014825000000
 1.5693551997e-07  3.2010488057e-12  9.3827602860e-06      0.0000000000  1.5688930458e-07  1.5696614011e-07    0.014841666667    0.014841666667
 1.5686824944e-07  1.5676272087e-11  9.3824301857e-06      0.0000000000  1.5664192202e-07  1.5614062281e-07    0.014858333333    0.014858333333
 1.5645879207e-07  4.4188752372e-12  9.3820901738e-06      0.0000000000  1.5639499421e-07  1.5543723667e-07    0.014875000000    0.014875000000
 1.5640546040e-07  1.7859555131e-11  9.3817602935e-06      0.0000000000  1.5614761165e-07  1.5358841503e-07    0.014891666667    0.014891666667
 1.5614361693e-07  1.6826441708e-11  9.3814301792e-06      0.0000000000  1.5590068384e-07  1.5654649507e-07    0.014908333333    0.014908333333
 1.5608313882e-07  2.9772132854e-11  9.3810901778e-06      0.0000000000  1.5565330128e-07  1.5594159369e-07    0.014925000000    0.014925000000
 1.5569582747e-07  2.0048651486e-11  9.3807602940e-06      0.0000000000  1.5540637346e-07  1.5458277455e-07    0.014941666667    0.014941666667
 1.5539432408e-07  1.6300043452e-11  9.3804301762e-06      0.0000000000  1.5515899091e-07  1.5370994873e-07    0.014958333333    0.014958333333
 1.5508767121e-07  1.2194762964e-11  9.3800901853e-06      0.0000000000  1.5491160835e-07  1.5462288224e-07    0.014975000000    0.014975000000
 1.5458573789e-07 -5.4678589850e-12  9.3797602876e-06      0.0000000000  1.5466468054e-07  1.5391487374e-07    0.014991666667    0.014991666667
 1.5452400373e-07  7.3908339140e-12  9.3794301838e-06      0.0000000000  1.5441729798e-07  1.5331020818e-07    0.015008333333    0.015008333333
 1.5430129767e-07  9.1000195305e-12  9.3790901788e-06      0.0000000000  1.5416991542e-07  1.5413503369e-07    0.015025000000    0.015025000000
 1.5378974002e-07 -9.2292188509e-12  9.3787602916e-06      0.0000000000  1.5392298761e-07  1.5466409050e-07    0.015041666667    0.015041666667
 1.5385659743e-07  1.2536199470e-11  9.3784301808e-06      0.0000000000  1.5367560505e-07  1.5370715015e-07    0.015058333333    0.015058333333
 1.5357131761e-07  9.9112956579e-12  9.3780901794e-06      0.0000000000  1.5342822249e-07  1.5350996054e-07    0.015075000000    0.015075000000
 1.5327126398e-07  6.2631029590e-12  9.3777602956e-06      0.0000000000  1.5318083993e-07  1.5359303739e-07    0.015091666667    0.015091666667
 1.5303474838e-07  7.0157890255e-12  9.3774301744e-06      0.0000000000  1.5293345737e-07  1.5291049908e-07    0.015108333333    0.015108333333
 1.5283702027e-07  1.0455038692e-11  9.3770901869e-06      0.0000000000  1.5268607481e-07  1.5226957781e-07    0.015125000000    0.015125000000
 1.5258470574e-07  1.0081934942e-11  9.3767602927e-06      0.0000000000  1.5243914700e-07  1.5359776982e-07    0.015141666667    0.015141666667
 1.5239051758e-07  1.3766374945e-11  9.3764301819e-06      0.0000000000  1.5219176444e-07  1.5243675347e-07    0.015158333333    0.015158333333
 1.5235785011e-07  2.8638334227e-11  9.3760901804e-06      0.0000000000  1.5194438188e-07  1.5127021858e-07    0.015175000000    0.015175000000
 1.5214502622e-07  3.1031994882e-11  9.3757602932e-06      0.0000000000  1.5169699932e-07  1.5279615049e-07    0.015191666667    0.015191666667
 1.5172574646e-07  1.9125760562e-11  9.3754301859e-06      0.0000000000  1.5144961676e-07  1.5255654199e-07    0.015208333333    0.015208333333
 1.5151617289e-07  2.1744550694e-11  9.3750901775e-06      0.0000000000  1.5120223421e-07  1.5070501610e-07    0.015225000000    0.015225000000
 1.5148491823e-07  3.6745863589e-11  9.3747602972e-06      0.0000000000  1.5095439690e-07  1.5108422327e-07    0.015241666667    0.015241666667
 1.5087202679e-07  1.1429370481e-11  9.3744301795e-06      0.0000000000  1.5070701434e-07  1.5082048098e-07    0.015258333333    0.015258333333
 1.5081129137e-07  2.4357240033e-11  9.3740901850e-06      0.0000000000  1.5045963178e-07  1.5053436580e-07    0.015275000000    0.015275000000
 1.5036944904e-07  1.0888238865e-11  9.3737602943e-06      0.0000000000  1.5021224922e-07  1.4936679323e-07    0.015291666667    0.015291666667
 1.4986657675e-07 -6.8079221691e-12  9.3734301835e-06      0.0000000000  1.4996486666e-07  1.4931143487e-07    0.015308333333    0.015308333333
 1.4958181180e-07 -9.3971642875e-12  9.3730901855e-06      0.0000000000  1.4971748411e-07  1.5007557214e-07    0.015325000000    0.015325000000
 1.4912520706e-07 -2.3857166419e-11  9.3727602913e-06      0.0000000000  1.4946964680e-07  1.4897952050e-07    0.015341666667    0.015341666667
 1.4880865573e-07 -2.8648050832e-11  9.3724301875e-06      0.0000000000  1.4922226424e-07  1.4796871541e-07    0.015358333333    0.015358333333
 1.4876079550e-07 -1.4828398358e-11  9.3720901791e-06      0.0000000000  1.4897488168e-07  1.4874261625e-07    0.015375000000    0.015375000000
 1.4812574387e-07 -4.1679787783e-11  9.3717602988e-06      0.0000000000  1.4872749912e-07  1.4795984801e-07    0.015391666667    0.015391666667
 1.4795442119e-07 -3.6380102607e-11  9.3714301811e-06      0.0000000000  1.4847966182e-07  1.4771517692e-07    0.015408333333    0.015408333333
 1.4788493034e-07 -2.4058666909e-11  9.3710901866e-06      0.0000000000  1.4823227926e-07  1.4700913371e-07    0.015425000000    0.015425000000
 1.4756203512e-07 -2.9257454910e-11  9.3707602959e-06      0.0000000000  1.4798444195e-07  1.4691223691e-07    0.015441666667    0.015441666667
 1.4753974759e-07 -1.3666543301e-11  9.3704301816e-06      0.0000000000  1.4773705939e-07  1.4689909303e-07    0.015458333333    0.015458333333
 1.4761214216e-07  8.4824001568e-12  9.3700901871e-06      0.0000000000  1.4748967683e-07  1.4823542922e-07    0.015475000000    0.015475000000
 1.4739413183e-07  1.0548326634e-11  9.3697602929e-06      0.0000000000  1.4724183953e-07  1.4818522778e-07    0.015491666667    0.015491666667
 1.4722112355e-07  1.5699763238e-11  9.3694301891e-06      0.0000000000  1.4699445697e-07  1.4767371711e-07    0.015508333333    0.015508333333
 1.4682157143e-07  5.1914357785e-12  9.3690901807e-06      0.0000000000  1.4674661966e-07  1.4664729973e-07    0.015525000000    0.015525000000
 1.4662732021e-07  8.8715082883e-12  9.3687603004e-06      0.0000000000  1.4649923710e-07  1.4708521412e-07    0.015541666667    0.015541666667
 1.4633141324e-07  5.5420259467e-12  9.3684301861e-06      0.0000000000  1.4625139980e-07  1.4641135454e-07    0.015558333333    0.015558333333
 1.4605443376e-07  3.5235318634e-12  9.3680901847e-06      0.0000000000  1.4600356249e-07  1.4506865080e-07    0.015575000000    0.015575000000
 1.4578618201e-07  2.0780548255e-12  9.3677602975e-06      0.0000000000  1.4575617993e-07  1.4390186435e-07    0.015591666667    0.015591666667
 1.4558719350e-07  5.4615022948e-12  9.3674301832e-06      0.0000000000  1.4550834263e-07  1.4527898430e-07    0.015608333333    0.015608333333
 1.4519382167e-07 -4.6187552979e-12  9.3670901888e-06      0.0000000000  1.4526050532e-07  1.4574571774e-07    0.015625000000    0.015625000000
 1.4528895783e-07  1.9105354246e-11  9.3667602945e-06      0.0000000000  1.4501312276e-07  1.4449120062e-07    0.015641666667    0.015641666667
 1.4492743545e-07  1.1231106441e-11  9.3664301907e-06      0.0000000000  1.4476528545e-07  1.4442405050e-07    0.015658333333    0.015658333333
 1.4443131916e-07 -5.9656114391e-12  9.3660901858e-06      0.0000000000  1.4451744815e-07  1.4439059336e-07    0.015675000000    0.015675000000
 1.4432233004e-07  3.6515259775e-12  9.3657602985e-06      0.0000000000  1.4426961084e-07  1.4384847128e-07    0.015691666667    0.015691666667
 1.4369344133e-07 -2.2772996492e-11  9.3654301878e-06      0.0000000000  1.4402222828e-07  1.4460723151e-07    0.015708333333    0.015708333333
 1.4374787047e-07 -1.8369078559e-12  9.3650901863e-06      0.0000000000  1.4377439098e-07  1.4481063145e-07    0.015725000000    0.015725000000
 1.4327243576e-07 -1.7601143436e-11  9.3647602991e-06      0.0000000000  1.4352655367e-07  1.4591039355e-07    0.015741666667    0.015741666667
 1.4326446775e-07 -9.8691154610e-13  9.3644301813e-06      0.0000000000  1.4327871636e-07  1.4248795413e-07    0.015758333333    0.015758333333
 1.4299881832e-07 -2.2206448010e-12  9.3640901938e-06      0.0000000000  1.4303087906e-07  1.4325924507e-07    0.015775000000    0.015775000000
 1.4286066686e-07  5.3766009664e-12  9.3637602961e-06      0.0000000000  1.4278304175e-07  1.4308337495e-07    0.015791666667    0.015791666667
 1.4286974241e-07  2.3171332998e-11  9.3634301888e-06      0.0000000000  1.4253520445e-07  1.4131700126e-07    0.015808333333    0.015808333333
 1.4235508578e-07  4.6904425283e-12  9.3630901874e-06      0.0000000000  1.4228736714e-07  1.4086452798e-07    0.015825000000    0.015825000000
 1.4244479397e-07  2.8070088175e-11  9.3627603001e-06      0.0000000000  1.4203952983e-07  1.4111512639e-07    0.015841666667    0.015841666667
 1.4202695853e-07  1.6295391213e-11  9.3624301894e-06      0.0000000000  1.4179169253e-07  1.4278034253e-07    0.015858333333    0.015858333333
 1.4176311155e-07  1.5186501645e-11  9.3620901844e-06      0.0000000000  1.4154385522e-07  1.4134255007e-07    0.015875000000    0.015875000000
 1.4141633278e-07  8.3334515116e-12  9.3617603042e-06      0.0000000000  1.4129601791e-07  1.3965752378e-07    0.015891666667    0.015891666667
 1.4115301643e-07  7.2613155106e-12  9.3614301864e-06      0.0000000000  1.4104818061e-07  1.4201691276e-07    0.015908333333    0.015908333333
 1.4090287764e-07  7.1334037451e-12  9.3610901920e-06      0.0000000000  1.4079988855e-07  1.3965643894e-07    0.015925000000    0.015925000000
 1.4077018186e-07  1.5108530219e-11  9.3607602977e-06      0.0000000000  1.4055205125e-07  1.4146586040e-07    0.015941666667    0.015941666667
 1.4040453945e-07  6.9489148398e-12  9.3604301904e-06      0.0000000000  1.4030421394e-07  1.4045681620e-07    0.015958333333    0.015958333333
 1.4009459931e-07  2.6474431519e-12  9.3600901890e-06      0.0000000000  1.4005637664e-07  1.4027185857e-07    0.015975000000    0.015975000000
 1.3965289335e-07 -1.0749116981e-11  9.3597602982e-06      0.0000000000  1.3980808458e-07  1.3984087773e-07    0.015991666667    0.015991666667
 1.3934473881e-07 -1.4926910880e-11  9.3594301945e-06      0.0000000000  1.3956024728e-07  1.3890539838e-07    0.016008333333    0.016008333333
 1.3876725112e-07 -3.7759712372e-11  9.3590901860e-06      0.0000000000  1.3931240997e-07  1.3952616361e-07    0.016025000000    0.016025000000
 1.3874654972e-07 -2.1995944393e-11  9.3587603058e-06      0.0000000000  1.3906411792e-07  1.3870982816e-07    0.016041666667    0.016041666667
 1.3847858218e-07 -2.3390238548e-11  9.3584301880e-06      0.0000000000  1.3881628061e-07  1.3769208952e-07    0.016058333333    0.016058333333
 1.3829559200e-07 -1.8898687691e-11  9.3580901936e-06      0.0000000000  1.3856844330e-07  1.3911131389e-07    0.016075000000    0.016075000000
 1.3802570625e-07 -2.0394346622e-11  9.3577602993e-06      0.0000000000  1.3832015125e-07  1.3918129404e-07    0.016091666667    0.016091666667
 1.3791705378e-07 -1.0753891233e-11  9.3574301885e-06      0.0000000000  1.3807231394e-07  1.3623486424e-07    0.016108333333    0.016108333333
 1.3795841048e-07  9.3082489623e-12  9.3570901941e-06      0.0000000000  1.3782402189e-07  1.3676313494e-07    0.016125000000    0.016125000000
 1.3776779238e-07  1.3271462668e-11  9.3567602964e-06      0.0000000000  1.3757618458e-07  1.3657592901e-07    0.016141666667    0.016141666667
 1.3753068909e-07  1.4046437621e-11  9.3564301961e-06      0.0000000000  1.3732789253e-07  1.3670332715e-07    0.016158333333    0.016158333333
 1.3731010309e-07  1.5933963099e-11  9.3560901876e-06      0.0000000000  1.3708005522e-07  1.3718581438e-07    0.016175000000    0.016175000000
 1.3701092621e-07  1.2409492469e-11  9.3557603074e-06      0.0000000000  1.3683176317e-07  1.3885864013e-07    0.016191666667    0.016191666667
 1.3682476043e-07  1.6712587770e-11  9.3554301896e-06      0.0000000000  1.3658347112e-07  1.3900315990e-07    0.016208333333    0.016208333333
 1.3631525409e-07 -1.4115747255e-12  9.3550901917e-06      0.0000000000  1.3633563381e-07  1.3656943568e-07    0.016225000000    0.016225000000
 1.3642150265e-07  2.3145215798e-11  9.3547603044e-06      0.0000000000  1.3608734176e-07  1.3651418737e-07    0.016241666667    0.016241666667
 1.3607557133e-07  1.6382359886e-11  9.3544301901e-06      0.0000000000  1.3583904970e-07  1.3670337431e-07    0.016258333333    0.016258333333
 1.3583979256e-07  1.7217578556e-11  9.3540901957e-06      0.0000000000  1.3559121240e-07  1.3666724437e-07    0.016275000000    0.016275000000
 1.3581320077e-07  3.2573356033e-11  9.3537602980e-06      0.0000000000  1.3534292034e-07  1.3453832920e-07    0.016291666667    0.016291666667
 1.3511883302e-07  1.6765091345e-12  9.3534301977e-06      0.0000000000  1.3509462829e-07  1.3584123969e-07    0.016308333333    0.016308333333
 1.3494208291e-07  6.6317674261e-12  9.3530901892e-06      0.0000000000  1.3484633624e-07  1.3443866527e-07    0.016325000000    0.016325000000
 1.3440544243e-07 -1.3371805185e-11  9.3527603055e-06      0.0000000000  1.3459849893e-07  1.3253627760e-07    0.016341666667    0.016341666667
 1.3410467098e-07 -1.7006721579e-11  9.3524301947e-06      0.0000000000  1.3435020688e-07  1.3286251620e-07    0.016358333333    0.016358333333
 1.3367994366e-07 -2.9227278608e-11  9.3520901898e-06      0.0000000000  1.3410191482e-07  1.3328426803e-07    0.016375000000    0.016375000000
 1.3360160958e-07 -1.7455362538e-11  9.3517603060e-06      0.0000000000  1.3385362277e-07  1.3203210926e-07    0.016391666667    0.016391666667
 1.3343794333e-07 -1.1593867883e-11  9.3514301917e-06      0.0000000000  1.3360533072e-07  1.3419220184e-07    0.016408333333    0.016408333333
 1.3336625551e-07  6.3839308953e-13  9.3510901973e-06      0.0000000000  1.3335703866e-07  1.3471949775e-07    0.016425000000    0.016425000000
 1.3308341415e-07 -1.7546191678e-12  9.3507602996e-06      0.0000000000  1.3310874661e-07  1.3439901353e-07    0.016441666667    0.016441666667
 1.3297670486e-07  8.0519248942e-12  9.3504301958e-06      0.0000000000  1.3286045456e-07  1.3193980339e-07    0.016458333333    0.016458333333
 1.3285866606e-07  1.7073745140e-11  9.3500901943e-06      0.0000000000  1.3261216250e-07  1.3180683954e-07    0.016475000000    0.016475000000
 1.3245140152e-07  6.0627246804e-12  9.3497603036e-06      0.0000000000  1.3236387045e-07  1.3334454749e-07    0.016491666667    0.016491666667
 1.3236688608e-07  1.7406496857e-11  9.3494301963e-06      0.0000000000  1.3211557839e-07  1.3321216537e-07    0.016508333333    0.016508333333
 1.3159607198e-07 -1.8785306513e-11  9.3490901949e-06      0.0000000000  1.3186728634e-07  1.3290304840e-07    0.016525000000    0.016525000000
 1.3151405233e-07 -7.2686667284e-12  9.3487603076e-06      0.0000000000  1.3161899429e-07  1.3351680147e-07    0.016541666667    0.016541666667
 1.3128125788e-07 -6.1637480770e-12  9.3484301899e-06      0.0000000000  1.3137024749e-07  1.3071410533e-07    0.016558333333    0.016558333333
 1.3098888838e-07 -9.2167144884e-12  9.3480901989e-06      0.0000000000  1.3112195543e-07  1.2994707515e-07    0.016575000000    0.016575000000
 1.3090976557e-07  2.5005709016e-12  9.3477603047e-06      0.0000000000  1.3087366338e-07  1.2977173959e-07    0.016591666667    0.016591666667
 1.3065367119e-07  1.9601530905e-12  9.3474301939e-06      0.0000000000  1.3062537133e-07  1.2959934411e-07    0.016608333333    0.016608333333
 1.3027400729e-07 -7.1391452060e-12  9.3470901959e-06      0.0000000000  1.3037707927e-07  1.3044196731e-07    0.016625000000    0.016625000000
 1.3026334455e-07  9.3514346700e-12  9.3467603087e-06      0.0000000000  1.3012833247e-07  1.2920196191e-07    0.016641666667    0.016641666667
 1.2968211804e-07 -1.3708833715e-11  9.3464302538e-06      0.0000000000  1.2988004042e-07  1.3114816775e-07    0.016658333333    0.016658333333
 1.2963025788e-07 -1.0323666644e-13  9.3460902489e-06      0.0000000000  1.2963174836e-07  1.2910703041e-07    0.016675000000    0.016675000000
 1.2919530739e-07 -1.3000390658e-11  9.3457603651e-06      0.0000000000  1.2938300156e-07  1.2674614780e-07    0.016691666667    0.016691666667
 1.2912566275e-07 -6.2661179689e-13  9.3454302508e-06      0.0000000000  1.2913470951e-07  1.2864825247e-07    0.016708333333    0.016708333333
 1.2839971482e-07 -3.3679321954e-11  9.3450902529e-06      0.0000000000  1.2888596271e-07  1.2949097000e-07    0.016725000000    0.016725000000
 1.2882987260e-07  1.3312615681e-11  9.3447603621e-06      0.0000000000  1.2863767065e-07  1.2962206289e-07    0.016741666667    0.016741666667
 1.2811322650e-07 -1.9095815181e-11  9.3444302514e-06      0.0000000000  1.2838892385e-07  1.2882788023e-07    0.016758333333    0.016758333333
 1.2825011763e-07  7.5833920473e-12  9.3440902534e-06      0.0000000000  1.2814063180e-07  1.2838677420e-07    0.016775000000    0.016775000000
 1.2795043756e-07  4.0555661528e-12  9.3437603592e-06      0.0000000000  1.2789188500e-07  1.2674039342e-07    0.016791666667    0.016791666667
 1.2756887396e-07 -5.1753121341e-12  9.3434302554e-06      0.0000000000  1.2764359295e-07  1.2599605058e-07    0.016808333333    0.016808333333
 1.2759638551e-07  1.3959359320e-11  9.3430902505e-06      0.0000000000  1.2739484614e-07  1.2744289911e-07    0.016825000000    0.016825000000
 1.2710100604e-07 -3.1548259576e-12  9.3427603667e-06      0.0000000000  1.2714655409e-07  1.2699585004e-07    0.016841666667    0.016841666667
 1.2692389728e-07  1.8070889928e-12  9.3424302524e-06      0.0000000000  1.2689780729e-07  1.2596344245e-07    0.016858333333    0.016858333333
 1.2681287125e-07  1.1346136974e-11  9.3420902545e-06      0.0000000000  1.2664906049e-07  1.2693822765e-07    0.016875000000    0.016875000000
 1.2649024527e-07  6.1974955015e-12  9.3417603637e-06      0.0000000000  1.2640076844e-07  1.2596198027e-07    0.016891666667    0.016891666667
 1.2620759140e-07  3.8489668369e-12  9.3414302530e-06      0.0000000000  1.2615202163e-07  1.2587011462e-07    0.016908333333    0.016908333333
 1.2591373707e-07  7.2465291280e-13  9.3410902550e-06      0.0000000000  1.2590327483e-07  1.2616421675e-07    0.016925000000    0.016925000000
 1.2563580011e-07 -1.2971650416e-12  9.3407603608e-06      0.0000000000  1.2565452803e-07  1.2617902720e-07    0.016941666667    0.016941666667
 1.2562338604e-07  1.5040613705e-11  9.3404302570e-06      0.0000000000  1.2540623598e-07  1.2874867107e-07    0.016958333333    0.016958333333
 1.2523219457e-07  5.1743705548e-12  9.3400902521e-06      0.0000000000  1.2515748918e-07  1.2637656271e-07    0.016975000000    0.016975000000
 1.2477934739e-07 -8.9623742822e-12  9.3397603648e-06      0.0000000000  1.2490874238e-07  1.2706509123e-07    0.016991666667    0.016991666667
 1.2463083774e-07 -2.0195790215e-12  9.3394302540e-06      0.0000000000  1.2465999558e-07  1.2565272180e-07    0.017008333333    0.017008333333
 1.2404960768e-07 -2.5048595838e-11  9.3390902561e-06      0.0000000000  1.2441124878e-07  1.2485930953e-07    0.017025000000    0.017025000000
 1.2372845810e-07 -3.0063479193e-11  9.3387603653e-06      0.0000000000  1.2416250197e-07  1.2258175533e-07    0.017041666667    0.017041666667
 1.2360069363e-07 -2.1683797127e-11  9.3384302511e-06      0.0000000000  1.2391375517e-07  1.2395590375e-07    0.017058333333    0.017058333333
 1.2338331798e-07 -1.9510915313e-11  9.3380902566e-06      0.0000000000  1.2366500837e-07  1.2630257336e-07    0.017075000000    0.017075000000
 1.2296676302e-07 -3.1133927145e-11  9.3377603624e-06      0.0000000000  1.2341626157e-07  1.2208294831e-07    0.017091666667    0.017091666667
 1.2299054036e-07 -1.2257900128e-11  9.3374302551e-06      0.0000000000  1.2316751477e-07  1.2165391704e-07    0.017108333333    0.017108333333
 1.2293668023e-07  1.2406692087e-12  9.3370902537e-06      0.0000000000  1.2291876797e-07  1.2236544735e-07    0.017125000000    0.017125000000
 1.2248933736e-07 -1.2514826770e-11  9.3367603664e-06      0.0000000000  1.2267002117e-07  1.2047944236e-07    0.017141666667    0.017141666667
 1.2233558098e-07 -5.9354402676e-12  9.3364302556e-06      0.0000000000  1.2242127437e-07  1.2091866171e-07    0.017158333333    0.017158333333
 1.2219262427e-07  1.3919720028e-12  9.3360902542e-06      0.0000000000  1.2217252757e-07  1.2170690133e-07    0.017175000000    0.017175000000
 1.2176868214e-07 -1.0742702779e-11  9.3357603669e-06      0.0000000000  1.2192378077e-07  1.2278295415e-07    0.017191666667    0.017191666667
 1.2146437780e-07 -1.4559325537e-11  9.3354302527e-06      0.0000000000  1.2167457922e-07  1.2218671577e-07    0.017208333333    0.017208333333
 1.2126322492e-07 -1.1262795021e-11  9.3350902582e-06      0.0000000000  1.2142583242e-07  1.2104904710e-07    0.017225000000    0.017225000000
 1.2109162154e-07 -5.9195571873e-12  9.3347603640e-06      0.0000000000  1.2117708562e-07  1.2234782261e-07    0.017241666667    0.017241666667
 1.2103319038e-07  7.2624058937e-12  9.3344302602e-06      0.0000000000  1.2092833882e-07  1.2080429740e-07    0.017258333333    0.017258333333
 1.2083802026e-07  1.1004822251e-11  9.3340902553e-06      0.0000000000  1.2067913727e-07  1.2080075987e-07    0.017275000000    0.017275000000
 1.2061784504e-07  1.2983794763e-11  9.3337603645e-06      0.0000000000  1.2043039047e-07  1.2211201892e-07    0.017291666667    0.017291666667
 1.2026009651e-07  5.4339331381e-12  9.3334302572e-06      0.0000000000  1.2018164367e-07  1.2149979092e-07    0.017308333333    0.017308333333
 1.1993823400e-07  4.0116705141e-13  9.3330902558e-06      0.0000000000  1.1993244212e-07  1.1998437726e-07    0.017325000000    0.017325000000
 1.1982176884e-07  9.5634817187e-12  9.3327603686e-06      0.0000000000  1.1968369532e-07  1.1745820567e-07    0.017341666667    0.017341666667
 1.1934337481e-07 -6.3112349895e-12  9.3324302543e-06      0.0000000000  1.1943449377e-07  1.1862475628e-07    0.017358333333    0.017358333333
 1.1916771527e-07 -1.2489417173e-12  9.3320902598e-06      0.0000000000  1.1918574697e-07  1.1803919337e-07    0.017375000000    0.017375000000
 1.1894935852e-07  8.5598486064e-13  9.3317603656e-06      0.0000000000  1.1893700017e-07  1.1827590896e-07    0.017391666667    0.017391666667
 1.1830530853e-07 -2.6492673562e-11  9.3314302583e-06      0.0000000000  1.1868779862e-07  1.1823992052e-07    0.017408333333    0.017408333333
 1.1839178869e-07 -3.2736185598e-12  9.3310902569e-06      0.0000000000  1.1843905182e-07  1.1915304270e-07    0.017425000000    0.017425000000
 1.1803107591e-07 -1.0997297234e-11  9.3307603661e-06      0.0000000000  1.1818985027e-07  1.1633635367e-07    0.017441666667    0.017441666667
 1.1793346764e-07 -4.9738782812e-13  9.3304302588e-06      0.0000000000  1.1794064872e-07  1.1832622045e-07    0.017458333333    0.017458333333
 1.1753249100e-07 -1.1041388220e-11  9.3300902539e-06      0.0000000000  1.1769190192e-07  1.1870937393e-07    0.017475000000    0.017475000000
 1.1741840346e-07 -1.6828935914e-12  9.3297603736e-06      0.0000000000  1.1744270037e-07  1.1844718815e-07    0.017491666667    0.017491666667
 1.1719416692e-07  4.6274888672e-14  9.3294302559e-06      0.0000000000  1.1719349882e-07  1.1891975459e-07    0.017508333333    0.017508333333
 1.1700614706e-07  4.2524469326e-12  9.3290902614e-06      0.0000000000  1.1694475202e-07  1.1755398618e-07    0.017525000000    0.017525000000
 1.1679314545e-07  6.7597879884e-12  9.3287603672e-06      0.0000000000  1.1669555047e-07  1.1833018248e-07    0.017541666667    0.017541666667
 1.1633332409e-07 -7.8285168649e-12  9.3284302599e-06      0.0000000000  1.1644634892e-07  1.1494201777e-07    0.017558333333    0.017558333333
 1.1656812726e-07  2.5663937357e-11  9.3280902585e-06      0.0000000000  1.1619760212e-07  1.1549159223e-07    0.017575000000    0.017575000000
 1.1605817422e-07  7.6033272401e-12  9.3277603642e-06      0.0000000000  1.1594840058e-07  1.1702216223e-07    0.017591666667    0.017591666667
 1.1598002354e-07  1.9450941458e-11  9.3274302639e-06      0.0000000000  1.1569919903e-07  1.1424463756e-07    0.017608333333    0.017608333333
 1.1571146476e-07  1.8110187759e-11  9.3270902555e-06      0.0000000000  1.1544999748e-07  1.1477026690e-07    0.017625000000    0.017625000000
 1.1528608588e-07  5.9074966035e-12  9.3267603718e-06      0.0000000000  1.1520079593e-07  1.1549608882e-07    0.017641666667    0.017641666667
 1.1532112480e-07  2.5595038980e-11  9.3264302575e-06      0.0000000000  1.1495159438e-07  1.1438027421e-07    0.017658333333    0.017658333333
 1.1456588138e-07 -9.4552868265e-12  9.3260902630e-06      0.0000000000  1.1470239283e-07  1.1484691332e-07    0.017675000000    0.017675000000
 1.1477008627e-07  2.1949314892e-11  9.3257603688e-06      0.0000000000  1.1445319129e-07  1.1463629682e-07    0.017691666667    0.017691666667
 1.1419865687e-07 -4.0087131637e-13  9.3254302580e-06      0.0000000000  1.1420444449e-07  1.1504418154e-07    0.017708333333    0.017708333333
 1.1382838336e-07 -8.7867619163e-12  9.3250902636e-06      0.0000000000  1.1395524294e-07  1.1392935743e-07    0.017725000000    0.017725000000
 1.1382043214e-07  7.9546229814e-12  9.3247603658e-06      0.0000000000  1.1370558664e-07  1.1427696270e-07    0.017741666667    0.017741666667
 1.1335698960e-07 -6.8844981320e-12  9.3244302655e-06      0.0000000000  1.1345638509e-07  1.1399091040e-07    0.017758333333    0.017758333333
 1.1312885909e-07 -5.4250408727e-12  9.3240902571e-06      0.0000000000  1.1320718354e-07  1.1341679336e-07    0.017775000000    0.017775000000
 1.1270087300e-07 -1.7808316774e-11  9.3237603734e-06      0.0000000000  1.1295798200e-07  1.1308491044e-07    0.017791666667    0.017791666667
 1.1259019610e-07 -8.2135888716e-12  9.3234302591e-06      0.0000000000  1.1270878045e-07  1.1333582330e-07    0.017808333333    0.017808333333
 1.1228867665e-07 -1.1837320176e-11  9.3230902612e-06      0.0000000000  1.1245957890e-07  1.1287954521e-07    0.017825000000    0.017825000000
 1.1217475022e-07 -2.4676662314e-12  9.3227603739e-06      0.0000000000  1.1221037735e-07  1.1063716189e-07    0.017841666667    0.017841666667
 1.1201241146e-07  3.5487706680e-12  9.3224302561e-06      0.0000000000  1.1196117580e-07  1.1163263771e-07    0.017858333333    0.017858333333
 1.1173052266e-07  1.3162284274e-12  9.3220902687e-06      0.0000000000  1.1171151951e-07  1.1196189499e-07    0.017875000000    0.017875000000
 1.1164625742e-07  1.2740325335e-11  9.3217603674e-06      0.0000000000  1.1146231796e-07  1.1168788602e-07    0.017891666667    0.017891666667
 1.1121091516e-07 -1.5246678237e-13  9.3214302671e-06      0.0000000000  1.1121311641e-07  1.1109627001e-07    0.017908333333    0.017908333333
 1.1132661388e-07  2.5153369005e-11  9.3210902587e-06      0.0000000000  1.1096346012e-07  1.1045527012e-07    0.017925000000    0.017925000000
 1.1104279848e-07  2.2755885485e-11  9.3207603715e-06      0.0000000000  1.1071425857e-07  1.1026946348e-07    0.017941666667    0.017941666667
 1.1080855152e-07  2.3791695889e-11  9.3204302642e-06      0.0000000000  1.1046505702e-07  1.1106899174e-07    0.017958333333    0.017958333333
 1.1066829031e-07  3.1368802801e-11  9.3200902593e-06      0.0000000000  1.1021540072e-07  1.1089816850e-07    0.017975000000    0.017975000000
 1.1015561731e-07  1.3119798268e-11  9.3197603755e-06      0.0000000000  1.0996619917e-07  1.0970143098e-07    0.017991666667    0.017991666667
 1.1003306316e-07  2.1891864382e-11  9.3194302577e-06      0.0000000000  1.0971699763e-07  1.1031159936e-07    0.018008333333    0.018008333333
 1.0959203616e-07  8.6368237866e-12  9.3190902703e-06      0.0000000000  1.0946734133e-07  1.0957623397e-07    0.018025000000    0.018025000000
 1.0916665729e-07 -3.5658673685e-12  9.3187603690e-06      0.0000000000  1.0921813978e-07  1.1000839399e-07    0.018041666667    0.018041666667
 1.0882167906e-07 -1.0168216250e-11  9.3184302653e-06      0.0000000000  1.0896848349e-07  1.0917294018e-07    0.018058333333    0.018058333333
 1.0849755928e-07 -1.5325831643e-11  9.3180902638e-06      0.0000000000  1.0871882719e-07  1.0832832024e-07    0.018075000000    0.018075000000
 1.0805767965e-07 -2.8532898218e-11  9.3177603696e-06      0.0000000000  1.0846962564e-07  1.0906695587e-07    0.018091666667    0.018091666667
 1.0803440555e-07 -1.2852832711e-11  9.3174302693e-06      0.0000000000  1.0821996935e-07  1.0830013008e-07    0.018108333333    0.018108333333
 1.0768370266e-07 -1.9883190322e-11  9.3170902609e-06      0.0000000000  1.0797076780e-07  1.0765386321e-07    0.018125000000    0.018125000000
 1.0736949737e-07 -2.4354091411e-11  9.3167603771e-06      0.0000000000  1.0772111150e-07  1.0718153261e-07    0.018141666667    0.018141666667
 1.0735708681e-07 -7.9215771233e-12  9.3164302593e-06      0.0000000000  1.0747145521e-07  1.0747145260e-07    0.018158333333    0.018158333333
 1.0716680941e-07 -3.8402728919e-12  9.3160902684e-06      0.0000000000  1.0722225366e-07  1.0751547515e-07    0.018175000000    0.018175000000
 1.0707475053e-07  7.0755050918e-12  9.3157603741e-06      0.0000000000  1.0697259736e-07  1.0707023415e-07    0.018191666667    0.018191666667
 1.0691126493e-07  1.3044004983e-11  9.3154302634e-06      0.0000000000  1.0672294107e-07  1.0611695710e-07    0.018208333333    0.018208333333
 1.0682507988e-07  2.4366626076e-11  9.3150902689e-06      0.0000000000  1.0647328477e-07  1.0703201314e-07    0.018225000000    0.018225000000
 1.0652446217e-07  2.0805353628e-11  9.3147603712e-06      0.0000000000  1.0622408322e-07  1.0683252806e-07    0.018241666667    0.018241666667
 1.0633952309e-07  2.5287906439e-11  9.3144302709e-06      0.0000000000  1.0597442693e-07  1.0591357289e-07    0.018258333333    0.018258333333
 1.0607282705e-07  2.4107671007e-11  9.3140902590e-06      0.0000000000  1.0572477063e-07  1.0573213706e-07    0.018275000000    0.018275000000
 1.0600107889e-07  3.6430244508e-11  9.3137603787e-06      0.0000000000  1.0547511434e-07  1.0559269561e-07    0.018291666667    0.018291666667
 1.0570423780e-07  3.3162051153e-11  9.3134302644e-06      0.0000000000  1.0522545804e-07  1.0411427662e-07    0.018308333333    0.018308333333
 1.0556191658e-07  4.0596474279e-11  9.3130902665e-06      0.0000000000  1.0497580175e-07  1.0483552334e-07    0.018325000000    0.018325000000
 1.0513980078e-07  2.8651293055e-11  9.3127603757e-06      0.0000000000  1.0472614545e-07  1.0565256629e-07    0.018341666667    0.018341666667
 1.0468166502e-07  1.4211236774e-11  9.3124302650e-06      0.0000000000  1.0447648915e-07  1.0436803522e-07    0.018358333333    0.018358333333
 1.0476105549e-07  3.7002229177e-11  9.3120902705e-06      0.0000000000  1.0422683286e-07  1.0356036278e-07    0.018375000000    0.018375000000
 1.0409685288e-07  8.2892231341e-12  9.3117603693e-06      0.0000000000  1.0397717656e-07  1.0384845898e-07    0.018391666667    0.018391666667
 1.0406054248e-07  2.3066346404e-11  9.3114302725e-06      0.0000000000  1.0372752027e-07  1.0252029841e-07    0.018408333333    0.018408333333
 1.0360921544e-07  9.0978868731e-12  9.3110902641e-06      0.0000000000  1.0347786397e-07  1.0324956353e-07    0.018425000000    0.018425000000
 1.0332805125e-07  6.9155337934e-12  9.3107603768e-06      0.0000000000  1.0322820768e-07  1.0372507004e-07    0.018441666667    0.018441666667
 1.0296561077e-07 -8.9631464515e-13  9.3104302695e-06      0.0000000000  1.0297855138e-07  1.0279765625e-07    0.018458333333    0.018458333333
 1.0232707758e-07 -2.7831362262e-11  9.3100902681e-06      0.0000000000  1.0272889509e-07  1.0261008871e-07    0.018475000000    0.018475000000
 1.0221816395e-07 -1.8051508295e-11  9.3097603773e-06      0.0000000000  1.0247878404e-07  1.0220074181e-07    0.018491666667    0.018491666667
 1.0189262729e-07 -2.3307262744e-11  9.3094302631e-06      0.0000000000  1.0222912775e-07  1.0237057455e-07    0.018508333333    0.018508333333
 1.0159786303e-07 -2.6431606413e-11  9.3090902721e-06      0.0000000000  1.0197947145e-07  1.0219354098e-07    0.018525000000    0.018525000000
 1.0127808931e-07 -3.1288197878e-11  9.3087603744e-06      0.0000000000  1.0172981516e-07  1.0173550198e-07    0.018541666667    0.018541666667
 1.0112787719e-07 -2.4368829980e-11  9.3084302706e-06      0.0000000000  1.0147970411e-07  1.0160434621e-07    0.018558333333    0.018558333333
 1.0092066463e-07 -2.1429020170e-11  9.3080902692e-06      0.0000000000  1.0123004782e-07  1.0135327613e-07    0.018575000000    0.018575000000
 1.0091348585e-07 -4.6341334785e-12  9.3077603784e-06      0.0000000000  1.0098039152e-07  1.0037783058e-07    0.018591666667    0.018591666667
 1.0066724046e-07 -4.3663839270e-12  9.3074302711e-06      0.0000000000  1.0073028048e-07  1.0108730126e-07    0.018608333333    0.018608333333
 1.0076800372e-07  1.9904966646e-11  9.3070902662e-06      0.0000000000  1.0048062418e-07  1.0163778763e-07    0.018625000000    0.018625000000
 1.0055882433e-07  2.2740043528e-11  9.3067603790e-06      0.0000000000  1.0023051314e-07  1.0104599867e-07    0.018641666667    0.018641666667
 1.0040719994e-07  2.9530094827e-11  9.3064302647e-06      0.0000000000  9.9980856844e-08  1.0002959642e-07    0.018658333333    0.018658333333
 1.0048124313e-07  5.1982212243e-11  9.3060902737e-06      0.0000000000  9.9730745801e-08  1.0002436088e-07    0.018675000000    0.018675000000
 9.9764123152e-08  1.9603953963e-11  9.3057603760e-06      0.0000000000  9.9481089505e-08  1.0052385969e-07    0.018691666667    0.018691666667
 9.9813235963e-08  4.0329301455e-11  9.3054302722e-06      0.0000000000  9.9230978462e-08  9.9592719705e-08    0.018708333333    0.018708333333
 9.9248606581e-08  1.8513104096e-11  9.3050902708e-06      0.0000000000  9.8981322167e-08  9.8501541999e-08    0.018725000000    0.018725000000
 9.9160486487e-08  2.9733194514e-11  9.3047603765e-06      0.0000000000  9.8731211124e-08  9.8497878693e-08    0.018741666667    0.018741666667
 9.8712184264e-08  1.5974245120e-11  9.3044302727e-06      0.0000000000  9.8481554828e-08  9.8284054841e-08    0.018758333333    0.018758333333
 9.8342288668e-08  7.6775252747e-12  9.3040902678e-06      0.0000000000  9.8231443785e-08  9.8799165934e-08    0.018775000000    0.018775000000
 9.7885437733e-08 -6.6420419254e-12  9.3037603806e-06      0.0000000000  9.7981332742e-08  9.9418641934e-08    0.018791666667    0.018791666667
 9.7560464293e-08 -1.1858785035e-11  9.3034302698e-06      0.0000000000  9.7731676447e-08  9.7690426371e-08    0.018808333333    0.018808333333
 9.7374942400e-08 -7.3851023751e-12  9.3030902753e-06      0.0000000000  9.7481565404e-08  9.7442013366e-08    0.018825000000    0.018825000000
 9.7254988361e-08  1.6300516227e-12  9.3027603776e-06      0.0000000000  9.7231454361e-08  9.7183113560e-08    0.018841666667    0.018841666667
 9.7186984744e-08  1.4243483457e-11  9.3024302703e-06      0.0000000000  9.6981343318e-08  9.6388585003e-08    0.018858333333    0.018858333333
 9.6835826752e-08  7.2131017211e-12  9.3020902724e-06      0.0000000000  9.6731687022e-08  9.6373617333e-08    0.018875000000    0.018875000000
 9.6410310926e-08 -4.9360803726e-12  9.3017603781e-06      0.0000000000  9.6481575979e-08  9.5967587849e-08    0.018891666667    0.018891666667
 9.6371823678e-08  9.7217639956e-12  9.3014302743e-06      0.0000000000  9.6231464936e-08  9.5677023246e-08    0.018908333333    0.018908333333
 9.5916693959e-08 -4.4785854410e-12  9.3010902694e-06      0.0000000000  9.5981353893e-08  9.6162309056e-08    0.018925000000    0.018925000000
 9.6061760953e-08  2.2892902525e-11  9.3007603857e-06      0.0000000000  9.5731242850e-08  9.6384890253e-08    0.018941666667    0.018941666667
 9.5392692268e-08 -6.1256486081e-12  9.3004302714e-06      0.0000000000  9.5481131807e-08  9.5448011611e-08    0.018958333333    0.018958333333
 9.5735828147e-08  3.4964820705e-11  9.3000902734e-06      0.0000000000  9.5231020764e-08  9.4602589833e-08    0.018975000000    0.018975000000
 9.5206779123e-08  1.5644547644e-11  9.2997603792e-06      0.0000000000  9.4980909721e-08  9.4434753832e-08    0.018991666667    0.018991666667
 9.5036465490e-08  2.1171610481e-11  9.2994302719e-06      0.0000000000  9.4730798678e-08  9.4665086143e-08    0.019008333333    0.019008333333
 9.4754121593e-08  1.8939044114e-11  9.2990902740e-06      0.0000000000  9.4480687635e-08  9.4098783104e-08    0.019025000000    0.019025000000
 9.4375053214e-08  1.0006983531e-11  9.2987603762e-06      0.0000000000  9.4230576592e-08  9.5345187494e-08    0.019041666667    0.019041666667
 9.4107805091e-08  8.8200061771e-12  9.2984302794e-06      0.0000000000  9.3980465549e-08  9.4091660883e-08    0.019058333333    0.019058333333
 9.3777565327e-08  3.2699954976e-12  9.2980902710e-06      0.0000000000  9.3730354506e-08  9.3397692426e-08    0.019075000000    0.019075000000
 9.3619935040e-08  9.6755537123e-12  9.2977603838e-06      0.0000000000  9.3480243463e-08  9.4052936754e-08    0.019091666667    0.019091666667
 9.3012538896e-08 -1.5071329836e-11  9.2974302730e-06      0.0000000000  9.3230132420e-08  9.3361578207e-08    0.019108333333    0.019108333333
 9.2749508046e-08 -1.5966203313e-11  9.2970902750e-06      0.0000000000  9.2980021377e-08  9.2386588608e-08    0.019125000000    0.019125000000
 9.2787754302e-08  4.0379839801e-12  9.2967603808e-06      0.0000000000  9.2729455587e-08  9.1956566830e-08    0.019141666667    0.019141666667
 9.2392944626e-08 -5.9843769026e-12  9.2964302735e-06      0.0000000000  9.2479344544e-08  9.3335164672e-08    0.019158333333    0.019158333333
 9.2264331337e-08  2.4310055190e-12  9.2960902791e-06      0.0000000000  9.2229233501e-08  9.2288764195e-08    0.019175000000    0.019175000000
 9.2008559412e-08  2.0389119544e-12  9.2957603778e-06      0.0000000000  9.1979122458e-08  9.1281952576e-08    0.019191666667    0.019191666667
 9.2046820631e-08  2.2044135602e-11  9.2954302775e-06      0.0000000000  9.1728556668e-08  9.0844226851e-08    0.019208333333    0.019208333333
 9.1594780925e-08  8.0578118457e-12  9.2950902726e-06      0.0000000000  9.1478445625e-08  9.1415891208e-08    0.019225000000    0.019225000000
 9.1620703544e-08  2.7176921127e-11  9.2947603854e-06      0.0000000000  9.1228334582e-08  9.1158453579e-08    0.019241666667    0.019241666667
 9.1148863366e-08  1.1850641090e-11  9.2944302746e-06      0.0000000000  9.0977768791e-08  9.1144570751e-08    0.019258333333    0.019258333333
 9.1267197273e-08  3.7370496939e-11  9.2940902732e-06      0.0000000000  9.0727657748e-08  9.0501699906e-08    0.019275000000    0.019275000000
 9.0777397614e-08  2.0800277070e-11  9.2937603859e-06      0.0000000000  9.0477091958e-08  9.0172961456e-08    0.019291666667    0.019291666667
 9.0600340459e-08  2.5860258700e-11  9.2934302716e-06      0.0000000000  9.0226980915e-08  9.0162679044e-08    0.019308333333    0.019308333333
 9.0300804097e-08  2.2468376319e-11  9.2930902807e-06      0.0000000000  8.9976415125e-08  9.0196120466e-08    0.019325000000    0.019325000000
 8.9798841380e-08  5.0242007407e-12  9.2927603794e-06      0.0000000000  8.9726304082e-08  9.0473415413e-08    0.019341666667    0.019341666667
 8.9458843885e-08 -1.1701688777e-12  9.2924302757e-06      0.0000000000  8.9475738291e-08  8.8982339936e-08    0.019358333333    0.019358333333
 8.9124484104e-08 -7.0055471312e-12  9.2920902742e-06      0.0000000000  8.9225627248e-08  8.9966118324e-08    0.019375000000    0.019375000000
 8.8872908534e-08 -7.0754881614e-12  9.2917603835e-06      0.0000000000  8.8975061458e-08  8.9369958557e-08    0.019391666667    0.019391666667
 8.8768753428e-08  3.0654556534e-12  9.2914302797e-06      0.0000000000  8.8724495668e-08  8.8559487546e-08    0.019408333333    0.019408333333
 8.8478169496e-08  2.6215413933e-13  9.2910902748e-06      0.0000000000  8.8474384625e-08  8.8498783583e-08    0.019425000000    0.019425000000
 8.8365035050e-08  9.7811557974e-12  9.2907603875e-06      0.0000000000  8.8223818834e-08  8.7572297409e-08    0.019441666667    0.019441666667
 8.8351360541e-08  2.6189119456e-11  9.2904302732e-06      0.0000000000  8.7973253044e-08  8.7357184325e-08    0.019458333333    0.019458333333
 8.8095024853e-08  2.5757977540e-11  9.2900902788e-06      0.0000000000  8.7723142001e-08  8.7554531163e-08    0.019475000000    0.019475000000
 8.8014754623e-08  3.7553276018e-11  9.2897603811e-06      0.0000000000  8.7472576211e-08  8.7849309354e-08    0.019491666667    0.019491666667
 8.7483076674e-08  1.8082411349e-11  9.2894302773e-06      0.0000000000  8.7222010420e-08  8.8137657108e-08    0.019508333333    0.019508333333
 8.7372548900e-08  2.7781960741e-11  9.2890902758e-06      0.0000000000  8.6971444630e-08  8.7946599207e-08    0.019525000000    0.019525000000
 8.7136520383e-08  2.8788865910e-11  9.2887603816e-06      0.0000000000  8.6720878840e-08  8.6026398125e-08    0.019541666667    0.019541666667
 8.6694876907e-08  1.5522623367e-11  9.2884302813e-06      0.0000000000  8.6470767797e-08  8.6468526107e-08    0.019558333333    0.019558333333
 8.6534908127e-08  2.1797706351e-11  9.2880902729e-06      0.0000000000  8.6220202006e-08  8.6484374228e-08    0.019575000000    0.019575000000
 8.6145197363e-08  1.2160012378e-11  9.2877603891e-06      0.0000000000  8.5969636216e-08  8.5675302505e-08    0.019591666667    0.019591666667
 8.5920385072e-08  1.3943794680e-11  9.2874302748e-06      0.0000000000  8.5719070426e-08  8.5509384629e-08    0.019608333333    0.019608333333
 8.5683422203e-08  1.4885983221e-11  9.2870902804e-06      0.0000000000  8.5468504635e-08  8.5806191002e-08    0.019625000000    0.019625000000
 8.5294323029e-08  5.2906502323e-12  9.2867603827e-06      0.0000000000  8.5217938845e-08  8.5460110809e-08    0.019641666667    0.019641666667
 8.4891735742e-08 -5.2389191944e-12  9.2864302789e-06      0.0000000000  8.4967373055e-08  8.5109439691e-08    0.019658333333    0.019658333333
 8.4823696245e-08  7.4035249431e-12  9.2860902809e-06      0.0000000000  8.4716807264e-08  8.4831075625e-08    0.019675000000    0.019675000000
 8.4285034840e-08 -1.2551039614e-11  9.2857603797e-06      0.0000000000  8.4466241474e-08  8.4949967976e-08    0.019691666667    0.019691666667
 8.4060850170e-08 -1.0723785948e-11  9.2854302829e-06      0.0000000000  8.4215675684e-08  8.4410047026e-08    0.019708333333    0.019708333333
 8.3902683831e-08 -4.3238592764e-12  9.2850902745e-06      0.0000000000  8.3965109893e-08  8.3901020480e-08    0.019725000000    0.019725000000
 8.3548343683e-08 -1.1480156418e-11  9.2847603907e-06      0.0000000000  8.3714089356e-08  8.4655221229e-08    0.019741666667    0.019741666667
 8.3245475237e-08 -1.5102831213e-11  9.2844302764e-06      0.0000000000  8.3463523565e-08  8.4072802789e-08    0.019758333333    0.019758333333
 8.3285845360e-08  5.0484628797e-12  9.2840902785e-06      0.0000000000  8.3212957775e-08  8.4036657125e-08    0.019775000000    0.019775000000
 8.2619493617e-08 -2.3750405256e-11  9.2837603877e-06      0.0000000000  8.2962391985e-08  8.2812436959e-08    0.019791666667    0.019791666667
 8.2409499684e-08 -2.0908751360e-11  9.2834302770e-06      0.0000000000  8.2711371447e-08  8.2357746827e-08    0.019808333333    0.019808333333
 8.2447552230e-08 -9.1798115431e-13  9.2830902825e-06      0.0000000000  8.2460805656e-08  8.2186892135e-08    0.019825000000    0.019825000000
 8.2073501004e-08 -9.4710377641e-12  9.2827603813e-06      0.0000000000  8.2210239866e-08  8.2149818853e-08    0.019841666667    0.019841666667
 8.2081778812e-08  8.4574242890e-12  9.2824302845e-06      0.0000000000  8.1959674076e-08  8.2225631986e-08    0.019858333333    0.019858333333
 8.1714321407e-08  3.9257749254e-13  9.2820902761e-06      0.0000000000  8.1708653538e-08  8.1134281334e-08    0.019875000000    0.019875000000
 8.1472514980e-08  9.9928332401e-13  9.2817603888e-06      0.0000000000  8.1458087748e-08  8.0759146252e-08    0.019891666667    0.019891666667
 8.1480193145e-08  1.8917709328e-11  9.2814302815e-06      0.0000000000  8.1207067210e-08  8.0683301674e-08    0.019908333333    0.019908333333
 8.0951992362e-08 -3.1231399110e-13  9.2810902801e-06      0.0000000000  8.0956501420e-08  8.1387143761e-08    0.019925000000    0.019925000000
 8.0803768760e-08  6.8077808062e-12  9.2807603894e-06      0.0000000000  8.0705480882e-08  8.0841594214e-08    0.019941666667    0.019941666667
 8.0611514756e-08  1.0846670183e-11  9.2804302786e-06      0.0000000000  8.0454915092e-08  8.0035981406e-08    0.019958333333    0.019958333333
 8.0164230550e-08 -2.7472751441e-12  9.2800902841e-06      0.0000000000  8.0203894554e-08  7.9807740166e-08    0.019975000000    0.019975000000
 7.9709757232e-08 -1.6870662383e-11  9.2797603829e-06      0.0000000000  7.9953328764e-08  7.9995543542e-08    0.019991666667    0.019991666667
 7.9488738913e-08 -1.4792598076e-11  9.2794302826e-06      0.0000000000  7.9702308226e-08  7.8997394934e-08    0.020008333333    0.020008333333
 7.9227570811e-08 -1.5526953285e-11  9.2790902812e-06      0.0000000000  7.9451742436e-08  7.9267850662e-08    0.020025000000    0.020025000000
 7.9139233073e-08 -4.2589427167e-12  9.2787603869e-06      0.0000000000  7.9200721898e-08  7.9701677247e-08    0.020041666667    0.020041666667
 7.8907496031e-08 -2.9232967605e-12  9.2784302831e-06      0.0000000000  7.8949701360e-08  8.0319470956e-08    0.020058333333    0.020058333333
 7.8599719367e-08 -6.8859327960e-12  9.2780902817e-06      0.0000000000  7.8699135570e-08  7.9308304248e-08    0.020075000000    0.020075000000
 7.8558038551e-08  7.6137082442e-12  9.2777603910e-06      0.0000000000  7.8448115032e-08  7.8373626734e-08    0.020091666667    0.020091666667
 7.8119734219e-08 -5.3582579135e-12  9.2774302767e-06      0.0000000000  7.8197094495e-08  7.7986181059e-08    0.020108333333    0.020108333333
 7.8130233951e-08  1.2724102761e-11  9.2770902857e-06      0.0000000000  7.7946528704e-08  7.7772105649e-08    0.020125000000    0.020125000000
 7.8015147897e-08  2.2139426352e-11  9.2767603880e-06      0.0000000000  7.7695508167e-08  7.7340385858e-08    0.020141666667    0.020141666667
 7.7591795059e-08  1.0203055789e-11  9.2764302842e-06      0.0000000000  7.7444487629e-08  7.7913921175e-08    0.020158333333    0.020158333333
 7.7375492851e-08  1.2607775287e-11  9.2760902828e-06      0.0000000000  7.7193467091e-08  7.7137882092e-08    0.020175000000    0.020175000000
 7.7293689428e-08  2.4328376607e-11  9.2757603885e-06      0.0000000000  7.6942446553e-08  7.6589738358e-08    0.020191666667    0.020191666667
 7.6702893966e-08  7.9431251646e-13  9.2754302847e-06      0.0000000000  7.6691426016e-08  7.6900914953e-08    0.020208333333    0.020208333333
 7.6661892416e-08  1.5309504491e-11  9.2750902798e-06      0.0000000000  7.6440860225e-08  7.6679056984e-08    0.020225000000    0.020225000000
 7.5888688141e-08 -2.0858866571e-11  9.2747603926e-06      0.0000000000  7.6189839688e-08  7.6573890238e-08    0.020241666667    0.020241666667
 7.5684665026e-08 -1.7603651768e-11  9.2744302818e-06      0.0000000000  7.5938819150e-08  7.6203346080e-08    0.020258333333    0.020258333333
 7.5456260334e-08 -1.6037194892e-11  9.2740902873e-06      0.0000000000  7.5687798612e-08  7.6259694954e-08    0.020275000000    0.020275000000
 7.5056969251e-08 -2.6306959603e-11  9.2737603896e-06      0.0000000000  7.5436778075e-08  7.6240576586e-08    0.020291666667    0.020291666667
 7.5083654534e-08 -7.0720304545e-12  9.2734302858e-06      0.0000000000  7.5185757537e-08  7.4864352817e-08    0.020308333333    0.020308333333
 7.5208546650e-08  1.8965066017e-11  9.2730902844e-06      0.0000000000  7.4934736999e-08  7.5541797092e-08    0.020325000000    0.020325000000
 7.4535330464e-08 -1.0246263884e-11  9.2727603866e-06      0.0000000000  7.4683261714e-08  7.5566748449e-08    0.020341666667    0.020341666667
 7.4644674992e-08  1.4713949375e-11  9.2724302863e-06      0.0000000000  7.4432241177e-08  7.4886411263e-08    0.020358333333    0.020358333333
 7.4378159341e-08  1.3640700673e-11  9.2720902814e-06      0.0000000000  7.4181220639e-08  7.4283899670e-08    0.020375000000    0.020375000000
 7.4191712294e-08  1.8113298728e-11  9.2717603942e-06      0.0000000000  7.3930200101e-08  7.3569539336e-08    0.020391666667    0.020391666667
 7.4088985223e-08  2.8384651015e-11  9.2714302834e-06      0.0000000000  7.3679179564e-08  7.4204627622e-08    0.020408333333    0.020408333333
 7.3491318256e-08  4.3746411874e-12  9.2710902889e-06      0.0000000000  7.3428159026e-08  7.2354799743e-08    0.020425000000    0.020425000000
 7.3238881391e-08  4.3080385641e-12  9.2707603912e-06      0.0000000000  7.3176683741e-08  7.2714951433e-08    0.020441666667    0.020441666667
 7.2994140377e-08  4.7429815485e-12  9.2704302839e-06      0.0000000000  7.2925663203e-08  7.2937029515e-08    0.020458333333    0.020458333333
 7.2567199223e-08 -7.4419289961e-12  9.2700902860e-06      0.0000000000  7.2674642665e-08  7.1532835700e-08    0.020475000000    0.020475000000
 7.2536393626e-08  7.8424672534e-12  9.2697603882e-06      0.0000000000  7.2423167380e-08  7.2168364211e-08    0.020491666667    0.020491666667
 7.2227356833e-08  3.8240475268e-12  9.2694302914e-06      0.0000000000  7.2172146843e-08  7.3189860497e-08    0.020508333333    0.020508333333
 7.1684795763e-08 -1.6369124733e-11  9.2690902830e-06      0.0000000000  7.1921126305e-08  7.2443756754e-08    0.020525000000    0.020525000000
 7.1544438057e-08 -8.6727114965e-12  9.2687603958e-06      0.0000000000  7.1669651020e-08  7.1809030083e-08    0.020541666667    0.020541666667
 7.1134314428e-08 -1.9692778253e-11  9.2684302850e-06      0.0000000000  7.1418630482e-08  7.1452667477e-08    0.020558333333    0.020558333333
 7.1016181836e-08 -1.0456971661e-11  9.2680902871e-06      0.0000000000  7.1167155197e-08  7.0422099399e-08    0.020575000000    0.020575000000
 7.0528679370e-08 -2.6836581973e-11  9.2677603928e-06      0.0000000000  7.0916134660e-08  7.1163124826e-08    0.020591666667    0.020591666667
 7.0386389104e-08 -1.9274025005e-11  9.2674302855e-06      0.0000000000  7.0664659374e-08  7.0602764832e-08    0.020608333333    0.020608333333
 7.0053179674e-08 -2.4966730710e-11  9.2670902876e-06      0.0000000000  7.0413638837e-08  7.0682901610e-08    0.020625000000    0.020625000000
 6.9699060413e-08 -3.2076230968e-11  9.2667603898e-06      0.0000000000  7.0162163552e-08  7.0599730420e-08    0.020641666667    0.020641666667
 6.9529736285e-08 -2.6417636392e-11  9.2664302930e-06      0.0000000000  6.9911143014e-08  7.0754155264e-08    0.020658333333    0.020658333333
 6.9445851669e-08 -1.4809688708e-11  9.2660902846e-06      0.0000000000  6.9659667729e-08  6.9238096985e-08    0.020675000000    0.020675000000
 6.9242356972e-08 -1.1486376239e-11  9.2657603939e-06      0.0000000000  6.9408192444e-08  6.8886859863e-08    0.020691666667    0.020691666667
 6.9170643316e-08  9.3307953642e-13  9.2654302866e-06      0.0000000000  6.9157171906e-08  6.9693494623e-08    0.020708333333    0.020708333333
 6.8965731462e-08  4.1582344436e-12  9.2650902887e-06      0.0000000000  6.8905696621e-08  6.9496179230e-08    0.020725000000    0.020725000000
 6.8842014938e-08  1.3007277292e-11  9.2647603944e-06      0.0000000000  6.8654221336e-08  6.8761458463e-08    0.020741666667    0.020741666667
 6.8416597739e-08  9.5941899173e-13  9.2644302836e-06      0.0000000000  6.8402746051e-08  6.8198614339e-08    0.020758333333    0.020758333333
 6.8348618550e-08  1.3637537710e-11  9.2640902962e-06      0.0000000000  6.8151725513e-08  6.8079706266e-08    0.020775000000    0.020775000000
 6.7963968947e-08  4.4133934047e-12  9.2637603915e-06      0.0000000000  6.7900250228e-08  6.7416585044e-08    0.020791666667    0.020791666667
 6.7668672415e-08  1.3781722400e-12  9.2634302911e-06      0.0000000000  6.7648774943e-08  6.8296407307e-08    0.020808333333    0.020808333333
 6.7234323703e-08 -1.1288315585e-11  9.2630902862e-06      0.0000000000  6.7397299658e-08  6.7715026542e-08    0.020825000000    0.020825000000
 6.6957970967e-08 -1.3011419605e-11  9.2627603955e-06      0.0000000000  6.7145824373e-08  6.6255993198e-08    0.020841666667    0.020841666667
 6.6540729678e-08 -2.4492984276e-11  9.2624302917e-06      0.0000000000  6.6894349088e-08  6.7225244141e-08    0.020858333333    0.020858333333
 6.6624223560e-08 -1.2917845830e-12  9.2620902868e-06      0.0000000000  6.6642873803e-08  6.6304732458e-08    0.020875000000    0.020875000000
 6.6287039463e-08 -7.2597904196e-12  9.2617603995e-06      0.0000000000  6.6391853266e-08  6.5694281082e-08    0.020891666667    0.020891666667
 6.5850227826e-08 -2.0096869573e-11  9.2614302852e-06      0.0000000000  6.6140377981e-08  6.6188450016e-08    0.020908333333    0.020908333333
 6.6063564157e-08  1.2129194319e-11  9.2610902943e-06      0.0000000000  6.5888447948e-08  6.5834225649e-08    0.020925000000    0.020925000000
 6.5489342736e-08 -1.0225393098e-11  9.2607603931e-06      0.0000000000  6.5636972663e-08  6.5823534457e-08    0.020941666667    0.020941666667
 6.5342932185e-08 -2.9482222098e-12  9.2604302928e-06      0.0000000000  6.5385497378e-08  6.6524892414e-08    0.020958333333    0.020958333333
 6.5200336791e-08  4.5932005322e-12  9.2600902878e-06      0.0000000000  6.5134022093e-08  6.5077619382e-08    0.020975000000    0.020975000000
 6.5019872509e-08  9.5116844290e-12  9.2597603936e-06      0.0000000000  6.4882546808e-08  6.5622304200e-08    0.020991666667    0.020991666667
 6.4589144443e-08 -2.9040241482e-12  9.2594302968e-06      0.0000000000  6.4631071523e-08  6.3978989285e-08    0.021008333333    0.021008333333
 6.4652037706e-08  1.8870300663e-11  9.2590902849e-06      0.0000000000  6.4379596238e-08  6.4404545918e-08    0.021025000000    0.021025000000
 6.4268595252e-08  9.7297679461e-12  9.2587604011e-06      0.0000000000  6.4128120953e-08  6.4805214083e-08    0.021041666667    0.021041666667
 6.3902110252e-08  1.7952684840e-12  9.2584302868e-06      0.0000000000  6.3876190920e-08  6.4119043908e-08    0.021058333333    0.021058333333
 6.3850929006e-08  1.5668372179e-11  9.2580902959e-06      0.0000000000  6.3624715635e-08  6.5008849857e-08    0.021075000000    0.021075000000
 6.3435057048e-08  4.2816524374e-12  9.2577603947e-06      0.0000000000  6.3373240350e-08  6.3731598232e-08    0.021091666667    0.021091666667
 6.3132872179e-08  7.6931963682e-13  9.2574302909e-06      0.0000000000  6.3121765065e-08  6.3002993456e-08    0.021108333333    0.021108333333
 6.3072223367e-08  1.4018162265e-11  9.2570902964e-06      0.0000000000  6.2869835033e-08  6.3210795651e-08    0.021125000000    0.021125000000
 6.2355279692e-08 -1.8221894730e-11  9.2567603917e-06      0.0000000000  6.2618359748e-08  6.3445215772e-08    0.021141666667    0.021141666667
 6.2230366629e-08 -9.4242310666e-12  9.2564302984e-06      0.0000000000  6.2366429716e-08  6.2235680274e-08    0.021158333333    0.021158333333
 6.1896445070e-08 -1.5134763984e-11  9.2560902865e-06      0.0000000000  6.2114954430e-08  6.2110609043e-08    0.021175000000    0.021175000000
 6.1639389083e-08 -1.5521304002e-11  9.2557604027e-06      0.0000000000  6.1863479145e-08  6.2321005424e-08    0.021191666667    0.021191666667
 6.1220678992e-08 -2.7073105806e-11  9.2554302919e-06      0.0000000000  6.1611549113e-08  6.2507047898e-08    0.021208333333    0.021208333333
 6.0861779229e-08 -3.4513721280e-11  9.2550902940e-06      0.0000000000  6.1360073828e-08  6.1779292128e-08    0.021225000000    0.021225000000
 6.0762167399e-08 -2.3963600910e-11  9.2547603998e-06      0.0000000000  6.1108143796e-08  6.0306706125e-08    0.021241666667    0.021241666667
 6.0835183293e-08 -1.4881453657e-12  9.2544302890e-06      0.0000000000  6.0856668511e-08  6.1317731332e-08    0.021258333333    0.021258333333
 6.0431280416e-08 -1.2014344992e-11  9.2540902980e-06      0.0000000000  6.0604738478e-08  6.1055231109e-08    0.021275000000    0.021275000000
 6.0393566365e-08  2.8230437976e-12  9.2537603933e-06      0.0000000000  6.0352808446e-08  5.9922074749e-08    0.021291666667    0.021291666667
 6.0260996881e-08  1.1058897982e-11  9.2534303000e-06      0.0000000000  6.0101333161e-08  5.9301215183e-08    0.021308333333    0.021308333333
 6.0069278089e-08  1.5229350492e-11  9.2530902881e-06      0.0000000000  5.9849403128e-08  5.9694965518e-08    0.021325000000    0.021325000000
 5.9745620693e-08  1.0261248812e-11  9.2527604008e-06      0.0000000000  5.9597473096e-08  5.9002789408e-08    0.021341666667    0.021341666667
 5.9625524012e-08  1.9361015389e-11  9.2524302970e-06      0.0000000000  5.9345997811e-08  5.9762728812e-08    0.021358333333    0.021358333333
 5.9436380097e-08  2.3709813379e-11  9.2520902921e-06      0.0000000000  5.9094067779e-08  5.9021043047e-08    0.021375000000    0.021375000000
 5.9191245898e-08  2.4180517857e-11  9.2517604014e-06      0.0000000000  5.8842137746e-08  5.9152481827e-08    0.021391666667    0.021391666667
 5.8794922569e-08  1.4179305736e-11  9.2514302906e-06      0.0000000000  5.8590207714e-08  5.8147918502e-08    0.021408333333    0.021408333333
 5.8282034897e-08 -3.9270801192e-12  9.2510902996e-06      0.0000000000  5.8338732429e-08  5.7846662706e-08    0.021425000000    0.021425000000
 5.7816894725e-08 -1.8694800523e-11  9.2507603949e-06      0.0000000000  5.8086802396e-08  5.8020032972e-08    0.021441666667    0.021441666667
 5.7499979515e-08 -2.3195913528e-11  9.2504302981e-06      0.0000000000  5.7834872364e-08  5.7611519358e-08    0.021458333333    0.021458333333
 5.7224829042e-08 -2.4804246923e-11  9.2500902967e-06      0.0000000000  5.7582942332e-08  5.6906686763e-08    0.021475000000    0.021475000000
 5.6866714463e-08 -3.2158980149e-11  9.2497603989e-06      0.0000000000  5.7331012299e-08  5.7359097156e-08    0.021491666667    0.021491666667
 5.6651610432e-08 -2.9608275470e-11  9.2494302986e-06      0.0000000000  5.7079082267e-08  5.6334928071e-08    0.021508333333    0.021508333333
 5.6325731380e-08 -3.4730257265e-11  9.2490902937e-06      0.0000000000  5.6827152234e-08  5.6828200831e-08    0.021525000000    0.021525000000
 5.6199982825e-08 -2.5990462889e-11  9.2487604030e-06      0.0000000000  5.6575222202e-08  5.6011236493e-08    0.021541666667    0.021541666667
 5.5934053761e-08 -2.6960087394e-11  9.2484302922e-06      0.0000000000  5.6323292170e-08  5.6374564096e-08    0.021558333333    0.021558333333
 5.5895035306e-08 -1.2213046496e-11  9.2480903012e-06      0.0000000000  5.6071362137e-08  5.5917279777e-08    0.021575000000    0.021575000000
 5.5746658452e-08 -5.0405715237e-12  9.2477604000e-06      0.0000000000  5.5819432105e-08  5.6349203958e-08    0.021591666667    0.021591666667
 5.5652968012e-08  5.9196860823e-12  9.2474302962e-06      0.0000000000  5.5567502072e-08  5.5348225328e-08    0.021608333333    0.021608333333
 5.5599014361e-08  1.9632260271e-11  9.2470902983e-06      0.0000000000  5.5315572040e-08  5.4770240588e-08    0.021625000000    0.021625000000
 5.5472815062e-08  2.8340834473e-11  9.2467604005e-06      0.0000000000  5.5063642008e-08  5.4088582726e-08    0.021641666667    0.021641666667
 5.5313746126e-08  3.4804233878e-11  9.2464303002e-06      0.0000000000  5.4811257228e-08  5.4721847220e-08    0.021658333333    0.021658333333
 5.5197218981e-08  4.4182737145e-11  9.2460902918e-06      0.0000000000  5.4559327195e-08  5.4427635032e-08    0.021675000000    0.021675000000
 5.4827242921e-08  3.6006434004e-11  9.2457604046e-06      0.0000000000  5.4307397163e-08  5.3842418016e-08    0.021691666667    0.021691666667
 5.4684256289e-08  4.3552255633e-11  9.2454302973e-06      0.0000000000  5.4055467131e-08  5.4378156822e-08    0.021708333333    0.021708333333
 5.4203934499e-08  2.7764497837e-11  9.2450902993e-06      0.0000000000  5.3803082351e-08  5.4000286053e-08    0.021725000000    0.021725000000
 5.3774555381e-08  1.5473719860e-11  9.2447604016e-06      0.0000000000  5.3551152319e-08  5.2725660059e-08    0.021741666667    0.021741666667
 5.3509945952e-08  1.4595498107e-11  9.2444302943e-06      0.0000000000  5.3299222286e-08  5.3379206374e-08    0.021758333333    0.021758333333
 5.3153226545e-08  7.3688970750e-12  9.2440902999e-06      0.0000000000  5.3046837506e-08  5.3740380016e-08    0.021775000000    0.021775000000
 5.2990268518e-08  1.3531426223e-11  9.2437603986e-06      0.0000000000  5.2794907474e-08  5.3026082571e-08    0.021791666667    0.021791666667
 5.2412174608e-08 -9.0283891006e-12  9.2434303018e-06      0.0000000000  5.2542522694e-08  5.2320149412e-08    0.021808333333    0.021808333333
 5.2291012310e-08  2.9066391968e-14  9.2430902969e-06      0.0000000000  5.2290592662e-08  5.2446195428e-08    0.021825000000    0.021825000000
 5.1838630488e-08 -1.3823466204e-11  9.2427604062e-06      0.0000000000  5.2038207882e-08  5.2189198025e-08    0.021841666667    0.021841666667
 5.1598371375e-08 -1.3015095270e-11  9.2424302989e-06      0.0000000000  5.1786277850e-08  5.3122837864e-08    0.021858333333    0.021858333333
 5.1409545335e-08 -8.6127825995e-12  9.2420902975e-06      0.0000000000  5.1533893070e-08  5.1885851157e-08    0.021875000000    0.021875000000
 5.1135055347e-08 -1.0175368352e-11  9.2417604032e-06      0.0000000000  5.1281963038e-08  5.1871056433e-08    0.021891666667    0.021891666667
 5.0884282633e-08 -1.0063710759e-11  9.2414302959e-06      0.0000000000  5.1029578258e-08  5.1616228713e-08    0.021908333333    0.021908333333
 5.0749472444e-08 -1.9515584879e-12  9.2410903015e-06      0.0000000000  5.0777648226e-08  5.0761672254e-08    0.021925000000    0.021925000000
 5.0583420053e-08  4.0281410292e-12  9.2407604002e-06      0.0000000000  5.0525263446e-08  4.9560752600e-08    0.021941666667    0.021941666667
 5.0404780768e-08  9.1360259521e-12  9.2404303034e-06      0.0000000000  5.0272878666e-08  4.9445444943e-08    0.021958333333    0.021958333333
 5.0431941223e-08  2.8466862159e-11  9.2400902985e-06      0.0000000000  5.0020948634e-08  4.9426106462e-08    0.021975000000    0.021975000000
 4.9812358314e-08  3.0333657547e-12  9.2397604043e-06      0.0000000000  4.9768563854e-08  5.0491200804e-08    0.021991666667    0.021991666667
 5.0039868816e-08  3.6272682485e-11  9.2394303005e-06      0.0000000000  4.9516179074e-08  4.8825261438e-08    0.022008333333    0.022008333333
 4.9567787327e-08  2.1055678344e-11  9.2390902991e-06      0.0000000000  4.9263794294e-08  4.8827855624e-08    0.022025000000    0.022025000000
 4.9277959760e-08  1.8430755352e-11  9.2387604048e-06      0.0000000000  4.9011864262e-08  4.9164848304e-08    0.022041666667    0.022041666667
 4.9238485942e-08  3.3177753618e-11  9.2384302975e-06      0.0000000000  4.8759479482e-08  4.8939641476e-08    0.022058333333    0.022058333333
 4.8659024838e-08  1.0523241415e-11  9.2380903031e-06      0.0000000000  4.8507094703e-08  4.8603151911e-08    0.022075000000    0.022075000000
 4.8739002392e-08  3.3543882137e-11  9.2377604019e-06      0.0000000000  4.8254709923e-08  4.7949715653e-08    0.022091666667    0.022091666667
 4.8306865564e-08  2.1093592501e-11  9.2374303016e-06      0.0000000000  4.8002325143e-08  4.8163539505e-08    0.022108333333    0.022108333333
 4.7753927538e-08  2.7616644136e-13  9.2370903001e-06      0.0000000000  4.7749940363e-08  4.7080726084e-08    0.022125000000    0.022125000000
 4.7626854997e-08  8.9557541146e-12  9.2367604059e-06      0.0000000000  4.7497555584e-08  4.7840225262e-08    0.022141666667    0.022141666667
 4.7228210007e-08 -1.1747673371e-12  9.2364303021e-06      0.0000000000  4.7245170804e-08  4.6767096804e-08    0.022158333333    0.022158333333
 4.6933549492e-08 -4.1029406342e-12  9.2360902972e-06      0.0000000000  4.6992786024e-08  4.6643739309e-08    0.022175000000    0.022175000000
 4.6732766051e-08 -5.2884164930e-13  9.2357604064e-06      0.0000000000  4.6740401244e-08  4.8047068395e-08    0.022191666667    0.022191666667
 4.6519846461e-08  2.2046629163e-12  9.2354302991e-06      0.0000000000  4.6488016465e-08  4.6325629161e-08    0.022208333333    0.022208333333
 4.6162612185e-08 -5.0575998093e-12  9.2350903047e-06      0.0000000000  4.6235631685e-08  4.6788180465e-08    0.022225000000    0.022225000000
 4.6106804182e-08  8.5580326154e-12  9.2347604035e-06      0.0000000000  4.5983246905e-08  4.6930231826e-08    0.022241666667    0.022241666667
 4.5422650559e-08 -2.1347869511e-11  9.2344303032e-06      0.0000000000  4.5730862125e-08  4.5743242166e-08    0.022258333333    0.022258333333
 4.5492419639e-08  9.9719209679e-13  9.2340903017e-06      0.0000000000  4.5478022598e-08  4.4857807028e-08    0.022275000000    0.022275000000
 4.5281480970e-08  3.8679025764e-12  9.2337604040e-06      0.0000000000  4.5225637819e-08  4.5275235210e-08    0.022291666667    0.022291666667
 4.4874515256e-08 -6.8389429343e-12  9.2334303037e-06      0.0000000000  4.4973253039e-08  4.5569683232e-08    0.022308333333    0.022308333333
 4.4616162992e-08 -7.2522728465e-12  9.2330903023e-06      0.0000000000  4.4720868259e-08  4.5700100060e-08    0.022325000000    0.022325000000
 4.4512245564e-08  3.0626208597e-12  9.2327604080e-06      0.0000000000  4.4468028732e-08  4.5343501619e-08    0.022341666667    0.022341666667
 4.4240888529e-08  1.7485324567e-12  9.2324303007e-06      0.0000000000  4.4215643952e-08  4.3441962958e-08    0.022358333333    0.022358333333
 4.4096095639e-08  9.2007434606e-12  9.2320903063e-06      0.0000000000  4.3963259172e-08  4.3827930733e-08    0.022375000000    0.022375000000
 4.4129605629e-08  2.9034366848e-11  9.2317604051e-06      0.0000000000  4.3710419645e-08  4.3789599663e-08    0.022391666667    0.022391666667
 4.3391987437e-08 -4.5746884750e-12  9.2314303013e-06      0.0000000000  4.3458034866e-08  4.3212007983e-08    0.022408333333    0.022408333333
 4.3439868591e-08  1.6254334763e-11  9.2310903033e-06      0.0000000000  4.3205195339e-08  4.2529941339e-08    0.022425000000    0.022425000000
 4.2673089388e-08 -1.9374519677e-11  9.2307604056e-06      0.0000000000  4.2952810559e-08  4.2480856187e-08    0.022441666667    0.022441666667
 4.2558279375e-08 -9.8455840916e-12  9.2304303053e-06      0.0000000000  4.2700425779e-08  4.2187304338e-08    0.022458333333    0.022458333333
 4.2177929642e-08 -1.8677411106e-11  9.2300903004e-06      0.0000000000  4.2447586252e-08  4.2080659692e-08    0.022475000000    0.022475000000
 4.1838282578e-08 -2.4690021163e-11  9.2297604131e-06      0.0000000000  4.2194746725e-08  4.1664615076e-08    0.022491666667    0.022491666667
 4.1695018263e-08 -1.7131935458e-11  9.2294303023e-06      0.0000000000  4.1942361945e-08  4.2301747266e-08    0.022508333333    0.022508333333
 4.1341706476e-08 -2.4091014635e-11  9.2290903044e-06      0.0000000000  4.1689522418e-08  4.2056069949e-08    0.022525000000    0.022525000000
 4.1309267146e-08 -8.8567817723e-12  9.2287604067e-06      0.0000000000  4.1437137638e-08  4.2434003608e-08    0.022541666667    0.022541666667
 4.1042396096e-08 -9.8286567816e-12  9.2284303064e-06      0.0000000000  4.1184298111e-08  4.1424283355e-08    0.022558333333    0.022558333333
 4.0786421450e-08 -1.0045806732e-11  9.2280903049e-06      0.0000000000  4.0931458584e-08  4.0777607703e-08    0.022575000000    0.022575000000
 4.0589371941e-08 -6.2130818172e-12  9.2277604037e-06      0.0000000000  4.0679073804e-08  4.0214527744e-08    0.022591666667    0.022591666667
 4.0588567960e-08  1.1243829415e-11  9.2274303104e-06      0.0000000000  4.0426234277e-08  4.0784714202e-08    0.022608333333    0.022608333333
 4.0256371661e-08  5.7472868140e-12  9.2270903020e-06      0.0000000000  4.0173394750e-08  3.9592473280e-08    0.022625000000    0.022625000000
 3.9884343454e-08 -2.5081606224e-12  9.2267604112e-06      0.0000000000  3.9920555223e-08  3.8944052449e-08    0.022641666667    0.022641666667
 3.9936718497e-08  1.8600628391e-11  9.2264303039e-06      0.0000000000  3.9668170443e-08  3.9494790369e-08    0.022658333333    0.022658333333
 3.9442551556e-08  1.8854018545e-12  9.2260903060e-06      0.0000000000  3.9415330916e-08  4.0013721992e-08    0.022675000000    0.022675000000
 3.9495229511e-08  2.3046669195e-11  9.2257604083e-06      0.0000000000  3.9162491389e-08  3.8688532945e-08    0.022691666667    0.022691666667
 3.9239608085e-08  2.2853984609e-11  9.2254303045e-06      0.0000000000  3.8909651862e-08  3.8764346079e-08    0.022708333333    0.022708333333
 3.8708618290e-08  3.5882715001e-12  9.2250903100e-06      0.0000000000  3.8656812335e-08  3.7951076491e-08    0.022725000000    0.022725000000
 3.8807164166e-08  2.7926520126e-11  9.2247604053e-06      0.0000000000  3.8403972808e-08  3.7632636174e-08    0.022741666667    0.022741666667
 3.8174008369e-08  1.5844129289e-12  9.2244303085e-06      0.0000000000  3.8151133281e-08  3.9327331704e-08    0.022758333333    0.022758333333
 3.8013568154e-08  7.9843300111e-12  9.2240903036e-06      0.0000000000  3.7898293754e-08  3.7215333771e-08    0.022775000000    0.022775000000
 3.7723748181e-08  5.4229280046e-12  9.2237604128e-06      0.0000000000  3.7645454227e-08  3.7910607182e-08    0.022791666667    0.022791666667
 3.7520158937e-08  8.8341841924e-12  9.2234303055e-06      0.0000000000  3.7392614700e-08  3.6750927231e-08    0.022808333333    0.022808333333
 3.7394739402e-08  1.7659762666e-11  9.2230903076e-06      0.0000000000  3.7139775172e-08  3.7143891449e-08    0.022825000000    0.022825000000
 3.6754970203e-08 -9.1404131553e-12  9.2227604134e-06      0.0000000000  3.6886935645e-08  3.6929470148e-08    0.022841666667    0.022841666667
 3.6576616464e-08 -3.9812528174e-12  9.2224303026e-06      0.0000000000  3.6634096118e-08  3.7192363429e-08    0.022858333333    0.022858333333
 3.6441471794e-08  4.2022244894e-12  9.2220903116e-06      0.0000000000  3.6380801844e-08  3.7461184034e-08    0.022875000000    0.022875000000
 3.6234987049e-08  7.4129276033e-12  9.2217604069e-06      0.0000000000  3.6127962317e-08  3.7461278368e-08    0.022891666667    0.022891666667
 3.5715793275e-08 -1.1035749642e-11  9.2214303101e-06      0.0000000000  3.5875122790e-08  3.5567632322e-08    0.022908333333    0.022908333333
 3.5755176828e-08  9.2046983483e-12  9.2210903052e-06      0.0000000000  3.5622283263e-08  3.5138616774e-08    0.022925000000    0.022925000000
 3.5293661346e-08 -5.2174702545e-12  9.2207604109e-06      0.0000000000  3.5368988988e-08  3.4793149752e-08    0.022941666667    0.022941666667
 3.5144405829e-08  1.9571402139e-12  9.2204303106e-06      0.0000000000  3.5116149461e-08  3.5202779652e-08    0.022958333333    0.022958333333
 3.4912379115e-08  3.3987124197e-12  9.2200903057e-06      0.0000000000  3.4863309934e-08  3.5500733757e-08    0.022975000000    0.022975000000
 3.4630859484e-08  1.4437201419e-12  9.2197604150e-06      0.0000000000  3.4610015659e-08  3.5440910245e-08    0.022991666667    0.022991666667
 3.4409502332e-08  3.6243055340e-12  9.2194303042e-06      0.0000000000  3.4357176132e-08  3.5644200128e-08    0.023008333333    0.023008333333
 3.3933876002e-08 -1.1806729907e-11  9.2190903132e-06      0.0000000000  3.4104336605e-08  3.4054687067e-08    0.023025000000    0.023025000000
 3.3730573639e-08 -8.3441057727e-12  9.2187604085e-06      0.0000000000  3.3851042331e-08  3.3369208675e-08    0.023041666667    0.023041666667
 3.3430484351e-08 -1.1616798487e-11  9.2184303117e-06      0.0000000000  3.3598202804e-08  3.3716483767e-08    0.023058333333    0.023058333333
 3.3021096970e-08 -2.2428382544e-11  9.2180903103e-06      0.0000000000  3.3344908529e-08  3.3768446107e-08    0.023075000000    0.023075000000
 3.2885554805e-08 -1.4303934804e-11  9.2177604090e-06      0.0000000000  3.3092069002e-08  3.3613518149e-08    0.023091666667    0.023091666667
 3.2685083818e-08 -1.0645199114e-11  9.2174303122e-06      0.0000000000  3.2838774728e-08  3.2496996026e-08    0.023108333333    0.023108333333
 3.2244735468e-08 -2.3632751570e-11  9.2170903073e-06      0.0000000000  3.2585935201e-08  3.3045013982e-08    0.023125000000    0.023125000000
 3.2296717058e-08 -2.4882195698e-12  9.2167604166e-06      0.0000000000  3.2332640926e-08  3.2642600636e-08    0.023141666667    0.023141666667
 3.1813505491e-08 -1.8413138999e-11  9.2164303058e-06      0.0000000000  3.2079346652e-08  3.2727768563e-08    0.023158333333    0.023158333333
 3.1923187971e-08  6.6964718739e-12  9.2160903148e-06      0.0000000000  3.1826507125e-08  3.2004399327e-08    0.023175000000    0.023175000000
 3.1795704609e-08  1.5410599623e-11  9.2157604136e-06      0.0000000000  3.1573212850e-08  3.1171020863e-08    0.023191666667    0.023191666667
 3.1844739666e-08  3.6351043841e-11  9.2154303098e-06      0.0000000000  3.1319918576e-08  3.1447498249e-08    0.023208333333    0.023208333333
 3.1389001292e-08  2.2329019057e-11  9.2150903119e-06      0.0000000000  3.1066624301e-08  3.1072992060e-08    0.023225000000    0.023225000000
 3.1365280718e-08  3.8198642557e-11  9.2147604106e-06      0.0000000000  3.0813784774e-08  3.1520088302e-08    0.023241666667    0.023241666667
 3.0898485095e-08  2.3410751906e-11  9.2144303138e-06      0.0000000000  3.0560490500e-08  3.0323130678e-08    0.023258333333    0.023258333333
 3.0646175636e-08  2.3478963910e-11  9.2140903054e-06      0.0000000000  3.0307196225e-08  2.9913453610e-08    0.023275000000    0.023275000000
 3.0168598233e-08  7.9442874137e-12  9.2137604182e-06      0.0000000000  3.0053901951e-08  3.0734678704e-08    0.023291666667    0.023291666667
 2.9910059854e-08  7.5810613988e-12  9.2134303109e-06      0.0000000000  2.9800607676e-08  3.0782254511e-08    0.023308333333    0.023308333333
 2.9864526892e-08  2.1971375971e-11  9.2130903129e-06      0.0000000000  2.9547313402e-08  2.8879803953e-08    0.023325000000    0.023325000000
 2.9362615204e-08  4.7512171688e-12  9.2127604152e-06      0.0000000000  2.9294019128e-08  3.0240289657e-08    0.023341666667    0.023341666667
 2.9126865970e-08  5.9664513671e-12  9.2124303114e-06      0.0000000000  2.9040724853e-08  2.8770533676e-08    0.023358333333    0.023358333333
 2.8710268293e-08 -5.3445444516e-12  9.2120903135e-06      0.0000000000  2.8787430579e-08  2.8955617087e-08    0.023375000000    0.023375000000
 2.8369216819e-08 -1.1422931616e-11  9.2117604088e-06      0.0000000000  2.8534136304e-08  2.8067289038e-08    0.023391666667    0.023391666667
 2.7890978397e-08 -2.7003392767e-11  9.2114303154e-06      0.0000000000  2.8280842030e-08  2.7655961124e-08    0.023408333333    0.023408333333
 2.7664934448e-08 -2.5115934720e-11  9.2110903105e-06      0.0000000000  2.8027547755e-08  2.8521177331e-08    0.023425000000    0.023425000000
 2.7375544836e-08 -2.7616030881e-11  9.2107604163e-06      0.0000000000  2.7774253481e-08  2.7393335122e-08    0.023441666667    0.023441666667
 2.7050360772e-08 -3.2595382760e-11  9.2104303125e-06      0.0000000000  2.7520959206e-08  2.7882347128e-08    0.023458333333    0.023458333333
 2.7081821899e-08 -1.2872173744e-11  9.2100903146e-06      0.0000000000  2.7267664932e-08  2.7625098167e-08    0.023475000000    0.023475000000
 2.6731258850e-08 -1.9609367670e-11  9.2097604168e-06      0.0000000000  2.7014370658e-08  2.6714538726e-08    0.023491666667    0.023491666667
 2.6545847491e-08 -1.4876049172e-11  9.2094303095e-06      0.0000000000  2.6760621636e-08  2.7272508924e-08    0.023508333333    0.023508333333
 2.6254397337e-08 -1.7518866134e-11  9.2090903151e-06      0.0000000000  2.6507327361e-08  2.6384306653e-08    0.023525000000    0.023525000000
 2.6008542305e-08 -1.7003596770e-11  9.2087604139e-06      0.0000000000  2.6254033087e-08  2.5983292596e-08    0.023541666667    0.023541666667
 2.5631326326e-08 -2.5586870916e-11  9.2084303170e-06      0.0000000000  2.6000738812e-08  2.5682005355e-08    0.023558333333    0.023558333333
 2.5619071643e-08 -8.8600825645e-12  9.2080903121e-06      0.0000000000  2.5746989791e-08  2.5563128727e-08    0.023575000000    0.023575000000
 2.5196632466e-08 -2.0575682227e-11  9.2077604179e-06      0.0000000000  2.5493695516e-08  2.6102137780e-08    0.023591666667    0.023591666667
 2.5181206812e-08 -4.0685269733e-12  9.2074303141e-06      0.0000000000  2.5239946494e-08  2.5529671583e-08    0.023608333333    0.023608333333
 2.5005633607e-08  1.3147208682e-12  9.2070903127e-06      0.0000000000  2.4986652220e-08  2.5400150929e-08    0.023625000000    0.023625000000
 2.4738486209e-08  3.5520246668e-13  9.2067604184e-06      0.0000000000  2.4733357946e-08  2.4353200170e-08    0.023641666667    0.023641666667
 2.4373095031e-08 -7.3775449807e-12  9.2064303111e-06      0.0000000000  2.4479608924e-08  2.3970769922e-08    0.023658333333    0.023658333333
 2.4287391368e-08  4.2303987328e-12  9.2060903202e-06      0.0000000000  2.4226314649e-08  2.3874722134e-08    0.023675000000    0.023675000000
 2.3951839854e-08 -1.4355435246e-12  9.2057604155e-06      0.0000000000  2.3972565628e-08  2.4205268654e-08    0.023691666667    0.023691666667
 2.4004286883e-08  1.9741226499e-11  9.2054303186e-06      0.0000000000  2.3719271353e-08  2.3791991170e-08    0.023708333333    0.023708333333
 2.3603714712e-08  9.5717138633e-12  9.2050903137e-06      0.0000000000  2.3465522331e-08  2.2362625885e-08    0.023725000000    0.023725000000
 2.3425386202e-08  1.4795616604e-11  9.2047604160e-06      0.0000000000  2.3211773309e-08  2.3183866701e-08    0.023741666667    0.023741666667
 2.3270139484e-08  2.1586751835e-11  9.2044303157e-06      0.0000000000  2.2958479035e-08  2.3332804448e-08    0.023758333333    0.023758333333
 2.2941926249e-08  1.6429085870e-11  9.2040903143e-06      0.0000000000  2.2704730013e-08  2.2555649079e-08    0.023775000000    0.023775000000
 2.2924650863e-08  3.2808121816e-11  9.2037604200e-06      0.0000000000  2.2450980991e-08  2.3051846195e-08    0.023791666667    0.023791666667
 2.2379428764e-08  1.2588124297e-11  9.2034303127e-06      0.0000000000  2.2197686717e-08  2.2102672682e-08    0.023808333333    0.023808333333
 2.2275759933e-08  2.2983231696e-11  9.2030903218e-06      0.0000000000  2.1943937695e-08  2.2120281705e-08    0.023825000000    0.023825000000
 2.1718303551e-08  1.9473400863e-12  9.2027604171e-06      0.0000000000  2.1690188673e-08  2.2461943920e-08    0.023841666667    0.023841666667
 2.1425947290e-08 -7.2673968197e-13  9.2024303168e-06      0.0000000000  2.1436439652e-08  2.1448874809e-08    0.023858333333    0.023858333333
 2.1204856102e-08  1.5352623139e-12  9.2020903153e-06      0.0000000000  2.1182690630e-08  2.1418860858e-08    0.023875000000    0.023875000000
 2.0876482555e-08 -3.6335074484e-12  9.2017604176e-06      0.0000000000  2.0928941608e-08  2.1341333989e-08    0.023891666667    0.023891666667
 2.0511803772e-08 -1.1348409177e-11  9.2014303208e-06      0.0000000000  2.0675647334e-08  2.0767672894e-08    0.023908333333    0.023908333333
 2.0395517055e-08 -1.8272631063e-12  9.2010903124e-06      0.0000000000  2.0421898312e-08  2.0063500637e-08    0.023925000000    0.023925000000
 2.0337990545e-08  1.1763831577e-11  9.2007604251e-06      0.0000000000  2.0168149290e-08  2.0145744209e-08    0.023941666667    0.023941666667
 1.9829474996e-08 -5.8822374720e-12  9.2004303143e-06      0.0000000000  1.9914400268e-08  2.0592337335e-08    0.023958333333    0.023958333333
 1.9822885470e-08  1.1236940547e-11  9.2000903199e-06      0.0000000000  1.9660651246e-08  2.0173729978e-08    0.023975000000    0.023975000000
 1.9348152458e-08 -4.0692254332e-12  9.1997604187e-06      0.0000000000  1.9406902225e-08  1.9215862009e-08    0.023991666667    0.023991666667
 1.9219504888e-08  4.5957623963e-12  9.1994303184e-06      0.0000000000  1.9153153203e-08  1.8458029399e-08    0.024008333333    0.024008333333
 1.8874871625e-08 -1.6677177909e-12  9.1990903204e-06      0.0000000000  1.8898949434e-08  1.8747021769e-08    0.024025000000    0.024025000000
 1.8600541908e-08 -3.0932126382e-12  9.1987604157e-06      0.0000000000  1.8645200412e-08  1.9654153739e-08    0.024041666667    0.024041666667
 1.8492945434e-08  7.0298517424e-12  9.1984303259e-06      0.0000000000  1.8391451390e-08  1.8125832034e-08    0.024058333333    0.024058333333
 1.8129969088e-08 -5.3563551479e-13  9.1980903140e-06      0.0000000000  1.8137702368e-08  1.8878381937e-08    0.024075000000    0.024075000000
 1.8078284612e-08  1.3460100024e-11  9.1977604232e-06      0.0000000000  1.7883953347e-08  1.7793681835e-08    0.024091666667    0.024091666667
 1.7807783946e-08  1.2299819360e-11  9.1974303194e-06      0.0000000000  1.7630204325e-08  1.7519484189e-08    0.024108333333    0.024108333333
 1.7543492085e-08  1.1601080891e-11  9.1970903215e-06      0.0000000000  1.7376000556e-08  1.7217206441e-08    0.024125000000    0.024125000000
 1.7352014789e-08  1.5914250230e-11  9.1967604203e-06      0.0000000000  1.7122251534e-08  1.6918120328e-08    0.024141666667    0.024141666667
 1.7097704828e-08  1.5875397509e-11  9.1964303165e-06      0.0000000000  1.6868502512e-08  1.6876173119e-08    0.024158333333    0.024158333333
 1.6541659915e-08 -5.0312330210e-12  9.1960903255e-06      0.0000000000  1.6614298743e-08  1.6599585677e-08    0.024175000000    0.024175000000
 1.6279094958e-08 -5.6418572446e-12  9.1957604173e-06      0.0000000000  1.6360549721e-08  1.6528693637e-08    0.024191666667    0.024191666667
 1.5966604852e-08 -9.7104813408e-12  9.1954303240e-06      0.0000000000  1.6106800699e-08  1.6552748820e-08    0.024208333333    0.024208333333
 1.5488068896e-08 -2.5248555733e-11  9.1950903156e-06      0.0000000000  1.5852596930e-08  1.5215956686e-08    0.024225000000    0.024225000000
 1.5623687290e-08  1.7204671827e-12  9.1947604248e-06      0.0000000000  1.5598847908e-08  1.4427591287e-08    0.024241666667    0.024241666667
 1.5314009513e-08 -2.1218671570e-12  9.1944303210e-06      0.0000000000  1.5344644139e-08  1.5204432209e-08    0.024258333333    0.024258333333
 1.5091373452e-08  3.3131251770e-14  9.1940903196e-06      0.0000000000  1.5090895117e-08  1.4888963415e-08    0.024275000000    0.024275000000
 1.5114473890e-08  1.9240243068e-11  9.1937604254e-06      0.0000000000  1.4836691348e-08  1.4903223580e-08    0.024291666667    0.024291666667
 1.4629998644e-08  3.2907915158e-12  9.1934303146e-06      0.0000000000  1.4582487579e-08  1.3895767344e-08    0.024308333333    0.024308333333
 1.4447018148e-08  8.1924805836e-12  9.1930903271e-06      0.0000000000  1.4328738557e-08  1.3205870974e-08    0.024325000000    0.024325000000
 1.4040278433e-08 -2.3727214649e-12  9.1927604189e-06      0.0000000000  1.4074534788e-08  1.3424820310e-08    0.024341666667    0.024341666667
 1.3844470310e-08  1.6404788074e-12  9.1924303221e-06      0.0000000000  1.3820785766e-08  1.3889604186e-08    0.024358333333    0.024358333333
 1.3623439429e-08  3.9381553840e-12  9.1920903207e-06      0.0000000000  1.3566581997e-08  1.3751341910e-08    0.024375000000    0.024375000000
 1.3558424938e-08  1.7042102382e-11  9.1917604229e-06      0.0000000000  1.3312378228e-08  1.3436014618e-08    0.024391666667    0.024391666667
 1.3282834558e-08  1.5560786831e-11  9.1914303261e-06      0.0000000000  1.3058174459e-08  1.3784783332e-08    0.024408333333    0.024408333333
 1.3029555135e-08  1.5593313016e-11  9.1910903177e-06      0.0000000000  1.2804425437e-08  1.2669188828e-08    0.024425000000    0.024425000000
 1.3012822863e-08  3.2041464477e-11  9.1907604270e-06      0.0000000000  1.2550221668e-08  1.2333972772e-08    0.024441666667    0.024441666667
 1.2540884813e-08  1.6960385343e-11  9.1904303197e-06      0.0000000000  1.2296017899e-08  1.3209267000e-08    0.024458333333    0.024458333333
 1.2223547063e-08  1.2587493093e-11  9.1900903252e-06      0.0000000000  1.2041814130e-08  1.1845133713e-08    0.024475000000    0.024475000000
 1.1950210936e-08  1.1262315429e-11  9.1897604205e-06      0.0000000000  1.1787610361e-08  1.1474479498e-08    0.024491666667    0.024491666667
 1.1387244823e-08 -1.0123703015e-11  9.1894303237e-06      0.0000000000  1.1533406591e-08  1.1611656933e-08    0.024508333333    0.024508333333
 1.1010165758e-08 -1.8634499113e-11  9.1890903223e-06      0.0000000000  1.1279202822e-08  1.1302241241e-08    0.024525000000    0.024525000000
 1.0771866608e-08 -1.7532886499e-11  9.1887604210e-06      0.0000000000  1.1024999053e-08  1.1553028319e-08    0.024541666667    0.024541666667
 1.0263217924e-08 -3.5156679548e-11  9.1884303277e-06      0.0000000000  1.0770795284e-08  1.0989476690e-08    0.024558333333    0.024558333333
 1.0111713266e-08 -2.8043360388e-11  9.1880903158e-06      0.0000000000  1.0516591515e-08  1.0183926772e-08    0.024575000000    0.024575000000
 9.6342885398e-09 -4.3504466963e-11  9.1877604286e-06      0.0000000000  1.0262387746e-08  9.9556383651e-09    0.024591666667    0.024591666667
 9.7100797737e-09 -2.0647796276e-11  9.1874303213e-06      0.0000000000  1.0008183976e-08  1.0031530110e-08    0.024608333333    0.024608333333
 9.5230393011e-09 -1.5995818708e-11  9.1870903268e-06      0.0000000000  9.7539802074e-09  1.0069420955e-08    0.024625000000    0.024625000000
 9.3380275762e-09 -1.1203322593e-11  9.1867604221e-06      0.0000000000  9.4997764382e-09  8.4631635994e-09    0.024641666667    0.024641666667
 9.2918740531e-09  3.2070045874e-12  9.1864303218e-06      0.0000000000  9.2455726691e-09  8.4769206487e-09    0.024658333333    0.024658333333
 8.9218077569e-09 -4.7865637754e-12  9.1860903274e-06      0.0000000000  8.9909141526e-09  8.8083004526e-09    0.024675000000    0.024675000000
 8.8470564526e-09  7.6429756267e-12  9.1857604192e-06      0.0000000000  8.7367103834e-09  8.7056335588e-09    0.024691666667    0.024691666667
 8.7601687322e-09  1.9231902103e-11  9.1854303293e-06      0.0000000000  8.4825066143e-09  7.8458887274e-09    0.024708333333    0.024708333333
 8.4032354580e-09  1.2147975269e-11  9.1850903209e-06      0.0000000000  8.2278480978e-09  8.4592959033e-09    0.024725000000    0.024725000000
 8.2923367484e-09  2.2073812095e-11  9.1847604302e-06      0.0000000000  7.9736443286e-09  7.2017915398e-09    0.024741666667    0.024741666667
 7.8452962127e-09  8.7172266060e-12  9.1844303229e-06      0.0000000000  7.7194405595e-09  7.8689376809e-09    0.024758333333    0.024758333333
 7.9338463304e-09  3.2489122113e-11  9.1840903250e-06      0.0000000000  7.4647820430e-09  7.4053329802e-09    0.024775000000    0.024775000000
 7.4248933203e-09  1.4844250357e-11  9.1837604272e-06      0.0000000000  7.2105782738e-09  7.0697553111e-09    0.024791666667    0.024791666667
 7.2015763913e-09  1.6983586793e-11  9.1834303199e-06      0.0000000000  6.9563745047e-09  7.2969274317e-09    0.024808333333    0.024808333333
 6.7825842244e-09  5.6012322231e-12  9.1830903290e-06      0.0000000000  6.7017159882e-09  6.3406945870e-09    0.024825000000    0.024825000000
 6.5755074302e-09  8.8654202730e-12  9.1827604208e-06      0.0000000000  6.4475122191e-09  6.5314065963e-09    0.024841666667    0.024841666667
 6.3004115352e-09  7.4498520853e-12  9.1824303309e-06      0.0000000000  6.1928537026e-09  5.6145267738e-09    0.024858333333    0.024858333333
 5.8610765836e-09 -5.3415187607e-12  9.1820903225e-06      0.0000000000  5.9381951861e-09  5.9132827178e-09    0.024875000000    0.024875000000
 5.8268983631e-09  9.8982620301e-12  9.1817604283e-06      0.0000000000  5.6839914169e-09  4.7289029673e-09    0.024891666667    0.024891666667
 5.3917793486e-09 -2.6010974703e-12  9.1814303280e-06      0.0000000000  5.4293329004e-09  5.7185615112e-09    0.024908333333    0.024908333333
 5.2572698952e-09  5.6893721852e-12  9.1810903231e-06      0.0000000000  5.1751291313e-09  4.8734384579e-09    0.024925000000    0.024925000000
 5.0750061074e-09  1.0703698032e-11  9.1807604288e-06      0.0000000000  4.9204706148e-09  4.3421176300e-09    0.024941666667    0.024941666667
 4.8699195091e-09  1.4137231868e-11  9.1804303250e-06      0.0000000000  4.6658120983e-09  3.8474613038e-09    0.024958333333    0.024958333333
 4.9937478741e-09  4.0352628866e-11  9.1800903306e-06      0.0000000000  4.4111535818e-09  4.8945692857e-09    0.024975000000    0.024975000000
 4.7707219113e-09  4.2512118693e-11  9.1797604224e-06      0.0000000000  4.1569498126e-09  4.4760719844e-09    0.024991666667    0.024991666667
 4.4827347982e-09  4.0203657204e-11  9.1794303290e-06      0.0000000000  3.9022912961e-09  3.8078410018e-09    0.025008333333    0.025008333333
 4.3088873877e-09  4.5800932375e-11  9.1790903276e-06      0.0000000000  3.6476327797e-09  3.7391029222e-09    0.025025000000    0.025025000000
 3.8263082881e-09  3.0014312382e-11  9.1787604264e-06      0.0000000000  3.3929742632e-09  3.9582723707e-09    0.025041666667    0.025041666667
 3.3346830523e-09  1.3601123650e-11  9.1784303296e-06      0.0000000000  3.1383157467e-09  2.9354554073e-09    0.025058333333    0.025058333333
 3.2983432155e-09  2.8722680400e-11  9.1780903247e-06      0.0000000000  2.8836572302e-09  3.3715460093e-09    0.025075000000    0.025075000000
 2.6427690877e-09  9.5378688140e-13  9.1777604304e-06      0.0000000000  2.6289987137e-09  3.1135423759e-09    0.025091666667    0.025091666667
 2.3246540158e-09 -3.4414481254e-12  9.1774303231e-06      0.0000000000  2.3743401972e-09  2.5237658802e-09    0.025108333333    0.025108333333
 1.9803380935e-09 -9.6514506446e-12  9.1770903322e-06      0.0000000000  2.1196816807e-09  1.2176952021e-09    0.025125000000    0.025125000000
 1.3462334762e-09 -3.5933286702e-11  9.1767604275e-06      0.0000000000  1.8650231642e-09  3.1772964730e-09    0.025141666667    0.025141666667
 1.3746233291e-09 -1.6328312965e-11  9.1764303272e-06      0.0000000000  1.6103646477e-09  1.5948427437e-09    0.025158333333    0.025158333333
 6.8937118471e-10 -4.6152815345e-11  9.1760903292e-06      0.0000000000  1.3557061312e-09  1.2573783935e-09    0.025175000000    0.025175000000
 6.8362688318e-10 -2.8912099004e-11  9.1757604280e-06      0.0000000000  1.1010476147e-09  1.8186188384e-09    0.025191666667    0.025191666667
 5.2192978240e-10 -2.2473248579e-11  9.1754303312e-06      0.0000000000  8.4638909819e-10  3.6974212720e-10    0.025208333333    0.025208333333
 3.1640927305e-10 -1.9069769019e-11  9.1750903263e-06      0.0000000000  5.9173058169e-10  1.0853759712e-09    0.025225000000    0.025225000000
 1.5234783821e-10 -1.2794681088e-11  9.1747604320e-06      0.0000000000  3.3707206520e-10 -5.6128952453e-11    0.025241666667    0.025241666667
 7.6669509800e-11 -3.6635583562e-13  9.1744303282e-06      0.0000000000  8.1958801350e-11 -2.8852089059e-10    0.025258333333    0.025258333333
-1.6155436982e-10  7.7196771321e-13  9.1740903303e-06      0.0000000000 -1.7269971515e-10  7.1700149651e-10    0.025275000000    0.025275000000
 1.5143807059e-11  3.0649322822e-11  9.1737604291e-06      0.0000000000 -4.2735823164e-10  3.9709900241e-10    0.025291666667    0.025291666667
-1.7881000495e-10  3.4885451968e-11  9.1734303288e-06      0.0000000000 -6.8247149549e-10 -5.0014361486e-10    0.025308333333    0.025308333333
-2.7154331025e-10  4.6100989156e-11  9.1730903308e-06      0.0000000000 -9.3713001199e-10 -4.9121332456e-10    0.025325000000    0.025325000000
-5.2534523626e-10  4.6160319772e-11  9.1727604261e-06      0.0000000000 -1.1917885285e-09 -1.2361064472e-09    0.025341666667    0.025341666667
-5.3059612110e-10  6.3466709451e-11  9.1724303328e-06      0.0000000000 -1.4469017923e-09 -1.7895486104e-09    0.025358333333    0.025358333333
-9.2744279547e-10  5.3618233351e-11  9.1720903279e-06      0.0000000000 -1.7015603088e-09 -1.2624728148e-09    0.025375000000    0.025375000000
-1.1937862693e-09  5.2840387598e-11  9.1717604336e-06      0.0000000000 -1.9566735727e-09 -2.3672660698e-09    0.025391666667    0.025391666667
-1.3314710449e-09  6.0942420205e-11  9.1714303298e-06      0.0000000000 -2.2113320892e-09 -2.9872923516e-09    0.025408333333    0.025408333333
-1.6345256877e-09  5.7621823526e-11  9.1710903319e-06      0.0000000000 -2.4664453530e-09 -3.0762965301e-09    0.025425000000    0.025425000000
-1.7851647375e-09  6.4826595338e-11  9.1707604307e-06      0.0000000000 -2.7211038695e-09 -1.9909203676e-09    0.025441666667    0.025441666667
-1.9283418774e-09  7.2579704022e-11  9.1704303304e-06      0.0000000000 -2.9762171334e-09 -4.7322993757e-09    0.025458333333    0.025458333333
-2.1572351442e-09  7.4395797700e-11  9.1700903324e-06      0.0000000000 -3.2313303972e-09 -5.3114318458e-09    0.025475000000    0.025475000000
-2.3863004022e-09  7.6168481151e-11  9.1697604277e-06      0.0000000000 -3.4859889137e-09 -3.3617513727e-09    0.025491666667    0.025491666667
-2.8545613171e-09  6.1405088907e-11  9.1694303344e-06      0.0000000000 -3.7411021776e-09 -3.9638070176e-09    0.025508333333    0.025508333333
-2.7955639824e-09  8.3161547170e-11  9.1690903295e-06      0.0000000000 -3.9962154414e-09 -5.2012496726e-09    0.025525000000    0.025525000000
-3.2881214321e-09  6.6683789861e-11  9.1687604352e-06      0.0000000000 -4.2508739579e-09 -5.8049718858e-09    0.025541666667    0.025541666667
-3.5678242349e-09  6.4980627721e-11  9.1684303314e-06      0.0000000000 -4.5059872217e-09 -4.0537230919e-09    0.025558333333    0.025558333333
-3.6123440659e-09  7.9567105397e-11  9.1680903335e-06      0.0000000000 -4.7611004856e-09 -4.4749718030e-09    0.025575000000    0.025575000000
-4.0254170582e-09  6.8626232163e-11  9.1677604323e-06      0.0000000000 -5.0162137494e-09 -4.8535658001e-09    0.025591666667    0.025591666667
-4.3052326138e-09  6.6915260353e-11  9.1674303320e-06      0.0000000000 -5.2713270133e-09 -4.2299862689e-09    0.025608333333    0.025608333333
-4.1167104389e-09  9.7643086641e-11  9.1670903340e-06      0.0000000000 -5.5264402771e-09 -3.1705834155e-09    0.025625000000    0.025625000000
-4.7680034361e-09  7.0170720012e-11  9.1667604293e-06      0.0000000000 -5.7810987936e-09 -5.9303890085e-09    0.025641666667    0.025641666667
-4.7391027994e-09  8.9842569999e-11  9.1664303360e-06      0.0000000000 -6.0362120575e-09 -6.3364184924e-09    0.025658333333    0.025658333333
-5.0264495431e-09  8.7609960328e-11  9.1660903311e-06      0.0000000000 -6.2913253213e-09 -6.0218458723e-09    0.025675000000    0.025675000000
-5.2607015040e-09  8.9054891096e-11  9.1657604333e-06      0.0000000000 -6.5464385852e-09 -6.9015266335e-09    0.025691666667    0.025691666667
-5.4275850404e-09  9.5166007344e-11  9.1654303330e-06      0.0000000000 -6.8015518490e-09 -8.4957563971e-09    0.025708333333    0.025708333333
-5.8384741265e-09  8.4407896983e-11  9.1650903351e-06      0.0000000000 -7.0571198602e-09 -8.1600057821e-09    0.025725000000    0.025725000000
-6.1185619453e-09  8.2678067225e-11  9.1647604339e-06      0.0000000000 -7.3122331241e-09 -6.3181491310e-09    0.025741666667    0.025741666667
-6.7033760591e-09  5.9841770662e-11  9.1644303301e-06      0.0000000000 -7.5673463879e-09 -9.7041756086e-09    0.025758333333    0.025758333333
-6.6711593697e-09  7.9743302682e-11  9.1640903391e-06      0.0000000000 -7.8224596518e-09 -8.2145780315e-09    0.025775000000    0.025775000000
-7.1880068284e-09  6.1614627267e-11  9.1637604309e-06      0.0000000000 -8.0775729156e-09 -7.6525357471e-09    0.025791666667    0.025791666667
-7.1711766126e-09  8.0450435391e-11  9.1634303341e-06      0.0000000000 -8.3326861795e-09 -8.4922974818e-09    0.025808333333    0.025808333333
-7.2964926737e-09  8.9472165730e-11  9.1630903327e-06      0.0000000000 -8.5882541907e-09 -8.8994589744e-09    0.025825000000    0.025825000000
-7.7055100409e-09  7.8812200045e-11  9.1627604349e-06      0.0000000000 -8.8433674545e-09 -8.6948326924e-09    0.025841666667    0.025841666667
-7.5003792810e-09  1.1069039817e-10  9.1624303346e-06      0.0000000000 -9.0984807183e-09 -7.8223684862e-09    0.025858333333    0.025858333333
-7.9367614403e-09  9.8166543563e-11  9.1620903332e-06      0.0000000000 -9.3540487295e-09 -1.0906353050e-08    0.025875000000    0.025875000000
-8.2405235932e-09  9.4796942127e-11  9.1617604390e-06      0.0000000000 -9.6091619934e-09 -8.3876810177e-09    0.025891666667    0.025891666667
-8.2735207357e-09  1.1018152369e-10  9.1614303317e-06      0.0000000000 -9.8642752572e-09 -8.4437626118e-09    0.025908333333    0.025908333333
-8.5821802283e-09  1.0650421193e-10  9.1610903372e-06      0.0000000000 -1.0119843268e-08 -1.0143017620e-08    0.025925000000    0.025925000000
-8.9295734154e-09  1.0011256418e-10  9.1607604325e-06      0.0000000000 -1.0374956532e-08 -1.1297383420e-08    0.025941666667    0.025941666667
-9.2708887191e-09  9.4173390532e-11  9.1604303392e-06      0.0000000000 -1.0630524543e-08 -9.8496072727e-09    0.025958333333    0.025958333333
-9.4601261536e-09  9.8736193374e-11  9.1600903343e-06      0.0000000000 -1.0885637807e-08 -1.1472325920e-08    0.025975000000    0.025975000000
-9.5060816550e-09  1.1325472870e-10  9.1597604331e-06      0.0000000000 -1.1141205819e-08 -1.2113027082e-08    0.025991666667    0.025991666667
-1.0036047173e-08  9.4217448114e-11  9.1594303397e-06      0.0000000000 -1.1396319082e-08 -1.3566431828e-08    0.026008333333    0.026008333333
-1.0196641482e-08  1.0079567696e-10  9.1590903313e-06      0.0000000000 -1.1651887094e-08 -1.2268127986e-08    0.026025000000    0.026025000000
-1.0318432283e-08  1.1006157979e-10  9.1587604406e-06      0.0000000000 -1.1907455105e-08 -1.2493350537e-08    0.026041666667    0.026041666667
-1.0889984858e-08  8.8143826298e-11  9.1584303333e-06      0.0000000000 -1.2162568369e-08 -1.1705802700e-08    0.026058333333    0.026058333333
-1.0956332306e-08  1.0124994018e-10  9.1580903423e-06      0.0000000000 -1.2418136380e-08 -1.1449292689e-08    0.026075000000    0.026075000000
-1.1202739463e-08  1.0188445473e-10  9.1577604341e-06      0.0000000000 -1.2673704391e-08 -1.2302245469e-08    0.026091666667    0.026091666667
-1.1392883272e-08  1.0641597626e-10  9.1574303373e-06      0.0000000000 -1.2929272402e-08 -1.2491149409e-08    0.026108333333    0.026108333333
-1.1751558946e-08  9.9242861817e-11  9.1570903394e-06      0.0000000000 -1.3184385666e-08 -1.3622041751e-08    0.026125000000    0.026125000000
-1.1679384046e-08  1.2194354432e-10  9.1567604312e-06      0.0000000000 -1.3439953677e-08 -1.2694675127e-08    0.026141666667    0.026141666667
-1.2120385862e-08  1.0909971530e-10  9.1564303413e-06      0.0000000000 -1.3695521688e-08 -1.4869232258e-08    0.026158333333    0.026158333333
-1.2021930223e-08  1.3362069870e-10  9.1560903329e-06      0.0000000000 -1.3951089700e-08 -1.5151306798e-08    0.026175000000    0.026175000000
-1.2470027979e-08  1.2028537863e-10  9.1557604422e-06      0.0000000000 -1.4206657711e-08 -1.3154412131e-08    0.026191666667    0.026191666667
-1.2779847062e-08  1.1652774940e-10  9.1554303349e-06      0.0000000000 -1.4462225722e-08 -1.4213453371e-08    0.026208333333    0.026208333333
-1.3037263374e-08  1.1639972923e-10  9.1550903404e-06      0.0000000000 -1.4717793733e-08 -1.5608732618e-08    0.026225000000    0.026225000000
-1.3451096856e-08  1.0543767913e-10  9.1547604392e-06      0.0000000000 -1.4973361744e-08 -1.5257825665e-08    0.026241666667    0.026241666667
-1.3590463725e-08  1.1348619871e-10  9.1544303354e-06      0.0000000000 -1.5228929756e-08 -1.6800376090e-08    0.026258333333    0.026258333333
-1.4099462388e-08  9.5932657328e-11  9.1540903410e-06      0.0000000000 -1.5484497767e-08 -1.6392286980e-08    0.026275000000    0.026275000000
-1.4325188502e-08  9.7999617165e-11  9.1537604328e-06      0.0000000000 -1.5740065778e-08 -1.6824682831e-08    0.026291666667    0.026291666667
-1.4502794847e-08  1.0339952962e-10  9.1534303429e-06      0.0000000000 -1.5995633789e-08 -1.3197208346e-08    0.026308333333    0.026308333333
-1.4654058810e-08  1.1065551009e-10  9.1530903345e-06      0.0000000000 -1.6251656548e-08 -1.4430280190e-08    0.026325000000    0.026325000000
-1.4878803280e-08  1.1279046217e-10  9.1527604403e-06      0.0000000000 -1.6507224559e-08 -1.7278775515e-08    0.026341666667    0.026341666667
-1.5021598153e-08  1.2060154556e-10  9.1524303400e-06      0.0000000000 -1.6762792570e-08 -1.6124346826e-08    0.026358333333    0.026358333333
-1.5104168636e-08  1.3258399224e-10  9.1520903386e-06      0.0000000000 -1.7018360581e-08 -1.6822497426e-08    0.026375000000    0.026375000000
-1.5318600851e-08  1.3546470670e-10  9.1517604408e-06      0.0000000000 -1.7274383340e-08 -1.6023943950e-08    0.026391666667    0.026391666667
-1.5662458969e-08  1.2934940833e-10  9.1514303370e-06      0.0000000000 -1.7529951351e-08 -1.7885547862e-08    0.026408333333    0.026408333333
-1.5777732288e-08  1.3906673601e-10  9.1510903426e-06      0.0000000000 -1.7785519362e-08 -1.6899191010e-08    0.026425000000    0.026425000000
-1.6174542589e-08  1.2931527173e-10  9.1507604344e-06      0.0000000000 -1.8041542121e-08 -1.7941047730e-08    0.026441666667    0.026441666667
-1.6412244272e-08  1.3055275945e-10  9.1504303445e-06      0.0000000000 -1.8297110132e-08 -1.9886373114e-08    0.026458333333    0.026458333333
-1.6650862673e-08  1.3172675196e-10  9.1500903396e-06      0.0000000000 -1.8552678143e-08 -1.9411291104e-08    0.026475000000    0.026475000000
-1.6720496593e-08  1.4463673017e-10  9.1497604384e-06      0.0000000000 -1.8808700902e-08 -1.9311045451e-08    0.026491666667    0.026491666667
-1.6776287233e-08  1.5847404757e-10  9.1494303416e-06      0.0000000000 -1.9064268913e-08 -2.0930934077e-08    0.026508333333    0.026508333333
-1.7178618410e-08  1.4834018704e-10  9.1490903402e-06      0.0000000000 -1.9320291672e-08 -1.8620614521e-08    0.026525000000    0.026525000000
-1.6863073216e-08  1.8792909091e-10  9.1487604424e-06      0.0000000000 -1.9576314430e-08 -1.7924995219e-08    0.026541666667    0.026541666667
-1.7332626055e-08  1.7310771272e-10  9.1484303351e-06      0.0000000000 -1.9831882441e-08 -1.9325745841e-08    0.026558333333    0.026558333333
-1.7259088046e-08  1.9593430665e-10  9.1480903477e-06      0.0000000000 -2.0087905200e-08 -2.1210320095e-08    0.026575000000    0.026575000000
-1.7530412833e-08  1.9487443173e-10  9.1477604395e-06      0.0000000000 -2.0343927958e-08 -2.3122911563e-08    0.026591666667    0.026591666667
-1.7739354554e-08  1.9810394058e-10  9.1474303427e-06      0.0000000000 -2.0599495970e-08 -1.9461508264e-08    0.026608333333    0.026608333333
-1.7902463699e-08  2.0453948002e-10  9.1470903412e-06      0.0000000000 -2.0855518728e-08 -1.9127565719e-08    0.026625000000    0.026625000000
-1.8219366776e-08  2.0032268467e-10  9.1467604435e-06      0.0000000000 -2.1111541487e-08 -1.8569359686e-08    0.026641666667    0.026641666667
-1.8281788185e-08  2.1370073054e-10  9.1464303991e-06      0.0000000000 -2.1367109498e-08 -2.1093047146e-08    0.026658333333    0.026658333333
-1.8673046615e-08  2.0433380924e-10  9.1460903942e-06      0.0000000000 -2.1623132256e-08 -2.1904068439e-08    0.026675000000    0.026675000000
-1.9012561960e-08  1.9855080487e-10  9.1457604999e-06      0.0000000000 -2.1879155015e-08 -2.3242794422e-08    0.026691666667    0.026691666667
-1.9627319561e-08  1.7370350696e-10  9.1454303961e-06      0.0000000000 -2.2135177774e-08 -2.2316559806e-08    0.026708333333    0.026708333333
-1.9828024530e-08  1.7753502103e-10  9.1450904017e-06      0.0000000000 -2.2391200532e-08 -2.2214411749e-08    0.026725000000    0.026725000000
-2.0081726224e-08  1.7769578647e-10  9.1447604969e-06      0.0000000000 -2.2647223291e-08 -2.3495641127e-08    0.026741666667    0.026741666667
-2.0234841790e-08  1.8482351809e-10  9.1444303966e-06      0.0000000000 -2.2903246049e-08 -2.4715977874e-08    0.026758333333    0.026758333333
-2.0486532639e-08  1.8512356216e-10  9.1440903987e-06      0.0000000000 -2.3159268808e-08 -2.1684600266e-08    0.026775000000    0.026775000000
-2.0633241070e-08  1.9269507552e-10  9.1437604940e-06      0.0000000000 -2.3415291566e-08 -2.3380474971e-08    0.026791666667    0.026791666667
-2.0853179198e-08  1.9519443009e-10  9.1434304042e-06      0.0000000000 -2.3671314325e-08 -2.5105593233e-08    0.026808333333    0.026808333333
-2.0949336997e-08  2.0626726663e-10  9.1430903958e-06      0.0000000000 -2.3927337083e-08 -2.4029273139e-08    0.026825000000    0.026825000000
-2.1150008835e-08  2.1010107548e-10  9.1427605015e-06      0.0000000000 -2.4183359842e-08 -2.4235534545e-08    0.026841666667    0.026841666667
-2.1340961494e-08  2.1460807050e-10  9.1424303977e-06      0.0000000000 -2.4439382601e-08 -2.4432975716e-08    0.026858333333    0.026858333333
-2.1550361326e-08  2.1786884380e-10  9.1420903998e-06      0.0000000000 -2.4695860106e-08 -2.4614600212e-08    0.026875000000    0.026875000000
-2.1987889526e-08  2.0529710770e-10  9.1417604986e-06      0.0000000000 -2.4951882865e-08 -2.3442279498e-08    0.026891666667    0.026891666667
-2.2204898487e-08  2.0799934714e-10  9.1414303982e-06      0.0000000000 -2.5207905623e-08 -2.4668370622e-08    0.026908333333    0.026908333333
-2.2289726240e-08  2.1985694451e-10  9.1410904038e-06      0.0000000000 -2.5463928382e-08 -2.7608118420e-08    0.026925000000    0.026925000000
-2.2546151978e-08  2.1986053010e-10  9.1407604956e-06      0.0000000000 -2.5720405888e-08 -2.5433388342e-08    0.026941666667    0.026941666667
-2.2540692843e-08  2.3797173022e-10  9.1404304058e-06      0.0000000000 -2.5976428646e-08 -2.5685716210e-08    0.026958333333    0.026958333333
-2.2953264022e-08  2.2716010683e-10  9.1400903974e-06      0.0000000000 -2.6232906152e-08 -2.7234335460e-08    0.026975000000    0.026975000000
-2.3016041935e-08  2.4054495741e-10  9.1397604996e-06      0.0000000000 -2.6488928911e-08 -2.7470563649e-08    0.026991666667    0.026991666667
-2.3110301641e-08  2.5174926291e-10  9.1394303993e-06      0.0000000000 -2.6744951669e-08 -2.7475987857e-08    0.027008333333    0.027008333333
-2.3671453140e-08  2.3064641870e-10  9.1390904014e-06      0.0000000000 -2.7001429175e-08 -2.8164374882e-08    0.027025000000    0.027025000000
-2.3592635524e-08  2.5383869767e-10  9.1387605002e-06      0.0000000000 -2.7257451934e-08 -2.7778737276e-08    0.027041666667    0.027041666667
-2.3664142232e-08  2.6665045718e-10  9.1384303964e-06      0.0000000000 -2.7513929440e-08 -2.7504193739e-08    0.027058333333    0.027058333333
-2.3926588219e-08  2.6623705818e-10  9.1380904054e-06      0.0000000000 -2.7770406946e-08 -2.6295711638e-08    0.027075000000    0.027075000000
-2.3735208638e-08  2.9722579395e-10  9.1377604972e-06      0.0000000000 -2.8026429704e-08 -2.9217363020e-08    0.027091666667    0.027091666667
-2.3935500079e-08  3.0111744796e-10  9.1374304039e-06      0.0000000000 -2.8282907210e-08 -2.7141007637e-08    0.027108333333    0.027108333333
-2.4409932890e-08  2.8598956235e-10  9.1370903990e-06      0.0000000000 -2.8538929969e-08 -2.7240498618e-08    0.027125000000    0.027125000000
-2.4402271146e-08  3.0428482080e-10  9.1367605012e-06      0.0000000000 -2.8795407475e-08 -2.7276691449e-08    0.027141666667    0.027141666667
-2.4809419774e-08  2.9384878333e-10  9.1364304044e-06      0.0000000000 -2.9051884981e-08 -2.9249452320e-08    0.027158333333    0.027158333333
-2.4981738650e-08  2.9967792031e-10  9.1360903995e-06      0.0000000000 -2.9308362486e-08 -2.9001746821e-08    0.027175000000    0.027175000000
-2.5123232668e-08  3.0761060316e-10  9.1357605018e-06      0.0000000000 -2.9564385245e-08 -2.9147901713e-08    0.027191666667    0.027191666667
-2.5612267838e-08  2.9150280187e-10  9.1354303980e-06      0.0000000000 -2.9820862751e-08 -3.0762161740e-08    0.027208333333    0.027208333333
-2.5332150593e-08  3.2866933286e-10  9.1350904070e-06      0.0000000000 -3.0077340257e-08 -3.1404922529e-08    0.027225000000    0.027225000000
-2.5636713735e-08  3.2533874441e-10  9.1347604988e-06      0.0000000000 -3.0333817763e-08 -2.9243587887e-08    0.027241666667    0.027241666667
-2.5999957730e-08  3.1794370373e-10  9.1344304055e-06      0.0000000000 -3.0590295269e-08 -3.2183319962e-08    0.027258333333    0.027258333333
-2.6136483490e-08  3.2625200389e-10  9.1340904041e-06      0.0000000000 -3.0846772774e-08 -3.3003994774e-08    0.027275000000    0.027275000000
-2.6166063547e-08  3.4196775785e-10  9.1337604993e-06      0.0000000000 -3.1103250280e-08 -3.2557323036e-08    0.027291666667    0.027291666667
-2.6496314541e-08  3.3685793403e-10  9.1334304060e-06      0.0000000000 -3.1359727786e-08 -3.0196267482e-08    0.027308333333    0.027308333333
-2.6888028068e-08  3.2749098861e-10  9.1330904011e-06      0.0000000000 -3.1616205292e-08 -3.3076207491e-08    0.027325000000    0.027325000000
-2.7367372647e-08  3.1205439333e-10  9.1327605034e-06      0.0000000000 -3.1872682798e-08 -3.3050894520e-08    0.027341666667    0.027341666667
-2.7419614935e-08  3.2620047758e-10  9.1324303996e-06      0.0000000000 -3.2129160304e-08 -3.0244880964e-08    0.027358333333    0.027358333333
-2.7709098868e-08  3.2391433075e-10  9.1320904086e-06      0.0000000000 -3.2385637810e-08 -3.0653881970e-08    0.027375000000    0.027375000000
-2.7877478155e-08  3.3004783568e-10  9.1317605004e-06      0.0000000000 -3.2642570063e-08 -3.3167978802e-08    0.027391666667    0.027391666667
-2.7874195866e-08  3.4803975691e-10  9.1314304036e-06      0.0000000000 -3.2899047569e-08 -3.0473043592e-08    0.027408333333    0.027408333333
-2.8095698448e-08  3.5046224908e-10  9.1310904057e-06      0.0000000000 -3.3155525075e-08 -3.2821489827e-08    0.027425000000    0.027425000000
-2.8382204052e-08  3.4838239228e-10  9.1307605009e-06      0.0000000000 -3.3412002581e-08 -3.3501449677e-08    0.027441666667    0.027441666667
-2.8409118466e-08  3.6431427602e-10  9.1304304076e-06      0.0000000000 -3.3668934834e-08 -3.3370576901e-08    0.027458333333    0.027458333333
-2.8770188897e-08  3.5706978431e-10  9.1300903992e-06      0.0000000000 -3.3925412340e-08 -3.4082956221e-08    0.027475000000    0.027475000000
-2.8613512120e-08  3.8568637337e-10  9.1297605085e-06      0.0000000000 -3.4181889846e-08 -3.3801133239e-08    0.027491666667    0.027491666667
-2.9173735490e-08  3.6467931229e-10  9.1294304047e-06      0.0000000000 -3.4438822099e-08 -3.5640757318e-08    0.027508333333    0.027508333333
-2.8976277491e-08  3.9612055917e-10  9.1290904067e-06      0.0000000000 -3.4695299605e-08 -3.6305435051e-08    0.027525000000    0.027525000000
-2.9167301108e-08  4.0068563432e-10  9.1287605020e-06      0.0000000000 -3.4952231858e-08 -3.4226375425e-08    0.027541666667    0.027541666667
-2.9181802758e-08  4.1744577437e-10  9.1284304052e-06      0.0000000000 -3.5208709364e-08 -3.6170458744e-08    0.027558333333    0.027558333333
-2.9503414618e-08  4.1296582631e-10  9.1280904073e-06      0.0000000000 -3.5465641617e-08 -3.4916900689e-08    0.027575000000    0.027575000000
-2.9656339489e-08  4.2013826360e-10  9.1277604990e-06      0.0000000000 -3.5722119123e-08 -3.4900769566e-08    0.027591666667    0.027591666667
-3.0038289026e-08  4.1147910557e-10  9.1274304127e-06      0.0000000000 -3.5979051377e-08 -3.5707671606e-08    0.027608333333    0.027608333333
-3.0124283736e-08  4.2331887011e-10  9.1270904043e-06      0.0000000000 -3.6235983630e-08 -3.6604316774e-08    0.027625000000    0.027625000000
-3.0336531242e-08  4.2638240296e-10  9.1267605066e-06      0.0000000000 -3.6492461136e-08 -3.6509966999e-08    0.027641666667    0.027641666667
-3.0555383411e-08  4.2901997005e-10  9.1264304063e-06      0.0000000000 -3.6749393389e-08 -3.5173489311e-08    0.027658333333    0.027658333333
-3.0663008745e-08  4.3936151782e-10  9.1260904083e-06      0.0000000000 -3.7006325642e-08 -3.6464969656e-08    0.027675000000    0.027675000000
-3.1081473603e-08  4.2817317400e-10  9.1257605036e-06      0.0000000000 -3.7263257895e-08 -3.6515548430e-08    0.027691666667    0.027691666667
-3.0974368753e-08  4.5335622854e-10  9.1254304033e-06      0.0000000000 -3.7519735401e-08 -3.6850198481e-08    0.027708333333    0.027708333333
-3.1397695071e-08  4.4183116209e-10  9.1250904124e-06      0.0000000000 -3.7776667655e-08 -3.7908123435e-08    0.027725000000    0.027725000000
-3.1480131925e-08  4.5391735689e-10  9.1247605007e-06      0.0000000000 -3.8033599908e-08 -3.8996911345e-08    0.027741666667    0.027741666667
-3.1620927938e-08  4.6196138108e-10  9.1244304108e-06      0.0000000000 -3.8290532161e-08 -3.8657418813e-08    0.027758333333    0.027758333333
-3.1846232930e-08  4.6415200185e-10  9.1240904059e-06      0.0000000000 -3.8547464414e-08 -3.8570144092e-08    0.027775000000    0.027775000000
-3.1949286434e-08  4.7481021138e-10  9.1237605082e-06      0.0000000000 -3.8804396668e-08 -3.8609890173e-08    0.027791666667    0.027791666667
-3.2040110541e-08  4.8631547405e-10  9.1234304079e-06      0.0000000000 -3.9061328921e-08 -3.8729710142e-08    0.027808333333    0.027808333333
-3.2381807618e-08  4.8044434982e-10  9.1230904064e-06      0.0000000000 -3.9318261174e-08 -3.8607107318e-08    0.027825000000    0.027825000000
-3.2705993554e-08  4.7578611179e-10  9.1227605087e-06      0.0000000000 -3.9575193427e-08 -4.0346532911e-08    0.027841666667    0.027841666667
-3.3223825368e-08  4.5771524618e-10  9.1224304049e-06      0.0000000000 -3.9832125681e-08 -3.9840414997e-08    0.027858333333    0.027858333333
-3.3695819989e-08  4.4281923362e-10  9.1220904140e-06      0.0000000000 -4.0089057934e-08 -3.9277177815e-08    0.027875000000    0.027875000000
-3.3747517294e-08  4.5703456292e-10  9.1217605023e-06      0.0000000000 -4.0345990187e-08 -4.0509589321e-08    0.027891666667    0.027891666667
-3.4166970284e-08  4.4580927485e-10  9.1214304124e-06      0.0000000000 -4.0603377188e-08 -4.0364189101e-08    0.027908333333    0.027908333333
-3.4267385321e-08  4.5665023438e-10  9.1210904075e-06      0.0000000000 -4.0860309441e-08 -4.0451463822e-08    0.027925000000    0.027925000000
-3.4472120954e-08  4.6026556479e-10  9.1207605063e-06      0.0000000000 -4.1117241694e-08 -4.1180257266e-08    0.027941666667    0.027941666667
-3.4673961887e-08  4.6408139275e-10  9.1204304130e-06      0.0000000000 -4.1374173948e-08 -4.2241939859e-08    0.027958333333    0.027958333333
-3.4644019073e-08  4.8398291518e-10  9.1200904080e-06      0.0000000000 -4.1631560948e-08 -4.1952774544e-08    0.027975000000    0.027975000000
-3.4884821688e-08  4.8510011342e-10  9.1197605103e-06      0.0000000000 -4.1888493201e-08 -4.1354413649e-08    0.027991666667    0.027991666667
-3.4678758487e-08  5.1716888574e-10  9.1194304065e-06      0.0000000000 -4.2145425455e-08 -4.2410247531e-08    0.028008333333    0.028008333333
-3.4940054122e-08  5.1689815930e-10  9.1190904156e-06      0.0000000000 -4.2402812455e-08 -4.3023874820e-08    0.028025000000    0.028025000000
-3.5151694123e-08  5.2003526770e-10  9.1187605039e-06      0.0000000000 -4.2659744708e-08 -4.3347723622e-08    0.028041666667    0.028041666667
-3.5448799974e-08  5.1728419366e-10  9.1184304105e-06      0.0000000000 -4.2917131709e-08 -4.3765246138e-08    0.028058333333    0.028058333333
-3.5624406391e-08  5.2291712094e-10  9.1180904126e-06      0.0000000000 -4.3174063962e-08 -4.2439428198e-08    0.028075000000    0.028075000000
-3.5755274630e-08  5.3168027689e-10  9.1177605044e-06      0.0000000000 -4.3431450963e-08 -4.3200688279e-08    0.028091666667    0.028091666667
-3.6105084293e-08  5.2524724503e-10  9.1174304146e-06      0.0000000000 -4.3688383216e-08 -4.2296527831e-08    0.028108333333    0.028108333333
-3.5998662794e-08  5.5044596320e-10  9.1170904096e-06      0.0000000000 -4.3945770217e-08 -4.3341308906e-08    0.028125000000    0.028125000000
-3.6314532090e-08  5.4639526379e-10  9.1167605119e-06      0.0000000000 -4.4203157217e-08 -4.5234294614e-08    0.028141666667    0.028141666667
-3.6396939018e-08  5.5848353130e-10  9.1164304081e-06      0.0000000000 -4.4460089471e-08 -4.4325967745e-08    0.028158333333    0.028158333333
-3.6638406737e-08  5.5958615944e-10  9.1160904137e-06      0.0000000000 -4.4717476471e-08 -4.4247560426e-08    0.028175000000    0.028175000000
-3.6936990932e-08  5.5673268990e-10  9.1157605090e-06      0.0000000000 -4.4974863472e-08 -4.5161217168e-08    0.028191666667    0.028191666667
-3.7140912256e-08  5.6043591975e-10  9.1154304086e-06      0.0000000000 -4.5232250472e-08 -4.4870856955e-08    0.028208333333    0.028208333333
-3.7389590005e-08  5.6103915463e-10  9.1150904142e-06      0.0000000000 -4.5489637473e-08 -4.4916624692e-08    0.028225000000    0.028225000000
-3.7704183675e-08  5.5704531228e-10  9.1147605060e-06      0.0000000000 -4.5746569726e-08 -4.5089004451e-08    0.028241666667    0.028241666667
-3.7791471378e-08  5.6882701686e-10  9.1144304162e-06      0.0000000000 -4.6003956727e-08 -4.6290238552e-08    0.028258333333    0.028258333333
-3.8060749480e-08  5.6800339536e-10  9.1140904078e-06      0.0000000000 -4.6261343727e-08 -4.6490352522e-08    0.028275000000    0.028275000000
-3.8224497699e-08  5.7448916263e-10  9.1137605135e-06      0.0000000000 -4.6518730728e-08 -4.6516530221e-08    0.028291666667    0.028291666667
-3.8652094270e-08  5.6269982020e-10  9.1134304132e-06      0.0000000000 -4.6776117729e-08 -4.6095454456e-08    0.028308333333    0.028308333333
-3.8488249030e-08  5.9187591833e-10  9.1130904118e-06      0.0000000000 -4.7033504729e-08 -4.6760132189e-08    0.028325000000    0.028325000000
-3.8917726327e-08  5.7995630985e-10  9.1127605106e-06      0.0000000000 -4.7290891730e-08 -4.6944602429e-08    0.028341666667    0.028341666667
-3.8772390438e-08  6.0785038213e-10  9.1124304137e-06      0.0000000000 -4.7548278730e-08 -4.6300866855e-08    0.028358333333    0.028358333333
-3.8932744052e-08  6.1457127228e-10  9.1120904158e-06      0.0000000000 -4.7805665731e-08 -4.7158583505e-08    0.028375000000    0.028375000000
-3.9156140951e-08  6.1695704955e-10  9.1117605041e-06      0.0000000000 -4.8063507479e-08 -4.7150753778e-08    0.028391666667    0.028391666667
-3.9277853774e-08  6.2635434333e-10  9.1114304178e-06      0.0000000000 -4.8320894480e-08 -4.7662107232e-08    0.028408333333    0.028408333333
-3.9673051835e-08  6.1680904119e-10  9.1110904129e-06      0.0000000000 -4.8578281480e-08 -4.8799335678e-08    0.028425000000    0.028425000000
-3.9885758254e-08  6.1990378298e-10  9.1107605116e-06      0.0000000000 -4.8835668481e-08 -4.8195220407e-08    0.028441666667    0.028441666667
-3.9922369824e-08  6.3522700086e-10  9.1104304148e-06      0.0000000000 -4.9093510229e-08 -4.7963630308e-08    0.028458333333    0.028458333333
-4.0170275136e-08  6.3588373754e-10  9.1100904169e-06      0.0000000000 -4.9350897229e-08 -5.0185354466e-08    0.028475000000    0.028475000000
-4.0485870833e-08  6.3185198862e-10  9.1097605122e-06      0.0000000000 -4.9608284230e-08 -4.8478945792e-08    0.028491666667    0.028491666667
-4.0497102082e-08  6.4893314108e-10  9.1094304119e-06      0.0000000000 -4.9866125978e-08 -4.9054194843e-08    0.028508333333    0.028508333333
-4.0922428369e-08  6.3730104691e-10  9.1090904174e-06      0.0000000000 -5.0123512979e-08 -5.0167635386e-08    0.028525000000    0.028525000000
-4.1013387292e-08  6.4885996669e-10  9.1087605092e-06      0.0000000000 -5.0381354727e-08 -5.0308460404e-08    0.028541666667    0.028541666667
-4.1430796305e-08  6.3777625203e-10  9.1084304159e-06      0.0000000000 -5.0638741727e-08 -5.0693123225e-08    0.028558333333    0.028558333333
-4.1411866198e-08  6.5694649130e-10  9.1080904145e-06      0.0000000000 -5.0896583475e-08 -5.0292832396e-08    0.028575000000    0.028575000000
-4.1521023389e-08  6.6721343444e-10  9.1077605132e-06      0.0000000000 -5.1153970476e-08 -5.0503433168e-08    0.028591666667    0.028591666667
-4.1946499911e-08  6.5560243187e-10  9.1074304164e-06      0.0000000000 -5.1411812224e-08 -5.1363162277e-08    0.028608333333    0.028608333333
-4.2057669819e-08  6.6572996684e-10  9.1070904150e-06      0.0000000000 -5.1669199224e-08 -5.0815741771e-08    0.028625000000    0.028625000000
-4.2414615388e-08  6.5886567078e-10  9.1067605138e-06      0.0000000000 -5.1927040972e-08 -5.2888370959e-08    0.028641666667    0.028641666667
-4.2466838402e-08  6.7310758244e-10  9.1064304135e-06      0.0000000000 -5.2184882720e-08 -5.2510170021e-08    0.028658333333    0.028658333333
-4.2692023047e-08  6.7536953386e-10  9.1060904190e-06      0.0000000000 -5.2442724468e-08 -5.2596517123e-08    0.028675000000    0.028675000000
-4.2794935553e-08  6.8606900689e-10  9.1057605108e-06      0.0000000000 -5.2700111469e-08 -5.2277557970e-08    0.028691666667    0.028691666667
-4.3074986160e-08  6.8453073943e-10  9.1054304175e-06      0.0000000000 -5.2957953217e-08 -5.2335604857e-08    0.028708333333    0.028708333333
-4.3374589748e-08  6.8163816039e-10  9.1050904161e-06      0.0000000000 -5.3215794965e-08 -5.3445617929e-08    0.028725000000    0.028725000000
-4.3112509165e-08  7.1764989817e-10  9.1047605113e-06      0.0000000000 -5.3473636713e-08 -5.2353339659e-08    0.028741666667    0.028741666667
-4.3709854256e-08  6.9413464475e-10  9.1044304180e-06      0.0000000000 -5.3731478461e-08 -5.3520582056e-08    0.028758333333    0.028758333333
-4.3689121441e-08  7.1342974622e-10  9.1040904166e-06      0.0000000000 -5.3989320208e-08 -5.4404036180e-08    0.028775000000    0.028775000000
-4.3889181996e-08  7.1743188465e-10  9.1037605154e-06      0.0000000000 -5.4247161956e-08 -5.4590455989e-08    0.028791666667    0.028791666667
-4.4334679610e-08  7.0443414742e-10  9.1034304151e-06      0.0000000000 -5.4505003704e-08 -5.4783998020e-08    0.028808333333    0.028808333333
-4.4296178887e-08  7.2495991968e-10  9.1030904206e-06      0.0000000000 -5.4762845452e-08 -5.5558103254e-08    0.028825000000    0.028825000000
-4.4709630677e-08  7.1418179439e-10  9.1027605124e-06      0.0000000000 -5.5020687200e-08 -5.5841938696e-08    0.028841666667    0.028841666667
-4.5093922525e-08  7.0542339420e-10  9.1024304191e-06      0.0000000000 -5.5278528948e-08 -5.4867860993e-08    0.028858333333    0.028858333333
-4.5225117877e-08  7.1419539056e-10  9.1020904177e-06      0.0000000000 -5.5536370696e-08 -5.4941803168e-08    0.028875000000    0.028875000000
-4.5640339778e-08  7.0329466085e-10  9.1017605129e-06      0.0000000000 -5.5794212444e-08 -5.6004114654e-08    0.028891666667    0.028891666667
-4.6000140580e-08  6.9626409832e-10  9.1014304196e-06      0.0000000000 -5.6052508939e-08 -5.6662912232e-08    0.028908333333    0.028908333333
-4.5881041154e-08  7.2237243389e-10  9.1010904147e-06      0.0000000000 -5.6310350687e-08 -5.6540325131e-08    0.028925000000    0.028925000000
-4.6140037993e-08  7.2229242804e-10  9.1007605205e-06      0.0000000000 -5.6568192435e-08 -5.6130553729e-08    0.028941666667    0.028941666667
-4.6495183526e-08  7.1555280911e-10  9.1004304167e-06      0.0000000000 -5.6826034183e-08 -5.6255609238e-08    0.028958333333    0.028958333333
-4.6252678711e-08  7.5024015444e-10  9.1000904222e-06      0.0000000000 -5.7084330679e-08 -5.6928321088e-08    0.028975000000    0.028975000000
-4.6641377802e-08  7.4117649236e-10  9.0997605140e-06      0.0000000000 -5.7342172427e-08 -5.7757721799e-08    0.028991666667    0.028991666667
-4.6638869058e-08  7.5924082488e-10  9.0994304207e-06      0.0000000000 -5.7600468922e-08 -5.7945745288e-08    0.029008333333    0.029008333333
-4.6914524713e-08  7.5800696800e-10  9.0990904193e-06      0.0000000000 -5.7858310670e-08 -5.7994248714e-08    0.029025000000    0.029025000000
-4.6994881750e-08  7.7033171102e-10  9.0987605111e-06      0.0000000000 -5.8116607165e-08 -5.8123942313e-08    0.029041666667    0.029041666667
-4.6910852433e-08  7.9401096152e-10  9.0984304247e-06      0.0000000000 -5.8374448913e-08 -5.8954380699e-08    0.029058333333    0.029058333333
-4.7193915645e-08  7.9229552737e-10  9.0980904163e-06      0.0000000000 -5.8632745408e-08 -5.9207400350e-08    0.029075000000    0.029075000000
-4.7391433119e-08  7.9647380903e-10  9.0977605186e-06      0.0000000000 -5.8890587156e-08 -5.8960622469e-08    0.029091666667    0.029091666667
-4.7422770235e-08  8.1219385248e-10  9.0974304183e-06      0.0000000000 -5.9148883652e-08 -5.9082187618e-08    0.029108333333    0.029108333333
-4.7817075512e-08  8.0277338279e-10  9.0970904238e-06      0.0000000000 -5.9407180147e-08 -5.9307866116e-08    0.029125000000    0.029125000000
-4.7907181309e-08  8.1439139327e-10  9.0967605156e-06      0.0000000000 -5.9665021895e-08 -5.9513278515e-08    0.029141666667    0.029141666667
-4.8185497952e-08  8.1300472402e-10  9.0964304188e-06      0.0000000000 -5.9923318390e-08 -6.0002715024e-08    0.029158333333    0.029158333333
-4.8522637056e-08  8.0754379419e-10  9.0960904244e-06      0.0000000000 -6.0181614885e-08 -6.0194920656e-08    0.029175000000    0.029175000000
-4.8645273163e-08  8.1694013292e-10  9.0957605127e-06      0.0000000000 -6.0439911381e-08 -6.0395742131e-08    0.029191666667    0.029191666667
-4.8895437080e-08  8.1747192776e-10  9.0954304263e-06      0.0000000000 -6.0697753129e-08 -6.0011535258e-08    0.029208333333    0.029208333333
-4.9158672377e-08  8.1712984818e-10  9.0950904179e-06      0.0000000000 -6.0956049624e-08 -6.1018504100e-08    0.029225000000    0.029225000000
-4.9467178699e-08  8.1365213046e-10  9.0947605202e-06      0.0000000000 -6.1214346119e-08 -6.1491809486e-08    0.029241666667    0.029241666667
-4.9712438216e-08  8.1455511960e-10  9.0944304199e-06      0.0000000000 -6.1472642615e-08 -6.0512417631e-08    0.029258333333    0.029258333333
-4.9849495986e-08  8.2295256078e-10  9.0940904219e-06      0.0000000000 -6.1730939110e-08 -6.2446847433e-08    0.029275000000    0.029275000000
-4.9829619046e-08  8.4221987862e-10  9.0937605207e-06      0.0000000000 -6.1989235605e-08 -6.1239811787e-08    0.029291666667    0.029291666667
-4.9903444706e-08  8.5499700882e-10  9.0934304169e-06      0.0000000000 -6.2247532101e-08 -6.2253635571e-08    0.029308333333    0.029308333333
-5.0040759777e-08  8.6337662840e-10  9.0930904260e-06      0.0000000000 -6.2505828596e-08 -6.2483794936e-08    0.029325000000    0.029325000000
-5.0428722578e-08  8.5439546192e-10  9.0927605143e-06      0.0000000000 -6.2764125091e-08 -6.3713093418e-08    0.029341666667    0.029341666667
-5.0572320084e-08  8.6237143437e-10  9.0924304244e-06      0.0000000000 -6.3022876334e-08 -6.2267801401e-08    0.029358333333    0.029358333333
-5.0635216477e-08  8.7590556590e-10  9.0920904195e-06      0.0000000000 -6.3281172829e-08 -6.3497886000e-08    0.029375000000    0.029375000000
-5.1143739742e-08  8.5857393719e-10  9.0917605183e-06      0.0000000000 -6.3539469324e-08 -6.2616947451e-08    0.029391666667    0.029391666667
-5.1326747458e-08  8.6378871564e-10  9.0914304250e-06      0.0000000000 -6.3797765820e-08 -6.3114339465e-08    0.029408333333    0.029408333333
-5.1550266615e-08  8.6622901981e-10  9.0910904200e-06      0.0000000000 -6.4056517062e-08 -6.4563797903e-08    0.029425000000    0.029425000000
-5.1863134491e-08  8.6244920480e-10  9.0907605223e-06      0.0000000000 -6.4314813558e-08 -6.5078956163e-08    0.029441666667    0.029441666667
-5.1950559414e-08  8.7428439992e-10  9.0904304185e-06      0.0000000000 -6.4573110053e-08 -6.5504717187e-08    0.029458333333    0.029458333333
-5.2183864012e-08  8.7604692835e-10  9.0900904276e-06      0.0000000000 -6.4831861296e-08 -6.5453556685e-08    0.029475000000    0.029475000000
-5.2461872055e-08  8.7468163391e-10  9.0897605159e-06      0.0000000000 -6.5090157791e-08 -6.5250455471e-08    0.029491666667    0.029491666667
-5.2642035380e-08  8.8012492287e-10  9.0894304260e-06      0.0000000000 -6.5348909034e-08 -6.4596500375e-08    0.029508333333    0.029508333333
-5.2609397341e-08  9.0027612144e-10  9.0890904211e-06      0.0000000000 -6.5607205529e-08 -6.4914783467e-08    0.029525000000    0.029525000000
-5.3147795349e-08  8.8090675536e-10  9.0887605164e-06      0.0000000000 -6.5865956772e-08 -6.6018696271e-08    0.029541666667    0.029541666667
-5.3151000123e-08  8.9857534857e-10  9.0884304266e-06      0.0000000000 -6.6124253267e-08 -6.6422618961e-08    0.029558333333    0.029558333333
-5.3363704101e-08  9.0176475188e-10  9.0880904182e-06      0.0000000000 -6.6383004510e-08 -6.7071542908e-08    0.029575000000    0.029575000000
-5.3695551118e-08  8.9670186903e-10  9.0877605239e-06      0.0000000000 -6.6641755752e-08 -6.7374260882e-08    0.029591666667    0.029591666667
-5.3753894118e-08  9.1055138540e-10  9.0874304201e-06      0.0000000000 -6.6900052247e-08 -6.7091824729e-08    0.029608333333    0.029608333333
-5.3893981860e-08  9.1877045697e-10  9.0870904292e-06      0.0000000000 -6.7158803490e-08 -6.7443612133e-08    0.029625000000    0.029625000000
-5.4134688061e-08  9.2002032310e-10  9.0867605175e-06      0.0000000000 -6.7417554733e-08 -6.7472509798e-08    0.029641666667    0.029641666667
-5.4394323897e-08  9.1995905293e-10  9.0864304241e-06      0.0000000000 -6.7676305975e-08 -6.7087343862e-08    0.029658333333    0.029658333333
-5.4452585138e-08  9.3381423223e-10  9.0860904262e-06      0.0000000000 -6.7934602471e-08 -6.8701902614e-08    0.029675000000    0.029675000000
-5.4405561584e-08  9.5499332214e-10  9.0857605145e-06      0.0000000000 -6.8193353713e-08 -6.8920097277e-08    0.029691666667    0.029691666667
-5.4688726938e-08  9.5330231072e-10  9.0854304317e-06      0.0000000000 -6.8452104956e-08 -6.8265434675e-08    0.029708333333    0.029708333333
-5.4924091278e-08  9.5492217386e-10  9.0850904198e-06      0.0000000000 -6.8710856199e-08 -6.8042224585e-08    0.029725000000    0.029725000000
-5.4908901936e-08  9.7389630884e-10  9.0847605255e-06      0.0000000000 -6.8969607441e-08 -6.8542493787e-08    0.029741666667    0.029741666667
-5.5326581306e-08  9.6288836074e-10  9.0844304217e-06      0.0000000000 -6.9228358684e-08 -6.8788218272e-08    0.029758333333    0.029758333333
-5.5387614952e-08  9.7658301054e-10  9.0840904273e-06      0.0000000000 -6.9487109927e-08 -7.0057121333e-08    0.029775000000    0.029775000000
-5.5707455672e-08  9.7235172804e-10  9.0837605226e-06      0.0000000000 -6.9745861169e-08 -6.9269589219e-08    0.029791666667    0.029791666667
-5.5882806967e-08  9.7812831596e-10  9.0834304223e-06      0.0000000000 -7.0004612412e-08 -7.0427476823e-08    0.029808333333    0.029808333333
-5.6384113676e-08  9.6135952747e-10  9.0830904313e-06      0.0000000000 -7.0263818402e-08 -7.0494438278e-08    0.029825000000    0.029825000000
-5.6386354250e-08  9.7912640216e-10  9.0827605161e-06      0.0000000000 -7.0522569645e-08 -6.9908498033e-08    0.029841666667    0.029841666667
-5.6954239503e-08  9.5771464074e-10  9.0824304333e-06      0.0000000000 -7.0781320887e-08 -7.1136334337e-08    0.029858333333    0.029858333333
-5.6923086298e-08  9.7779449180e-10  9.0820904214e-06      0.0000000000 -7.1040072130e-08 -7.1425593987e-08    0.029875000000    0.029875000000
-5.7034062536e-08  9.8806143096e-10  9.0817605236e-06      0.0000000000 -7.1299278120e-08 -7.2058544034e-08    0.029891666667    0.029891666667
-5.7641732405e-08  9.6389404033e-10  9.0814304268e-06      0.0000000000 -7.1558029363e-08 -7.2701650714e-08    0.029908333333    0.029908333333
-5.7546975434e-08  9.8837932271e-10  9.0810904254e-06      0.0000000000 -7.1816780605e-08 -7.2552540022e-08    0.029925000000    0.029925000000
-5.7828693516e-08  9.8682005221e-10  9.0807605242e-06      0.0000000000 -7.2075986595e-08 -7.1132938312e-08    0.029941666667    0.029941666667
-5.8054467460e-08  9.8910418148e-10  9.0804304239e-06      0.0000000000 -7.2334737838e-08 -7.1715781254e-08    0.029958333333    0.029958333333
-5.8010893896e-08  1.0100758098e-09  9.0800904329e-06      0.0000000000 -7.2593943828e-08 -7.2804710666e-08    0.029975000000    0.029975000000
-5.8177905229e-08  1.0164300543e-09  9.0797605177e-06      0.0000000000 -7.2852695071e-08 -7.2592647716e-08    0.029991666667    0.029991666667

# index: 1177
# xPosition: 1.9648213374484743E-5
# yPosition: -2.6458034508008813E-6
# quantitative-imaging-settings.type: simple-quantitative-imaging-settings
# quantitative-imaging-settings.relative-setpoint: 0.30087220298747946
# quantitative-imaging-settings.control-settings.control-settings-type: quantitative-imaging-control-settings
# quantitative-imaging-settings.control-settings.next-line-motion-time: 0.05
# quantitative-imaging-settings.control-settings.next-line-additional-delay: 0.01
# quantitative-imaging-settings.control-settings.max-retries-per-position: 5
# quantitative-imaging-settings.control-settings.max-bad-adjecent-pixels: 0
# quantitative-imaging-settings.control-settings.max-pixel-replays: 1
# quantitative-imaging-settings.control-settings.pixelwise-retract-if-required: true
# quantitative-imaging-settings.control-settings.no-data-extend-fraction: 0.2
# quantitative-imaging-settings.control-settings.overscan-delay-factor: 3.4
# quantitative-imaging-settings.control-settings.overscan-distance-factor: 0.383
# quantitative-imaging-settings.control-settings.line-clock.active: false
# quantitative-imaging-settings.control-settings.line-clock.name: pulse-2
# quantitative-imaging-settings.control-settings.frame-clock.active: false
# quantitative-imaging-settings.control-settings.frame-clock.name: pulse-3
# quantitative-imaging-settings.control-settings.closed-loop: false
# quantitative-imaging-settings.control-settings.start-option.type: smooth-xyz-motion
# quantitative-imaging-settings.control-settings.start-option.additional-retract: 3.0E-9
# quantitative-imaging-settings.control-settings.start-option.start-time: 0.0075000000000000015
# quantitative-imaging-settings.control-settings.start-option.motion-time: 0.0075000000000000015
# quantitative-imaging-settings.control-settings.pixel-clock.active: false
# quantitative-imaging-settings.control-settings.pixel-clock.name: pixel-clock
# quantitative-imaging-settings.control-settings.ttl-outputs.pins.list: 
# quantitative-imaging-settings.control-settings.baseline-adjust-settings.enabled: true
# quantitative-imaging-settings.control-settings.baseline-adjust-settings.interval: 1
# quantitative-imaging-settings.control-settings.averager.type: instrumentdefault
# quantitative-imaging-settings.control-settings.averager.value: NaN
# quantitative-imaging-settings.extend.type: z-extend-force
# quantitative-imaging-settings.extend.identifier.type: standard
# quantitative-imaging-settings.extend.identifier.name: extend-spm
# quantitative-imaging-settings.extend.style: extend
# quantitative-imaging-settings.extend.duration: 0.030000000000000006
# quantitative-imaging-settings.extend.num-points: 1800
# quantitative-imaging-settings.extend.z-start: 6.000000000000001E-7
# quantitative-imaging-settings.extend.z-end: 0.0
# quantitative-imaging-settings.extend.setpoint: 0.30087220298747946
# quantitative-imaging-settings.retract.type: z-retract-height
# quantitative-imaging-settings.retract.identifier.type: standard
# quantitative-imaging-settings.retract.identifier.name: retract-spm
# quantitative-imaging-settings.retract.style: retract
# quantitative-imaging-settings.retract.duration: 0.030000000000000006
# quantitative-imaging-settings.retract.num-points: 1800
# quantitative-imaging-settings.retract.z-start: 6.000000000000001E-7
# quantitative-imaging-settings.retract.z-end: 0.0
# quantitative-imaging-settings.retract.setpoint: 0.15000000000000002
# quantitative-imaging-settings.data-description.comment: 
# quantitative-imaging-settings.data-description.name: 
# quantitative-imaging-settings.data-description.probe: 
# quantitative-imaging-settings.data-description.user-name: afm_csec
# quantitative-imaging-settings.data-description.instrument: JPK01814-H-21-02-0019
# quantitative-imaging-settings.data-description.source-software: 8.0.163
# quantitative-imaging-settings.data-description.modification-software: 
# feedbackMode: contact
# date: Wed Oct 02 14:54:13 BST 2024
# segmentIndex: 1
# segment: retract
# columns: verticalTipPosition vDeflection height error smoothedMeasuredHeight measuredHeight seriesTime time
# fancyNames: "Vertical Tip Position" "Vertical Deflection" "Height" "Error Signal" "Height (measured & smoothed)" "Height (measured)" "Series Time" "Segment Time"
# heightMultiplier: 0.788494
# heightOffset: 0.0
# sensitivity: 4.798575435590727E-8
# springConstant: 0.06926368726396598
# calibrationSlots: nominal force nominal volts nominal nominal elapsed elapsed
# units: m N m V m m s s
#
-5.9272095703e-08  1.0305676880e-09  9.0797316001e-06      0.0000000000 -7.4150998757e-08 -7.3739372458e-08    0.030008333333  8.3333333333e-06
-5.8778599105e-08  1.0498507748e-09  9.0800704351e-06      0.0000000000 -7.3935903260e-08 -7.4062183585e-08    0.030025000000  2.5000000000e-05
-5.8644984205e-08  1.0442386257e-09  9.0804005249e-06      0.0000000000 -7.3721262511e-08 -7.4197458616e-08    0.030041666667  4.1666666667e-05
-5.8799162306e-08  1.0186613747e-09  9.0807304261e-06      0.0000000000 -7.3506167014e-08 -7.4765899894e-08    0.030058333333  5.8333333333e-05
-5.9099295885e-08  9.8297470905e-10  9.0810704346e-06      0.0000000000 -7.3291071517e-08 -7.2161069427e-08    0.030075000000  7.5000000000e-05
-5.9334198801e-08  9.5180615975e-10  9.0814005209e-06      0.0000000000 -7.3075976020e-08 -7.2335052864e-08    0.030091666667  9.1666666667e-05
-5.9598363723e-08  9.1861081594e-10  9.0817304361e-06      0.0000000000 -7.2860880523e-08 -7.3479293475e-08    0.030108333333  0.00010833333333
-5.9671377755e-08  8.9865528763e-10  9.0820704270e-06      0.0000000000 -7.2645785026e-08 -7.2597505920e-08    0.030125000000  0.00012500000000
-5.9643476675e-08  8.8565801464e-10  9.0824005273e-06      0.0000000000 -7.2430234782e-08 -7.2803421434e-08    0.030141666667  0.00014166666667
-5.9687744025e-08  8.6766208999e-10  9.0827304286e-06      0.0000000000 -7.2214684537e-08 -7.2392062076e-08    0.030158333333  0.00015833333333
-5.9277163973e-08  8.8120207110e-10  9.0830704300e-06      0.0000000000 -7.1999589040e-08 -7.1480386349e-08    0.030175000000  0.00017500000000
-5.9132870540e-08  8.7626656162e-10  9.0834005268e-06      0.0000000000 -7.1784038796e-08 -7.0412461986e-08    0.030191666667  0.00019166666667
-5.8835489005e-08  8.8190300106e-10  9.0837304280e-06      0.0000000000 -7.1568033804e-08 -7.1545476845e-08    0.030208333333  0.00020833333333
-5.8468744842e-08  8.9237524936e-10  9.0840704364e-06      0.0000000000 -7.1352483560e-08 -7.1450388120e-08    0.030225000000  0.00022500000000
-5.8256739573e-08  8.9209821383e-10  9.0844005193e-06      0.0000000000 -7.1136478568e-08 -7.0901521159e-08    0.030241666667  0.00024166666667
-5.8021404984e-08  8.9346855047e-10  9.0847304345e-06      0.0000000000 -7.0920928324e-08 -6.9760896686e-08    0.030258333333  0.00025833333333
-5.7819009080e-08  8.9252593487e-10  9.0850704289e-06      0.0000000000 -7.0704923332e-08 -7.0043065559e-08    0.030275000000  0.00027500000000
-5.7908381189e-08  8.7137439086e-10  9.0854005257e-06      0.0000000000 -7.0488918341e-08 -7.0148358084e-08    0.030291666667  0.00029166666667
-5.7697472988e-08  8.7102136835e-10  9.0857304339e-06      0.0000000000 -7.0272913349e-08 -7.0553522839e-08    0.030308333333  0.00030833333333
-5.7481747336e-08  8.7097052279e-10  9.0860704284e-06      0.0000000000 -7.0056453610e-08 -6.9220362566e-08    0.030325000000  0.00032500000000
-5.6981819136e-08  8.9063609112e-10  9.0864005287e-06      0.0000000000 -6.9840448618e-08 -6.9484969583e-08    0.030341666667  0.00034166666667
-5.6774962475e-08  8.8997094651e-10  9.0867304264e-06      0.0000000000 -6.9623988879e-08 -6.9589869049e-08    0.030358333333  0.00035833333333
-5.6278298683e-08  9.0937891238e-10  9.0870704348e-06      0.0000000000 -6.9407529140e-08 -6.8831564769e-08    0.030375000000  0.00037500000000
-5.6135059148e-08  9.0430741113e-10  9.0874005212e-06      0.0000000000 -6.9191069401e-08 -6.8460061548e-08    0.030391666667  0.00039166666667
-5.5799723682e-08  9.1254118227e-10  9.0877304294e-06      0.0000000000 -6.8974609662e-08 -6.7595269845e-08    0.030408333333  0.00040833333333
-5.5451640210e-08  9.2165792733e-10  9.0880704308e-06      0.0000000000 -6.8758149923e-08 -6.9006098488e-08    0.030425000000  0.00042500000000
-5.5363084072e-08  9.1276735486e-10  9.0884005241e-06      0.0000000000 -6.8541235437e-08 -6.8137753535e-08    0.030441666667  0.00044166666667
-5.5059449683e-08  9.1877389508e-10  9.0887304358e-06      0.0000000000 -6.8324320950e-08 -6.8903777486e-08    0.030458333333  0.00045833333333
-5.5285344973e-08  8.8813475465e-10  9.0890704268e-06      0.0000000000 -6.8107861211e-08 -6.8392329698e-08    0.030475000000  0.00047500000000
-5.5215280818e-08  8.7796335924e-10  9.0894005271e-06      0.0000000000 -6.7890946725e-08 -6.7482006092e-08    0.030491666667  0.00049166666667
-5.5561439841e-08  8.3893131431e-10  9.0897304283e-06      0.0000000000 -6.7673577491e-08 -6.7494002239e-08    0.030508333333  0.00050833333333
-5.5436415940e-08  8.3256663351e-10  9.0900704297e-06      0.0000000000 -6.7456663005e-08 -6.7532679201e-08    0.030525000000  0.00052500000000
-5.5354667716e-08  8.2320451982e-10  9.0904005266e-06      0.0000000000 -6.7239748519e-08 -6.7045396653e-08    0.030541666667  0.00054166666667
-5.5541785263e-08  7.9518827395e-10  9.0907304278e-06      0.0000000000 -6.7022379285e-08 -6.7153613534e-08    0.030558333333  0.00055833333333
-5.5281888973e-08  7.9813385467e-10  9.0910704327e-06      0.0000000000 -6.6805010051e-08 -6.7044170310e-08    0.030575000000  0.00057500000000
-5.5213800318e-08  7.8779413133e-10  9.0914005225e-06      0.0000000000 -6.6587640817e-08 -6.7079168244e-08    0.030591666667  0.00059166666667
-5.5281226292e-08  7.6806816511e-10  9.0917304342e-06      0.0000000000 -6.6370271584e-08 -6.6777079163e-08    0.030608333333  0.00060833333333
-5.5009999688e-08  7.7179852516e-10  9.0920704252e-06      0.0000000000 -6.6152902350e-08 -6.5872289822e-08    0.030625000000  0.00062500000000
-5.5204534068e-08  7.4326856214e-10  9.0924005290e-06      0.0000000000 -6.5935533116e-08 -6.5703903538e-08    0.030641666667  0.00064166666667
-5.4890687654e-08  7.4991942990e-10  9.0927304302e-06      0.0000000000 -6.5717709135e-08 -6.5853847515e-08    0.030658333333  0.00065833333333
-5.4715313090e-08  7.4697922675e-10  9.0930704281e-06      0.0000000000 -6.5499885154e-08 -6.5448211089e-08    0.030675000000  0.00067500000000
-5.4382955722e-08  7.5491223141e-10  9.0934005284e-06      0.0000000000 -6.5282061173e-08 -6.5218586283e-08    0.030691666667  0.00069166666667
-5.4229116397e-08  7.5048041824e-10  9.0937304262e-06      0.0000000000 -6.5064237192e-08 -6.4935033844e-08    0.030708333333  0.00070833333333
-5.3719757805e-08  7.7067318029e-10  9.0940704381e-06      0.0000000000 -6.4846413211e-08 -6.5100794496e-08    0.030725000000  0.00072500000000
-5.3530734282e-08  7.6867835439e-10  9.0944005209e-06      0.0000000000 -6.4628589230e-08 -6.5239119662e-08    0.030741666667  0.00074166666667
-5.2899122524e-08  7.9730732411e-10  9.0947304326e-06      0.0000000000 -6.4410310501e-08 -6.4384846206e-08    0.030758333333  0.00075833333333
-5.2502036001e-08  8.0972370874e-10  9.0950704271e-06      0.0000000000 -6.4192486520e-08 -6.4774618788e-08    0.030775000000  0.00077500000000
-5.2357492287e-08  8.0461654977e-10  9.0954005274e-06      0.0000000000 -6.3974207792e-08 -6.4639500980e-08    0.030791666667  0.00079166666667
-5.1988921709e-08  8.1502631740e-10  9.0957304321e-06      0.0000000000 -6.3755929063e-08 -6.4786017486e-08    0.030808333333  0.00080833333333
-5.1830860225e-08  8.1085544907e-10  9.0960704265e-06      0.0000000000 -6.3537650335e-08 -6.3280021506e-08    0.030825000000  0.00082500000000
-5.1533181461e-08  8.1635498829e-10  9.0964005303e-06      0.0000000000 -6.3319371607e-08 -6.3245589577e-08    0.030841666667  0.00084166666667
-5.1515569999e-08  8.0242453604e-10  9.0967304246e-06      0.0000000000 -6.3100638131e-08 -6.3584327437e-08    0.030858333333  0.00085833333333
-5.1340770610e-08  7.9941299661e-10  9.0970704330e-06      0.0000000000 -6.2882359402e-08 -6.2337545711e-08    0.030875000000  0.00087500000000
-5.1354475553e-08  7.8331345470e-10  9.0974005228e-06      0.0000000000 -6.2663625927e-08 -6.2383627895e-08    0.030891666667  0.00089166666667
-5.1442183697e-08  7.6208817818e-10  9.0977304310e-06      0.0000000000 -6.2444892451e-08 -6.2269562303e-08    0.030908333333  0.00090833333333
-5.1557910095e-08  7.3892225411e-10  9.0980704290e-06      0.0000000000 -6.2226158975e-08 -6.3054327286e-08    0.030925000000  0.00092500000000
-5.1419912375e-08  7.3333019795e-10  9.0984005258e-06      0.0000000000 -6.2007425499e-08 -6.2280677999e-08    0.030941666667  0.00094166666667
-5.1487112269e-08  7.1349390098e-10  9.0987304340e-06      0.0000000000 -6.1788237276e-08 -6.2095091473e-08    0.030958333333  0.00095833333333
-5.1607731387e-08  6.8998908903e-10  9.0990704284e-06      0.0000000000 -6.1569503800e-08 -6.1176309248e-08    0.030975000000  0.00097500000000
-5.1624795857e-08  6.7362535640e-10  9.0994005287e-06      0.0000000000 -6.1350315577e-08 -6.2098864836e-08    0.030991666667  0.00099166666667
-5.1394275966e-08  6.7444172694e-10  9.0997304265e-06      0.0000000000 -6.1131582101e-08 -6.0604896447e-08    0.031008333333   0.0010083333333
-5.1350666906e-08  6.6228046674e-10  9.1000704314e-06      0.0000000000 -6.0912393878e-08 -6.0738960858e-08    0.031025000000   0.0010250000000
-5.0953888753e-08  6.7458100011e-10  9.1004005247e-06      0.0000000000 -6.0693205655e-08 -6.0118415739e-08    0.031041666667   0.0010416666667
-5.0817510564e-08  6.6881377430e-10  9.1007304294e-06      0.0000000000 -6.0473562685e-08 -6.1067935144e-08    0.031058333333   0.0010583333333
-5.0762829024e-08  6.5741943483e-10  9.1010704343e-06      0.0000000000 -6.0254374462e-08 -6.1341205171e-08    0.031075000000   0.0010750000000
-5.0576464578e-08  6.5514593899e-10  9.1014005242e-06      0.0000000000 -6.0035186238e-08 -5.9552662982e-08    0.031091666667   0.0010916666667
-5.0470697422e-08  6.4725848022e-10  9.1017304324e-06      0.0000000000 -5.9815543268e-08 -5.9478972365e-08    0.031108333333   0.0011083333333
-5.0043981203e-08  6.6160113696e-10  9.1020704268e-06      0.0000000000 -5.9595900298e-08 -5.9064594317e-08    0.031125000000   0.0011250000000
-4.9871727070e-08  6.5831881130e-10  9.1024005271e-06      0.0000000000 -5.9376257327e-08 -5.9408331882e-08    0.031141666667   0.0011416666667
-4.9303851104e-08  6.8243871261e-10  9.1027304284e-06      0.0000000000 -5.9156614357e-08 -5.9396005566e-08    0.031158333333   0.0011583333333
-4.9114297175e-08  6.8035463465e-10  9.1030704298e-06      0.0000000000 -5.8936971386e-08 -6.0108589275e-08    0.031175000000   0.0011750000000
-4.8661378502e-08  6.9651216994e-10  9.1034005266e-06      0.0000000000 -5.8717328416e-08 -5.9174226208e-08    0.031191666667   0.0011916666667
-4.8535425323e-08  6.8999137208e-10  9.1037304278e-06      0.0000000000 -5.8497230698e-08 -5.9046953849e-08    0.031208333333   0.0012083333333
-4.8170312901e-08  7.0003562521e-10  9.1040704327e-06      0.0000000000 -5.8277132980e-08 -5.6742215725e-08    0.031225000000   0.0012250000000
-4.8005799965e-08  6.9621711571e-10  9.1044005226e-06      0.0000000000 -5.8057490009e-08 -5.6991430569e-08    0.031241666667   0.0012416666667
-4.7826028194e-08  6.9342399194e-10  9.1047304308e-06      0.0000000000 -5.7837392292e-08 -5.7756102398e-08    0.031258333333   0.0012583333333
-4.7562372929e-08  6.9644094826e-10  9.1050704287e-06      0.0000000000 -5.7617294574e-08 -5.7974784454e-08    0.031275000000   0.0012750000000
-4.7326329450e-08  6.9751391301e-10  9.1054005255e-06      0.0000000000 -5.7396742109e-08 -5.7767170927e-08    0.031291666667   0.0012916666667
-4.7355458576e-08  6.8025154285e-10  9.1057304302e-06      0.0000000000 -5.7176644391e-08 -5.7298629411e-08    0.031308333333   0.0013083333333
-4.7224736039e-08  6.7402959080e-10  9.1060704282e-06      0.0000000000 -5.6956091926e-08 -5.6402848972e-08    0.031325000000   0.0013250000000
-4.7388585982e-08  6.4743596006e-10  9.1064005285e-06      0.0000000000 -5.6735994208e-08 -5.7278017421e-08    0.031341666667   0.0013416666667
-4.7294124672e-08  6.3870242173e-10  9.1067304262e-06      0.0000000000 -5.6515441743e-08 -5.6287321202e-08    0.031358333333   0.0013583333333
-4.7772916178e-08  5.9026327961e-10  9.1070704346e-06      0.0000000000 -5.6294889277e-08 -5.6447814870e-08    0.031375000000   0.0013750000000
-4.7687964039e-08  5.8087110107e-10  9.1074005210e-06      0.0000000000 -5.6074336812e-08 -5.6058435346e-08    0.031391666667   0.0013916666667
-4.7855497874e-08  5.5399081294e-10  9.1077304292e-06      0.0000000000 -5.5853784347e-08 -5.6542086033e-08    0.031408333333   0.0014083333333
-4.7905346364e-08  5.3523034828e-10  9.1080704306e-06      0.0000000000 -5.5632777135e-08 -5.5274236368e-08    0.031425000000   0.0014250000000
-4.7869239671e-08  5.2245495394e-10  9.1084005239e-06      0.0000000000 -5.5412224669e-08 -5.5419447920e-08    0.031441666667   0.0014416666667
-4.7374096204e-08  5.4144264178e-10  9.1087304321e-06      0.0000000000 -5.5191217457e-08 -5.5872848820e-08    0.031458333333   0.0014583333333
-4.6759521748e-08  5.6873405774e-10  9.1090704266e-06      0.0000000000 -5.4970664992e-08 -5.5476079796e-08    0.031475000000   0.0014750000000
-4.6600806263e-08  5.6441950299e-10  9.1094005304e-06      0.0000000000 -5.4749657779e-08 -5.3757596363e-08    0.031491666667   0.0014916666667
-4.6171680592e-08  5.7883455483e-10  9.1097304246e-06      0.0000000000 -5.4528650567e-08 -5.4565410299e-08    0.031508333333   0.0015083333333
-4.5664348530e-08  5.9863497217e-10  9.1100704330e-06      0.0000000000 -5.4307188607e-08 -5.4651741679e-08    0.031525000000   0.0015250000000
-4.5559644812e-08  5.9057936326e-10  9.1104005229e-06      0.0000000000 -5.4086181394e-08 -5.3939440971e-08    0.031541666667   0.0015416666667
-4.5429546881e-08  5.8428265126e-10  9.1107304276e-06      0.0000000000 -5.3865174182e-08 -5.4092749529e-08    0.031558333333   0.0015583333333
-4.5192337512e-08  5.8537337482e-10  9.1110704290e-06      0.0000000000 -5.3643712222e-08 -5.3995821290e-08    0.031575000000   0.0015750000000
-4.5106266509e-08  5.7599569797e-10  9.1114005223e-06      0.0000000000 -5.3422250262e-08 -5.2854599368e-08    0.031591666667   0.0015916666667
-4.4517777401e-08  6.0144884901e-10  9.1117304340e-06      0.0000000000 -5.3201243049e-08 -5.3017168385e-08    0.031608333333   0.0016083333333
-4.4344429367e-08  5.9811630114e-10  9.1120704250e-06      0.0000000000 -5.2979781089e-08 -5.3602574070e-08    0.031625000000   0.0016250000000
-4.4268300299e-08  5.8801851169e-10  9.1124005288e-06      0.0000000000 -5.2757864382e-08 -5.3508491575e-08    0.031641666667   0.0016416666667
-4.3729988487e-08  6.0996470073e-10  9.1127304265e-06      0.0000000000 -5.2536402422e-08 -5.2340038557e-08    0.031658333333   0.0016583333333
-4.4031222066e-08  5.7376088039e-10  9.1130704314e-06      0.0000000000 -5.2314940462e-08 -5.2474055801e-08    0.031675000000   0.0016750000000
-4.3731659022e-08  5.7913895201e-10  9.1134005247e-06      0.0000000000 -5.2093023755e-08 -5.2249540756e-08    0.031691666667   0.0016916666667
-4.3717031839e-08  5.6481281267e-10  9.1137304295e-06      0.0000000000 -5.1871561795e-08 -5.2471351558e-08    0.031708333333   0.0017083333333
-4.3664513782e-08  5.5307963754e-10  9.1140704309e-06      0.0000000000 -5.1649645088e-08 -5.2252795281e-08    0.031725000000   0.0017250000000
-4.3784716085e-08  5.2938321340e-10  9.1144005207e-06      0.0000000000 -5.1427728381e-08 -5.2429404350e-08    0.031741666667   0.0017416666667
-4.3831660370e-08  5.1076090972e-10  9.1147304324e-06      0.0000000000 -5.1205811674e-08 -5.1764365002e-08    0.031758333333   0.0017583333333
-4.4015017031e-08  4.8269018189e-10  9.1150704269e-06      0.0000000000 -5.0983894966e-08 -5.0009908851e-08    0.031775000000   0.0017750000000
-4.4020722059e-08  4.6689276372e-10  9.1154005272e-06      0.0000000000 -5.0761523512e-08 -5.1129103771e-08    0.031791666667   0.0017916666667
-4.3758113324e-08  4.6971124366e-10  9.1157304284e-06      0.0000000000 -5.0539606805e-08 -4.9912886278e-08    0.031808333333   0.0018083333333
-4.3803764883e-08  4.5114698144e-10  9.1160704298e-06      0.0000000000 -5.0317235350e-08 -5.1057284112e-08    0.031825000000   0.0018250000000
-4.3453167598e-08  4.6005987270e-10  9.1164005266e-06      0.0000000000 -5.0095318643e-08 -5.1014802344e-08    0.031841666667   0.0018416666667
-4.3080004460e-08  4.7050426073e-10  9.1167304279e-06      0.0000000000 -4.9872947188e-08 -5.0317563640e-08    0.031858333333   0.0018583333333
-4.2786006835e-08  4.7546535339e-10  9.1170704328e-06      0.0000000000 -4.9650575734e-08 -4.8485517731e-08    0.031875000000   0.0018750000000
-4.2404537133e-08  4.8648508464e-10  9.1174005226e-06      0.0000000000 -4.9428204279e-08 -4.7657579197e-08    0.031891666667   0.0018916666667
-4.2274293544e-08  4.8007247148e-10  9.1177304308e-06      0.0000000000 -4.9205378077e-08 -4.9810518109e-08    0.031908333333   0.0019083333333
-4.1922614879e-08  4.8902876569e-10  9.1180704288e-06      0.0000000000 -4.8983006623e-08 -4.8481021141e-08    0.031925000000   0.0019250000000
-4.1870091668e-08  4.7726445004e-10  9.1184005256e-06      0.0000000000 -4.8760635168e-08 -4.8213867104e-08    0.031941666667   0.0019416666667
-4.1575189807e-08  4.8225667596e-10  9.1187304303e-06      0.0000000000 -4.8537808966e-08 -4.7947656408e-08    0.031958333333   0.0019583333333
-4.1149924941e-08  4.9627832426e-10  9.1190704282e-06      0.0000000000 -4.8314982764e-08 -4.8381482993e-08    0.031975000000   0.0019750000000
-4.0834597468e-08  5.0268530342e-10  9.1194005285e-06      0.0000000000 -4.8092156562e-08 -4.6735841171e-08    0.031991666667   0.0019916666667
-4.0431752762e-08  5.1515404875e-10  9.1197304263e-06      0.0000000000 -4.7869330360e-08 -4.6763716883e-08    0.032008333333   0.0020083333333
-4.0525617796e-08  4.9321884604e-10  9.1200704312e-06      0.0000000000 -4.7646504158e-08 -4.9036507208e-08    0.032025000000   0.0020250000000
-3.9991443405e-08  5.1478396963e-10  9.1204005245e-06      0.0000000000 -4.7423677956e-08 -4.8356342968e-08    0.032041666667   0.0020416666667
-3.9850191462e-08  5.0913383568e-10  9.1207304292e-06      0.0000000000 -4.7200851754e-08 -4.5864414639e-08    0.032058333333   0.0020583333333
-3.9599832733e-08  5.1100934254e-10  9.1210704271e-06      0.0000000000 -4.6977570805e-08 -4.8371766586e-08    0.032075000000   0.0020750000000
-3.9758507613e-08  4.8458517095e-10  9.1214005240e-06      0.0000000000 -4.6754744603e-08 -4.7908539221e-08    0.032091666667   0.0020916666667
-3.9756207577e-08  4.6927921806e-10  9.1217304322e-06      0.0000000000 -4.6531463654e-08 -4.7095065243e-08    0.032108333333   0.0021083333333
-3.9631253671e-08  4.6246872446e-10  9.1220704266e-06      0.0000000000 -4.6308182705e-08 -4.6936411089e-08    0.032125000000   0.0021250000000
-3.9733691844e-08  4.3990821707e-10  9.1224005304e-06      0.0000000000 -4.6084901755e-08 -4.6733923045e-08    0.032141666667   0.0021416666667
-3.9649666113e-08  4.3026288718e-10  9.1227304247e-06      0.0000000000 -4.5861620806e-08 -4.6762820710e-08    0.032158333333   0.0021583333333
-3.9757754213e-08  4.0731104498e-10  9.1230704296e-06      0.0000000000 -4.5638339857e-08 -4.4865574248e-08    0.032175000000   0.0021750000000
-3.9740979534e-08  3.9297616173e-10  9.1234005264e-06      0.0000000000 -4.5414604160e-08 -4.5194013973e-08    0.032191666667   0.0021916666667
-3.9864293529e-08  3.6896971794e-10  9.1237304276e-06      0.0000000000 -4.5191323211e-08 -4.4192092003e-08    0.032208333333   0.0022083333333
-3.9734507210e-08  3.6246243764e-10  9.1240704325e-06      0.0000000000 -4.4967587514e-08 -4.4392960645e-08    0.032225000000   0.0022250000000
-3.9363952917e-08  3.7263163493e-10  9.1244005224e-06      0.0000000000 -4.4743851818e-08 -4.3539772030e-08    0.032241666667   0.0022416666667
-3.9286955987e-08  3.6246796693e-10  9.1247304341e-06      0.0000000000 -4.4520116121e-08 -4.4557023284e-08    0.032258333333   0.0022583333333
-3.8908162462e-08  3.7320784384e-10  9.1250704250e-06      0.0000000000 -4.4296380424e-08 -4.3899389160e-08    0.032275000000   0.0022750000000
-3.8625867913e-08  3.7726384588e-10  9.1254005288e-06      0.0000000000 -4.4072644728e-08 -4.4053075054e-08    0.032291666667   0.0022916666667
-3.8171175765e-08  3.9326074130e-10  9.1257304265e-06      0.0000000000 -4.3848909031e-08 -4.3427624564e-08    0.032308333333   0.0023083333333
-3.7852895726e-08  3.9980923108e-10  9.1260704280e-06      0.0000000000 -4.3625173334e-08 -4.3898461542e-08    0.032325000000   0.0023250000000
-3.7823579500e-08  3.8631152421e-10  9.1264005283e-06      0.0000000000 -4.3400982890e-08 -4.4064363696e-08    0.032341666667   0.0023416666667
-3.7522054464e-08  3.9169950068e-10  9.1267304260e-06      0.0000000000 -4.3177247194e-08 -4.1714738285e-08    0.032358333333   0.0023583333333
-3.7234477826e-08  3.9608986217e-10  9.1270704344e-06      0.0000000000 -4.2953056750e-08 -4.3687782158e-08    0.032375000000   0.0023750000000
-3.7278292972e-08  3.7752680683e-10  9.1274005208e-06      0.0000000000 -4.2728866306e-08 -4.3580933122e-08    0.032391666667   0.0023916666667
-3.6824642774e-08  3.9342003542e-10  9.1277304325e-06      0.0000000000 -4.2504675862e-08 -4.2012755279e-08    0.032408333333   0.0024083333333
-3.6909675725e-08  3.7200208292e-10  9.1280704234e-06      0.0000000000 -4.2280485418e-08 -4.2446487530e-08    0.032425000000   0.0024250000000
-3.6410251924e-08  3.9106576006e-10  9.1284005272e-06      0.0000000000 -4.2056294974e-08 -4.2430623686e-08    0.032441666667   0.0024416666667
-3.6429799314e-08  3.7418357895e-10  9.1287304284e-06      0.0000000000 -4.1832104530e-08 -4.1219217230e-08    0.032458333333   0.0024583333333
-3.6212066508e-08  3.7370480168e-10  9.1290704299e-06      0.0000000000 -4.1607459339e-08 -4.1504907908e-08    0.032475000000   0.0024750000000
-3.5827667065e-08  3.8480146771e-10  9.1294005302e-06      0.0000000000 -4.1383268895e-08 -4.2381947315e-08    0.032491666667   0.0024916666667
-3.5868985542e-08  3.6637984335e-10  9.1297304244e-06      0.0000000000 -4.1158623703e-08 -4.0617130140e-08    0.032508333333   0.0025083333333
-3.5624729658e-08  3.6773815222e-10  9.1300704328e-06      0.0000000000 -4.0933978512e-08 -3.9040776680e-08    0.032525000000   0.0025250000000
-3.5569208229e-08  3.5602401681e-10  9.1304005226e-06      0.0000000000 -4.0709333321e-08 -4.1274717097e-08    0.032541666667   0.0025416666667
-3.5547453841e-08  3.4197105169e-10  9.1307304309e-06      0.0000000000 -4.0484688129e-08 -4.1087951396e-08    0.032558333333   0.0025583333333
-3.5606281589e-08  3.2233667066e-10  9.1310704253e-06      0.0000000000 -4.0260042938e-08 -4.0253912594e-08    0.032575000000   0.0025750000000
-3.5522515065e-08  3.1257889468e-10  9.1314005256e-06      0.0000000000 -4.0035397747e-08 -4.0806379972e-08    0.032591666667   0.0025916666667
-3.5553726409e-08  2.9485732768e-10  9.1317304303e-06      0.0000000000 -3.9810752555e-08 -4.0521868470e-08    0.032608333333   0.0026083333333
-3.5665660085e-08  2.7151313679e-10  9.1320704248e-06      0.0000000000 -3.9585652616e-08 -3.9843197852e-08    0.032625000000   0.0026250000000
-3.5399306535e-08  2.7440201150e-10  9.1324005286e-06      0.0000000000 -3.9361007425e-08 -3.8258668773e-08    0.032641666667   0.0026416666667
-3.5338922234e-08  2.6299319910e-10  9.1327304228e-06      0.0000000000 -3.9135907486e-08 -3.8941348588e-08    0.032658333333   0.0026583333333
-3.5303048293e-08  2.4988670873e-10  9.1330704312e-06      0.0000000000 -3.8910807548e-08 -3.9306295593e-08    0.032675000000   0.0026750000000
-3.4905282420e-08  2.6184618801e-10  9.1334005245e-06      0.0000000000 -3.8685707609e-08 -3.7591727023e-08    0.032691666667   0.0026916666667
-3.4768048846e-08  2.5576023963e-10  9.1337304293e-06      0.0000000000 -3.8460607670e-08 -3.7672634195e-08    0.032708333333   0.0027083333333
-3.4144291219e-08  2.8337274105e-10  9.1340704272e-06      0.0000000000 -3.8235507732e-08 -3.9148380389e-08    0.032725000000   0.0027250000000
-3.4061872308e-08  2.7349012700e-10  9.1344005240e-06      0.0000000000 -3.8010407793e-08 -3.7990854399e-08    0.032741666667   0.0027416666667
-3.3442488716e-08  3.0076816918e-10  9.1347304322e-06      0.0000000000 -3.7784853107e-08 -3.7513948597e-08    0.032758333333   0.0027583333333
-3.3317003068e-08  2.9386851607e-10  9.1350704232e-06      0.0000000000 -3.7559753168e-08 -3.8451912080e-08    0.032775000000   0.0027750000000
-3.2533007694e-08  3.3254817723e-10  9.1354005270e-06      0.0000000000 -3.7334198482e-08 -3.8989286009e-08    0.032791666667   0.0027916666667
-3.2496490903e-08  3.1948621309e-10  9.1357304247e-06      0.0000000000 -3.7109098544e-08 -3.7103218132e-08    0.032808333333   0.0028083333333
-3.2106092890e-08  3.3090386972e-10  9.1360704296e-06      0.0000000000 -3.6883543858e-08 -3.6366186181e-08    0.032825000000   0.0028250000000
-3.2121521635e-08  3.1421246870e-10  9.1364005264e-06      0.0000000000 -3.6657989171e-08 -3.7604902345e-08    0.032841666667   0.0028416666667
-3.1926570606e-08  3.1209274658e-10  9.1367304242e-06      0.0000000000 -3.6432434485e-08 -3.7667335766e-08    0.032858333333   0.0028583333333
-3.1831015924e-08  3.0308846697e-10  9.1370704326e-06      0.0000000000 -3.6206879799e-08 -3.6710018080e-08    0.032875000000   0.0028750000000
-3.1879030935e-08  2.8410852356e-10  9.1374005224e-06      0.0000000000 -3.5980870366e-08 -3.6196117607e-08    0.032891666667   0.0028916666667
-3.1895153564e-08  2.6736906160e-10  9.1377304306e-06      0.0000000000 -3.5755315680e-08 -3.6013534048e-08    0.032908333333   0.0029083333333
-3.1671361346e-08  2.6724698653e-10  9.1380704251e-06      0.0000000000 -3.5529760994e-08 -3.5206160338e-08    0.032925000000   0.0029250000000
-3.1766226188e-08  2.4502205107e-10  9.1384005254e-06      0.0000000000 -3.5303751561e-08 -3.4322957772e-08    0.032941666667   0.0029416666667
-3.1930233039e-08  2.1800808514e-10  9.1387304301e-06      0.0000000000 -3.5077742127e-08 -3.4982116964e-08    0.032958333333   0.0029583333333
-3.1575173314e-08  2.2694658421e-10  9.1390704245e-06      0.0000000000 -3.4851732694e-08 -3.3405952171e-08    0.032975000000   0.0029750000000
-3.1761404210e-08  1.9839329894e-10  9.1394005283e-06      0.0000000000 -3.4625723260e-08 -3.3453700924e-08    0.032991666667   0.0029916666667
-3.1762201207e-08  1.8268384929e-10  9.1397304226e-06      0.0000000000 -3.4399713827e-08 -3.3883832758e-08    0.033008333333   0.0030083333333
-3.1562931831e-08  1.8083173429e-10  9.1400704345e-06      0.0000000000 -3.4173704394e-08 -3.4017802835e-08    0.033025000000   0.0030250000000
-3.1540712574e-08  1.6671647523e-10  9.1404005208e-06      0.0000000000 -3.3947694960e-08 -3.4403519053e-08    0.033041666667   0.0030416666667
-3.1123707510e-08  1.7994553684e-10  9.1407304290e-06      0.0000000000 -3.3721685527e-08 -3.4516657027e-08    0.033058333333   0.0030583333333
-3.0813771514e-08  1.8572710260e-10  9.1410704269e-06      0.0000000000 -3.3495221346e-08 -3.3793869517e-08    0.033075000000   0.0030750000000
-3.0594528605e-08  1.8525842813e-10  9.1414005237e-06      0.0000000000 -3.3269211913e-08 -3.4489551709e-08    0.033091666667   0.0030916666667
-3.0330831384e-08  1.8783732582e-10  9.1417304320e-06      0.0000000000 -3.3042747732e-08 -3.3718858223e-08    0.033108333333   0.0031083333333
-2.9800471000e-08  2.0888629736e-10  9.1420704229e-06      0.0000000000 -3.2816283551e-08 -3.4209002237e-08    0.033125000000   0.0031250000000
-2.9444971676e-08  2.1782374719e-10  9.1424005302e-06      0.0000000000 -3.2589819370e-08 -3.4266671788e-08    0.033141666667   0.0031416666667
-2.9151242950e-08  2.2248273761e-10  9.1427304210e-06      0.0000000000 -3.2363355190e-08 -3.2227389687e-08    0.033158333333   0.0031583333333
-2.8868859768e-08  2.2635589384e-10  9.1430704329e-06      0.0000000000 -3.2136891009e-08 -3.2111044356e-08    0.033175000000   0.0031750000000
-2.8628658400e-08  2.2730738207e-10  9.1434005227e-06      0.0000000000 -3.1910426828e-08 -3.2882351013e-08    0.033191666667   0.0031916666667
-2.8550783300e-08  2.1701555445e-10  9.1437304274e-06      0.0000000000 -3.1683962647e-08 -3.3271903483e-08    0.033208333333   0.0032083333333
-2.8351891840e-08  2.1507426870e-10  9.1440704288e-06      0.0000000000 -3.1457043719e-08 -3.1482402231e-08    0.033225000000   0.0032250000000
-2.8272357511e-08  2.0489736537e-10  9.1444005221e-06      0.0000000000 -3.1230579539e-08 -3.0169901114e-08    0.033241666667   0.0032416666667
-2.8180395990e-08  1.9554971771e-10  9.1447304339e-06      0.0000000000 -3.1003660611e-08 -3.1089280789e-08    0.033258333333   0.0032583333333
-2.8167938242e-08  1.8069534566e-10  9.1450704213e-06      0.0000000000 -3.0776741682e-08 -2.8748019665e-08    0.033275000000   0.0032750000000
-2.8445836769e-08  1.4576132479e-10  9.1454005286e-06      0.0000000000 -3.0550277502e-08 -3.0284202541e-08    0.033291666667   0.0032916666667
-2.8131889690e-08  1.5178921538e-10  9.1457304263e-06      0.0000000000 -3.0323358574e-08 -3.0984349878e-08    0.033308333333   0.0033083333333
-2.8384662182e-08  1.1856401891e-10  9.1460704278e-06      0.0000000000 -3.0096439646e-08 -3.0896226151e-08    0.033325000000   0.0033250000000
-2.8228527711e-08  1.1362972890e-10  9.1464005246e-06      0.0000000000 -2.9869065970e-08 -2.9394349425e-08    0.033341666667   0.0033416666667
-2.8199638789e-08  9.9913440489e-11  9.1467304258e-06      0.0000000000 -2.9642147042e-08 -2.9662179522e-08    0.033358333333   0.0033583333333
-2.8167610425e-08  8.6414601431e-11  9.1470704307e-06      0.0000000000 -2.9415228114e-08 -3.0910344814e-08    0.033375000000   0.0033750000000
-2.7920383766e-08  8.7789692243e-11  9.1474005240e-06      0.0000000000 -2.9187854438e-08 -2.8073641246e-08    0.033391666667   0.0033916666667
-2.7655555734e-08  9.0415416558e-11  9.1477304323e-06      0.0000000000 -2.8960935510e-08 -2.7155943862e-08    0.033408333333   0.0034083333333
-2.7309431833e-08  9.8640495044e-11  9.1480704232e-06      0.0000000000 -2.8733561835e-08 -3.0558636022e-08    0.033425000000   0.0034250000000
-2.6803846973e-08  1.1791042753e-10  9.1484005270e-06      0.0000000000 -2.8506188159e-08 -2.7401165231e-08    0.033441666667   0.0034416666667
-2.6604505838e-08  1.1600028792e-10  9.1487304282e-06      0.0000000000 -2.8279269231e-08 -2.8290468066e-08    0.033458333333   0.0034583333333
-2.6209713367e-08  1.2759633102e-10  9.1490704262e-06      0.0000000000 -2.8051895556e-08 -2.6964697293e-08    0.033475000000   0.0034750000000
-2.5842167247e-08  1.3730519135e-10  9.1494005265e-06      0.0000000000 -2.7824521880e-08 -2.7532383898e-08    0.033491666667   0.0034916666667
-2.5682071125e-08  1.3261380250e-10  9.1497304242e-06      0.0000000000 -2.7596693458e-08 -2.7111889859e-08    0.033508333333   0.0035083333333
-2.5263845589e-08  1.4583290606e-10  9.1500704326e-06      0.0000000000 -2.7369319782e-08 -2.7575588894e-08    0.033525000000   0.0035250000000
-2.5321166745e-08  1.2611389230e-10  9.1504005224e-06      0.0000000000 -2.7141946107e-08 -2.8665650315e-08    0.033541666667   0.0035416666667
-2.5322542160e-08  1.1023838934e-10  9.1507304272e-06      0.0000000000 -2.6914117684e-08 -2.7313701842e-08    0.033558333333   0.0035583333333
-2.5064999962e-08  1.1232797245e-10  9.1510704251e-06      0.0000000000 -2.6686744009e-08 -2.5952807357e-08    0.033575000000   0.0035750000000
-2.5068932887e-08  9.6275326920e-11  9.1514005254e-06      0.0000000000 -2.6458915586e-08 -2.6700640558e-08    0.033591666667   0.0035916666667
-2.4854921452e-08  9.5318311446e-11  9.1517304301e-06      0.0000000000 -2.6231087163e-08 -2.6428754097e-08    0.033608333333   0.0036083333333
-2.4739006844e-08  8.7598245406e-11  9.1520704246e-06      0.0000000000 -2.6003713488e-08 -2.7236222141e-08    0.033625000000   0.0036250000000
-2.4693579454e-08  7.4964477372e-11  9.1524005318e-06      0.0000000000 -2.5775885065e-08 -2.7830196502e-08    0.033641666667   0.0036416666667
-2.4852612319e-08  4.8169038124e-11  9.1527304226e-06      0.0000000000 -2.5548056642e-08 -2.6321244721e-08    0.033658333333   0.0036583333333
-2.4665231827e-08  4.5335967799e-11  9.1530704275e-06      0.0000000000 -2.5319773472e-08 -2.4614568767e-08    0.033675000000   0.0036750000000
-2.4635512068e-08  3.1614231263e-11  9.1534005243e-06      0.0000000000 -2.5091945049e-08 -2.3536959442e-08    0.033691666667   0.0036916666667
-2.4445368142e-08  2.9004064036e-11  9.1537304256e-06      0.0000000000 -2.4864116626e-08 -2.3666149927e-08    0.033708333333   0.0037083333333
-2.3890527817e-08  5.1622616729e-11  9.1540704305e-06      0.0000000000 -2.4635833456e-08 -2.3010355317e-08    0.033725000000   0.0037250000000
-2.4143516575e-08  1.8319445832e-11  9.1544005238e-06      0.0000000000 -2.4408005033e-08 -2.3713049673e-08    0.033741666667   0.0037416666667
-2.3584975448e-08  4.1194329670e-11  9.1547304320e-06      0.0000000000 -2.4179721863e-08 -2.3316091980e-08    0.033758333333   0.0037583333333
-2.3771946945e-08  1.2463757755e-11  9.1550704230e-06      0.0000000000 -2.3951893440e-08 -2.4044366587e-08    0.033775000000   0.0037750000000
-2.3396071932e-08  2.2686513028e-11  9.1554005302e-06      0.0000000000 -2.3723610270e-08 -2.3679278082e-08    0.033791666667   0.0037916666667
-2.3158736100e-08  2.3313533791e-11  9.1557304245e-06      0.0000000000 -2.3495327100e-08 -2.2303400205e-08    0.033808333333   0.0038083333333
-2.3172981816e-08  6.5150888712e-12  9.1560704259e-06      0.0000000000 -2.3267043930e-08 -2.3362897393e-08    0.033825000000   0.0038250000000
-2.2961443382e-08  5.3552866766e-12  9.1564005262e-06      0.0000000000 -2.3038760760e-08 -2.3636230310e-08    0.033841666667   0.0038416666667
-2.2683630920e-08  8.7858680437e-12  9.1567304240e-06      0.0000000000 -2.2810477590e-08 -2.3821266554e-08    0.033858333333   0.0038583333333
-2.2438886996e-08  9.8945030993e-12  9.1570704289e-06      0.0000000000 -2.2581739672e-08 -2.3290606064e-08    0.033875000000   0.0038750000000
-2.2012267373e-08  2.3632017153e-11  9.1574005222e-06      0.0000000000 -2.2353456502e-08 -2.4207517331e-08    0.033891666667   0.0038916666667
-2.1511837647e-08  4.2450393591e-11  9.1577304304e-06      0.0000000000 -2.2124718584e-08 -2.2982055101e-08    0.033908333333   0.0039083333333
-2.1558529165e-08  2.3404632761e-11  9.1580704213e-06      0.0000000000 -2.1896435414e-08 -2.1473134765e-08    0.033925000000   0.0039250000000
-2.1032267039e-08  4.4012256486e-11  9.1584005286e-06      0.0000000000 -2.1667697497e-08 -2.1673107234e-08    0.033941666667   0.0039416666667
-2.0951103824e-08  3.3790688474e-11  9.1587304264e-06      0.0000000000 -2.1438959579e-08 -2.2018637146e-08    0.033958333333   0.0039583333333
-2.0694711710e-08  3.5737617545e-11  9.1590704243e-06      0.0000000000 -2.1210676409e-08 -2.0347352184e-08    0.033975000000   0.0039750000000
-2.0641325479e-08  2.3592113194e-11  9.1594005281e-06      0.0000000000 -2.0981938492e-08 -2.0378781146e-08    0.033991666667   0.0039916666667
-2.0541525198e-08  1.4661417063e-11  9.1597304223e-06      0.0000000000 -2.0753200574e-08 -1.9829143789e-08    0.034008333333   0.0040083333333
-2.0422246404e-08  7.0483770872e-12  9.1600704308e-06      0.0000000000 -2.0524007909e-08 -1.9296675230e-08    0.034025000000   0.0040250000000
-2.0442635197e-08 -1.0207057471e-11  9.1604005206e-06      0.0000000000 -2.0295269992e-08 -1.9811236041e-08    0.034041666667   0.0040416666667
-2.0157817560e-08 -6.3227693532e-12  9.1607304288e-06      0.0000000000 -2.0066532074e-08 -2.0467250764e-08    0.034058333333   0.0040583333333
-1.9956591917e-08 -8.2283709371e-12  9.1610704232e-06      0.0000000000 -1.9837794157e-08 -2.0444437646e-08    0.034075000000   0.0040750000000
-1.9629167830e-08 -1.4245004274e-12  9.1614005270e-06      0.0000000000 -1.9608601492e-08 -1.8365189352e-08    0.034091666667   0.0040916666667
-1.9531857919e-08 -1.0559186190e-11  9.1617304283e-06      0.0000000000 -1.9379408827e-08 -1.9881955136e-08    0.034108333333   0.0041083333333
-1.9397068486e-08 -1.7066404677e-11  9.1620704262e-06      0.0000000000 -1.9150670910e-08 -1.9631702617e-08    0.034125000000   0.0041250000000
-1.9188434751e-08 -1.8490391968e-11  9.1624005300e-06      0.0000000000 -1.8921478245e-08 -1.9775640659e-08    0.034141666667   0.0041416666667
-1.9154905750e-08 -3.2042778748e-11  9.1627304207e-06      0.0000000000 -1.8692285580e-08 -1.8372170072e-08    0.034158333333   0.0041583333333
-1.8528341972e-08 -4.5193902412e-12  9.1630704292e-06      0.0000000000 -1.8463092915e-08 -2.0171953736e-08    0.034175000000   0.0041750000000
-1.8628504852e-08 -2.7331769734e-11  9.1634005225e-06      0.0000000000 -1.8233900250e-08 -1.8717401259e-08    0.034191666667   0.0041916666667
-1.8509178232e-08 -3.4941497077e-11  9.1637304272e-06      0.0000000000 -1.8004707585e-08 -1.7063143593e-08    0.034208333333   0.0042083333333
-1.8144239546e-08 -2.5539227113e-11  9.1640704251e-06      0.0000000000 -1.7775514921e-08 -1.7368062695e-08    0.034225000000   0.0042250000000
-1.7969532094e-08 -2.9313073877e-11  9.1644005254e-06      0.0000000000 -1.7546322256e-08 -1.9260545288e-08    0.034241666667   0.0042416666667
-1.7985053395e-08 -4.6294362963e-11  9.1647304267e-06      0.0000000000 -1.7316674844e-08 -1.6746794349e-08    0.034258333333   0.0042583333333
-1.7229737213e-08 -9.8531082251e-12  9.1650704246e-06      0.0000000000 -1.7087482179e-08 -1.5408744427e-08    0.034275000000   0.0042750000000
-1.6889675124e-08 -2.2053805633e-12  9.1654005284e-06      0.0000000000 -1.6857834767e-08 -1.6924834150e-08    0.034291666667   0.0042916666667
-1.6546588750e-08  5.6518202224e-12  9.1657304226e-06      0.0000000000 -1.6628187354e-08 -1.7127495139e-08    0.034308333333   0.0043083333333
-1.6127573905e-08  1.8799604367e-11  9.1660704276e-06      0.0000000000 -1.6398994689e-08 -1.4335112854e-08    0.034325000000   0.0043250000000
-1.5838272456e-08  2.2931462870e-11  9.1664005244e-06      0.0000000000 -1.6169347277e-08 -1.7409962737e-08    0.034341666667   0.0043416666667
-1.5590945752e-08  2.4155995788e-11  9.1667304256e-06      0.0000000000 -1.5939699865e-08 -1.7441297365e-08    0.034358333333   0.0043583333333
-1.5390870461e-08  2.2107721656e-11  9.1670704270e-06      0.0000000000 -1.5710052453e-08 -1.5949923163e-08    0.034375000000   0.0043750000000
-1.5182586397e-08  2.0628017431e-11  9.1674005238e-06      0.0000000000 -1.5480405041e-08 -1.5641891037e-08    0.034391666667   0.0043916666667
-1.5105051955e-08  1.0092112175e-11  9.1677304286e-06      0.0000000000 -1.5250757628e-08 -1.5217419246e-08    0.034408333333   0.0044083333333
-1.5171554517e-08 -1.0451824449e-11  9.1680704230e-06      0.0000000000 -1.5020655469e-08 -1.4863163434e-08    0.034425000000   0.0044250000000
-1.5261332579e-08 -3.2576410651e-11  9.1684005268e-06      0.0000000000 -1.4791008057e-08 -1.3461642418e-08    0.034441666667   0.0044416666667
-1.5430101683e-08 -6.0172207591e-11  9.1687304280e-06      0.0000000000 -1.4561360645e-08 -1.5547069592e-08    0.034458333333   0.0044583333333
-1.5225708847e-08 -6.1952930124e-11  9.1690704259e-06      0.0000000000 -1.4331258485e-08 -1.5109831259e-08    0.034475000000   0.0044750000000
-1.5270584601e-08 -8.0967416909e-11  9.1694005263e-06      0.0000000000 -1.4101611073e-08 -1.3647040275e-08    0.034491666667   0.0044916666667
-1.5059690581e-08 -8.2297843475e-11  9.1697304240e-06      0.0000000000 -1.3871508913e-08 -1.4407404183e-08    0.034508333333   0.0045083333333
-1.4945167020e-08 -9.0303243374e-11  9.1700704289e-06      0.0000000000 -1.3641406754e-08 -1.3143343602e-08    0.034525000000   0.0045250000000
-1.4364558913e-08 -6.6025909036e-11  9.1704005222e-06      0.0000000000 -1.3411304594e-08 -1.2451953610e-08    0.034541666667   0.0045416666667
-1.4082400354e-08 -6.2420290850e-11  9.1707304269e-06      0.0000000000 -1.3181202435e-08 -1.2584603010e-08    0.034558333333   0.0045583333333
-1.3853544716e-08 -6.2506629533e-11  9.1710704249e-06      0.0000000000 -1.2951100275e-08 -1.2806681092e-08    0.034575000000   0.0045750000000
-1.3466467598e-08 -5.1633965071e-11  9.1714005252e-06      0.0000000000 -1.2720998116e-08 -1.3360421979e-08    0.034591666667   0.0045916666667
-1.3327336954e-08 -5.7934987702e-11  9.1717304264e-06      0.0000000000 -1.2490895956e-08 -1.2214499078e-08    0.034608333333   0.0046083333333
-1.3052387890e-08 -5.4828725759e-11  9.1720704243e-06      0.0000000000 -1.2260793796e-08 -1.3490697306e-08    0.034625000000   0.0046250000000
-1.2774488743e-08 -5.1549627601e-11  9.1724005281e-06      0.0000000000 -1.2030236890e-08 -1.3633959287e-08    0.034641666667   0.0046416666667
-1.2529330448e-08 -5.0506784190e-11  9.1727304224e-06      0.0000000000 -1.1800134730e-08 -1.2172913483e-08    0.034658333333   0.0046583333333
-1.2502161325e-08 -6.4594172048e-11  9.1730704308e-06      0.0000000000 -1.1569577823e-08 -1.1023704612e-08    0.034675000000   0.0046750000000
-1.2015751717e-08 -4.6841373104e-11  9.1734005206e-06      0.0000000000 -1.1339475664e-08 -1.2373436234e-08    0.034691666667   0.0046916666667
-1.1908804956e-08 -5.5403067595e-11  9.1737304288e-06      0.0000000000 -1.1108918757e-08 -1.2143952929e-08    0.034708333333   0.0047083333333
-1.1572114875e-08 -4.8051892597e-11  9.1740704233e-06      0.0000000000 -1.0878361850e-08 -9.4661079050e-09    0.034725000000   0.0047250000000
-1.1563083179e-08 -6.3395545503e-11  9.1744005236e-06      0.0000000000 -1.0647804943e-08 -9.7812308071e-09    0.034741666667   0.0047416666667
-1.1375119034e-08 -6.6345677267e-11  9.1747304283e-06      0.0000000000 -1.0417248036e-08 -9.6838466203e-09    0.034758333333   0.0047583333333
-1.0996197976e-08 -5.6069429117e-11  9.1750704227e-06      0.0000000000 -1.0186691129e-08 -9.4670826902e-09    0.034775000000   0.0047750000000
-1.0697553661e-08 -5.1353444153e-11  9.1754005300e-06      0.0000000000 -9.9561342221e-09 -9.0713985073e-09    0.034791666667   0.0047916666667
-1.0583412901e-08 -5.9416855770e-11  9.1757304243e-06      0.0000000000 -9.7255773152e-09 -9.4477127647e-09    0.034808333333   0.0048083333333
-9.9294766963e-09 -3.0092044462e-11  9.1760704292e-06      0.0000000000 -9.4950204083e-09 -9.1162543492e-09    0.034825000000   0.0048250000000
-9.9302462053e-09 -4.6114564988e-11  9.1764005225e-06      0.0000000000 -9.2644635014e-09 -8.1254795190e-09    0.034841666667   0.0048416666667
-9.6588943879e-09 -4.3320456543e-11  9.1767304272e-06      0.0000000000 -9.0334518472e-09 -7.8444426545e-09    0.034858333333   0.0048583333333
-9.2449529178e-09 -3.0618565507e-11  9.1770704252e-06      0.0000000000 -8.8028949403e-09 -9.2123178593e-09    0.034875000000   0.0048750000000
-9.5029335194e-09 -6.4487972192e-11  9.1774005255e-06      0.0000000000 -8.5718832860e-09 -9.4665009635e-09    0.034891666667   0.0048916666667
-9.0331419614e-09 -4.7949195617e-11  9.1777304302e-06      0.0000000000 -8.3408716318e-09 -8.6394114366e-09    0.034908333333   0.0049083333333
-8.9503518064e-09 -5.8184065707e-11  9.1780704211e-06      0.0000000000 -8.1103147249e-09 -9.4662651284e-09    0.034925000000   0.0049250000000
-8.7131020810e-09 -5.7751993898e-11  9.1784005284e-06      0.0000000000 -7.8793030706e-09 -9.0301745264e-09    0.034941666667   0.0049416666667
-8.3324554554e-09 -4.7387724034e-11  9.1787304227e-06      0.0000000000 -7.6482914164e-09 -7.4663360500e-09    0.034958333333   0.0049583333333
-8.3501524932e-09 -6.4614205106e-11  9.1790704276e-06      0.0000000000 -7.4172797621e-09 -7.9564014523e-09    0.034975000000   0.0049750000000
-8.0349914282e-09 -5.8785706630e-11  9.1794005244e-06      0.0000000000 -7.1862681079e-09 -7.1853149078e-09    0.034991666667   0.0049916666667
-7.8120826753e-09 -5.9346943457e-11  9.1797304256e-06      0.0000000000 -6.9552564536e-09 -7.7758146313e-09    0.035008333333   0.0050083333333
-7.7783390055e-09 -7.3041948916e-11  9.1800704271e-06      0.0000000000 -6.7237900520e-09 -6.2314561368e-09    0.035025000000   0.0050250000000
-7.3339908240e-09 -5.8265474414e-11  9.1804005204e-06      0.0000000000 -6.4927783978e-09 -7.7659410005e-09    0.035041666667   0.0050416666667
-7.2935726431e-09 -7.1466681148e-11  9.1807304286e-06      0.0000000000 -6.2617667435e-09 -7.0767206912e-09    0.035058333333   0.0050583333333
-6.9974311779e-09 -6.6987047764e-11  9.1810704230e-06      0.0000000000 -6.0303003419e-09 -5.5343117670e-09    0.035075000000   0.0050750000000
-6.7566569943e-09 -6.6310858986e-11  9.1814005268e-06      0.0000000000 -5.7992886877e-09 -5.2618435790e-09    0.035091666667   0.0050916666667
-6.5570161079e-09 -6.8515211516e-11  9.1817304246e-06      0.0000000000 -5.5678222861e-09 -6.6739614543e-09    0.035108333333   0.0051083333333
-6.2317766880e-09 -6.2020146508e-11  9.1820704260e-06      0.0000000000 -5.3363558845e-09 -5.0786625715e-09    0.035125000000   0.0051250000000
-6.1668299775e-09 -7.3522416836e-11  9.1824005263e-06      0.0000000000 -5.1053442302e-09 -6.3031028496e-09    0.035141666667   0.0051416666667
-5.5163462035e-09 -4.4499728596e-11  9.1827304240e-06      0.0000000000 -4.8738778286e-09 -5.6340543051e-09    0.035158333333   0.0051583333333
-5.3422619807e-09 -4.8474229882e-11  9.1830704289e-06      0.0000000000 -4.6424114270e-09 -4.6150893156e-09    0.035175000000   0.0051750000000
-5.0405675767e-09 -4.3609979489e-11  9.1834005223e-06      0.0000000000 -4.4109450254e-09 -3.5537368918e-09    0.035191666667   0.0051916666667
-4.7296362655e-09 -3.8105946838e-11  9.1837304270e-06      0.0000000000 -4.1794786238e-09 -2.7633590335e-09    0.035208333333   0.0052083333333
-4.5877402772e-09 -4.4309923936e-11  9.1840704214e-06      0.0000000000 -3.9480122222e-09 -4.8274981569e-09    0.035225000000   0.0052250000000
-4.2163585365e-09 -3.4618871643e-11  9.1844005252e-06      0.0000000000 -3.7165458206e-09 -3.2597605397e-09    0.035241666667   0.0052416666667
-4.2347396854e-09 -5.1955731722e-11  9.1847304265e-06      0.0000000000 -3.4846246717e-09 -2.5376962578e-09    0.035258333333   0.0052583333333
-4.1487222970e-09 -6.2030066687e-11  9.1850704244e-06      0.0000000000 -3.2531582701e-09 -2.9519799714e-09    0.035275000000   0.0052750000000
-3.8719533850e-09 -5.8923745254e-11  9.1854005317e-06      0.0000000000 -3.0212371211e-09 -3.3177759820e-09    0.035291666667   0.0052916666667
-3.8961488580e-09 -7.6631829380e-11  9.1857304224e-06      0.0000000000 -2.7897707195e-09 -2.5501011857e-09    0.035308333333   0.0053083333333
-3.6595511812e-09 -7.6307915818e-11  9.1860704273e-06      0.0000000000 -2.5578495705e-09 -2.0370968863e-09    0.035325000000   0.0053250000000
-3.6702745724e-09 -9.3082873886e-11  9.1864005242e-06      0.0000000000 -2.3263831689e-09 -3.1267180811e-09    0.035341666667   0.0053416666667
-3.3565064643e-09 -8.7413851705e-11  9.1867304254e-06      0.0000000000 -2.0944620200e-09 -3.3054811105e-09    0.035358333333   0.0053583333333
-3.0575925942e-09 -8.2773688815e-11  9.1870704233e-06      0.0000000000 -1.8625408710e-09 -2.7271976468e-09    0.035375000000   0.0053750000000
-2.9062608349e-09 -8.8355607098e-11  9.1874005236e-06      0.0000000000 -1.6306197221e-09 -2.9619793809e-09    0.035391666667   0.0053916666667
-2.3946162156e-09 -6.8980928125e-11  9.1877304283e-06      0.0000000000 -1.3986985731e-09 -2.3306959021e-09    0.035408333333   0.0054083333333
-2.3712328957e-09 -8.3425027100e-11  9.1880704228e-06      0.0000000000 -1.1667774242e-09 -2.6479587641e-10    0.035425000000   0.0054250000000
-1.7903987082e-09 -5.9258023517e-11  9.1884005301e-06      0.0000000000 -9.3485627523e-10 -1.0403632884e-09    0.035441666667   0.0054416666667
-1.3413118189e-09 -4.4216323593e-11  9.1887304208e-06      0.0000000000 -7.0293512628e-10 -1.3453767246e-09    0.035458333333   0.0054583333333
-1.2610196276e-09 -5.4718704300e-11  9.1890704257e-06      0.0000000000 -4.7101397733e-10 -1.3293399356e-09    0.035475000000   0.0054750000000
-8.2182524458e-10 -4.0393693312e-11  9.1894005260e-06      0.0000000000 -2.3863808102e-10  5.7413257412e-10    0.035491666667   0.0054916666667
-6.5758703753e-10 -4.5081663434e-11  9.1897304238e-06      0.0000000000 -6.7169320727e-12 -3.2564134022e-10    0.035508333333   0.0055083333333
-3.7366867010e-10 -4.1511641833e-11  9.1900704287e-06      0.0000000000  2.2565896423e-10  1.5093446475e-09    0.035525000000   0.0055250000000
-5.4347088934e-11 -3.5457965629e-11  9.1904005220e-06      0.0000000000  4.5758011318e-10  1.2332445984e-09    0.035541666667   0.0055416666667
 1.3242677998e-10 -3.8616530193e-11  9.1907304302e-06      0.0000000000  6.8995600949e-10  8.7490097792e-10    0.035558333333   0.0055583333333
 3.0336068274e-10 -4.2840731740e-11  9.1910704177e-06      0.0000000000  9.2187715844e-10  7.9188701179e-10    0.035575000000   0.0055750000000
 3.4778395402e-10 -5.5859023580e-11  9.1914005285e-06      0.0000000000  1.1542530547e-09  1.7745648359e-09    0.035591666667   0.0055916666667
 5.3103336475e-10 -5.9261705113e-11  9.1917304227e-06      0.0000000000  1.3866289510e-09  1.2793582277e-09    0.035608333333   0.0056083333333
 8.7881279835e-10 -5.1268430597e-11  9.1920704276e-06      0.0000000000  1.6190048473e-09  6.9591783580e-10    0.035625000000   0.0056250000000
 8.2205277877e-10 -7.1295050251e-11  9.1924005279e-06      0.0000000000  1.8513807436e-09  8.8118991475e-10    0.035641666667   0.0056416666667
 1.2020199125e-09 -6.1072336937e-11  9.1927304222e-06      0.0000000000  2.0837566400e-09  1.9051546091e-09    0.035658333333   0.0056583333333
 1.0389094808e-09 -8.8465178278e-11  9.1930704306e-06      0.0000000000  2.3161325363e-09  8.7916173262e-10    0.035675000000   0.0056750000000
 1.3083599621e-09 -8.5897255819e-11  9.1934005204e-06      0.0000000000  2.5485084326e-09  1.1133774624e-09    0.035691666667   0.0056916666667
 1.3012852344e-09 -1.0251398643e-10  9.1937304286e-06      0.0000000000  2.7813390762e-09  2.7123082063e-09    0.035708333333   0.0057083333333
 1.6979908059e-09 -9.1131907204e-11  9.1940704196e-06      0.0000000000  3.0137149725e-09  3.3998305027e-09    0.035725000000   0.0057250000000
 1.5113997503e-09 -1.2015110313e-10  9.1944005269e-06      0.0000000000  3.2460908688e-09  3.0686708117e-09    0.035741666667   0.0057416666667
 2.0131548793e-09 -1.0152440168e-10  9.1947304246e-06      0.0000000000  3.4789215125e-09  3.3653671289e-09    0.035758333333   0.0057583333333
 2.2422246511e-09 -1.0175339605e-10  9.1950704225e-06      0.0000000000  3.7112974088e-09  5.9282189427e-09    0.035775000000   0.0057750000000
 2.3387002202e-09 -1.1119785129e-10  9.1954005298e-06      0.0000000000  3.9441280524e-09  6.6680809159e-09    0.035791666667   0.0057916666667
 2.9291658362e-09 -8.6426734417e-11  9.1957304171e-06      0.0000000000  4.1769586961e-09  4.8186146511e-09    0.035808333333   0.0058083333333
 3.3122235171e-09 -7.5989958409e-11  9.1960704290e-06      0.0000000000  4.4093345924e-09  4.9402269670e-09    0.035825000000   0.0058250000000
 3.4579308856e-09 -8.2024437699e-11  9.1964005223e-06      0.0000000000  4.6421652360e-09  4.4170503123e-09    0.035841666667   0.0058416666667
 4.1299771145e-09 -5.1602746755e-11  9.1967304270e-06      0.0000000000  4.8749958797e-09  4.2238384506e-09    0.035858333333   0.0058583333333
 4.5539181598e-09 -3.8365735663e-11  9.1970704250e-06      0.0000000000  5.1078265233e-09  6.2984486538e-09    0.035875000000   0.0058750000000
 4.7056607387e-09 -4.3982194022e-11  9.1974005253e-06      0.0000000000  5.3406571670e-09  8.5240405079e-09    0.035891666667   0.0058916666667
 5.2557945404e-09 -2.2004607319e-11  9.1977304265e-06      0.0000000000  5.5734878107e-09  4.9915289692e-09    0.035908333333   0.0059083333333
 5.3045505862e-09 -3.4754292698e-11  9.1980704209e-06      0.0000000000  5.8063184543e-09  3.8668941186e-09    0.035925000000   0.0059250000000
 5.6431292596e-09 -2.7429794235e-11  9.1984005282e-06      0.0000000000  6.0391490980e-09  4.2653611560e-09    0.035941666667   0.0059416666667
 5.8364135506e-09 -3.0200417918e-11  9.1987304225e-06      0.0000000000  6.2724344890e-09  4.8256897051e-09    0.035958333333   0.0059583333333
 5.8210509623e-09 -4.7391196313e-11  9.1990704274e-06      0.0000000000  6.5052651326e-09  4.1805548429e-09    0.035975000000   0.0059750000000
 5.7763054084e-09 -6.6648644734e-11  9.1994005242e-06      0.0000000000  6.7385505236e-09  7.0950682818e-09    0.035991666667   0.0059916666667
 6.0168698910e-09 -6.6112970532e-11  9.1997304219e-06      0.0000000000  6.9713811673e-09  7.3348811654e-09    0.036008333333   0.0060083333333
 6.0732910623e-09 -7.8363238532e-11  9.2000704268e-06      0.0000000000  7.2046665583e-09  8.0820540276e-09    0.036025000000   0.0060250000000
 6.2887822218e-09 -7.9564235139e-11  9.2004005237e-06      0.0000000000  7.4374972019e-09  7.7018249070e-09    0.036041666667   0.0060416666667
 6.1176969589e-09 -1.0757243765e-10  9.2007304284e-06      0.0000000000  7.6707825929e-09  8.4372531797e-09    0.036058333333   0.0060583333333
 6.3561742568e-09 -1.0721282703e-10  9.2010704193e-06      0.0000000000  7.9040679839e-09  7.6687450993e-09    0.036075000000   0.0060750000000
 6.2995672218e-09 -1.2729184537e-10  9.2014005266e-06      0.0000000000  8.1373533750e-09  6.4751677787e-09    0.036091666667   0.0060916666667
 6.8236610193e-09 -1.0711788537e-10  9.2017304244e-06      0.0000000000  8.3701840186e-09  1.0072927037e-08    0.036108333333   0.0061083333333
 7.1041111916e-09 -1.0385107871e-10  9.2020704223e-06      0.0000000000  8.6034694096e-09  9.2040160801e-09    0.036125000000   0.0061250000000
 7.1326097621e-09 -1.1803536900e-10  9.2024005261e-06      0.0000000000  8.8367548006e-09  9.9341459235e-09    0.036141666667   0.0061416666667
 7.6019234407e-09 -1.0168717950e-10  9.2027304203e-06      0.0000000000  9.0700401916e-09  8.5536142334e-09    0.036158333333   0.0061583333333
 7.8774211194e-09 -9.8794898286e-11  9.2030704287e-06      0.0000000000  9.3037803300e-09  9.1669742422e-09    0.036175000000   0.0061750000000
 8.5427615765e-09 -6.8869171306e-11  9.2034005221e-06      0.0000000000  9.5370657210e-09  8.9733850443e-09    0.036191666667   0.0061916666667
 8.6219229977e-09 -7.9544365751e-11  9.2037304303e-06      0.0000000000  9.7703511120e-09  9.6922891355e-09    0.036208333333   0.0062083333333
 9.4354087950e-09 -3.9357546259e-11  9.2040704212e-06      0.0000000000  1.0003636503e-08  9.4648654574e-09    0.036225000000   0.0062250000000
 9.5742522940e-09 -4.5930437411e-11  9.2044005250e-06      0.0000000000  1.0237376641e-08  1.2308691246e-08    0.036241666667   0.0062416666667
 9.9303280248e-09 -3.7425525719e-11  9.2047304262e-06      0.0000000000  1.0470662032e-08  9.7564991805e-09    0.036258333333   0.0062583333333
 1.0165139867e-08 -3.7351295561e-11  9.2050704207e-06      0.0000000000  1.0704402171e-08  1.1240625383e-08    0.036275000000   0.0062750000000
 1.0164335361e-08 -5.3596722483e-11  9.2054005280e-06      0.0000000000  1.0938142309e-08  1.1496034829e-08    0.036291666667   0.0062916666667
 1.0406159438e-08 -5.3005301603e-11  9.2057304187e-06      0.0000000000  1.1171427700e-08  1.2576568511e-08    0.036308333333   0.0063083333333
 1.0508356160e-08 -6.2116483657e-11  9.2060704306e-06      0.0000000000  1.1405167838e-08  1.2777515765e-08    0.036325000000   0.0063250000000
 1.0646893997e-08 -6.8710546047e-11  9.2064005204e-06      0.0000000000  1.1638907977e-08  1.2776934038e-08    0.036341666667   0.0063416666667
 1.0922616380e-08 -6.5802701009e-11  9.2067304252e-06      0.0000000000  1.1872648115e-08  1.3906427092e-08    0.036358333333   0.0063583333333
 1.0775865936e-08 -9.2125384203e-11  9.2070704231e-06      0.0000000000  1.2105933506e-08  1.0351353993e-08    0.036375000000   0.0063750000000
 1.1086771181e-08 -8.6780644432e-11  9.2074005234e-06      0.0000000000  1.2339673644e-08  1.0642028653e-08    0.036391666667   0.0063916666667
 1.1372894412e-08 -8.3183895724e-11  9.2077304281e-06      0.0000000000  1.2573868530e-08  1.4194523288e-08    0.036408333333   0.0064083333333
 1.1553887930e-08 -8.6837321140e-11  9.2080704191e-06      0.0000000000  1.2807608669e-08  1.1508486924e-08    0.036425000000   0.0064250000000
 1.1693632649e-08 -9.3347790448e-11  9.2084005299e-06      0.0000000000  1.3041348807e-08  1.1518360555e-08    0.036441666667   0.0064416666667
 1.1871326146e-08 -9.7229787519e-11  9.2087304171e-06      0.0000000000  1.3275088945e-08  1.3151204391e-08    0.036458333333   0.0064583333333
 1.2124163196e-08 -9.5907064972e-11  9.2090704255e-06      0.0000000000  1.3508829084e-08  1.4677450747e-08    0.036475000000   0.0064750000000
 1.2518552568e-08 -8.4811404207e-11  9.2094005223e-06      0.0000000000  1.3743023969e-08  1.4170185103e-08    0.036491666667   0.0064916666667
 1.2766770230e-08 -8.3808637560e-11  9.2097304236e-06      0.0000000000  1.3976764108e-08  1.2614443633e-08    0.036508333333   0.0065083333333
 1.3050705203e-08 -8.0363455676e-11  9.2100704250e-06      0.0000000000  1.4210958993e-08  1.4928693774e-08    0.036525000000   0.0065250000000
 1.3353048454e-08 -7.5611751179e-11  9.2104005218e-06      0.0000000000  1.4444699132e-08  1.6216982483e-08    0.036541666667   0.0065416666667
 1.3744298116e-08 -6.4733558271e-11  9.2107304300e-06      0.0000000000  1.4678894017e-08  1.5314661549e-08    0.036558333333   0.0065583333333
 1.3910613739e-08 -6.9403628803e-11  9.2110704175e-06      0.0000000000  1.4912634156e-08  1.6370353930e-08    0.036575000000   0.0065750000000
 1.4456673443e-08 -4.7802721543e-11  9.2114005283e-06      0.0000000000  1.5146829042e-08  1.6117617281e-08    0.036591666667   0.0065916666667
 1.4725946286e-08 -4.5373092901e-11  9.2117304225e-06      0.0000000000  1.5381023927e-08  1.5731555172e-08    0.036608333333   0.0066083333333
 1.5349015575e-08 -1.8438217831e-11  9.2120704239e-06      0.0000000000  1.5615218813e-08  1.4852047356e-08    0.036625000000   0.0066250000000
 1.5291805386e-08 -3.8622007756e-11  9.2124005242e-06      0.0000000000  1.5849413699e-08  1.4844296241e-08    0.036641666667   0.0066416666667
 1.5787103114e-08 -2.0537062188e-11  9.2127304220e-06      0.0000000000  1.6083608584e-08  1.6085779538e-08    0.036658333333   0.0066583333333
 1.5993786966e-08 -2.2442577835e-11  9.2130704269e-06      0.0000000000  1.6317803470e-08  1.4494269740e-08    0.036675000000   0.0066750000000
 1.6149372453e-08 -2.7887354640e-11  9.2134005237e-06      0.0000000000  1.6551998356e-08  1.5681448067e-08    0.036691666667   0.0066916666667
 1.6462517599e-08 -2.2418968475e-11  9.2137304249e-06      0.0000000000  1.6786193241e-08  1.7956675355e-08    0.036708333333   0.0067083333333
 1.6271098522e-08 -5.1898560856e-11  9.2140704194e-06      0.0000000000  1.7020388127e-08  1.6063721092e-08    0.036725000000   0.0067250000000
 1.6565531868e-08 -4.7757720493e-11  9.2144005267e-06      0.0000000000  1.7255037760e-08  1.6804966632e-08    0.036741666667   0.0067416666667
 1.6581661190e-08 -6.2861745525e-11  9.2147304244e-06      0.0000000000  1.7489232646e-08  1.8021797296e-08    0.036758333333   0.0067583333333
 1.6759504387e-08 -6.6764871203e-11  9.2150704223e-06      0.0000000000  1.7723427532e-08  1.8428848732e-08    0.036775000000   0.0067750000000
 1.6955152175e-08 -6.9466282869e-11  9.2154005296e-06      0.0000000000  1.7958077165e-08  1.8868555473e-08    0.036791666667   0.0067916666667
 1.6900113679e-08 -8.9499653362e-11  9.2157304204e-06      0.0000000000  1.8192272050e-08  1.9245891683e-08    0.036808333333   0.0068083333333
 1.7316346164e-08 -7.6922555441e-11  9.2160704253e-06      0.0000000000  1.8426921683e-08  2.0370196364e-08    0.036825000000   0.0068250000000
 1.7495251963e-08 -8.0752081454e-11  9.2164005221e-06      0.0000000000  1.8661116569e-08  1.7361160205e-08    0.036841666667   0.0068416666667
 1.7568712655e-08 -9.1916621865e-11  9.2167304233e-06      0.0000000000  1.8895766202e-08  1.7509846394e-08    0.036858333333   0.0068583333333
 1.8033098575e-08 -7.6004239531e-11  9.2170704213e-06      0.0000000000  1.9130415835e-08  2.0276821375e-08    0.036875000000   0.0068750000000
 1.8013279088e-08 -9.3629709088e-11  9.2174005250e-06      0.0000000000  1.9365065468e-08  1.9930379567e-08    0.036891666667   0.0068916666667
 1.8385831644e-08 -8.4078044134e-11  9.2177304263e-06      0.0000000000  1.9599715101e-08  1.8612249853e-08    0.036908333333   0.0069083333333
 1.8599210390e-08 -8.5519846727e-11  9.2180704207e-06      0.0000000000  1.9833909987e-08  1.9257258936e-08    0.036925000000   0.0069250000000
 1.8766967372e-08 -9.0153078428e-11  9.2184005315e-06      0.0000000000  2.0068559620e-08  2.0244857853e-08    0.036941666667   0.0069416666667
 1.8985934402e-08 -9.1239313327e-11  9.2187304188e-06      0.0000000000  2.0303209253e-08  1.9531440859e-08    0.036958333333   0.0069583333333
 1.9619183387e-08 -6.3662349977e-11  9.2190704237e-06      0.0000000000  2.0538313634e-08  2.0003677126e-08    0.036975000000   0.0069750000000
 1.9596805054e-08 -8.1465054635e-11  9.2194005240e-06      0.0000000000  2.0772963267e-08  2.1814104815e-08    0.036991666667   0.0069916666667
 2.0046335667e-08 -6.6581605617e-11  9.2197304217e-06      0.0000000000  2.1007612900e-08  2.2283228058e-08    0.037008333333   0.0070083333333
 2.0210728235e-08 -7.1447868997e-11  9.2200704266e-06      0.0000000000  2.1242262533e-08  2.1634775782e-08    0.037025000000   0.0070250000000
 2.0434850707e-08 -7.2208516452e-11  9.2204005234e-06      0.0000000000  2.1477366913e-08  2.3248422638e-08    0.037041666667   0.0070416666667
 2.0769405324e-08 -6.5288728901e-11  9.2207304247e-06      0.0000000000  2.1712016546e-08  2.2599577303e-08    0.037058333333   0.0070583333333
 2.1018517146e-08 -6.4287024383e-11  9.2210704191e-06      0.0000000000  2.1946666179e-08  2.1818947297e-08    0.037075000000   0.0070750000000
 2.1219544544e-08 -6.6647321796e-11  9.2214005299e-06      0.0000000000  2.2181770560e-08  2.2935673809e-08    0.037091666667   0.0070916666667
 2.1589554286e-08 -5.7271781564e-11  9.2217304207e-06      0.0000000000  2.2416420193e-08  2.3251708607e-08    0.037108333333   0.0071083333333
 2.1684875459e-08 -6.6953681908e-11  9.2220704256e-06      0.0000000000  2.2651524573e-08  2.3702876935e-08    0.037125000000   0.0071250000000
 2.1943680620e-08 -6.5312078476e-11  9.2224005259e-06      0.0000000000  2.2886628954e-08  2.1211058663e-08    0.037141666667   0.0071416666667
 2.2167846032e-08 -6.6038254262e-11  9.2227304201e-06      0.0000000000  2.3121278587e-08  2.3254365683e-08    0.037158333333   0.0071583333333
 2.2456553379e-08 -6.2325515159e-11  9.2230704250e-06      0.0000000000  2.3356382967e-08  2.4352429775e-08    0.037175000000   0.0071750000000
 2.2747981220e-08 -5.8424344627e-11  9.2234005218e-06      0.0000000000  2.3591487347e-08  2.1413436650e-08    0.037191666667   0.0071916666667
 2.3188213550e-08 -4.4216426473e-11  9.2237304266e-06      0.0000000000  2.3826591728e-08  2.1930764593e-08    0.037208333333   0.0072083333333
 2.3325507865e-08 -5.0991112271e-11  9.2240704175e-06      0.0000000000  2.4061696108e-08  2.4095039313e-08    0.037225000000   0.0072250000000
 2.3526471138e-08 -5.3355851203e-11  9.2244005283e-06      0.0000000000  2.4296800489e-08  2.4783898009e-08    0.037241666667   0.0072416666667
 2.3679408426e-08 -5.9047047030e-11  9.2247304225e-06      0.0000000000  2.4531904869e-08  2.4254542474e-08    0.037258333333   0.0072583333333
 2.3810780283e-08 -6.6231944089e-11  9.2250704240e-06      0.0000000000  2.4767009250e-08  2.5287343124e-08    0.037275000000   0.0072750000000
 2.4264468396e-08 -5.1092028762e-11  9.2254005278e-06      0.0000000000  2.5002113630e-08  2.7826768649e-08    0.037291666667   0.0072916666667
 2.4151547822e-08 -7.5197520377e-11  9.2257304185e-06      0.0000000000  2.5237218010e-08  2.5181578929e-08    0.037308333333   0.0073083333333
 2.4569977537e-08 -6.2531229224e-11  9.2260704269e-06      0.0000000000  2.5472777138e-08  2.6212571511e-08    0.037325000000   0.0073250000000
 2.4835751458e-08 -6.0406943751e-11  9.2264005202e-06      0.0000000000  2.5707881519e-08  2.6639511709e-08    0.037341666667   0.0073416666667
 2.4975893982e-08 -6.6984352095e-11  9.2267304250e-06      0.0000000000  2.5942985899e-08  2.5898753563e-08    0.037358333333   0.0073583333333
 2.5471575086e-08 -4.8967344905e-11  9.2270704229e-06      0.0000000000  2.6178545027e-08  2.5102322603e-08    0.037375000000   0.0073750000000
 2.5611686616e-08 -5.5546899983e-11  9.2274005267e-06      0.0000000000  2.6413649407e-08  2.6126491688e-08    0.037391666667   0.0073916666667
 2.6155279083e-08 -3.4211375113e-11  9.2277304209e-06      0.0000000000  2.6649208535e-08  2.6917482717e-08    0.037408333333   0.0074083333333
 2.6309054000e-08 -3.9844553602e-11  9.2280704224e-06      0.0000000000  2.6884312915e-08  2.6549202577e-08    0.037425000000   0.0074250000000
 2.6671798825e-08 -3.1035203229e-11  9.2284005296e-06      0.0000000000  2.7119872043e-08  2.5570329559e-08    0.037441666667   0.0074416666667
 2.6976990058e-08 -2.6212226893e-11  9.2287304204e-06      0.0000000000  2.7355431171e-08  2.7529930830e-08    0.037458333333   0.0074583333333
 2.7229586681e-08 -2.5032147150e-11  9.2290704253e-06      0.0000000000  2.7590990299e-08  2.6969397891e-08    0.037475000000   0.0074750000000
 2.7372128273e-08 -3.1443387177e-11  9.2294005221e-06      0.0000000000  2.7826094679e-08  2.5896127932e-08    0.037491666667   0.0074916666667
 2.7479137333e-08 -4.0347238871e-11  9.2297304234e-06      0.0000000000  2.8061653807e-08  2.7522855776e-08    0.037508333333   0.0075083333333
 2.7642379549e-08 -4.5356174799e-11  9.2300704213e-06      0.0000000000  2.8297212934e-08  2.8601439887e-08    0.037525000000   0.0075250000000
 2.7682486693e-08 -5.8893899925e-11  9.2304005251e-06      0.0000000000  2.8532772062e-08  2.8882869810e-08    0.037541666667   0.0075416666667
 2.7818738522e-08 -6.5772289564e-11  9.2307304228e-06      0.0000000000  2.8768331190e-08  2.9050768701e-08    0.037558333333   0.0075583333333
 2.7789109701e-08 -8.4140184740e-11  9.2310704208e-06      0.0000000000  2.9003890318e-08  3.0131019380e-08    0.037575000000   0.0075750000000
 2.7830874470e-08 -9.7563096608e-11  9.2314005280e-06      0.0000000000  2.9239449445e-08  3.0303980865e-08    0.037591666667   0.0075916666667
 2.8416814751e-08 -7.3325903471e-11  9.2317304188e-06      0.0000000000  2.9475463321e-08  2.9011918794e-08    0.037608333333   0.0076083333333
 2.8282638759e-08 -9.8935121127e-11  9.2320704237e-06      0.0000000000  2.9711022448e-08  3.0480071096e-08    0.037625000000   0.0076250000000
 2.8815562199e-08 -7.8338572430e-11  9.2324005240e-06      0.0000000000  2.9946581576e-08  3.0590536272e-08    0.037641666667   0.0076416666667
 2.9044306809e-08 -7.8810571072e-11  9.2327304218e-06      0.0000000000  3.0182140704e-08  2.8205818594e-08    0.037658333333   0.0076583333333
 2.9464221356e-08 -6.6072932406e-11  9.2330704232e-06      0.0000000000  3.0418154579e-08  3.0161898060e-08    0.037675000000   0.0076750000000
 2.9811467490e-08 -5.8337078587e-11  9.2334005235e-06      0.0000000000  3.0653713707e-08  3.1927281239e-08    0.037691666667   0.0076916666667
 3.0033987798e-08 -5.9271692791e-11  9.2337304247e-06      0.0000000000  3.0889727582e-08  3.0332784196e-08    0.037708333333   0.0077083333333
 3.0202895171e-08 -6.3888239053e-11  9.2340704192e-06      0.0000000000  3.1125286710e-08  3.1305541222e-08    0.037725000000   0.0077250000000
 3.0392230639e-08 -6.7121357670e-11  9.2344005264e-06      0.0000000000  3.1361300585e-08  3.0517333047e-08    0.037741666667   0.0077416666667
 3.0690199895e-08 -6.2830099523e-11  9.2347304207e-06      0.0000000000  3.1597314460e-08  3.2293313085e-08    0.037758333333   0.0077583333333
 3.0712071821e-08 -7.7630863012e-11  9.2350704221e-06      0.0000000000  3.1832873588e-08  3.1456365650e-08    0.037775000000   0.0077750000000
 3.1000080095e-08 -7.4029539270e-11  9.2354005259e-06      0.0000000000  3.2068887463e-08  3.2498473927e-08    0.037791666667   0.0077916666667
 3.0970197256e-08 -9.2446526114e-11  9.2357304202e-06      0.0000000000  3.2304901338e-08  3.3252124394e-08    0.037808333333   0.0078083333333
 3.1459638027e-08 -7.4893244865e-11  9.2360704251e-06      0.0000000000  3.2540915213e-08  3.2772734462e-08    0.037825000000   0.0078250000000
 3.1565976525e-08 -8.3875039592e-11  9.2364005219e-06      0.0000000000  3.2776929088e-08  3.4155514447e-08    0.037841666667   0.0078416666667
 3.1661627294e-08 -9.3597105936e-11  9.2367304266e-06      0.0000000000  3.3012942963e-08  3.2562149412e-08    0.037858333333   0.0078583333333
 3.1992702570e-08 -8.7012802742e-11  9.2370704210e-06      0.0000000000  3.3248956838e-08  3.3229987336e-08    0.037875000000   0.0078750000000
 3.2066209182e-08 -9.8268655024e-11  9.2374005248e-06      0.0000000000  3.3484970713e-08  3.2814901783e-08    0.037891666667   0.0078916666667
 3.2305676600e-08 -9.8029449870e-11  9.2377304226e-06      0.0000000000  3.3720984588e-08  3.3386896310e-08    0.037908333333   0.0079083333333
 3.2925672483e-08 -7.1433440197e-11  9.2380704205e-06      0.0000000000  3.3956998464e-08  3.4465338920e-08    0.037925000000   0.0079250000000
 3.2718015717e-08 -1.0216370474e-10  9.2384005278e-06      0.0000000000  3.4193012339e-08  3.4473860429e-08    0.037941666667   0.0079416666667
 3.3213410740e-08 -8.4198009982e-11  9.2387304186e-06      0.0000000000  3.4429026214e-08  3.3630010885e-08    0.037958333333   0.0079583333333
 3.3361339846e-08 -9.0330583375e-11  9.2390704270e-06      0.0000000000  3.4665494836e-08  3.4926994050e-08    0.037975000000   0.0079750000000
 3.3733890229e-08 -8.0873561430e-11  9.2394005203e-06      0.0000000000  3.4901508711e-08  3.4344685667e-08    0.037991666667   0.0079916666667
 3.4156560348e-08 -6.7976559157e-11  9.2397304250e-06      0.0000000000  3.5137977334e-08  3.5326294371e-08    0.038008333333   0.0080083333333
 3.4213908050e-08 -8.0351637129e-11  9.2400704194e-06      0.0000000000  3.5373991209e-08  3.5315728958e-08    0.038025000000   0.0080250000000
 3.4507629574e-08 -7.6354592581e-11  9.2404005232e-06      0.0000000000  3.5610005084e-08  3.5868840952e-08    0.038041666667   0.0080416666667
 3.4476865631e-08 -9.4864105444e-11  9.2407304245e-06      0.0000000000  3.5846473707e-08  3.6798565928e-08    0.038058333333   0.0080583333333
 3.4981954260e-08 -7.6258493261e-11  9.2410704189e-06      0.0000000000  3.6082942329e-08  3.6775705642e-08    0.038075000000   0.0080750000000
 3.4754324763e-08 -1.0837214282e-10  9.2414005297e-06      0.0000000000  3.6318956204e-08  3.5945565981e-08    0.038091666667   0.0080916666667
 3.5566793118e-08 -6.8476277493e-11  9.2417304204e-06      0.0000000000  3.6555424827e-08  3.6606548964e-08    0.038108333333   0.0081083333333
 3.5667341493e-08 -7.7890614999e-11  9.2420704254e-06      0.0000000000  3.6791893449e-08  3.6964200801e-08    0.038125000000   0.0081250000000
 3.6225556968e-08 -5.5605241618e-11  9.2424005222e-06      0.0000000000  3.7028362071e-08  3.6898528578e-08    0.038141666667   0.0081416666667
 3.6716976790e-08 -3.7914883999e-11  9.2427304234e-06      0.0000000000  3.7264375947e-08  3.7180131447e-08    0.038158333333   0.0081583333333
 3.7074257536e-08 -2.9546990837e-11  9.2430704213e-06      0.0000000000  3.7500844569e-08  3.7306963581e-08    0.038175000000   0.0081750000000
 3.7137918666e-08 -4.1516274940e-11  9.2434005251e-06      0.0000000000  3.7737313192e-08  3.7115717012e-08    0.038191666667   0.0081916666667
 3.7478267799e-08 -3.4321127767e-11  9.2437304264e-06      0.0000000000  3.7973781814e-08  3.7541289367e-08    0.038208333333   0.0082083333333
 3.7650144838e-08 -3.8794979003e-11  9.2440704173e-06      0.0000000000  3.8210250436e-08  3.8893017726e-08    0.038225000000   0.0082250000000
 3.7468516397e-08 -6.7753923277e-11  9.2444005281e-06      0.0000000000  3.8446719059e-08  3.6986542249e-08    0.038241666667   0.0082416666667
 3.7965770658e-08 -4.9722445787e-11  9.2447304188e-06      0.0000000000  3.8683642429e-08  3.8798699396e-08    0.038258333333   0.0082583333333
 3.7853362245e-08 -7.3886955729e-11  9.2450704238e-06      0.0000000000  3.8920111051e-08  3.9371385706e-08    0.038275000000   0.0082750000000
 3.8409968455e-08 -5.1713045960e-11  9.2454005275e-06      0.0000000000  3.9156579674e-08  3.9776283182e-08    0.038291666667   0.0082916666667
 3.8284925589e-08 -7.6752664623e-11  9.2457304218e-06      0.0000000000  3.9393048296e-08  3.9404874295e-08    0.038308333333   0.0083083333333
 3.9094839717e-08 -3.7065211938e-11  9.2460704232e-06      0.0000000000  3.9629971666e-08  3.9926368659e-08    0.038325000000   0.0083250000000
 3.9000940119e-08 -5.9947733038e-11  9.2464005235e-06      0.0000000000  3.9866440288e-08  4.0100257762e-08    0.038341666667   0.0083416666667
 3.9559878868e-08 -3.7612263027e-11  9.2467304248e-06      0.0000000000  4.0102908911e-08  4.0577572345e-08    0.038358333333   0.0083583333333
 3.9742510779e-08 -4.1372689709e-11  9.2470704157e-06      0.0000000000  4.0339832281e-08  4.1352903922e-08    0.038375000000   0.0083750000000
 3.9719682544e-08 -5.9332546132e-11  9.2474005265e-06      0.0000000000  4.0576300903e-08  4.0156449413e-08    0.038391666667   0.0083916666667
 4.0354009934e-08 -3.1806878352e-11  9.2477304207e-06      0.0000000000  4.0813224273e-08  4.0164342029e-08    0.038408333333   0.0084083333333
 3.9865841612e-08 -8.2029402534e-11  9.2480704222e-06      0.0000000000  4.1050147643e-08  4.0788236007e-08    0.038425000000   0.0084250000000
 4.0377593608e-08 -6.2962261043e-11  9.2484005294e-06      0.0000000000  4.1286616265e-08  4.0877350241e-08    0.038441666667   0.0084416666667
 4.0449787686e-08 -7.4372019214e-11  9.2487304202e-06      0.0000000000  4.1523539635e-08  4.0786365048e-08    0.038458333333   0.0084583333333
 4.0626754706e-08 -7.8524817057e-11  9.2490704251e-06      0.0000000000  4.1760463005e-08  4.0118621458e-08    0.038475000000   0.0084750000000
 4.0705178239e-08 -8.9503100196e-11  9.2494005219e-06      0.0000000000  4.1997386375e-08  4.1637431147e-08    0.038491666667   0.0084916666667
 4.0992336401e-08 -8.5992155740e-11  9.2497304232e-06      0.0000000000  4.2233854997e-08  4.1812923929e-08    0.038508333333   0.0085083333333
 4.1150248209e-08 -9.1464787866e-11  9.2500704211e-06      0.0000000000  4.2470778367e-08  4.2019122445e-08    0.038525000000   0.0085250000000
 4.1379505246e-08 -9.1995786329e-11  9.2504005249e-06      0.0000000000  4.2707701737e-08  4.2698940794e-08    0.038541666667   0.0085416666667
 4.1857736358e-08 -7.5281922363e-11  9.2507304226e-06      0.0000000000  4.2944625107e-08  4.3649010480e-08    0.038558333333   0.0085583333333
 4.1754537942e-08 -9.8840011338e-11  9.2510704205e-06      0.0000000000  4.3181548476e-08  4.2875455528e-08    0.038575000000   0.0085750000000
 4.2129526824e-08 -8.9277084947e-11  9.2514005313e-06      0.0000000000  4.3418471846e-08  4.3238185682e-08    0.038591666667   0.0085916666667
 4.2539792616e-08 -7.7270749597e-11  9.2517304151e-06      0.0000000000  4.3655395216e-08  4.2982053007e-08    0.038608333333   0.0086083333333
 4.2749917568e-08 -7.9158404317e-11  9.2520704270e-06      0.0000000000  4.3892773333e-08  4.4071029586e-08    0.038625000000   0.0086250000000
 4.3077268150e-08 -7.2895082140e-11  9.2524005238e-06      0.0000000000  4.4129696703e-08  4.5061820139e-08    0.038641666667   0.0086416666667
 4.3268654696e-08 -7.6049130486e-11  9.2527304215e-06      0.0000000000  4.4366620073e-08  4.3920346660e-08    0.038658333333   0.0086583333333
 4.3602957206e-08 -6.9304292168e-11  9.2530704230e-06      0.0000000000  4.4603543443e-08  4.5011099863e-08    0.038675000000   0.0086750000000
 4.3720220126e-08 -7.7623913630e-11  9.2534005233e-06      0.0000000000  4.4840921560e-08  4.4425222508e-08    0.038691666667   0.0086916666667
 4.3706278861e-08 -9.4999723236e-11  9.2537304245e-06      0.0000000000  4.5077844930e-08  4.5167977392e-08    0.038708333333   0.0087083333333
 4.3976144862e-08 -9.2749492614e-11  9.2540704155e-06      0.0000000000  4.5315223047e-08  4.5257830577e-08    0.038725000000   0.0087250000000
 4.4340463380e-08 -8.3925634929e-11  9.2544005297e-06      0.0000000000  4.5552146416e-08  4.5677727167e-08    0.038741666667   0.0087416666667
 4.4252252071e-08 -1.0647715912e-10  9.2547304170e-06      0.0000000000  4.5789524534e-08  4.5895654551e-08    0.038758333333   0.0087583333333
 4.4917448595e-08 -7.6813381267e-11  9.2550704219e-06      0.0000000000  4.6026447903e-08  4.5708857404e-08    0.038775000000   0.0087750000000
 4.4702336753e-08 -1.0815450433e-10  9.2554005257e-06      0.0000000000  4.6263826021e-08  4.6954538567e-08    0.038791666667   0.0087916666667
 4.5497093997e-08 -6.9548370757e-11  9.2557304199e-06      0.0000000000  4.6501204138e-08  4.6109824294e-08    0.038808333333   0.0088083333333
 4.5617667282e-08 -7.7607206667e-11  9.2560704249e-06      0.0000000000  4.6738127508e-08  4.6222584932e-08    0.038825000000   0.0088250000000
 4.6071601859e-08 -6.2607707766e-11  9.2564005217e-06      0.0000000000  4.6975505625e-08  4.7096888652e-08    0.038841666667   0.0088416666667
 4.6334048088e-08 -6.0871397865e-11  9.2567304264e-06      0.0000000000  4.7212883742e-08  4.7946728408e-08    0.038858333333   0.0088583333333
 4.6716958861e-08 -5.0791269514e-11  9.2570704139e-06      0.0000000000  4.7450261859e-08  4.7812899832e-08    0.038875000000   0.0088750000000
 4.7141183626e-08 -3.7849581727e-11  9.2574005281e-06      0.0000000000  4.7687639976e-08  4.6694459584e-08    0.038891666667   0.0088916666667
 4.7029374322e-08 -6.2004092633e-11  9.2577304189e-06      0.0000000000  4.7924563346e-08  4.8596988753e-08    0.038908333333   0.0089083333333
 4.7412027527e-08 -5.1941804382e-11  9.2580704203e-06      0.0000000000  4.8161941463e-08  4.8232293307e-08    0.038925000000   0.0089250000000
 4.7533426495e-08 -5.9974947890e-11  9.2584005276e-06      0.0000000000  4.8399319580e-08  4.8321281763e-08    0.038941666667   0.0089416666667
 4.8178561469e-08 -3.1763701960e-11  9.2587304148e-06      0.0000000000  4.8637152445e-08  4.8332649016e-08    0.038958333333   0.0089583333333
 4.8090495509e-08 -5.4305158707e-11  9.2590704268e-06      0.0000000000  4.8874530562e-08  4.8685065314e-08    0.038975000000   0.0089750000000
 4.8391423820e-08 -4.9903437939e-11  9.2594005201e-06      0.0000000000  4.9111908679e-08  4.8950489892e-08    0.038991666667   0.0089916666667
 4.8669368475e-08 -4.7093649991e-11  9.2597304248e-06      0.0000000000  4.9349286796e-08  4.9486778980e-08    0.039008333333   0.0090083333333
 4.8764388646e-08 -5.6953886226e-11  9.2600704192e-06      0.0000000000  4.9586664914e-08  4.9731795959e-08    0.039025000000   0.0090250000000
 4.9019143109e-08 -5.5750336488e-11  9.2604005265e-06      0.0000000000  4.9824043031e-08  5.0028822446e-08    0.039041666667   0.0090416666667
 4.9121747181e-08 -6.5116781267e-11  9.2607304208e-06      0.0000000000  5.0061875895e-08  5.0382072027e-08    0.039058333333   0.0090583333333
 4.9065354587e-08 -8.5464423897e-11  9.2610704187e-06      0.0000000000  5.0299254012e-08  5.0447178246e-08    0.039075000000   0.0090750000000
 4.9179917664e-08 -9.4002543951e-11  9.2614005295e-06      0.0000000000  5.0537086877e-08  5.1155862815e-08    0.039091666667   0.0090916666667
 4.9504599663e-08 -8.7955555127e-11  9.2617304132e-06      0.0000000000  5.0774464994e-08  5.1476126923e-08    0.039108333333   0.0091083333333
 4.9852429450e-08 -8.0336762748e-11  9.2620704251e-06      0.0000000000  5.1012297859e-08  5.1560823179e-08    0.039125000000   0.0091250000000
 5.0150911400e-08 -7.6104485917e-11  9.2624005220e-06      0.0000000000  5.1249675976e-08  5.0966754484e-08    0.039141666667   0.0091416666667
 5.0668404398e-08 -5.6734193919e-11  9.2627304197e-06      0.0000000000  5.1487508840e-08  5.1944039545e-08    0.039158333333   0.0091583333333
 5.0817243161e-08 -6.2866756074e-11  9.2630704211e-06      0.0000000000  5.1724886957e-08  5.1366070528e-08    0.039175000000   0.0091750000000
 5.1107585617e-08 -5.9229748162e-11  9.2634005249e-06      0.0000000000  5.1962719822e-08  5.2312744189e-08    0.039191666667   0.0091916666667
 5.1438484056e-08 -5.2783683266e-11  9.2637304227e-06      0.0000000000  5.2200552686e-08  5.3271728443e-08    0.039208333333   0.0092083333333
 5.1634703550e-08 -5.5634481307e-11  9.2640704171e-06      0.0000000000  5.2437930804e-08  5.2501726741e-08    0.039225000000   0.0092250000000
 5.2214192117e-08 -3.1970147575e-11  9.2644005279e-06      0.0000000000  5.2675763668e-08  5.2584206147e-08    0.039241666667   0.0092416666667
 5.2510874376e-08 -2.7894021518e-11  9.2647304186e-06      0.0000000000  5.2913596533e-08  5.1765166459e-08    0.039258333333   0.0092583333333
 5.2627722432e-08 -3.6273875458e-11  9.2650704201e-06      0.0000000000  5.3151429397e-08  5.3613579327e-08    0.039275000000   0.0092750000000
 5.2837803909e-08 -3.8196038859e-11  9.2654005238e-06      0.0000000000  5.3389262262e-08  5.3046788895e-08    0.039291666667   0.0092916666667
 5.3194372300e-08 -2.9971978525e-11  9.2657304181e-06      0.0000000000  5.3627095126e-08  5.4044308610e-08    0.039308333333   0.0093083333333
 5.3143584556e-08 -4.9962906068e-11  9.2660704230e-06      0.0000000000  5.3864927991e-08  5.3889349207e-08    0.039325000000   0.0093250000000
 5.3332824144e-08 -5.3328655565e-11  9.2664005233e-06      0.0000000000  5.4102760855e-08  5.4419066356e-08    0.039341666667   0.0093416666667
 5.3391958296e-08 -6.5705987338e-11  9.2667304245e-06      0.0000000000  5.4340593720e-08  5.4113046690e-08    0.039358333333   0.0093583333333
 5.3331642679e-08 -8.6356850529e-11  9.2670704155e-06      0.0000000000  5.4578426584e-08  5.3577417940e-08    0.039375000000   0.0093750000000
 5.3671892916e-08 -7.9263045656e-11  9.2674005263e-06      0.0000000000  5.4816259449e-08  5.4175621611e-08    0.039391666667   0.0093916666667
 5.3867074276e-08 -8.2248743588e-11  9.2677304205e-06      0.0000000000  5.5054547061e-08  5.5361322039e-08    0.039408333333   0.0094083333333
 5.4155420581e-08 -7.8749996450e-11  9.2680704185e-06      0.0000000000  5.5292379925e-08  5.4790490965e-08    0.039425000000   0.0094250000000
 5.4330433018e-08 -8.3101170888e-11  9.2684005257e-06      0.0000000000  5.5530212790e-08  5.6025166488e-08    0.039441666667   0.0094416666667
 5.4634776318e-08 -7.8494412896e-11  9.2687304165e-06      0.0000000000  5.5768045654e-08  5.6143823003e-08    0.039458333333   0.0094583333333
 5.5290007014e-08 -4.9615397522e-11  9.2690704249e-06      0.0000000000  5.6006333266e-08  5.5634607788e-08    0.039475000000   0.0094750000000
 5.5289932085e-08 -6.6093768538e-11  9.2694005217e-06      0.0000000000  5.6244166131e-08  5.5759427462e-08    0.039491666667   0.0094916666667
 5.5638232463e-08 -5.8473878667e-11  9.2697304229e-06      0.0000000000  5.6482453742e-08  5.5829266106e-08    0.039508333333   0.0095083333333
 5.6062541202e-08 -4.5557872044e-11  9.2700704174e-06      0.0000000000  5.6720286607e-08  5.7638844789e-08    0.039525000000   0.0095250000000
 5.6293661829e-08 -4.6054283829e-11  9.2704005247e-06      0.0000000000  5.6958574219e-08  5.8249311886e-08    0.039541666667   0.0095416666667
 5.6381153561e-08 -5.6467465012e-11  9.2707304224e-06      0.0000000000  5.7196407083e-08  5.7283724248e-08    0.039558333333   0.0095583333333
 5.6498971314e-08 -6.4811651639e-11  9.2710704168e-06      0.0000000000  5.7434694695e-08  5.6809727080e-08    0.039575000000   0.0095750000000
 5.6615856319e-08 -7.3220443856e-11  9.2714005311e-06      0.0000000000  5.7672982307e-08  5.7723242321e-08    0.039591666667   0.0095916666667
 5.6587374379e-08 -9.1666389133e-11  9.2717304149e-06      0.0000000000  5.7910815172e-08  5.8243117284e-08    0.039608333333   0.0096083333333
 5.6683046640e-08 -1.0154445423e-10  9.2720704233e-06      0.0000000000  5.8149102783e-08  5.8641317041e-08    0.039625000000   0.0096250000000
 5.6880868605e-08 -1.0434725412e-10  9.2724005201e-06      0.0000000000  5.8387390395e-08  5.9160987614e-08    0.039641666667   0.0096416666667
 5.6975848318e-08 -1.1427328762e-10  9.2727304213e-06      0.0000000000  5.8625678007e-08  5.9205937790e-08    0.039658333333   0.0096583333333
 5.7604041068e-08 -8.7267020086e-11  9.2730704193e-06      0.0000000000  5.8863965619e-08  5.8848396009e-08    0.039675000000   0.0096750000000
 5.7677210263e-08 -9.8672232968e-11  9.2734005266e-06      0.0000000000  5.9101798484e-08  5.9423016167e-08    0.039691666667   0.0096916666667
 5.8180930938e-08 -8.0287360292e-11  9.2737304243e-06      0.0000000000  5.9340086095e-08  5.8879180355e-08    0.039708333333   0.0097083333333
 5.8698911361e-08 -6.0914804904e-11  9.2740704152e-06      0.0000000000  5.9578373707e-08  5.9652735307e-08    0.039725000000   0.0097250000000
 5.8915322031e-08 -6.2430082564e-11  9.2744005295e-06      0.0000000000  5.9816661319e-08  5.9625236930e-08    0.039741666667   0.0097416666667
 5.9294023968e-08 -5.2704468695e-11  9.2747304168e-06      0.0000000000  6.0054948931e-08  5.8803414388e-08    0.039758333333   0.0097583333333
 5.9660273750e-08 -4.3872834382e-11  9.2750704217e-06      0.0000000000  6.0293691290e-08  6.0611169279e-08    0.039775000000   0.0097750000000
 5.9702997379e-08 -5.7418316956e-11  9.2754005255e-06      0.0000000000  6.0531978902e-08  6.0909532165e-08    0.039791666667   0.0097916666667
 6.0204400478e-08 -3.9193968167e-11  9.2757304197e-06      0.0000000000  6.0770266514e-08  6.0688711870e-08    0.039808333333   0.0098083333333
 6.0131922070e-08 -6.0718768561e-11  9.2760704212e-06      0.0000000000  6.1008554126e-08  6.0549490531e-08    0.039825000000   0.0098250000000
 6.0556155272e-08 -4.7839491379e-11  9.2764005250e-06      0.0000000000  6.1246841738e-08  6.1604050903e-08    0.039841666667   0.0098416666667
 6.0686031232e-08 -5.5379979585e-11  9.2767304227e-06      0.0000000000  6.1485584097e-08  6.2466468533e-08    0.039858333333   0.0098583333333
 6.0677929026e-08 -7.2445846863e-11  9.2770704136e-06      0.0000000000  6.1723871709e-08  6.1851504845e-08    0.039875000000   0.0098750000000
 6.0700325634e-08 -8.7399253840e-11  9.2774005279e-06      0.0000000000  6.1962159321e-08  6.1867934693e-08    0.039891666667   0.0098916666667
 6.0963717935e-08 -8.5691907991e-11  9.2777304187e-06      0.0000000000  6.2200901680e-08  6.2670009973e-08    0.039908333333   0.0099083333333
 6.1033639822e-08 -9.7353538931e-11  9.2780704201e-06      0.0000000000  6.2439189292e-08  6.2780962541e-08    0.039925000000   0.0099250000000
 6.1432641603e-08 -8.6253380456e-11  9.2784005274e-06      0.0000000000  6.2677931651e-08  6.2989346463e-08    0.039941666667   0.0099416666667
 6.1710836230e-08 -8.3489273392e-11  9.2787304181e-06      0.0000000000  6.2916219263e-08  6.2787990428e-08    0.039958333333   0.0099583333333
 6.1763959906e-08 -9.6345907815e-11  9.2790704196e-06      0.0000000000  6.3154961622e-08  6.3221471122e-08    0.039975000000   0.0099750000000
 6.2048951570e-08 -9.3142510431e-11  9.2794005234e-06      0.0000000000  6.3393703981e-08  6.3608932520e-08    0.039991666667   0.0099916666667
 6.2207599441e-08 -9.8658652582e-11  9.2797304211e-06      0.0000000000  6.3631991593e-08  6.4403618299e-08    0.040008333333    0.010008333333
 6.2690241576e-08 -8.1765254759e-11  9.2800704155e-06      0.0000000000  6.3870733952e-08  6.3889136100e-08    0.040025000000    0.010025000000
 6.3000146786e-08 -7.6836253350e-11  9.2804005263e-06      0.0000000000  6.4109476311e-08  6.4395143957e-08    0.040041666667    0.010041666667
 6.2974485345e-08 -9.5118337981e-11  9.2807304206e-06      0.0000000000  6.4347763923e-08  6.5063390662e-08    0.040058333333    0.010058333333
 6.3661586667e-08 -6.4063342971e-11  9.2810704185e-06      0.0000000000  6.4586506283e-08  6.4432657465e-08    0.040075000000    0.010075000000
 6.3765021042e-08 -7.3435272890e-11  9.2814005293e-06      0.0000000000  6.4825248642e-08  6.4677863112e-08    0.040091666667    0.010091666667
 6.4158984219e-08 -6.2684106744e-11  9.2817304165e-06      0.0000000000  6.5063991001e-08  6.4165770709e-08    0.040108333333    0.010108333333
 6.4424292247e-08 -6.0844070525e-11  9.2820704214e-06      0.0000000000  6.5302733360e-08  6.5672128302e-08    0.040125000000    0.010125000000
 6.5006959687e-08 -3.7022551312e-11  9.2824005217e-06      0.0000000000  6.5541475719e-08  6.5273048094e-08    0.040141666667    0.010141666667
 6.5325200316e-08 -3.1516207995e-11  9.2827304195e-06      0.0000000000  6.5780218079e-08  6.6020236678e-08    0.040158333333    0.010158333333
 6.5606473545e-08 -2.8570363174e-11  9.2830704209e-06      0.0000000000  6.6018960438e-08  6.6210414128e-08    0.040175000000    0.010175000000
 6.5888294773e-08 -2.5586561875e-11  9.2834005247e-06      0.0000000000  6.6257702797e-08  6.5679407747e-08    0.040191666667    0.010191666667
 6.5936235831e-08 -3.8802163537e-11  9.2837304190e-06      0.0000000000  6.6496445156e-08  6.6646536175e-08    0.040208333333    0.010208333333
 6.5998629812e-08 -5.1016702413e-11  9.2840704169e-06      0.0000000000  6.6735187515e-08  6.6743307190e-08    0.040225000000    0.010225000000
 6.6141627650e-08 -5.7679818507e-11  9.2844005312e-06      0.0000000000  6.6974384622e-08  6.7264848721e-08    0.040241666667    0.010241666667
 6.6377772530e-08 -5.7859729456e-11  9.2847304149e-06      0.0000000000  6.7213126981e-08  6.7707982932e-08    0.040258333333    0.010258333333
 6.6564026462e-08 -6.1495271468e-11  9.2850704198e-06      0.0000000000  6.7451869340e-08  6.7603995362e-08    0.040275000000    0.010275000000
 6.6515710081e-08 -8.1378018287e-11  9.2854005236e-06      0.0000000000  6.7690611700e-08  6.8185832075e-08    0.040291666667    0.010291666667
 6.6671501613e-08 -8.7154995889e-11  9.2857304179e-06      0.0000000000  6.7929808806e-08  6.9003786921e-08    0.040308333333    0.010308333333
 6.6684969724e-08 -1.0275832097e-10  9.2860704193e-06      0.0000000000  6.8168551165e-08  6.8607395233e-08    0.040325000000    0.010325000000
 6.7033520878e-08 -9.5184056466e-11  9.2864005231e-06      0.0000000000  6.8407748272e-08  6.9636658356e-08    0.040341666667    0.010341666667
 6.7053554832e-08 -1.1033260705e-10  9.2867304208e-06      0.0000000000  6.8646490631e-08  6.8494650318e-08    0.040358333333    0.010358333333
 6.7605465890e-08 -8.8641388238e-11  9.2870704153e-06      0.0000000000  6.8885232990e-08  6.9458382720e-08    0.040375000000    0.010375000000
 6.7954161858e-08 -8.1057093303e-11  9.2874005296e-06      0.0000000000  6.9124430097e-08  6.9520533138e-08    0.040391666667    0.010391666667
 6.8069267554e-08 -8.9652121964e-11  9.2877304168e-06      0.0000000000  6.9363627204e-08  6.9858249046e-08    0.040408333333    0.010408333333
 6.8547017236e-08 -7.3097593509e-11  9.2880704217e-06      0.0000000000  6.9602369563e-08  6.8966792250e-08    0.040425000000    0.010425000000
 6.8789894761e-08 -7.2842674162e-11  9.2884005255e-06      0.0000000000  6.9841566669e-08  6.9346518256e-08    0.040441666667    0.010441666667
 6.9110730918e-08 -6.7188052528e-11  9.2887304163e-06      0.0000000000  7.0080763776e-08  6.9916516045e-08    0.040458333333    0.010458333333
 6.9296212146e-08 -7.0877114840e-11  9.2890704212e-06      0.0000000000  7.0319506135e-08  7.1295962894e-08    0.040475000000    0.010475000000
 6.9775559948e-08 -5.4243392190e-11  9.2894005215e-06      0.0000000000  7.0558703242e-08  7.1493687068e-08    0.040491666667    0.010491666667
 6.9833403017e-08 -6.6804641496e-11  9.2897304227e-06      0.0000000000  7.0797900348e-08  7.0800929231e-08    0.040508333333    0.010508333333
 6.9944147694e-08 -7.5701730439e-11  9.2900704172e-06      0.0000000000  7.1037097455e-08  7.0751498188e-08    0.040525000000    0.010525000000
 7.0434729088e-08 -5.8289927745e-11  9.2904005280e-06      0.0000000000  7.1276294561e-08  7.1501139458e-08    0.040541666667    0.010541666667
 7.0395134479e-08 -7.7568572507e-11  9.2907304152e-06      0.0000000000  7.1515036921e-08  7.2123162477e-08    0.040558333333    0.010558333333
 7.0815657681e-08 -6.5009258494e-11  9.2910704201e-06      0.0000000000  7.1754234027e-08  7.1585772825e-08    0.040575000000    0.010575000000
 7.1235988510e-08 -5.2463269037e-11  9.2914005274e-06      0.0000000000  7.1993431134e-08  7.1304515848e-08    0.040591666667    0.010591666667
 7.1434477526e-08 -5.5282861438e-11  9.2917304147e-06      0.0000000000  7.2232628240e-08  7.2242086273e-08    0.040608333333    0.010608333333
 7.1564277683e-08 -6.2860097592e-11  9.2920704231e-06      0.0000000000  7.2471825347e-08  7.1780431142e-08    0.040625000000    0.010625000000
 7.1920783592e-08 -5.4766354847e-11  9.2924005199e-06      0.0000000000  7.2711477201e-08  7.2639185466e-08    0.040641666667    0.010641666667
 7.2008448959e-08 -6.5262001875e-11  9.2927304211e-06      0.0000000000  7.2950674307e-08  7.3054962802e-08    0.040658333333    0.010658333333
 7.2160909476e-08 -7.1269697866e-11  9.2930704191e-06      0.0000000000  7.3189871414e-08  7.3120210522e-08    0.040675000000    0.010675000000
 7.2354233509e-08 -7.4447036090e-11  9.2934005263e-06      0.0000000000  7.3429068521e-08  7.3389770077e-08    0.040691666667    0.010691666667
 7.2299740118e-08 -9.4789122851e-11  9.2937304171e-06      0.0000000000  7.3668265627e-08  7.4630876037e-08    0.040708333333    0.010708333333
 7.2801574687e-08 -7.6629381300e-11  9.2940704185e-06      0.0000000000  7.3907917481e-08  7.4544544657e-08    0.040725000000    0.010725000000
 7.2794157434e-08 -9.3710801161e-11  9.2944005293e-06      0.0000000000  7.4147114588e-08  7.3152016820e-08    0.040741666667    0.010741666667
 7.2961262982e-08 -9.8704128315e-11  9.2947304166e-06      0.0000000000  7.4386311694e-08  7.3517608440e-08    0.040758333333    0.010758333333
 7.3397691345e-08 -8.5074661774e-11  9.2950704215e-06      0.0000000000  7.4625963548e-08  7.4123500337e-08    0.040775000000    0.010775000000
 7.3398514393e-08 -1.0158532798e-10  9.2954005218e-06      0.0000000000  7.4865160655e-08  7.4192772976e-08    0.040791666667    0.010791666667
 7.4134191114e-08 -6.7197319216e-11  9.2957304195e-06      0.0000000000  7.5104357761e-08  7.4961312501e-08    0.040808333333    0.010808333333
 7.4372083015e-08 -6.7319220096e-11  9.2960704175e-06      0.0000000000  7.5344009615e-08  7.5808715294e-08    0.040825000000    0.010825000000
 7.4403967572e-08 -8.1678451676e-11  9.2964005247e-06      0.0000000000  7.5583206722e-08  7.5416977419e-08    0.040841666667    0.010841666667
 7.4999855290e-08 -5.7004242174e-11  9.2967304225e-06      0.0000000000  7.5822858576e-08  7.5474851360e-08    0.040858333333    0.010858333333
 7.5104102333e-08 -6.6382878652e-11  9.2970704169e-06      0.0000000000  7.6062510430e-08  7.5857108663e-08    0.040875000000    0.010875000000
 7.5461585801e-08 -5.8189929103e-11  9.2974005277e-06      0.0000000000  7.6301707536e-08  7.6272492940e-08    0.040891666667    0.010891666667
 7.5582264285e-08 -6.6430463437e-11  9.2977304150e-06      0.0000000000  7.6541359390e-08  7.6067662268e-08    0.040908333333    0.010908333333
 7.5863674734e-08 -6.3538109171e-11  9.2980704199e-06      0.0000000000  7.6781011244e-08  7.5914432322e-08    0.040925000000    0.010925000000
 7.6323580704e-08 -4.8250999460e-11  9.2984005237e-06      0.0000000000  7.7020208350e-08  7.6689889677e-08    0.040941666667    0.010941666667
 7.6484751848e-08 -5.3686862810e-11  9.2987304179e-06      0.0000000000  7.7259860204e-08  7.7418054228e-08    0.040958333333    0.010958333333
 7.6620156854e-08 -6.0907383877e-11  9.2990704193e-06      0.0000000000  7.7499512058e-08  7.6743267029e-08    0.040975000000    0.010975000000
 7.6813388517e-08 -6.4122617441e-11  9.2994005231e-06      0.0000000000  7.7739163912e-08  7.7676372308e-08    0.040991666667    0.010991666667
 7.6875259234e-08 -7.6436394513e-11  9.2997304244e-06      0.0000000000  7.7978815766e-08  7.7260280525e-08    0.041008333333    0.011008333333
 7.7134524191e-08 -7.5077918717e-11  9.3000704153e-06      0.0000000000  7.8218467620e-08  7.7838123763e-08    0.041025000000    0.011025000000
 7.7268996448e-08 -8.2363045374e-11  9.3004005261e-06      0.0000000000  7.8458119474e-08  7.7887869254e-08    0.041041666667    0.011041666667
 7.7406879343e-08 -8.9411938758e-11  9.3007304169e-06      0.0000000000  7.8697771328e-08  7.9420970551e-08    0.041058333333    0.011058333333
 7.7650694235e-08 -8.9123591364e-11  9.3010704183e-06      0.0000000000  7.8937423182e-08  7.8820314195e-08    0.041075000000    0.011075000000
 7.7781239384e-08 -9.6680724026e-11  9.3014005291e-06      0.0000000000  7.9177075036e-08  7.8762000028e-08    0.041091666667    0.011091666667
 7.8217635150e-08 -8.3053515257e-11  9.3017304163e-06      0.0000000000  7.9416726890e-08  7.9578712809e-08    0.041108333333    0.011108333333
 7.8164546436e-08 -1.0332980640e-10  9.3020704212e-06      0.0000000000  7.9656378744e-08  7.9839515020e-08    0.041125000000    0.011125000000
 7.8492115237e-08 -9.7240354474e-11  9.3024005215e-06      0.0000000000  7.9896030597e-08  7.9761595092e-08    0.041141666667    0.011141666667
 7.8725049757e-08 -9.7705621759e-11  9.3027304228e-06      0.0000000000  8.0135682451e-08  8.0195327343e-08    0.041158333333    0.011158333333
 7.9107917096e-08 -8.7785989198e-11  9.3030704137e-06      0.0000000000  8.0375334305e-08  8.0239302734e-08    0.041175000000    0.011175000000
 7.9350915811e-08 -8.7585670786e-11  9.3034005280e-06      0.0000000000  8.0615440907e-08  8.0268829292e-08    0.041191666667    0.011191666667
 7.9762864538e-08 -7.5651753994e-11  9.3037304187e-06      0.0000000000  8.0855092761e-08  8.1106971626e-08    0.041208333333    0.011208333333
 7.9980928790e-08 -7.7146990950e-11  9.3040704167e-06      0.0000000000  8.1094744614e-08  8.0849738387e-08    0.041225000000    0.011225000000
 8.0288786512e-08 -7.2454298488e-11  9.3044005309e-06      0.0000000000  8.1334851216e-08  8.2548600337e-08    0.041241666667    0.011241666667
 8.0643601397e-08 -6.4477682291e-11  9.3047304147e-06      0.0000000000  8.1574503070e-08  8.2045108055e-08    0.041258333333    0.011258333333
 8.0887098415e-08 -6.4242849578e-11  9.3050704231e-06      0.0000000000  8.1814609671e-08  8.2150825083e-08    0.041275000000    0.011275000000
 8.1368107927e-08 -4.7525528226e-11  9.3054005199e-06      0.0000000000  8.2054261525e-08  8.2855626233e-08    0.041291666667    0.011291666667
 8.1354324573e-08 -6.5110882659e-11  9.3057304212e-06      0.0000000000  8.2294368126e-08  8.2109412434e-08    0.041308333333    0.011308333333
 8.1914612886e-08 -4.2902419255e-11  9.3060704156e-06      0.0000000000  8.2534019980e-08  8.1545624969e-08    0.041325000000    0.011325000000
 8.2025173625e-08 -5.1875243359e-11  9.3064005229e-06      0.0000000000  8.2774126581e-08  8.2542877405e-08    0.041341666667    0.011341666667
 8.2138496996e-08 -6.0625219883e-11  9.3067304206e-06      0.0000000000  8.3013778435e-08  8.4274457548e-08    0.041358333333    0.011358333333
 8.2321480260e-08 -6.4581792811e-11  9.3070704151e-06      0.0000000000  8.3253885036e-08  8.2976059373e-08    0.041375000000    0.011375000000
 8.2530118246e-08 -6.6761425161e-11  9.3074005293e-06      0.0000000000  8.3493991638e-08  8.4424055633e-08    0.041391666667    0.011391666667
 8.2564934986e-08 -8.0949060451e-11  9.3077304131e-06      0.0000000000  8.3733643492e-08  8.2629067284e-08    0.041408333333    0.011408333333
 8.2789118955e-08 -8.2051920627e-11  9.3080704215e-06      0.0000000000  8.3973750093e-08  8.4170564312e-08    0.041425000000    0.011425000000
 8.2887592975e-08 -9.1861915479e-11  9.3084005218e-06      0.0000000000  8.4213856694e-08  8.4165831887e-08    0.041441666667    0.011441666667
 8.3181608562e-08 -8.8127980339e-11  9.3087304196e-06      0.0000000000  8.4453963295e-08  8.4113193486e-08    0.041458333333    0.011458333333
 8.3474546586e-08 -8.4468681219e-11  9.3090704175e-06      0.0000000000  8.4694069897e-08  8.4477857488e-08    0.041475000000    0.011475000000
 8.3918576216e-08 -7.0344220311e-11  9.3094005248e-06      0.0000000000  8.4934176498e-08  8.5082853211e-08    0.041491666667    0.011491666667
 8.4039624753e-08 -7.8559123381e-11  9.3097304225e-06      0.0000000000  8.5173828352e-08  8.5135868948e-08    0.041508333333    0.011508333333
 8.4375566189e-08 -7.1921249315e-11  9.3100704100e-06      0.0000000000  8.5413934953e-08  8.4140566083e-08    0.041525000000    0.011525000000
 8.4667023999e-08 -6.8364475250e-11  9.3104005277e-06      0.0000000000  8.5654041554e-08  8.5541505374e-08    0.041541666667    0.011541666667
 8.4825736837e-08 -7.4002107473e-11  9.3107304150e-06      0.0000000000  8.5894148156e-08  8.5169388981e-08    0.041558333333    0.011558333333
 8.5131490007e-08 -6.9486681505e-11  9.3110704199e-06      0.0000000000  8.6134709504e-08  8.5482939649e-08    0.041575000000    0.011575000000
 8.5680404531e-08 -4.8097506117e-11  9.3114005272e-06      0.0000000000  8.6374816106e-08  8.6093674027e-08    0.041591666667    0.011591666667
 8.5858736077e-08 -5.2376274212e-11  9.3117304145e-06      0.0000000000  8.6614922707e-08  8.6435037518e-08    0.041608333333    0.011608333333
 8.6177424475e-08 -4.6933409248e-11  9.3120704194e-06      0.0000000000  8.6855029308e-08  8.7819641295e-08    0.041625000000    0.011625000000
 8.6288403628e-08 -5.5877252443e-11  9.3124005232e-06      0.0000000000  8.7095135909e-08  8.7325299415e-08    0.041641666667    0.011641666667
 8.6666736086e-08 -4.6303219934e-11  9.3127304209e-06      0.0000000000  8.7335242511e-08  8.6973354788e-08    0.041658333333    0.011658333333
 8.6781162824e-08 -5.5039768132e-11  9.3130704154e-06      0.0000000000  8.7575803859e-08  8.7741249697e-08    0.041675000000    0.011675000000
 8.7106708031e-08 -4.9121975279e-11  9.3134005261e-06      0.0000000000  8.7815910461e-08  8.8163803363e-08    0.041691666667    0.011691666667
 8.7221033429e-08 -5.7834045225e-11  9.3137304169e-06      0.0000000000  8.8056017062e-08  8.7844325372e-08    0.041708333333    0.011708333333
 8.7558202130e-08 -5.1142663747e-11  9.3140704183e-06      0.0000000000  8.8296578410e-08  8.8179054035e-08    0.041725000000    0.011725000000
 8.7856886269e-08 -4.7085367542e-11  9.3144005291e-06      0.0000000000  8.8536685012e-08  8.8073840121e-08    0.041741666667    0.011741666667
 8.7811639023e-08 -6.6850027132e-11  9.3147304129e-06      0.0000000000  8.8776791613e-08  8.7741202530e-08    0.041758333333    0.011758333333
 8.8203141185e-08 -5.6395309879e-11  9.3150704213e-06      0.0000000000  8.9017352962e-08  8.7998530103e-08    0.041775000000    0.011775000000
 8.8285585612e-08 -6.7315573359e-11  9.3154005216e-06      0.0000000000  8.9257459563e-08  8.8669150882e-08    0.041791666667    0.011791666667
 8.8377463941e-08 -7.7613907569e-11  9.3157304193e-06      0.0000000000  8.9498020911e-08  8.9949421196e-08    0.041808333333    0.011808333333
 8.8860122950e-08 -6.0845330957e-11  9.3160704172e-06      0.0000000000  8.9738582260e-08  8.9933588798e-08    0.041825000000    0.011825000000
 8.8933071833e-08 -7.2423290819e-11  9.3164005245e-06      0.0000000000  8.9978688861e-08  8.9966149768e-08    0.041841666667    0.011841666667
 8.9211866680e-08 -6.9775097803e-11  9.3167304188e-06      0.0000000000  9.0219250210e-08  8.9200723267e-08    0.041858333333    0.011858333333
 8.9729091539e-08 -5.0580865419e-11  9.3170704132e-06      0.0000000000  9.0459356811e-08  9.1073317097e-08    0.041875000000    0.011875000000
 9.0174541610e-08 -3.6389517022e-11  9.3174005310e-06      0.0000000000  9.0699918160e-08  9.1042375528e-08    0.041891666667    0.011891666667
 9.0165236648e-08 -5.3696179047e-11  9.3177304113e-06      0.0000000000  9.0940479508e-08  9.1296197018e-08    0.041908333333    0.011908333333
 9.0418973668e-08 -5.2783583473e-11  9.3180704232e-06      0.0000000000  9.1181040857e-08  9.1861651051e-08    0.041925000000    0.011925000000
 9.1033427534e-08 -2.6886409076e-11  9.3184005235e-06      0.0000000000  9.1421602206e-08  9.1867829931e-08    0.041941666667    0.011941666667
 9.0871659419e-08 -5.4721733719e-11  9.3187304142e-06      0.0000000000  9.1661708807e-08  9.1881020976e-08    0.041958333333    0.011958333333
 9.1340155402e-08 -3.8934140528e-11  9.3190704191e-06      0.0000000000  9.1902270156e-08  9.1703028342e-08    0.041975000000    0.011975000000
 9.1678451363e-08 -3.2164680853e-11  9.3194005229e-06      0.0000000000  9.2142831504e-08  9.2090458295e-08    0.041991666667    0.011991666667
 9.1648578111e-08 -5.0895978494e-11  9.3197304242e-06      0.0000000000  9.2383392853e-08  9.2160281216e-08    0.042008333333    0.012008333333
 9.2006347165e-08 -4.2777740640e-11  9.3200704116e-06      0.0000000000  9.2623954201e-08  9.2669197706e-08    0.042025000000    0.012025000000
 9.1887813122e-08 -6.7650011526e-11  9.3204005294e-06      0.0000000000  9.2864515550e-08  9.2412420416e-08    0.042041666667    0.012041666667
 9.2280264330e-08 -5.7129559797e-11  9.3207304132e-06      0.0000000000  9.3105076899e-08  9.4157804776e-08    0.042058333333    0.012058333333
 9.2337524896e-08 -6.9825647857e-11  9.3210704181e-06      0.0000000000  9.3345638247e-08  9.3666355808e-08    0.042075000000    0.012075000000
 9.2465439213e-08 -7.7627996630e-11  9.3214005254e-06      0.0000000000  9.3586199596e-08  9.3192940365e-08    0.042091666667    0.012091666667
 9.2668608234e-08 -8.0217927154e-11  9.3217304126e-06      0.0000000000  9.3826760945e-08  9.3372929738e-08    0.042108333333    0.012108333333
 9.2670960165e-08 -9.6748687262e-11  9.3220704210e-06      0.0000000000  9.4067777041e-08  9.4299525967e-08    0.042125000000    0.012125000000
 9.2843792821e-08 -1.0143982624e-10  9.3224005213e-06      0.0000000000  9.4308338389e-08  9.4518050800e-08    0.042141666667    0.012141666667
 9.2901616349e-08 -1.1409692147e-10  9.3227304226e-06      0.0000000000  9.4548899738e-08  9.5606634320e-08    0.042158333333    0.012158333333
 9.3254492683e-08 -1.0631757148e-10  9.3230704135e-06      0.0000000000  9.4789461086e-08  9.5492049891e-08    0.042175000000    0.012175000000
 9.3706143162e-08 -9.1728257397e-11  9.3234005278e-06      0.0000000000  9.5030477182e-08  9.4568582407e-08    0.042191666667    0.012191666667
 9.4026106651e-08 -8.6228572387e-11  9.3237304150e-06      0.0000000000  9.5271038531e-08  9.4658812928e-08    0.042208333333    0.012208333333
 9.4459582221e-08 -7.2866622082e-11  9.3240704165e-06      0.0000000000  9.5511599880e-08  9.4519748813e-08    0.042225000000    0.012225000000
 9.5096539687e-08 -4.5442262886e-11  9.3244005272e-06      0.0000000000  9.5752615976e-08  9.5683988243e-08    0.042241666667    0.012241666667
 9.5407329592e-08 -4.0577974134e-11  9.3247304145e-06      0.0000000000  9.5993177324e-08  9.5914839392e-08    0.042258333333    0.012258333333
 9.5966407245e-08 -1.8547857859e-11  9.3250704229e-06      0.0000000000  9.6234193420e-08  9.5971282600e-08    0.042275000000    0.012275000000
 9.6239055464e-08 -1.6325402913e-11  9.3254005197e-06      0.0000000000  9.6474754769e-08  9.6533717943e-08    0.042291666667    0.012291666667
 9.6452190621e-08 -1.8256539561e-11  9.3257304175e-06      0.0000000000  9.6715770865e-08  9.6032819847e-08    0.042308333333    0.012308333333
 9.6643354147e-08 -2.1678014910e-11  9.3260704154e-06      0.0000000000  9.6956332213e-08  9.6342895877e-08    0.042325000000    0.012325000000
 9.6500763503e-08 -4.8248032179e-11  9.3264005262e-06      0.0000000000  9.7197348309e-08  9.6902438309e-08    0.042341666667    0.012341666667
 9.6839701781e-08 -4.1434083292e-11  9.3267304204e-06      0.0000000000  9.7437909658e-08  9.6597409150e-08    0.042358333333    0.012358333333
 9.6992694308e-08 -4.7530920293e-11  9.3270704149e-06      0.0000000000  9.7678925754e-08  9.8402852857e-08    0.042375000000    0.012375000000
 9.6955085279e-08 -6.6829523793e-11  9.3274005291e-06      0.0000000000  9.7919941850e-08  9.8206763807e-08    0.042391666667    0.012391666667
 9.7119455678e-08 -7.2138287332e-11  9.3277304129e-06      0.0000000000  9.8160957946e-08  9.9065235129e-08    0.042408333333    0.012408333333
 9.7164613494e-08 -8.5672656520e-11  9.3280704178e-06      0.0000000000  9.8401519294e-08  9.7960866377e-08    0.042425000000    0.012425000000
 9.7454003701e-08 -8.2322087228e-11  9.3284005216e-06      0.0000000000  9.8642535390e-08  9.8792672607e-08    0.042441666667    0.012441666667
 9.7616603723e-08 -8.7753473695e-11  9.3287304159e-06      0.0000000000  9.8883551486e-08  9.9672997984e-08    0.042458333333    0.012458333333
 9.7802041784e-08 -9.1603013292e-11  9.3290704173e-06      0.0000000000  9.9124567582e-08  9.8557938040e-08    0.042475000000    0.012475000000
 9.8164869024e-08 -8.3165924297e-11  9.3294005246e-06      0.0000000000  9.9365583678e-08  9.9374745155e-08    0.042491666667    0.012491666667
 9.8414972384e-08 -8.2536506931e-11  9.3297304188e-06      0.0000000000  9.9606599774e-08  1.0017762227e-07    0.042508333333    0.012508333333
 9.8741265599e-08 -7.6629899168e-11  9.3300704133e-06      0.0000000000  9.9847615870e-08  9.9608630715e-08    0.042525000000    0.012525000000
 9.8953710079e-08 -7.8608874673e-11  9.3304005275e-06      0.0000000000  1.0008863197e-07  1.0056675024e-07    0.042541666667    0.012541666667
 9.9297030294e-08 -7.1522914162e-11  9.3307304148e-06      0.0000000000  1.0032964806e-07  1.0033868195e-07    0.042558333333    0.012558333333
 9.9698514890e-08 -6.0408274148e-11  9.3310704162e-06      0.0000000000  1.0057066416e-07  1.0041092611e-07    0.042575000000    0.012575000000
 9.9781675799e-08 -7.1341906465e-11  9.3314005235e-06      0.0000000000  1.0081168025e-07  1.0012705922e-07    0.042591666667    0.012591666667
 9.9955831373e-08 -7.5972912763e-11  9.3317304143e-06      0.0000000000  1.0105269635e-07  1.0063470220e-07    0.042608333333    0.012608333333
 1.0021131079e-07 -7.4971129576e-11  9.3320704192e-06      0.0000000000  1.0129371245e-07  1.0111025588e-07    0.042625000000    0.012625000000
 1.0022331965e-07 -9.0833015481e-11  9.3324005230e-06      0.0000000000  1.0153472854e-07  1.0183019765e-07    0.042641666667    0.012641666667
 1.0051549287e-07 -8.7289684278e-11  9.3327304207e-06      0.0000000000  1.0177574464e-07  1.0157884457e-07    0.042658333333    0.012658333333
 1.0068233028e-07 -9.2459071044e-11  9.3330704117e-06      0.0000000000  1.0201721548e-07  1.0214950270e-07    0.042675000000    0.012675000000
 1.0089359994e-07 -9.4519418873e-11  9.3334005259e-06      0.0000000000  1.0225823158e-07  1.0196676191e-07    0.042691666667    0.012691666667
 1.0105655398e-07 -9.9926284457e-11  9.3337304167e-06      0.0000000000  1.0249924767e-07  1.0159558886e-07    0.042708333333    0.012708333333
 1.0152389988e-07 -8.4281345308e-11  9.3340704146e-06      0.0000000000  1.0274071852e-07  1.0221204617e-07    0.042725000000    0.012725000000
 1.0157236180e-07 -9.7618357398e-11  9.3344005289e-06      0.0000000000  1.0298173461e-07  1.0341337461e-07    0.042741666667    0.012741666667
 1.0202507328e-07 -8.2955554683e-11  9.3347304127e-06      0.0000000000  1.0322275071e-07  1.0376734742e-07    0.042758333333    0.012758333333
 1.0237499682e-07 -7.5443720937e-11  9.3350704176e-06      0.0000000000  1.0346422155e-07  1.0421650328e-07    0.042775000000    0.012775000000
 1.0274880036e-07 -6.6246373492e-11  9.3354005214e-06      0.0000000000  1.0370523765e-07  1.0283702499e-07    0.042791666667    0.012791666667
 1.0323893486e-07 -4.9023011143e-11  9.3357304191e-06      0.0000000000  1.0394670849e-07  1.0376294516e-07    0.042808333333    0.012808333333
 1.0313776963e-07 -7.2723751839e-11  9.3360704135e-06      0.0000000000  1.0418772459e-07  1.0418216569e-07    0.042825000000    0.012825000000
 1.0364853789e-07 -5.4071219823e-11  9.3364005243e-06      0.0000000000  1.0442919543e-07  1.0497979155e-07    0.042841666667    0.012841666667
 1.0373693226e-07 -6.4673860848e-11  9.3367304186e-06      0.0000000000  1.0467066627e-07  1.0507953409e-07    0.042858333333    0.012858333333
 1.0406554305e-07 -5.8606729198e-11  9.3370704130e-06      0.0000000000  1.0491168237e-07  1.0465512518e-07    0.042875000000    0.012875000000
 1.0434635932e-07 -5.5881520114e-11  9.3374005308e-06      0.0000000000  1.0515315321e-07  1.0465609997e-07    0.042891666667    0.012891666667
 1.0462092983e-07 -5.3588914947e-11  9.3377304111e-06      0.0000000000  1.0539462406e-07  1.0609765007e-07    0.042908333333    0.012908333333
 1.0490756721e-07 -5.0429016349e-11  9.3380704195e-06      0.0000000000  1.0563564015e-07  1.0537712658e-07    0.042925000000    0.012925000000
 1.0506634227e-07 -5.6156831556e-11  9.3384005198e-06      0.0000000000  1.0587711100e-07  1.0577521628e-07    0.042941666667    0.012941666667
 1.0516115820e-07 -6.6314691500e-11  9.3387304175e-06      0.0000000000  1.0611858184e-07  1.0547592577e-07    0.042958333333    0.012958333333
 1.0544207039e-07 -6.3582838644e-11  9.3390704154e-06      0.0000000000  1.0636005268e-07  1.0612585595e-07    0.042975000000    0.012975000000
 1.0568837676e-07 -6.3216414702e-11  9.3394005262e-06      0.0000000000  1.0660106878e-07  1.0653133515e-07    0.042991666667    0.012991666667
 1.0571297445e-07 -7.8237848618e-11  9.3397304170e-06      0.0000000000  1.0684253962e-07  1.0601394432e-07    0.043008333333    0.013008333333
 1.0580281777e-07 -8.8740129828e-11  9.3400704114e-06      0.0000000000  1.0708401046e-07  1.0760452650e-07    0.043025000000    0.013025000000
 1.0605204137e-07 -8.8203145950e-11  9.3404005292e-06      0.0000000000  1.0732548131e-07  1.0667541470e-07    0.043041666667    0.013041666667
 1.0602859811e-07 -1.0655207312e-10  9.3407304129e-06      0.0000000000  1.0756695215e-07  1.0696508313e-07    0.043058333333    0.013058333333
 1.0606925826e-07 -1.2046096213e-10  9.3410704179e-06      0.0000000000  1.0780842299e-07  1.0715005648e-07    0.043075000000    0.013075000000
 1.0630353036e-07 -1.2095957384e-10  9.3414005251e-06      0.0000000000  1.0804989384e-07  1.0895282739e-07    0.043091666667    0.013091666667
 1.0640576580e-07 -1.3060353157e-10  9.3417304159e-06      0.0000000000  1.0829136468e-07  1.0855379435e-07    0.043108333333    0.013108333333
 1.0679817761e-07 -1.2014880308e-10  9.3420704173e-06      0.0000000000  1.0853283552e-07  1.0830549140e-07    0.043125000000    0.013125000000
 1.0708570916e-07 -1.1698996661e-10  9.3424005246e-06      0.0000000000  1.0877476112e-07  1.0867598839e-07    0.043141666667    0.013141666667
 1.0737513444e-07 -1.1366846514e-10  9.3427304189e-06      0.0000000000  1.0901623196e-07  1.0874585848e-07    0.043158333333    0.013158333333
 1.0778093658e-07 -1.0228627353e-10  9.3430704133e-06      0.0000000000  1.0925770280e-07  1.0942573972e-07    0.043175000000    0.013175000000
 1.0809971873e-07 -9.6931407801e-11  9.3434005276e-06      0.0000000000  1.0949917365e-07  1.1048188804e-07    0.043191666667    0.013191666667
 1.0863934669e-07 -7.6311443956e-11  9.3437304148e-06      0.0000000000  1.0974109924e-07  1.1055204113e-07    0.043208333333    0.013208333333
 1.0856799207e-07 -9.7978888802e-11  9.3440704163e-06      0.0000000000  1.0998257008e-07  1.1048331878e-07    0.043225000000    0.013225000000
 1.0910077677e-07 -7.7801416873e-11  9.3444005270e-06      0.0000000000  1.1022404092e-07  1.1036384470e-07    0.043241666667    0.013241666667
 1.0947172263e-07 -6.8864997410e-11  9.3447304143e-06      0.0000000000  1.1046596651e-07  1.1035134544e-07    0.043258333333    0.013258333333
 1.0966508312e-07 -7.2197298033e-11  9.3450704157e-06      0.0000000000  1.1070743736e-07  1.1017332136e-07    0.043275000000    0.013275000000
 1.1030484532e-07 -4.4610170065e-11  9.3454005230e-06      0.0000000000  1.1094890820e-07  1.1070457930e-07    0.043291666667    0.013291666667
 1.1051422292e-07 -4.6864564009e-11  9.3457304173e-06      0.0000000000  1.1119083379e-07  1.1118532135e-07    0.043308333333    0.013308333333
 1.1100448674e-07 -2.9632244598e-11  9.3460704152e-06      0.0000000000  1.1143230463e-07  1.1187397566e-07    0.043325000000    0.013325000000
 1.1128364947e-07 -2.7053063326e-11  9.3464005260e-06      0.0000000000  1.1167423022e-07  1.1067087060e-07    0.043341666667    0.013341666667
 1.1173362904e-07 -1.2610979963e-11  9.3467304132e-06      0.0000000000  1.1191570107e-07  1.1179811536e-07    0.043358333333    0.013358333333
 1.1170908025e-07 -3.1067978464e-11  9.3470704147e-06      0.0000000000  1.1215762666e-07  1.1222621901e-07    0.043375000000    0.013375000000
 1.1195711707e-07 -3.0644691844e-11  9.3474005289e-06      0.0000000000  1.1239955225e-07  1.1252906276e-07    0.043391666667    0.013391666667
 1.1235530600e-07 -1.9789819534e-11  9.3477304127e-06      0.0000000000  1.1264102309e-07  1.1224904785e-07    0.043408333333    0.013408333333
 1.1217805660e-07 -4.8823424929e-11  9.3480704211e-06      0.0000000000  1.1288294868e-07  1.1320023382e-07    0.043425000000    0.013425000000
 1.1264344383e-07 -3.3345647820e-11  9.3484005214e-06      0.0000000000  1.1312487427e-07  1.1260207732e-07    0.043441666667    0.013441666667
 1.1249158616e-07 -6.0589030712e-11  9.3487304157e-06      0.0000000000  1.1336634512e-07  1.1393102400e-07    0.043458333333    0.013458333333
 1.1286616977e-07 -5.1400647597e-11  9.3490704171e-06      0.0000000000  1.1360827071e-07  1.1339907428e-07    0.043475000000    0.013475000000
 1.1302333964e-07 -5.7271140971e-11  9.3494005244e-06      0.0000000000  1.1385019630e-07  1.1438917305e-07    0.043491666667    0.013491666667
 1.1319071177e-07 -6.2434988727e-11  9.3497304186e-06      0.0000000000  1.1409212189e-07  1.1437929942e-07    0.043508333333    0.013508333333
 1.1354134771e-07 -5.4905309262e-11  9.3500704131e-06      0.0000000000  1.1433404748e-07  1.1386854342e-07    0.043525000000    0.013525000000
 1.1388112064e-07 -4.8128041565e-11  9.3504005308e-06      0.0000000000  1.1457597307e-07  1.1438178355e-07    0.043541666667    0.013541666667
 1.1408863140e-07 -5.0511739220e-11  9.3507304111e-06      0.0000000000  1.1481789866e-07  1.1519300923e-07    0.043558333333    0.013558333333
 1.1424845605e-07 -5.6198353722e-11  9.3510704195e-06      0.0000000000  1.1505982425e-07  1.1423668206e-07    0.043575000000    0.013575000000
 1.1428418000e-07 -7.0480639288e-11  9.3514005233e-06      0.0000000000  1.1530174984e-07  1.1434618817e-07    0.043591666667    0.013591666667
 1.1458870568e-07 -6.6144726349e-11  9.3517304140e-06      0.0000000000  1.1554367543e-07  1.1503460664e-07    0.043608333333    0.013608333333
 1.1480003134e-07 -6.8264190657e-11  9.3520704155e-06      0.0000000000  1.1578560102e-07  1.1680281984e-07    0.043625000000    0.013625000000
 1.1485057800e-07 -8.1519800678e-11  9.3524005228e-06      0.0000000000  1.1602752661e-07  1.1572912538e-07    0.043641666667    0.013641666667
 1.1511968089e-07 -7.9637401153e-11  9.3527304205e-06      0.0000000000  1.1626945221e-07  1.1605346157e-07    0.043658333333    0.013658333333
 1.1508586178e-07 -9.8736495202e-11  9.3530704114e-06      0.0000000000  1.1651137780e-07  1.1611144557e-07    0.043675000000    0.013675000000
 1.1557155947e-07 -8.1851941082e-11  9.3534005292e-06      0.0000000000  1.1675330339e-07  1.1759665661e-07    0.043691666667    0.013691666667
 1.1582807680e-07 -8.0841263620e-11  9.3537304130e-06      0.0000000000  1.1699522898e-07  1.1690317555e-07    0.043708333333    0.013708333333
 1.1602749696e-07 -8.3816843537e-11  9.3540704179e-06      0.0000000000  1.1723760932e-07  1.1673758784e-07    0.043725000000    0.013725000000
 1.1650530864e-07 -6.7478503681e-11  9.3544005252e-06      0.0000000000  1.1747953491e-07  1.1835830975e-07    0.043741666667    0.013741666667
 1.1672954101e-07 -6.8704001320e-11  9.3547304124e-06      0.0000000000  1.1772146050e-07  1.1694976085e-07    0.043758333333    0.013758333333
 1.1710638241e-07 -5.9390731887e-11  9.3550704174e-06      0.0000000000  1.1796384083e-07  1.1714707624e-07    0.043775000000    0.013775000000
 1.1758297091e-07 -4.3137113999e-11  9.3554005212e-06      0.0000000000  1.1820576643e-07  1.1790167005e-07    0.043791666667    0.013791666667
 1.1748783275e-07 -6.6483391761e-11  9.3557304189e-06      0.0000000000  1.1844769202e-07  1.1896997175e-07    0.043808333333    0.013808333333
 1.1790535973e-07 -5.4352089775e-11  9.3560704133e-06      0.0000000000  1.1869007235e-07  1.1850157173e-07    0.043825000000    0.013825000000
 1.1810577429e-07 -5.7227296989e-11  9.3564005276e-06      0.0000000000  1.1893199794e-07  1.1903575403e-07    0.043841666667    0.013841666667
 1.1809568143e-07 -7.4714521283e-11  9.3567304114e-06      0.0000000000  1.1917437828e-07  1.1875161986e-07    0.043858333333    0.013858333333
 1.1849884839e-07 -6.3546349731e-11  9.3570704163e-06      0.0000000000  1.1941630387e-07  1.1925872828e-07    0.043875000000    0.013875000000
 1.1875242567e-07 -6.2770808050e-11  9.3574005271e-06      0.0000000000  1.1965868421e-07  1.1988708740e-07    0.043891666667    0.013891666667
 1.1908412243e-07 -5.6584423273e-11  9.3577304143e-06      0.0000000000  1.1990106455e-07  1.2048724065e-07    0.043908333333    0.013908333333
 1.1921381912e-07 -6.4357811292e-11  9.3580704193e-06      0.0000000000  1.2014299014e-07  1.1993774479e-07    0.043925000000    0.013925000000
 1.1923820081e-07 -7.9457201129e-11  9.3584005196e-06      0.0000000000  1.2038537048e-07  1.2019021416e-07    0.043941666667    0.013941666667
 1.1936107710e-07 -8.7734492327e-11  9.3587304173e-06      0.0000000000  1.2062775082e-07  1.2049503893e-07    0.043958333333    0.013958333333
 1.1931283767e-07 -1.0783239139e-10  9.3590704117e-06      0.0000000000  1.2086967641e-07  1.2115553452e-07    0.043975000000    0.013975000000
 1.1945885846e-07 -1.1450660896e-10  9.3594005260e-06      0.0000000000  1.2111205675e-07  1.2078344957e-07    0.043991666667    0.013991666667
 1.1985304856e-07 -1.0399170516e-10  9.3597304133e-06      0.0000000000  1.2135443708e-07  1.2172094138e-07    0.044008333333    0.014008333333
 1.1990414597e-07 -1.1724066579e-10  9.3600704147e-06      0.0000000000  1.2159681742e-07  1.2206441167e-07    0.044025000000    0.014025000000
 1.2062124407e-07 -8.4328465936e-11  9.3604005290e-06      0.0000000000  1.2183874301e-07  1.2176773107e-07    0.044041666667    0.014041666667
 1.2084303443e-07 -8.5754603561e-11  9.3607304127e-06      0.0000000000  1.2208112335e-07  1.2181433210e-07    0.044058333333    0.014058333333
 1.2126751414e-07 -7.3141729914e-11  9.3610704177e-06      0.0000000000  1.2232350369e-07  1.2109921709e-07    0.044075000000    0.014075000000
 1.2160214113e-07 -6.6752386240e-11  9.3614005214e-06      0.0000000000  1.2256588403e-07  1.2274264206e-07    0.044091666667    0.014091666667
 1.2208737533e-07 -4.9931432750e-11  9.3617304157e-06      0.0000000000  1.2280826436e-07  1.2298539502e-07    0.044108333333    0.014108333333
 1.2223838449e-07 -5.6260137180e-11  9.3620704136e-06      0.0000000000  1.2305064470e-07  1.2310519927e-07    0.044125000000    0.014125000000
 1.2235759257e-07 -6.4791501753e-11  9.3624005244e-06      0.0000000000  1.2329302504e-07  1.2238712846e-07    0.044141666667    0.014141666667
 1.2253293549e-07 -6.9434760889e-11  9.3627304186e-06      0.0000000000  1.2353540538e-07  1.2351033258e-07    0.044158333333    0.014158333333
 1.2291260934e-07 -5.9925305874e-11  9.3630704131e-06      0.0000000000  1.2377778572e-07  1.2335876920e-07    0.044175000000    0.014175000000
 1.2312170681e-07 -6.2262097257e-11  9.3634005274e-06      0.0000000000  1.2402062080e-07  1.2370623296e-07    0.044191666667    0.014191666667
 1.2314040625e-07 -7.7755061166e-11  9.3637304111e-06      0.0000000000  1.2426300114e-07  1.2475975566e-07    0.044208333333    0.014208333333
 1.2356926354e-07 -6.4838979845e-11  9.3640704160e-06      0.0000000000  1.2450538148e-07  1.2497817044e-07    0.044225000000    0.014225000000
 1.2366019420e-07 -7.5328943109e-11  9.3644005268e-06      0.0000000000  1.2474776182e-07  1.2545776476e-07    0.044241666667    0.014241666667
 1.2393977836e-07 -7.2752069509e-11  9.3647304141e-06      0.0000000000  1.2499014215e-07  1.2462937028e-07    0.044258333333    0.014258333333
 1.2394266203e-07 -8.9371989134e-11  9.3650704155e-06      0.0000000000  1.2523297724e-07  1.2522126929e-07    0.044275000000    0.014275000000
 1.2427109297e-07 -8.3411807201e-11  9.3654005228e-06      0.0000000000  1.2547535758e-07  1.2538849212e-07    0.044291666667    0.014291666667
 1.2459076740e-07 -7.8058133147e-11  9.3657304205e-06      0.0000000000  1.2571773791e-07  1.2637469175e-07    0.044308333333    0.014308333333
 1.2499741916e-07 -6.6711586370e-11  9.3660704080e-06      0.0000000000  1.2596057300e-07  1.2685901849e-07    0.044325000000    0.014325000000
 1.2552494952e-07 -4.6961044184e-11  9.3664005258e-06      0.0000000000  1.2620295334e-07  1.2548955533e-07    0.044341666667    0.014341666667
 1.2574125596e-07 -4.8798516337e-11  9.3667304130e-06      0.0000000000  1.2644578842e-07  1.2650240433e-07    0.044358333333    0.014358333333
 1.2622547671e-07 -3.2047757348e-11  9.3670704144e-06      0.0000000000  1.2668816876e-07  1.2645657370e-07    0.044375000000    0.014375000000
 1.2631934089e-07 -4.2366031790e-11  9.3674005287e-06      0.0000000000  1.2693100385e-07  1.2587123091e-07    0.044391666667    0.014391666667
 1.2649653461e-07 -4.6881097594e-11  9.3677304125e-06      0.0000000000  1.2717338419e-07  1.2551805994e-07    0.044408333333    0.014408333333
 1.2688747846e-07 -3.6622537826e-11  9.3680704174e-06      0.0000000000  1.2741621927e-07  1.2745876296e-07    0.044425000000    0.014425000000
 1.2694857079e-07 -4.9179213748e-11  9.3684005212e-06      0.0000000000  1.2765859961e-07  1.2780237474e-07    0.044441666667    0.014441666667
 1.2732668703e-07 -3.9809142775e-11  9.3687304189e-06      0.0000000000  1.2790143469e-07  1.2759164819e-07    0.044458333333    0.014458333333
 1.2752321444e-07 -4.3016582853e-11  9.3690704099e-06      0.0000000000  1.2814426978e-07  1.2853374665e-07    0.044475000000    0.014475000000
 1.2775253813e-07 -4.3920934568e-11  9.3694005276e-06      0.0000000000  1.2838665012e-07  1.2880722107e-07    0.044491666667    0.014491666667
 1.2807031775e-07 -3.8729999541e-11  9.3697304149e-06      0.0000000000  1.2862948520e-07  1.2751693562e-07    0.044508333333    0.014508333333
 1.2809663449e-07 -5.3726858703e-11  9.3700704128e-06      0.0000000000  1.2887232029e-07  1.2936239269e-07    0.044525000000    0.014525000000
 1.2839635764e-07 -4.9786581306e-11  9.3704005306e-06      0.0000000000  1.2911515537e-07  1.2986442279e-07    0.044541666667    0.014541666667
 1.2827705040e-07 -7.4838396614e-11  9.3707304074e-06      0.0000000000  1.2935753571e-07  1.3015049081e-07    0.044558333333    0.014558333333
 1.2863426115e-07 -6.6916316244e-11  9.3710704193e-06      0.0000000000  1.2960037080e-07  1.2898824811e-07    0.044575000000    0.014575000000
 1.2883041905e-07 -7.0149350573e-11  9.3714005231e-06      0.0000000000  1.2984320588e-07  1.2976329669e-07    0.044591666667    0.014591666667
 1.2908654216e-07 -6.9228972752e-11  9.3717304173e-06      0.0000000000  1.3008604097e-07  1.3032934817e-07    0.044608333333    0.014608333333
 1.2939688705e-07 -6.4552994801e-11  9.3720704118e-06      0.0000000000  1.3032887605e-07  1.3035734966e-07    0.044625000000    0.014625000000
 1.2936999732e-07 -8.3235130047e-11  9.3724005260e-06      0.0000000000  1.3057171114e-07  1.3067450075e-07    0.044641666667    0.014641666667
 1.2990350179e-07 -6.3102297029e-11  9.3727304168e-06      0.0000000000  1.3081454622e-07  1.3067707921e-07    0.044658333333    0.014658333333
 1.2999934475e-07 -7.3283513608e-11  9.3730704112e-06      0.0000000000  1.3105738131e-07  1.3115261717e-07    0.044675000000    0.014675000000
 1.3053721183e-07 -5.2848509270e-11  9.3734005290e-06      0.0000000000  1.3130021639e-07  1.3138933275e-07    0.044691666667    0.014691666667
 1.3093650795e-07 -4.2011441696e-11  9.3737304093e-06      0.0000000000  1.3154305148e-07  1.3116145312e-07    0.044708333333    0.014708333333
 1.3093115132e-07 -5.9202114975e-11  9.3740704177e-06      0.0000000000  1.3178588657e-07  1.3231479697e-07    0.044725000000    0.014725000000
 1.3123356237e-07 -5.5075663921e-11  9.3744005250e-06      0.0000000000  1.3202872165e-07  1.3253256713e-07    0.044741666667    0.014741666667
 1.3136457464e-07 -6.2852421741e-11  9.3747304122e-06      0.0000000000  1.3227201148e-07  1.3199876217e-07    0.044758333333    0.014758333333
 1.3167569170e-07 -5.8122960503e-11  9.3750704137e-06      0.0000000000  1.3251484657e-07  1.3291103535e-07    0.044775000000    0.014775000000
 1.3169397814e-07 -7.3676027345e-11  9.3754005244e-06      0.0000000000  1.3275768165e-07  1.3252508330e-07    0.044791666667    0.014791666667
 1.3211664266e-07 -6.1220377839e-11  9.3757304187e-06      0.0000000000  1.3300051674e-07  1.3197755273e-07    0.044808333333    0.014808333333
 1.3212075386e-07 -7.7786771545e-11  9.3760704096e-06      0.0000000000  1.3324380657e-07  1.3220481919e-07    0.044825000000    0.014825000000
 1.3274181110e-07 -5.1589711023e-11  9.3764005274e-06      0.0000000000  1.3348664166e-07  1.3314809682e-07    0.044841666667    0.014841666667
 1.3293013436e-07 -5.5396898552e-11  9.3767304112e-06      0.0000000000  1.3372993149e-07  1.3271897122e-07    0.044858333333    0.014858333333
 1.3306048286e-07 -6.3188133939e-11  9.3770704126e-06      0.0000000000  1.3397276658e-07  1.3402917687e-07    0.044875000000    0.014875000000
 1.3343588047e-07 -5.4006364851e-11  9.3774005269e-06      0.0000000000  1.3421560166e-07  1.3429523035e-07    0.044891666667    0.014891666667
 1.3375887859e-07 -4.8485474888e-11  9.3777304106e-06      0.0000000000  1.3445889149e-07  1.3515799387e-07    0.044908333333    0.014908333333
 1.3392553561e-07 -5.3761848384e-11  9.3780704190e-06      0.0000000000  1.3470172658e-07  1.3569689286e-07    0.044925000000    0.014925000000
 1.3416542535e-07 -5.3997351668e-11  9.3784005228e-06      0.0000000000  1.3494501641e-07  1.3606889920e-07    0.044941666667    0.014941666667
 1.3417716011e-07 -7.0004212174e-11  9.3787304171e-06      0.0000000000  1.3518785150e-07  1.3663539091e-07    0.044958333333    0.014958333333
 1.3437105261e-07 -7.3425653807e-11  9.3790704115e-06      0.0000000000  1.3543114133e-07  1.3494146577e-07    0.044975000000    0.014975000000
 1.3446596690e-07 -8.3702690531e-11  9.3794005258e-06      0.0000000000  1.3567443116e-07  1.3514829318e-07    0.044991666667    0.014991666667
 1.3475400465e-07 -8.0571787379e-11  9.3797304131e-06      0.0000000000  1.3591726625e-07  1.3587733818e-07    0.045008333333    0.015008333333
 1.3503905373e-07 -7.7679388159e-11  9.3800704110e-06      0.0000000000  1.3616055608e-07  1.3660820698e-07    0.045025000000    0.015025000000
 1.3499578447e-07 -9.7527527472e-11  9.3804005288e-06      0.0000000000  1.3640384591e-07  1.3650299306e-07    0.045041666667    0.015041666667
 1.3548348949e-07 -8.0598430271e-11  9.3807304090e-06      0.0000000000  1.3664713575e-07  1.3771754399e-07    0.045058333333    0.015058333333
 1.3574413554e-07 -7.9364777333e-11  9.3810704209e-06      0.0000000000  1.3688997083e-07  1.3704851117e-07    0.045075000000    0.015075000000
 1.3620057091e-07 -6.4601531188e-11  9.3814005212e-06      0.0000000000  1.3713326066e-07  1.3716352010e-07    0.045091666667    0.015091666667
 1.3635054194e-07 -7.1065135509e-11  9.3817304120e-06      0.0000000000  1.3737655050e-07  1.3691727678e-07    0.045108333333    0.015108333333
 1.3661808068e-07 -6.9385566985e-11  9.3820704134e-06      0.0000000000  1.3761984033e-07  1.3798079888e-07    0.045125000000    0.015125000000
 1.3680225266e-07 -7.3480287328e-11  9.3824005242e-06      0.0000000000  1.3786313016e-07  1.3637013927e-07    0.045141666667    0.015141666667
 1.3703110065e-07 -7.4480583113e-11  9.3827304149e-06      0.0000000000  1.3810642000e-07  1.3885257131e-07    0.045158333333    0.015158333333
 1.3723735319e-07 -7.7045922025e-11  9.3830704094e-06      0.0000000000  1.3834970983e-07  1.3804607805e-07    0.045175000000    0.015175000000
 1.3753608276e-07 -7.3205961811e-11  9.3834005306e-06      0.0000000000  1.3859299966e-07  1.3804092112e-07    0.045191666667    0.015191666667
 1.3763852798e-07 -8.2961379182e-11  9.3837304074e-06      0.0000000000  1.3883628949e-07  1.3793507831e-07    0.045208333333    0.015208333333
 1.3810614805e-07 -6.7423439650e-11  9.3840704158e-06      0.0000000000  1.3907957933e-07  1.3965037011e-07    0.045225000000    0.015225000000
 1.3832052868e-07 -6.9425797565e-11  9.3844005231e-06      0.0000000000  1.3932286916e-07  1.3919550703e-07    0.045241666667    0.015241666667
 1.3857993933e-07 -6.8309210037e-11  9.3847304104e-06      0.0000000000  1.3956615899e-07  1.3899790864e-07    0.045258333333    0.015258333333
 1.3910781559e-07 -4.8597704964e-11  9.3850704153e-06      0.0000000000  1.3980944882e-07  1.3996986382e-07    0.045275000000    0.015275000000
 1.3924496495e-07 -5.5980883092e-11  9.3854005226e-06      0.0000000000  1.4005319340e-07  1.3881373712e-07    0.045291666667    0.015291666667
 1.3983724893e-07 -3.1808261157e-11  9.3857304203e-06      0.0000000000  1.4029648324e-07  1.3990483622e-07    0.045308333333    0.015308333333
 1.3988178841e-07 -4.5574443904e-11  9.3860704078e-06      0.0000000000  1.4053977307e-07  1.3957550032e-07    0.045325000000    0.015325000000
 1.3999712618e-07 -5.4436875441e-11  9.3864005290e-06      0.0000000000  1.4078306290e-07  1.4000561643e-07    0.045341666667    0.015341666667
 1.4008694183e-07 -6.5098560569e-11  9.3867304093e-06      0.0000000000  1.4102680748e-07  1.4066810876e-07    0.045358333333    0.015358333333
 1.3991311693e-07 -9.3989465319e-11  9.3870704142e-06      0.0000000000  1.4127009732e-07  1.4152044837e-07    0.045375000000    0.015375000000
 1.4015904187e-07 -9.3806947672e-11  9.3874005250e-06      0.0000000000  1.4151338715e-07  1.4207118629e-07    0.045391666667    0.015391666667
 1.4042032371e-07 -9.2592252483e-11  9.3877304123e-06      0.0000000000  1.4175713173e-07  1.4112242156e-07    0.045408333333    0.015408333333
 1.4068708974e-07 -9.0966204258e-11  9.3880704172e-06      0.0000000000  1.4200042156e-07  1.4238497279e-07    0.045425000000    0.015425000000
 1.4099966446e-07 -8.6198775304e-11  9.3884005210e-06      0.0000000000  1.4224416614e-07  1.4246773520e-07    0.045441666667    0.015441666667
 1.4116107829e-07 -9.1869809126e-11  9.3887304152e-06      0.0000000000  1.4248745597e-07  1.4352776695e-07    0.045458333333    0.015458333333
 1.4139585362e-07 -9.2491052688e-11  9.3890704097e-06      0.0000000000  1.4273120055e-07  1.4349789450e-07    0.045475000000    0.015475000000
 1.4172355262e-07 -8.6644562394e-11  9.3894005274e-06      0.0000000000  1.4297449039e-07  1.4445654858e-07    0.045491666667    0.015491666667
 1.4187808246e-07 -9.2823903901e-11  9.3897304112e-06      0.0000000000  1.4321823497e-07  1.4252762160e-07    0.045508333333    0.015508333333
 1.4210230018e-07 -9.4176406498e-11  9.3900704126e-06      0.0000000000  1.4346197955e-07  1.4350311431e-07    0.045525000000    0.015525000000
 1.4266540686e-07 -7.2024712566e-11  9.3904005269e-06      0.0000000000  1.4370526938e-07  1.4426951560e-07    0.045541666667    0.015541666667
 1.4281242074e-07 -7.8724637073e-11  9.3907304107e-06      0.0000000000  1.4394901396e-07  1.4359644214e-07    0.045558333333    0.015558333333
 1.4306702399e-07 -7.7972526052e-11  9.3910704156e-06      0.0000000000  1.4419275854e-07  1.4330413235e-07    0.045575000000    0.015575000000
 1.4330429457e-07 -7.8420939018e-11  9.3914005194e-06      0.0000000000  1.4443650312e-07  1.4553991228e-07    0.045591666667    0.015591666667
 1.4336719671e-07 -9.0915255884e-11  9.3917304136e-06      0.0000000000  1.4467979295e-07  1.4431061380e-07    0.045608333333    0.015608333333
 1.4345236171e-07 -1.0189906215e-10  9.3920704116e-06      0.0000000000  1.4492353753e-07  1.4333846995e-07    0.045625000000    0.015625000000
 1.4386201573e-07 -9.0407562578e-11  9.3924005258e-06      0.0000000000  1.4516728211e-07  1.4536957643e-07    0.045641666667    0.015641666667
 1.4411478367e-07 -8.9782571522e-11  9.3927304166e-06      0.0000000000  1.4541102669e-07  1.4650197812e-07    0.045658333333    0.015658333333
 1.4442449307e-07 -8.5213604426e-11  9.3930704110e-06      0.0000000000  1.4565477127e-07  1.4588207761e-07    0.045675000000    0.015675000000
 1.4465275092e-07 -8.6286272841e-11  9.3934005288e-06      0.0000000000  1.4589851585e-07  1.4642665238e-07    0.045691666667    0.015691666667
 1.4499189574e-07 -7.9678500629e-11  9.3937304091e-06      0.0000000000  1.4614226043e-07  1.4677661599e-07    0.045708333333    0.015708333333
 1.4536572378e-07 -7.0668440518e-11  9.3940704140e-06      0.0000000000  1.4638600501e-07  1.4662165659e-07    0.045725000000    0.015725000000
 1.4546400604e-07 -8.0743697132e-11  9.3944005248e-06      0.0000000000  1.4662974959e-07  1.4480835171e-07    0.045741666667    0.015741666667
 1.4595913438e-07 -6.3331930777e-11  9.3947304120e-06      0.0000000000  1.4687349417e-07  1.4734538744e-07    0.045758333333    0.015758333333
 1.4607262490e-07 -7.2353807215e-11  9.3950704135e-06      0.0000000000  1.4711723875e-07  1.4897596725e-07    0.045775000000    0.015775000000
 1.4628483712e-07 -7.4537854636e-11  9.3954005242e-06      0.0000000000  1.4736098333e-07  1.4656139285e-07    0.045791666667    0.015791666667
 1.4650606483e-07 -7.6128953697e-11  9.3957304150e-06      0.0000000000  1.4760518266e-07  1.4649935249e-07    0.045808333333    0.015808333333
 1.4683173944e-07 -7.0454177999e-11  9.3960704094e-06      0.0000000000  1.4784892724e-07  1.4784982306e-07    0.045825000000    0.015825000000
 1.4718245717e-07 -6.3044822707e-11  9.3964005272e-06      0.0000000000  1.4809267182e-07  1.4768214428e-07    0.045841666667    0.015841666667
 1.4750755172e-07 -5.7410224247e-11  9.3967304110e-06      0.0000000000  1.4833641640e-07  1.4828042656e-07    0.045858333333    0.015858333333
 1.4763823497e-07 -6.5272766163e-11  9.3970704124e-06      0.0000000000  1.4858061573e-07  1.4841601604e-07    0.045875000000    0.015875000000
 1.4836215785e-07 -3.2013846289e-11  9.3974005267e-06      0.0000000000  1.4882436031e-07  1.5006933037e-07    0.045891666667    0.015891666667
 1.4834288790e-07 -5.0231202381e-11  9.3977304104e-06      0.0000000000  1.4906810489e-07  1.4835528063e-07    0.045908333333    0.015908333333
 1.4841048226e-07 -6.2463513926e-11  9.3980704118e-06      0.0000000000  1.4931230422e-07  1.5020594180e-07    0.045925000000    0.015925000000
 1.4876374281e-07 -5.4878033913e-11  9.3984005226e-06      0.0000000000  1.4955604880e-07  1.5060439311e-07    0.045941666667    0.015941666667
 1.4859105227e-07 -8.3753363603e-11  9.3987304169e-06      0.0000000000  1.4980024812e-07  1.5085297906e-07    0.045958333333    0.015958333333
 1.4904959956e-07 -6.8875335593e-11  9.3990704078e-06      0.0000000000  1.5004399270e-07  1.4947595345e-07    0.045975000000    0.015975000000
 1.4899724558e-07 -8.9415711364e-11  9.3994005291e-06      0.0000000000  1.5028819203e-07  1.5045292407e-07    0.045991666667    0.015991666667
 1.4957857392e-07 -6.6033415042e-11  9.3997304128e-06      0.0000000000  1.5053193661e-07  1.5196586932e-07    0.046008333333    0.016008333333
 1.4972393480e-07 -7.2879330350e-11  9.4000704108e-06      0.0000000000  1.5077613594e-07  1.5035288281e-07    0.046025000000    0.016025000000
 1.4995806701e-07 -7.3545118642e-11  9.4004005285e-06      0.0000000000  1.5101988052e-07  1.4966897665e-07    0.046041666667    0.016041666667
 1.5037754155e-07 -6.1404911142e-11  9.4007304088e-06      0.0000000000  1.5126407985e-07  1.5068657379e-07    0.046058333333    0.016058333333
 1.5064753482e-07 -5.9618327792e-11  9.4010704172e-06      0.0000000000  1.5150827917e-07  1.4996641192e-07    0.046075000000    0.016075000000
 1.5093511965e-07 -5.6613287824e-11  9.4014005210e-06      0.0000000000  1.5175247850e-07  1.4870912766e-07    0.046091666667    0.016091666667
 1.5110981540e-07 -6.1395864244e-11  9.4017304153e-06      0.0000000000  1.5199622308e-07  1.5148589766e-07    0.046108333333    0.016108333333
 1.5128839452e-07 -6.5940961847e-11  9.4020704097e-06      0.0000000000  1.5224042241e-07  1.5370279506e-07    0.046125000000    0.016125000000
 1.5165727033e-07 -5.7305408672e-11  9.4024005275e-06      0.0000000000  1.5248462174e-07  1.5301598027e-07    0.046141666667    0.016141666667
 1.5167748343e-07 -7.2819521343e-11  9.4027304112e-06      0.0000000000  1.5272882106e-07  1.5231963774e-07    0.046158333333    0.016158333333
 1.5206000633e-07 -6.3238720465e-11  9.4030704127e-06      0.0000000000  1.5297302039e-07  1.5476894280e-07    0.046175000000    0.016175000000
 1.5233664720e-07 -6.0991699681e-11  9.4034005304e-06      0.0000000000  1.5321721972e-07  1.5315056352e-07    0.046191666667    0.016191666667
 1.5268522725e-07 -5.3761905668e-11  9.4037304072e-06      0.0000000000  1.5346141905e-07  1.5313403934e-07    0.046208333333    0.016208333333
 1.5309272836e-07 -4.2451022233e-11  9.4040704156e-06      0.0000000000  1.5370561837e-07  1.5524526688e-07    0.046225000000    0.016225000000
 1.5320754340e-07 -5.1412654955e-11  9.4044005229e-06      0.0000000000  1.5394981770e-07  1.5462289797e-07    0.046241666667    0.016241666667
 1.5349392001e-07 -4.8491300600e-11  9.4047304137e-06      0.0000000000  1.5419401703e-07  1.5386036438e-07    0.046258333333    0.016258333333
 1.5360245777e-07 -5.7887720987e-11  9.4050704116e-06      0.0000000000  1.5443821635e-07  1.5396078297e-07    0.046275000000    0.016275000000
 1.5382590767e-07 -5.9324902920e-11  9.4054005259e-06      0.0000000000  1.5468241568e-07  1.5406918852e-07    0.046291666667    0.016291666667
 1.5420913835e-07 -4.9695078779e-11  9.4057304131e-06      0.0000000000  1.5492661501e-07  1.5367557969e-07    0.046308333333    0.016308333333
 1.5423990959e-07 -6.4477895403e-11  9.4060704076e-06      0.0000000000  1.5517081434e-07  1.5242898663e-07    0.046325000000    0.016325000000
 1.5452361567e-07 -6.1741511794e-11  9.4064005288e-06      0.0000000000  1.5541501366e-07  1.5286624069e-07    0.046341666667    0.016341666667
 1.5469485953e-07 -6.6826174270e-11  9.4067304091e-06      0.0000000000  1.5565966774e-07  1.5658705872e-07    0.046358333333    0.016358333333
 1.5474751869e-07 -8.0092952524e-11  9.4070704140e-06      0.0000000000  1.5590386707e-07  1.5389124306e-07    0.046375000000    0.016375000000
 1.5528197029e-07 -5.9989009533e-11  9.4074005248e-06      0.0000000000  1.5614806639e-07  1.5564444142e-07    0.046391666667    0.016391666667
 1.5517497585e-07 -8.4313984848e-11  9.4077304121e-06      0.0000000000  1.5639226572e-07  1.5757033399e-07    0.046408333333    0.016408333333
 1.5565529046e-07 -6.7991267630e-11  9.4080704100e-06      0.0000000000  1.5663691980e-07  1.5800532403e-07    0.046425000000    0.016425000000
 1.5565591824e-07 -8.4861931139e-11  9.4084005243e-06      0.0000000000  1.5688111912e-07  1.5655372735e-07    0.046441666667    0.016441666667
 1.5591891423e-07 -8.3591502158e-11  9.4087304150e-06      0.0000000000  1.5712577320e-07  1.5714336235e-07    0.046458333333    0.016458333333
 1.5613689161e-07 -8.5407730695e-11  9.4090704095e-06      0.0000000000  1.5736997253e-07  1.5980554792e-07    0.046475000000    0.016475000000
 1.5622156675e-07 -9.6488461871e-11  9.4094005272e-06      0.0000000000  1.5761462660e-07  1.5731868218e-07    0.046491666667    0.016491666667
 1.5664257013e-07 -8.4242361163e-11  9.4097304110e-06      0.0000000000  1.5785882593e-07  1.5760100828e-07    0.046508333333    0.016508333333
 1.5692074339e-07 -8.1920698740e-11  9.4100704124e-06      0.0000000000  1.5810348000e-07  1.6035493372e-07    0.046525000000    0.016525000000
 1.5728854111e-07 -7.3359818597e-11  9.4104005267e-06      0.0000000000  1.5834767933e-07  1.5744785694e-07    0.046541666667    0.016541666667
 1.5757345736e-07 -7.0571111980e-11  9.4107304105e-06      0.0000000000  1.5859233341e-07  1.5717947657e-07    0.046558333333    0.016558333333
 1.5781017234e-07 -7.1121002410e-11  9.4110704154e-06      0.0000000000  1.5883698748e-07  1.5838377652e-07    0.046575000000    0.016575000000
 1.5810644795e-07 -6.7514007118e-11  9.4114005227e-06      0.0000000000  1.5908118681e-07  1.5863574278e-07    0.046591666667    0.016591666667
 1.5861584421e-07 -4.9176987162e-11  9.4117304134e-06      0.0000000000  1.5932584088e-07  1.5873144467e-07    0.046608333333    0.016608333333
 1.5874234714e-07 -5.7360571234e-11  9.4120704114e-06      0.0000000000  1.5957049496e-07  1.5873851973e-07    0.046625000000    0.016625000000
 1.5918591550e-07 -4.3551537121e-11  9.4124005256e-06      0.0000000000  1.5981469428e-07  1.6070304209e-07    0.046641666667    0.016641666667
 1.5912313544e-07 -6.4845558964e-11  9.4127304094e-06      0.0000000000  1.6005934836e-07  1.5925885064e-07    0.046658333333    0.016658333333
 1.5947083519e-07 -5.7708235452e-11  9.4130704108e-06      0.0000000000  1.6030400243e-07  1.5868127468e-07    0.046675000000    0.016675000000
 1.5947513659e-07 -7.4355947611e-11  9.4134005286e-06      0.0000000000  1.6054865651e-07  1.6100792975e-07    0.046691666667    0.016691666667
 1.5979800269e-07 -6.8938694731e-11  9.4137304089e-06      0.0000000000  1.6079331058e-07  1.6167265465e-07    0.046708333333    0.016708333333
 1.5979935809e-07 -8.5790457660e-11  9.4140704173e-06      0.0000000000  1.6103796466e-07  1.6260939179e-07    0.046725000000    0.016725000000
 1.6024370324e-07 -7.1959117804e-11  9.4144005211e-06      0.0000000000  1.6128261873e-07  1.6245576879e-07    0.046741666667    0.016741666667
 1.6046282693e-07 -7.3727446346e-11  9.4147304118e-06      0.0000000000  1.6152727281e-07  1.6160663654e-07    0.046758333333    0.016758333333
 1.6069773948e-07 -7.4402180463e-11  9.4150704098e-06      0.0000000000  1.6177192688e-07  1.6120870406e-07    0.046775000000    0.016775000000
 1.6069106459e-07 -9.1810151072e-11  9.4154005240e-06      0.0000000000  1.6201658096e-07  1.5990406411e-07    0.046791666667    0.016791666667
 1.6091160464e-07 -9.3480377571e-11  9.4157304148e-06      0.0000000000  1.6226123503e-07  1.6045428320e-07    0.046808333333    0.016808333333
 1.6132548303e-07 -8.1759277256e-11  9.4160704092e-06      0.0000000000  1.6250588911e-07  1.6178725480e-07    0.046825000000    0.016825000000
 1.6137372113e-07 -9.5363771866e-11  9.4164005305e-06      0.0000000000  1.6275054318e-07  1.6182171817e-07    0.046841666667    0.016841666667
 1.6187352948e-07 -7.7722343632e-11  9.4167304073e-06      0.0000000000  1.6299565200e-07  1.6190075439e-07    0.046858333333    0.016858333333
 1.6213779755e-07 -7.6363806025e-11  9.4170704157e-06      0.0000000000  1.6324030608e-07  1.6330400486e-07    0.046875000000    0.016875000000
 1.6233097876e-07 -7.9929006461e-11  9.4174005230e-06      0.0000000000  1.6348496015e-07  1.6297205905e-07    0.046891666667    0.016891666667
 1.6283499949e-07 -6.1964315313e-11  9.4177304137e-06      0.0000000000  1.6372961423e-07  1.6293781579e-07    0.046908333333    0.016908333333
 1.6279741146e-07 -8.1544941688e-11  9.4180704116e-06      0.0000000000  1.6397472305e-07  1.6371775402e-07    0.046925000000    0.016925000000
 1.6317633437e-07 -7.2244987220e-11  9.4184005224e-06      0.0000000000  1.6421937713e-07  1.6681821560e-07    0.046941666667    0.016941666667
 1.6347446788e-07 -6.8572301733e-11  9.4187304167e-06      0.0000000000  1.6446448595e-07  1.6486392848e-07    0.046958333333    0.016958333333
 1.6347608112e-07 -8.5406206055e-11  9.4190704076e-06      0.0000000000  1.6470914002e-07  1.6590804921e-07    0.046975000000    0.016975000000
 1.6386491772e-07 -7.5419592803e-11  9.4194005289e-06      0.0000000000  1.6495379410e-07  1.6684249089e-07    0.046991666667    0.016991666667
 1.6417966035e-07 -7.0596498463e-11  9.4197304057e-06      0.0000000000  1.6519890292e-07  1.6523365507e-07    0.047008333333    0.017008333333
 1.6434890912e-07 -7.5819347689e-11  9.4200704141e-06      0.0000000000  1.6544355699e-07  1.6544851660e-07    0.047025000000    0.017025000000
 1.6483685733e-07 -5.8999396838e-11  9.4204005248e-06      0.0000000000  1.6568866582e-07  1.6576312066e-07    0.047041666667    0.017041666667
 1.6516212550e-07 -5.3447264223e-11  9.4207304121e-06      0.0000000000  1.6593377464e-07  1.6558671599e-07    0.047058333333    0.017058333333
 1.6532416425e-07 -5.9169506703e-11  9.4210704135e-06      0.0000000000  1.6617842871e-07  1.6548797968e-07    0.047075000000    0.017075000000
 1.6565421346e-07 -5.3286221859e-11  9.4214005208e-06      0.0000000000  1.6642353753e-07  1.6433210453e-07    0.047091666667    0.017091666667
 1.6587755798e-07 -5.4793698092e-11  9.4217304151e-06      0.0000000000  1.6666864636e-07  1.6613596028e-07    0.047108333333    0.017108333333
 1.6605401678e-07 -5.9517154063e-11  9.4220704060e-06      0.0000000000  1.6691330043e-07  1.6631385858e-07    0.047125000000    0.017125000000
 1.6619030977e-07 -6.7054139930e-11  9.4224005273e-06      0.0000000000  1.6715840925e-07  1.6599329575e-07    0.047141666667    0.017141666667
 1.6647737053e-07 -6.4148393678e-11  9.4227304110e-06      0.0000000000  1.6740351808e-07  1.6864651959e-07    0.047158333333    0.017158333333
 1.6673359583e-07 -6.3378425699e-11  9.4230704125e-06      0.0000000000  1.6764862690e-07  1.6866593668e-07    0.047175000000    0.017175000000
 1.6685408447e-07 -7.2010079359e-11  9.4234005267e-06      0.0000000000  1.6789373572e-07  1.6880668309e-07    0.047191666667    0.017191666667
 1.6725305919e-07 -6.1321262006e-11  9.4237304105e-06      0.0000000000  1.6813838979e-07  1.6898808747e-07    0.047208333333    0.017208333333
 1.6717967805e-07 -8.3381051566e-11  9.4240704154e-06      0.0000000000  1.6838349862e-07  1.6785601595e-07    0.047225000000    0.017225000000
 1.6721753977e-07 -9.7735750071e-11  9.4244005227e-06      0.0000000000  1.6862860744e-07  1.6730824955e-07    0.047241666667    0.017241666667
 1.6760045692e-07 -8.8190636661e-11  9.4247304135e-06      0.0000000000  1.6887371626e-07  1.6739307159e-07    0.047258333333    0.017258333333
 1.6773050469e-07 -9.6160189432e-11  9.4250704079e-06      0.0000000000  1.6911882508e-07  1.6968894231e-07    0.047275000000    0.017275000000
 1.6803124675e-07 -9.2306826667e-11  9.4254005257e-06      0.0000000000  1.6936393391e-07  1.7109639065e-07    0.047291666667    0.017291666667
 1.6831145150e-07 -8.9875952785e-11  9.4257304129e-06      0.0000000000  1.6960904273e-07  1.6929805344e-07    0.047308333333    0.017308333333
 1.6888846776e-07 -6.6918317196e-11  9.4260704109e-06      0.0000000000  1.6985460630e-07  1.6820641979e-07    0.047325000000    0.017325000000
 1.6903473910e-07 -7.3764165746e-11  9.4264005286e-06      0.0000000000  1.7009971512e-07  1.6808090833e-07    0.047341666667    0.017341666667
 1.6959842481e-07 -5.1698355711e-11  9.4267304054e-06      0.0000000000  1.7034482394e-07  1.7005247431e-07    0.047358333333    0.017358333333
 1.6976735571e-07 -5.6974719617e-11  9.4270704138e-06      0.0000000000  1.7058993276e-07  1.7023200773e-07    0.047375000000    0.017375000000
 1.6995542332e-07 -6.0925604811e-11  9.4274005246e-06      0.0000000000  1.7083504159e-07  1.7079153444e-07    0.047391666667    0.017391666667
 1.7009048011e-07 -6.8579711607e-11  9.4277304119e-06      0.0000000000  1.7108060516e-07  1.7396008948e-07    0.047408333333    0.017408333333
 1.7025220098e-07 -7.4355468767e-11  9.4280704098e-06      0.0000000000  1.7132571398e-07  1.7156913003e-07    0.047425000000    0.017425000000
 1.7059721772e-07 -6.7435477949e-11  9.4284005241e-06      0.0000000000  1.7157082280e-07  1.7212331115e-07    0.047441666667    0.017441666667
 1.7068785474e-07 -7.8166261734e-11  9.4287304148e-06      0.0000000000  1.7181638637e-07  1.7363341066e-07    0.047458333333    0.017458333333
 1.7078931942e-07 -8.8115584436e-11  9.4290704058e-06      0.0000000000  1.7206149519e-07  1.7235343907e-07    0.047475000000    0.017475000000
 1.7103043727e-07 -8.8423511898e-11  9.4294005305e-06      0.0000000000  1.7230705876e-07  1.7193816485e-07    0.047491666667    0.017491666667
 1.7121029556e-07 -9.2943004012e-11  9.4297304073e-06      0.0000000000  1.7255216758e-07  1.7240717803e-07    0.047508333333    0.017508333333
 1.7144380019e-07 -9.3778250777e-11  9.4300704122e-06      0.0000000000  1.7279773115e-07  1.7323642152e-07    0.047525000000    0.017525000000
 1.7145855080e-07 -1.0973370962e-10  9.4304005265e-06      0.0000000000  1.7304283997e-07  1.7267893871e-07    0.047541666667    0.017541666667
 1.7168941536e-07 -1.1075181741e-10  9.4307304103e-06      0.0000000000  1.7328840354e-07  1.7162999122e-07    0.047558333333    0.017558333333
 1.7201053200e-07 -1.0548723612e-10  9.4310704117e-06      0.0000000000  1.7353351237e-07  1.7317574900e-07    0.047575000000    0.017575000000
 1.7231010331e-07 -1.0174646023e-10  9.4314005225e-06      0.0000000000  1.7377907594e-07  1.7289213367e-07    0.047591666667    0.017591666667
 1.7269719293e-07 -9.1943844156e-11  9.4317304167e-06      0.0000000000  1.7402463950e-07  1.7305250156e-07    0.047608333333    0.017608333333
 1.7277522482e-07 -1.0351620881e-10  9.4320704042e-06      0.0000000000  1.7426974833e-07  1.7461045988e-07    0.047625000000    0.017625000000
 1.7322184762e-07 -8.9590105322e-11  9.4324005289e-06      0.0000000000  1.7451531190e-07  1.7515357247e-07    0.047641666667    0.017641666667
 1.7358342813e-07 -8.1554343878e-11  9.4327304092e-06      0.0000000000  1.7476087547e-07  1.7462189003e-07    0.047658333333    0.017658333333
 1.7377186961e-07 -8.5510830869e-11  9.4330704106e-06      0.0000000000  1.7500643904e-07  1.7493355401e-07    0.047675000000    0.017675000000
 1.7419150255e-07 -7.3454144075e-11  9.4334005284e-06      0.0000000000  1.7525200260e-07  1.7598786283e-07    0.047691666667    0.017691666667
 1.7455103500e-07 -6.5528741482e-11  9.4337304052e-06      0.0000000000  1.7549711143e-07  1.7698892007e-07    0.047708333333    0.017708333333
 1.7456797796e-07 -8.1363848057e-11  9.4340704136e-06      0.0000000000  1.7574267500e-07  1.7635861138e-07    0.047725000000    0.017725000000
 1.7519599693e-07 -5.4873576575e-11  9.4344005209e-06      0.0000000000  1.7598823857e-07  1.7644620054e-07    0.047741666667    0.017741666667
 1.7567205461e-07 -3.8908704979e-11  9.4347304151e-06      0.0000000000  1.7623380214e-07  1.7609911412e-07    0.047758333333    0.017758333333
 1.7579354447e-07 -4.7502507579e-11  9.4350704060e-06      0.0000000000  1.7647936570e-07  1.7581916210e-07    0.047775000000    0.017775000000
 1.7589314721e-07 -5.7612293031e-11  9.4354005273e-06      0.0000000000  1.7672492927e-07  1.7665939550e-07    0.047791666667    0.017791666667
 1.7622398817e-07 -5.1705666088e-11  9.4357304111e-06      0.0000000000  1.7697049284e-07  1.7666686361e-07    0.047808333333    0.017808333333
 1.7608617052e-07 -7.8260063344e-11  9.4360704055e-06      0.0000000000  1.7721605641e-07  1.7707509423e-07    0.047825000000    0.017825000000
 1.7648596387e-07 -6.7609037561e-11  9.4364005303e-06      0.0000000000  1.7746207473e-07  1.7719436391e-07    0.047841666667    0.017841666667
 1.7668212970e-07 -7.1030506618e-11  9.4367304036e-06      0.0000000000  1.7770763830e-07  1.7784182568e-07    0.047858333333    0.017858333333
 1.7669572508e-07 -8.7097478973e-11  9.4370704155e-06      0.0000000000  1.7795320187e-07  1.7879788558e-07    0.047875000000    0.017875000000
 1.7698803801e-07 -8.3859445987e-11  9.4374005227e-06      0.0000000000  1.7819876544e-07  1.7670800898e-07    0.047891666667    0.017891666667
 1.7726696363e-07 -8.1580164703e-11  9.4377304100e-06      0.0000000000  1.7844478376e-07  1.7784012767e-07    0.047908333333    0.017908333333
 1.7754887926e-07 -7.9062286955e-11  9.4380704079e-06      0.0000000000  1.7869034732e-07  1.7940693767e-07    0.047925000000    0.017925000000
 1.7792695748e-07 -6.9883833797e-11  9.4384005257e-06      0.0000000000  1.7893591089e-07  1.7929298213e-07    0.047941666667    0.017941666667
 1.7833255947e-07 -5.8830480449e-11  9.4387304130e-06      0.0000000000  1.7918192921e-07  1.7925293733e-07    0.047958333333    0.017958333333
 1.7851842579e-07 -6.2965331427e-11  9.4390704074e-06      0.0000000000  1.7942749278e-07  1.7932864040e-07    0.047975000000    0.017975000000
 1.7894275828e-07 -5.0583136834e-11  9.4394005287e-06      0.0000000000  1.7967305635e-07  1.8075396505e-07    0.047991666667    0.017991666667
 1.7923644222e-07 -4.7281640030e-11  9.4397304054e-06      0.0000000000  1.7991907467e-07  1.7872738660e-07    0.048008333333    0.018008333333
 1.7951707028e-07 -4.4852944275e-11  9.4400704104e-06      0.0000000000  1.8016463824e-07  1.7978021751e-07    0.048025000000    0.018025000000
 1.7964191261e-07 -5.3246040132e-11  9.4404005246e-06      0.0000000000  1.8041065655e-07  1.8059686740e-07    0.048041666667    0.018041666667
 1.7993709333e-07 -4.9840870880e-11  9.4407304084e-06      0.0000000000  1.8065667487e-07  1.8037865702e-07    0.048058333333    0.018058333333
 1.7999678213e-07 -6.2715242609e-11  9.4410704133e-06      0.0000000000  1.8090223844e-07  1.8107224814e-07    0.048075000000    0.018075000000
 1.8033641575e-07 -5.6231101584e-11  9.4414005241e-06      0.0000000000  1.8114825676e-07  1.8180516084e-07    0.048091666667    0.018091666667
 1.8063625960e-07 -5.2471449243e-11  9.4417304149e-06      0.0000000000  1.8139382033e-07  1.8071487930e-07    0.048108333333    0.018108333333
 1.8080816016e-07 -5.7605118124e-11  9.4420704058e-06      0.0000000000  1.8163983864e-07  1.8098777200e-07    0.048125000000    0.018125000000
 1.8098905823e-07 -6.2115586418e-11  9.4424005271e-06      0.0000000000  1.8188585696e-07  1.8181258178e-07    0.048141666667    0.018141666667
 1.8107265043e-07 -7.3365818698e-11  9.4427304073e-06      0.0000000000  1.8213187528e-07  1.8259777127e-07    0.048158333333    0.018158333333
 1.8141533711e-07 -6.6638713714e-11  9.4430704088e-06      0.0000000000  1.8237743885e-07  1.8289522226e-07    0.048175000000    0.018175000000
 1.8160066086e-07 -7.0842643195e-11  9.4434005265e-06      0.0000000000  1.8262345716e-07  1.8311263080e-07    0.048191666667    0.018191666667
 1.8181733468e-07 -7.2875151215e-11  9.4437304068e-06      0.0000000000  1.8286947548e-07  1.8400770374e-07    0.048208333333    0.018208333333
 1.8209455512e-07 -7.0713977315e-11  9.4440704152e-06      0.0000000000  1.8311549380e-07  1.8401826915e-07    0.048225000000    0.018225000000
 1.8241080403e-07 -6.5849547107e-11  9.4444005225e-06      0.0000000000  1.8336151211e-07  1.8240550275e-07    0.048241666667    0.018241666667
 1.8266444606e-07 -6.5321501113e-11  9.4447304098e-06      0.0000000000  1.8360753043e-07  1.8317869609e-07    0.048258333333    0.018258333333
 1.8275703522e-07 -7.5948569818e-11  9.4450704077e-06      0.0000000000  1.8385354875e-07  1.8331941105e-07    0.048275000000    0.018275000000
 1.8306061816e-07 -7.1961432077e-11  9.4454005255e-06      0.0000000000  1.8409956706e-07  1.8448349325e-07    0.048291666667    0.018291666667
 1.8311319694e-07 -8.5359767845e-11  9.4457304127e-06      0.0000000000  1.8434558538e-07  1.8361162650e-07    0.048308333333    0.018308333333
 1.8338912980e-07 -8.3287775939e-11  9.4460704072e-06      0.0000000000  1.8459160370e-07  1.8414343472e-07    0.048325000000    0.018325000000
 1.8382534389e-07 -7.0114115607e-11  9.4464005284e-06      0.0000000000  1.8483762201e-07  1.8430403844e-07    0.048341666667    0.018341666667
 1.8389921938e-07 -8.2068859659e-11  9.4467304052e-06      0.0000000000  1.8508409508e-07  1.8443036746e-07    0.048358333333    0.018358333333
 1.8446716287e-07 -5.9771135592e-11  9.4470704136e-06      0.0000000000  1.8533011340e-07  1.8476833493e-07    0.048375000000    0.018375000000
 1.8429038628e-07 -8.9055469661e-11  9.4474005209e-06      0.0000000000  1.8557613171e-07  1.8516062308e-07    0.048391666667    0.018391666667
 1.8468195429e-07 -7.8974161178e-11  9.4477304116e-06      0.0000000000  1.8582215003e-07  1.8542938080e-07    0.048408333333    0.018408333333
 1.8478529859e-07 -8.8887786823e-11  9.4480704096e-06      0.0000000000  1.8606862309e-07  1.8655954991e-07    0.048425000000    0.018425000000
 1.8541097201e-07 -6.2591474544e-11  9.4484005239e-06      0.0000000000  1.8631464141e-07  1.8727801378e-07    0.048441666667    0.018441666667
 1.8532969646e-07 -8.5261054871e-11  9.4487304146e-06      0.0000000000  1.8656065973e-07  1.8685173392e-07    0.048458333333    0.018458333333
 1.8605749027e-07 -5.1923005236e-11  9.4490704056e-06      0.0000000000  1.8680713279e-07  1.8741511260e-07    0.048475000000    0.018475000000
 1.8579584988e-07 -8.7085319127e-11  9.4494005303e-06      0.0000000000  1.8705315111e-07  1.8778672588e-07    0.048491666667    0.018491666667
 1.8628947442e-07 -6.9966696301e-11  9.4497304036e-06      0.0000000000  1.8729962417e-07  1.8748980945e-07    0.048508333333    0.018508333333
 1.8644515249e-07 -7.6223995378e-11  9.4500704120e-06      0.0000000000  1.8754564249e-07  1.8731214698e-07    0.048525000000    0.018525000000
 1.8623453439e-07 -1.0788381457e-10  9.4504005228e-06      0.0000000000  1.8779211555e-07  1.8776056390e-07    0.048541666667    0.018541666667
 1.8683859241e-07 -8.3084664201e-11  9.4507304100e-06      0.0000000000  1.8803813387e-07  1.8891406497e-07    0.048558333333    0.018558333333
 1.8693369642e-07 -9.3569043500e-11  9.4510704115e-06      0.0000000000  1.8828460693e-07  1.8819745634e-07    0.048575000000    0.018575000000
 1.8728799599e-07 -8.6100582295e-11  9.4514005222e-06      0.0000000000  1.8853108000e-07  1.8836845253e-07    0.048591666667    0.018591666667
 1.8764901762e-07 -7.8135028239e-11  9.4517304130e-06      0.0000000000  1.8877709831e-07  1.8848880706e-07    0.048608333333    0.018608333333
 1.8791433230e-07 -7.6829988454e-11  9.4520704039e-06      0.0000000000  1.8902357138e-07  1.8851706011e-07    0.048625000000    0.018625000000
 1.8831355048e-07 -6.6250298946e-11  9.4524005287e-06      0.0000000000  1.8927004444e-07  1.8894080868e-07    0.048641666667    0.018641666667
 1.8839191604e-07 -7.7894044160e-11  9.4527304090e-06      0.0000000000  1.8951651751e-07  1.8937700933e-07    0.048658333333    0.018658333333
 1.8889625576e-07 -6.0001751415e-11  9.4530704104e-06      0.0000000000  1.8976253582e-07  1.9006165444e-07    0.048675000000    0.018675000000
 1.8915086882e-07 -5.9437945576e-11  9.4534005247e-06      0.0000000000  1.9000900889e-07  1.9042578388e-07    0.048691666667    0.018691666667
 1.8920903641e-07 -7.2480676637e-11  9.4537304084e-06      0.0000000000  1.9025548195e-07  1.9119455924e-07    0.048708333333    0.018708333333
 1.8961340407e-07 -6.1544314673e-11  9.4540704099e-06      0.0000000000  1.9050195502e-07  1.9084068077e-07    0.048725000000    0.018725000000
 1.8962584963e-07 -7.7753922565e-11  9.4544005241e-06      0.0000000000  1.9074842808e-07  1.9161341816e-07    0.048741666667    0.018741666667
 1.8995142023e-07 -7.2275335745e-11  9.4547304114e-06      0.0000000000  1.9099490115e-07  1.9209055980e-07    0.048758333333    0.018758333333
 1.9013510594e-07 -7.6624219672e-11  9.4550704058e-06      0.0000000000  1.9124137421e-07  1.9115758030e-07    0.048775000000    0.018775000000
 1.9044693326e-07 -7.2097542833e-11  9.4554005271e-06      0.0000000000  1.9148784727e-07  1.9079994418e-07    0.048791666667    0.018791666667
 1.9072805202e-07 -6.9697853762e-11  9.4557304109e-06      0.0000000000  1.9173432034e-07  1.9220759691e-07    0.048808333333    0.018808333333
 1.9101757221e-07 -6.6716251720e-11  9.4560704088e-06      0.0000000000  1.9198079340e-07  1.9198224858e-07    0.048825000000    0.018825000000
 1.9137554131e-07 -5.8993624610e-11  9.4564005266e-06      0.0000000000  1.9222726647e-07  1.9242516268e-07    0.048841666667    0.018841666667
 1.9161663828e-07 -5.9397490524e-11  9.4567304068e-06      0.0000000000  1.9247419428e-07  1.9311667845e-07    0.048858333333    0.018858333333
 1.9187731807e-07 -5.8413480007e-11  9.4570704118e-06      0.0000000000  1.9272066734e-07  1.9306402433e-07    0.048875000000    0.018875000000
 1.9205070427e-07 -6.3475745856e-11  9.4574005190e-06      0.0000000000  1.9296714041e-07  1.9304613230e-07    0.048891666667    0.018891666667
 1.9223490458e-07 -6.7788986595e-11  9.4577304098e-06      0.0000000000  1.9321361347e-07  1.9451447327e-07    0.048908333333    0.018908333333
 1.9252204714e-07 -6.5003564516e-11  9.4580704077e-06      0.0000000000  1.9346054128e-07  1.9348989541e-07    0.048925000000    0.018925000000
 1.9259016210e-07 -7.7357304994e-11  9.4584005255e-06      0.0000000000  1.9370701435e-07  1.9293205099e-07    0.048941666667    0.018941666667
 1.9272049545e-07 -8.5401569459e-11  9.4587304093e-06      0.0000000000  1.9395348741e-07  1.9399074634e-07    0.048958333333    0.018958333333
 1.9277227870e-07 -9.8918001372e-11  9.4590704072e-06      0.0000000000  1.9420041522e-07  1.9398021237e-07    0.048975000000    0.018975000000
 1.9301744431e-07 -9.9008560777e-11  9.4594005285e-06      0.0000000000  1.9444688829e-07  1.9440583189e-07    0.048991666667    0.018991666667
 1.9333683896e-07 -9.3989239873e-11  9.4597304052e-06      0.0000000000  1.9469381610e-07  1.9541476603e-07    0.049008333333    0.019008333333
 1.9362095155e-07 -9.1382187400e-11  9.4600704102e-06      0.0000000000  1.9494028916e-07  1.9661881443e-07    0.049025000000    0.019025000000
 1.9384545677e-07 -9.2935259254e-11  9.4604005244e-06      0.0000000000  1.9518721697e-07  1.9588332326e-07    0.049041666667    0.019041666667
 1.9438482072e-07 -7.2648556687e-11  9.4607304082e-06      0.0000000000  1.9543369004e-07  1.9488586644e-07    0.049058333333    0.019058333333
 1.9445025159e-07 -8.5219703884e-11  9.4610704096e-06      0.0000000000  1.9568061785e-07  1.9594371278e-07    0.049075000000    0.019075000000
 1.9491095321e-07 -7.0412941421e-11  9.4614005239e-06      0.0000000000  1.9592754566e-07  1.9544570759e-07    0.049091666667    0.019091666667
 1.9530939761e-07 -5.9886846238e-11  9.4617304112e-06      0.0000000000  1.9617401872e-07  1.9591478367e-07    0.049108333333    0.019108333333
 1.9516315927e-07 -8.7118983878e-11  9.4620704056e-06      0.0000000000  1.9642094654e-07  1.9735460431e-07    0.049125000000    0.019125000000
 1.9555811670e-07 -7.6865906929e-11  9.4624005303e-06      0.0000000000  1.9666787435e-07  1.9788449441e-07    0.049141666667    0.019141666667
 1.9563701778e-07 -8.8504057613e-11  9.4627304071e-06      0.0000000000  1.9691480216e-07  1.9746194074e-07    0.049158333333    0.019158333333
 1.9596922377e-07 -8.2597376800e-11  9.4630704085e-06      0.0000000000  1.9716172997e-07  1.9788267062e-07    0.049175000000    0.019175000000
 1.9636752442e-07 -7.2081238021e-11  9.4634005263e-06      0.0000000000  1.9740820303e-07  1.9668764684e-07    0.049191666667    0.019191666667
 1.9651344098e-07 -7.9077650084e-11  9.4637304066e-06      0.0000000000  1.9765513085e-07  1.9824437882e-07    0.049208333333    0.019208333333
 1.9677972589e-07 -7.7736905974e-11  9.4640704080e-06      0.0000000000  1.9790205866e-07  1.9807533220e-07    0.049225000000    0.019225000000
 1.9711309120e-07 -7.1749926205e-11  9.4644005223e-06      0.0000000000  1.9814898647e-07  1.9866444835e-07    0.049241666667    0.019241666667
 1.9715598969e-07 -8.5881749035e-11  9.4647304130e-06      0.0000000000  1.9839591428e-07  1.9825137526e-07    0.049258333333    0.019258333333
 1.9753197153e-07 -7.6942991483e-11  9.4650704040e-06      0.0000000000  1.9864284209e-07  1.9877588831e-07    0.049275000000    0.019275000000
 1.9794429448e-07 -6.5487114267e-11  9.4654005287e-06      0.0000000000  1.9888976990e-07  1.9908700202e-07    0.049291666667    0.019291666667
 1.9783896667e-07 -8.9885637027e-11  9.4657304090e-06      0.0000000000  1.9913669772e-07  1.9891588005e-07    0.049308333333    0.019308333333
 1.9831351291e-07 -7.4151442836e-11  9.4660704069e-06      0.0000000000  1.9938408027e-07  1.9912887061e-07    0.049325000000    0.019325000000
 1.9842383060e-07 -8.3613563983e-11  9.4664005282e-06      0.0000000000  1.9963100809e-07  1.9962951715e-07    0.049341666667    0.019341666667
 1.9872428253e-07 -7.9906286199e-11  9.4667304050e-06      0.0000000000  1.9987793590e-07  1.9971859994e-07    0.049358333333    0.019358333333
 1.9901400024e-07 -7.6942500132e-11  9.4670704134e-06      0.0000000000  2.0012486371e-07  2.0022193500e-07    0.049375000000    0.019375000000
 1.9943998684e-07 -6.4540227822e-11  9.4674005207e-06      0.0000000000  2.0037179152e-07  1.9985013306e-07    0.049391666667    0.019391666667
 1.9929853202e-07 -9.1472538826e-11  9.4677304114e-06      0.0000000000  2.0061917408e-07  1.9988843268e-07    0.049408333333    0.019408333333
 2.0000695301e-07 -5.9507819649e-11  9.4680704059e-06      0.0000000000  2.0086610189e-07  2.0111348613e-07    0.049425000000    0.019425000000
 1.9993885613e-07 -8.1359088824e-11  9.4684005271e-06      0.0000000000  2.0111348445e-07  2.0037944143e-07    0.049441666667    0.019441666667
 2.0042615991e-07 -6.4709762345e-11  9.4687304074e-06      0.0000000000  2.0136041226e-07  2.0083369133e-07    0.049458333333    0.019458333333
 2.0077664894e-07 -5.7536730537e-11  9.4690704088e-06      0.0000000000  2.0160734007e-07  2.0199179905e-07    0.049475000000    0.019475000000
 2.0094917442e-07 -6.2721608075e-11  9.4694005301e-06      0.0000000000  2.0185472263e-07  2.0209440305e-07    0.049491666667    0.019491666667
 2.0146984126e-07 -4.3761433461e-11  9.4697304034e-06      0.0000000000  2.0210165044e-07  2.0284294376e-07    0.049508333333    0.019508333333
 2.0164027387e-07 -4.9091271065e-11  9.4700704118e-06      0.0000000000  2.0234903300e-07  2.0160719912e-07    0.049525000000    0.019525000000
 2.0175839741e-07 -5.8012729847e-11  9.4704005226e-06      0.0000000000  2.0259596081e-07  2.0429748051e-07    0.049541666667    0.019541666667
 2.0186351973e-07 -6.7866198688e-11  9.4707304098e-06      0.0000000000  2.0284334337e-07  2.0273545011e-07    0.049558333333    0.019558333333
 2.0242999525e-07 -4.5764643345e-11  9.4710704078e-06      0.0000000000  2.0309072593e-07  2.0294317369e-07    0.049575000000    0.019575000000
 2.0216041262e-07 -8.1540060636e-11  9.4714005255e-06      0.0000000000  2.0333765374e-07  2.0358670487e-07    0.049591666667    0.019591666667
 2.0268182393e-07 -6.2559819544e-11  9.4717304093e-06      0.0000000000  2.0358503630e-07  2.0410316809e-07    0.049608333333    0.019608333333
 2.0280358823e-07 -7.1260603254e-11  9.4720704072e-06      0.0000000000  2.0383241886e-07  2.0388667144e-07    0.049625000000    0.019625000000
 2.0304988900e-07 -7.1335532079e-11  9.4724005285e-06      0.0000000000  2.0407980142e-07  2.0463400152e-07    0.049641666667    0.019641666667
 2.0316659920e-07 -8.0386381486e-11  9.4727304053e-06      0.0000000000  2.0432718398e-07  2.0534410110e-07    0.049658333333    0.019658333333
 2.0322378977e-07 -9.3528282338e-11  9.4730704102e-06      0.0000000000  2.0457411179e-07  2.0538277806e-07    0.049675000000    0.019675000000
 2.0345464020e-07 -9.4673358072e-11  9.4734005245e-06      0.0000000000  2.0482149435e-07  2.0382059043e-07    0.049691666667    0.019691666667
 2.0385125827e-07 -8.4336756446e-11  9.4737304082e-06      0.0000000000  2.0506887691e-07  2.0565733732e-07    0.049708333333    0.019708333333
 2.0407499460e-07 -8.5974581663e-11  9.4740704097e-06      0.0000000000  2.0531625947e-07  2.0648110944e-07    0.049725000000    0.019725000000
 2.0420266586e-07 -9.4266227480e-11  9.4744005239e-06      0.0000000000  2.0556364203e-07  2.0623113992e-07    0.049741666667    0.019741666667
 2.0470014553e-07 -7.6943579658e-11  9.4747304112e-06      0.0000000000  2.0581102458e-07  2.0599791470e-07    0.049758333333    0.019758333333
 2.0496456742e-07 -7.5763372322e-11  9.4750704056e-06      0.0000000000  2.0605840714e-07  2.0610883582e-07    0.049775000000    0.019775000000
 2.0535917491e-07 -6.5566030813e-11  9.4754005269e-06      0.0000000000  2.0630578970e-07  2.0681082267e-07    0.049791666667    0.019791666667
 2.0541976497e-07 -7.8503967808e-11  9.4757304072e-06      0.0000000000  2.0655317226e-07  2.0666414894e-07    0.049808333333    0.019808333333
 2.0573691542e-07 -7.3703084359e-11  9.4760704086e-06      0.0000000000  2.0680100957e-07  2.0680310300e-07    0.049825000000    0.019825000000
 2.0583268834e-07 -8.4204126621e-11  9.4764005264e-06      0.0000000000  2.0704839213e-07  2.0658272293e-07    0.049841666667    0.019841666667
 2.0614267196e-07 -7.9868146251e-11  9.4767304066e-06      0.0000000000  2.0729577469e-07  2.0637015687e-07    0.049858333333    0.019858333333
 2.0637670860e-07 -8.0792534026e-11  9.4770704115e-06      0.0000000000  2.0754315724e-07  2.0679791463e-07    0.049875000000    0.019875000000
 2.0683999354e-07 -6.5869836688e-11  9.4774005223e-06      0.0000000000  2.0779099455e-07  2.0768995315e-07    0.049891666667    0.019891666667
 2.0711716157e-07 -6.3806784987e-11  9.4777304131e-06      0.0000000000  2.0803837711e-07  2.0837321469e-07    0.049908333333    0.019908333333
 2.0733961006e-07 -6.5533810703e-11  9.4780704040e-06      0.0000000000  2.0828575967e-07  2.0835386049e-07    0.049925000000    0.019925000000
 2.0760735236e-07 -6.4155117383e-11  9.4784005253e-06      0.0000000000  2.0853359697e-07  2.0916725586e-07    0.049941666667    0.019941666667
 2.0781380305e-07 -6.6990209474e-11  9.4787304091e-06      0.0000000000  2.0878097953e-07  2.0845770656e-07    0.049958333333    0.019958333333
 2.0810803530e-07 -6.3776724795e-11  9.4790704070e-06      0.0000000000  2.0902881684e-07  2.0877284518e-07    0.049975000000    0.019975000000
 2.0820316457e-07 -7.4322348800e-11  9.4794005282e-06      0.0000000000  2.0927619940e-07  2.0950940547e-07    0.049991666667    0.019991666667
 2.0852840970e-07 -6.8960797646e-11  9.4797304050e-06      0.0000000000  2.0952403670e-07  2.0929899336e-07    0.050008333333    0.020008333333
 2.0888321600e-07 -6.1520232744e-11  9.4800704134e-06      0.0000000000  2.0977141926e-07  2.1010863109e-07    0.050025000000    0.020025000000
 2.0909984337e-07 -6.3681947974e-11  9.4804005207e-06      0.0000000000  2.1001925657e-07  2.1034347571e-07    0.050041666667    0.020041666667
 2.0947193833e-07 -5.5075404780e-11  9.4807304080e-06      0.0000000000  2.1026709388e-07  2.1024161066e-07    0.050058333333    0.020058333333
 2.0962048301e-07 -6.1921280753e-11  9.4810704059e-06      0.0000000000  2.1051447643e-07  2.0982979535e-07    0.050075000000    0.020075000000
 2.1007613951e-07 -4.7526957579e-11  9.4814005237e-06      0.0000000000  2.1076231374e-07  2.1003500336e-07    0.050091666667    0.020091666667
 2.1022723082e-07 -5.4227941893e-11  9.4817304109e-06      0.0000000000  2.1101015105e-07  2.1103087223e-07    0.050108333333    0.020108333333
 2.1057070681e-07 -4.7572156326e-11  9.4820704054e-06      0.0000000000  2.1125753361e-07  2.1153785487e-07    0.050125000000    0.020125000000
 2.1082343323e-07 -4.7233518626e-11  9.4824005301e-06      0.0000000000  2.1150537091e-07  2.1185090243e-07    0.050141666667    0.020141666667
 2.1074587615e-07 -6.9771533499e-11  9.4827303999e-06      0.0000000000  2.1175320822e-07  2.1155808953e-07    0.050158333333    0.020158333333
 2.1098500250e-07 -7.0374886387e-11  9.4830704118e-06      0.0000000000  2.1200104552e-07  2.1256315597e-07    0.050175000000    0.020175000000
 2.1096297107e-07 -8.9066990251e-11  9.4834005226e-06      0.0000000000  2.1224888283e-07  2.1184703473e-07    0.050191666667    0.020191666667
 2.1101596910e-07 -1.0256227670e-10  9.4837304099e-06      0.0000000000  2.1249672014e-07  2.1280334619e-07    0.050208333333    0.020208333333
 2.1134161715e-07 -9.7172818003e-11  9.4840704078e-06      0.0000000000  2.1274455744e-07  2.1266255261e-07    0.050225000000    0.020225000000
 2.1144067734e-07 -1.0747766907e-10  9.4844005221e-06      0.0000000000  2.1299239475e-07  2.1354690291e-07    0.050241666667    0.020241666667
 2.1182733745e-07 -9.7862290426e-11  9.4847304128e-06      0.0000000000  2.1324023206e-07  2.1415590783e-07    0.050258333333    0.020258333333
 2.1188801282e-07 -1.1082581605e-10  9.4850704003e-06      0.0000000000  2.1348806936e-07  2.1456777030e-07    0.050275000000    0.020275000000
 2.1238049243e-07 -9.3880987799e-11  9.4854005285e-06      0.0000000000  2.1373590667e-07  2.1426126324e-07    0.050291666667    0.020291666667
 2.1247132756e-07 -1.0475553766e-10  9.4857304053e-06      0.0000000000  2.1398374397e-07  2.1434855369e-07    0.050308333333    0.020308333333
 2.1262541705e-07 -1.1128035462e-10  9.4860704102e-06      0.0000000000  2.1423203603e-07  2.1459676230e-07    0.050325000000    0.020325000000
 2.1320475635e-07 -8.8319304274e-11  9.4864005245e-06      0.0000000000  2.1447987333e-07  2.1460542531e-07    0.050341666667    0.020341666667
 2.1337018729e-07 -9.4027072484e-11  9.4867304083e-06      0.0000000000  2.1472771064e-07  2.1442244869e-07    0.050358333333    0.020358333333
 2.1360261875e-07 -9.5094138427e-11  9.4870704097e-06      0.0000000000  2.1497554795e-07  2.1474645472e-07    0.050375000000    0.020375000000
 2.1432177125e-07 -6.2480607553e-11  9.4874005205e-06      0.0000000000  2.1522384000e-07  2.1492512342e-07    0.050391666667    0.020391666667
 2.1445573831e-07 -7.0367680920e-11  9.4877304112e-06      0.0000000000  2.1547167731e-07  2.1549447659e-07    0.050408333333    0.020408333333
 2.1495339974e-07 -5.3063940946e-11  9.4880704022e-06      0.0000000000  2.1571951461e-07  2.1546097228e-07    0.050425000000    0.020425000000
 2.1497530936e-07 -6.8744023311e-11  9.4884005269e-06      0.0000000000  2.1596780667e-07  2.1542437067e-07    0.050441666667    0.020441666667
 2.1527090906e-07 -6.5435823246e-11  9.4887304072e-06      0.0000000000  2.1621564397e-07  2.1686450575e-07    0.050458333333    0.020458333333
 2.1523933755e-07 -8.4820206200e-11  9.4890704086e-06      0.0000000000  2.1646393603e-07  2.1642806926e-07    0.050475000000    0.020475000000
 2.1564389541e-07 -7.3965162689e-11  9.4894005264e-06      0.0000000000  2.1671177333e-07  2.1621174556e-07    0.050491666667    0.020491666667
 2.1562766093e-07 -9.2287245417e-11  9.4897304032e-06      0.0000000000  2.1696006539e-07  2.1689447254e-07    0.050508333333    0.020508333333
 2.1613221478e-07 -7.4537608364e-11  9.4900704116e-06      0.0000000000  2.1720835744e-07  2.1682229127e-07    0.050525000000    0.020525000000
 2.1628338759e-07 -8.1232948248e-11  9.4904005224e-06      0.0000000000  2.1745619475e-07  2.1745711227e-07    0.050541666667    0.020541666667
 2.1650148269e-07 -8.3324500370e-11  9.4907304096e-06      0.0000000000  2.1770448680e-07  2.1777898006e-07    0.050558333333    0.020558333333
 2.1670655806e-07 -8.6317847337e-11  9.4910704041e-06      0.0000000000  2.1795277885e-07  2.1791612605e-07    0.050575000000    0.020575000000
 2.1685831039e-07 -9.2973046997e-11  9.4914005253e-06      0.0000000000  2.1820061616e-07  2.1905412489e-07    0.050591666667    0.020591666667
 2.1717908556e-07 -8.7952598857e-11  9.4917304091e-06      0.0000000000  2.1844890821e-07  2.1925994607e-07    0.050608333333    0.020608333333
 2.1737617847e-07 -9.1498840872e-11  9.4920704035e-06      0.0000000000  2.1869720027e-07  2.1836416563e-07    0.050625000000    0.020625000000
 2.1744517918e-07 -1.0391721998e-10  9.4924005318e-06      0.0000000000  2.1894549232e-07  2.1853053945e-07    0.050641666667    0.020641666667
 2.1786152085e-07 -9.2277484050e-11  9.4927304016e-06      0.0000000000  2.1919378437e-07  2.1944119323e-07    0.050658333333    0.020658333333
 2.1821105679e-07 -8.5264959271e-11  9.4930704100e-06      0.0000000000  2.1944207643e-07  2.1949218078e-07    0.050675000000    0.020675000000
 2.1858563124e-07 -7.6486677355e-11  9.4934005243e-06      0.0000000000  2.1968991373e-07  2.1933454858e-07    0.050691666667    0.020691666667
 2.1873585748e-07 -8.3279077309e-11  9.4937304080e-06      0.0000000000  2.1993820579e-07  2.2104180626e-07    0.050708333333    0.020708333333
 2.1930762024e-07 -6.0874303053e-11  9.4940704060e-06      0.0000000000  2.2018649784e-07  2.1956708202e-07    0.050725000000    0.020725000000
 2.1935298304e-07 -7.4961429131e-11  9.4944005237e-06      0.0000000000  2.2043524464e-07  2.2069600907e-07    0.050741666667    0.020741666667
 2.1987401669e-07 -5.6070340287e-11  9.4947304110e-06      0.0000000000  2.2068353670e-07  2.2043289568e-07    0.050758333333    0.020758333333
 2.2020114957e-07 -5.0609534078e-11  9.4950704019e-06      0.0000000000  2.2093182875e-07  2.2107351823e-07    0.050775000000    0.020775000000
 2.2025750034e-07 -6.3904095276e-11  9.4954005302e-06      0.0000000000  2.2118012080e-07  2.2162721195e-07    0.050791666667    0.020791666667
 2.2064323097e-07 -5.4384592302e-11  9.4957304035e-06      0.0000000000  2.2142841286e-07  2.2130502971e-07    0.050808333333    0.020808333333
 2.2058951423e-07 -7.5302835219e-11  9.4960704084e-06      0.0000000000  2.2167670491e-07  2.2173783435e-07    0.050825000000    0.020825000000
 2.2074632830e-07 -8.1670435307e-11  9.4964005261e-06      0.0000000000  2.2192545171e-07  2.2176931048e-07    0.050841666667    0.020841666667
 2.2084123943e-07 -9.2294163283e-11  9.4967304029e-06      0.0000000000  2.2217374376e-07  2.2265035908e-07    0.050858333333    0.020858333333
 2.2099841893e-07 -9.8604954564e-11  9.4970704113e-06      0.0000000000  2.2242203582e-07  2.2251491110e-07    0.050875000000    0.020875000000
 2.2137222939e-07 -8.9942585046e-11  9.4974005221e-06      0.0000000000  2.2267078262e-07  2.2196933011e-07    0.050891666667    0.020891666667
 2.2177751434e-07 -7.9068677969e-11  9.4977304129e-06      0.0000000000  2.2291907467e-07  2.2376096960e-07    0.050908333333    0.020908333333
 2.2207039924e-07 -7.5980012851e-11  9.4980704003e-06      0.0000000000  2.2316736673e-07  2.2292156948e-07    0.050925000000    0.020925000000
 2.2234970526e-07 -7.3863368473e-11  9.4984005286e-06      0.0000000000  2.2341611353e-07  2.2303150010e-07    0.050941666667    0.020941666667
 2.2258683955e-07 -7.4636196692e-11  9.4987304053e-06      0.0000000000  2.2366440558e-07  2.2352862483e-07    0.050958333333    0.020958333333
 2.2295820310e-07 -6.6143308125e-11  9.4990704068e-06      0.0000000000  2.2391315238e-07  2.2386657657e-07    0.050975000000    0.020975000000
 2.2310666030e-07 -7.3058238475e-11  9.4994005280e-06      0.0000000000  2.2416144443e-07  2.2509584361e-07    0.050991666667    0.020991666667
 2.2346769095e-07 -6.5281045120e-11  9.4997304013e-06      0.0000000000  2.2441019124e-07  2.2458548067e-07    0.051008333333    0.021008333333
 2.2378497835e-07 -6.0533670733e-11  9.5000704132e-06      0.0000000000  2.2465893804e-07  2.2506056268e-07    0.051025000000    0.021025000000
 2.2397925537e-07 -6.4274950937e-11  9.5004005205e-06      0.0000000000  2.2490723009e-07  2.2514816757e-07    0.051041666667    0.021041666667
 2.2427669828e-07 -6.0902078524e-11  9.5007304078e-06      0.0000000000  2.2515597689e-07  2.2447188674e-07    0.051058333333    0.021058333333
 2.2442351744e-07 -6.7961963321e-11  9.5010704057e-06      0.0000000000  2.2540472369e-07  2.2537474224e-07    0.051075000000    0.021075000000
 2.2462284802e-07 -7.1353214841e-11  9.5014005270e-06      0.0000000000  2.2565301575e-07  2.2437780425e-07    0.051091666667    0.021091666667
 2.2458408606e-07 -9.1267132238e-11  9.5017304072e-06      0.0000000000  2.2590176255e-07  2.2568451954e-07    0.051108333333    0.021108333333
 2.2489879858e-07 -8.6698103331e-11  9.5020704052e-06      0.0000000000  2.2615050935e-07  2.2653810122e-07    0.051125000000    0.021125000000
 2.2510601926e-07 -8.9574355144e-11  9.5024005299e-06      0.0000000000  2.2639925615e-07  2.2498735945e-07    0.051141666667    0.021141666667
 2.2536573784e-07 -8.8814409654e-11  9.5027303997e-06      0.0000000000  2.2664800295e-07  2.2706601030e-07    0.051158333333    0.021158333333
 2.2547032601e-07 -9.8799367602e-11  9.5030704081e-06      0.0000000000  2.2689674975e-07  2.2723144078e-07    0.051175000000    0.021175000000
 2.2591641498e-07 -8.5130721820e-11  9.5034005224e-06      0.0000000000  2.2714549655e-07  2.2672647060e-07    0.051191666667    0.021191666667
 2.2630008996e-07 -7.5785098682e-11  9.5037304062e-06      0.0000000000  2.2739424335e-07  2.2695600107e-07    0.051208333333    0.021208333333
 2.2646879703e-07 -8.1328945108e-11  9.5040704076e-06      0.0000000000  2.2764299015e-07  2.2868781705e-07    0.051225000000    0.021225000000
 2.2693419878e-07 -6.6322624943e-11  9.5044005254e-06      0.0000000000  2.2789173695e-07  2.2902256143e-07    0.051241666667    0.021241666667
 2.2728053550e-07 -5.9563187083e-11  9.5047304091e-06      0.0000000000  2.2814048376e-07  2.2822480980e-07    0.051258333333    0.021258333333
 2.2743121737e-07 -6.6355525899e-11  9.5050704036e-06      0.0000000000  2.2838923056e-07  2.2846951233e-07    0.051275000000    0.021275000000
 2.2788139402e-07 -5.2403751808e-11  9.5054005283e-06      0.0000000000  2.2863797736e-07  2.2902067475e-07    0.051291666667    0.021291666667
 2.2803920904e-07 -5.8733519343e-11  9.5057304016e-06      0.0000000000  2.2888717891e-07  2.2735286443e-07    0.051308333333    0.021308333333
 2.2821332371e-07 -6.3902816202e-11  9.5060704065e-06      0.0000000000  2.2913592571e-07  2.2938197417e-07    0.051325000000    0.021325000000
 2.2842357028e-07 -6.6569483853e-11  9.5064005243e-06      0.0000000000  2.2938467251e-07  2.2930675849e-07    0.051341666667    0.021341666667
 2.2854558784e-07 -7.5347218523e-11  9.5067304046e-06      0.0000000000  2.2963341931e-07  2.2961606412e-07    0.051358333333    0.021358333333
 2.2868359178e-07 -8.3049174742e-11  9.5070704095e-06      0.0000000000  2.2988262086e-07  2.3026014559e-07    0.051375000000    0.021375000000
 2.2885575973e-07 -8.8353308705e-11  9.5074005238e-06      0.0000000000  2.3013136766e-07  2.3041754196e-07    0.051391666667    0.021391666667
 2.2941364097e-07 -6.6973015009e-11  9.5077304075e-06      0.0000000000  2.3038056921e-07  2.2952017356e-07    0.051408333333    0.021408333333
 2.2955685524e-07 -7.4282587179e-11  9.5080704020e-06      0.0000000000  2.3062931601e-07  2.3030852324e-07    0.051425000000    0.021425000000
 2.2995489131e-07 -6.3973759581e-11  9.5084005267e-06      0.0000000000  2.3087851755e-07  2.3064189978e-07    0.051441666667    0.021441666667
 2.3025497376e-07 -6.0418063157e-11  9.5087304070e-06      0.0000000000  2.3112726436e-07  2.3059900923e-07    0.051458333333    0.021458333333
 2.3075399941e-07 -4.3114324832e-11  9.5090704049e-06      0.0000000000  2.3137646590e-07  2.3168303327e-07    0.051475000000    0.021475000000
 2.3062401754e-07 -6.9346469081e-11  9.5094005262e-06      0.0000000000  2.3162521270e-07  2.3115413368e-07    0.051491666667    0.021491666667
 2.3102543218e-07 -5.8803628969e-11  9.5097304030e-06      0.0000000000  2.3187441425e-07  2.3174098582e-07    0.051508333333    0.021508333333
 2.3125774329e-07 -5.9942025567e-11  9.5100704079e-06      0.0000000000  2.3212316105e-07  2.3223024938e-07    0.051525000000    0.021525000000
 2.3130344816e-07 -7.4036955696e-11  9.5104005222e-06      0.0000000000  2.3237236260e-07  2.3292676486e-07    0.051541666667    0.021541666667
 2.3180799362e-07 -5.6350895146e-11  9.5107304059e-06      0.0000000000  2.3262156415e-07  2.3305916270e-07    0.051558333333    0.021558333333
 2.3193724239e-07 -6.4659266713e-11  9.5110704039e-06      0.0000000000  2.3287076570e-07  2.3311357773e-07    0.051575000000    0.021575000000
 2.3238342780e-07 -5.0983940146e-11  9.5114005251e-06      0.0000000000  2.3311951250e-07  2.3290981618e-07    0.051591666667    0.021591666667
 2.3254343162e-07 -5.7162103843e-11  9.5117304089e-06      0.0000000000  2.3336871405e-07  2.3331259113e-07    0.051608333333    0.021608333333
 2.3274503933e-07 -6.0458628740e-11  9.5120704033e-06      0.0000000000  2.3361791560e-07  2.3367684636e-07    0.051625000000    0.021625000000
 2.3298260153e-07 -6.1264812630e-11  9.5124005281e-06      0.0000000000  2.3386711714e-07  2.3275837858e-07    0.051641666667    0.021641666667
 2.3316344724e-07 -6.5999390231e-11  9.5127304014e-06      0.0000000000  2.3411631869e-07  2.3375154320e-07    0.051658333333    0.021658333333
 2.3328522815e-07 -7.4825013658e-11  9.5130704098e-06      0.0000000000  2.3436552024e-07  2.3427775427e-07    0.051675000000    0.021675000000
 2.3337301918e-07 -8.6004901064e-11  9.5134005206e-06      0.0000000000  2.3461472179e-07  2.3433089579e-07    0.051691666667    0.021691666667
 2.3348192437e-07 -9.5722344426e-11  9.5137304078e-06      0.0000000000  2.3486392334e-07  2.3443526069e-07    0.051708333333    0.021708333333
 2.3353907177e-07 -1.0902472256e-10  9.5140704057e-06      0.0000000000  2.3511312489e-07  2.3557033518e-07    0.051725000000    0.021725000000
 2.3406029181e-07 -9.0183719110e-11  9.5144005235e-06      0.0000000000  2.3536232643e-07  2.3656346836e-07    0.051741666667    0.021741666667
 2.3446502197e-07 -7.9411233977e-11  9.5147304073e-06      0.0000000000  2.3561152798e-07  2.3637102689e-07    0.051758333333    0.021758333333
 2.3449925144e-07 -9.4300992376e-11  9.5150704017e-06      0.0000000000  2.3586072953e-07  2.3456910499e-07    0.051775000000    0.021775000000
 2.3494783895e-07 -8.0490786073e-11  9.5154005300e-06      0.0000000000  2.3610993108e-07  2.3542658580e-07    0.051791666667    0.021791666667
 2.3522763514e-07 -7.8403185392e-11  9.5157304033e-06      0.0000000000  2.3635958737e-07  2.3730189960e-07    0.051808333333    0.021808333333
 2.3571404317e-07 -6.1973389889e-11  9.5160704082e-06      0.0000000000  2.3660878892e-07  2.3695696714e-07    0.051825000000    0.021825000000
 2.3586073843e-07 -6.9073353772e-11  9.5164005224e-06      0.0000000000  2.3685799047e-07  2.3594822167e-07    0.051841666667    0.021841666667
 2.3640483131e-07 -4.8679589776e-11  9.5167304062e-06      0.0000000000  2.3710764677e-07  2.3708813864e-07    0.051858333333    0.021858333333
 2.3671227350e-07 -4.4645628705e-11  9.5170704076e-06      0.0000000000  2.3735684832e-07  2.3805959071e-07    0.051875000000    0.021875000000
 2.3707842726e-07 -3.6545087173e-11  9.5174005219e-06      0.0000000000  2.3760604986e-07  2.3704400602e-07    0.051891666667    0.021891666667
 2.3721559792e-07 -4.4336256778e-11  9.5177304092e-06      0.0000000000  2.3785570616e-07  2.3673265648e-07    0.051908333333    0.021908333333
 2.3761702913e-07 -3.3792269273e-11  9.5180704001e-06      0.0000000000  2.3810490771e-07  2.3767758496e-07    0.051925000000    0.021925000000
 2.3787057718e-07 -3.3522711724e-11  9.5184005284e-06      0.0000000000  2.3835456400e-07  2.3858073918e-07    0.051941666667    0.021941666667
 2.3809228560e-07 -3.5426987077e-11  9.5187304051e-06      0.0000000000  2.3860376555e-07  2.3725795565e-07    0.051958333333    0.021958333333
 2.3822404921e-07 -4.3592669238e-11  9.5190704066e-06      0.0000000000  2.3885342185e-07  2.3919008999e-07    0.051975000000    0.021975000000
 2.3839852279e-07 -4.8768604249e-11  9.5194005243e-06      0.0000000000  2.3910262340e-07  2.4013457825e-07    0.051991666667    0.021991666667
 2.3859475852e-07 -5.2468709523e-11  9.5197304046e-06      0.0000000000  2.3935227969e-07  2.3880476683e-07    0.052008333333    0.022008333333
 2.3855965877e-07 -7.2191963492e-11  9.5200704060e-06      0.0000000000  2.3960193599e-07  2.3976387687e-07    0.052025000000    0.022025000000
 2.3861720909e-07 -8.5466434087e-11  9.5204005238e-06      0.0000000000  2.3985113754e-07  2.4039626091e-07    0.052041666667    0.022041666667
 2.3888710736e-07 -8.4064400317e-11  9.5207304076e-06      0.0000000000  2.4010079383e-07  2.4086002283e-07    0.052058333333    0.022058333333
 2.3910410509e-07 -8.6326452885e-11  9.5210704020e-06      0.0000000000  2.4035045013e-07  2.3930623093e-07    0.052075000000    0.022075000000
 2.3924592801e-07 -9.3795390312e-11  9.5214005268e-06      0.0000000000  2.4060010642e-07  2.4069363329e-07    0.052091666667    0.022091666667
 2.3969672361e-07 -7.9863739867e-11  9.5217304035e-06      0.0000000000  2.4084976272e-07  2.4235672691e-07    0.052108333333    0.022108333333
 2.3975670346e-07 -9.2969932423e-11  9.5220704050e-06      0.0000000000  2.4109896427e-07  2.4010083810e-07    0.052125000000    0.022125000000
 2.3990811838e-07 -9.9774492683e-11  9.5224005297e-06      0.0000000000  2.4134862056e-07  2.3975497802e-07    0.052141666667    0.022141666667
 2.4027644792e-07 -9.1554746275e-11  9.5227304030e-06      0.0000000000  2.4159827686e-07  2.4258536121e-07    0.052158333333    0.022158333333
 2.4056322944e-07 -8.8983316160e-11  9.5230704079e-06      0.0000000000  2.4184793315e-07  2.4139756971e-07    0.052175000000    0.022175000000
 2.4083834346e-07 -8.7220020366e-11  9.5234005222e-06      0.0000000000  2.4209758945e-07  2.4256135319e-07    0.052191666667    0.022191666667
 2.4132322620e-07 -7.0927369639e-11  9.5237304060e-06      0.0000000000  2.4234724574e-07  2.4256077146e-07    0.052208333333    0.022208333333
 2.4172511250e-07 -6.0383358009e-11  9.5240704039e-06      0.0000000000  2.4259690204e-07  2.4378197294e-07    0.052225000000    0.022225000000
 2.4188731053e-07 -6.6441039894e-11  9.5244005251e-06      0.0000000000  2.4284655834e-07  2.4214823293e-07    0.052241666667    0.022241666667
 2.4214829279e-07 -6.5656562281e-11  9.5247304054e-06      0.0000000000  2.4309621463e-07  2.4288892819e-07    0.052258333333    0.022258333333
 2.4239767574e-07 -6.5706992026e-11  9.5250704034e-06      0.0000000000  2.4334632567e-07  2.4496363273e-07    0.052275000000    0.022275000000
 2.4266039738e-07 -6.4802038219e-11  9.5254005316e-06      0.0000000000  2.4359598197e-07  2.4433197191e-07    0.052291666667    0.022291666667
 2.4303999284e-07 -5.5801972501e-11  9.5257304014e-06      0.0000000000  2.4384563827e-07  2.4440044271e-07    0.052308333333    0.022308333333
 2.4347200711e-07 -4.3171187353e-11  9.5260704063e-06      0.0000000000  2.4409529456e-07  2.4506923970e-07    0.052325000000    0.022325000000
 2.4356043420e-07 -5.4370014000e-11  9.5264005241e-06      0.0000000000  2.4434540560e-07  2.4430197368e-07    0.052341666667    0.022341666667
 2.4389873223e-07 -4.8230360325e-11  9.5267304044e-06      0.0000000000  2.4459506190e-07  2.4329454889e-07    0.052358333333    0.022358333333
 2.4411495753e-07 -5.0545914687e-11  9.5270704058e-06      0.0000000000  2.4484471820e-07  2.4373284062e-07    0.052375000000    0.022375000000
 2.4444159268e-07 -4.5245572875e-11  9.5274005235e-06      0.0000000000  2.4509482924e-07  2.4488722214e-07    0.052391666667    0.022391666667
 2.4451103929e-07 -5.7727559883e-11  9.5277304073e-06      0.0000000000  2.4534448553e-07  2.4492677956e-07    0.052408333333    0.022408333333
 2.4453278810e-07 -7.3544770166e-11  9.5280704018e-06      0.0000000000  2.4559459658e-07  2.4399238504e-07    0.052425000000    0.022425000000
 2.4462507356e-07 -8.4444854784e-11  9.5284005300e-06      0.0000000000  2.4584425287e-07  2.4545187434e-07    0.052441666667    0.022441666667
 2.4467136506e-07 -9.8562147825e-11  9.5287304033e-06      0.0000000000  2.4609436392e-07  2.4555759136e-07    0.052458333333    0.022458333333
 2.4496432687e-07 -9.5562647843e-11  9.5290704082e-06      0.0000000000  2.4634402021e-07  2.4587774542e-07    0.052475000000    0.022475000000
 2.4527193887e-07 -9.1579919555e-11  9.5294005260e-06      0.0000000000  2.4659413125e-07  2.4666145700e-07    0.052491666667    0.022491666667
 2.4539182444e-07 -1.0056831902e-10  9.5297304028e-06      0.0000000000  2.4684378755e-07  2.4762162043e-07    0.052508333333    0.022508333333
 2.4585828420e-07 -8.5583208757e-11  9.5300704077e-06      0.0000000000  2.4709389859e-07  2.4794710436e-07    0.052525000000    0.022525000000
 2.4630676765e-07 -7.1843204223e-11  9.5304005219e-06      0.0000000000  2.4734400964e-07  2.4738320684e-07    0.052541666667    0.022541666667
 2.4650749372e-07 -7.5232292152e-11  9.5307304092e-06      0.0000000000  2.4759366593e-07  2.4890781807e-07    0.052558333333    0.022558333333
 2.4669713563e-07 -7.9420607238e-11  9.5310704002e-06      0.0000000000  2.4784377697e-07  2.4869487467e-07    0.052575000000    0.022575000000
 2.4705404382e-07 -7.2023442973e-11  9.5314005284e-06      0.0000000000  2.4809388802e-07  2.4751590340e-07    0.052591666667    0.022591666667
 2.4708980978e-07 -8.6869774289e-11  9.5317304017e-06      0.0000000000  2.4834399906e-07  2.4848914782e-07    0.052608333333    0.022608333333
 2.4757738503e-07 -7.0422127448e-11  9.5320704031e-06      0.0000000000  2.4859411010e-07  2.4964168983e-07    0.052625000000    0.022625000000
 2.4782649111e-07 -7.0460237598e-11  9.5324005279e-06      0.0000000000  2.4884376640e-07  2.4909571578e-07    0.052641666667    0.022641666667
 2.4804093354e-07 -7.2930776836e-11  9.5327304012e-06      0.0000000000  2.4909387744e-07  2.4801837373e-07    0.052658333333    0.022658333333
 2.4876464082e-07 -4.0127755702e-11  9.5330704096e-06      0.0000000000  2.4934398848e-07  2.4897207528e-07    0.052675000000    0.022675000000
 2.4875370309e-07 -5.8208956097e-11  9.5334005203e-06      0.0000000000  2.4959409953e-07  2.4963219354e-07    0.052691666667    0.022691666667
 2.4916040497e-07 -4.7362897072e-11  9.5337304076e-06      0.0000000000  2.4984421057e-07  2.4859467618e-07    0.052708333333    0.022708333333
 2.4885486492e-07 -8.5849341007e-11  9.5340703986e-06      0.0000000000  2.5009432161e-07  2.4994425058e-07    0.052725000000    0.022725000000
 2.4923303341e-07 -7.6979609736e-11  9.5344005268e-06      0.0000000000  2.5034443266e-07  2.5076338460e-07    0.052741666667    0.022741666667
 2.4937520142e-07 -8.4487639795e-11  9.5347304036e-06      0.0000000000  2.5059499845e-07  2.4913477008e-07    0.052758333333    0.022758333333
 2.4949454467e-07 -9.3545099258e-11  9.5350704050e-06      0.0000000000  2.5084510949e-07  2.4982105031e-07    0.052775000000    0.022775000000
 2.4971062977e-07 -9.5901861593e-11  9.5354005297e-06      0.0000000000  2.5109522053e-07  2.5213934109e-07    0.052791666667    0.022791666667
 2.5004635701e-07 -8.9971767954e-11  9.5357303995e-06      0.0000000000  2.5134533158e-07  2.5267866459e-07    0.052808333333    0.022808333333
 2.5030398027e-07 -8.9451444044e-11  9.5360704080e-06      0.0000000000  2.5159544262e-07  2.5037359630e-07    0.052825000000    0.022825000000
 2.5063556059e-07 -8.3840079269e-11  9.5364005222e-06      0.0000000000  2.5184600841e-07  2.5346105550e-07    0.052841666667    0.022841666667
 2.5083049707e-07 -8.7661672964e-11  9.5367304060e-06      0.0000000000  2.5209611945e-07  2.5338338713e-07    0.052858333333    0.022858333333
 2.5139995886e-07 -6.5542262312e-11  9.5370704039e-06      0.0000000000  2.5234623050e-07  2.5217985757e-07    0.052875000000    0.022875000000
 2.5132273383e-07 -8.8246263736e-11  9.5374005252e-06      0.0000000000  2.5259679629e-07  2.5228326341e-07    0.052891666667    0.022891666667
 2.5175162956e-07 -7.5862976596e-11  9.5377304055e-06      0.0000000000  2.5284690733e-07  2.5424372941e-07    0.052908333333    0.022908333333
 2.5204195593e-07 -7.3077515182e-11  9.5380704034e-06      0.0000000000  2.5309701837e-07  2.5291710963e-07    0.052925000000    0.022925000000
 2.5242358884e-07 -6.3999323016e-11  9.5384005281e-06      0.0000000000  2.5334758416e-07  2.5374330298e-07    0.052941666667    0.022941666667
 2.5281953994e-07 -5.3897903101e-11  9.5387304014e-06      0.0000000000  2.5359769520e-07  2.5361643941e-07    0.052958333333    0.022958333333
 2.5316697243e-07 -4.7188557900e-11  9.5390704064e-06      0.0000000000  2.5384826100e-07  2.5505052139e-07    0.052975000000    0.022975000000
 2.5351705668e-07 -4.0264045245e-11  9.5394005241e-06      0.0000000000  2.5409837204e-07  2.5275436767e-07    0.052991666667    0.022991666667
 2.5367932620e-07 -4.6379770242e-11  9.5397304044e-06      0.0000000000  2.5434893783e-07  2.5421635681e-07    0.053008333333    0.023008333333
 2.5372444777e-07 -6.0609594643e-11  9.5400704058e-06      0.0000000000  2.5459950362e-07  2.5454012700e-07    0.053025000000    0.023025000000
 2.5385010036e-07 -6.9230045682e-11  9.5404005236e-06      0.0000000000  2.5484961466e-07  2.5561290957e-07    0.053041666667    0.023041666667
 2.5395328879e-07 -7.9437945391e-11  9.5407304074e-06      0.0000000000  2.5510018045e-07  2.5529247252e-07    0.053058333333    0.023058333333
 2.5390931352e-07 -9.9838945364e-11  9.5410703983e-06      0.0000000000  2.5535074624e-07  2.5469242933e-07    0.053075000000    0.023075000000
 2.5417931366e-07 -9.8461352833e-11  9.5414005265e-06      0.0000000000  2.5560085729e-07  2.5692902682e-07    0.053091666667    0.023091666667
 2.5438072415e-07 -1.0186603036e-10  9.5417304033e-06      0.0000000000  2.5585142308e-07  2.5615367953e-07    0.053108333333    0.023108333333
 2.5463056194e-07 -1.0191645448e-10  9.5420704048e-06      0.0000000000  2.5610198887e-07  2.5520535502e-07    0.053125000000    0.023125000000
 2.5496069384e-07 -9.6405412511e-11  9.5424005260e-06      0.0000000000  2.5635255466e-07  2.5642981102e-07    0.053141666667    0.023141666667
 2.5538542528e-07 -8.4342057147e-11  9.5427304028e-06      0.0000000000  2.5660312045e-07  2.5572269868e-07    0.053158333333    0.023158333333
 2.5555826952e-07 -8.9725338703e-11  9.5430704077e-06      0.0000000000  2.5685368624e-07  2.5575950469e-07    0.053175000000    0.023175000000
 2.5625671384e-07 -5.8703620022e-11  9.5434005220e-06      0.0000000000  2.5710425203e-07  2.5586154269e-07    0.053191666667    0.023191666667
 2.5628480734e-07 -7.4112871197e-11  9.5437304092e-06      0.0000000000  2.5735481782e-07  2.5736694122e-07    0.053208333333    0.023208333333
 2.5686553914e-07 -5.1244355790e-11  9.5440704002e-06      0.0000000000  2.5760538361e-07  2.5733702160e-07    0.053225000000    0.023225000000
 2.5701182850e-07 -5.8466925743e-11  9.5444005249e-06      0.0000000000  2.5785594940e-07  2.5732161371e-07    0.053241666667    0.023241666667
 2.5736624499e-07 -5.1273843641e-11  9.5447304052e-06      0.0000000000  2.5810651519e-07  2.5761937914e-07    0.053258333333    0.023258333333
 2.5771238991e-07 -4.4653680434e-11  9.5450704031e-06      0.0000000000  2.5835708098e-07  2.5934187177e-07    0.053275000000    0.023275000000
 2.5775189522e-07 -5.9272507844e-11  9.5454005314e-06      0.0000000000  2.5860764677e-07  2.5822630871e-07    0.053291666667    0.023291666667
 2.5795610582e-07 -6.2483239054e-11  9.5457303977e-06      0.0000000000  2.5885821256e-07  2.6008181236e-07    0.053308333333    0.023308333333
 2.5828268040e-07 -5.7218590329e-11  9.5460704096e-06      0.0000000000  2.5910877835e-07  2.5977201933e-07    0.053325000000    0.023325000000
 2.5836555917e-07 -6.8833211529e-11  9.5464005204e-06      0.0000000000  2.5935934414e-07  2.5919096873e-07    0.053341666667    0.023341666667
 2.5880907658e-07 -5.5500168411e-11  9.5467304076e-06      0.0000000000  2.5961036468e-07  2.5997788768e-07    0.053358333333    0.023358333333
 2.5886913361e-07 -6.8695507596e-11  9.5470704021e-06      0.0000000000  2.5986093047e-07  2.6114091649e-07    0.053375000000    0.023375000000
 2.5907516402e-07 -7.1780192208e-11  9.5474005233e-06      0.0000000000  2.6011149626e-07  2.5981920208e-07    0.053391666667    0.023391666667
 2.5933990876e-07 -7.0829603446e-11  9.5477304071e-06      0.0000000000  2.6036251680e-07  2.5902256673e-07    0.053408333333    0.023408333333
 2.5951507030e-07 -7.6052379622e-11  9.5480703981e-06      0.0000000000  2.6061308259e-07  2.5893103125e-07    0.053425000000    0.023425000000
 2.5971171792e-07 -7.9786950945e-11  9.5484005298e-06      0.0000000000  2.6086364838e-07  2.6147366413e-07    0.053441666667    0.023441666667
 2.6000696094e-07 -7.6723938895e-11  9.5487303996e-06      0.0000000000  2.6111466892e-07  2.6108724041e-07    0.053458333333    0.023458333333
 2.6004023706e-07 -9.1774222831e-11  9.5490704080e-06      0.0000000000  2.6136523471e-07  2.6078644056e-07    0.053475000000    0.023475000000
 2.6052410365e-07 -7.5646446626e-11  9.5494005223e-06      0.0000000000  2.6161625524e-07  2.6202690191e-07    0.053491666667    0.023491666667
 2.6086765686e-07 -6.9205794798e-11  9.5497304025e-06      0.0000000000  2.6186682103e-07  2.6205418017e-07    0.053508333333    0.023508333333
 2.6099305952e-07 -7.7906552062e-11  9.5500704040e-06      0.0000000000  2.6211784157e-07  2.6129757390e-07    0.053525000000    0.023525000000
 2.6144702339e-07 -6.3849948541e-11  9.5504005252e-06      0.0000000000  2.6236886211e-07  2.6279707656e-07    0.053541666667    0.023541666667
 2.6170434454e-07 -6.3382047438e-11  9.5507304090e-06      0.0000000000  2.6261942790e-07  2.6424373642e-07    0.053558333333    0.023558333333
 2.6191523916e-07 -6.6161316504e-11  9.5510703965e-06      0.0000000000  2.6287044844e-07  2.6380737853e-07    0.053575000000    0.023575000000
 2.6219794170e-07 -6.3935406796e-11  9.5514005282e-06      0.0000000000  2.6312101423e-07  2.6367020110e-07    0.053591666667    0.023591666667
 2.6240197951e-07 -6.7189603751e-11  9.5517304015e-06      0.0000000000  2.6337203476e-07  2.6478032423e-07    0.053608333333    0.023608333333
 2.6275990958e-07 -5.9784655590e-11  9.5520704064e-06      0.0000000000  2.6362305530e-07  2.6448821884e-07    0.053625000000    0.023625000000
 2.6297056319e-07 -6.2580617363e-11  9.5524005277e-06      0.0000000000  2.6387407584e-07  2.6382905964e-07    0.053641666667    0.023641666667
 2.6347396673e-07 -4.5099639967e-11  9.5527304009e-06      0.0000000000  2.6412509638e-07  2.6479970988e-07    0.053658333333    0.023658333333
 2.6352089074e-07 -5.9204620680e-11  9.5530704059e-06      0.0000000000  2.6437566217e-07  2.6549290794e-07    0.053675000000    0.023675000000
 2.6377392015e-07 -5.9065478871e-11  9.5534005236e-06      0.0000000000  2.6462668271e-07  2.6412441956e-07    0.053691666667    0.023691666667
 2.6379126695e-07 -7.5250583712e-11  9.5537304074e-06      0.0000000000  2.6487770324e-07  2.6345022981e-07    0.053708333333    0.023708333333
 2.6373873377e-07 -9.6275833513e-11  9.5540703983e-06      0.0000000000  2.6512872378e-07  2.6467658822e-07    0.053725000000    0.023725000000
 2.6394216132e-07 -9.9572298920e-11  9.5544005266e-06      0.0000000000  2.6537974432e-07  2.6495069153e-07    0.053741666667    0.023741666667
 2.6431193577e-07 -9.1346965250e-11  9.5547304034e-06      0.0000000000  2.6563076486e-07  2.6306147918e-07    0.053758333333    0.023758333333
 2.6485629928e-07 -7.1028949302e-11  9.5550704013e-06      0.0000000000  2.6588178539e-07  2.6645351159e-07    0.053775000000    0.023775000000
 2.6518126921e-07 -6.5906941733e-11  9.5554005260e-06      0.0000000000  2.6613280593e-07  2.6648352555e-07    0.053791666667    0.023791666667
 2.6580648873e-07 -3.9988540880e-11  9.5557303993e-06      0.0000000000  2.6638382647e-07  2.6634013779e-07    0.053808333333    0.023808333333
 2.6604957131e-07 -4.0538352641e-11  9.5560704077e-06      0.0000000000  2.6663484701e-07  2.6613584167e-07    0.053825000000    0.023825000000
 2.6643214186e-07 -3.1426713921e-11  9.5564005220e-06      0.0000000000  2.6688586755e-07  2.6642749112e-07    0.053841666667    0.023841666667
 2.6681899220e-07 -2.2018640844e-11  9.5567304023e-06      0.0000000000  2.6713688808e-07  2.6661718118e-07    0.053858333333    0.023858333333
 2.6693532209e-07 -3.1379309629e-11  9.5570704002e-06      0.0000000000  2.6738836337e-07  2.6739123924e-07    0.053875000000    0.023875000000
 2.6740631349e-07 -1.6143316347e-11  9.5574005250e-06      0.0000000000  2.6763938391e-07  2.6878272940e-07    0.053891666667    0.023891666667
 2.6738981443e-07 -3.4672710256e-11  9.5577304053e-06      0.0000000000  2.6789040444e-07  2.6974521974e-07    0.053908333333    0.023908333333
 2.6762774699e-07 -3.5579231484e-11  9.5580703997e-06      0.0000000000  2.6814142498e-07  2.6823578057e-07    0.053925000000    0.023925000000
 2.6742589801e-07 -6.6978142170e-11  9.5584005314e-06      0.0000000000  2.6839290027e-07  2.6734897759e-07    0.053941666667    0.023941666667
 2.6759652467e-07 -7.2546518398e-11  9.5587303977e-06      0.0000000000  2.6864392080e-07  2.6849081268e-07    0.053958333333    0.023958333333
 2.6752931386e-07 -9.4588394808e-11  9.5590704061e-06      0.0000000000  2.6889494134e-07  2.6832557086e-07    0.053975000000    0.023975000000
 2.6782168123e-07 -9.1756058515e-11  9.5594005239e-06      0.0000000000  2.6914641663e-07  2.6966509869e-07    0.053991666667    0.023991666667
 2.6821035031e-07 -8.2222012864e-11  9.5597304007e-06      0.0000000000  2.6939743716e-07  2.7025899444e-07    0.054008333333    0.024008333333
 2.6809209331e-07 -1.0783103385e-10  9.5600704056e-06      0.0000000000  2.6964891245e-07  2.7075168547e-07    0.054025000000    0.024025000000
 2.6863634460e-07 -8.7520790559e-11  9.5604005234e-06      0.0000000000  2.6989993299e-07  2.6898658529e-07    0.054041666667    0.024041666667
 2.6886480147e-07 -8.9115130852e-11  9.5607304071e-06      0.0000000000  2.7015140827e-07  2.7070414111e-07    0.054058333333    0.024058333333
 2.6912127438e-07 -8.8737479491e-11  9.5610703981e-06      0.0000000000  2.7040242881e-07  2.7168755788e-07    0.054075000000    0.024075000000
 2.6957458239e-07 -7.4757801155e-11  9.5614005298e-06      0.0000000000  2.7065390409e-07  2.7094738146e-07    0.054091666667    0.024091666667
 2.6975698984e-07 -7.9510196380e-11  9.5617303996e-06      0.0000000000  2.7090492463e-07  2.7014013353e-07    0.054108333333    0.024108333333
 2.7024953473e-07 -6.2812826800e-11  9.5620704011e-06      0.0000000000  2.7115639992e-07  2.7187312868e-07    0.054125000000    0.024125000000
 2.7034619834e-07 -7.3535653840e-11  9.5624005258e-06      0.0000000000  2.7140787520e-07  2.7242789152e-07    0.054141666667    0.024141666667
 2.7048611752e-07 -8.1230943811e-11  9.5627303991e-06      0.0000000000  2.7165889574e-07  2.7128552187e-07    0.054158333333    0.024158333333
 2.7068021393e-07 -8.5205216359e-11  9.5630704075e-06      0.0000000000  2.7191037103e-07  2.7139285830e-07    0.054175000000    0.024175000000
 2.7082944089e-07 -9.2287312046e-11  9.5634005218e-06      0.0000000000  2.7216184631e-07  2.7238685621e-07    0.054191666667    0.024191666667
 2.7136325034e-07 -7.2731806702e-11  9.5637304055e-06      0.0000000000  2.7241332160e-07  2.7032491822e-07    0.054208333333    0.024208333333
 2.7157028225e-07 -7.5778621748e-11  9.5640703965e-06      0.0000000000  2.7266434213e-07  2.7201044762e-07    0.054225000000    0.024225000000
 2.7173375239e-07 -8.1874182115e-11  9.5644005282e-06      0.0000000000  2.7291581742e-07  2.7234758180e-07    0.054241666667    0.024241666667
 2.7232104245e-07 -5.8614413195e-11  9.5647304015e-06      0.0000000000  2.7316729270e-07  2.7182739239e-07    0.054258333333    0.024258333333
 2.7252930161e-07 -6.1607720828e-11  9.5650704029e-06      0.0000000000  2.7341876799e-07  2.7267886727e-07    0.054275000000    0.024275000000
 2.7277121427e-07 -6.2270063949e-11  9.5654005277e-06      0.0000000000  2.7367024327e-07  2.7129704635e-07    0.054291666667    0.024291666667
 2.7300659154e-07 -6.3385071846e-11  9.5657303975e-06      0.0000000000  2.7392171856e-07  2.7430186892e-07    0.054308333333    0.024308333333
 2.7308815831e-07 -7.5153561924e-11  9.5660704059e-06      0.0000000000  2.7417319384e-07  2.7445322791e-07    0.054325000000    0.024325000000
 2.7349841481e-07 -6.4155789673e-11  9.5664005202e-06      0.0000000000  2.7442466913e-07  2.7400556566e-07    0.054341666667    0.024341666667
 2.7364501720e-07 -7.1419673017e-11  9.5667304039e-06      0.0000000000  2.7467614441e-07  2.7546563668e-07    0.054358333333    0.024358333333
 2.7404666281e-07 -6.1018322697e-11  9.5670704019e-06      0.0000000000  2.7492761970e-07  2.7545694223e-07    0.054375000000    0.024375000000
 2.7431945982e-07 -5.9541500886e-11  9.5674005266e-06      0.0000000000  2.7517909498e-07  2.7426734266e-07    0.054391666667    0.024391666667
 2.7482858097e-07 -4.1695998733e-11  9.5677304034e-06      0.0000000000  2.7543057027e-07  2.7497127908e-07    0.054408333333    0.024408333333
 2.7501211976e-07 -4.6401530317e-11  9.5680704013e-06      0.0000000000  2.7568204555e-07  2.7590891239e-07    0.054425000000    0.024425000000
 2.7529809790e-07 -4.4011735839e-11  9.5684005296e-06      0.0000000000  2.7593352084e-07  2.7557198260e-07    0.054441666667    0.024441666667
 2.7557123592e-07 -4.2542792104e-11  9.5687303994e-06      0.0000000000  2.7618545087e-07  2.7557467112e-07    0.054458333333    0.024458333333
 2.7552430786e-07 -6.3211308313e-11  9.5690704043e-06      0.0000000000  2.7643692616e-07  2.7608665347e-07    0.054475000000    0.024475000000
 2.7595872150e-07 -5.0540323450e-11  9.5694005221e-06      0.0000000000  2.7668840144e-07  2.7725433609e-07    0.054491666667    0.024491666667
 2.7593387373e-07 -6.9679476733e-11  9.5697304023e-06      0.0000000000  2.7693987673e-07  2.7504783116e-07    0.054508333333    0.024508333333
 2.7616550592e-07 -7.1085379977e-11  9.5700704038e-06      0.0000000000  2.7719180676e-07  2.7717302014e-07    0.054525000000    0.024525000000
 2.7617994501e-07 -8.7503381333e-11  9.5704005250e-06      0.0000000000  2.7744328204e-07  2.7846187485e-07    0.054541666667    0.024541666667
 2.7646357217e-07 -8.5276424033e-11  9.5707304018e-06      0.0000000000  2.7769475733e-07  2.7789701827e-07    0.054558333333    0.024558333333
 2.7660688022e-07 -9.2799982550e-11  9.5710703997e-06      0.0000000000  2.7794668736e-07  2.7834200772e-07    0.054575000000    0.024575000000
 2.7678366000e-07 -9.7973668706e-11  9.5714005280e-06      0.0000000000  2.7819816265e-07  2.7860004280e-07    0.054591666667    0.024591666667
 2.7711217779e-07 -9.2668918418e-11  9.5717304013e-06      0.0000000000  2.7845009268e-07  2.7943541800e-07    0.054608333333    0.024608333333
 2.7705185940e-07 -1.1426489775e-10  9.5720704027e-06      0.0000000000  2.7870156796e-07  2.7680184709e-07    0.054625000000    0.024625000000
 2.7765568330e-07 -8.9891430911e-11  9.5724005239e-06      0.0000000000  2.7895349800e-07  2.7937216701e-07    0.054641666667    0.024641666667
 2.7778479139e-07 -9.8367034572e-11  9.5727304007e-06      0.0000000000  2.7920497328e-07  2.7980226740e-07    0.054658333333    0.024658333333
 2.7818508938e-07 -8.8090522320e-11  9.5730704057e-06      0.0000000000  2.7945690331e-07  2.7852500006e-07    0.054675000000    0.024675000000
 2.7848019274e-07 -8.5068681230e-11  9.5734005234e-06      0.0000000000  2.7970837860e-07  2.7812164337e-07    0.054691666667    0.024691666667
 2.7855802940e-07 -9.7127030300e-11  9.5737304072e-06      0.0000000000  2.7996030863e-07  2.7971958361e-07    0.054708333333    0.024708333333
 2.7946097696e-07 -5.2035155845e-11  9.5740703981e-06      0.0000000000  2.8021223866e-07  2.7998519685e-07    0.054725000000    0.024725000000
 2.7944469252e-07 -7.0581181323e-11  9.5744005264e-06      0.0000000000  2.8046371395e-07  2.7959822285e-07    0.054741666667    0.024741666667
 2.7999537275e-07 -4.9888641582e-11  9.5747304032e-06      0.0000000000  2.8071564398e-07  2.7950038271e-07    0.054758333333    0.024758333333
 2.8035910492e-07 -4.2144812815e-11  9.5750704011e-06      0.0000000000  2.8096757401e-07  2.8144619549e-07    0.054775000000    0.024775000000
 2.8059660766e-07 -4.3112602875e-11  9.5754005293e-06      0.0000000000  2.8121904930e-07  2.8144503204e-07    0.054791666667    0.024791666667
 2.8091358593e-07 -3.8607122377e-11  9.5757303991e-06      0.0000000000  2.8147097933e-07  2.8241815068e-07    0.054808333333    0.024808333333
 2.8102702333e-07 -4.8199632817e-11  9.5760704040e-06      0.0000000000  2.8172290936e-07  2.8272599414e-07    0.054825000000    0.024825000000
 2.8107428235e-07 -6.2375901554e-11  9.5764005218e-06      0.0000000000  2.8197483940e-07  2.8293277438e-07    0.054841666667    0.024841666667
 2.8127913336e-07 -6.5636768055e-11  9.5767304056e-06      0.0000000000  2.8222676943e-07  2.8186393812e-07    0.054858333333    0.024858333333
 2.8156824907e-07 -6.3029653770e-11  9.5770704000e-06      0.0000000000  2.8247824471e-07  2.8364422608e-07    0.054875000000    0.024875000000
 2.8157256934e-07 -8.0180018921e-11  9.5774005248e-06      0.0000000000  2.8273017474e-07  2.8337211951e-07    0.054891666667    0.024891666667
 2.8172353737e-07 -8.7173019527e-11  9.5777304016e-06      0.0000000000  2.8298210478e-07  2.8249996975e-07    0.054908333333    0.024908333333
 2.8207645437e-07 -8.0178289895e-11  9.5780703995e-06      0.0000000000  2.8323403481e-07  2.8347986472e-07    0.054925000000    0.024925000000
 2.8236789253e-07 -7.7441810760e-11  9.5784005312e-06      0.0000000000  2.8348596484e-07  2.8386369425e-07    0.054941666667    0.024941666667
 2.8269885668e-07 -7.1967616535e-11  9.5787303975e-06      0.0000000000  2.8373789487e-07  2.8345425302e-07    0.054958333333    0.024958333333
 2.8308705166e-07 -6.2529403917e-11  9.5790704059e-06      0.0000000000  2.8398982491e-07  2.8348249035e-07    0.054975000000    0.024975000000
 2.8334187591e-07 -6.2328939406e-11  9.5794005202e-06      0.0000000000  2.8424175494e-07  2.8385803421e-07    0.054991666667    0.024991666667
 2.8366773813e-07 -5.7208123510e-11  9.5797304040e-06      0.0000000000  2.8449368497e-07  2.8397774412e-07    0.055008333333    0.025008333333
 2.8403481789e-07 -4.9232428962e-11  9.5800704019e-06      0.0000000000  2.8474561500e-07  2.8389502888e-07    0.055025000000    0.025025000000
 2.8392534107e-07 -7.4296297812e-11  9.5804005232e-06      0.0000000000  2.8499799978e-07  2.8465625752e-07    0.055041666667    0.025041666667
 2.8436283170e-07 -6.1443686230e-11  9.5807304034e-06      0.0000000000  2.8524992982e-07  2.8577383304e-07    0.055058333333    0.025058333333
 2.8447884398e-07 -7.0857851190e-11  9.5810703979e-06      0.0000000000  2.8550185985e-07  2.8634365788e-07    0.055075000000    0.025075000000
 2.8474255219e-07 -7.0042051281e-11  9.5814005296e-06      0.0000000000  2.8575378988e-07  2.8504309002e-07    0.055091666667    0.025091666667
 2.8520399076e-07 -5.5530717542e-11  9.5817303994e-06      0.0000000000  2.8600571991e-07  2.8752229897e-07    0.055108333333    0.025108333333
 2.8550792158e-07 -5.1960448697e-11  9.5820704043e-06      0.0000000000  2.8625810469e-07  2.8663923791e-07    0.055125000000    0.025125000000
 2.8573997272e-07 -5.3337334020e-11  9.5824005221e-06      0.0000000000  2.8651003473e-07  2.8647105602e-07    0.055141666667    0.025141666667
 2.8607908045e-07 -4.7299085431e-11  9.5827304024e-06      0.0000000000  2.8676196476e-07  2.8639922064e-07    0.055158333333    0.025158333333
 2.8624453373e-07 -5.3288783984e-11  9.5830704003e-06      0.0000000000  2.8701389479e-07  2.8759532925e-07    0.055175000000    0.025175000000
 2.8649963567e-07 -5.3100583549e-11  9.5834005251e-06      0.0000000000  2.8726627957e-07  2.8651033043e-07    0.055191666667    0.025191666667
 2.8672833816e-07 -5.4709408677e-11  9.5837304053e-06      0.0000000000  2.8751820960e-07  2.8691285383e-07    0.055208333333    0.025208333333
 2.8680514943e-07 -6.6870277183e-11  9.5840703963e-06      0.0000000000  2.8777059438e-07  2.8684419436e-07    0.055225000000    0.025225000000
 2.8720622040e-07 -5.6540226125e-11  9.5844005280e-06      0.0000000000  2.8802252441e-07  2.8775506825e-07    0.055241666667    0.025241666667
 2.8746772245e-07 -5.5877232964e-11  9.5847304013e-06      0.0000000000  2.8827445445e-07  2.8707894465e-07    0.055258333333    0.025258333333
 2.8767920885e-07 -5.8710005472e-11  9.5850704027e-06      0.0000000000  2.8852683923e-07  2.8758732658e-07    0.055275000000    0.025275000000
 2.8799214886e-07 -5.4484229611e-11  9.5854005240e-06      0.0000000000  2.8877876926e-07  2.8882789798e-07    0.055291666667    0.025291666667
 2.8820575912e-07 -5.7169895319e-11  9.5857304008e-06      0.0000000000  2.8903115404e-07  2.8881793002e-07    0.055308333333    0.025308333333
 2.8845381134e-07 -5.7469984342e-11  9.5860704022e-06      0.0000000000  2.8928353882e-07  2.8869133372e-07    0.055325000000    0.025325000000
 2.8863243024e-07 -6.2547783595e-11  9.5864005235e-06      0.0000000000  2.8953546885e-07  2.8938676435e-07    0.055341666667    0.025341666667
 2.8879676062e-07 -6.8646756395e-11  9.5867304037e-06      0.0000000000  2.8978785363e-07  2.8991909141e-07    0.055358333333    0.025358333333
 2.8900650462e-07 -7.1568716515e-11  9.5870703982e-06      0.0000000000  2.9003978366e-07  2.9101500154e-07    0.055375000000    0.025375000000
 2.8918324474e-07 -7.6808144416e-11  9.5874005264e-06      0.0000000000  2.9029216844e-07  2.9119423624e-07    0.055391666667    0.025391666667
 2.8960741380e-07 -6.4909731980e-11  9.5877303997e-06      0.0000000000  2.9054455322e-07  2.9222265036e-07    0.055408333333    0.025408333333
 2.8990805708e-07 -6.1535672841e-11  9.5880704011e-06      0.0000000000  2.9079648325e-07  2.9021022202e-07    0.055425000000    0.025425000000
 2.9021969757e-07 -5.7431403909e-11  9.5884005294e-06      0.0000000000  2.9104886803e-07  2.9053996670e-07    0.055441666667    0.025441666667
 2.9033025771e-07 -6.7254701144e-11  9.5887303992e-06      0.0000000000  2.9130125281e-07  2.9205726704e-07    0.055458333333    0.025458333333
 2.9062929581e-07 -6.4023320173e-11  9.5890704041e-06      0.0000000000  2.9155363759e-07  2.9212058092e-07    0.055475000000    0.025475000000
 2.9094862505e-07 -5.9355002496e-11  9.5894005218e-06      0.0000000000  2.9180556763e-07  2.9127256495e-07    0.055491666667    0.025491666667
 2.9131137914e-07 -5.1710417545e-11  9.5897304021e-06      0.0000000000  2.9205795241e-07  2.9133598888e-07    0.055508333333    0.025508333333
 2.9146698694e-07 -5.8413547921e-11  9.5900704001e-06      0.0000000000  2.9231033719e-07  2.9437917397e-07    0.055525000000    0.025525000000
 2.9178607899e-07 -5.3793156013e-11  9.5904005248e-06      0.0000000000  2.9256272197e-07  2.9265201180e-07    0.055541666667    0.025541666667
 2.9215802269e-07 -4.5512064426e-11  9.5907304016e-06      0.0000000000  2.9281510675e-07  2.9059013669e-07    0.055558333333    0.025558333333
 2.9235483146e-07 -4.9361463543e-11  9.5910703995e-06      0.0000000000  2.9306749153e-07  2.9336426534e-07    0.055575000000    0.025575000000
 2.9255814276e-07 -5.2760474161e-11  9.5914005313e-06      0.0000000000  2.9331987630e-07  2.9409849871e-07    0.055591666667    0.025591666667
 2.9277142698e-07 -5.5437225438e-11  9.5917303976e-06      0.0000000000  2.9357180634e-07  2.9361659321e-07    0.055608333333    0.025608333333
 2.9291905232e-07 -6.2693250862e-11  9.5920704025e-06      0.0000000000  2.9382419112e-07  2.9390516107e-07    0.055625000000    0.025625000000
 2.9308378614e-07 -6.8764279106e-11  9.5924005237e-06      0.0000000000  2.9407657590e-07  2.9593955353e-07    0.055641666667    0.025641666667
 2.9350502603e-07 -5.7068751541e-11  9.5927304005e-06      0.0000000000  2.9432896068e-07  2.9429400604e-07    0.055658333333    0.025658333333
 2.9360449793e-07 -6.7660061378e-11  9.5930704019e-06      0.0000000000  2.9458134546e-07  2.9302390808e-07    0.055675000000    0.025675000000
 2.9409953430e-07 -5.0884615251e-11  9.5934005232e-06      0.0000000000  2.9483418498e-07  2.9563101829e-07    0.055691666667    0.025691666667
 2.9427538790e-07 -5.6185447147e-11  9.5937304035e-06      0.0000000000  2.9508656976e-07  2.9613646014e-07    0.055708333333    0.025708333333
 2.9457107868e-07 -5.3185913450e-11  9.5940703979e-06      0.0000000000  2.9533895454e-07  2.9506875589e-07    0.055725000000    0.025725000000
 2.9460182939e-07 -6.8537106304e-11  9.5944005297e-06      0.0000000000  2.9559133932e-07  2.9531534510e-07    0.055741666667    0.025741666667
 2.9481714565e-07 -7.1104609110e-11  9.5947303960e-06      0.0000000000  2.9584372410e-07  2.9542931636e-07    0.055758333333    0.025758333333
 2.9517000234e-07 -6.4145554058e-11  9.5950704044e-06      0.0000000000  2.9609610888e-07  2.9597646959e-07    0.055775000000    0.025775000000
 2.9532464533e-07 -7.0915510783e-11  9.5954005256e-06      0.0000000000  2.9634849366e-07  2.9594131443e-07    0.055791666667    0.025791666667
 2.9569308468e-07 -6.2908640341e-11  9.5957303989e-06      0.0000000000  2.9660133319e-07  2.9795185609e-07    0.055808333333    0.025808333333
 2.9591615897e-07 -6.4938793414e-11  9.5960704038e-06      0.0000000000  2.9685371797e-07  2.9840217541e-07    0.055825000000    0.025825000000
 2.9600769703e-07 -7.6079630147e-11  9.5964005216e-06      0.0000000000  2.9710610275e-07  2.9719168085e-07    0.055841666667    0.025841666667
 2.9624617275e-07 -7.7043022969e-11  9.5967304054e-06      0.0000000000  2.9735848753e-07  2.9911975882e-07    0.055858333333    0.025858333333
 2.9632086397e-07 -8.9382231337e-11  9.5970703963e-06      0.0000000000  2.9761132706e-07  2.9790962588e-07    0.055875000000    0.025875000000
 2.9664998247e-07 -8.4067370974e-11  9.5974005281e-06      0.0000000000  2.9786371183e-07  2.9760848014e-07    0.055891666667    0.025891666667
 2.9686949943e-07 -8.6343917295e-11  9.5977303979e-06      0.0000000000  2.9811609661e-07  2.9634061475e-07    0.055908333333    0.025908333333
 2.9735259336e-07 -7.0395648500e-11  9.5980704028e-06      0.0000000000  2.9836893614e-07  2.9766673141e-07    0.055925000000    0.025925000000
 2.9795191524e-07 -4.6365505436e-11  9.5984005275e-06      0.0000000000  2.9862132092e-07  3.0027168766e-07    0.055941666667    0.025941666667
 2.9847752516e-07 -2.7440925085e-11  9.5987304008e-06      0.0000000000  2.9887370570e-07  2.9793078815e-07    0.055958333333    0.025958333333
 2.9868843639e-07 -3.0345033867e-11  9.5990704057e-06      0.0000000000  2.9912654523e-07  2.9793421562e-07    0.055975000000    0.025975000000
 2.9915890914e-07 -1.5239456325e-11  9.5994005200e-06      0.0000000000  2.9937893001e-07  2.9899704594e-07    0.055991666667    0.025991666667
 2.9893547331e-07 -4.8228043708e-11  9.5997304038e-06      0.0000000000  2.9963176954e-07  2.9847863316e-07    0.056008333333    0.026008333333
 2.9921571377e-07 -4.6298656920e-11  9.6000703982e-06      0.0000000000  2.9988415431e-07  2.9776968131e-07    0.056025000000    0.026025000000
 2.9930889751e-07 -5.7357005331e-11  9.6004005264e-06      0.0000000000  3.0013699384e-07  3.0149208730e-07    0.056041666667    0.026041666667
 2.9913674940e-07 -8.6761718419e-11  9.6007303997e-06      0.0000000000  3.0038937862e-07  3.0069832914e-07    0.056058333333    0.026058333333
 2.9935255308e-07 -8.9326957834e-11  9.6010704012e-06      0.0000000000  3.0064221815e-07  3.0039059573e-07    0.056075000000    0.026075000000
 2.9965706397e-07 -8.5716511751e-11  9.6014005294e-06      0.0000000000  3.0089460293e-07  3.0007361760e-07    0.056091666667    0.026091666667
 2.9980585164e-07 -9.2923526799e-11  9.6017303957e-06      0.0000000000  3.0114744246e-07  3.0242747232e-07    0.056108333333    0.026108333333
 3.0003639352e-07 -9.4436446518e-11  9.6020704041e-06      0.0000000000  3.0139982724e-07  3.0167996928e-07    0.056125000000    0.026125000000
 3.0029159626e-07 -9.4272761348e-11  9.6024005219e-06      0.0000000000  3.0165266676e-07  3.0082297586e-07    0.056141666667    0.026141666667
 3.0060705412e-07 -8.9935584662e-11  9.6027304022e-06      0.0000000000  3.0190550629e-07  3.0401577476e-07    0.056158333333    0.026158333333
 3.0072841368e-07 -9.9010874635e-11  9.6030704001e-06      0.0000000000  3.0215789107e-07  3.0399109068e-07    0.056175000000    0.026175000000
 3.0120301081e-07 -8.3651125568e-11  9.6034005248e-06      0.0000000000  3.0241073060e-07  3.0124156750e-07    0.056191666667    0.026191666667
 3.0167400145e-07 -6.8541174914e-11  9.6037304051e-06      0.0000000000  3.0266357012e-07  3.0112930998e-07    0.056208333333    0.026208333333
 3.0177624576e-07 -7.8971955244e-11  9.6040703961e-06      0.0000000000  3.0291640965e-07  3.0109586855e-07    0.056225000000    0.026225000000
 3.0216750357e-07 -6.9353096742e-11  9.6044005278e-06      0.0000000000  3.0316879443e-07  3.0184156352e-07    0.056241666667    0.026241666667
 3.0235623671e-07 -7.3793341766e-11  9.6047303976e-06      0.0000000000  3.0342163396e-07  3.0261829438e-07    0.056258333333    0.026258333333
 3.0262869169e-07 -7.2434703013e-11  9.6050704025e-06      0.0000000000  3.0367447348e-07  3.0447217862e-07    0.056275000000    0.026275000000
 3.0281726505e-07 -7.6886014821e-11  9.6054005238e-06      0.0000000000  3.0392731301e-07  3.0552317003e-07    0.056291666667    0.026291666667
 3.0310954306e-07 -7.4122862448e-11  9.6057304006e-06      0.0000000000  3.0417969779e-07  3.0331223139e-07    0.056308333333    0.026308333333
 3.0357847450e-07 -5.9155540061e-11  9.6060704020e-06      0.0000000000  3.0443253732e-07  3.0491633479e-07    0.056325000000    0.026325000000
 3.0382060888e-07 -5.9897017888e-11  9.6064005232e-06      0.0000000000  3.0468537685e-07  3.0533076000e-07    0.056341666667    0.026341666667
 3.0423333922e-07 -4.8822390507e-11  9.6067304070e-06      0.0000000000  3.0493821637e-07  3.0563132402e-07    0.056358333333    0.026358333333
 3.0447154596e-07 -4.9835911352e-11  9.6070703945e-06      0.0000000000  3.0519105590e-07  3.0539908930e-07    0.056375000000    0.026375000000
 3.0471004313e-07 -5.0829315818e-11  9.6074005262e-06      0.0000000000  3.0544389543e-07  3.0497181893e-07    0.056391666667    0.026391666667
 3.0487405563e-07 -5.6981803299e-11  9.6077303995e-06      0.0000000000  3.0569673495e-07  3.0691621670e-07    0.056408333333    0.026408333333
 3.0501029061e-07 -6.5058264131e-11  9.6080704009e-06      0.0000000000  3.0594957448e-07  3.0471763583e-07    0.056425000000    0.026425000000
 3.0508100717e-07 -7.7672772631e-11  9.6084005257e-06      0.0000000000  3.0620241401e-07  3.0435889915e-07    0.056441666667    0.026441666667
 3.0551219743e-07 -6.5319543065e-11  9.6087303955e-06      0.0000000000  3.0645525354e-07  3.0763740053e-07    0.056458333333    0.026458333333
 3.0533865362e-07 -9.4852425359e-11  9.6090704039e-06      0.0000000000  3.0670809306e-07  3.0580106242e-07    0.056475000000    0.026475000000
 3.0585470902e-07 -7.6621123440e-11  9.6094005216e-06      0.0000000000  3.0696093259e-07  3.0594374268e-07    0.056491666667    0.026491666667
 3.0578854429e-07 -9.8716534686e-11  9.6097304054e-06      0.0000000000  3.0721377212e-07  3.0795923687e-07    0.056508333333    0.026508333333
 3.0590932894e-07 -1.0786314243e-10  9.6100703964e-06      0.0000000000  3.0746661164e-07  3.0724863418e-07    0.056525000000    0.026525000000
 3.0658709741e-07 -7.8430996673e-11  9.6104005246e-06      0.0000000000  3.0771945117e-07  3.0727605394e-07    0.056541666667    0.026541666667
 3.0648230712e-07 -1.0320175668e-10  9.6107304014e-06      0.0000000000  3.0797229070e-07  3.0585379516e-07    0.056558333333    0.026558333333
 3.0731638054e-07 -6.2943353674e-11  9.6110703958e-06      0.0000000000  3.0822513022e-07  3.0784660201e-07    0.056575000000    0.026575000000
 3.0763713431e-07 -5.8239363066e-11  9.6114005310e-06      0.0000000000  3.0847796975e-07  3.0856371376e-07    0.056591666667    0.026591666667
 3.0763648854e-07 -7.5796689632e-11  9.6117303939e-06      0.0000000000  3.0873080928e-07  3.0946207266e-07    0.056608333333    0.026608333333
 3.0835906233e-07 -4.3261162257e-11  9.6120704058e-06      0.0000000000  3.0898364881e-07  3.1005320128e-07    0.056625000000    0.026625000000
 3.0851836059e-07 -4.9740175384e-11  9.6124005200e-06      0.0000000000  3.0923648833e-07  3.0999906926e-07    0.056641666667    0.026641666667
 3.0857018580e-07 -6.3694665938e-11  9.6127304003e-06      0.0000000000  3.0948978261e-07  3.0968026732e-07    0.056658333333    0.026658333333
 3.0896675803e-07 -5.3739208728e-11  9.6130703982e-06      0.0000000000  3.0974262213e-07  3.0929676796e-07    0.056675000000    0.026675000000
 3.0885968356e-07 -7.8668179336e-11  9.6134005265e-06      0.0000000000  3.0999546166e-07  3.0974848657e-07    0.056691666667    0.026691666667
 3.0921193248e-07 -7.1782718330e-11  9.6137304033e-06      0.0000000000  3.1024830119e-07  3.1052362948e-07    0.056708333333    0.026708333333
 3.0925932792e-07 -8.6012533141e-11  9.6140703942e-06      0.0000000000  3.1050114072e-07  3.0943841054e-07    0.056725000000    0.026725000000
 3.0931154055e-07 -9.9940189520e-11  9.6144005294e-06      0.0000000000  3.1075443499e-07  3.0989624514e-07    0.056741666667    0.026741666667
 3.0970220582e-07 -9.0393870203e-11  9.6147303958e-06      0.0000000000  3.1100727452e-07  3.1204237628e-07    0.056758333333    0.026758333333
 3.0968805777e-07 -1.0888641404e-10  9.6150704007e-06      0.0000000000  3.1126011404e-07  3.1065465947e-07    0.056775000000    0.026775000000
 3.1017461692e-07 -9.2729628834e-11  9.6154005219e-06      0.0000000000  3.1151340832e-07  3.1099121193e-07    0.056791666667    0.026791666667
 3.1020586975e-07 -1.0807754045e-10  9.6157303987e-06      0.0000000000  3.1176624785e-07  3.1223851249e-07    0.056808333333    0.026808333333
 3.1057772161e-07 -9.9834307188e-11  9.6160704001e-06      0.0000000000  3.1201908737e-07  3.1108298324e-07    0.056825000000    0.026825000000
 3.1081936124e-07 -1.0064155089e-10  9.6164005249e-06      0.0000000000  3.1227238165e-07  3.1192015079e-07    0.056841666667    0.026841666667
 3.1124025120e-07 -8.9001758760e-11  9.6167304052e-06      0.0000000000  3.1252522117e-07  3.1282591491e-07    0.056858333333    0.026858333333
 3.1179853677e-07 -6.7845439208e-11  9.6170703926e-06      0.0000000000  3.1277806070e-07  3.1525831846e-07    0.056875000000    0.026875000000
 3.1212129051e-07 -6.3034420887e-11  9.6174005278e-06      0.0000000000  3.1303135498e-07  3.1180981139e-07    0.056891666667    0.026891666667
 3.1251076493e-07 -5.3570584273e-11  9.6177303976e-06      0.0000000000  3.1328419450e-07  3.1293317273e-07    0.056908333333    0.026908333333
 3.1255269274e-07 -6.8210604726e-11  9.6180703991e-06      0.0000000000  3.1353748878e-07  3.1456710141e-07    0.056925000000    0.026925000000
 3.1302704833e-07 -5.2867585380e-11  9.6184005273e-06      0.0000000000  3.1379032831e-07  3.1386918664e-07    0.056941666667    0.026941666667
 3.1303599891e-07 -6.9791730829e-11  9.6187303971e-06      0.0000000000  3.1404362258e-07  3.1358929751e-07    0.056958333333    0.026958333333
 3.1355617379e-07 -5.1275098349e-11  9.6190704020e-06      0.0000000000  3.1429646211e-07  3.1379504008e-07    0.056975000000    0.026975000000
 3.1383896168e-07 -4.9200764383e-11  9.6194005233e-06      0.0000000000  3.1454930163e-07  3.1358511537e-07    0.056991666667    0.026991666667
 3.1427303683e-07 -3.6679214147e-11  9.6197304001e-06      0.0000000000  3.1480259591e-07  3.1439917107e-07    0.057008333333    0.027008333333
 3.1450403354e-07 -3.8192128246e-11  9.6200703980e-06      0.0000000000  3.1505543544e-07  3.1475265649e-07    0.057025000000    0.027025000000
 3.1462314915e-07 -4.7485837167e-11  9.6204005262e-06      0.0000000000  3.1530872971e-07  3.1672077927e-07    0.057041666667    0.027041666667
 3.1476402284e-07 -5.5272501794e-11  9.6207303995e-06      0.0000000000  3.1556202398e-07  3.1652552350e-07    0.057058333333    0.027058333333
 3.1495098613e-07 -5.9835332733e-11  9.6210703975e-06      0.0000000000  3.1581486351e-07  3.1503754533e-07    0.057075000000    0.027075000000
 3.1481472107e-07 -8.6817648811e-11  9.6214005292e-06      0.0000000000  3.1606815779e-07  3.1782700326e-07    0.057091666667    0.027091666667
 3.1504262723e-07 -8.8544625604e-11  9.6217303955e-06      0.0000000000  3.1632099731e-07  3.1637963589e-07    0.057108333333    0.027108333333
 3.1512704332e-07 -1.0024175131e-10  9.6220704004e-06      0.0000000000  3.1657429159e-07  3.1618777615e-07    0.057125000000    0.027125000000
 3.1514209048e-07 -1.1671212722e-10  9.6224005217e-06      0.0000000000  3.1682713111e-07  3.1573788133e-07    0.057141666667    0.027141666667
 3.1537833749e-07 -1.1789288413e-10  9.6227303985e-06      0.0000000000  3.1708042539e-07  3.1729412592e-07    0.057158333333    0.027158333333
 3.1551708730e-07 -1.2582665556e-10  9.6230703999e-06      0.0000000000  3.1733371966e-07  3.1597862184e-07    0.057175000000    0.027175000000
 3.1607976703e-07 -1.0436598094e-10  9.6234005246e-06      0.0000000000  3.1758655919e-07  3.1512298054e-07    0.057191666667    0.027191666667
 3.1619352208e-07 -1.1403098232e-10  9.6237304014e-06      0.0000000000  3.1783985346e-07  3.1718072067e-07    0.057208333333    0.027208333333
 3.1659389699e-07 -1.0384363520e-10  9.6240703959e-06      0.0000000000  3.1809314774e-07  3.1977842891e-07    0.057225000000    0.027225000000
 3.1699993324e-07 -9.3232665353e-11  9.6244005311e-06      0.0000000000  3.1834598727e-07  3.1849605180e-07    0.057241666667    0.027241666667
 3.1745367546e-07 -7.9348901344e-11  9.6247303939e-06      0.0000000000  3.1859928154e-07  3.1676660990e-07    0.057258333333    0.027258333333
 3.1791713900e-07 -6.4791803106e-11  9.6250704023e-06      0.0000000000  3.1885257582e-07  3.1797301665e-07    0.057275000000    0.027275000000
 3.1827358943e-07 -5.7615330096e-11  9.6254005236e-06      0.0000000000  3.1910541534e-07  3.1892200149e-07    0.057291666667    0.027291666667
 3.1882352577e-07 -3.7068806930e-11  9.6257303969e-06      0.0000000000  3.1935870962e-07  3.1941785272e-07    0.057308333333    0.027308333333
 3.1896897074e-07 -4.4538846796e-11  9.6260704018e-06      0.0000000000  3.1961200389e-07  3.2031127481e-07    0.057325000000    0.027325000000
 3.1938737140e-07 -3.3102970278e-11  9.6264005230e-06      0.0000000000  3.1986529817e-07  3.2284805898e-07    0.057341666667    0.027341666667
 3.1947467970e-07 -4.4568272836e-11  9.6267304033e-06      0.0000000000  3.2011813769e-07  3.2144564179e-07    0.057358333333    0.027358333333
 3.1937008721e-07 -6.9356830316e-11  9.6270703943e-06      0.0000000000  3.2037143197e-07  3.2132608910e-07    0.057375000000    0.027375000000
 3.1965117346e-07 -6.7431855302e-11  9.6274005295e-06      0.0000000000  3.2062472624e-07  3.2155882693e-07    0.057391666667    0.027391666667
 3.1969599758e-07 -8.1871267162e-11  9.6277303958e-06      0.0000000000  3.2087802052e-07  3.2156260029e-07    0.057408333333    0.027408333333
 3.2020787212e-07 -6.3961044410e-11  9.6280704007e-06      0.0000000000  3.2113131479e-07  3.2140078595e-07    0.057425000000    0.027425000000
 3.2038009393e-07 -6.9544924970e-11  9.6284005255e-06      0.0000000000  3.2138415432e-07  3.2224262303e-07    0.057441666667    0.027441666667
 3.2053796281e-07 -7.6154439101e-11  9.6287303987e-06      0.0000000000  3.2163744859e-07  3.2191864845e-07    0.057458333333    0.027458333333
 3.2106966527e-07 -5.6870861767e-11  9.6290704002e-06      0.0000000000  3.2189074287e-07  3.2005806649e-07    0.057475000000    0.027475000000
 3.2113190434e-07 -7.0104049690e-11  9.6294005214e-06      0.0000000000  3.2214403714e-07  3.1987697655e-07    0.057491666667    0.027491666667
 3.2151505801e-07 -6.1109509423e-11  9.6297304017e-06      0.0000000000  3.2239733142e-07  3.2186079023e-07    0.057508333333    0.027508333333
 3.2172050134e-07 -6.4423842353e-11  9.6300703927e-06      0.0000000000  3.2265062569e-07  3.2113962212e-07    0.057525000000    0.027525000000
 3.2202525784e-07 -6.0827881106e-11  9.6304005279e-06      0.0000000000  3.2290346522e-07  3.2216419999e-07    0.057541666667    0.027541666667
 3.2208715785e-07 -7.4084553559e-11  9.6307303977e-06      0.0000000000  3.2315675949e-07  3.2381630369e-07    0.057558333333    0.027558333333
 3.2243268416e-07 -6.7696222417e-11  9.6310703991e-06      0.0000000000  3.2341005377e-07  3.2475373262e-07    0.057575000000    0.027575000000
 3.2255271703e-07 -7.6926399115e-11  9.6314005273e-06      0.0000000000  3.2366334804e-07  3.2303317383e-07    0.057591666667    0.027591666667
 3.2306863063e-07 -5.8736416207e-11  9.6317303937e-06      0.0000000000  3.2391664231e-07  3.2373630842e-07    0.057608333333    0.027608333333
 3.2335879321e-07 -5.6182781239e-11  9.6320704021e-06      0.0000000000  3.2416993659e-07  3.2481438941e-07    0.057625000000    0.027625000000
 3.2342381663e-07 -6.9223114720e-11  9.6324005198e-06      0.0000000000  3.2442323086e-07  3.2476712805e-07    0.057641666667    0.027641666667
 3.2368341601e-07 -6.8786400078e-11  9.6327304001e-06      0.0000000000  3.2467652514e-07  3.2345574322e-07    0.057658333333    0.027658333333
 3.2382705855e-07 -7.6381283630e-11  9.6330703980e-06      0.0000000000  3.2492981941e-07  3.2553109237e-07    0.057675000000    0.027675000000
 3.2394361505e-07 -8.5852246159e-11  9.6334005263e-06      0.0000000000  3.2518311369e-07  3.2587520728e-07    0.057691666667    0.027691666667
 3.2416919169e-07 -8.7772071774e-11  9.6337303996e-06      0.0000000000  3.2543640796e-07  3.2408276595e-07    0.057708333333    0.027708333333
 3.2431849911e-07 -9.4974584165e-11  9.6340703975e-06      0.0000000000  3.2568970224e-07  3.2590297293e-07    0.057725000000    0.027725000000
 3.2494275901e-07 -6.9280137302e-11  9.6344005292e-06      0.0000000000  3.2594299651e-07  3.2731773216e-07    0.057741666667    0.027741666667
 3.2527941687e-07 -6.3506068190e-11  9.6347303955e-06      0.0000000000  3.2619629078e-07  3.2711378194e-07    0.057758333333    0.027758333333
 3.2564528597e-07 -5.5708720772e-11  9.6350704005e-06      0.0000000000  3.2644958506e-07  3.2662487999e-07    0.057775000000    0.027775000000
 3.2579415948e-07 -6.2941287440e-11  9.6354005217e-06      0.0000000000  3.2670287933e-07  3.2757932049e-07    0.057791666667    0.027791666667
 3.2611694421e-07 -5.8128122384e-11  9.6357303985e-06      0.0000000000  3.2695617361e-07  3.2775654273e-07    0.057808333333    0.027808333333
 3.2637723640e-07 -5.7643420834e-11  9.6360703999e-06      0.0000000000  3.2720946788e-07  3.2683155018e-07    0.057825000000    0.027825000000
 3.2659603853e-07 -6.0032474389e-11  9.6364005247e-06      0.0000000000  3.2746276216e-07  3.2657409683e-07    0.057841666667    0.027841666667
 3.2694108123e-07 -5.3677639700e-11  9.6367304015e-06      0.0000000000  3.2771605643e-07  3.2778913514e-07    0.057858333333    0.027858333333
 3.2695545623e-07 -7.0226069684e-11  9.6370703959e-06      0.0000000000  3.2796935071e-07  3.2760975894e-07    0.057875000000    0.027875000000
 3.2746412854e-07 -5.2537645270e-11  9.6374005276e-06      0.0000000000  3.2822264498e-07  3.2902936065e-07    0.057891666667    0.027891666667
 3.2765552133e-07 -5.6825170458e-11  9.6377303974e-06      0.0000000000  3.2847593925e-07  3.2917490237e-07    0.057908333333    0.027908333333
 3.2782002152e-07 -6.2975376041e-11  9.6380703989e-06      0.0000000000  3.2872923353e-07  3.2924524413e-07    0.057925000000    0.027925000000
 3.2814726560e-07 -5.7853340375e-11  9.6384005236e-06      0.0000000000  3.2898252780e-07  3.2840895703e-07    0.057941666667    0.027941666667
 3.2843897278e-07 -5.5192720326e-11  9.6387303969e-06      0.0000000000  3.2923582208e-07  3.2988721880e-07    0.057958333333    0.027958333333
 3.2850639367e-07 -6.8066996529e-11  9.6390703983e-06      0.0000000000  3.2948911635e-07  3.3026521535e-07    0.057975000000    0.027975000000
 3.2872670860e-07 -7.0351267257e-11  9.6394005231e-06      0.0000000000  3.2974241063e-07  3.2881258100e-07    0.057991666667    0.027991666667
 3.2902363021e-07 -6.7329477715e-11  9.6397304033e-06      0.0000000000  3.2999570490e-07  3.3025114385e-07    0.058008333333    0.028008333333
 3.2923808627e-07 -7.0019555198e-11  9.6400703943e-06      0.0000000000  3.3024899918e-07  3.3060819824e-07    0.058025000000    0.028025000000
 3.2934299512e-07 -8.0328774729e-11  9.6404005260e-06      0.0000000000  3.3050274820e-07  3.3086242851e-07    0.058041666667    0.028041666667
 3.2961312004e-07 -7.9163021811e-11  9.6407303993e-06      0.0000000000  3.3075604247e-07  3.3110238290e-07    0.058058333333    0.028058333333
 3.2994422603e-07 -7.3773495684e-11  9.6410703973e-06      0.0000000000  3.3100933675e-07  3.3041831952e-07    0.058075000000    0.028075000000
 3.3000397064e-07 -8.7179458683e-11  9.6414005290e-06      0.0000000000  3.3126263102e-07  3.3169756788e-07    0.058091666667    0.028091666667
 3.3066978420e-07 -5.8606852208e-11  9.6417303953e-06      0.0000000000  3.3151592530e-07  3.3267277759e-07    0.058108333333    0.028108333333
 3.3068982409e-07 -7.4762911031e-11  9.6420704002e-06      0.0000000000  3.3176921957e-07  3.3279943678e-07    0.058125000000    0.028125000000
 3.3105208884e-07 -6.7215213974e-11  9.6424005215e-06      0.0000000000  3.3202251384e-07  3.3139852893e-07    0.058141666667    0.028141666667
 3.3123821885e-07 -7.1867258299e-11  9.6427304017e-06      0.0000000000  3.3227580812e-07  3.3191129740e-07    0.058158333333    0.028158333333
 3.3164709137e-07 -6.1091335935e-11  9.6430703962e-06      0.0000000000  3.3252910239e-07  3.3157358149e-07    0.058175000000    0.028175000000
 3.3186180989e-07 -6.3794732354e-11  9.6434005279e-06      0.0000000000  3.3278285141e-07  3.3232727912e-07    0.058191666667    0.028191666667
 3.3231078817e-07 -5.0240936169e-11  9.6437303977e-06      0.0000000000  3.3303614569e-07  3.3332255054e-07    0.058208333333    0.028208333333
 3.3247116835e-07 -5.6676509325e-11  9.6440703957e-06      0.0000000000  3.3328943996e-07  3.3301837039e-07    0.058225000000    0.028225000000
 3.3273756068e-07 -5.5769289806e-11  9.6444005309e-06      0.0000000000  3.3354273424e-07  3.3390240624e-07    0.058241666667    0.028241666667
 3.3288669043e-07 -6.2984108905e-11  9.6447303937e-06      0.0000000000  3.3379602851e-07  3.3417014201e-07    0.058258333333    0.028258333333
 3.3319256091e-07 -5.9342486929e-11  9.6450704021e-06      0.0000000000  3.3404932279e-07  3.3464325872e-07    0.058275000000    0.028275000000
 3.3332128890e-07 -6.8001904353e-11  9.6454005199e-06      0.0000000000  3.3430307181e-07  3.3302044574e-07    0.058291666667    0.028291666667
 3.3391754390e-07 -4.4247179727e-11  9.6457304001e-06      0.0000000000  3.3455636608e-07  3.3485684674e-07    0.058308333333    0.028308333333
 3.3404856855e-07 -5.2716024608e-11  9.6460703946e-06      0.0000000000  3.3480966036e-07  3.3507839026e-07    0.058325000000    0.028325000000
 3.3462522222e-07 -3.0318961198e-11  9.6464005263e-06      0.0000000000  3.3506295463e-07  3.3504579785e-07    0.058341666667    0.028341666667
 3.3481944745e-07 -3.4410300805e-11  9.6467303996e-06      0.0000000000  3.3531624891e-07  3.3507228999e-07    0.058358333333    0.028358333333
 3.3508772237e-07 -3.3372685701e-11  9.6470703940e-06      0.0000000000  3.3556954318e-07  3.3608174297e-07    0.058375000000    0.028375000000
 3.3530224772e-07 -3.6089462195e-11  9.6474005293e-06      0.0000000000  3.3582329220e-07  3.3654240759e-07    0.058391666667    0.028391666667
 3.3553717509e-07 -3.7361621857e-11  9.6477303956e-06      0.0000000000  3.3607658648e-07  3.3517517700e-07    0.058408333333    0.028408333333
 3.3540992196e-07 -6.3719738007e-11  9.6480704005e-06      0.0000000000  3.3632988075e-07  3.3678953136e-07    0.058425000000    0.028425000000
 3.3537854206e-07 -8.3437321099e-11  9.6484005252e-06      0.0000000000  3.3658317503e-07  3.3770086120e-07    0.058441666667    0.028441666667
 3.3569179918e-07 -7.9284073185e-11  9.6487303985e-06      0.0000000000  3.3683646930e-07  3.3655555147e-07    0.058458333333    0.028458333333
 3.3573218185e-07 -9.4031115732e-11  9.6490703965e-06      0.0000000000  3.3708976358e-07  3.3611777857e-07    0.058475000000    0.028475000000
 3.3606404913e-07 -8.8620357228e-11  9.6494005247e-06      0.0000000000  3.3734351260e-07  3.3671620236e-07    0.058491666667    0.028491666667
 3.3621382280e-07 -9.5790576077e-11  9.6497304015e-06      0.0000000000  3.3759680687e-07  3.3676308638e-07    0.058508333333    0.028508333333
 3.3648312746e-07 -9.4681637585e-11  9.6500703959e-06      0.0000000000  3.3785010115e-07  3.3843017348e-07    0.058525000000    0.028525000000
 3.3696004625e-07 -7.9192579187e-11  9.6504005277e-06      0.0000000000  3.3810339542e-07  3.3805593457e-07    0.058541666667    0.028541666667
 3.3695272570e-07 -9.7243722985e-11  9.6507303940e-06      0.0000000000  3.3835668969e-07  3.3789204488e-07    0.058558333333    0.028558333333
 3.3758376473e-07 -7.1111225724e-11  9.6510703989e-06      0.0000000000  3.3861043872e-07  3.3865361940e-07    0.058575000000    0.028575000000
 3.3786525337e-07 -6.9158380180e-11  9.6514005271e-06      0.0000000000  3.3886373299e-07  3.3939547812e-07    0.058591666667    0.028591666667
 3.3833121083e-07 -5.4428543878e-11  9.6517303969e-06      0.0000000000  3.3911702727e-07  3.3993892087e-07    0.058608333333    0.028608333333
 3.3871819542e-07 -4.5168659884e-11  9.6520703984e-06      0.0000000000  3.3937032154e-07  3.3932707021e-07    0.058625000000    0.028625000000
 3.3879900716e-07 -5.7115435952e-11  9.6524005231e-06      0.0000000000  3.3962361581e-07  3.3973923140e-07    0.058641666667    0.028641666667
 3.3946435394e-07 -2.8575160032e-11  9.6527303999e-06      0.0000000000  3.3987691009e-07  3.4025110369e-07    0.058658333333    0.028658333333
 3.3927137727e-07 -5.9517028858e-11  9.6530703943e-06      0.0000000000  3.4013065911e-07  3.4013678654e-07    0.058675000000    0.028675000000
 3.3980298354e-07 -4.0240113802e-11  9.6534005261e-06      0.0000000000  3.4038395338e-07  3.4047912482e-07    0.058691666667    0.028691666667
 3.3987719551e-07 -5.2644014672e-11  9.6537303959e-06      0.0000000000  3.4063724766e-07  3.4055089731e-07    0.058708333333    0.028708333333
 3.4000126743e-07 -6.1594431214e-11  9.6540703973e-06      0.0000000000  3.4089054193e-07  3.4024849378e-07    0.058725000000    0.028725000000
 3.4055588835e-07 -4.0723436603e-11  9.6544005290e-06      0.0000000000  3.4114383621e-07  3.4057069174e-07    0.058741666667    0.028741666667
 3.4058436527e-07 -5.6326613265e-11  9.6547303953e-06      0.0000000000  3.4139758523e-07  3.4092722729e-07    0.058758333333    0.028758333333
 3.4096104954e-07 -4.7780166712e-11  9.6550704003e-06      0.0000000000  3.4165087950e-07  3.4151461399e-07    0.058775000000    0.028775000000
 3.4138366693e-07 -3.6052223329e-11  9.6554005215e-06      0.0000000000  3.4190417378e-07  3.4168990238e-07    0.058791666667    0.028791666667
 3.4150094671e-07 -4.5473089228e-11  9.6557303983e-06      0.0000000000  3.4215746805e-07  3.4258010139e-07    0.058808333333    0.028808333333
 3.4160699315e-07 -5.5672016666e-11  9.6560703962e-06      0.0000000000  3.4241076233e-07  3.4211063226e-07    0.058825000000    0.028825000000
 3.4190538054e-07 -5.2548701410e-11  9.6564005245e-06      0.0000000000  3.4266405660e-07  3.4266515926e-07    0.058841666667    0.028841666667
 3.4186408970e-07 -7.2984250375e-11  9.6567303978e-06      0.0000000000  3.4291780562e-07  3.4378205872e-07    0.058858333333    0.028858333333
 3.4228995741e-07 -6.1031177515e-11  9.6570703957e-06      0.0000000000  3.4317109990e-07  3.4408274851e-07    0.058875000000    0.028875000000
 3.4256927329e-07 -5.9228825429e-11  9.6574005309e-06      0.0000000000  3.4342439417e-07  3.4456152527e-07    0.058891666667    0.028891666667
 3.4273895530e-07 -6.5020119291e-11  9.6577303902e-06      0.0000000000  3.4367768845e-07  3.4415837298e-07    0.058908333333    0.028908333333
 3.4316559545e-07 -5.3013544637e-11  9.6580704021e-06      0.0000000000  3.4393098272e-07  3.4388931654e-07    0.058925000000    0.028925000000
 3.4366390333e-07 -3.6042999184e-11  9.6584005234e-06      0.0000000000  3.4418427700e-07  3.4344989280e-07    0.058941666667    0.028941666667
 3.4351262131e-07 -6.4065444907e-11  9.6587303967e-06      0.0000000000  3.4443757127e-07  3.4330820305e-07    0.058958333333    0.028958333333
 3.4397679724e-07 -4.9490500949e-11  9.6590703981e-06      0.0000000000  3.4469132029e-07  3.4479756479e-07    0.058975000000    0.028975000000
 3.4381862823e-07 -7.7989965777e-11  9.6594005229e-06      0.0000000000  3.4494461457e-07  3.4441581061e-07    0.058991666667    0.028991666667
 3.4412090906e-07 -7.4596976313e-11  9.6597303996e-06      0.0000000000  3.4519790884e-07  3.4445994322e-07    0.059008333333    0.029008333333
 3.4424498098e-07 -8.3547392855e-11  9.6600703906e-06      0.0000000000  3.4545120312e-07  3.4567150690e-07    0.059025000000    0.029025000000
 3.4460244973e-07 -7.6331884381e-11  9.6604005293e-06      0.0000000000  3.4570449739e-07  3.4514623917e-07    0.059041666667    0.029041666667
 3.4460719987e-07 -9.3546967810e-11  9.6607303921e-06      0.0000000000  3.4595779166e-07  3.4559236063e-07    0.059058333333    0.029058333333
 3.4481856592e-07 -9.6451070972e-11  9.6610704005e-06      0.0000000000  3.4621108594e-07  3.4567322064e-07    0.059075000000    0.029075000000
 3.4479885406e-07 -1.1536048273e-10  9.6614005253e-06      0.0000000000  3.4646438021e-07  3.4605244353e-07    0.059091666667    0.029091666667
 3.4521297251e-07 -1.0422120713e-10  9.6617303951e-06      0.0000000000  3.4671767449e-07  3.4639069399e-07    0.059108333333    0.029108333333
 3.4570367152e-07 -8.7809177027e-11  9.6620704000e-06      0.0000000000  3.4697142351e-07  3.4714865238e-07    0.059125000000    0.029125000000
 3.4584852148e-07 -9.5320430485e-11  9.6624005213e-06      0.0000000000  3.4722471778e-07  3.4766473826e-07    0.059141666667    0.029141666667
 3.4633215039e-07 -7.9366604172e-11  9.6627304015e-06      0.0000000000  3.4747801206e-07  3.4785716401e-07    0.059158333333    0.029158333333
 3.4670574466e-07 -7.1034183299e-11  9.6630703925e-06      0.0000000000  3.4773130633e-07  3.4746322500e-07    0.059175000000    0.029175000000
 3.4680306880e-07 -8.1837249806e-11  9.6634005277e-06      0.0000000000  3.4798460061e-07  3.4754329889e-07    0.059191666667    0.029191666667
 3.4750803935e-07 -5.0552485479e-11  9.6637303940e-06      0.0000000000  3.4823789488e-07  3.4874599517e-07    0.059208333333    0.029208333333
 3.4750207129e-07 -6.8509950245e-11  9.6640703989e-06      0.0000000000  3.4849118916e-07  3.4768915506e-07    0.059225000000    0.029225000000
 3.4761643900e-07 -7.8132516611e-11  9.6644005272e-06      0.0000000000  3.4874448343e-07  3.4838963256e-07    0.059241666667    0.029241666667
 3.4835277672e-07 -4.4675146419e-11  9.6647303935e-06      0.0000000000  3.4899777771e-07  3.4932901106e-07    0.059258333333    0.029258333333
 3.4820749839e-07 -7.2281754957e-11  9.6650704019e-06      0.0000000000  3.4925107198e-07  3.5006915603e-07    0.059275000000    0.029275000000
 3.4878329919e-07 -4.9943763746e-11  9.6654005197e-06      0.0000000000  3.4950436625e-07  3.4994221384e-07    0.059291666667    0.029291666667
 3.4914446821e-07 -4.2471961139e-11  9.6657303999e-06      0.0000000000  3.4975766053e-07  3.4921555864e-07    0.059308333333    0.029308333333
 3.4912227739e-07 -6.1553074608e-11  9.6660703944e-06      0.0000000000  3.5001095480e-07  3.4961456024e-07    0.059325000000    0.029325000000
 3.4937888454e-07 -6.1323612330e-11  9.6664005261e-06      0.0000000000  3.5026424908e-07  3.5007673420e-07    0.059341666667    0.029341666667
 3.4942707254e-07 -7.5530029523e-11  9.6667303994e-06      0.0000000000  3.5051754335e-07  3.5134395497e-07    0.059358333333    0.029358333333
 3.4931913246e-07 -1.0055045278e-10  9.6670703938e-06      0.0000000000  3.5077083763e-07  3.5141616769e-07    0.059375000000    0.029375000000
 3.4973780671e-07 -8.9095625786e-11  9.6674005291e-06      0.0000000000  3.5102413190e-07  3.5126675827e-07    0.059391666667    0.029391666667
 3.4999112961e-07 -8.9093643288e-11  9.6677303919e-06      0.0000000000  3.5127742618e-07  3.5189260182e-07    0.059408333333    0.029408333333
 3.5002121224e-07 -1.0455410477e-10  9.6680704003e-06      0.0000000000  3.5153072045e-07  3.5144597725e-07    0.059425000000    0.029425000000
 3.5055500730e-07 -8.5125585876e-11  9.6684005215e-06      0.0000000000  3.5178401472e-07  3.5108189498e-07    0.059441666667    0.029441666667
 3.5079028869e-07 -8.6373224654e-11  9.6687303983e-06      0.0000000000  3.5203730900e-07  3.5179411707e-07    0.059458333333    0.029458333333
 3.5119813120e-07 -7.5668644184e-11  9.6690703963e-06      0.0000000000  3.5229060327e-07  3.5273484769e-07    0.059475000000    0.029475000000
 3.5149177068e-07 -7.2874186372e-11  9.6694005245e-06      0.0000000000  3.5254389755e-07  3.5220657699e-07    0.059491666667    0.029491666667
 3.5167545433e-07 -7.7695674635e-11  9.6697304013e-06      0.0000000000  3.5279719182e-07  3.5216518007e-07    0.059508333333    0.029508333333
 3.5190851132e-07 -7.9065886441e-11  9.6700703922e-06      0.0000000000  3.5305003135e-07  3.5350681468e-07    0.059525000000    0.029525000000
 3.5217226411e-07 -7.8341490934e-11  9.6704005275e-06      0.0000000000  3.5330332562e-07  3.5320419104e-07    0.059541666667    0.029541666667
 3.5255295538e-07 -6.9517504983e-11  9.6707303938e-06      0.0000000000  3.5355661990e-07  3.5406756774e-07    0.059558333333    0.029558333333
 3.5290903931e-07 -6.2397914806e-11  9.6710703987e-06      0.0000000000  3.5380991417e-07  3.5406064990e-07    0.059575000000    0.029575000000
 3.5312024505e-07 -6.5313121765e-11  9.6714005269e-06      0.0000000000  3.5406320845e-07  3.5380569641e-07    0.059591666667    0.029591666667
 3.5349477233e-07 -5.6916076796e-11  9.6717303932e-06      0.0000000000  3.5431650272e-07  3.5430947169e-07    0.059608333333    0.029608333333
 3.5394304284e-07 -4.3411303873e-11  9.6720703982e-06      0.0000000000  3.5456979700e-07  3.5447472923e-07    0.059625000000    0.029625000000
 3.5412194378e-07 -4.8532563251e-11  9.6724005229e-06      0.0000000000  3.5482263652e-07  3.5522542389e-07    0.059641666667    0.029641666667
 3.5429836904e-07 -5.3856794414e-11  9.6727304032e-06      0.0000000000  3.5507593080e-07  3.5589714524e-07    0.059658333333    0.029658333333
 3.5461685741e-07 -4.9341211109e-11  9.6730703906e-06      0.0000000000  3.5532922507e-07  3.5514637196e-07    0.059675000000    0.029675000000
 3.5466034693e-07 -6.3873062076e-11  9.6734005294e-06      0.0000000000  3.5558251935e-07  3.5554870669e-07    0.059691666667    0.029691666667
 3.5498943638e-07 -5.8591711054e-11  9.6737303957e-06      0.0000000000  3.5583535887e-07  3.5557708552e-07    0.059708333333    0.029708333333
 3.5475325877e-07 -9.2494338852e-11  9.6740703936e-06      0.0000000000  3.5608865315e-07  3.5607469765e-07    0.059725000000    0.029725000000
 3.5529925330e-07 -7.2220839539e-11  9.6744005288e-06      0.0000000000  3.5634194742e-07  3.5594855730e-07    0.059741666667    0.029741666667
 3.5551770033e-07 -7.4634488004e-11  9.6747303916e-06      0.0000000000  3.5659524170e-07  3.5623121356e-07    0.059758333333    0.029758333333
 3.5572938400e-07 -7.7485094992e-11  9.6750704000e-06      0.0000000000  3.5684808122e-07  3.5752528809e-07    0.059775000000    0.029775000000
 3.5588426066e-07 -8.4301861488e-11  9.6754005213e-06      0.0000000000  3.5710137550e-07  3.5714971279e-07    0.059791666667    0.029791666667
 3.5615082880e-07 -8.3382464805e-11  9.6757303981e-06      0.0000000000  3.5735466977e-07  3.5750249070e-07    0.059808333333    0.029808333333
 3.5663881545e-07 -6.7095308136e-11  9.6760703925e-06      0.0000000000  3.5760750930e-07  3.5775206715e-07    0.059825000000    0.029825000000
 3.5677268938e-07 -7.5366801537e-11  9.6764005277e-06      0.0000000000  3.5786080357e-07  3.5804821319e-07    0.059841666667    0.029841666667
 3.5739553185e-07 -4.9770530742e-11  9.6767303975e-06      0.0000000000  3.5811409785e-07  3.5722815155e-07    0.059858333333    0.029858333333
 3.5766644169e-07 -4.8518914083e-11  9.6770703920e-06      0.0000000000  3.5836693738e-07  3.5823565495e-07    0.059875000000    0.029875000000
 3.5770024276e-07 -6.3721823001e-11  9.6774005307e-06      0.0000000000  3.5862023165e-07  3.5925694685e-07    0.059891666667    0.029891666667
 3.5805312338e-07 -5.6824105187e-11  9.6777303900e-06      0.0000000000  3.5887352592e-07  3.5876839079e-07    0.059908333333    0.029908333333
 3.5820429356e-07 -6.3866099311e-11  9.6780703984e-06      0.0000000000  3.5912636545e-07  3.5920440278e-07    0.059925000000    0.029925000000
 3.5851616772e-07 -5.9808640149e-11  9.6784005232e-06      0.0000000000  3.5937965973e-07  3.5960441061e-07    0.059941666667    0.029941666667
 3.5844786256e-07 -8.2052305587e-11  9.6787303965e-06      0.0000000000  3.5963249925e-07  3.5974331750e-07    0.059958333333    0.029958333333
 3.5855519684e-07 -9.2162032525e-11  9.6790703944e-06      0.0000000000  3.5988579353e-07  3.5946018956e-07    0.059975000000    0.029975000000
 3.5888074661e-07 -8.7125853333e-11  9.6794005261e-06      0.0000000000  3.6013863305e-07  3.5989587139e-07    0.059991666667    0.029991666667
