# TEXT EXPORT
# data-description.comment: 
# data-description.name: 
# data-description.probe: 
# data-description.user-name: Yazhini
# data-description.instrument: JPK01814-H-21-02-0019
# data-description.source-software: 8.0.163
# data-description.modification-software: 8.1.62
# index: 9647
# xPosition: 1.8807548587875652E-5
# yPosition: 8.854780557330646E-7
# quantitative-imaging-settings.type: simple-quantitative-imaging-settings
# quantitative-imaging-settings.relative-setpoint: 0.30087220298747946
# quantitative-imaging-settings.control-settings.control-settings-type: quantitative-imaging-control-settings
# quantitative-imaging-settings.control-settings.next-line-motion-time: 0.05
# quantitative-imaging-settings.control-settings.next-line-additional-delay: 0.01
# quantitative-imaging-settings.control-settings.max-retries-per-position: 5
# quantitative-imaging-settings.control-settings.max-bad-adjecent-pixels: 0
# quantitative-imaging-settings.control-settings.max-pixel-replays: 1
# quantitative-imaging-settings.control-settings.pixelwise-retract-if-required: true
# quantitative-imaging-settings.control-settings.no-data-extend-fraction: 0.2
# quantitative-imaging-settings.control-settings.overscan-delay-factor: 3.4
# quantitative-imaging-settings.control-settings.overscan-distance-factor: 0.383
# quantitative-imaging-settings.control-settings.line-clock.active: false
# quantitative-imaging-settings.control-settings.line-clock.name: pulse-2
# quantitative-imaging-settings.control-settings.frame-clock.active: false
# quantitative-imaging-settings.control-settings.frame-clock.name: pulse-3
# quantitative-imaging-settings.control-settings.closed-loop: false
# quantitative-imaging-settings.control-settings.start-option.type: smooth-xyz-motion
# quantitative-imaging-settings.control-settings.start-option.additional-retract: 3.0E-9
# quantitative-imaging-settings.control-settings.start-option.start-time: 0.005000000000000001
# quantitative-imaging-settings.control-settings.start-option.motion-time: 0.005000000000000001
# quantitative-imaging-settings.control-settings.pixel-clock.active: false
# quantitative-imaging-settings.control-settings.pixel-clock.name: pixel-clock
# quantitative-imaging-settings.control-settings.ttl-outputs.pins.list: 
# quantitative-imaging-settings.control-settings.baseline-adjust-settings.enabled: true
# quantitative-imaging-settings.control-settings.baseline-adjust-settings.interval: 1
# quantitative-imaging-settings.control-settings.averager.type: instrumentdefault
# quantitative-imaging-settings.control-settings.averager.value: NaN
# quantitative-imaging-settings.extend.type: z-extend-force
# quantitative-imaging-settings.extend.identifier.type: standard
# quantitative-imaging-settings.extend.identifier.name: extend-spm
# quantitative-imaging-settings.extend.style: extend
# quantitative-imaging-settings.extend.duration: 0.020000000000000004
# quantitative-imaging-settings.extend.num-points: 1800
# quantitative-imaging-settings.extend.z-start: 6.000000000000001E-7
# quantitative-imaging-settings.extend.z-end: 0.0
# quantitative-imaging-settings.extend.setpoint: 0.30087220298747946
# quantitative-imaging-settings.retract.type: z-retract-height
# quantitative-imaging-settings.retract.identifier.type: standard
# quantitative-imaging-settings.retract.identifier.name: retract-spm
# quantitative-imaging-settings.retract.style: retract
# quantitative-imaging-settings.retract.duration: 0.020000000000000004
# quantitative-imaging-settings.retract.num-points: 1800
# quantitative-imaging-settings.retract.z-start: 6.000000000000001E-7
# quantitative-imaging-settings.retract.z-end: 0.0
# quantitative-imaging-settings.retract.setpoint: 0.15000000000000002
# quantitative-imaging-settings.data-description.comment: 
# quantitative-imaging-settings.data-description.name: 
# quantitative-imaging-settings.data-description.probe: 
# quantitative-imaging-settings.data-description.user-name: afm_csec
# quantitative-imaging-settings.data-description.instrument: JPK01814-H-21-02-0019
# quantitative-imaging-settings.data-description.source-software: 8.0.163
# quantitative-imaging-settings.data-description.modification-software: 
# feedbackMode: contact
# date: Wed Oct 02 13:58:24 BST 2024
# segmentIndex: 0
# segment: extend
# columns: verticalTipPosition vDeflection height error smoothedMeasuredHeight measuredHeight seriesTime time
# fancyNames: "Vertical Tip Position" "Vertical Deflection" "Height" "Error Signal" "Height (measured & smoothed)" "Height (measured)" "Series Time" "Segment Time"
# heightMultiplier: 0.788494
# heightOffset: 0.0
# sensitivity: 4.798575435590727E-8
# springConstant: 0.06926368726396598
# calibrationSlots: nominal force nominal volts nominal nominal elapsed elapsed
# units: m N m V m m s s
#
 3.7066541170e-07  2.4149512911e-13  9.6620426384e-06      0.0000000000  3.7066192509e-07  3.7196564627e-07  5.5555555556e-06  5.5555555556e-06
 3.7051239601e-07  5.8012705600e-12  9.6617126359e-06      0.0000000000  3.7042863970e-07  3.7036110265e-07  1.6666666667e-05  1.6666666667e-05
 3.7051094675e-07  2.1890593770e-11  9.6613826439e-06      0.0000000000  3.7019489956e-07  3.6940398935e-07  2.7777777778e-05  2.7777777778e-05
 3.7013501520e-07  1.2041892150e-11  9.6610526484e-06      0.0000000000  3.6996115943e-07  3.6938369181e-07  3.8888888889e-05  3.8888888889e-05
 3.6971695657e-07 -7.5618390618e-13  9.6607226668e-06      0.0000000000  3.6972787403e-07  3.7013616310e-07  5.0000000000e-05  5.0000000000e-05
 3.6971630326e-07  1.5388269654e-11  9.6603926748e-06      0.0000000000  3.6949413390e-07  3.6986904051e-07  6.1111111111e-05  6.1111111111e-05
 3.6974907901e-07  3.3848142411e-11  9.6600626862e-06      0.0000000000  3.6926039376e-07  3.6881372546e-07  7.2222222222e-05  7.2222222222e-05
 3.6915864580e-07  9.1422647690e-12  9.6597326837e-06      0.0000000000  3.6902665362e-07  3.6869785180e-07  8.3333333333e-05  8.3333333333e-05
 3.6872626088e-07 -4.6481020754e-12  9.6593876636e-06      0.0000000000  3.6879336823e-07  3.6908631943e-07  9.4444444444e-05  9.4444444444e-05
 3.6878928108e-07  1.5906612958e-11  9.6590426645e-06      0.0000000000  3.6855962809e-07  3.6845242604e-07  0.00010555555556  0.00010555555556
 3.6847543167e-07  1.0357949124e-11  9.6587126515e-06      0.0000000000  3.6832588795e-07  3.6776815827e-07  0.00011666666667  0.00011666666667
 3.6800319325e-07 -6.1613213218e-12  9.6583826490e-06      0.0000000000  3.6809214781e-07  3.6937127116e-07  0.00012777777778  0.00012777777778
 3.6776217088e-07 -6.6657153997e-12  9.6580526395e-06      0.0000000000  3.6785840768e-07  3.6787029061e-07  0.00013888888889  0.00013888888889
 3.6742125974e-07 -1.4088774134e-11  9.6577226405e-06      0.0000000000  3.6762466754e-07  3.6646880103e-07  0.00015000000000  0.00015000000000
 3.6716113513e-07 -1.5916259608e-11  9.6573926589e-06      0.0000000000  3.6739092740e-07  3.6720506259e-07  0.00016111111111  0.00016111111111
 3.6716838418e-07  8.0703734764e-13  9.6570626669e-06      0.0000000000  3.6715673251e-07  3.6767940565e-07  0.00017222222222  0.00017222222222
 3.6680638133e-07 -8.0769108997e-12  9.6567326748e-06      0.0000000000  3.6692299237e-07  3.6728128451e-07  0.00018333333333  0.00018333333333
 3.6637410520e-07 -2.1828245423e-11  9.6563876687e-06      0.0000000000  3.6668925224e-07  3.6681802570e-07  0.00019444444444  0.00019444444444
 3.6633627529e-07 -8.2587808124e-12  9.6560426836e-06      0.0000000000  3.6645551210e-07  3.6644300067e-07  0.00020555555556  0.00020555555556
 3.6627945246e-07  4.0266617354e-12  9.6557126880e-06      0.0000000000  3.6622131721e-07  3.6558544125e-07  0.00021666666667  0.00021666666667
 3.6588203083e-07 -7.3105223318e-12  9.6553826750e-06      0.0000000000  3.6598757707e-07  3.6567540449e-07  0.00022777777778  0.00022777777778
 3.6559325286e-07 -1.1122644901e-11  9.6550526655e-06      0.0000000000  3.6575383694e-07  3.6611702935e-07  0.00023888888889  0.00023888888889
 3.6540390870e-07 -8.0161188437e-12  9.6547226526e-06      0.0000000000  3.6551964205e-07  3.6550085504e-07  0.00025000000000  0.00025000000000
 3.6541439841e-07  8.9001411156e-12  9.6543926500e-06      0.0000000000  3.6528590191e-07  3.6560031458e-07  0.00026111111111  0.00026111111111
 3.6512954305e-07  5.3912101903e-12  9.6540626475e-06      0.0000000000  3.6505170703e-07  3.6501962560e-07  0.00027222222222  0.00027222222222
 3.6468754962e-07 -9.0331809666e-12  9.6537326590e-06      0.0000000000  3.6481796689e-07  3.6550497430e-07  0.00028333333333  0.00028333333333
 3.6453604548e-07 -3.3057147474e-12  9.6533876459e-06      0.0000000000  3.6458377200e-07  3.6630447112e-07  0.00029444444444  0.00029444444444
 3.6424359535e-07 -7.3406880391e-12  9.6530426747e-06      0.0000000000  3.6434957712e-07  3.6428870964e-07  0.00030555555556  0.00030555555556
 3.6404077719e-07 -5.1989178303e-12  9.6527126861e-06      0.0000000000  3.6411583698e-07  3.6341901256e-07  0.00031666666667  0.00031666666667
 3.6391072920e-07  2.0146805330e-12  9.6523826941e-06      0.0000000000  3.6388164209e-07  3.6338360585e-07  0.00032777777778  0.00032777777778
 3.6350170984e-07 -1.0094307457e-11  9.6520526916e-06      0.0000000000  3.6364744721e-07  3.6367401323e-07  0.00033888888889  0.00033888888889
 3.6303180213e-07 -2.6420646960e-11  9.6517226891e-06      0.0000000000  3.6341325232e-07  3.6375570652e-07  0.00035000000000  0.00035000000000
 3.6297662806e-07 -1.4052502110e-11  9.6513926761e-06      0.0000000000  3.6317951218e-07  3.6403518687e-07  0.00036111111111  0.00036111111111
 3.6293015203e-07 -1.0504020196e-12  9.6510626631e-06      0.0000000000  3.6294531730e-07  3.6303724265e-07  0.00037222222222  0.00037222222222
 3.6246501975e-07 -1.7045977927e-11  9.6507326571e-06      0.0000000000  3.6271112241e-07  3.6266091267e-07  0.00038333333333  0.00038333333333
 3.6231358187e-07 -1.1313922138e-11  9.6503876335e-06      0.0000000000  3.6247692752e-07  3.6355243236e-07  0.00039444444444  0.00039444444444
 3.6229406737e-07  3.5556329795e-12  9.6500426553e-06      0.0000000000  3.6224273264e-07  3.6204193979e-07  0.00040555555556  0.00040555555556
 3.6204264107e-07  2.3621212513e-12  9.6497126633e-06      0.0000000000  3.6200853775e-07  3.6274551460e-07  0.00041666666667  0.00041666666667
 3.6168097892e-07 -6.4667311820e-12  9.6493826852e-06      0.0000000000  3.6177434287e-07  3.6164941580e-07  0.00042777777778  0.00042777777778
 3.6164962565e-07  7.5828270590e-12  9.6490526862e-06      0.0000000000  3.6154014798e-07  3.6155934250e-07  0.00043888888889  0.00043888888889
 3.6123219209e-07 -5.0774619584e-12  9.6487226977e-06      0.0000000000  3.6130549835e-07  3.6191919546e-07  0.00045000000000  0.00045000000000
 3.6059275235e-07 -3.3146214473e-11  9.6483926986e-06      0.0000000000  3.6107130346e-07  3.6138886514e-07  0.00046111111111  0.00046111111111
 3.6059204218e-07 -1.6974202514e-11  9.6480626961e-06      0.0000000000  3.6083710858e-07  3.6075905957e-07  0.00047222222222  0.00047222222222
 3.6043055515e-07 -1.1938188219e-11  9.6477326831e-06      0.0000000000  3.6060291369e-07  3.5960011856e-07  0.00048333333333  0.00048333333333
 3.5996125399e-07 -2.8191018111e-11  9.6473876526e-06      0.0000000000  3.6036826406e-07  3.5994950045e-07  0.00049444444444  0.00049444444444
 3.6000882951e-07 -8.6745611073e-12  9.6470426709e-06      0.0000000000  3.6013406917e-07  3.5881617114e-07  0.00050555555556  0.00050555555556
 3.5972675984e-07 -1.1990545059e-11  9.6467126579e-06      0.0000000000  3.5989987429e-07  3.5969957810e-07  0.00051666666667  0.00051666666667
 3.5964321652e-07 -1.5243645852e-12  9.6463826554e-06      0.0000000000  3.5966522465e-07  3.5945963944e-07  0.00052777777778  0.00052777777778
 3.5961663868e-07  1.2855957252e-11  9.6460526703e-06      0.0000000000  3.5943102977e-07  3.5943108767e-07  0.00053888888889  0.00053888888889
 3.5931899180e-07  8.4925361314e-12  9.6457226783e-06      0.0000000000  3.5919638014e-07  3.5887483120e-07  0.00055000000000  0.00055000000000
 3.5882315928e-07 -9.5979536012e-12  9.6453926863e-06      0.0000000000  3.5896173050e-07  3.5896070664e-07  0.00056111111111  0.00056111111111
 3.5870624432e-07 -1.4747137098e-12  9.6450626977e-06      0.0000000000  3.5872753562e-07  3.5906703683e-07  0.00057222222222  0.00057222222222
 3.5879302871e-07  2.0788991620e-11  9.6447326987e-06      0.0000000000  3.5849288598e-07  3.5891706141e-07  0.00058333333333  0.00058333333333
 3.5836962593e-07  7.7152527338e-12  9.6443876891e-06      0.0000000000  3.5825823635e-07  3.5797716408e-07  0.00059444444444  0.00059444444444
 3.5800995325e-07 -9.7580158309e-13  9.6440426900e-06      0.0000000000  3.5802404147e-07  3.5751406250e-07  0.00060555555556  0.00060555555556
 3.5804898231e-07  1.7980193761e-11  9.6437126840e-06      0.0000000000  3.5778939183e-07  3.5763550187e-07  0.00061666666667  0.00061666666667
 3.5771193691e-07  1.0887885069e-11  9.6433826745e-06      0.0000000000  3.5755474220e-07  3.5696741239e-07  0.00062777777778  0.00062777777778
 3.5761287299e-07  2.0279051470e-11  9.6430526650e-06      0.0000000000  3.5732009257e-07  3.5724958126e-07  0.00063888888889  0.00063888888889
 3.5740476728e-07  2.2117581945e-11  9.6427226590e-06      0.0000000000  3.5708544293e-07  3.5761493704e-07  0.00065000000000  0.00065000000000
 3.5702275224e-07  1.1910510241e-11  9.6423926704e-06      0.0000000000  3.5685079330e-07  3.5662373771e-07  0.00066111111111  0.00066111111111
 3.5680151405e-07  1.2839436201e-11  9.6420626714e-06      0.0000000000  3.5661614367e-07  3.5584656662e-07  0.00067222222222  0.00067222222222
 3.5694640083e-07  3.9127527564e-11  9.6417326898e-06      0.0000000000  3.5638149403e-07  3.5590389028e-07  0.00068333333333  0.00068333333333
 3.5641985949e-07  1.8910031557e-11  9.6413876872e-06      0.0000000000  3.5614684440e-07  3.5514274025e-07  0.00069444444444  0.00069444444444
 3.5599214485e-07  5.5376375537e-12  9.6410427055e-06      0.0000000000  3.5591219477e-07  3.5474631712e-07  0.00070555555556  0.00070555555556
 3.5588074412e-07  1.4074311283e-11  9.6407127135e-06      0.0000000000  3.5567754513e-07  3.5499998139e-07  0.00071666666667  0.00071666666667
 3.5553613734e-07  6.4582735158e-12  9.6403827040e-06      0.0000000000  3.5544289550e-07  3.5549617850e-07  0.00072777777778  0.00072777777778
 3.5531688889e-07  7.5250160980e-12  9.6400526910e-06      0.0000000000  3.5520824587e-07  3.5518945133e-07  0.00073888888889  0.00073888888889
 3.5523488033e-07  1.8128997165e-11  9.6397226780e-06      0.0000000000  3.5497314149e-07  3.5532574832e-07  0.00075000000000  0.00075000000000
 3.5490499820e-07  1.1532843120e-11  9.6393926790e-06      0.0000000000  3.5473849185e-07  3.5489494042e-07  0.00076111111111  0.00076111111111
 3.5434390028e-07 -1.1078168787e-11  9.6390626660e-06      0.0000000000  3.5450384222e-07  3.5428955164e-07  0.00077222222222  0.00077222222222
 3.5439441306e-07  8.7047287704e-12  9.6387326635e-06      0.0000000000  3.5426873784e-07  3.5344284063e-07  0.00078333333333  0.00078333333333
 3.5443151891e-07  2.7527515568e-11  9.6383876609e-06      0.0000000000  3.5403408821e-07  3.5229303431e-07  0.00079444444444  0.00079444444444
 3.5386074594e-07  4.2778712724e-12  9.6380426967e-06      0.0000000000  3.5379898383e-07  3.5336501504e-07  0.00080555555556  0.00080555555556
 3.5362916068e-07  4.4901211831e-12  9.6377126976e-06      0.0000000000  3.5356433419e-07  3.5266293385e-07  0.00081666666667  0.00081666666667
 3.5349302920e-07  1.1345349462e-11  9.6373827091e-06      0.0000000000  3.5332922981e-07  3.5342644223e-07  0.00082777777778  0.00082777777778
 3.5322124973e-07  8.7735999569e-12  9.6370527171e-06      0.0000000000  3.5309458018e-07  3.5247343246e-07  0.00083888888889  0.00083888888889
 3.5285430004e-07 -3.5849221036e-13  9.6367227146e-06      0.0000000000  3.5285947580e-07  3.5346062260e-07  0.00085000000000  0.00085000000000
 3.5272220545e-07  6.7448479285e-12  9.6363927016e-06      0.0000000000  3.5262482617e-07  3.5346609397e-07  0.00086111111111  0.00086111111111
 3.5259244129e-07  1.4041100504e-11  9.6360626886e-06      0.0000000000  3.5238972179e-07  3.5272157819e-07  0.00087222222222  0.00087222222222
 3.5218370576e-07  2.0147667266e-12  9.6357326861e-06      0.0000000000  3.5215461741e-07  3.5307874263e-07  0.00088333333333  0.00088333333333
 3.5202111026e-07  7.0369987604e-12  9.6353876590e-06      0.0000000000  3.5191951303e-07  3.5264169297e-07  0.00089444444444  0.00089444444444
 3.5191820824e-07  1.6193822010e-11  9.6350426668e-06      0.0000000000  3.5168440865e-07  3.5060824385e-07  0.00090555555556  0.00090555555556
 3.5174193969e-07  2.0237510981e-11  9.6347126818e-06      0.0000000000  3.5144975901e-07  3.5034239477e-07  0.00091666666667  0.00091666666667
 3.5135389803e-07  9.6445107940e-12  9.6343826898e-06      0.0000000000  3.5121465463e-07  3.5044319071e-07  0.00092777777778  0.00092777777778
 3.5120980733e-07  1.5948454075e-11  9.6340526977e-06      0.0000000000  3.5097955025e-07  3.5167440732e-07  0.00093888888889  0.00093888888889
 3.5107884939e-07  2.3162020379e-11  9.6337227092e-06      0.0000000000  3.5074444587e-07  3.5154350310e-07  0.00095000000000  0.00095000000000
 3.5065061378e-07  9.7850392826e-12  9.6333927206e-06      0.0000000000  3.5050934149e-07  3.4969197720e-07  0.00096111111111  0.00096111111111
 3.5050891092e-07  1.6254373615e-11  9.6330627251e-06      0.0000000000  3.5027423711e-07  3.4974109380e-07  0.00097222222222  0.00097222222222
 3.5043525943e-07  2.7437195602e-11  9.6327327086e-06      0.0000000000  3.5003913273e-07  3.5037371368e-07  0.00098333333333  0.00098333333333
 3.4982639183e-07  1.5804748603e-12  9.6323876781e-06      0.0000000000  3.4980357360e-07  3.4898970735e-07  0.00099444444444  0.00099444444444
 3.4946650576e-07 -7.0623655201e-12  9.6320426964e-06      0.0000000000  3.4956846922e-07  3.5009272398e-07   0.0010055555556   0.0010055555556
 3.4918750588e-07 -1.0102729780e-11  9.6317126834e-06      0.0000000000  3.4933336484e-07  3.4986791021e-07   0.0010166666667   0.0010166666667
 3.4904858871e-07 -3.4404484746e-12  9.6313826704e-06      0.0000000000  3.4909826046e-07  3.5024144161e-07   0.0010277777778   0.0010277777778
 3.4871859257e-07 -9.9815042292e-12  9.6310526819e-06      0.0000000000  3.4886270133e-07  3.4907143208e-07   0.0010388888889   0.0010388888889
 3.4817892733e-07 -3.1076512303e-11  9.6307226828e-06      0.0000000000  3.4862759695e-07  3.4910966882e-07   0.0010500000000   0.0010500000000
 3.4807901059e-07 -2.1712917854e-11  9.6303927013e-06      0.0000000000  3.4839249257e-07  3.4807623928e-07   0.0010611111111   0.0010611111111
 3.4799654705e-07 -1.1108952817e-11  9.6300627127e-06      0.0000000000  3.4815693345e-07  3.4797800608e-07   0.0010722222222   0.0010722222222
 3.4776331276e-07 -1.0979423715e-11  9.6297327207e-06      0.0000000000  3.4792182907e-07  3.4853831891e-07   0.0010833333333   0.0010833333333
 3.4747745771e-07 -1.4463104580e-11  9.6293877111e-06      0.0000000000  3.4768626994e-07  3.4775217036e-07   0.0010944444444   0.0010944444444
 3.4743607407e-07 -1.0452918970e-12  9.6290427154e-06      0.0000000000  3.4745116556e-07  3.4798486102e-07   0.0011055555556   0.0011055555556
 3.4731938580e-07  7.1881420988e-12  9.6287127094e-06      0.0000000000  3.4721560643e-07  3.4788533860e-07   0.0011166666667   0.0011166666667
 3.4714664175e-07  1.1507448285e-11  9.6283826999e-06      0.0000000000  3.4698050205e-07  3.4733447490e-07   0.0011277777778   0.0011277777778
 3.4698856548e-07  1.6874196593e-11  9.6280526939e-06      0.0000000000  3.4674494292e-07  3.4676579779e-07   0.0011388888889   0.0011388888889
 3.4678193766e-07  1.8878086059e-11  9.6277226844e-06      0.0000000000  3.4650938379e-07  3.4633494272e-07   0.0011500000000   0.0011500000000
 3.4644358446e-07  1.1758189385e-11  9.6273926749e-06      0.0000000000  3.4627382467e-07  3.4582904492e-07   0.0011611111111   0.0011611111111
 3.4614030881e-07  7.0363957037e-12  9.6270626934e-06      0.0000000000  3.4603872029e-07  3.4647531179e-07   0.0011722222222   0.0011722222222
 3.4595875271e-07  1.0776844941e-11  9.6267327048e-06      0.0000000000  3.4580316116e-07  3.4582082214e-07   0.0011833333333   0.0011833333333
 3.4566122402e-07  6.4846041096e-12  9.6263876952e-06      0.0000000000  3.4556760203e-07  3.4562984285e-07   0.0011944444444   0.0011944444444
 3.4544958833e-07  8.1416294744e-12  9.6260427240e-06      0.0000000000  3.4533204290e-07  3.4515263832e-07   0.0012055555556   0.0012055555556
 3.4522903181e-07  9.1807655681e-12  9.6257127285e-06      0.0000000000  3.4509648377e-07  3.4644125720e-07   0.0012166666667   0.0012166666667
 3.4487515800e-07  9.8585482099e-13  9.6253827330e-06      0.0000000000  3.4486092465e-07  3.4469312143e-07   0.0012277777778   0.0012277777778
 3.4446556965e-07 -1.1068050909e-11  9.6250527165e-06      0.0000000000  3.4462536552e-07  3.4539262415e-07   0.0012388888889   0.0012388888889
 3.4421994141e-07 -1.1765474586e-11  9.6247227035e-06      0.0000000000  3.4438980639e-07  3.4497275901e-07   0.0012500000000   0.0012500000000
 3.4392655785e-07 -1.5770608249e-11  9.6243927080e-06      0.0000000000  3.4415424726e-07  3.4447511544e-07   0.0012611111111   0.0012611111111
 3.4357149026e-07 -2.4048205268e-11  9.6240626950e-06      0.0000000000  3.4391868814e-07  3.4324787658e-07   0.0012722222222   0.0012722222222
 3.4346992448e-07 -1.4767331628e-11  9.6237326785e-06      0.0000000000  3.4368312901e-07  3.4313327643e-07   0.0012833333333   0.0012833333333
 3.4308147090e-07 -2.5325868079e-11  9.6233876794e-06      0.0000000000  3.4344711513e-07  3.4447494249e-07   0.0012944444444   0.0012944444444
 3.4286041661e-07 -2.4321209274e-11  9.6230427012e-06      0.0000000000  3.4321155600e-07  3.4364879630e-07   0.0013055555556   0.0013055555556
 3.4263508467e-07 -2.3612836777e-11  9.6227127092e-06      0.0000000000  3.4297599688e-07  3.4218298663e-07   0.0013166666667   0.0013166666667
 3.4240975272e-07 -2.2904464279e-11  9.6223827206e-06      0.0000000000  3.4274043775e-07  3.4371272335e-07   0.0013277777778   0.0013277777778
 3.4225758853e-07 -1.7096726211e-11  9.6220527321e-06      0.0000000000  3.4250442387e-07  3.4239973484e-07   0.0013388888889   0.0013388888889
 3.4185516345e-07 -2.8654477293e-11  9.6217227400e-06      0.0000000000  3.4226886475e-07  3.4138518783e-07   0.0013500000000   0.0013500000000
 3.4180686750e-07 -1.5652441323e-11  9.6213927270e-06      0.0000000000  3.4203285087e-07  3.4295198210e-07   0.0013611111111   0.0013611111111
 3.4150592283e-07 -2.0181285555e-11  9.6210627141e-06      0.0000000000  3.4179729174e-07  3.4229746100e-07   0.0013722222222   0.0013722222222
 3.4129326866e-07 -1.8563306065e-11  9.6207327150e-06      0.0000000000  3.4156127787e-07  3.4128292971e-07   0.0013833333333   0.0013833333333
 3.4114248872e-07 -1.2691186959e-11  9.6203876845e-06      0.0000000000  3.4132571874e-07  3.4141518606e-07   0.0013944444444   0.0013944444444
 3.4097944656e-07 -7.6368970133e-12  9.6200426888e-06      0.0000000000  3.4108970487e-07  3.4236296028e-07   0.0014055555556   0.0014055555556
 3.4077952730e-07 -5.1368504239e-12  9.6197126828e-06      0.0000000000  3.4085369099e-07  3.4164559698e-07   0.0014166666667   0.0014166666667
 3.4077944193e-07  1.1172930067e-11  9.6193826768e-06      0.0000000000  3.4061813186e-07  3.4138117863e-07   0.0014277777778   0.0014277777778
 3.4049475640e-07  7.8017516449e-12  9.6190526638e-06      0.0000000000  3.4038211799e-07  3.3965483403e-07   0.0014388888889   0.0014388888889
 3.4032627592e-07  1.2479363796e-11  9.6187226508e-06      0.0000000000  3.4014610411e-07  3.4056025226e-07   0.0014500000000   0.0014500000000
 3.4021351026e-07  2.1015989436e-11  9.6183926448e-06      0.0000000000  3.3991009024e-07  3.4028882175e-07   0.0014611111111   0.0014611111111
 3.3983297310e-07  1.0974276723e-11  9.6180626388e-06      0.0000000000  3.3967453111e-07  3.4003525181e-07   0.0014722222222   0.0014722222222
 3.3960440023e-07  1.1489667711e-11  9.6177326363e-06      0.0000000000  3.3943851723e-07  3.3856804285e-07   0.0014833333333   0.0014833333333
 3.3939575920e-07  1.3385612243e-11  9.6173876407e-06      0.0000000000  3.3920250336e-07  3.3870402539e-07   0.0014944444444   0.0014944444444
 3.3942304286e-07  3.1622570158e-11  9.6170426660e-06      0.0000000000  3.3896648948e-07  3.3792301805e-07   0.0015055555556   0.0015055555556
 3.3919208240e-07  3.1972588602e-11  9.6167126705e-06      0.0000000000  3.3873047561e-07  3.3864156052e-07   0.0015166666667   0.0015166666667
 3.3869329332e-07  1.3771808584e-11  9.6163826854e-06      0.0000000000  3.3849446173e-07  3.3895811416e-07   0.0015277777778   0.0015277777778
 3.3852003715e-07  1.8118638633e-11  9.6160526829e-06      0.0000000000  3.3825844786e-07  3.3726854411e-07   0.0015388888889   0.0015388888889
 3.3836508753e-07  2.3733448234e-11  9.6157226839e-06      0.0000000000  3.3802243398e-07  3.3769389636e-07   0.0015500000000   0.0015500000000
 3.3816630493e-07  2.6343720988e-11  9.6153926709e-06      0.0000000000  3.3778596536e-07  3.3715534325e-07   0.0015611111111   0.0015611111111
 3.3788957889e-07  2.3523846069e-11  9.6150626649e-06      0.0000000000  3.3754995149e-07  3.3821900686e-07   0.0015722222222   0.0015722222222
 3.3746998444e-07  1.0808378611e-11  9.6147326519e-06      0.0000000000  3.3731393761e-07  3.3816449750e-07   0.0015833333333   0.0015833333333
 3.3723471293e-07  1.0859797456e-11  9.6143876318e-06      0.0000000000  3.3707792374e-07  3.3692274692e-07   0.0015944444444   0.0015944444444
 3.3714808911e-07  2.1238600956e-11  9.6140426431e-06      0.0000000000  3.3684145511e-07  3.3728631036e-07   0.0016055555556   0.0016055555556
 3.3691155701e-07  2.1202706947e-11  9.6137126581e-06      0.0000000000  3.3660544124e-07  3.3652385538e-07   0.0016166666667   0.0016166666667
 3.3640520681e-07  2.4782163607e-12  9.6133826626e-06      0.0000000000  3.3636942736e-07  3.3663037425e-07   0.0016277777778   0.0016277777778
 3.3594934049e-07 -1.2718077375e-11  9.6130526740e-06      0.0000000000  3.3613295874e-07  3.3622943880e-07   0.0016388888889   0.0016388888889
 3.3595596367e-07  4.0878602394e-12  9.6127226785e-06      0.0000000000  3.3589694487e-07  3.3558034191e-07   0.0016500000000   0.0016500000000
 3.3557451629e-07 -5.9539030398e-12  9.6123926934e-06      0.0000000000  3.3566047624e-07  3.3583537402e-07   0.0016611111111   0.0016611111111
 3.3523809596e-07 -1.2908424693e-11  9.6120626874e-06      0.0000000000  3.3542446237e-07  3.3528719884e-07   0.0016722222222   0.0016722222222
 3.3512606911e-07 -4.2891288108e-12  9.6117326849e-06      0.0000000000  3.3518799375e-07  3.3443209210e-07   0.0016833333333   0.0016833333333
 3.3507011292e-07  8.1823307425e-12  9.6113876543e-06      0.0000000000  3.3495197987e-07  3.3484142328e-07   0.0016944444444   0.0016944444444
 3.3492117478e-07  1.4245014458e-11  9.6110426587e-06      0.0000000000  3.3471551125e-07  3.3497083388e-07   0.0017055555556   0.0017055555556
 3.3482665827e-07  2.4077141036e-11  9.6107126597e-06      0.0000000000  3.3447904263e-07  3.3327300960e-07   0.0017166666667   0.0017166666667
 3.3450536042e-07  1.8170059027e-11  9.6103826467e-06      0.0000000000  3.3424302875e-07  3.3387574131e-07   0.0017277777778   0.0017277777778
 3.3413903581e-07  9.1757538991e-12  9.6100526512e-06      0.0000000000  3.3400656013e-07  3.3355657776e-07   0.0017388888889   0.0017388888889
 3.3405884584e-07  2.0000189771e-11  9.6097226591e-06      0.0000000000  3.3377009151e-07  3.3324025996e-07   0.0017500000000   0.0017500000000
 3.3394522736e-07  2.8509243459e-11  9.6093926776e-06      0.0000000000  3.3353362288e-07  3.3423306297e-07   0.0017611111111   0.0017611111111
 3.3349174888e-07  1.3478340774e-11  9.6090626855e-06      0.0000000000  3.3329715426e-07  3.3393845773e-07   0.0017722222222   0.0017722222222
 3.3321178190e-07  1.0465484346e-11  9.6087326970e-06      0.0000000000  3.3306068564e-07  3.3288169623e-07   0.0017833333333   0.0017833333333
 3.3298394864e-07  1.1063601095e-11  9.6083876839e-06      0.0000000000  3.3282421702e-07  3.3289153842e-07   0.0017944444444   0.0017944444444
 3.3261881754e-07  2.1519637331e-12  9.6080426917e-06      0.0000000000  3.3258774839e-07  3.3190393950e-07   0.0018055555556   0.0018055555556
 3.3237625909e-07  1.7301597474e-12  9.6077126788e-06      0.0000000000  3.3235127977e-07  3.3258583320e-07   0.0018166666667   0.0018166666667
 3.3203261808e-07 -5.6929951671e-12  9.6073826658e-06      0.0000000000  3.3211481115e-07  3.3209205732e-07   0.0018277777778   0.0018277777778
 3.3161336460e-07 -1.8353348305e-11  9.6070526667e-06      0.0000000000  3.3187834253e-07  3.3174442062e-07   0.0018388888889   0.0018388888889
 3.3139746950e-07 -1.6928350325e-11  9.6067226538e-06      0.0000000000  3.3164187390e-07  3.3197347942e-07   0.0018500000000   0.0018500000000
 3.3136105565e-07 -3.0718192068e-12  9.6063926477e-06      0.0000000000  3.3140540528e-07  3.3179210648e-07   0.0018611111111   0.0018611111111
 3.3092184684e-07 -1.7082854199e-11  9.6060626697e-06      0.0000000000  3.3116848191e-07  3.3150561396e-07   0.0018722222222   0.0018722222222
 3.3053602215e-07 -2.7427806646e-11  9.6057326776e-06      0.0000000000  3.3093201329e-07  3.3054151995e-07   0.0018833333333   0.0018833333333
 3.3062327534e-07 -5.0056402332e-12  9.6053876645e-06      0.0000000000  3.3069554467e-07  3.3019132050e-07   0.0018944444444   0.0018944444444
 3.3040668341e-07 -3.6289067559e-12  9.6050426968e-06      0.0000000000  3.3045907604e-07  3.3086742837e-07   0.0019055555556   0.0019055555556
 3.3000329124e-07 -1.5159150006e-11  9.6047127013e-06      0.0000000000  3.3022215267e-07  3.2977526016e-07   0.0019166666667   0.0019166666667
 3.2973207970e-07 -1.7565572580e-11  9.6043827023e-06      0.0000000000  3.2998568405e-07  3.3084428509e-07   0.0019277777778   0.0019277777778
 3.2962914899e-07 -8.2847470302e-12  9.6040526893e-06      0.0000000000  3.2974876068e-07  3.3012836824e-07   0.0019388888889   0.0019388888889
 3.2938261106e-07 -8.9821842613e-12  9.6037226798e-06      0.0000000000  3.2951229206e-07  3.2957742593e-07   0.0019500000000   0.0019500000000
 3.2911731160e-07 -1.0947617075e-11  9.6033926738e-06      0.0000000000  3.2927536869e-07  3.2913696452e-07   0.0019611111111   0.0019611111111
 3.2869646622e-07 -2.3718230913e-11  9.6030626643e-06      0.0000000000  3.2903890007e-07  3.2979970840e-07   0.0019722222222   0.0019722222222
 3.2844191193e-07 -2.4939413250e-11  9.6027326548e-06      0.0000000000  3.2880197670e-07  3.2966609994e-07   0.0019833333333   0.0019833333333
 3.2830236918e-07 -1.8194472779e-11  9.6023876522e-06      0.0000000000  3.2856505333e-07  3.2971883267e-07   0.0019944444444   0.0019944444444
 3.2807214727e-07 -1.7761802600e-11  9.6020426740e-06      0.0000000000  3.2832858470e-07  3.2881652746e-07   0.0020055555556   0.0020055555556
 3.2788843029e-07 -1.4076531803e-11  9.6017126855e-06      0.0000000000  3.2809166133e-07  3.2947927135e-07   0.0020166666667   0.0020166666667
 3.2778828526e-07 -4.6027592795e-12  9.6013826969e-06      0.0000000000  3.2785473797e-07  3.2790021365e-07   0.0020277777778   0.0020277777778
 3.2748438375e-07 -9.2419123019e-12  9.6010527049e-06      0.0000000000  3.2761781460e-07  3.2771607358e-07   0.0020388888889   0.0020388888889
 3.2700424166e-07 -2.6119635459e-11  9.6007227128e-06      0.0000000000  3.2738134597e-07  3.2684321631e-07   0.0020500000000   0.0020500000000
 3.2709631253e-07 -3.3322812042e-12  9.6003927033e-06      0.0000000000  3.2714442260e-07  3.2686640676e-07   0.0020611111111   0.0020611111111
 3.2701367811e-07  7.3543405214e-12  9.6000626903e-06      0.0000000000  3.2690749923e-07  3.2770093296e-07   0.0020722222222   0.0020722222222
 3.2642801900e-07 -1.6800382840e-11  9.5997326774e-06      0.0000000000  3.2667057586e-07  3.2680774671e-07   0.0020833333333   0.0020833333333
 3.2646062803e-07  1.8684251855e-12  9.5993876573e-06      0.0000000000  3.2643365249e-07  3.2600244835e-07   0.0020944444444   0.0020944444444
 3.2649993543e-07  2.1001186848e-11  9.5990426616e-06      0.0000000000  3.2619672912e-07  3.2665233136e-07   0.0021055555556   0.0021055555556
 3.2610927817e-07  1.0353010697e-11  9.5987126661e-06      0.0000000000  3.2595980575e-07  3.2531042946e-07   0.0021166666667   0.0021166666667
 3.2590168326e-07  1.2384407995e-11  9.5983826706e-06      0.0000000000  3.2572288238e-07  3.2566764107e-07   0.0021277777778   0.0021277777778
 3.2582933877e-07  2.3815245661e-11  9.5980526890e-06      0.0000000000  3.2548550427e-07  3.2610549258e-07   0.0021388888889   0.0021388888889
 3.2529740474e-07  3.3817191657e-12  9.5977226970e-06      0.0000000000  3.2524858090e-07  3.2522175545e-07   0.0021500000000   0.0021500000000
 3.2497599289e-07 -2.4702645524e-12  9.5973927084e-06      0.0000000000  3.2501165753e-07  3.2481948361e-07   0.0021611111111   0.0021611111111
 3.2478391858e-07  6.3614681842e-13  9.5970627164e-06      0.0000000000  3.2477473416e-07  3.2490949401e-07   0.0021722222222   0.0021722222222
 3.2428973404e-07 -1.7151212914e-11  9.5967327139e-06      0.0000000000  3.2453735604e-07  3.2462301722e-07   0.0021833333333   0.0021833333333
 3.2385719154e-07 -3.0700515029e-11  9.5963876833e-06      0.0000000000  3.2430043267e-07  3.2439354964e-07   0.0021944444444   0.0021944444444
 3.2373485988e-07 -2.2763470950e-11  9.5960426842e-06      0.0000000000  3.2406350930e-07  3.2538539359e-07   0.0022055555556   0.0022055555556
 3.2349974853e-07 -2.2606466076e-11  9.5957126852e-06      0.0000000000  3.2382613118e-07  3.2444315363e-07   0.0022166666667   0.0022166666667
 3.2304621318e-07 -3.7609810362e-11  9.5953826722e-06      0.0000000000  3.2358920781e-07  3.2392764947e-07   0.0022277777778   0.0022277777778
 3.2284930658e-07 -3.4806604189e-11  9.5950526627e-06      0.0000000000  3.2335182970e-07  3.2290060320e-07   0.0022388888889   0.0022388888889
 3.2273324311e-07 -2.6435401661e-11  9.5947226811e-06      0.0000000000  3.2311490633e-07  3.2266066454e-07   0.0022500000000   0.0022500000000
 3.2235446741e-07 -3.6229119676e-11  9.5943926891e-06      0.0000000000  3.2287752821e-07  3.2314209838e-07   0.0022611111111   0.0022611111111
 3.2216279121e-07 -3.3095133877e-11  9.5940626936e-06      0.0000000000  3.2264060484e-07  3.2326476409e-07   0.0022722222222   0.0022722222222
 3.2193643530e-07 -3.2331695149e-11  9.5937327085e-06      0.0000000000  3.2240322672e-07  3.2134860365e-07   0.0022833333333   0.0022833333333
 3.2151869311e-07 -4.4824376004e-11  9.5933877024e-06      0.0000000000  3.2216584861e-07  3.2059452868e-07   0.0022944444444   0.0022944444444
 3.2144159640e-07 -3.3754192130e-11  9.5930427207e-06      0.0000000000  3.2192892524e-07  3.2182050975e-07   0.0023055555556   0.0023055555556
 3.2121524022e-07 -3.2990771908e-11  9.5927127042e-06      0.0000000000  3.2169154712e-07  3.2298938727e-07   0.0023166666667   0.0023166666667
 3.2098808836e-07 -3.2282463530e-11  9.5923826912e-06      0.0000000000  3.2145416900e-07  3.2058646312e-07   0.0023277777778   0.0023277777778
 3.2081346752e-07 -2.7935663065e-11  9.5920526957e-06      0.0000000000  3.2121679088e-07  3.2167882000e-07   0.0023388888889   0.0023388888889
 3.2051149861e-07 -3.2409459573e-11  9.5917226827e-06      0.0000000000  3.2097941277e-07  3.2208788389e-07   0.0023500000000   0.0023500000000
 3.2055223252e-07 -1.3177892627e-11  9.5913926662e-06      0.0000000000  3.2074248940e-07  3.2091510723e-07   0.0023611111111   0.0023611111111
 3.2036408082e-07 -9.7682896121e-12  9.5910626812e-06      0.0000000000  3.2050511128e-07  3.2050593328e-07   0.0023722222222   0.0023722222222
 3.1995147850e-07 -2.1904964240e-11  9.5907326822e-06      0.0000000000  3.2026773316e-07  3.2087959046e-07   0.0023833333333   0.0023833333333
 3.1958092787e-07 -3.1128983463e-11  9.5903876830e-06      0.0000000000  3.2003035505e-07  3.1888808856e-07   0.0023944444444   0.0023944444444
 3.1948284797e-07 -2.1480675286e-11  9.5900427083e-06      0.0000000000  3.1979297693e-07  3.1739773631e-07   0.0024055555556   0.0024055555556
 3.1942517100e-07 -9.0024140049e-12  9.5897127163e-06      0.0000000000  3.1955514406e-07  3.2012818829e-07   0.0024166666667   0.0024166666667
 3.1910171227e-07 -1.4964674454e-11  9.5893827278e-06      0.0000000000  3.1931776595e-07  3.1953077074e-07   0.0024277777778   0.0024277777778
 3.1877387596e-07 -2.1230142577e-11  9.5890527148e-06      0.0000000000  3.1908038783e-07  3.1883934930e-07   0.0024388888889   0.0024388888889
 3.1863308174e-07 -1.4540385499e-11  9.5887227053e-06      0.0000000000  3.1884300971e-07  3.1816836691e-07   0.0024500000000   0.0024500000000
 3.1848830805e-07 -8.1262616669e-12  9.5883926993e-06      0.0000000000  3.1860563160e-07  3.1783021077e-07   0.0024611111111   0.0024611111111
 3.1831522197e-07 -3.6416606092e-12  9.5880626898e-06      0.0000000000  3.1836779873e-07  3.1965486718e-07   0.0024722222222   0.0024722222222
 3.1792928326e-07 -1.3931514766e-11  9.5877326838e-06      0.0000000000  3.1813042061e-07  3.1883109507e-07   0.0024833333333   0.0024833333333
 3.1756364085e-07 -2.2815572747e-11  9.5873876602e-06      0.0000000000  3.1789304250e-07  3.1738025307e-07   0.0024944444444   0.0024944444444
 3.1748885111e-07 -1.1522604746e-11  9.5870426855e-06      0.0000000000  3.1765520963e-07  3.1805508743e-07   0.0025055555556   0.0025055555556
 3.1723662753e-07 -1.2550856140e-11  9.5867127074e-06      0.0000000000  3.1741783151e-07  3.1821735772e-07   0.0025166666667   0.0025166666667
 3.1706393929e-07 -8.0386991599e-12  9.5863827084e-06      0.0000000000  3.1717999865e-07  3.1604893231e-07   0.0025277777778   0.0025277777778
 3.1705487073e-07  7.7748625643e-12  9.5860527199e-06      0.0000000000  3.1694262053e-07  3.1589758904e-07   0.0025388888889   0.0025388888889
 3.1669474256e-07 -6.9576157857e-13  9.5857227278e-06      0.0000000000  3.1670478767e-07  3.1731601158e-07   0.0025500000000   0.0025500000000
 3.1639754934e-07 -4.8387759839e-12  9.5853927288e-06      0.0000000000  3.1646740955e-07  3.1527429251e-07   0.0025611111111   0.0025611111111
 3.1618665689e-07 -2.9727832908e-12  9.5850627158e-06      0.0000000000  3.1622957669e-07  3.1517618510e-07   0.0025722222222   0.0025722222222
 3.1600566846e-07  9.3297437102e-13  9.5847327028e-06      0.0000000000  3.1599219857e-07  3.1752738274e-07   0.0025833333333   0.0025833333333
 3.1583646300e-07  5.6863613330e-12  9.5843876897e-06      0.0000000000  3.1575436571e-07  3.1651388913e-07   0.0025944444444   0.0025944444444
 3.1560378176e-07  6.0431815040e-12  9.5840426906e-06      0.0000000000  3.1551653284e-07  3.1552253257e-07   0.0026055555556   0.0026055555556
 3.1542711404e-07  1.0279705238e-11  9.5837126811e-06      0.0000000000  3.1527869998e-07  3.1664627125e-07   0.0026166666667   0.0026166666667
 3.1512713487e-07  5.9437253533e-12  9.5833826926e-06      0.0000000000  3.1504132186e-07  3.1517341796e-07   0.0026277777778   0.0026277777778
 3.1511721349e-07  2.1729715125e-11  9.5830527005e-06      0.0000000000  3.1480348899e-07  3.1546802321e-07   0.0026388888889   0.0026388888889
 3.1485657571e-07  2.0150162704e-11  9.5827227085e-06      0.0000000000  3.1456565613e-07  3.1360767709e-07   0.0026500000000   0.0026500000000
 3.1428751725e-07 -2.7917435151e-12  9.5823927199e-06      0.0000000000  3.1432782327e-07  3.1418056779e-07   0.0026611111111   0.0026611111111
 3.1404120601e-07 -3.3789866419e-12  9.5820627279e-06      0.0000000000  3.1408999040e-07  3.1287937103e-07   0.0026722222222   0.0026722222222
 3.1407585616e-07  1.5494191714e-11  9.5817327394e-06      0.0000000000  3.1385215754e-07  3.1314122664e-07   0.0026833333333   0.0026833333333
 3.1363550575e-07  1.4670796750e-12  9.5813877088e-06      0.0000000000  3.1361432467e-07  3.1425980839e-07   0.0026944444444   0.0026944444444
 3.1321113924e-07 -1.1452928318e-11  9.5810427132e-06      0.0000000000  3.1337649181e-07  3.1328999144e-07   0.0027055555556   0.0027055555556
 3.1309018634e-07 -3.3573910954e-12  9.5807127106e-06      0.0000000000  3.1313865894e-07  3.1413275614e-07   0.0027166666667   0.0027166666667
 3.1294495767e-07  3.0567167067e-12  9.5803826977e-06      0.0000000000  3.1290082608e-07  3.1364725022e-07   0.0027277777778   0.0027277777778
 3.1250961433e-07 -1.0623586750e-11  9.5800526847e-06      0.0000000000  3.1266299321e-07  3.1261616330e-07   0.0027388888889   0.0027388888889
 3.1231338967e-07 -7.7101519359e-12  9.5797226926e-06      0.0000000000  3.1242470560e-07  3.1137236882e-07   0.0027500000000   0.0027500000000
 3.1193097546e-07 -1.7724388877e-11  9.5793926936e-06      0.0000000000  3.1218687274e-07  3.1212388105e-07   0.0027611111111   0.0027611111111
 3.1179211411e-07 -1.0869256778e-11  9.5790627120e-06      0.0000000000  3.1194903987e-07  3.1065912478e-07   0.0027722222222   0.0027722222222
 3.1162061993e-07 -6.2743950195e-12  9.5787327235e-06      0.0000000000  3.1171120701e-07  3.1087323163e-07   0.0027833333333   0.0027833333333
 3.1155393213e-07  5.6112406039e-12  9.5783877139e-06      0.0000000000  3.1147291940e-07  3.1136438187e-07   0.0027944444444   0.0027944444444
 3.1121827798e-07 -1.1642224229e-12  9.5780427462e-06      0.0000000000  3.1123508653e-07  3.0934420242e-07   0.0028055555556   0.0028055555556
 3.1101528788e-07  1.2806136660e-12  9.5777127332e-06      0.0000000000  3.1099679892e-07  3.0880970568e-07   0.0028166666667   0.0028166666667
 3.1075942553e-07  3.1824840892e-14  9.5773827237e-06      0.0000000000  3.1075896606e-07  3.1276222386e-07   0.0028277777778   0.0028277777778
 3.1036939307e-07 -1.0478582777e-11  9.5770527212e-06      0.0000000000  3.1052067844e-07  3.1037272659e-07   0.0028388888889   0.0028388888889
 3.1012865348e-07 -1.0679913451e-11  9.5767227082e-06      0.0000000000  3.1028284558e-07  3.0924886214e-07   0.0028500000000   0.0028500000000
 3.0981025428e-07 -1.6228737586e-11  9.5763926952e-06      0.0000000000  3.1004455797e-07  3.1084733693e-07   0.0028611111111   0.0028611111111
 3.0952772857e-07 -1.9324328376e-11  9.5760626857e-06      0.0000000000  3.0980672510e-07  3.0988986202e-07   0.0028722222222   0.0028722222222
 3.0947755584e-07 -6.2947981280e-12  9.5757326832e-06      0.0000000000  3.0956843749e-07  3.0941239022e-07   0.0028833333333   0.0028833333333
 3.0921125669e-07 -8.2349808817e-12  9.5753876526e-06      0.0000000000  3.0933014988e-07  3.0770755378e-07   0.0028944444444   0.0028944444444
 3.0892319247e-07 -1.1714189340e-11  9.5750426605e-06      0.0000000000  3.0909231701e-07  3.0893502847e-07   0.0029055555556   0.0029055555556
 3.0884993776e-07 -2.8340224057e-13  9.5747126510e-06      0.0000000000  3.0885402940e-07  3.0711148834e-07   0.0029166666667   0.0029166666667
 3.0859561043e-07 -1.3943719665e-12  9.5743826415e-06      0.0000000000  3.0861574179e-07  3.0785073715e-07   0.0029277777778   0.0029277777778
 3.0829074183e-07 -6.0060171570e-12  9.5740526355e-06      0.0000000000  3.0837745418e-07  3.0947116033e-07   0.0029388888889   0.0029388888889
 3.0813471111e-07 -3.0860143355e-13  9.5737226574e-06      0.0000000000  3.0813916657e-07  3.1060582604e-07   0.0029500000000   0.0029500000000
 3.0787049170e-07 -2.1362311781e-12  9.5733926584e-06      0.0000000000  3.0790133370e-07  3.0955426863e-07   0.0029611111111   0.0029611111111
 3.0759109265e-07 -4.9837606753e-12  9.5730626699e-06      0.0000000000  3.0766304609e-07  3.0892418005e-07   0.0029722222222   0.0029722222222
 3.0755126699e-07  8.7624456216e-12  9.5727326778e-06      0.0000000000  3.0742475848e-07  3.0854365221e-07   0.0029833333333   0.0029833333333
 3.0727661077e-07  6.2434219484e-12  9.5723876717e-06      0.0000000000  3.0718647087e-07  3.0858140155e-07   0.0029944444444   0.0029944444444
 3.0705972457e-07  7.7257624370e-12  9.5720426900e-06      0.0000000000  3.0694818326e-07  3.0727943440e-07   0.0030055555556   0.0030055555556
 3.0702706217e-07  2.1968123381e-11  9.5717126805e-06      0.0000000000  3.0670989564e-07  3.0508212704e-07   0.0030166666667   0.0030166666667
 3.0689326035e-07  2.9236691795e-11  9.5713826675e-06      0.0000000000  3.0647115328e-07  3.0534127841e-07   0.0030277777778   0.0030277777778
 3.0634523699e-07  7.7832519927e-12  9.5710526545e-06      0.0000000000  3.0623286567e-07  3.0593459243e-07   0.0030388888889   0.0030388888889
 3.0595042884e-07 -3.0579377276e-12  9.5707226555e-06      0.0000000000  3.0599457806e-07  3.0497436611e-07   0.0030500000000   0.0030500000000
 3.0575539797e-07 -6.1816641221e-14  9.5703926425e-06      0.0000000000  3.0575629045e-07  3.0647882130e-07   0.0030611111111   0.0030611111111
 3.0553688700e-07  1.3079868683e-12  9.5700626505e-06      0.0000000000  3.0551800284e-07  3.0566034762e-07   0.0030722222222   0.0030722222222
 3.0505805192e-07 -1.5321720609e-11  9.5697326585e-06      0.0000000000  3.0527926048e-07  3.0292970697e-07   0.0030833333333   0.0030833333333
 3.0510557943e-07  4.4748889653e-12  9.5693876558e-06      0.0000000000  3.0504097287e-07  3.0231013663e-07   0.0030944444444   0.0030944444444
 3.0485543010e-07  3.6533026865e-12  9.5690426846e-06      0.0000000000  3.0480268525e-07  3.0849310488e-07   0.0031055555556   0.0031055555556
 3.0469138329e-07  8.8269918107e-12  9.5687126926e-06      0.0000000000  3.0456394289e-07  3.0464694834e-07   0.0031166666667   0.0031166666667
 3.0445695389e-07  9.0942253253e-12  9.5683827006e-06      0.0000000000  3.0432565528e-07  3.0386680572e-07   0.0031277777778   0.0031277777778
 3.0411820152e-07  2.1671634141e-12  9.5680526911e-06      0.0000000000  3.0408691292e-07  3.0256554608e-07   0.0031388888889   0.0031388888889
 3.0387024152e-07  1.4972179849e-12  9.5677226781e-06      0.0000000000  3.0384862531e-07  3.0292568205e-07   0.0031500000000   0.0031500000000
 3.0354223432e-07 -4.6855934493e-12  9.5673926651e-06      0.0000000000  3.0360988295e-07  3.0285337500e-07   0.0031611111111   0.0031611111111
 3.0312911988e-07 -1.6794744216e-11  9.5670626661e-06      0.0000000000  3.0337159534e-07  3.0313164473e-07   0.0031722222222   0.0031722222222
 3.0309122709e-07 -2.8831628977e-12  9.5667326531e-06      0.0000000000  3.0313285298e-07  3.0307309473e-07   0.0031833333333   0.0031833333333
 3.0282848583e-07 -4.5454151449e-12  9.5663876330e-06      0.0000000000  3.0289411062e-07  3.0256892638e-07   0.0031944444444   0.0031944444444
 3.0237915639e-07 -1.9162950588e-11  9.5660426583e-06      0.0000000000  3.0265582301e-07  3.0486791013e-07   0.0032055555556   0.0032055555556
 3.0227162007e-07 -1.0075136131e-11  9.5657126767e-06      0.0000000000  3.0241708065e-07  3.0179232130e-07   0.0032166666667   0.0032166666667
 3.0232088087e-07  9.8730242376e-12  9.5653826777e-06      0.0000000000  3.0217833829e-07  3.0289703594e-07   0.0032277777778   0.0032277777778
 3.0200123074e-07  4.2690537230e-12  9.5650526962e-06      0.0000000000  3.0193959593e-07  3.0353526869e-07   0.0032388888889   0.0032388888889
 3.0173132594e-07  2.1106283224e-12  9.5647226971e-06      0.0000000000  3.0170085357e-07  2.9977627682e-07   0.0032500000000   0.0032500000000
 3.0178297458e-07  2.2224179742e-11  9.5643927016e-06      0.0000000000  3.0146211121e-07  3.0205820182e-07   0.0032611111111   0.0032611111111
 3.0174314865e-07  3.5970367533e-11  9.5640626851e-06      0.0000000000  3.0122382360e-07  3.0255738618e-07   0.0032722222222   0.0032722222222
 3.0138091646e-07  2.7417006551e-11  9.5637326791e-06      0.0000000000  3.0098508124e-07  3.0144575371e-07   0.0032833333333   0.0032833333333
 3.0111519073e-07  2.5548038623e-11  9.5633876556e-06      0.0000000000  3.0074633888e-07  2.9948558644e-07   0.0032944444444   0.0032944444444
 3.0080170860e-07  2.0371286684e-11  9.5630426599e-06      0.0000000000  3.0050759652e-07  2.9959617739e-07   0.0033055555556   0.0033055555556
 3.0071407020e-07  3.0837304382e-11  9.5627126504e-06      0.0000000000  3.0026885417e-07  3.0093015522e-07   0.0033166666667   0.0033166666667
 3.0064109959e-07  4.2350764200e-11  9.5623826689e-06      0.0000000000  3.0002965706e-07  3.0099834302e-07   0.0033277777778   0.0033277777778
 3.0018176458e-07  2.7071704042e-11  9.5620526698e-06      0.0000000000  2.9979091470e-07  3.0058504982e-07   0.0033388888889   0.0033388888889
 2.9981276723e-07  1.8049762841e-11  9.5617226813e-06      0.0000000000  2.9955217234e-07  3.0067241887e-07   0.0033500000000   0.0033500000000
 2.9964434257e-07  2.2920225785e-11  9.5613926893e-06      0.0000000000  2.9931342998e-07  2.9913249408e-07   0.0033611111111   0.0033611111111
 2.9961082735e-07  3.7135014777e-11  9.5610627007e-06      0.0000000000  2.9907468762e-07  2.9672633112e-07   0.0033722222222   0.0033722222222
 2.9935121249e-07  3.5720805317e-11  9.5607327087e-06      0.0000000000  2.9883549052e-07  2.9638532925e-07   0.0033833333333   0.0033833333333
 2.9877991775e-07  1.2687001627e-11  9.5603876851e-06      0.0000000000  2.9859674816e-07  2.9640237227e-07   0.0033944444444   0.0033944444444
 2.9864585035e-07  1.9937174751e-11  9.5600426860e-06      0.0000000000  2.9835800580e-07  2.9751754227e-07   0.0034055555556   0.0034055555556
 2.9869187047e-07  3.9692372116e-11  9.5597126765e-06      0.0000000000  2.9811880869e-07  2.9616171038e-07   0.0034166666667   0.0034166666667
 2.9822417814e-07  2.3834452532e-11  9.5593826705e-06      0.0000000000  2.9788006633e-07  2.9786947117e-07   0.0034277777778   0.0034277777778
 2.9786666450e-07  1.5639413544e-11  9.5590526610e-06      0.0000000000  2.9764086922e-07  2.9938354844e-07   0.0034388888889   0.0034388888889
 2.9774997518e-07  2.4093256731e-11  9.5587226619e-06      0.0000000000  2.9740212687e-07  2.9794857027e-07   0.0034500000000   0.0034500000000
 2.9751344202e-07  2.4277771914e-11  9.5583926699e-06      0.0000000000  2.9716292976e-07  2.9712475099e-07   0.0034611111111   0.0034611111111
 2.9701152522e-07  6.0493397943e-12  9.5580626814e-06      0.0000000000  2.9692418740e-07  2.9701016657e-07   0.0034722222222   0.0034722222222
 2.9690830936e-07  1.5467901817e-11  9.5577326928e-06      0.0000000000  2.9668499029e-07  2.9771948003e-07   0.0034833333333   0.0034833333333
 2.9675782654e-07  2.1581083176e-11  9.5573876902e-06      0.0000000000  2.9644624793e-07  2.9565977461e-07   0.0034944444444   0.0034944444444
 2.9618219621e-07 -1.7215224484e-12  9.5570427155e-06      0.0000000000  2.9620705083e-07  2.9894690755e-07   0.0035055555556   0.0035055555556
 2.9594287737e-07 -1.7299542394e-12  9.5567127095e-06      0.0000000000  2.9596785372e-07  2.9719976229e-07   0.0035166666667   0.0035166666667
 2.9563516594e-07 -6.5070065110e-12  9.5563826930e-06      0.0000000000  2.9572911136e-07  2.9651502285e-07   0.0035277777778   0.0035277777778
 2.9530948945e-07 -1.2496887002e-11  9.5560526800e-06      0.0000000000  2.9548991426e-07  2.9658457849e-07   0.0035388888889   0.0035388888889
 2.9516767127e-07 -5.7520636941e-12  9.5557226845e-06      0.0000000000  2.9525071715e-07  2.9681373162e-07   0.0035500000000   0.0035500000000
 2.9494785251e-07 -4.4098481666e-12  9.5553926715e-06      0.0000000000  2.9501152004e-07  2.9496413958e-07   0.0035611111111   0.0035611111111
 2.9499466859e-07  1.5400479549e-11  9.5550626550e-06      0.0000000000  2.9477232294e-07  2.9356456813e-07   0.0035722222222   0.0035722222222
 2.9471356363e-07  1.2497787641e-11  9.5547326804e-06      0.0000000000  2.9453312583e-07  2.9461074850e-07   0.0035833333333   0.0035833333333
 2.9417942150e-07 -7.9311924222e-12  9.5543876708e-06      0.0000000000  2.9429392872e-07  2.9405414614e-07   0.0035944444444   0.0035944444444
 2.9416369080e-07  7.5469150039e-12  9.5540426927e-06      0.0000000000  2.9405473162e-07  2.9550830556e-07   0.0036055555556   0.0036055555556
 2.9395501506e-07  9.6609369305e-12  9.5537127076e-06      0.0000000000  2.9381553451e-07  2.9291254689e-07   0.0036166666667   0.0036166666667
 2.9374235956e-07  1.1499307105e-11  9.5533827086e-06      0.0000000000  2.9357633740e-07  2.9197145466e-07   0.0036277777778   0.0036277777778
 2.9348314280e-07  1.0112672073e-11  9.5530527166e-06      0.0000000000  2.9333714030e-07  2.9203278751e-07   0.0036388888889   0.0036388888889
 2.9330471204e-07  1.4321573289e-11  9.5527227036e-06      0.0000000000  2.9309794319e-07  2.9053771856e-07   0.0036500000000   0.0036500000000
 2.9307653622e-07  1.5084947897e-11  9.5523926906e-06      0.0000000000  2.9285874608e-07  2.9086106425e-07   0.0036611111111   0.0036611111111
 2.9279423748e-07  1.2099569717e-11  9.5520626916e-06      0.0000000000  2.9261954898e-07  2.9235064610e-07   0.0036722222222   0.0036722222222
 2.9298147698e-07  4.1667638813e-11  9.5517326786e-06      0.0000000000  2.9237989712e-07  2.9349770101e-07   0.0036833333333   0.0036833333333
 2.9264963249e-07  3.5250539746e-11  9.5513876480e-06      0.0000000000  2.9214070002e-07  2.9106834761e-07   0.0036944444444   0.0036944444444
 2.9213671406e-07  1.6291591321e-11  9.5510426803e-06      0.0000000000  2.9190150291e-07  2.9277214637e-07   0.0037055555556   0.0037055555556
 2.9217790162e-07  3.5743564982e-11  9.5507126813e-06      0.0000000000  2.9166185106e-07  2.9290441844e-07   0.0037166666667   0.0037166666667
 2.9165443787e-07  1.6054208813e-11  9.5503826962e-06      0.0000000000  2.9142265395e-07  2.9228237969e-07   0.0037277777778   0.0037277777778
 2.9130846509e-07  8.6585321472e-12  9.5500527077e-06      0.0000000000  2.9118345684e-07  2.9138219700e-07   0.0037388888889   0.0037388888889
 2.9137353032e-07  2.9764360801e-11  9.5497227156e-06      0.0000000000  2.9094380499e-07  2.9141485230e-07   0.0037500000000   0.0037500000000
 2.9097980221e-07  1.9060974150e-11  9.5493927271e-06      0.0000000000  2.9070460788e-07  2.9029090924e-07   0.0037611111111   0.0037611111111
 2.9032694351e-07 -9.5592557222e-12  9.5490627141e-06      0.0000000000  2.9046495603e-07  2.8847394105e-07   0.0037722222222   0.0037722222222
 2.9025954427e-07  2.3400980427e-12  9.5487327046e-06      0.0000000000  2.9022575892e-07  2.8932516437e-07   0.0037833333333   0.0037833333333
 2.9020465742e-07  1.5137603383e-11  9.5483876810e-06      0.0000000000  2.8998610707e-07  2.9126336754e-07   0.0037944444444   0.0037944444444
 2.8980467025e-07  4.0321877435e-12  9.5480426854e-06      0.0000000000  2.8974645521e-07  2.9246515192e-07   0.0038055555556   0.0038055555556
 2.8937791120e-07 -8.9590436764e-12  9.5477126794e-06      0.0000000000  2.8950725811e-07  2.8935384193e-07   0.0038166666667   0.0038166666667
 2.8936258827e-07  6.5788046520e-12  9.5473826734e-06      0.0000000000  2.8926760625e-07  2.8959661061e-07   0.0038277777778   0.0038277777778
 2.8905635473e-07  1.9671113715e-12  9.5470526813e-06      0.0000000000  2.8902795440e-07  2.9002630222e-07   0.0038388888889   0.0038388888889
 2.8857109518e-07 -1.5076080510e-11  9.5467226998e-06      0.0000000000  2.8878875729e-07  2.8987344961e-07   0.0038500000000   0.0038500000000
 2.8840056677e-07 -1.0288335899e-11  9.5463927077e-06      0.0000000000  2.8854910544e-07  2.8855304015e-07   0.0038611111111   0.0038611111111
 2.8835062100e-07  2.8514069602e-12  9.5460627192e-06      0.0000000000  2.8830945358e-07  2.8748895204e-07   0.0038722222222   0.0038722222222
 2.8817730690e-07  7.4462045985e-12  9.5457327307e-06      0.0000000000  2.8806980173e-07  2.8851475625e-07   0.0038833333333   0.0038833333333
 2.8781194310e-07 -1.2610685584e-12  9.5453877665e-06      0.0000000000  2.8783014988e-07  2.8720826107e-07   0.0038944444444   0.0038944444444
 2.8755608465e-07 -2.3835973103e-12  9.5450427778e-06      0.0000000000  2.8759049802e-07  2.8719851322e-07   0.0039055555556   0.0039055555556
 2.8742216881e-07  4.9400693935e-12  9.5447127858e-06      0.0000000000  2.8735084617e-07  2.9062925404e-07   0.0039166666667   0.0039166666667
 2.8731929392e-07  1.4413745737e-11  9.5443827763e-06      0.0000000000  2.8711119432e-07  2.8686161487e-07   0.0039277777778   0.0039277777778
 2.8691118213e-07  2.7455896834e-12  9.5440527842e-06      0.0000000000  2.8687154246e-07  2.8456178212e-07   0.0039388888889   0.0039388888889
 2.8667300021e-07  2.8474025631e-12  9.5437227817e-06      0.0000000000  2.8663189061e-07  2.8541295827e-07   0.0039500000000   0.0039500000000
 2.8656694152e-07  1.2100557505e-11  9.5433927827e-06      0.0000000000  2.8639223875e-07  2.8731995259e-07   0.0039611111111   0.0039611111111
 2.8639521932e-07  1.6805615844e-11  9.5430627802e-06      0.0000000000  2.8615258690e-07  2.8539649698e-07   0.0039722222222   0.0039722222222
 2.8609296552e-07  1.2469574316e-11  9.5427327812e-06      0.0000000000  2.8591293505e-07  2.8370084239e-07   0.0039833333333   0.0039833333333
 2.8573487377e-07  4.2974881273e-12  9.5423877681e-06      0.0000000000  2.8567282844e-07  2.8415473068e-07   0.0039944444444   0.0039944444444
 2.8560380962e-07  1.1818672867e-11  9.5420427794e-06      0.0000000000  2.8543317659e-07  2.8529562244e-07   0.0040055555556   0.0040055555556
 2.8539547484e-07  1.3987809114e-11  9.5417127839e-06      0.0000000000  2.8519352474e-07  2.8532277492e-07   0.0040166666667   0.0040166666667
 2.8518549130e-07  1.6074243059e-11  9.5413827779e-06      0.0000000000  2.8495341814e-07  2.8473365876e-07   0.0040277777778   0.0040277777778
 2.8493338067e-07  1.5211302566e-11  9.5410527823e-06      0.0000000000  2.8471376628e-07  2.8516739101e-07   0.0040388888889   0.0040388888889
 2.8453680974e-07  4.3425088336e-12  9.5407227798e-06      0.0000000000  2.8447411443e-07  2.8648245487e-07   0.0040500000000   0.0040500000000
 2.8402755826e-07 -1.4299458257e-11  9.5403927773e-06      0.0000000000  2.8423400783e-07  2.8526293569e-07   0.0040611111111   0.0040611111111
 2.8399671473e-07  1.6337599878e-13  9.5400627853e-06      0.0000000000  2.8399435597e-07  2.8483730044e-07   0.0040722222222   0.0040722222222
 2.8380225152e-07  3.3248055099e-12  9.5397327758e-06      0.0000000000  2.8375424937e-07  2.8573076970e-07   0.0040833333333   0.0040833333333
 2.8340117074e-07 -7.8563565287e-12  9.5393877731e-06      0.0000000000  2.8351459752e-07  2.8249287913e-07   0.0040944444444   0.0040944444444
 2.8325777918e-07 -1.1575164926e-12  9.5390427775e-06      0.0000000000  2.8327449092e-07  2.8164101119e-07   0.0041055555556   0.0041055555556
 2.8317878194e-07  9.9700148433e-12  9.5387127855e-06      0.0000000000  2.8303483906e-07  2.8462709273e-07   0.0041166666667   0.0041166666667
 2.8273638829e-07 -4.0411323593e-12  9.5383827830e-06      0.0000000000  2.8279473246e-07  2.8408967163e-07   0.0041277777778   0.0041277777778
 2.8238194444e-07 -1.1960551655e-11  9.5380527839e-06      0.0000000000  2.8255462586e-07  2.8299286533e-07   0.0041388888889   0.0041388888889
 2.8231443119e-07 -6.0995994964e-15  9.5377227814e-06      0.0000000000  2.8231451926e-07  2.8253448044e-07   0.0041500000000   0.0041500000000
 2.8188522743e-07 -1.3135163672e-11  9.5373927824e-06      0.0000000000  2.8207486740e-07  2.8271185991e-07   0.0041611111111   0.0041611111111
 2.8164499863e-07 -1.3143627523e-11  9.5370627834e-06      0.0000000000  2.8183476080e-07  2.8180336009e-07   0.0041722222222   0.0041722222222
 2.8143023940e-07 -1.1387975681e-11  9.5367327774e-06      0.0000000000  2.8159465420e-07  2.8246365129e-07   0.0041833333333   0.0041833333333
 2.8123637361e-07 -8.1851660212e-12  9.5363877748e-06      0.0000000000  2.8135454760e-07  2.8254539175e-07   0.0041944444444   0.0041944444444
 2.8092311818e-07 -1.3251723855e-11  9.5360427791e-06      0.0000000000  2.8111444100e-07  2.8051838880e-07   0.0042055555556   0.0042055555556
 2.8074178799e-07 -9.1806528161e-12  9.5357127871e-06      0.0000000000  2.8087433440e-07  2.7943658161e-07   0.0042166666667   0.0042166666667
 2.8071253609e-07  5.3924236338e-12  9.5353827811e-06      0.0000000000  2.8063468254e-07  2.7863447488e-07   0.0042277777778   0.0042277777778
 2.8023034633e-07 -1.1375148556e-11  9.5350527786e-06      0.0000000000  2.8039457594e-07  2.7887589144e-07   0.0042388888889   0.0042388888889
 2.8004861803e-07 -7.3316519453e-12  9.5347227865e-06      0.0000000000  2.8015446934e-07  2.7968343810e-07   0.0042500000000   0.0042500000000
 2.8008809969e-07  1.2065159306e-11  9.5343927770e-06      0.0000000000  2.7991390799e-07  2.7827429175e-07   0.0042611111111   0.0042611111111
 2.7973723721e-07  4.3937988273e-12  9.5340627885e-06      0.0000000000  2.7967380139e-07  2.7872448529e-07   0.0042722222222   0.0042722222222
 2.7934299699e-07 -6.2820639619e-12  9.5337327825e-06      0.0000000000  2.7943369479e-07  2.8053746000e-07   0.0042833333333   0.0042833333333
 2.7922534111e-07  2.1993240699e-12  9.5333877694e-06      0.0000000000  2.7919358819e-07  2.8040344275e-07   0.0042944444444   0.0042944444444
 2.7909335761e-07  9.6883287821e-12  9.5330427842e-06      0.0000000000  2.7895348159e-07  2.7885002819e-07   0.0043055555556   0.0043055555556
 2.7870866850e-07 -3.2598830885e-13  9.5327127852e-06      0.0000000000  2.7871337499e-07  2.7985533046e-07   0.0043166666667   0.0043166666667
 2.7833586123e-07 -9.4858287584e-12  9.5323827827e-06      0.0000000000  2.7847281364e-07  2.7889510415e-07   0.0043277777778   0.0043277777778
 2.7820069447e-07 -2.2173084350e-12  9.5320527837e-06      0.0000000000  2.7823270704e-07  2.7777771729e-07   0.0043388888889   0.0043388888889
 2.7774118858e-07 -1.7413711905e-11  9.5317227846e-06      0.0000000000  2.7799260044e-07  2.7812147058e-07   0.0043500000000   0.0043500000000
 2.7755621935e-07 -1.3563196804e-11  9.5313927786e-06      0.0000000000  2.7775203909e-07  2.7960716902e-07   0.0043611111111   0.0043611111111
 2.7753327790e-07  1.4784623414e-12  9.5310627901e-06      0.0000000000  2.7751193249e-07  2.7658684422e-07   0.0043722222222   0.0043722222222
 2.7723892645e-07 -2.2787357914e-12  9.5307327806e-06      0.0000000000  2.7727182588e-07  2.7578327531e-07   0.0043833333333   0.0043833333333
 2.7705352652e-07  1.5419471096e-12  9.5303877710e-06      0.0000000000  2.7703126454e-07  2.7742091446e-07   0.0043944444444   0.0043944444444
 2.7685113695e-07  4.1543679015e-12  9.5300427823e-06      0.0000000000  2.7679115793e-07  2.7841617016e-07   0.0044055555556   0.0044055555556
 2.7640351289e-07 -1.0187558927e-11  9.5297127798e-06      0.0000000000  2.7655059659e-07  2.7759908004e-07   0.0044166666667   0.0044166666667
 2.7636817750e-07  4.0271474385e-12  9.5293827878e-06      0.0000000000  2.7631003524e-07  2.7657863715e-07   0.0044277777778   0.0044277777778
 2.7639418543e-07  2.2459221347e-11  9.5290527783e-06      0.0000000000  2.7606992864e-07  2.7649266739e-07   0.0044388888889   0.0044388888889
 2.7579573375e-07 -2.3295830180e-12  9.5287227862e-06      0.0000000000  2.7582936729e-07  2.7485013859e-07   0.0044500000000   0.0044500000000
 2.7559683581e-07  5.5617871119e-13  9.5283927837e-06      0.0000000000  2.7558880594e-07  2.7480789266e-07   0.0044611111111   0.0044611111111
 2.7590738677e-07  3.8696751426e-11  9.5280627847e-06      0.0000000000  2.7534869934e-07  2.7376026584e-07   0.0044722222222   0.0044722222222
 2.7574709142e-07  4.4256270376e-11  9.5277327857e-06      0.0000000000  2.7510813799e-07  2.7451462381e-07   0.0044833333333   0.0044833333333
 2.7513716540e-07  1.8672711766e-11  9.5273877691e-06      0.0000000000  2.7486757664e-07  2.7460724413e-07   0.0044944444444   0.0044944444444
 2.7509539616e-07  3.2441785759e-11  9.5270427839e-06      0.0000000000  2.7462701529e-07  2.7303029322e-07   0.0045055555556   0.0045055555556
 2.7484044271e-07  3.1413438185e-11  9.5267127849e-06      0.0000000000  2.7438690869e-07  2.7322276613e-07   0.0045166666667   0.0045166666667
 2.7445450268e-07  2.1343974714e-11  9.5263827894e-06      0.0000000000  2.7414634734e-07  2.7481064407e-07   0.0045277777778   0.0045277777778
 2.7400966430e-07  7.1949948585e-12  9.5260527799e-06      0.0000000000  2.7390578599e-07  2.7330046594e-07   0.0045388888889   0.0045388888889
 2.7358830549e-07 -5.3277044328e-12  9.5257227913e-06      0.0000000000  2.7366522464e-07  2.7188160318e-07   0.0045500000000   0.0045500000000
 2.7330862155e-07 -8.0374789509e-12  9.5253927818e-06      0.0000000000  2.7342466330e-07  2.7316396457e-07   0.0045611111111   0.0045611111111
 2.7324980660e-07  4.5509468505e-12  9.5250627863e-06      0.0000000000  2.7318410195e-07  2.7289393334e-07   0.0045722222222   0.0045722222222
 2.7288535639e-07 -4.0300526795e-12  9.5247327873e-06      0.0000000000  2.7294354060e-07  2.7293339642e-07   0.0045833333333   0.0045833333333
 2.7213097008e-07 -3.9619464530e-11  9.5243877672e-06      0.0000000000  2.7270297925e-07  2.7310293044e-07   0.0045944444444   0.0045944444444
 2.7202751653e-07 -3.0122872400e-11  9.5240427890e-06      0.0000000000  2.7246241790e-07  2.7236460925e-07   0.0046055555556   0.0046055555556
 2.7201122651e-07 -1.4557516240e-11  9.5237127795e-06      0.0000000000  2.7222140181e-07  2.7135782908e-07   0.0046166666667   0.0046166666667
 2.7124364064e-07 -5.1061177694e-11  9.5233827875e-06      0.0000000000  2.7198084046e-07  2.7155409108e-07   0.0046277777778   0.0046277777778
 2.7090585431e-07 -5.7795338246e-11  9.5230527850e-06      0.0000000000  2.7174027911e-07  2.7073149814e-07   0.0046388888889   0.0046388888889
 2.7110571471e-07 -2.7290103760e-11  9.5227227859e-06      0.0000000000  2.7149971776e-07  2.7206841605e-07   0.0046500000000   0.0046500000000
 2.7075951392e-07 -3.4575583846e-11  9.5223927904e-06      0.0000000000  2.7125870166e-07  2.7164962003e-07   0.0046611111111   0.0046611111111
 2.7035009407e-07 -4.6271346388e-11  9.5220627844e-06      0.0000000000  2.7101814031e-07  2.7196890935e-07   0.0046722222222   0.0046722222222
 2.7052289301e-07 -1.7640488296e-11  9.5217327889e-06      0.0000000000  2.7077757897e-07  2.7206163972e-07   0.0046833333333   0.0046833333333
 2.7027681344e-07 -1.7991203220e-11  9.5213877723e-06      0.0000000000  2.7053656287e-07  2.7203362251e-07   0.0046944444444   0.0046944444444
 2.7012185674e-07 -1.2061909334e-11  9.5210427906e-06      0.0000000000  2.7029600152e-07  2.7093491380e-07   0.0047055555556   0.0047055555556
 2.6991932030e-07 -9.3966665305e-12  9.5207127811e-06      0.0000000000  2.7005498543e-07  2.7063596919e-07   0.0047166666667   0.0047166666667
 2.6985294424e-07  2.6680487018e-12  9.5203827926e-06      0.0000000000  2.6981442408e-07  2.7016950302e-07   0.0047277777778   0.0047277777778
 2.6965478539e-07  5.6364991796e-12  9.5200527866e-06      0.0000000000  2.6957340798e-07  2.7043959714e-07   0.0047388888889   0.0047388888889
 2.6926725346e-07 -4.5432249925e-12  9.5197227876e-06      0.0000000000  2.6933284663e-07  2.6863880724e-07   0.0047500000000   0.0047500000000
 2.6907108434e-07 -1.4369578919e-12  9.5193927885e-06      0.0000000000  2.6909183054e-07  2.6901950803e-07   0.0047611111111   0.0047611111111
 2.6896570786e-07  7.9264441971e-12  9.5190627790e-06      0.0000000000  2.6885126919e-07  2.6895393014e-07   0.0047722222222   0.0047722222222
 2.6870506902e-07  6.5673009674e-12  9.5187327940e-06      0.0000000000  2.6861025309e-07  2.6788833269e-07   0.0047833333333   0.0047833333333
 2.6827947507e-07 -6.2172418789e-12  9.5183877669e-06      0.0000000000  2.6836923700e-07  2.6666871917e-07   0.0047944444444   0.0047944444444
 2.6780936566e-07 -2.2116587226e-11  9.5180427887e-06      0.0000000000  2.6812867565e-07  2.6993756703e-07   0.0048055555556   0.0048055555556
 2.6770313609e-07 -1.2780775595e-11  9.5177127862e-06      0.0000000000  2.6788765955e-07  2.6751734830e-07   0.0048166666667   0.0048166666667
 2.6740906820e-07 -1.6455338022e-11  9.5173827872e-06      0.0000000000  2.6764664346e-07  2.6803033688e-07   0.0048277777778   0.0048277777778
 2.6703978569e-07 -2.5339542750e-11  9.5170527917e-06      0.0000000000  2.6740562736e-07  2.6739182112e-07   0.0048388888889   0.0048388888889
 2.6707204694e-07 -6.4113462542e-12  9.5167227857e-06      0.0000000000  2.6716461126e-07  2.6704805212e-07   0.0048500000000   0.0048500000000
 2.6673499942e-07 -1.3062836564e-11  9.5163927901e-06      0.0000000000  2.6692359517e-07  2.6595523929e-07   0.0048611111111   0.0048611111111
 2.6630761425e-07 -2.5971445831e-11  9.5160627876e-06      0.0000000000  2.6668257907e-07  2.6652001726e-07   0.0048722222222   0.0048722222222
 2.6614925177e-07 -2.0246551859e-11  9.5157327921e-06      0.0000000000  2.6644156298e-07  2.6643126464e-07   0.0048833333333   0.0048833333333
 2.6601227998e-07 -1.3040059794e-11  9.5153877685e-06      0.0000000000  2.6620054688e-07  2.6603454278e-07   0.0048944444444   0.0048944444444
 2.6586396558e-07 -6.6191983546e-12  9.5150427938e-06      0.0000000000  2.6595953078e-07  2.6600709157e-07   0.0049055555556   0.0049055555556
 2.6566779646e-07 -3.5129312539e-12  9.5147127878e-06      0.0000000000  2.6571851469e-07  2.6646129431e-07   0.0049166666667   0.0049166666667
 2.6527980956e-07 -1.3692671456e-11  9.5143827888e-06      0.0000000000  2.6547749859e-07  2.6745447466e-07   0.0049277777778   0.0049277777778
 2.6512065112e-07 -8.0229078348e-12  9.5140527898e-06      0.0000000000  2.6523648250e-07  2.6634538920e-07   0.0049388888889   0.0049388888889
 2.6510834057e-07  7.8180815712e-12  9.5137227838e-06      0.0000000000  2.6499546640e-07  2.6541215815e-07   0.0049500000000   0.0049500000000
 2.6464832257e-07 -7.3507980368e-12  9.5133927952e-06      0.0000000000  2.6475445030e-07  2.6393196253e-07   0.0049611111111   0.0049611111111
 2.6446090889e-07 -3.6380970819e-12  9.5130627857e-06      0.0000000000  2.6451343421e-07  2.6416111566e-07   0.0049722222222   0.0049722222222
 2.6430447901e-07  2.2521534045e-12  9.5127327867e-06      0.0000000000  2.6427196336e-07  2.6491563086e-07   0.0049833333333   0.0049833333333
 2.6393861275e-07 -6.3954294165e-12  9.5123877736e-06      0.0000000000  2.6403094727e-07  2.6442891432e-07   0.0049944444444   0.0049944444444
 2.6356710778e-07 -1.5433569778e-11  9.5120427884e-06      0.0000000000  2.6378993117e-07  2.6451859456e-07   0.0050055555556   0.0050055555556
 2.6352568889e-07 -1.5772334973e-12  9.5117127859e-06      0.0000000000  2.6354846033e-07  2.6354184406e-07   0.0050166666667   0.0050166666667
 2.6341707174e-07  7.5932055884e-12  9.5113827904e-06      0.0000000000  2.6330744423e-07  2.6249390279e-07   0.0050277777778   0.0050277777778
 2.6305409942e-07 -8.2243495052e-13  9.5110527914e-06      0.0000000000  2.6306597339e-07  2.6282548698e-07   0.0050388888889   0.0050388888889
 2.6266491872e-07 -1.1084861425e-11  9.5107227889e-06      0.0000000000  2.6282495729e-07  2.6231796978e-07   0.0050500000000   0.0050500000000
 2.6264180613e-07  4.0394359022e-12  9.5103927933e-06      0.0000000000  2.6258348645e-07  2.6144067882e-07   0.0050611111111   0.0050611111111
 2.6228804422e-07 -3.7697547525e-12  9.5100627873e-06      0.0000000000  2.6234247035e-07  2.6265213244e-07   0.0050722222222   0.0050722222222
 2.6198755188e-07 -7.8578015839e-12  9.5097327918e-06      0.0000000000  2.6210099951e-07  2.6133974138e-07   0.0050833333333   0.0050833333333
 2.6176946224e-07 -6.2698306250e-12  9.5093877752e-06      0.0000000000  2.6185998342e-07  2.6137488081e-07   0.0050944444444   0.0050944444444
 2.6156968748e-07 -3.3818061712e-12  9.5090427900e-06      0.0000000000  2.6161851257e-07  2.6107923789e-07   0.0051055555556   0.0051055555556
 2.6131496099e-07 -4.2999411342e-12  9.5087127910e-06      0.0000000000  2.6137704173e-07  2.5976393820e-07   0.0051166666667   0.0051166666667
 2.6124096614e-07  7.2685664084e-12  9.5083827850e-06      0.0000000000  2.6113602563e-07  2.6081997647e-07   0.0051277777778   0.0051277777778
 2.6103319929e-07  9.6030295863e-12  9.5080527965e-06      0.0000000000  2.6089455479e-07  2.6128656842e-07   0.0051388888889   0.0051388888889
 2.6067102292e-07  1.2425193977e-12  9.5077227870e-06      0.0000000000  2.6065308395e-07  2.6042971650e-07   0.0051500000000   0.0051500000000
 2.6043898030e-07  1.8955531548e-12  9.5073927880e-06      0.0000000000  2.6041161310e-07  2.6051021489e-07   0.0051611111111   0.0051611111111
 2.6023763792e-07  4.6435007375e-12  9.5070627924e-06      0.0000000000  2.6017059701e-07  2.6082128143e-07   0.0051722222222   0.0051722222222
 2.5996858462e-07  2.7330379740e-12  9.5067327899e-06      0.0000000000  2.5992912616e-07  2.6084728618e-07   0.0051833333333   0.0051833333333
 2.5978390002e-07  6.6662628067e-12  9.5063877733e-06      0.0000000000  2.5968765532e-07  2.6087572790e-07   0.0051944444444   0.0051944444444
 2.5933496763e-07 -7.7032890166e-12  9.5060427916e-06      0.0000000000  2.5944618448e-07  2.5971760446e-07   0.0052055555556   0.0052055555556
 2.5911685345e-07 -6.0855203936e-12  9.5057127926e-06      0.0000000000  2.5920471363e-07  2.6053466313e-07   0.0052166666667   0.0052166666667
 2.5904439389e-07  5.6208247544e-12  9.5053827831e-06      0.0000000000  2.5896324279e-07  2.5872011619e-07   0.0052277777778   0.0052277777778
 2.5867306424e-07 -3.3736752105e-12  9.5050527946e-06      0.0000000000  2.5872177195e-07  2.5861781091e-07   0.0052388888889   0.0052388888889
 2.5828701020e-07 -1.3388040392e-11  9.5047227886e-06      0.0000000000  2.5848030110e-07  2.5882518860e-07   0.0052500000000   0.0052500000000
 2.5812341705e-07 -7.9939445522e-12  9.5043927965e-06      0.0000000000  2.5823883026e-07  2.5865600048e-07   0.0052611111111   0.0052611111111
 2.5799956313e-07  1.8413467296e-13  9.5040627905e-06      0.0000000000  2.5799690467e-07  2.5837774647e-07   0.0052722222222   0.0052722222222
 2.5782681696e-07  4.9442592424e-12  9.5037327880e-06      0.0000000000  2.5775543383e-07  2.5823850941e-07   0.0052833333333   0.0052833333333
 2.5743035013e-07 -5.7913345439e-12  9.5033877784e-06      0.0000000000  2.5751396298e-07  2.5749146232e-07   0.0052944444444   0.0052944444444
 2.5710763801e-07 -1.1418404604e-11  9.5030427863e-06      0.0000000000  2.5727249214e-07  2.5680327969e-07   0.0053055555556   0.0053055555556
 2.5711516851e-07  5.8283464408e-12  9.5027127977e-06      0.0000000000  2.5703102130e-07  2.5738712886e-07   0.0053166666667   0.0053166666667
 2.5690217099e-07  7.8320114864e-12  9.5023827882e-06      0.0000000000  2.5678909571e-07  2.5769000406e-07   0.0053277777778   0.0053277777778
 2.5637086071e-07 -1.2243337285e-11  9.5020527927e-06      0.0000000000  2.5654762486e-07  2.5548382930e-07   0.0053388888889   0.0053388888889
 2.5641420810e-07  7.4842240082e-12  9.5017227937e-06      0.0000000000  2.5630615402e-07  2.5463255881e-07   0.0053500000000   0.0053500000000
 2.5629274176e-07  1.5827675778e-11  9.5013927912e-06      0.0000000000  2.5606422843e-07  2.5529563286e-07   0.0053611111111   0.0053611111111
 2.5601135192e-07  1.3062738849e-11  9.5010627921e-06      0.0000000000  2.5582275758e-07  2.5515650586e-07   0.0053722222222   0.0053722222222
 2.5571000675e-07  8.9471200660e-12  9.5007327896e-06      0.0000000000  2.5558083199e-07  2.5585775376e-07   0.0053833333333   0.0053833333333
 2.5545236232e-07  7.8268774976e-12  9.5003877800e-06      0.0000000000  2.5533936115e-07  2.5497374935e-07   0.0053944444444   0.0053944444444
 2.5538515142e-07  1.9928261194e-11  9.5000427844e-06      0.0000000000  2.5509743556e-07  2.5388886058e-07   0.0054055555556   0.0054055555556
 2.5511012863e-07  1.7604330056e-11  9.4997127993e-06      0.0000000000  2.5485596472e-07  2.5479338265e-07   0.0054166666667   0.0054166666667
 2.5470610954e-07  6.3771366555e-12  9.4993827898e-06      0.0000000000  2.5461403913e-07  2.5418494373e-07   0.0054277777778   0.0054277777778
 2.5447480574e-07  7.1128406550e-12  9.4990527978e-06      0.0000000000  2.5437211354e-07  2.5477434289e-07   0.0054388888889   0.0054388888889
 2.5445885641e-07  2.2733292629e-11  9.4987227918e-06      0.0000000000  2.5413064269e-07  2.5415230415e-07   0.0054500000000   0.0054500000000
 2.5407553119e-07  1.2939432820e-11  9.4983927893e-06      0.0000000000  2.5388871710e-07  2.5390668972e-07   0.0054611111111   0.0054611111111
 2.5385218661e-07  1.4226421817e-11  9.4980627972e-06      0.0000000000  2.5364679151e-07  2.5280144052e-07   0.0054722222222   0.0054722222222
 2.5365715468e-07  1.7442952095e-11  9.4977327877e-06      0.0000000000  2.5340532067e-07  2.5305240054e-07   0.0054833333333   0.0054833333333
 2.5355363018e-07  2.7029122280e-11  9.4973877816e-06      0.0000000000  2.5316339508e-07  2.5243364777e-07   0.0054944444444   0.0054944444444
 2.5292751438e-07  4.1869198345e-13  9.4970427895e-06      0.0000000000  2.5292146949e-07  2.5297883570e-07   0.0055055555556   0.0055055555556
 2.5266954723e-07 -6.9240598270e-13  9.4967127939e-06      0.0000000000  2.5267954390e-07  2.5294335038e-07   0.0055166666667   0.0055166666667
 2.5261175492e-07  1.2061344274e-11  9.4963827949e-06      0.0000000000  2.5243761830e-07  2.5279862622e-07   0.0055277777778   0.0055277777778
 2.5217908248e-07 -1.1504862218e-12  9.4960527924e-06      0.0000000000  2.5219569271e-07  2.5186126018e-07   0.0055388888889   0.0055388888889
 2.5184192068e-07 -7.7468967471e-12  9.4957227934e-06      0.0000000000  2.5195376712e-07  2.5175222574e-07   0.0055500000000   0.0055500000000
 2.5171727082e-07  3.7605212763e-13  9.4953927909e-06      0.0000000000  2.5171184153e-07  2.5145881539e-07   0.0055611111111   0.0055611111111
 2.5145134444e-07 -1.2863308360e-12  9.4950627988e-06      0.0000000000  2.5146991594e-07  2.5077110443e-07   0.0055722222222   0.0055722222222
 2.5114442790e-07 -5.7878435658e-12  9.4947327893e-06      0.0000000000  2.5122799035e-07  2.5067294985e-07   0.0055833333333   0.0055833333333
 2.5100638023e-07  1.4071240100e-12  9.4943877832e-06      0.0000000000  2.5098606476e-07  2.5166067454e-07   0.0055944444444   0.0055944444444
 2.5041359382e-07 -2.2894789949e-11  9.4940427911e-06      0.0000000000  2.5074413917e-07  2.5079561556e-07   0.0056055555556   0.0056055555556
 2.5030486239e-07 -1.3669271080e-11  9.4937127990e-06      0.0000000000  2.5050221358e-07  2.4877766868e-07   0.0056166666667   0.0056166666667
 2.5007395669e-07 -1.2905992652e-11  9.4933827965e-06      0.0000000000  2.5026028799e-07  2.5041772907e-07   0.0056277777778   0.0056277777778
 2.4961024304e-07 -2.8267851293e-11  9.4930527905e-06      0.0000000000  2.5001836240e-07  2.4974229725e-07   0.0056388888889   0.0056388888889
 2.4937609668e-07 -2.7697535868e-11  9.4927227985e-06      0.0000000000  2.4977598206e-07  2.4992241240e-07   0.0056500000000   0.0056500000000
 2.4933143713e-07 -1.4034162590e-11  9.4923927890e-06      0.0000000000  2.4953405647e-07  2.4936027579e-07   0.0056611111111   0.0056611111111
 2.4902173490e-07 -1.8728622293e-11  9.4920627970e-06      0.0000000000  2.4929213088e-07  2.4874623972e-07   0.0056722222222   0.0056722222222
 2.4868013865e-07 -2.5600682094e-11  9.4917327944e-06      0.0000000000  2.4904975054e-07  2.4866302136e-07   0.0056833333333   0.0056833333333
 2.4864171417e-07 -1.1505445152e-11  9.4913877778e-06      0.0000000000  2.4880782495e-07  2.4850878518e-07   0.0056944444444   0.0056944444444
 2.4846227796e-07 -7.1772002768e-12  9.4910427962e-06      0.0000000000  2.4856589936e-07  2.5000012794e-07   0.0057055555556   0.0057055555556
 2.4810356921e-07 -1.5234534852e-11  9.4907127937e-06      0.0000000000  2.4832351902e-07  2.4799026234e-07   0.0057166666667   0.0057166666667
 2.4773775406e-07 -2.3815582472e-11  9.4903827946e-06      0.0000000000  2.4808159343e-07  2.4976141562e-07   0.0057277777778   0.0057277777778
 2.4760588405e-07 -1.6161229846e-11  9.4900527921e-06      0.0000000000  2.4783921309e-07  2.4789894698e-07   0.0057388888889   0.0057388888889
 2.4770926644e-07  7.7560739958e-12  9.4897228001e-06      0.0000000000  2.4759728750e-07  2.4733684181e-07   0.0057500000000   0.0057500000000
 2.4734100684e-07 -9.6278777081e-13  9.4893927906e-06      0.0000000000  2.4735490716e-07  2.4691653643e-07   0.0057611111111   0.0057611111111
 2.4681992961e-07 -2.0266362203e-11  9.4890627986e-06      0.0000000000  2.4711252683e-07  2.4759600889e-07   0.0057722222222   0.0057722222222
 2.4669567758e-07 -1.2115857406e-11  9.4887327960e-06      0.0000000000  2.4687060124e-07  2.4700654684e-07   0.0057833333333   0.0057833333333
 2.4679442699e-07  1.1512046958e-11  9.4883877794e-06      0.0000000000  2.4662822090e-07  2.4732677951e-07   0.0057944444444   0.0057944444444
 2.4625802768e-07 -8.8527913459e-12  9.4880427978e-06      0.0000000000  2.4638584056e-07  2.4758107267e-07   0.0058055555556   0.0058055555556
 2.4597260122e-07 -1.1865821628e-11  9.4877127918e-06      0.0000000000  2.4614391497e-07  2.4601743858e-07   0.0058166666667   0.0058166666667
 2.4634335726e-07  3.0602264644e-11  9.4873827997e-06      0.0000000000  2.4590153463e-07  2.4666147288e-07   0.0058277777778   0.0058277777778
 2.4603996522e-07  2.6376369130e-11  9.4870527937e-06      0.0000000000  2.4565915429e-07  2.4567079238e-07   0.0058388888889   0.0058388888889
 2.4540467294e-07 -8.3816074708e-13  9.4867227982e-06      0.0000000000  2.4541677395e-07  2.4602014282e-07   0.0058500000000   0.0058500000000
 2.4530066007e-07  8.7456801169e-12  9.4863927957e-06      0.0000000000  2.4517439362e-07  2.4492575776e-07   0.0058611111111   0.0058611111111
 2.4508521784e-07  1.0611512510e-11  9.4860627932e-06      0.0000000000  2.4493201328e-07  2.4410700107e-07   0.0058722222222   0.0058722222222
 2.4483037734e-07  9.7484758372e-12  9.4857328011e-06      0.0000000000  2.4468963294e-07  2.4465277073e-07   0.0058833333333   0.0058833333333
 2.4459848629e-07  1.0475003174e-11  9.4853877776e-06      0.0000000000  2.4444725260e-07  2.4459134354e-07   0.0058944444444   0.0058944444444
 2.4417782793e-07 -1.8731900472e-12  9.4850427959e-06      0.0000000000  2.4420487226e-07  2.4386143381e-07   0.0059055555556   0.0059055555556
 2.4389950761e-07 -4.3625257903e-12  9.4847127934e-06      0.0000000000  2.4396249193e-07  2.4205338020e-07   0.0059166666667   0.0059166666667
 2.4384484196e-07  8.6392857595e-12  9.4843828013e-06      0.0000000000  2.4372011159e-07  2.4430755527e-07   0.0059277777778   0.0059277777778
 2.4360074637e-07  8.5204810575e-12  9.4840527918e-06      0.0000000000  2.4347773125e-07  2.4456552746e-07   0.0059388888889   0.0059388888889
 2.4323845626e-07  2.1508766560e-13  9.4837227998e-06      0.0000000000  2.4323535091e-07  2.4292262132e-07   0.0059500000000   0.0059500000000
 2.4302659566e-07  2.3289973820e-12  9.4833927973e-06      0.0000000000  2.4299297057e-07  2.4259925991e-07   0.0059611111111   0.0059611111111
 2.4278568360e-07  2.4306955752e-12  9.4830627913e-06      0.0000000000  2.4275059024e-07  2.4316416366e-07   0.0059722222222   0.0059722222222
 2.4247114881e-07 -2.5669878317e-12  9.4827327992e-06      0.0000000000  2.4250820990e-07  2.4269747739e-07   0.0059833333333   0.0059833333333
 2.4220683311e-07 -4.0548141594e-12  9.4823877792e-06      0.0000000000  2.4226537481e-07  2.4354813470e-07   0.0059944444444   0.0059944444444
 2.4190887965e-07 -7.9040133722e-12  9.4820428010e-06      0.0000000000  2.4202299447e-07  2.4226912218e-07   0.0060055555556   0.0060055555556
 2.4157325289e-07 -1.4362604798e-11  9.4817127950e-06      0.0000000000  2.4178061414e-07  2.4279718848e-07   0.0060166666667   0.0060166666667
 2.4160369422e-07  4.5655275772e-12  9.4813827994e-06      0.0000000000  2.4153777905e-07  2.4197289753e-07   0.0060277777778   0.0060277777778
 2.4143361973e-07  9.5736974101e-12  9.4810527969e-06      0.0000000000  2.4129539871e-07  2.4278355721e-07   0.0060388888889   0.0060388888889
 2.4116803432e-07  7.9664287669e-12  9.4807227944e-06      0.0000000000  2.4105301838e-07  2.4162639283e-07   0.0060500000000   0.0060500000000
 2.4080170733e-07 -5.8707648495e-13  9.4803928024e-06      0.0000000000  2.4081018329e-07  2.4149665206e-07   0.0060611111111   0.0060611111111
 2.4057154044e-07  2.5887218530e-13  9.4800627929e-06      0.0000000000  2.4056780295e-07  2.4044051946e-07   0.0060722222222   0.0060722222222
 2.4049055241e-07  1.1468996090e-11  9.4797328009e-06      0.0000000000  2.4032496787e-07  2.4043517386e-07   0.0060833333333   0.0060833333333
 2.4021153607e-07  8.9314513629e-12  9.4793877808e-06      0.0000000000  2.4008258753e-07  2.3953302587e-07   0.0060944444444   0.0060944444444
 2.3987256844e-07  2.2729570605e-12  9.4790428026e-06      0.0000000000  2.3983975244e-07  2.4069174676e-07   0.0061055555556   0.0061055555556
 2.3986321367e-07  1.8444664449e-11  9.4787127931e-06      0.0000000000  2.3959691736e-07  2.3972825020e-07   0.0061166666667   0.0061166666667
 2.3959961800e-07  1.6975212428e-11  9.4783828010e-06      0.0000000000  2.3935453702e-07  2.4032316790e-07   0.0061277777778   0.0061277777778
 2.3907450415e-07 -2.5764553577e-12  9.4780527985e-06      0.0000000000  2.3911170193e-07  2.3889855076e-07   0.0061388888889   0.0061388888889
 2.3911608850e-07  1.7123483417e-11  9.4777227960e-06      0.0000000000  2.3886886685e-07  2.3878942198e-07   0.0061500000000   0.0061500000000
 2.3896829978e-07  2.3675247542e-11  9.4773928005e-06      0.0000000000  2.3862648651e-07  2.3953043169e-07   0.0061611111111   0.0061611111111
 2.3841891017e-07  2.4421503349e-12  9.4770627945e-06      0.0000000000  2.3838365143e-07  2.3924393917e-07   0.0061722222222   0.0061722222222
 2.3820261511e-07  4.2804107756e-12  9.4767328059e-06      0.0000000000  2.3814081634e-07  2.3768146854e-07   0.0061833333333   0.0061833333333
 2.3812686715e-07  1.5853480780e-11  9.4763877824e-06      0.0000000000  2.3789798125e-07  2.3746163875e-07   0.0061944444444   0.0061944444444
 2.3782693307e-07  1.1898594406e-11  9.4760428007e-06      0.0000000000  2.3765514617e-07  2.3642871232e-07   0.0062055555556   0.0062055555556
 2.3753189836e-07  8.2515583173e-12  9.4757127982e-06      0.0000000000  2.3741276583e-07  2.3777973318e-07   0.0062166666667   0.0062166666667
 2.3713970396e-07 -2.0936185498e-12  9.4753827957e-06      0.0000000000  2.3716993075e-07  2.3673723184e-07   0.0062277777778   0.0062277777778
 2.3703921585e-07  7.7658580361e-12  9.4750528036e-06      0.0000000000  2.3692709566e-07  2.3691321202e-07   0.0062388888889   0.0062388888889
 2.3684122682e-07  1.0872061017e-11  9.4747227941e-06      0.0000000000  2.3668426058e-07  2.3713705100e-07   0.0062500000000   0.0062500000000
 2.3633601116e-07 -7.3013850224e-12  9.4743928021e-06      0.0000000000  2.3644142549e-07  2.3700881958e-07   0.0062611111111   0.0062611111111
 2.3621642055e-07  1.2349816607e-12  9.4740627996e-06      0.0000000000  2.3619859040e-07  2.3712340401e-07   0.0062722222222   0.0062722222222
 2.3607926300e-07  8.5860945527e-12  9.4737328006e-06      0.0000000000  2.3595530057e-07  2.3592380503e-07   0.0062833333333   0.0062833333333
 2.3576148781e-07  3.3954666488e-12  9.4733877805e-06      0.0000000000  2.3571246549e-07  2.3583299278e-07   0.0062944444444   0.0062944444444
 2.3553802895e-07  4.7375354299e-12  9.4730428023e-06      0.0000000000  2.3546963040e-07  2.3681622089e-07   0.0063055555556   0.0063055555556
 2.3515060997e-07 -5.2768778413e-12  9.4727127998e-06      0.0000000000  2.3522679532e-07  2.3539842725e-07   0.0063166666667   0.0063166666667
 2.3524552102e-07  1.8116664865e-11  9.4723827973e-06      0.0000000000  2.3498396023e-07  2.3430140083e-07   0.0063277777778   0.0063277777778
 2.3515140024e-07  2.8417165747e-11  9.4720528017e-06      0.0000000000  2.3474112514e-07  2.3384688364e-07   0.0063388888889   0.0063388888889
 2.3433969650e-07 -1.0953277575e-11  9.4717227957e-06      0.0000000000  2.3449783531e-07  2.3361765189e-07   0.0063500000000   0.0063500000000
 2.3427860665e-07  1.6350680761e-12  9.4713928002e-06      0.0000000000  2.3425500023e-07  2.3341440918e-07   0.0063611111111   0.0063611111111
 2.3445947777e-07  3.0982522066e-11  9.4710627977e-06      0.0000000000  2.3401216514e-07  2.3397121592e-07   0.0063722222222   0.0063722222222
 2.3404414452e-07  1.9066160449e-11  9.4707328022e-06      0.0000000000  2.3376887531e-07  2.3358768511e-07   0.0063833333333   0.0063833333333
 2.3359364894e-07  4.6828288407e-12  9.4703877856e-06      0.0000000000  2.3352604022e-07  2.3358897434e-07   0.0063944444444   0.0063944444444
 2.3347977162e-07  1.3646416576e-11  9.4700427969e-06      0.0000000000  2.3328275039e-07  2.3349500190e-07   0.0064055555556   0.0064055555556
 2.3322726183e-07  1.2976310847e-11  9.4697128049e-06      0.0000000000  2.3303991531e-07  2.3413214982e-07   0.0064166666667   0.0064166666667
 2.3305713020e-07  1.8012020572e-11  9.4693827954e-06      0.0000000000  2.3279708022e-07  2.3281128441e-07   0.0064277777778   0.0064277777778
 2.3266567461e-07  7.7495139471e-12  9.4690528033e-06      0.0000000000  2.3255379039e-07  2.3325331806e-07   0.0064388888889   0.0064388888889
 2.3248235336e-07  1.1903159049e-11  9.4687228008e-06      0.0000000000  2.3231050055e-07  2.3209615368e-07   0.0064500000000   0.0064500000000
 2.3220238400e-07  9.3311024967e-12  9.4683928018e-06      0.0000000000  2.3206766547e-07  2.3124463164e-07   0.0064611111111   0.0064611111111
 2.3197926638e-07  1.0728304104e-11  9.4680627993e-06      0.0000000000  2.3182437564e-07  2.3116271824e-07   0.0064722222222   0.0064722222222
 2.3164238869e-07  4.2145662978e-12  9.4677328003e-06      0.0000000000  2.3158154055e-07  2.3194597387e-07   0.0064833333333   0.0064833333333
 2.3146128963e-07  8.5221285272e-12  9.4673877872e-06      0.0000000000  2.3133825072e-07  2.3250451008e-07   0.0064944444444   0.0064944444444
 2.3132310367e-07  1.5802010564e-11  9.4670427985e-06      0.0000000000  2.3109496089e-07  2.3068108001e-07   0.0065055555556   0.0065055555556
 2.3104387339e-07  1.3312642761e-11  9.4667128030e-06      0.0000000000  2.3085167105e-07  2.2982534437e-07   0.0065166666667   0.0065166666667
 2.3085424169e-07  1.6997705167e-11  9.4663827970e-06      0.0000000000  2.3060883597e-07  2.3058140036e-07   0.0065277777778   0.0065277777778
 2.3062873622e-07  1.8229515723e-11  9.4660528049e-06      0.0000000000  2.3036554613e-07  2.3078214322e-07   0.0065388888889   0.0065388888889
 2.3024404606e-07  8.4356078239e-12  9.4657227989e-06      0.0000000000  2.3012225630e-07  2.3104412461e-07   0.0065500000000   0.0065500000000
 2.3001336706e-07  9.3090803561e-12  9.4653927964e-06      0.0000000000  2.2987896647e-07  2.2933007488e-07   0.0065611111111   0.0065611111111
 2.2956380908e-07 -4.9778123022e-12  9.4650628044e-06      0.0000000000  2.2963567664e-07  2.2925639998e-07   0.0065722222222   0.0065722222222
 2.2914648582e-07 -1.7032009048e-11  9.4647327949e-06      0.0000000000  2.2939238680e-07  2.2857824820e-07   0.0065833333333   0.0065833333333
 2.2902368847e-07 -8.6862550649e-12  9.4643877923e-06      0.0000000000  2.2914909697e-07  2.2817004903e-07   0.0065944444444   0.0065944444444
 2.2870701600e-07 -1.3769007108e-11  9.4640427966e-06      0.0000000000  2.2890580714e-07  2.2991000919e-07   0.0066055555556   0.0066055555556
 2.2844489822e-07 -1.5073100137e-11  9.4637128046e-06      0.0000000000  2.2866251731e-07  2.2948566317e-07   0.0066166666667   0.0066166666667
 2.2821103569e-07 -1.4420130500e-11  9.4633828021e-06      0.0000000000  2.2841922747e-07  2.2839393519e-07   0.0066277777778   0.0066277777778
 2.2814511328e-07 -2.1350085529e-12  9.4630528031e-06      0.0000000000  2.2817593764e-07  2.2814003508e-07   0.0066388888889   0.0066388888889
 2.2780897440e-07 -8.5660761172e-12  9.4627228005e-06      0.0000000000  2.2793264781e-07  2.2855486908e-07   0.0066500000000   0.0066500000000
 2.2727465014e-07 -2.8724193787e-11  9.4623928015e-06      0.0000000000  2.2768935797e-07  2.2804994606e-07   0.0066611111111   0.0066611111111
 2.2692697040e-07 -3.5954623673e-11  9.4620628060e-06      0.0000000000  2.2744606814e-07  2.2806628158e-07   0.0066722222222   0.0066722222222
 2.2680448036e-07 -2.7556087166e-11  9.4617327965e-06      0.0000000000  2.2720232356e-07  2.2731439201e-07   0.0066833333333   0.0066833333333
 2.2655161552e-07 -2.8219287559e-11  9.4613877939e-06      0.0000000000  2.2695903373e-07  2.2712287816e-07   0.0066944444444   0.0066944444444
 2.2629059160e-07 -2.9447615683e-11  9.4610427982e-06      0.0000000000  2.2671574390e-07  2.2560458731e-07   0.0067055555556   0.0067055555556
 2.2589993196e-07 -3.9654991957e-11  9.4607128062e-06      0.0000000000  2.2647245406e-07  2.2606297219e-07   0.0067166666667   0.0067166666667
 2.2573366607e-07 -3.4288532190e-11  9.4603828002e-06      0.0000000000  2.2622870948e-07  2.2555801773e-07   0.0067277777778   0.0067277777778
 2.2575290725e-07 -1.6104666321e-11  9.4600527977e-06      0.0000000000  2.2598541965e-07  2.2558669529e-07   0.0067388888889   0.0067388888889
 2.2545093623e-07 -2.0137644446e-11  9.4597228056e-06      0.0000000000  2.2574167507e-07  2.2540118737e-07   0.0067500000000   0.0067500000000
 2.2523219619e-07 -1.8437235164e-11  9.4593927961e-06      0.0000000000  2.2549838524e-07  2.2536578066e-07   0.0067611111111   0.0067611111111
 2.2517343705e-07 -5.6559585698e-12  9.4590628111e-06      0.0000000000  2.2525509541e-07  2.2606996864e-07   0.0067722222222   0.0067722222222
 2.2515441715e-07  9.9093014105e-12  9.4587328016e-06      0.0000000000  2.2501135083e-07  2.2524023776e-07   0.0067833333333   0.0067833333333
 2.2516026080e-07  2.7165204487e-11  9.4583877885e-06      0.0000000000  2.2476806099e-07  2.2549429508e-07   0.0067944444444   0.0067944444444
 2.2454018491e-07  1.0991107139e-12  9.4580428033e-06      0.0000000000  2.2452431641e-07  2.2463563509e-07   0.0068055555556   0.0068055555556
 2.2420757079e-07 -5.0563211285e-12  9.4577128043e-06      0.0000000000  2.2428057183e-07  2.2395470046e-07   0.0068166666667   0.0068166666667
 2.2443972200e-07  2.7874478569e-11  9.4573828018e-06      0.0000000000  2.2403728200e-07  2.2373895848e-07   0.0068277777778   0.0068277777778
 2.2415725106e-07  2.5192147762e-11  9.4570528028e-06      0.0000000000  2.2379353742e-07  2.2398869216e-07   0.0068388888889   0.0068388888889
 2.2373310550e-07  1.2696910689e-11  9.4567228072e-06      0.0000000000  2.2354979284e-07  2.2396691672e-07   0.0068500000000   0.0068500000000
 2.2346820176e-07  1.1199852180e-11  9.4563927977e-06      0.0000000000  2.2330650301e-07  2.2354384421e-07   0.0068611111111   0.0068611111111
 2.2347305953e-07  2.8418967153e-11  9.4560628092e-06      0.0000000000  2.2306275843e-07  2.2256126072e-07   0.0068722222222   0.0068722222222
 2.2298882184e-07  1.1761527424e-11  9.4557328032e-06      0.0000000000  2.2281901385e-07  2.2270996264e-07   0.0068833333333   0.0068833333333
 2.2281459699e-07  1.6576720700e-11  9.4553877901e-06      0.0000000000  2.2257526927e-07  2.2299853050e-07   0.0068944444444   0.0068944444444
 2.2244303905e-07  7.6923988093e-12  9.4550428049e-06      0.0000000000  2.2233197943e-07  2.2206311404e-07   0.0069055555556   0.0069055555556
 2.2211042494e-07  1.5369669669e-12  9.4547127989e-06      0.0000000000  2.2208823485e-07  2.2157179085e-07   0.0069166666667   0.0069166666667
 2.2200624092e-07  1.1203446013e-11  9.4543828069e-06      0.0000000000  2.2184449027e-07  2.2194849816e-07   0.0069277777778   0.0069277777778
 2.2153195218e-07 -4.7648920958e-12  9.4540527974e-06      0.0000000000  2.2160074569e-07  2.2218593697e-07   0.0069388888889   0.0069388888889
 2.2121406245e-07 -9.9004587220e-12  9.4537228054e-06      0.0000000000  2.2135700111e-07  2.2154185551e-07   0.0069500000000   0.0069500000000
 2.2071510011e-07 -2.7577782174e-11  9.4533928028e-06      0.0000000000  2.2111325653e-07  2.2173020917e-07   0.0069611111111   0.0069611111111
 2.2062444695e-07 -1.6974105677e-11  9.4530628038e-06      0.0000000000  2.2086951195e-07  2.2096044330e-07   0.0069722222222   0.0069722222222
 2.2038853754e-07 -1.6431412771e-11  9.4527328083e-06      0.0000000000  2.2062576737e-07  2.2053194659e-07   0.0069833333333   0.0069833333333
 2.2001430350e-07 -2.5469593794e-11  9.4523877917e-06      0.0000000000  2.2038202279e-07  2.2015001946e-07   0.0069944444444   0.0069944444444
 2.1967316587e-07 -3.2215395998e-11  9.4520428030e-06      0.0000000000  2.2013827821e-07  2.1962165443e-07   0.0070055555556   0.0070055555556
 2.1942963821e-07 -3.2168873769e-11  9.4517128040e-06      0.0000000000  2.1989407889e-07  2.2010072991e-07   0.0070166666667   0.0070166666667
 2.1918497363e-07 -3.2232596211e-11  9.4513828085e-06      0.0000000000  2.1965033431e-07  2.1906344839e-07   0.0070277777778   0.0070277777778
 2.1896816646e-07 -3.0366811908e-11  9.4510527990e-06      0.0000000000  2.1940658973e-07  2.1953430109e-07   0.0070388888889   0.0070388888889
 2.1888507468e-07 -1.9239406336e-11  9.4507228105e-06      0.0000000000  2.1916284515e-07  2.1833331855e-07   0.0070500000000   0.0070500000000
 2.1878128877e-07 -9.5453528614e-12  9.4503928044e-06      0.0000000000  2.1891910057e-07  2.1934324319e-07   0.0070611111111   0.0070611111111
 2.1843946424e-07 -1.6307234588e-11  9.4500628054e-06      0.0000000000  2.1867490124e-07  2.1883555305e-07   0.0070722222222   0.0070722222222
 2.1843914874e-07  5.5356086675e-13  9.4497328064e-06      0.0000000000  2.1843115666e-07  2.1851079235e-07   0.0070833333333   0.0070833333333
 2.1851059902e-07  2.2385118944e-11  9.4493877863e-06      0.0000000000  2.1818741208e-07  2.1834855350e-07   0.0070944444444   0.0070944444444
 2.1792747668e-07 -1.0899384162e-12  9.4490428081e-06      0.0000000000  2.1794321275e-07  2.1873870342e-07   0.0071055555556   0.0071055555556
 2.1760520936e-07 -6.5287127163e-12  9.4487128021e-06      0.0000000000  2.1769946817e-07  2.1690433060e-07   0.0071166666667   0.0071166666667
 2.1769716384e-07  1.6754539705e-11  9.4483828066e-06      0.0000000000  2.1745526884e-07  2.1624392935e-07   0.0071277777778   0.0071277777778
 2.1740832558e-07  1.3631184602e-11  9.4480528041e-06      0.0000000000  2.1721152426e-07  2.1654682027e-07   0.0071388888889   0.0071388888889
 2.1693079618e-07 -2.5301165102e-12  9.4477228051e-06      0.0000000000  2.1696732494e-07  2.1579343708e-07   0.0071500000000   0.0071500000000
 2.1651540579e-07 -1.4418938235e-11  9.4473928095e-06      0.0000000000  2.1672358036e-07  2.1626979260e-07   0.0071611111111   0.0071611111111
 2.1663840121e-07  1.1014323826e-11  9.4470628035e-06      0.0000000000  2.1647938103e-07  2.1657276213e-07   0.0071722222222   0.0071722222222
 2.1618600040e-07 -3.4379759137e-12  9.4467328080e-06      0.0000000000  2.1623563645e-07  2.1612923486e-07   0.0071833333333   0.0071833333333
 2.1554049801e-07 -3.1233705615e-11  9.4463877914e-06      0.0000000000  2.1599143712e-07  2.1496711795e-07   0.0071944444444   0.0071944444444
 2.1550672918e-07 -1.6658513187e-11  9.4460428097e-06      0.0000000000  2.1574723779e-07  2.1521200915e-07   0.0072055555556   0.0072055555556
 2.1536633069e-07 -9.5003818042e-12  9.4457128002e-06      0.0000000000  2.1550349321e-07  2.1548770042e-07   0.0072166666667   0.0072166666667
 2.1515464019e-07 -7.2487010788e-12  9.4453828117e-06      0.0000000000  2.1525929389e-07  2.1438221538e-07   0.0072277777778   0.0072277777778
 2.1462895709e-07 -2.6745305111e-11  9.4450528057e-06      0.0000000000  2.1501509456e-07  2.1430860337e-07   0.0072388888889   0.0072388888889
 2.1453068568e-07 -1.6637799291e-11  9.4447228067e-06      0.0000000000  2.1477089523e-07  2.1528033845e-07   0.0072500000000   0.0072500000000
 2.1430552145e-07 -1.5350855908e-11  9.4443928077e-06      0.0000000000  2.1452715065e-07  2.1522301479e-07   0.0072611111111   0.0072611111111
 2.1392867623e-07 -2.4538399026e-11  9.4440628016e-06      0.0000000000  2.1428295132e-07  2.1406026898e-07   0.0072722222222   0.0072722222222
 2.1382523129e-07 -1.4789231231e-11  9.4437328131e-06      0.0000000000  2.1403875200e-07  2.1413251314e-07   0.0072833333333   0.0072833333333
 2.1363360489e-07 -1.1147836329e-11  9.4433877860e-06      0.0000000000  2.1379455267e-07  2.1479052460e-07   0.0072944444444   0.0072944444444
 2.1352442239e-07 -1.7960734164e-12  9.4430428078e-06      0.0000000000  2.1355035334e-07  2.1331495135e-07   0.0073055555556   0.0073055555556
 2.1336725237e-07  4.2318975127e-12  9.4427128053e-06      0.0000000000  2.1330615401e-07  2.1288238256e-07   0.0073166666667   0.0073166666667
 2.1290404952e-07 -1.0937094305e-11  9.4423828063e-06      0.0000000000  2.1306195469e-07  2.1320725331e-07   0.0073277777778   0.0073277777778
 2.1296297306e-07  1.0058313347e-11  9.4420528108e-06      0.0000000000  2.1281775536e-07  2.1277319089e-07   0.0073388888889   0.0073388888889
 2.1280819116e-07  1.6251693834e-11  9.4417228083e-06      0.0000000000  2.1257355603e-07  2.1270220452e-07   0.0073500000000   0.0073500000000
 2.1253799988e-07  1.4451395591e-11  9.4413928093e-06      0.0000000000  2.1232935670e-07  2.1291514792e-07   0.0073611111111   0.0073611111111
 2.1258856636e-07  3.4867962324e-11  9.4410628067e-06      0.0000000000  2.1208515738e-07  2.1238289947e-07   0.0073722222222   0.0073722222222
 2.1229927311e-07  3.1744591191e-11  9.4407328112e-06      0.0000000000  2.1184095805e-07  2.1167853855e-07   0.0073833333333   0.0073833333333
 2.1168011189e-07  5.8048450708e-12  9.4403877876e-06      0.0000000000  2.1159630397e-07  2.1257612705e-07   0.0073944444444   0.0073944444444
 2.1171983326e-07  2.5470239960e-11  9.4400428129e-06      0.0000000000  2.1135210465e-07  2.1258065509e-07   0.0074055555556   0.0074055555556
 2.1163708246e-07  3.6652759853e-11  9.4397128069e-06      0.0000000000  2.1110790532e-07  2.1095947723e-07   0.0074166666667   0.0074166666667
 2.1099599052e-07  9.1625141041e-12  9.4393828079e-06      0.0000000000  2.1086370599e-07  2.0982106961e-07   0.0074277777778   0.0074277777778
 2.1081846760e-07  1.3812265763e-11  9.4390528089e-06      0.0000000000  2.1061905192e-07  2.1077511705e-07   0.0074388888889   0.0074388888889
 2.1069592043e-07  2.2238342161e-11  9.4387228029e-06      0.0000000000  2.1037485259e-07  2.1112445177e-07   0.0074500000000   0.0074500000000
 2.1025460550e-07  8.5853887128e-12  9.4383928144e-06      0.0000000000  2.1013065326e-07  2.1024008575e-07   0.0074611111111   0.0074611111111
 2.1002693914e-07  9.7620208289e-12  9.4380628049e-06      0.0000000000  2.0988599919e-07  2.1010905575e-07   0.0074722222222   0.0074722222222
 2.0998955608e-07  2.4086878161e-11  9.4377328093e-06      0.0000000000  2.0964179986e-07  2.1011037642e-07   0.0074833333333   0.0074833333333
 2.0964910092e-07  1.7451341611e-11  9.4373877927e-06      0.0000000000  2.0939714579e-07  2.0993024555e-07   0.0074944444444   0.0074944444444
 2.0948294355e-07  2.2856815193e-11  9.4370428111e-06      0.0000000000  2.0915294646e-07  2.1023334086e-07   0.0075055555556   0.0075055555556
 2.0935476786e-07  3.0924537537e-11  9.4367128051e-06      0.0000000000  2.0890829238e-07  2.0861867205e-07   0.0075166666667   0.0075166666667
 2.0905791323e-07  2.7277437329e-11  9.4363828095e-06      0.0000000000  2.0866409306e-07  2.0968046470e-07   0.0075277777778   0.0075277777778
 2.0867026624e-07  1.7373220638e-11  9.4360528105e-06      0.0000000000  2.0841943898e-07  2.0781340514e-07   0.0075388888889   0.0075388888889
 2.0825163518e-07  5.2914359100e-12  9.4357228080e-06      0.0000000000  2.0817523965e-07  2.0742583368e-07   0.0075500000000   0.0075500000000
 2.0789502912e-07 -2.4627711408e-12  9.4353928125e-06      0.0000000000  2.0793058558e-07  2.0763055430e-07   0.0075611111111   0.0075611111111
 2.0776366964e-07  5.3844298019e-12  9.4350628065e-06      0.0000000000  2.0768593150e-07  2.0778614260e-07   0.0075722222222   0.0075722222222
 2.0735458970e-07 -6.0358092282e-12  9.4347328144e-06      0.0000000000  2.0744173218e-07  2.0773974597e-07   0.0075833333333   0.0075833333333
 2.0709770703e-07 -6.8828070395e-12  9.4343877943e-06      0.0000000000  2.0719707810e-07  2.0776075101e-07   0.0075944444444   0.0075944444444
 2.0660158148e-07 -2.4300648317e-11  9.4340428092e-06      0.0000000000  2.0695242403e-07  2.0610193387e-07   0.0076055555556   0.0076055555556
 2.0657886594e-07 -8.9283673703e-12  9.4337128101e-06      0.0000000000  2.0670776995e-07  2.0635305112e-07   0.0076166666667   0.0076166666667
 2.0640054707e-07 -4.3337460622e-12  9.4333828041e-06      0.0000000000  2.0646311588e-07  2.0622475681e-07   0.0076277777778   0.0076277777778
 2.0594888508e-07 -1.8703375559e-11  9.4330528156e-06      0.0000000000  2.0621891655e-07  2.0619196000e-07   0.0076388888889   0.0076388888889
 2.0565396332e-07 -2.2185100747e-11  9.4327228061e-06      0.0000000000  2.0597426248e-07  2.0658503427e-07   0.0076500000000   0.0076500000000
 2.0548917505e-07 -1.6653300495e-11  9.4323928106e-06      0.0000000000  2.0572960840e-07  2.0568698982e-07   0.0076611111111   0.0076611111111
 2.0522529422e-07 -1.7985016042e-11  9.4320628116e-06      0.0000000000  2.0548495433e-07  2.0642410038e-07   0.0076722222222   0.0076722222222
 2.0515959878e-07 -5.5896814843e-12  9.4317328090e-06      0.0000000000  2.0524030025e-07  2.0544263318e-07   0.0076833333333   0.0076833333333
 2.0497249188e-07 -1.6037518024e-12  9.4313877959e-06      0.0000000000  2.0499564618e-07  2.0472061606e-07   0.0076944444444   0.0076944444444
 2.0464656178e-07 -7.2332288574e-12  9.4310428108e-06      0.0000000000  2.0475099210e-07  2.0447901083e-07   0.0077055555556   0.0077055555556
 2.0458683555e-07  5.5755555691e-12  9.4307128117e-06      0.0000000000  2.0450633803e-07  2.0389080657e-07   0.0077166666667   0.0077166666667
 2.0442562919e-07  1.1355451651e-11  9.4303828023e-06      0.0000000000  2.0426168395e-07  2.0385805693e-07   0.0077277777778   0.0077277777778
 2.0413468691e-07  8.1493597092e-12  9.4300528172e-06      0.0000000000  2.0401702988e-07  2.0384165853e-07   0.0077388888889   0.0077388888889
 2.0391856168e-07  1.0125372653e-11  9.4297228077e-06      0.0000000000  2.0377237580e-07  2.0346496694e-07   0.0077500000000   0.0077500000000
 2.0376485929e-07  1.6456519196e-11  9.4293928157e-06      0.0000000000  2.0352726698e-07  2.0325886275e-07   0.0077611111111   0.0077611111111
 2.0371587823e-07  3.0009554099e-11  9.4290628097e-06      0.0000000000  2.0328261291e-07  2.0442175006e-07   0.0077722222222   0.0077722222222
 2.0318934231e-07  1.0485378115e-11  9.4287328071e-06      0.0000000000  2.0303795883e-07  2.0413521038e-07   0.0077833333333   0.0077833333333
 2.0307874376e-07  1.9770557737e-11  9.4283878010e-06      0.0000000000  2.0279330476e-07  2.0397361615e-07   0.0077944444444   0.0077944444444
 2.0286528055e-07  2.1962449470e-11  9.4280428054e-06      0.0000000000  2.0254819593e-07  2.0256404529e-07   0.0078055555556   0.0078055555556
 2.0225159077e-07 -3.5983240707e-12  9.4277128168e-06      0.0000000000  2.0230354186e-07  2.0234992271e-07   0.0078166666667   0.0078166666667
 2.0204183286e-07 -1.1812868305e-12  9.4273828073e-06      0.0000000000  2.0205888778e-07  2.0186944794e-07   0.0078277777778   0.0078277777778
 2.0205845844e-07  1.6947403074e-11  9.4270528118e-06      0.0000000000  2.0181377896e-07  2.0153773797e-07   0.0078388888889   0.0078388888889
 2.0162265802e-07  3.7079019703e-12  9.4267228128e-06      0.0000000000  2.0156912489e-07  2.0163598688e-07   0.0078500000000   0.0078500000000
 2.0112471858e-07 -1.3804078521e-11  9.4263928103e-06      0.0000000000  2.0132401607e-07  2.0230211107e-07   0.0078611111111   0.0078611111111
 2.0101564513e-07 -4.4132647798e-12  9.4260628113e-06      0.0000000000  2.0107936199e-07  2.0157322329e-07   0.0078722222222   0.0078722222222
 2.0099844382e-07  1.1372450006e-11  9.4257328088e-06      0.0000000000  2.0083425317e-07  2.0074874367e-07   0.0078833333333   0.0078833333333
 2.0038691024e-07 -1.4038977470e-11  9.4253877991e-06      0.0000000000  2.0058959909e-07  2.0060299756e-07   0.0078944444444   0.0078944444444
 2.0003963224e-07 -2.1115591360e-11  9.4250428035e-06      0.0000000000  2.0034449027e-07  2.0126335165e-07   0.0079055555556   0.0079055555556
 1.9992737499e-07 -1.1945299021e-11  9.4247128184e-06      0.0000000000  2.0009983620e-07  2.0031875334e-07   0.0079166666667   0.0079166666667
 1.9973427460e-07 -8.3430030371e-12  9.4243828089e-06      0.0000000000  1.9985472737e-07  1.9872466508e-07   0.0079277777778   0.0079277777778
 1.9958296006e-07 -1.8464654430e-12  9.4240528169e-06      0.0000000000  1.9960961855e-07  1.9958848200e-07   0.0079388888889   0.0079388888889
 1.9925142572e-07 -7.8641127226e-12  9.4237228144e-06      0.0000000000  1.9936496448e-07  1.9909168743e-07   0.0079500000000   0.0079500000000
 1.9889914038e-07 -1.5287553701e-11  9.4233928084e-06      0.0000000000  1.9911985566e-07  1.9908626322e-07   0.0079611111111   0.0079611111111
 1.9894601095e-07  4.9360154925e-12  9.4230628164e-06      0.0000000000  1.9887474683e-07  1.9896345601e-07   0.0079722222222   0.0079722222222
 1.9881027415e-07  1.2480027268e-11  9.4227328069e-06      0.0000000000  1.9863009276e-07  1.9867540698e-07   0.0079833333333   0.0079833333333
 1.9864118421e-07  1.7745375889e-11  9.4223878007e-06      0.0000000000  1.9838498394e-07  1.9773901573e-07   0.0079944444444   0.0079944444444
 1.9837591967e-07  1.6349316316e-11  9.4220428086e-06      0.0000000000  1.9813987511e-07  1.9838339592e-07   0.0080055555556   0.0080055555556
 1.9823614598e-07  2.3645216231e-11  9.4217128131e-06      0.0000000000  1.9789476629e-07  1.9750025625e-07   0.0080166666667   0.0080166666667
 1.9800125949e-07  2.4353252098e-11  9.4213828140e-06      0.0000000000  1.9764965747e-07  1.9771870247e-07   0.0080277777778   0.0080277777778
 1.9780656720e-07  2.7845287381e-11  9.4210528115e-06      0.0000000000  1.9740454865e-07  1.9703072422e-07   0.0080388888889   0.0080388888889
 1.9756212958e-07  2.7891777551e-11  9.4207228125e-06      0.0000000000  1.9715943983e-07  1.9705789243e-07   0.0080500000000   0.0080500000000
 1.9742673348e-07  3.5490885140e-11  9.4203928100e-06      0.0000000000  1.9691433100e-07  1.9725176463e-07   0.0080611111111   0.0080611111111
 1.9728178653e-07  4.2428465537e-11  9.4200628180e-06      0.0000000000  1.9666922218e-07  1.9682600361e-07   0.0080722222222   0.0080722222222
 1.9696889919e-07  3.7733875117e-11  9.4197328085e-06      0.0000000000  1.9642411336e-07  1.9668807150e-07   0.0080833333333   0.0080833333333
 1.9667776778e-07  3.4546180942e-11  9.4193878023e-06      0.0000000000  1.9617900454e-07  1.9634274598e-07   0.0080944444444   0.0080944444444
 1.9643982974e-07  3.5042856040e-11  9.4190428102e-06      0.0000000000  1.9593389572e-07  1.9599205914e-07   0.0081055555556   0.0081055555556
 1.9620534135e-07  3.5778466335e-11  9.4187128182e-06      0.0000000000  1.9568878689e-07  1.9541740753e-07   0.0081166666667   0.0081166666667
 1.9586459660e-07  2.9154369172e-11  9.4183828156e-06      0.0000000000  1.9544367807e-07  1.9563027232e-07   0.0081277777778   0.0081277777778
 1.9539013698e-07  1.3268687751e-11  9.4180528096e-06      0.0000000000  1.9519856925e-07  1.9676036283e-07   0.0081388888889   0.0081388888889
 1.9513290732e-07  1.2460650712e-11  9.4177228176e-06      0.0000000000  1.9495300568e-07  1.9539545915e-07   0.0081500000000   0.0081500000000
 1.9491234763e-07  1.4161014380e-11  9.4173928116e-06      0.0000000000  1.9470789686e-07  1.9450409668e-07   0.0081611111111   0.0081611111111
 1.9435152984e-07 -7.7061527529e-12  9.4170628161e-06      0.0000000000  1.9446278803e-07  1.9395538695e-07   0.0081722222222   0.0081722222222
 1.9402551001e-07 -1.3310347688e-11  9.4167328136e-06      0.0000000000  1.9421767921e-07  1.9395950620e-07   0.0081833333333   0.0081833333333
 1.9393787916e-07 -2.3713451335e-12  9.4163877970e-06      0.0000000000  1.9397211564e-07  1.9369265089e-07   0.0081944444444   0.0081944444444
 1.9349717937e-07 -1.5918696523e-11  9.4160428153e-06      0.0000000000  1.9372700682e-07  1.9318698892e-07   0.0082055555556   0.0082055555556
 1.9308082215e-07 -2.7779991910e-11  9.4157128128e-06      0.0000000000  1.9348189800e-07  1.9406049080e-07   0.0082166666667   0.0082166666667
 1.9302138002e-07 -1.4888534765e-11  9.4153828138e-06      0.0000000000  1.9323633443e-07  1.9307503012e-07   0.0082277777778   0.0082277777778
 1.9272799302e-07 -1.8232459359e-11  9.4150528112e-06      0.0000000000  1.9299122561e-07  1.9287832790e-07   0.0082388888889   0.0082388888889
 1.9242062018e-07 -2.2513597434e-11  9.4147228192e-06      0.0000000000  1.9274566204e-07  1.9336433694e-07   0.0082500000000   0.0082500000000
 1.9221836652e-07 -1.9545291227e-11  9.4143928097e-06      0.0000000000  1.9250055322e-07  1.9296588563e-07   0.0082611111111   0.0082611111111
 1.9216250602e-07 -6.4057567579e-12  9.4140628177e-06      0.0000000000  1.9225498965e-07  1.9241717589e-07   0.0082722222222   0.0082722222222
 1.9193717064e-07 -5.0361751923e-12  9.4137328152e-06      0.0000000000  1.9200988082e-07  1.9079131277e-07   0.0082833333333   0.0082833333333
 1.9167168384e-07 -6.4161317839e-12  9.4133877986e-06      0.0000000000  1.9176431725e-07  1.9178182032e-07   0.0082944444444   0.0082944444444
 1.9150906948e-07 -6.7076355705e-13  9.4130428169e-06      0.0000000000  1.9151875369e-07  1.9158985052e-07   0.0083055555556   0.0083055555556
 1.9137446933e-07  6.9834743825e-12  9.4127128144e-06      0.0000000000  1.9127364486e-07  1.9075989953e-07   0.0083166666667   0.0083166666667
 1.9127244514e-07  1.6925541061e-11  9.4123828189e-06      0.0000000000  1.9102808129e-07  1.8904830248e-07   0.0083277777778   0.0083277777778
 1.9093960301e-07  1.0880305799e-11  9.4120528128e-06      0.0000000000  1.9078251772e-07  1.9090732793e-07   0.0083388888889   0.0083388888889
 1.9084758491e-07  2.1483934205e-11  9.4117228173e-06      0.0000000000  1.9053740890e-07  1.9096743445e-07   0.0083500000000   0.0083500000000
 1.9098791979e-07  4.8212683651e-11  9.4113928148e-06      0.0000000000  1.9029184533e-07  1.9063575592e-07   0.0083611111111   0.0083611111111
 1.9050186192e-07  3.1555161295e-11  9.4110628123e-06      0.0000000000  1.9004628176e-07  1.9111079076e-07   0.0083722222222   0.0083722222222
 1.9005878421e-07  1.7874603835e-11  9.4107328203e-06      0.0000000000  1.8980071819e-07  1.9083508377e-07   0.0083833333333   0.0083833333333
 1.9008812097e-07  3.6915214022e-11  9.4103878002e-06      0.0000000000  1.8955515462e-07  1.8972118728e-07   0.0083944444444   0.0083944444444
 1.8979464343e-07  3.3596516028e-11  9.4100428150e-06      0.0000000000  1.8930959105e-07  1.8959279863e-07   0.0084055555556   0.0084055555556
 1.8931421433e-07  1.7297366233e-11  9.4097128125e-06      0.0000000000  1.8906448223e-07  1.9015248257e-07   0.0084166666667   0.0084166666667
 1.8921338393e-07  2.7322119184e-11  9.4093828205e-06      0.0000000000  1.8881891866e-07  1.8949723824e-07   0.0084277777778   0.0084277777778
 1.8878821441e-07  1.4881948341e-11  9.4090528110e-06      0.0000000000  1.8857335509e-07  1.8871923386e-07   0.0084388888889   0.0084388888889
 1.8844462710e-07  8.0924626023e-12  9.4087228189e-06      0.0000000000  1.8832779152e-07  1.8872472096e-07   0.0084500000000   0.0084500000000
 1.8828927594e-07  1.4340906843e-11  9.4083928164e-06      0.0000000000  1.8808222795e-07  1.8805862822e-07   0.0084611111111   0.0084611111111
 1.8796956656e-07  9.2052946030e-12  9.4080628139e-06      0.0000000000  1.8783666439e-07  1.8733783745e-07   0.0084722222222   0.0084722222222
 1.8759249333e-07  1.2794806553e-13  9.4077328184e-06      0.0000000000  1.8759064607e-07  1.8745116409e-07   0.0084833333333   0.0084833333333
 1.8719256171e-07 -1.0564152070e-11  9.4073877983e-06      0.0000000000  1.8734508250e-07  1.8635019136e-07   0.0084944444444   0.0084944444444
 1.8707524884e-07 -1.6810359724e-12  9.4070428201e-06      0.0000000000  1.8709951893e-07  1.8632641918e-07   0.0085055555556   0.0085055555556
 1.8698755119e-07  9.2533400000e-12  9.4067128141e-06      0.0000000000  1.8685395536e-07  1.8792753533e-07   0.0085166666667   0.0085166666667
 1.8657233089e-07 -2.4977107161e-12  9.4063828186e-06      0.0000000000  1.8660839179e-07  1.8640694902e-07   0.0085277777778   0.0085277777778
 1.8657059305e-07  1.4390558034e-11  9.4060528161e-06      0.0000000000  1.8636282822e-07  1.8637003296e-07   0.0085388888889   0.0085388888889
 1.8636106210e-07  1.6917807885e-11  9.4057228135e-06      0.0000000000  1.8611680990e-07  1.8579126210e-07   0.0085500000000   0.0085500000000
 1.8595220913e-07  5.6077814658e-12  9.4053928215e-06      0.0000000000  1.8587124633e-07  1.8537485587e-07   0.0085611111111   0.0085611111111
 1.8570492868e-07  5.4888645537e-12  9.4050628120e-06      0.0000000000  1.8562568277e-07  1.8422006557e-07   0.0085722222222   0.0085722222222
 1.8550295885e-07  8.5398249737e-12  9.4047328200e-06      0.0000000000  1.8537966445e-07  1.8418994156e-07   0.0085833333333   0.0085833333333
 1.8524639314e-07  7.7777761595e-12  9.4043877999e-06      0.0000000000  1.8513410088e-07  1.8446564855e-07   0.0085944444444   0.0085944444444
 1.8502272478e-07  9.2943189501e-12  9.4040428217e-06      0.0000000000  1.8488853731e-07  1.8479606929e-07   0.0086055555556   0.0086055555556
 1.8460784518e-07 -2.4016359520e-12  9.4037128122e-06      0.0000000000  1.8464251899e-07  1.8363041485e-07   0.0086166666667   0.0086166666667
 1.8444254506e-07  3.1577066683e-12  9.4033828202e-06      0.0000000000  1.8439695542e-07  1.8497903019e-07   0.0086277777778   0.0086277777778
 1.8443597492e-07  1.9742770221e-11  9.4030528177e-06      0.0000000000  1.8415093711e-07  1.8474960977e-07   0.0086388888889   0.0086388888889
 1.8404463202e-07  9.6455559911e-12  9.4027228151e-06      0.0000000000  1.8390537354e-07  1.8393602574e-07   0.0086500000000   0.0086500000000
 1.8368148776e-07  1.5329813322e-12  9.4023928196e-06      0.0000000000  1.8365935522e-07  1.8311561821e-07   0.0086611111111   0.0086611111111
 1.8347639127e-07  4.3358804587e-12  9.4020628136e-06      0.0000000000  1.8341379165e-07  1.8363991115e-07   0.0086722222222   0.0086722222222
 1.8328357471e-07  8.0208306549e-12  9.4017328251e-06      0.0000000000  1.8316777333e-07  1.8322485704e-07   0.0086833333333   0.0086833333333
 1.8292056325e-07 -8.2546359082e-14  9.4013878015e-06      0.0000000000  1.8292175502e-07  1.8276505714e-07   0.0086944444444   0.0086944444444
 1.8278457938e-07  7.5073475551e-12  9.4010428233e-06      0.0000000000  1.8267619145e-07  1.8357573255e-07   0.0087055555556   0.0087055555556
 1.8256788516e-07  9.5384427589e-12  9.4007128173e-06      0.0000000000  1.8243017313e-07  1.8450523741e-07   0.0087166666667   0.0087166666667
 1.8235437447e-07  1.1790040858e-11  9.4003828148e-06      0.0000000000  1.8218415481e-07  1.8368077351e-07   0.0087277777778   0.0087277777778
 1.8212613912e-07  1.3021755234e-11  9.4000528228e-06      0.0000000000  1.8193813650e-07  1.8264879042e-07   0.0087388888889   0.0087388888889
 1.8172365347e-07  2.1527531117e-12  9.3997228133e-06      0.0000000000  1.8169257293e-07  1.8215198014e-07   0.0087500000000   0.0087500000000
 1.8123992657e-07 -1.4311819795e-11  9.3993928212e-06      0.0000000000  1.8144655461e-07  1.8216831565e-07   0.0087611111111   0.0087611111111
 1.8099617090e-07 -1.4155100985e-11  9.3990628187e-06      0.0000000000  1.8120053629e-07  1.8099706406e-07   0.0087722222222   0.0087722222222
 1.8104372340e-07  6.1786968496e-12  9.3987328197e-06      0.0000000000  1.8095451798e-07  1.7988046332e-07   0.0087833333333   0.0087833333333
 1.8053472627e-07 -1.2036186030e-11  9.3983878031e-06      0.0000000000  1.8070849966e-07  1.7969819421e-07   0.0087944444444   0.0087944444444
 1.8012641278e-07 -2.3277347927e-11  9.3980428214e-06      0.0000000000  1.8046248134e-07  1.7778351167e-07   0.0088055555556   0.0088055555556
 1.8006611756e-07 -1.0413481240e-11  9.3977128189e-06      0.0000000000  1.8021646303e-07  1.7976976231e-07   0.0088166666667   0.0088166666667
 1.7976943276e-07 -1.3922828946e-11  9.3973828164e-06      0.0000000000  1.7997044471e-07  1.7951861362e-07   0.0088277777778   0.0088277777778
 1.7955671802e-07 -1.1616100497e-11  9.3970528209e-06      0.0000000000  1.7972442639e-07  1.7874864336e-07   0.0088388888889   0.0088388888889
 1.7929107442e-07 -1.2975420057e-11  9.3967228149e-06      0.0000000000  1.7947840808e-07  1.7711589386e-07   0.0088500000000   0.0088500000000
 1.7912014579e-07 -7.7744314906e-12  9.3963928228e-06      0.0000000000  1.7923238976e-07  1.8011244648e-07   0.0088611111111   0.0088611111111
 1.7914183089e-07  1.0767694729e-11  9.3960628168e-06      0.0000000000  1.7898637144e-07  1.8057938432e-07   0.0088722222222   0.0088722222222
 1.7889608521e-07  1.0786578409e-11  9.3957328213e-06      0.0000000000  1.7874035313e-07  1.7745599956e-07   0.0088833333333   0.0088833333333
 1.7859303362e-07  6.8362434194e-12  9.3953878082e-06      0.0000000000  1.7849433481e-07  1.7703646459e-07   0.0088944444444   0.0088944444444
 1.7825615433e-07  5.4287779141e-13  9.3950428160e-06      0.0000000000  1.7824831649e-07  1.7854668988e-07   0.0089055555556   0.0089055555556
 1.7809278682e-07  6.2675769265e-12  9.3947128240e-06      0.0000000000  1.7800229817e-07  1.7693592021e-07   0.0089166666667   0.0089166666667
 1.7776142230e-07  3.8768214957e-13  9.3943828145e-06      0.0000000000  1.7775582511e-07  1.7685116106e-07   0.0089277777778   0.0089277777778
 1.7760720806e-07  6.7463710609e-12  9.3940528225e-06      0.0000000000  1.7750980679e-07  1.7843207400e-07   0.0089388888889   0.0089388888889
 1.7735907480e-07  6.5998821967e-12  9.3937228200e-06      0.0000000000  1.7726378848e-07  1.7754192216e-07   0.0089500000000   0.0089500000000
 1.7709615975e-07  5.4610495020e-12  9.3933928209e-06      0.0000000000  1.7701731541e-07  1.7756662196e-07   0.0089611111111   0.0089611111111
 1.7682454667e-07  3.6882615674e-12  9.3930628184e-06      0.0000000000  1.7677129710e-07  1.7820548361e-07   0.0089722222222   0.0089722222222
 1.7657880125e-07  3.7071637544e-12  9.3927328194e-06      0.0000000000  1.7652527878e-07  1.7848394201e-07   0.0089833333333   0.0089833333333
 1.7625088612e-07 -1.9338143312e-12  9.3923878063e-06      0.0000000000  1.7627880572e-07  1.7752813367e-07   0.0089944444444   0.0089944444444
 1.7590419040e-07 -8.9071024408e-12  9.3920428176e-06      0.0000000000  1.7603278740e-07  1.7524023417e-07   0.0090055555556   0.0090055555556
 1.7587209356e-07  5.9413853107e-12  9.3917128256e-06      0.0000000000  1.7578631433e-07  1.7551186908e-07   0.0090166666667   0.0090166666667
 1.7542776492e-07 -7.7943185302e-12  9.3913828161e-06      0.0000000000  1.7554029602e-07  1.7754610431e-07   0.0090277777778   0.0090277777778
 1.7517758478e-07 -8.0510841252e-12  9.3910528241e-06      0.0000000000  1.7529382295e-07  1.7750508472e-07   0.0090388888889   0.0090388888889
 1.7500705400e-07 -2.8225396372e-12  9.3907228181e-06      0.0000000000  1.7504780464e-07  1.7512425046e-07   0.0090500000000   0.0090500000000
 1.7452048427e-07 -1.9452519625e-11  9.3903928156e-06      0.0000000000  1.7480133157e-07  1.7421372246e-07   0.0090611111111   0.0090611111111
 1.7446297474e-07 -6.3957059647e-12  9.3900628235e-06      0.0000000000  1.7455531326e-07  1.7414814457e-07   0.0090722222222   0.0090722222222
 1.7456419545e-07  1.7686847134e-11  9.3897328140e-06      0.0000000000  1.7430884019e-07  1.7435423303e-07   0.0090833333333   0.0090833333333
 1.7403696741e-07 -1.7592777606e-12  9.3893878114e-06      0.0000000000  1.7406236713e-07  1.7717897190e-07   0.0090944444444   0.0090944444444
 1.7392102364e-07  7.2501650067e-12  9.3890428157e-06      0.0000000000  1.7381634881e-07  1.7426548041e-07   0.0091055555556   0.0091055555556
 1.7383082414e-07  1.8074248218e-11  9.3887128237e-06      0.0000000000  1.7356987575e-07  1.7213327927e-07   0.0091166666667   0.0091166666667
 1.7342185716e-07  6.8193200892e-12  9.3883828212e-06      0.0000000000  1.7332340268e-07  1.7241991329e-07   0.0091277777778   0.0091277777778
 1.7295478751e-07 -8.4600125797e-12  9.3880528222e-06      0.0000000000  1.7307692962e-07  1.7232572073e-07   0.0091388888889   0.0091388888889
 1.7278027725e-07 -3.5071013373e-12  9.3877228197e-06      0.0000000000  1.7283091130e-07  1.7168127765e-07   0.0091500000000   0.0091500000000
 1.7237528974e-07 -1.4486396221e-11  9.3873928206e-06      0.0000000000  1.7258443824e-07  1.7165522573e-07   0.0091611111111   0.0091611111111
 1.7193488371e-07 -2.7918908418e-11  9.3870628251e-06      0.0000000000  1.7233796517e-07  1.6984497099e-07   0.0091722222222   0.0091722222222
 1.7177106121e-07 -2.2194225313e-11  9.3867328156e-06      0.0000000000  1.7209149211e-07  1.7089481466e-07   0.0091833333333   0.0091833333333
 1.7149491455e-07 -2.4249528371e-11  9.3863878130e-06      0.0000000000  1.7184501904e-07  1.7224982899e-07   0.0091944444444   0.0091944444444
 1.7142192667e-07 -1.2233304538e-11  9.3860428174e-06      0.0000000000  1.7159854598e-07  1.7312564205e-07   0.0092055555556   0.0092055555556
 1.7108419483e-07 -1.8554223611e-11  9.3857128253e-06      0.0000000000  1.7135207292e-07  1.7178372444e-07   0.0092166666667   0.0092166666667
 1.7078466721e-07 -2.2228978398e-11  9.3853828228e-06      0.0000000000  1.7110559985e-07  1.7067514210e-07   0.0092277777778   0.0092277777778
 1.7073386624e-07 -8.6760076149e-12  9.3850528168e-06      0.0000000000  1.7085912679e-07  1.7095361622e-07   0.0092388888889   0.0092388888889
 1.7059591141e-07 -1.1596343882e-12  9.3847228248e-06      0.0000000000  1.7061265372e-07  1.7131411380e-07   0.0092500000000   0.0092500000000
 1.7060321283e-07  1.6417722429e-11  9.3843928153e-06      0.0000000000  1.7036618066e-07  1.7173456067e-07   0.0092611111111   0.0092611111111
 1.7050147248e-07  2.6442443319e-11  9.3840628302e-06      0.0000000000  1.7011970759e-07  1.7148880474e-07   0.0092722222222   0.0092722222222
 1.7018602667e-07  2.1665137044e-11  9.3837328207e-06      0.0000000000  1.6987323453e-07  1.6987922997e-07   0.0092833333333   0.0092833333333
 1.6992295562e-07  2.0546996900e-11  9.3833878111e-06      0.0000000000  1.6962630672e-07  1.7014737452e-07   0.0092944444444   0.0092944444444
 1.6961596601e-07  1.6355397391e-11  9.3830428224e-06      0.0000000000  1.6937983365e-07  1.7154211921e-07   0.0093055555556   0.0093055555556
 1.6965192052e-07  3.5917372797e-11  9.3827128234e-06      0.0000000000  1.6913336059e-07  1.6999117305e-07   0.0093166666667   0.0093166666667
 1.6921430018e-07  2.2677807573e-11  9.3823828209e-06      0.0000000000  1.6888688753e-07  1.6966076803e-07   0.0093277777778   0.0093277777778
 1.6890920118e-07  1.8617158839e-11  9.3820528219e-06      0.0000000000  1.6864041446e-07  1.6881292501e-07   0.0093388888889   0.0093388888889
 1.6877437301e-07  2.6381593360e-11  9.3817228264e-06      0.0000000000  1.6839348665e-07  1.6868192646e-07   0.0093500000000   0.0093500000000
 1.6833794672e-07  1.3224732915e-11  9.3813928169e-06      0.0000000000  1.6814701359e-07  1.6763477131e-07   0.0093611111111   0.0093611111111
 1.6792494285e-07  1.7216929256e-12  9.3810628283e-06      0.0000000000  1.6790008577e-07  1.6809361214e-07   0.0093722222222   0.0093722222222
 1.6770063038e-07  3.2566174523e-12  9.3807328223e-06      0.0000000000  1.6765361271e-07  1.6856729486e-07   0.0093833333333   0.0093833333333
 1.6737908257e-07 -1.9433363366e-12  9.3803878092e-06      0.0000000000  1.6740713965e-07  1.6763205134e-07   0.0093944444444   0.0093944444444
 1.6730925449e-07  1.0323243574e-11  9.3800428241e-06      0.0000000000  1.6716021184e-07  1.6672685322e-07   0.0094055555556   0.0094055555556
 1.6713747304e-07  1.5496660188e-11  9.3797128180e-06      0.0000000000  1.6691373877e-07  1.6620004471e-07   0.0094166666667   0.0094166666667
 1.6682197009e-07  1.0746893805e-11  9.3793828260e-06      0.0000000000  1.6666681096e-07  1.6552558768e-07   0.0094277777778   0.0094277777778
 1.6664302511e-07  1.5424137265e-11  9.3790528200e-06      0.0000000000  1.6642033790e-07  1.6643072291e-07   0.0094388888889   0.0094388888889
 1.6636731827e-07  1.3430795869e-11  9.3787228245e-06      0.0000000000  1.6617341008e-07  1.6514732385e-07   0.0094500000000   0.0094500000000
 1.6607455607e-07  1.0224639807e-11  9.3783928220e-06      0.0000000000  1.6592693702e-07  1.6531394923e-07   0.0094611111111   0.0094611111111
 1.6597793238e-07  2.0635257120e-11  9.3780628229e-06      0.0000000000  1.6568000921e-07  1.6709962995e-07   0.0094722222222   0.0094722222222
 1.6575396088e-07  2.2225295967e-11  9.3777328274e-06      0.0000000000  1.6543308140e-07  1.6564014066e-07   0.0094833333333   0.0094833333333
 1.6528437113e-07  6.7714116151e-12  9.3773878108e-06      0.0000000000  1.6518660833e-07  1.6419294624e-07   0.0094944444444   0.0094944444444
 1.6515843038e-07  1.5151422115e-11  9.3770428222e-06      0.0000000000  1.6493968052e-07  1.6444695640e-07   0.0095055555556   0.0095055555556
 1.6490938716e-07  1.5004901191e-11  9.3767128266e-06      0.0000000000  1.6469275271e-07  1.6513364541e-07   0.0095166666667   0.0095166666667
 1.6455965949e-07  7.8846037665e-12  9.3763828276e-06      0.0000000000  1.6444582490e-07  1.6230486590e-07   0.0095277777778   0.0095277777778
 1.6440658217e-07  1.4353537349e-11  9.3760528181e-06      0.0000000000  1.6419935183e-07  1.6484425998e-07   0.0095388888889   0.0095388888889
 1.6412172206e-07  1.1726206176e-11  9.3757228296e-06      0.0000000000  1.6395242402e-07  1.6475681232e-07   0.0095500000000   0.0095500000000
 1.6379666800e-07  6.3148940943e-12  9.3753928236e-06      0.0000000000  1.6370549621e-07  1.6403463798e-07   0.0095611111111   0.0095611111111
 1.6359657416e-07  9.5587879338e-12  9.3750628245e-06      0.0000000000  1.6345856840e-07  1.6355136463e-07   0.0095722222222   0.0095722222222
 1.6330455104e-07  6.4353206206e-12  9.3747328255e-06      0.0000000000  1.6321164059e-07  1.6451115072e-07   0.0095833333333   0.0095833333333
 1.6301683924e-07  3.6104714121e-12  9.3743878054e-06      0.0000000000  1.6296471278e-07  1.6330683504e-07   0.0095944444444   0.0095944444444
 1.6268747359e-07 -2.0994772808e-12  9.3740428273e-06      0.0000000000  1.6271778496e-07  1.6384482214e-07   0.0096055555556   0.0096055555556
 1.6240539943e-07 -4.5338429737e-12  9.3737128213e-06      0.0000000000  1.6247085715e-07  1.6278817070e-07   0.0096166666667   0.0096166666667
 1.6216630517e-07 -3.9912622776e-12  9.3733828257e-06      0.0000000000  1.6222392934e-07  1.6139001426e-07   0.0096277777778   0.0096277777778
 1.6157541249e-07 -2.7815537691e-11  9.3730528232e-06      0.0000000000  1.6197700153e-07  1.6192246710e-07   0.0096388888889   0.0096388888889
 1.6129333833e-07 -3.0249903384e-11  9.3727228242e-06      0.0000000000  1.6173007372e-07  1.6221199403e-07   0.0096500000000   0.0096500000000
 1.6119193894e-07 -2.0170068173e-11  9.3723928287e-06      0.0000000000  1.6148314591e-07  1.6104060093e-07   0.0096611111111   0.0096611111111
 1.6097393666e-07 -1.8166579457e-11  9.3720628262e-06      0.0000000000  1.6123621810e-07  1.6101604263e-07   0.0096722222222   0.0096722222222
 1.6067196431e-07 -2.1979166897e-11  9.3717328271e-06      0.0000000000  1.6098929028e-07  1.6113474632e-07   0.0096833333333   0.0096833333333
 1.6047926647e-07 -1.8222999399e-11  9.3713878105e-06      0.0000000000  1.6074236247e-07  1.5953730919e-07   0.0096944444444   0.0096944444444
 1.5999672760e-07 -3.4510792434e-11  9.3710428289e-06      0.0000000000  1.6049497991e-07  1.5799732151e-07   0.0097055555556   0.0097055555556
 1.5996457362e-07 -1.9634764790e-11  9.3707128194e-06      0.0000000000  1.6024805210e-07  1.6093405062e-07   0.0097166666667   0.0097166666667
 1.5980984753e-07 -1.3248533511e-11  9.3703828308e-06      0.0000000000  1.6000112429e-07  1.5907444344e-07   0.0097277777778   0.0097277777778
 1.5933754748e-07 -2.8858645806e-11  9.3700528248e-06      0.0000000000  1.5975419648e-07  1.5857080966e-07   0.0097388888889   0.0097388888889
 1.5923609096e-07 -1.8751270703e-11  9.3697228258e-06      0.0000000000  1.5950681392e-07  1.5868003277e-07   0.0097500000000   0.0097500000000
 1.5905191556e-07 -1.4404806868e-11  9.3693928268e-06      0.0000000000  1.5925988611e-07  1.5986774566e-07   0.0097611111111   0.0097611111111
 1.5888843430e-07 -8.6249909364e-12  9.3690628208e-06      0.0000000000  1.5901295830e-07  1.5954817333e-07   0.0097722222222   0.0097722222222
 1.5859874189e-07 -1.1555527306e-11  9.3687328322e-06      0.0000000000  1.5876557574e-07  1.5878233805e-07   0.0097833333333   0.0097833333333
 1.5832847417e-07 -1.3172135389e-11  9.3683878086e-06      0.0000000000  1.5851864793e-07  1.5808418745e-07   0.0097944444444   0.0097944444444
 1.5808308771e-07 -1.3033878465e-11  9.3680428270e-06      0.0000000000  1.5827126537e-07  1.5884917373e-07   0.0098055555556   0.0098055555556
 1.5798924970e-07 -2.4303141785e-12  9.3677128245e-06      0.0000000000  1.5802433756e-07  1.5729148269e-07   0.0098166666667   0.0098166666667
 1.5791206921e-07  9.3585088516e-12  9.3673828289e-06      0.0000000000  1.5777695500e-07  1.5903087683e-07   0.0098277777778   0.0098277777778
 1.5766740358e-07  9.5151956013e-12  9.3670528299e-06      0.0000000000  1.5753002719e-07  1.5985004230e-07   0.0098388888889   0.0098388888889
 1.5775816295e-07  3.2936152435e-11  9.3667228274e-06      0.0000000000  1.5728264463e-07  1.5785670088e-07   0.0098500000000   0.0098500000000
 1.5755687506e-07  3.6097341496e-11  9.3663928284e-06      0.0000000000  1.5703571681e-07  1.5744570314e-07   0.0098611111111   0.0098611111111
 1.5713187562e-07  2.3794941663e-11  9.3660628259e-06      0.0000000000  1.5678833426e-07  1.5813382289e-07   0.0098722222222   0.0098722222222
 1.5697271454e-07  2.9905486654e-11  9.3657328338e-06      0.0000000000  1.5654095170e-07  1.5737882030e-07   0.0098833333333   0.0098833333333
 1.5688557597e-07  4.0973078602e-11  9.3653878068e-06      0.0000000000  1.5629402389e-07  1.5548981234e-07   0.0098944444444   0.0098944444444
 1.5648014261e-07  3.0025897150e-11  9.3650428356e-06      0.0000000000  1.5604664133e-07  1.5461266288e-07   0.0099055555556   0.0099055555556
 1.5610090849e-07  2.0893372172e-11  9.3647128261e-06      0.0000000000  1.5579925877e-07  1.5563799542e-07   0.0099166666667   0.0099166666667
 1.5593105964e-07  2.6232145301e-11  9.3643828270e-06      0.0000000000  1.5555233096e-07  1.5479957008e-07   0.0099277777778   0.0099277777778
 1.5559838733e-07  2.0324662542e-11  9.3640528280e-06      0.0000000000  1.5530494840e-07  1.5565153235e-07   0.0099388888889   0.0099388888889
 1.5524263331e-07  1.2818455141e-11  9.3637228220e-06      0.0000000000  1.5505756584e-07  1.5627959275e-07   0.0099500000000   0.0099500000000
 1.5470421423e-07 -7.3398067994e-12  9.3633928335e-06      0.0000000000  1.5481018328e-07  1.5370463473e-07   0.0099611111111   0.0099611111111
 1.5430747005e-07 -1.7685143967e-11  9.3630628240e-06      0.0000000000  1.5456280072e-07  1.5327049370e-07   0.0099722222222   0.0099722222222
 1.5409617606e-07 -1.5185516634e-11  9.3627328284e-06      0.0000000000  1.5431541816e-07  1.5297966182e-07   0.0099833333333   0.0099833333333
 1.5383300561e-07 -1.6310541132e-11  9.3623878153e-06      0.0000000000  1.5406849035e-07  1.5409668706e-07   0.0099944444444   0.0099944444444
 1.5351724621e-07 -2.1046573344e-11  9.3620428302e-06      0.0000000000  1.5382110779e-07  1.5275164069e-07    0.010005555556    0.010005555556
 1.5348304563e-07 -6.2808039252e-12  9.3617128242e-06      0.0000000000  1.5357372523e-07  1.5092064818e-07    0.010016666667    0.010016666667
 1.5324906776e-07 -5.3523453128e-12  9.3613828286e-06      0.0000000000  1.5332634267e-07  1.5032253884e-07    0.010027777778    0.010027777778
 1.5283680297e-07 -1.6772696553e-11  9.3610528296e-06      0.0000000000  1.5307896011e-07  1.5327179866e-07    0.010038888889    0.010038888889
 1.5265893776e-07 -1.1957668530e-11  9.3607228271e-06      0.0000000000  1.5283157756e-07  1.5250174979e-07    0.010050000000    0.010050000000
 1.5251404663e-07 -4.8272373395e-12  9.3603928351e-06      0.0000000000  1.5258374025e-07  1.5233098943e-07    0.010061111111    0.010061111111
 1.5240741683e-07  4.9218182454e-12  9.3600628256e-06      0.0000000000  1.5233635769e-07  1.5213436582e-07    0.010072222222    0.010072222222
 1.5204609117e-07 -2.9703016084e-12  9.3597328335e-06      0.0000000000  1.5208897513e-07  1.5117597901e-07    0.010083333333    0.010083333333
 1.5162686243e-07 -1.4873001775e-11  9.3593878135e-06      0.0000000000  1.5184159257e-07  1.5147225083e-07    0.010094444444    0.010094444444
 1.5143606325e-07 -1.0953828066e-11  9.3590428283e-06      0.0000000000  1.5159421001e-07  1.5118132461e-07    0.010105555556    0.010105555556
 1.5113522782e-07 -1.4656170835e-11  9.3587128328e-06      0.0000000000  1.5134682746e-07  1.5299201958e-07    0.010116666667    0.010116666667
 1.5076747769e-07 -2.2961775093e-11  9.3583828233e-06      0.0000000000  1.5109899015e-07  1.5038396603e-07    0.010127777778    0.010127777778
 1.5071815435e-07 -9.2434638253e-12  9.3580528347e-06      0.0000000000  1.5085160759e-07  1.5119509738e-07    0.010138888889    0.010138888889
 1.5027365456e-07 -2.2896529484e-11  9.3577228252e-06      0.0000000000  1.5060422503e-07  1.5242947418e-07    0.010150000000    0.010150000000
 1.4983745497e-07 -3.5943195825e-11  9.3573928297e-06      0.0000000000  1.5035638773e-07  1.5210854973e-07    0.010161111111    0.010161111111
 1.4963491642e-07 -3.2837134638e-11  9.3570628307e-06      0.0000000000  1.5010900517e-07  1.5112541596e-07    0.010172222222    0.010172222222
 1.4939098960e-07 -3.2597777646e-11  9.3567328282e-06      0.0000000000  1.4986162261e-07  1.4910740619e-07    0.010183333333    0.010183333333
 1.4909477360e-07 -3.5948664268e-11  9.3563878151e-06      0.0000000000  1.4961378530e-07  1.5018427657e-07    0.010194444444    0.010194444444
 1.4914305004e-07 -1.5470232053e-11  9.3560428299e-06      0.0000000000  1.4936640274e-07  1.5046869373e-07    0.010205555556    0.010205555556
 1.4895040357e-07 -1.1647510848e-11  9.3557128309e-06      0.0000000000  1.4911856544e-07  1.4952250747e-07    0.010216666667    0.010216666667
 1.4865911926e-07 -1.4688307919e-11  9.3553828214e-06      0.0000000000  1.4887118288e-07  1.4876327557e-07    0.010227777778    0.010227777778
 1.4849114614e-07 -9.1566198770e-12  9.3550528363e-06      0.0000000000  1.4862334557e-07  1.4802596061e-07    0.010238888889    0.010238888889
 1.4851146631e-07  9.3854582521e-12  9.3547228268e-06      0.0000000000  1.4837596301e-07  1.4793859156e-07    0.010250000000    0.010250000000
 1.4804939905e-07 -5.4528982102e-12  9.3543928348e-06      0.0000000000  1.4812812571e-07  1.4707433441e-07    0.010261111111    0.010261111111
 1.4796067771e-07  5.5365624988e-12  9.3540628323e-06      0.0000000000  1.4788074315e-07  1.4754127225e-07    0.010272222222    0.010272222222
 1.4773500004e-07  7.0714204291e-12  9.3537328263e-06      0.0000000000  1.4763290584e-07  1.4725594319e-07    0.010283333333    0.010283333333
 1.4733514797e-07 -3.4576820965e-12  9.3533878202e-06      0.0000000000  1.4738506853e-07  1.4605011816e-07    0.010294444444    0.010294444444
 1.4710262922e-07 -2.4281604282e-12  9.3530428245e-06      0.0000000000  1.4713768598e-07  1.4574299793e-07    0.010305555556    0.010305555556
 1.4692669688e-07  2.5522426161e-12  9.3527128360e-06      0.0000000000  1.4688984867e-07  1.4866493232e-07    0.010316666667    0.010316666667
 1.4671773386e-07  5.2448193981e-12  9.3523828300e-06      0.0000000000  1.4664201136e-07  1.4788939635e-07    0.010327777778    0.010327777778
 1.4643998015e-07  3.1412012712e-12  9.3520528309e-06      0.0000000000  1.4639462880e-07  1.4713157946e-07    0.010338888889    0.010338888889
 1.4619997593e-07  3.6837499072e-12  9.3517228319e-06      0.0000000000  1.4614679150e-07  1.4499058953e-07    0.010350000000    0.010350000000
 1.4583461365e-07 -4.4564633001e-12  9.3513928294e-06      0.0000000000  1.4589895419e-07  1.4445538528e-07    0.010361111111    0.010361111111
 1.4554605816e-07 -7.2767549994e-12  9.3510628304e-06      0.0000000000  1.4565111689e-07  1.4420964508e-07    0.010372222222    0.010372222222
 1.4547081027e-07  4.6774245455e-12  9.3507328279e-06      0.0000000000  1.4540327958e-07  1.4477906114e-07    0.010383333333    0.010383333333
 1.4538820059e-07  1.6121699242e-11  9.3503878218e-06      0.0000000000  1.4515544227e-07  1.4639556946e-07    0.010394444444    0.010394444444
 1.4491319936e-07  3.8748846547e-13  9.3500428261e-06      0.0000000000  1.4490760497e-07  1.4452506670e-07    0.010405555556    0.010405555556
 1.4457728612e-07 -5.7129758031e-12  9.3497128376e-06      0.0000000000  1.4465976766e-07  1.4331928885e-07    0.010416666667    0.010416666667
 1.4453387538e-07  8.4463622381e-12  9.3493828281e-06      0.0000000000  1.4441193035e-07  1.4553395367e-07    0.010427777778    0.010427777778
 1.4428153436e-07  8.1344182027e-12  9.3490528360e-06      0.0000000000  1.4416409305e-07  1.4554631143e-07    0.010438888889    0.010438888889
 1.4376375255e-07 -1.0562933242e-11  9.3487228335e-06      0.0000000000  1.4391625574e-07  1.4479813234e-07    0.010450000000    0.010450000000
 1.4355717712e-07 -7.7049839152e-12  9.3483928275e-06      0.0000000000  1.4366841844e-07  1.4447176796e-07    0.010461111111    0.010461111111
 1.4343775554e-07  1.1895629683e-12  9.3480628355e-06      0.0000000000  1.4342058113e-07  1.4375907420e-07    0.010472222222    0.010472222222
 1.4303339283e-07 -9.6519633825e-12  9.3477328295e-06      0.0000000000  1.4317274382e-07  1.4386420950e-07    0.010483333333    0.010483333333
 1.4287490484e-07 -3.4633007053e-12  9.3473878199e-06      0.0000000000  1.4292490652e-07  1.4350416787e-07    0.010494444444    0.010494444444
 1.4272689590e-07  3.4511801463e-12  9.3470428312e-06      0.0000000000  1.4267706921e-07  1.4442934909e-07    0.010505555556    0.010505555556
 1.4239894214e-07 -2.0979806184e-12  9.3467128322e-06      0.0000000000  1.4242923190e-07  1.4217902599e-07    0.010516666667    0.010516666667
 1.4209958460e-07 -5.6349643963e-12  9.3463828332e-06      0.0000000000  1.4218093985e-07  1.4098015024e-07    0.010527777778    0.010527777778
 1.4212900091e-07  1.3568643401e-11  9.3460528307e-06      0.0000000000  1.4193310254e-07  1.4126280650e-07    0.010538888889    0.010538888889
 1.4180741421e-07  8.4604884267e-12  9.3457228316e-06      0.0000000000  1.4168526524e-07  1.4136122836e-07    0.010550000000    0.010550000000
 1.4139071497e-07 -3.2355120891e-12  9.3453928291e-06      0.0000000000  1.4143742793e-07  1.4219693374e-07    0.010561111111    0.010561111111
 1.4135162468e-07  1.1254573518e-11  9.3450628371e-06      0.0000000000  1.4118913588e-07  1.4072216233e-07    0.010572222222    0.010572222222
 1.4106943651e-07  8.8753061155e-12  9.3447328276e-06      0.0000000000  1.4094129857e-07  1.4055014418e-07    0.010583333333    0.010583333333
 1.4064451273e-07 -3.3903561813e-12  9.3443878215e-06      0.0000000000  1.4069346127e-07  1.4112349083e-07    0.010594444444    0.010594444444
 1.4046480882e-07  1.3603117866e-12  9.3440428293e-06      0.0000000000  1.4044516921e-07  1.3969533617e-07    0.010605555556    0.010605555556
 1.4014322239e-07 -3.7478246814e-12  9.3437128373e-06      0.0000000000  1.4019733191e-07  1.3953001574e-07    0.010616666667    0.010616666667
 1.3989082450e-07 -4.0322103185e-12  9.3433828348e-06      0.0000000000  1.3994903985e-07  1.3928701122e-07    0.010627777778    0.010627777778
 1.3970175940e-07  3.8569704068e-14  9.3430528323e-06      0.0000000000  1.3970120255e-07  1.4027432714e-07    0.010638888889    0.010638888889
 1.3938051394e-07 -5.0144524435e-12  9.3427228367e-06      0.0000000000  1.3945291049e-07  1.3987549848e-07    0.010650000000    0.010650000000
 1.3923602064e-07  2.1435346687e-12  9.3423928307e-06      0.0000000000  1.3920507319e-07  1.3913408000e-07    0.010661111111    0.010661111111
 1.3888373397e-07 -5.0595156248e-12  9.3420628352e-06      0.0000000000  1.3895678113e-07  1.4055149630e-07    0.010672222222    0.010672222222
 1.3856811702e-07 -9.7541837181e-12  9.3417328327e-06      0.0000000000  1.3870894383e-07  1.4076311903e-07    0.010683333333    0.010683333333
 1.3845434274e-07 -4.3698684501e-13  9.3413878196e-06      0.0000000000  1.3846065177e-07  1.3829214858e-07    0.010694444444    0.010694444444
 1.3827185315e-07  4.1207341497e-12  9.3410428344e-06      0.0000000000  1.3821235972e-07  1.4065943018e-07    0.010705555556    0.010705555556
 1.3791285819e-07 -3.5784547609e-12  9.3407128319e-06      0.0000000000  1.3796452241e-07  1.3936908185e-07    0.010716666667    0.010716666667
 1.3765170512e-07 -4.4692557458e-12  9.3403828329e-06      0.0000000000  1.3771623036e-07  1.3814006637e-07    0.010727777778    0.010727777778
 1.3739811317e-07 -4.8363461616e-12  9.3400528304e-06      0.0000000000  1.3746793831e-07  1.3871765805e-07    0.010738888889    0.010738888889
 1.3714491906e-07 -5.1758806553e-12  9.3397228383e-06      0.0000000000  1.3721964625e-07  1.3727565200e-07    0.010750000000    0.010750000000
 1.3691446597e-07 -3.9717863210e-12  9.3393928288e-06      0.0000000000  1.3697180895e-07  1.3672676932e-07    0.010761111111    0.010761111111
 1.3653233242e-07 -1.3242141475e-11  9.3390628368e-06      0.0000000000  1.3672351689e-07  1.3501435471e-07    0.010772222222    0.010772222222
 1.3616731084e-07 -2.1327258869e-11  9.3387328343e-06      0.0000000000  1.3647522484e-07  1.3589502597e-07    0.010783333333    0.010783333333
 1.3634862570e-07  8.4289000730e-12  9.3383878177e-06      0.0000000000  1.3622693279e-07  1.3641464938e-07    0.010794444444    0.010794444444
 1.3586030206e-07 -8.1965729716e-12  9.3380428360e-06      0.0000000000  1.3597864073e-07  1.3475350533e-07    0.010805555556    0.010805555556
 1.3536793294e-07 -2.5102250325e-11  9.3377128335e-06      0.0000000000  1.3573034868e-07  1.3380310547e-07    0.010816666667    0.010816666667
 1.3533600592e-07 -1.0116010071e-11  9.3373828380e-06      0.0000000000  1.3548205662e-07  1.3557543793e-07    0.010827777778    0.010827777778
 1.3505933226e-07 -1.2081825128e-11  9.3370528320e-06      0.0000000000  1.3523376457e-07  1.3745579859e-07    0.010838888889    0.010838888889
 1.3466287164e-07 -2.2344526590e-11  9.3367228364e-06      0.0000000000  1.3498547252e-07  1.3589367385e-07    0.010850000000    0.010850000000
 1.3445783123e-07 -1.9348758164e-11  9.3363928339e-06      0.0000000000  1.3473718046e-07  1.3457606298e-07    0.010861111111    0.010861111111
 1.3424562728e-07 -1.6849162891e-11  9.3360628314e-06      0.0000000000  1.3448888841e-07  1.3409266385e-07    0.010872222222    0.010872222222
 1.3402984196e-07 -1.4597626436e-11  9.3357328394e-06      0.0000000000  1.3424059636e-07  1.3351628279e-07    0.010883333333    0.010883333333
 1.3373857670e-07 -1.7574109065e-11  9.3353878193e-06      0.0000000000  1.3399230430e-07  1.3281706307e-07    0.010894444444    0.010894444444
 1.3351350478e-07 -1.5965797044e-11  9.3350428341e-06      0.0000000000  1.3374401225e-07  1.3227635600e-07    0.010905555556    0.010905555556
 1.3347998614e-07 -1.0897989841e-12  9.3347128316e-06      0.0000000000  1.3349572020e-07  1.3287028320e-07    0.010916666667    0.010916666667
 1.3325823107e-07  7.4825059009e-13  9.3343828396e-06      0.0000000000  1.3324742814e-07  1.3163861064e-07    0.010927777778    0.010927777778
 1.3277899471e-07 -1.5247803741e-11  9.3340528301e-06      0.0000000000  1.3299913609e-07  1.3316682229e-07    0.010938888889    0.010938888889
 1.3284968501e-07  6.8775880346e-12  9.3337228380e-06      0.0000000000  1.3275038929e-07  1.3445041002e-07    0.010950000000    0.010950000000
 1.3282929885e-07  2.2663190610e-11  9.3333928355e-06      0.0000000000  1.3250209723e-07  1.3284720280e-07    0.010961111111    0.010961111111
 1.3246348159e-07  1.4522961373e-11  9.3330628330e-06      0.0000000000  1.3225380518e-07  1.3142966071e-07    0.010972222222    0.010972222222
 1.3236270727e-07  2.4740583623e-11  9.3327328375e-06      0.0000000000  1.3200551313e-07  1.3153619530e-07    0.010983333333    0.010983333333
 1.3230628196e-07  3.8061478931e-11  9.3323878209e-06      0.0000000000  1.3175676633e-07  1.3222363899e-07    0.010994444444    0.010994444444
 1.3192670165e-07  2.8967970245e-11  9.3320428392e-06      0.0000000000  1.3150847427e-07  1.3092992607e-07    0.011005555556    0.011005555556
 1.3152540846e-07  1.8402045079e-11  9.3317128332e-06      0.0000000000  1.3125972747e-07  1.3146942252e-07    0.011016666667    0.011016666667
 1.3151218584e-07  3.4683820808e-11  9.3313828412e-06      0.0000000000  1.3101143542e-07  1.3087401742e-07    0.011027777778    0.011027777778
 1.3129162483e-07  3.6604575161e-11  9.3310528352e-06      0.0000000000  1.3076314336e-07  1.3090659412e-07    0.011038888889    0.011038888889
 1.3086048477e-07  2.3971345135e-11  9.3307228327e-06      0.0000000000  1.3051439656e-07  1.2992342890e-07    0.011050000000    0.011050000000
 1.3062201531e-07  2.4651694364e-11  9.3303928406e-06      0.0000000000  1.3026610451e-07  1.3100495309e-07    0.011061111111    0.011061111111
 1.3025176333e-07  1.6235797345e-11  9.3300628311e-06      0.0000000000  1.3001735771e-07  1.3108688221e-07    0.011072222222    0.011072222222
 1.2983500694e-07  4.5673367208e-12  9.3297328391e-06      0.0000000000  1.2976906566e-07  1.2951923893e-07    0.011083333333    0.011083333333
 1.2955104687e-07  2.1283358448e-12  9.3293878190e-06      0.0000000000  1.2952031885e-07  1.2870497883e-07    0.011094444444    0.011094444444
 1.2942680159e-07  1.0751769979e-11  9.3290428408e-06      0.0000000000  1.2927157205e-07  1.2875054218e-07    0.011105555556    0.011105555556
 1.2885006457e-07 -1.1997539451e-11  9.3287128313e-06      0.0000000000  1.2902328000e-07  1.2853885657e-07    0.011116666667    0.011116666667
 1.2826013739e-07 -3.5628950518e-11  9.3283828393e-06      0.0000000000  1.2877453320e-07  1.2952750888e-07    0.011127777778    0.011127777778
 1.2804946847e-07 -3.2991536146e-11  9.3280528368e-06      0.0000000000  1.2852578640e-07  1.2725780014e-07    0.011138888889    0.011138888889
 1.2784880538e-07 -2.9692578553e-11  9.3277228343e-06      0.0000000000  1.2827749434e-07  1.2726877433e-07    0.011150000000    0.011150000000
 1.2759197276e-07 -3.0252631972e-11  9.3273928422e-06      0.0000000000  1.2802874754e-07  1.2689187835e-07    0.011161111111    0.011161111111
 1.2741712047e-07 -2.5134425858e-11  9.3270628327e-06      0.0000000000  1.2778000074e-07  1.2728512557e-07    0.011172222222    0.011172222222
 1.2709701166e-07 -3.0077221841e-11  9.3267328442e-06      0.0000000000  1.2753125394e-07  1.2817144116e-07    0.011183333333    0.011183333333
 1.2699809482e-07 -1.9730943601e-11  9.3263878206e-06      0.0000000000  1.2728296189e-07  1.2757454244e-07    0.011194444444    0.011194444444
 1.2702991722e-07 -2.9768582969e-13  9.3260428424e-06      0.0000000000  1.2703421509e-07  1.2700787779e-07    0.011205555556    0.011205555556
 1.2683158484e-07  3.1942027070e-12  9.3257128364e-06      0.0000000000  1.2678546829e-07  1.2655177264e-07    0.011216666667    0.011216666667
 1.2662210971e-07  5.9143033509e-12  9.3253828339e-06      0.0000000000  1.2653672149e-07  1.2727292503e-07    0.011227777778    0.011227777778
 1.2637960391e-07  6.3465777325e-12  9.3250528419e-06      0.0000000000  1.2628797468e-07  1.2670747100e-07    0.011238888889    0.011238888889
 1.2615301628e-07  7.8814036027e-12  9.3247228324e-06      0.0000000000  1.2603922788e-07  1.2640696987e-07    0.011250000000    0.011250000000
 1.2570993725e-07 -5.5787631727e-12  9.3243928403e-06      0.0000000000  1.2579048108e-07  1.2416735369e-07    0.011261111111    0.011261111111
 1.2547220687e-07 -4.8157251952e-12  9.3240628378e-06      0.0000000000  1.2554173428e-07  1.2406910477e-07    0.011272222222    0.011272222222
 1.2545653926e-07  1.1328199374e-11  9.3237328388e-06      0.0000000000  1.2529298748e-07  1.2567232772e-07    0.011283333333    0.011283333333
 1.2517191603e-07  8.8432657930e-12  9.3233878222e-06      0.0000000000  1.2504424068e-07  1.2463773472e-07    0.011294444444    0.011294444444
 1.2485452638e-07  4.0888087073e-12  9.3230428405e-06      0.0000000000  1.2479549388e-07  1.2492675853e-07    0.011305555556    0.011305555556
 1.2450019311e-07 -3.2244998107e-12  9.3227128380e-06      0.0000000000  1.2454674708e-07  1.2468913105e-07    0.011316666667    0.011316666667
 1.2430106504e-07  2.1227688192e-13  9.3223828355e-06      0.0000000000  1.2429800028e-07  1.2531189302e-07    0.011327777778    0.011327777778
 1.2405776302e-07  5.8940240679e-13  9.3220528435e-06      0.0000000000  1.2404925348e-07  1.2562316395e-07    0.011338888889    0.011338888889
 1.2379257307e-07 -5.4951043803e-13  9.3217228340e-06      0.0000000000  1.2380050668e-07  1.2543737304e-07    0.011350000000    0.011350000000
 1.2347996877e-07 -4.9410189474e-12  9.3213928419e-06      0.0000000000  1.2355130513e-07  1.2257504205e-07    0.011361111111    0.011361111111
 1.2328283045e-07 -1.3664256321e-12  9.3210628394e-06      0.0000000000  1.2330255833e-07  1.2111646465e-07    0.011372222222    0.011372222222
 1.2299575284e-07 -4.0213583402e-12  9.3207328404e-06      0.0000000000  1.2305381153e-07  1.2134866792e-07    0.011383333333    0.011383333333
 1.2277254833e-07 -2.2522053480e-12  9.3203878273e-06      0.0000000000  1.2280506472e-07  1.2284268348e-07    0.011394444444    0.011394444444
 1.2267504205e-07  8.2547682891e-12  9.3200428352e-06      0.0000000000  1.2255586318e-07  1.2226652253e-07    0.011405555556    0.011405555556
 1.2260564964e-07  2.0677514499e-11  9.3197128431e-06      0.0000000000  1.2230711638e-07  1.2151126839e-07    0.011416666667    0.011416666667
 1.2226405101e-07  1.4246254574e-11  9.3193828336e-06      0.0000000000  1.2205836957e-07  1.2149490143e-07    0.011427777778    0.011427777778
 1.2199920230e-07  1.3162474556e-11  9.3190528416e-06      0.0000000000  1.2180916803e-07  1.2141696578e-07    0.011438888889    0.011438888889
 1.2199109608e-07  2.9830128201e-11  9.3187228391e-06      0.0000000000  1.2156042122e-07  1.2156991272e-07    0.011450000000    0.011450000000
 1.2182653345e-07  3.5692531749e-11  9.3183928401e-06      0.0000000000  1.2131121968e-07  1.2081882500e-07    0.011461111111    0.011461111111
 1.2148413914e-07  2.9206159981e-11  9.3180628375e-06      0.0000000000  1.2106247288e-07  1.2063029839e-07    0.011472222222    0.011472222222
 1.2132037245e-07  3.5123693879e-11  9.3177328385e-06      0.0000000000  1.2081327133e-07  1.1995290128e-07    0.011483333333    0.011483333333
 1.2116853588e-07  4.1836053571e-11  9.3173878289e-06      0.0000000000  1.2056452453e-07  1.1969544793e-07    0.011494444444    0.011494444444
 1.2093559005e-07  4.2961984606e-11  9.3170428368e-06      0.0000000000  1.2031532298e-07  1.1869096322e-07    0.011505555556    0.011505555556
 1.2065925709e-07  4.1051265362e-11  9.3167128447e-06      0.0000000000  1.2006657618e-07  1.2125048190e-07    0.011516666667    0.011516666667
 1.2032954056e-07  3.5474500585e-11  9.3163828352e-06      0.0000000000  1.1981737463e-07  1.2089536136e-07    0.011527777778    0.011527777778
 1.1982398128e-07  1.7686721596e-11  9.3160528432e-06      0.0000000000  1.1956862783e-07  1.1893686065e-07    0.011538888889    0.011538888889
 1.1948829526e-07  1.1696488445e-11  9.3157228407e-06      0.0000000000  1.1931942628e-07  1.1893686065e-07    0.011550000000    0.011550000000
 1.1928592627e-07  1.4940283628e-11  9.3153928347e-06      0.0000000000  1.1907022473e-07  1.1997063609e-07    0.011561111111    0.011561111111
 1.1877280614e-07 -3.3711874245e-12  9.3150628426e-06      0.0000000000  1.1882147793e-07  1.1865146870e-07    0.011572222222    0.011572222222
 1.1831892507e-07 -1.7548046279e-11  9.3147328366e-06      0.0000000000  1.1857227638e-07  1.1839198716e-07    0.011583333333    0.011583333333
 1.1827623906e-07 -3.2440183381e-12  9.3143878340e-06      0.0000000000  1.1832307483e-07  1.1963916195e-07    0.011594444444    0.011594444444
 1.1811117866e-07  2.5839079210e-12  9.3140428384e-06      0.0000000000  1.1807387329e-07  1.1765578850e-07    0.011605555556    0.011605555556
 1.1756184380e-07 -1.8235929301e-11  9.3137128428e-06      0.0000000000  1.1782512648e-07  1.1737171722e-07    0.011616666667    0.011616666667
 1.1737539352e-07 -1.3889545617e-11  9.3133828403e-06      0.0000000000  1.1757592494e-07  1.1715871093e-07    0.011627777778    0.011627777778
 1.1718854512e-07 -9.5707363609e-12  9.3130528413e-06      0.0000000000  1.1732672339e-07  1.1773644411e-07    0.011638888889    0.011638888889
 1.1663119417e-07 -3.0914300182e-11  9.3127228388e-06      0.0000000000  1.1707752184e-07  1.1609757862e-07    0.011650000000    0.011650000000
 1.1614070052e-07 -4.7627081129e-11  9.3123928398e-06      0.0000000000  1.1682832029e-07  1.1630921707e-07    0.011661111111    0.011661111111
 1.1611144544e-07 -3.2392777105e-11  9.3120628442e-06      0.0000000000  1.1657911874e-07  1.1696482301e-07    0.011672222222    0.011672222222
 1.1598150565e-07 -2.4132268088e-11  9.3117328347e-06      0.0000000000  1.1632991720e-07  1.1734722181e-07    0.011683333333    0.011683333333
 1.1576023401e-07 -2.2197740074e-11  9.3113878321e-06      0.0000000000  1.1608071565e-07  1.1673217951e-07    0.011694444444    0.011694444444
 1.1527630646e-07 -3.8455728016e-11  9.3110428365e-06      0.0000000000  1.1583151410e-07  1.1524803759e-07    0.011705555556    0.011705555556
 1.1521799993e-07 -2.5233635515e-11  9.3107128444e-06      0.0000000000  1.1558231255e-07  1.1420187295e-07    0.011716666667    0.011716666667
 1.1507572333e-07 -1.7827619169e-11  9.3103828419e-06      0.0000000000  1.1533311100e-07  1.1522891922e-07    0.011727777778    0.011727777778
 1.1472650645e-07 -2.4755049771e-11  9.3100528394e-06      0.0000000000  1.1508390945e-07  1.1477419764e-07    0.011738888889    0.011738888889
 1.1445330041e-07 -2.6417689215e-11  9.3097228439e-06      0.0000000000  1.1483470791e-07  1.1361602704e-07    0.011750000000    0.011750000000
 1.1450403566e-07 -5.6429607875e-12  9.3093928379e-06      0.0000000000  1.1458550636e-07  1.1381670701e-07    0.011761111111    0.011761111111
 1.1434942226e-07  9.0856288683e-13  9.3090628493e-06      0.0000000000  1.1433630481e-07  1.1339064726e-07    0.011772222222    0.011772222222
 1.1386211240e-07 -1.5583696658e-11  9.3087328398e-06      0.0000000000  1.1408710326e-07  1.1265325370e-07    0.011783333333    0.011783333333
 1.1389557915e-07  4.0264495463e-12  9.3083878302e-06      0.0000000000  1.1383744696e-07  1.1464771140e-07    0.011794444444    0.011794444444
 1.1340598057e-07 -1.2624335202e-11  9.3080428416e-06      0.0000000000  1.1358824542e-07  1.1508958782e-07    0.011805555556    0.011805555556
 1.1302612060e-07 -2.1674219521e-11  9.3077128425e-06      0.0000000000  1.1333904387e-07  1.1375408492e-07    0.011816666667    0.011816666667
 1.1282932324e-07 -1.8044511886e-11  9.3073828400e-06      0.0000000000  1.1308984232e-07  1.1399430659e-07    0.011827777778    0.011827777778
 1.1229061928e-07 -3.8065018847e-11  9.3070528445e-06      0.0000000000  1.1284018602e-07  1.1301926982e-07    0.011838888889    0.011838888889
 1.1197323929e-07 -4.2787309459e-11  9.3067228455e-06      0.0000000000  1.1259098448e-07  1.1280621636e-07    0.011850000000    0.011850000000
 1.1201601532e-07 -2.2563866029e-11  9.3063928360e-06      0.0000000000  1.1234178293e-07  1.1271746374e-07    0.011861111111    0.011861111111
 1.1158476124e-07 -3.5141997764e-11  9.3060628474e-06      0.0000000000  1.1209212663e-07  1.1242244971e-07    0.011872222222    0.011872222222
 1.1105248174e-07 -5.4749020321e-11  9.3057328414e-06      0.0000000000  1.1184292508e-07  1.1250436312e-07    0.011883333333    0.011883333333
 1.1112130075e-07 -3.2690246372e-11  9.3053878318e-06      0.0000000000  1.1159326879e-07  1.1168449015e-07    0.011894444444    0.011894444444
 1.1105520039e-07 -2.0007983452e-11  9.3050428432e-06      0.0000000000  1.1134406724e-07  1.1011826187e-07    0.011905555556    0.011905555556
 1.1103862282e-07 -3.8640909426e-12  9.3047128407e-06      0.0000000000  1.1109441094e-07  1.1282799181e-07    0.011916666667    0.011916666667
 1.1084898874e-07  2.6177134027e-13  9.3043828451e-06      0.0000000000  1.1084520940e-07  1.1137751142e-07    0.011927777778    0.011927777778
 1.1070705311e-07  7.7229020064e-12  9.3040528391e-06      0.0000000000  1.1059555310e-07  1.0931258618e-07    0.011938888889    0.011938888889
 1.1043265329e-07  5.9775762900e-12  9.3037228436e-06      0.0000000000  1.1034635155e-07  1.0976593991e-07    0.011950000000    0.011950000000
 1.1011959400e-07  1.5860517506e-12  9.3033928411e-06      0.0000000000  1.1009669526e-07  1.1040107536e-07    0.011961111111    0.011961111111
 1.0995582732e-07  7.5035856487e-12  9.3030628456e-06      0.0000000000  1.0984749371e-07  1.1046666897e-07    0.011972222222    0.011972222222
 1.0980235084e-07  1.4165353994e-11  9.3027328465e-06      0.0000000000  1.0959783741e-07  1.0932205103e-07    0.011983333333    0.011983333333
 1.0936937261e-07  1.4678009251e-12  9.3023878299e-06      0.0000000000  1.0934818112e-07  1.0884113603e-07    0.011994444444    0.011994444444
 1.0895064474e-07 -1.0274217399e-11  9.3020428413e-06      0.0000000000  1.0909897957e-07  1.0867462070e-07    0.012005555556    0.012005555556
 1.0895913863e-07  7.6062163754e-12  9.3017128458e-06      0.0000000000  1.0884932327e-07  1.0849296476e-07    0.012016666667    0.012016666667
 1.0862618143e-07  1.8364885955e-12  9.3013828467e-06      0.0000000000  1.0859966698e-07  1.0878261747e-07    0.012027777778    0.012027777778
 1.0839947979e-07  3.4264127560e-12  9.3010528372e-06      0.0000000000  1.0835001068e-07  1.0907351224e-07    0.012038888889    0.012038888889
 1.0805782402e-07 -2.9773072765e-12  9.3007228487e-06      0.0000000000  1.0810080913e-07  1.0747827625e-07    0.012050000000    0.012050000000
 1.0778655085e-07 -4.4745716994e-12  9.3003928427e-06      0.0000000000  1.0785115284e-07  1.0668480109e-07    0.012061111111    0.012061111111
 1.0753955319e-07 -4.2904252077e-12  9.3000628437e-06      0.0000000000  1.0760149654e-07  1.0780747065e-07    0.012072222222    0.012072222222
 1.0715764634e-07 -1.3450586258e-11  9.2997328446e-06      0.0000000000  1.0735184025e-07  1.0817886381e-07    0.012083333333    0.012083333333
 1.0664434621e-07 -3.1711530082e-11  9.2993878281e-06      0.0000000000  1.0710218395e-07  1.0788729298e-07    0.012094444444    0.012094444444
 1.0667598808e-07 -1.2227782097e-11  9.2990428464e-06      0.0000000000  1.0685252766e-07  1.0539819467e-07    0.012105555556    0.012105555556
 1.0646440893e-07 -9.5904182915e-12  9.2987128404e-06      0.0000000000  1.0660287136e-07  1.0466606809e-07    0.012116666667    0.012116666667
 1.0614577828e-07 -1.4367836777e-11  9.2983828483e-06      0.0000000000  1.0635321506e-07  1.0611106138e-07    0.012127777778    0.012127777778
 1.0578854504e-07 -2.1819012484e-11  9.2980528423e-06      0.0000000000  1.0610355877e-07  1.0481227015e-07    0.012138888889    0.012138888889
 1.0562034390e-07 -1.6177127862e-11  9.2977228468e-06      0.0000000000  1.0585390247e-07  1.0585024345e-07    0.012150000000    0.012150000000
 1.0523007999e-07 -2.5916129831e-11  9.2973928478e-06      0.0000000000  1.0560424618e-07  1.0576274862e-07    0.012161111111    0.012161111111
 1.0527478862e-07 -5.5273298867e-12  9.2970628453e-06      0.0000000000  1.0535458988e-07  1.0570539351e-07    0.012172222222    0.012172222222
 1.0522199658e-07  8.1082149589e-12  9.2967328463e-06      0.0000000000  1.0510493359e-07  1.0511404478e-07    0.012183333333    0.012183333333
 1.0461262151e-07 -1.6807234200e-11  9.2963878331e-06      0.0000000000  1.0485527729e-07  1.0529555922e-07    0.012194444444    0.012194444444
 1.0431014095e-07 -2.0466037705e-11  9.2960428480e-06      0.0000000000  1.0460562099e-07  1.0468523362e-07    0.012205555556    0.012205555556
 1.0460079028e-07  1.6957522331e-11  9.2957128385e-06      0.0000000000  1.0435596470e-07  1.0287001062e-07    0.012216666667    0.012216666667
 1.0412251969e-07  1.1543508526e-12  9.2953828534e-06      0.0000000000  1.0410585366e-07  1.0408558350e-07    0.012227777778    0.012227777778
 1.0367932665e-07 -1.2250717632e-11  9.2950528439e-06      0.0000000000  1.0385619736e-07  1.0415521775e-07    0.012238888889    0.012238888889
 1.0365638176e-07  3.4521505803e-12  9.2947228449e-06      0.0000000000  1.0360654106e-07  1.0495279644e-07    0.012250000000    0.012250000000
 1.0348380304e-07  8.7908275289e-12  9.2943928459e-06      0.0000000000  1.0335688477e-07  1.0443246553e-07    0.012261111111    0.012261111111
 1.0303736934e-07 -4.8072039594e-12  9.2940628399e-06      0.0000000000  1.0310677373e-07  1.0351464237e-07    0.012272222222    0.012272222222
 1.0283454563e-07 -1.5634063001e-12  9.2937328513e-06      0.0000000000  1.0285711743e-07  1.0414977782e-07    0.012283333333    0.012283333333
 1.0241473328e-07 -1.3349041562e-11  9.2933878278e-06      0.0000000000  1.0260746113e-07  1.0389092518e-07    0.012294444444    0.012294444444
 1.0207226669e-07 -1.9745927807e-11  9.2930428496e-06      0.0000000000  1.0235735009e-07  1.0284397442e-07    0.012305555556    0.012305555556
 1.0204773017e-07 -4.1533017889e-12  9.2927128436e-06      0.0000000000  1.0210769380e-07  1.0149190017e-07    0.012316666667    0.012316666667
 1.0163478212e-07 -1.5463490985e-11  9.2923828481e-06      0.0000000000  1.0185803750e-07  1.0072958669e-07    0.012327777778    0.012327777778
 1.0113900119e-07 -3.2479493159e-11  9.2920528490e-06      0.0000000000  1.0160792646e-07  1.0201212103e-07    0.012338888889    0.012338888889
 1.0110053570e-07 -1.7851639019e-11  9.2917228465e-06      0.0000000000  1.0135827016e-07  1.0120905524e-07    0.012350000000    0.012350000000
 1.0106400308e-07 -3.0584098580e-12  9.2913928475e-06      0.0000000000  1.0110815912e-07  1.0173622537e-07    0.012361111111    0.012361111111
 1.0059016695e-07 -1.8585932061e-11  9.2910628450e-06      0.0000000000  1.0085850282e-07  1.0208049749e-07    0.012372222222    0.012372222222
 1.0036619413e-07 -1.6775502529e-11  9.2907328529e-06      0.0000000000  1.0060839178e-07  1.0005225248e-07    0.012383333333    0.012383333333
 1.0041721374e-07  4.0819171237e-12  9.2903878294e-06      0.0000000000  1.0035828074e-07  9.9282140716e-08    0.012394444444    0.012394444444
 1.0011848047e-07  6.8266486587e-13  9.2900428547e-06      0.0000000000  1.0010862444e-07  1.0179358047e-07    0.012405555556    0.012405555556
 1.0001429434e-07  1.0789962295e-11  9.2897128452e-06      0.0000000000  9.9858513399e-08  1.0087173239e-07    0.012416666667    0.012416666667
 9.9769286678e-08  1.1111943916e-11  9.2893828462e-06      0.0000000000  9.9608857103e-08  9.9560394726e-08    0.012427777778    0.012427777778
 9.9325638660e-08 -2.2931405994e-12  9.2890528506e-06      0.0000000000  9.9358746060e-08  9.9044057290e-08    0.012438888889    0.012438888889
 9.9350790071e-08  1.6772551919e-11  9.2887228411e-06      0.0000000000  9.9108635017e-08  1.0017505969e-07    0.012450000000    0.012450000000
 9.9191287233e-08  2.3048410287e-11  9.2883928526e-06      0.0000000000  9.8858523974e-08  9.9243605255e-08    0.012461111111    0.012461111111
 9.8696359123e-08  6.0599800655e-12  9.2880628431e-06      0.0000000000  9.8608867678e-08  9.8276539717e-08    0.012472222222    0.012472222222
 9.8448508637e-08  6.2165546051e-12  9.2877328476e-06      0.0000000000  9.8358756635e-08  9.9291338286e-08    0.012483333333    0.012483333333
 9.8339348293e-08  1.5979319730e-11  9.2873878345e-06      0.0000000000  9.8108645592e-08  9.6690218292e-08    0.012494444444    0.012494444444
 9.8076971675e-08  1.5129760749e-11  9.2870428493e-06      0.0000000000  9.7858534549e-08  9.6845051916e-08    0.012505555556    0.012505555556
 9.7489261462e-08 -8.2536025777e-12  9.2867128468e-06      0.0000000000  9.7608423506e-08  9.9800930837e-08    0.012516666667    0.012516666667
 9.7317080581e-08 -2.8873697071e-12  9.2863828478e-06      0.0000000000  9.7358767211e-08  9.8836538097e-08    0.012527777778    0.012527777778
 9.7284527706e-08  1.2181511206e-11  9.2860528487e-06      0.0000000000  9.7108656168e-08  1.0010267403e-07    0.012538888889    0.012538888889
 9.6970615338e-08  7.7623962080e-12  9.2857228462e-06      0.0000000000  9.6858545125e-08  9.7496632939e-08    0.012550000000    0.012550000000
 9.6462497603e-08 -1.0108098637e-11  9.2853928542e-06      0.0000000000  9.6608434082e-08  9.7153760103e-08    0.012561111111    0.012561111111
 9.6232157190e-08 -8.7387119085e-12  9.2850628447e-06      0.0000000000  9.6358323039e-08  9.6096542655e-08    0.012572222222    0.012572222222
 9.6085787107e-08 -1.5532305179e-12  9.2847328527e-06      0.0000000000  9.6108211996e-08  9.4850830048e-08    0.012583333333    0.012583333333
 9.5865860558e-08  5.3745884167e-13  9.2843878361e-06      0.0000000000  9.5858100953e-08  9.3561346441e-08    0.012594444444    0.012594444444
 9.5331012408e-08 -1.9184483058e-11  9.2840428474e-06      0.0000000000  9.5607989910e-08  9.4995538484e-08    0.012605555556    0.012605555556
 9.5097090626e-08 -1.8063155146e-11  9.2837128519e-06      0.0000000000  9.5357878867e-08  9.3620116555e-08    0.012616666667    0.012616666667
 9.5111895237e-08  2.8587982991e-13  9.2833828424e-06      0.0000000000  9.5107767824e-08  9.3390601806e-08    0.012627777778    0.012627777778
 9.4710772140e-08 -1.0142274326e-11  9.2830528538e-06      0.0000000000  9.4857202033e-08  9.3534131067e-08    0.012638888889    0.012638888889
 9.4542116024e-08 -4.5004057338e-12  9.2827228478e-06      0.0000000000  9.4607090991e-08  9.4878171201e-08    0.012650000000    0.012650000000
 9.4193978926e-08 -1.1290051773e-11  9.2823928488e-06      0.0000000000  9.4356979948e-08  9.4043503505e-08    0.012661111111    0.012661111111
 9.3925832413e-08 -1.2539254902e-11  9.2820628498e-06      0.0000000000  9.4106868905e-08  9.3732028186e-08    0.012672222222    0.012672222222
 9.3777870433e-08 -5.4640342122e-12  9.2817328473e-06      0.0000000000  9.3856757862e-08  9.5798777218e-08    0.012683333333    0.012683333333
 9.3453753448e-08 -1.0558461140e-11  9.2813878342e-06      0.0000000000  9.3606192071e-08  9.4594304315e-08    0.012694444444    0.012694444444
 9.3426174518e-08  4.8549335705e-12  9.2810428490e-06      0.0000000000  9.3356081028e-08  9.4513397143e-08    0.012705555556    0.012705555556
 9.3095547760e-08 -7.2188177263e-13  9.2807128500e-06      0.0000000000  9.3105969985e-08  9.3643385622e-08    0.012716666667    0.012716666667
 9.2665771574e-08 -1.3134654517e-11  9.2803828440e-06      0.0000000000  9.2855404195e-08  9.3536913921e-08    0.012727777778    0.012727777778
 9.2774893048e-08  1.1747114156e-11  9.2800528554e-06      0.0000000000  9.2605293152e-08  9.1274893401e-08    0.012738888889    0.012738888889
 9.2667921229e-08  2.1661464612e-11  9.2797228459e-06      0.0000000000  9.2355182109e-08  9.3099738478e-08    0.012750000000    0.012750000000
 9.2166511520e-08  4.2870898773e-12  9.2793928539e-06      0.0000000000  9.2104616319e-08  9.3943965357e-08    0.012761111111    0.012761111111
 9.1895579320e-08  2.8449397748e-12  9.2790628514e-06      0.0000000000  9.1854505276e-08  9.3493205810e-08    0.012772222222    0.012772222222
 9.1959276176e-08  2.4611929406e-11  9.2787328489e-06      0.0000000000  9.1603939485e-08  9.2636746948e-08    0.012783333333    0.012783333333
 9.1535858190e-08  1.2608051497e-11  9.2783878393e-06      0.0000000000  9.1353828442e-08  9.3046659851e-08    0.012794444444    0.012794444444
 9.0931840551e-08 -1.1873326792e-11  9.2780428436e-06      0.0000000000  9.1103262652e-08  9.0799559833e-08    0.012805555556    0.012805555556
 9.0966145240e-08  7.8263555028e-12  9.2777128551e-06      0.0000000000  9.0853151609e-08  9.1257048542e-08    0.012816666667    0.012816666667
 9.0702717015e-08  6.9354558614e-12  9.2773828491e-06      0.0000000000  9.0602585819e-08  9.0560423010e-08    0.012827777778    0.012827777778
 9.0033822427e-08 -2.2071036647e-11  9.2770528501e-06      0.0000000000  9.0352474776e-08  8.9753127912e-08    0.012838888889    0.012838888889
 8.9938334327e-08 -1.1329783978e-11  9.2767228510e-06      0.0000000000  9.0101908985e-08  9.0069995994e-08    0.012850000000    0.012850000000
 8.9723116674e-08 -8.9129390983e-12  9.2763928485e-06      0.0000000000  8.9851797942e-08  8.8784631640e-08    0.012861111111    0.012861111111
 8.9502270509e-08 -6.8544482727e-12  9.2760628495e-06      0.0000000000  8.9601232152e-08  8.8063306308e-08    0.012872222222    0.012872222222
 8.9524579362e-08  1.2045855671e-11  9.2757328470e-06      0.0000000000  8.9350666362e-08  8.8680801293e-08    0.012883333333    0.012883333333
 8.9251524899e-08  1.0456709807e-11  9.2753878409e-06      0.0000000000  8.9100555319e-08  8.7600000332e-08    0.012894444444    0.012894444444
 8.8835013726e-08 -1.0372792838e-12  9.2750428452e-06      0.0000000000  8.8849989528e-08  8.6354476393e-08    0.012905555556    0.012905555556
 8.8938506687e-08  2.3486135335e-11  9.2747128567e-06      0.0000000000  8.8599423738e-08  8.7287565950e-08    0.012916666667    0.012916666667
 8.8640455891e-08  2.0197148731e-11  9.2743828472e-06      0.0000000000  8.8348857948e-08  8.8612534884e-08    0.012927777778    0.012927777778
 8.8188450811e-08  6.2132232960e-12  9.2740528552e-06      0.0000000000  8.8098746905e-08  8.7338034668e-08    0.012938888889    0.012938888889
 8.8239810860e-08  2.7125720256e-11  9.2737228526e-06      0.0000000000  8.7848181114e-08  8.7441865016e-08    0.012950000000    0.012950000000
 8.7921463770e-08  2.2430937476e-11  9.2733928501e-06      0.0000000000  8.7597615324e-08  8.7950026834e-08    0.012961111111    0.012961111111
 8.7368319258e-08  1.4732195111e-12  9.2730628546e-06      0.0000000000  8.7347049534e-08  8.6220726429e-08    0.012972222222    0.012972222222
 8.7012961749e-08 -5.7850412829e-12  9.2727328486e-06      0.0000000000  8.7096483743e-08  8.6566256341e-08    0.012983333333    0.012983333333
 8.6865142219e-08  1.3315435257e-12  9.2723878425e-06      0.0000000000  8.6845917953e-08  8.6469249490e-08    0.012994444444    0.012994444444
 8.6811240909e-08  1.4953250591e-11  9.2720428503e-06      0.0000000000  8.6595352163e-08  8.7140011770e-08    0.013005555556    0.013005555556
 8.6486924336e-08  9.8449994363e-12  9.2717128513e-06      0.0000000000  8.6344786372e-08  8.6995303334e-08    0.013016666667    0.013016666667
 8.6151465280e-08  3.9649788955e-12  9.2713828523e-06      0.0000000000  8.6094220582e-08  8.7872185518e-08    0.013027777778    0.013027777778
 8.6033691148e-08  1.3162618767e-11  9.2710528498e-06      0.0000000000  8.5843654792e-08  8.9068687194e-08    0.013038888889    0.013038888889
 8.5679527696e-08  5.9870627512e-12  9.2707228508e-06      0.0000000000  8.5593089001e-08  8.9637018415e-08    0.013050000000    0.013050000000
 8.5338895108e-08 -2.5129581389e-13  9.2703928482e-06      0.0000000000  8.5342523211e-08  8.6866804632e-08    0.013061111111    0.013061111111
 8.4995874405e-08 -6.6550639365e-12  9.2700628562e-06      0.0000000000  8.5091957421e-08  8.5907820377e-08    0.013072222222    0.013072222222
 8.4659221293e-08 -1.2617789256e-11  9.2697328467e-06      0.0000000000  8.4841391630e-08  8.5201667106e-08    0.013083333333    0.013083333333
 8.4334938653e-08 -1.7723690107e-11  9.2693878406e-06      0.0000000000  8.4590825840e-08  8.4887707657e-08    0.013094444444    0.013094444444
 8.4272049721e-08 -4.7244988948e-12  9.2690428484e-06      0.0000000000  8.4340260050e-08  8.4197528285e-08    0.013105555556    0.013105555556
 8.3989462655e-08 -6.9109130279e-12  9.2687128564e-06      0.0000000000  8.4089239512e-08  8.3003793741e-08    0.013116666667    0.013116666667
 8.3663156343e-08 -1.2156980805e-11  9.2683828539e-06      0.0000000000  8.3838673722e-08  8.3282425087e-08    0.013127777778    0.013127777778
 8.3560107130e-08 -1.9394387053e-12  9.2680528514e-06      0.0000000000  8.3588107931e-08  8.2962648371e-08    0.013138888889    0.013138888889
 8.3286729946e-08 -3.5194399669e-12  9.2677228559e-06      0.0000000000  8.3337542141e-08  8.3066573052e-08    0.013150000000    0.013150000000
 8.3067816649e-08 -1.2955741202e-12  9.2673928498e-06      0.0000000000  8.3086521603e-08  8.4581515045e-08    0.013161111111    0.013161111111
 8.2872837885e-08  2.5545883207e-12  9.2670628578e-06      0.0000000000  8.2835955813e-08  8.1794855692e-08    0.013172222222    0.013172222222
 8.2589909849e-08  3.1305986714e-13  9.2667328518e-06      0.0000000000  8.2585390022e-08  8.0434149875e-08    0.013183333333    0.013183333333
 8.2167074410e-08 -1.1587473755e-11  9.2663878387e-06      0.0000000000  8.2334369485e-08  8.0932092171e-08    0.013194444444    0.013194444444
 8.2014047146e-08 -4.8315957809e-12  9.2660428535e-06      0.0000000000  8.2083803694e-08  8.1882193302e-08    0.013205555556    0.013205555556
 8.1803945889e-08 -2.0288729846e-12  9.2657128510e-06      0.0000000000  8.1833237904e-08  7.9913771797e-08    0.013216666667    0.013216666667
 8.1601349141e-08  1.3251372854e-12  9.2653828520e-06      0.0000000000  8.1582217366e-08  7.9656821561e-08    0.013227777778    0.013227777778
 8.1493126128e-08  1.1184322855e-11  9.2650528495e-06      0.0000000000  8.1331651576e-08  7.9279894132e-08    0.013238888889    0.013238888889
 8.1219692073e-08  9.6318799914e-12  9.2647228575e-06      0.0000000000  8.1080631038e-08  7.9755196255e-08    0.013250000000    0.013250000000
 8.0692414962e-08 -9.5341663586e-12  9.2643928480e-06      0.0000000000  8.0830065248e-08  8.1106232831e-08    0.013261111111    0.013261111111
 8.0561451204e-08 -1.2185911111e-12  9.2640628559e-06      0.0000000000  8.0579044710e-08  8.0819457312e-08    0.013272222222    0.013272222222
 8.0556300758e-08  1.5779780516e-11  9.2637328534e-06      0.0000000000  8.0328478920e-08  8.0854926916e-08    0.013283333333    0.013283333333
 8.0054934106e-08 -1.5601144536e-12  9.2633878403e-06      0.0000000000  8.0077458382e-08  8.1472940738e-08    0.013294444444    0.013294444444
 7.9612265941e-08 -1.4834335773e-11  9.2630428551e-06      0.0000000000  7.9826437845e-08  8.0658083193e-08    0.013305555556    0.013305555556
 7.9451512175e-08 -8.6136237843e-12  9.2627128526e-06      0.0000000000  7.9575872054e-08  8.1057147679e-08    0.013316666667    0.013316666667
 7.9371487539e-08  3.2301828497e-12  9.2623828571e-06      0.0000000000  7.9324851517e-08  8.2559684744e-08    0.013327777778    0.013327777778
 7.8906292833e-08 -1.1635807208e-11  9.2620528511e-06      0.0000000000  7.9074285726e-08  7.9273086358e-08    0.013338888889    0.013338888889
 7.8630470664e-08 -1.3353659629e-11  9.2617228591e-06      0.0000000000  7.8823265189e-08  7.8928861400e-08    0.013350000000    0.013350000000
 7.8439414774e-08 -9.2002870381e-12  9.2613928531e-06      0.0000000000  7.8572244651e-08  7.8555896002e-08    0.013361111111    0.013361111111
 7.8061714362e-08 -1.7974602232e-11  9.2610628505e-06      0.0000000000  7.8321224113e-08  7.8391927696e-08    0.013372222222    0.013372222222
 7.7768041151e-08 -2.0960381162e-11  9.2607328585e-06      0.0000000000  7.8070658323e-08  7.8236213621e-08    0.013383333333    0.013383333333
 7.7584745962e-08 -1.6269473775e-11  9.2603878384e-06      0.0000000000  7.7819637785e-08  7.8775678622e-08    0.013394444444    0.013394444444
 7.7262561043e-08 -2.1198581201e-11  9.2600428567e-06      0.0000000000  7.7568617247e-08  7.9651334463e-08    0.013405555556    0.013405555556
 7.7026137406e-08 -2.0187546050e-11  9.2597128507e-06      0.0000000000  7.7317596710e-08  7.6199305594e-08    0.013416666667    0.013416666667
 7.6720468092e-08 -2.3972721838e-11  9.2593828587e-06      0.0000000000  7.7066576172e-08  7.6803137863e-08    0.013427777778    0.013427777778
 7.6598657612e-08 -1.5023156814e-11  9.2590528492e-06      0.0000000000  7.6815555634e-08  7.5295019367e-08    0.013438888889    0.013438888889
 7.6657521904e-08  6.4406091136e-12  9.2587228572e-06      0.0000000000  7.6564535097e-08  7.5819548143e-08    0.013450000000    0.013450000000
 7.6474425235e-08  1.1145266702e-11  9.2583928547e-06      0.0000000000  7.6313514559e-08  7.5083160808e-08    0.013461111111    0.013461111111
 7.5947489094e-08 -7.9656653274e-12  9.2580628521e-06      0.0000000000  7.6062494021e-08  7.4009466345e-08    0.013472222222    0.013472222222
 7.5751259670e-08 -4.1706307606e-12  9.2577328601e-06      0.0000000000  7.5811473484e-08  7.4520411018e-08    0.013483333333    0.013483333333
 7.5693587596e-08  9.2213967471e-12  9.2573878400e-06      0.0000000000  7.5560452946e-08  7.3876848390e-08    0.013494444444    0.013494444444
 7.5145492683e-08 -1.1355069884e-11  9.2570428618e-06      0.0000000000  7.5309432408e-08  7.5416584516e-08    0.013505555556    0.013505555556
 7.4940906197e-08 -8.1388762365e-12  9.2567128523e-06      0.0000000000  7.5058411871e-08  7.4258005129e-08    0.013516666667    0.013516666667
 7.4548481132e-08 -1.7933075153e-11  9.2563828603e-06      0.0000000000  7.4807391333e-08  7.5640565001e-08    0.013527777778    0.013527777778
 7.4457711588e-08 -6.8335004895e-12  9.2560528578e-06      0.0000000000  7.4556370795e-08  7.6390504996e-08    0.013538888889    0.013538888889
 7.4302870167e-08 -1.7178023445e-13  9.2557228518e-06      0.0000000000  7.4305350258e-08  7.4581853931e-08    0.013550000000    0.013550000000
 7.4029436112e-08 -1.7242230977e-12  9.2553928597e-06      0.0000000000  7.4054329720e-08  7.3390572072e-08    0.013561111111    0.013561111111
 7.3707052673e-08 -6.6670807247e-12  9.2550628503e-06      0.0000000000  7.3803309182e-08  7.4169252508e-08    0.013572222222    0.013572222222
 7.3435949060e-08 -8.0266111512e-12  9.2547328582e-06      0.0000000000  7.3551833897e-08  7.3064097639e-08    0.013583333333    0.013583333333
 7.3242737775e-08 -4.0225291061e-12  9.2543878416e-06      0.0000000000  7.3300813359e-08  7.3253237414e-08    0.013594444444    0.013594444444
 7.3082092527e-08  2.2371966975e-12  9.2540428599e-06      0.0000000000  7.3049792822e-08  7.4244499637e-08    0.013605555556    0.013605555556
 7.2719116768e-08 -5.5172347737e-12  9.2537128539e-06      0.0000000000  7.2798772284e-08  7.2651559105e-08    0.013616666667    0.013616666667
 7.2424533599e-08 -8.5030457643e-12  9.2533828584e-06      0.0000000000  7.2547296999e-08  7.2796283264e-08    0.013627777778    0.013627777778
 7.2319039402e-08  1.5766451765e-12  9.2530528559e-06      0.0000000000  7.2296276461e-08  7.4697916260e-08    0.013638888889    0.013638888889
 7.2059534050e-08  9.8895568536e-13  9.2527228534e-06      0.0000000000  7.2045255924e-08  7.2971225764e-08    0.013650000000    0.013650000000
 7.1447774760e-08 -2.3965642958e-11  9.2523928614e-06      0.0000000000  7.1793780639e-08  7.2982058458e-08    0.013661111111    0.013661111111
 7.1304872304e-08 -1.6476985953e-11  9.2520628519e-06      0.0000000000  7.1542760101e-08  7.3105007173e-08    0.013672222222    0.013672222222
 7.1171065988e-08 -8.3267992807e-12  9.2517328633e-06      0.0000000000  7.1291284816e-08  7.1666554375e-08    0.013683333333    0.013683333333
 7.0749391207e-08 -2.0146941415e-11  9.2513878397e-06      0.0000000000  7.1040264278e-08  7.1149336488e-08    0.013694444444    0.013694444444
 7.0469788081e-08 -2.2126676880e-11  9.2510428615e-06      0.0000000000  7.0789243740e-08  7.1234834584e-08    0.013705555556    0.013705555556
 7.0434278372e-08 -7.1681047581e-12  9.2507128590e-06      0.0000000000  7.0537768455e-08  6.8139121153e-08    0.013716666667    0.013716666667
 7.0149246322e-08 -9.4923700504e-12  9.2503828530e-06      0.0000000000  7.0286293170e-08  7.0464345488e-08    0.013727777778    0.013727777778
 7.0018680672e-08 -1.1492203746e-12  9.2500528610e-06      0.0000000000  7.0035272633e-08  6.7910942802e-08    0.013738888889    0.013738888889
 6.9768271193e-08 -1.0753987038e-12  9.2497228550e-06      0.0000000000  6.9783797348e-08  6.6954662790e-08    0.013750000000    0.013750000000
 6.9497622825e-08 -2.4348945939e-12  9.2493928595e-06      0.0000000000  6.9532776810e-08  6.6536605715e-08    0.013761111111    0.013761111111
 6.9400428819e-08  8.2511956647e-12  9.2490628570e-06      0.0000000000  6.9281301525e-08  6.9462958077e-08    0.013772222222    0.013772222222
 6.9080773930e-08  3.5288249029e-12  9.2487328579e-06      0.0000000000  6.9029826240e-08  6.9393323824e-08    0.013783333333    0.013783333333
 6.8808534199e-08  2.0591053247e-12  9.2483878413e-06      0.0000000000  6.8778805702e-08  6.7801924082e-08    0.013794444444    0.013794444444
 6.8470572755e-08 -3.9312449896e-12  9.2480428597e-06      0.0000000000  6.8527330417e-08  6.7195104568e-08    0.013805555556    0.013805555556
 6.8353082722e-08  5.3490676001e-12  9.2477128571e-06      0.0000000000  6.8275855132e-08  6.8022885878e-08    0.013816666667    0.013816666667
 6.8042240140e-08  1.2055722942e-12  9.2473828546e-06      0.0000000000  6.8024834594e-08  6.7072171575e-08    0.013827777778    0.013827777778
 6.7715819820e-08 -3.9853971927e-12  9.2470528626e-06      0.0000000000  6.7773359309e-08  6.8695204669e-08    0.013838888889    0.013838888889
 6.7664391669e-08  9.8706049343e-12  9.2467228531e-06      0.0000000000  6.7521884024e-08  6.7094025630e-08    0.013850000000    0.013850000000
 6.7121479948e-08 -1.0315357198e-11  9.2463928611e-06      0.0000000000  6.7270408739e-08  6.7031167707e-08    0.013861111111    0.013861111111
 6.6931560977e-08 -6.0517399364e-12  9.2460628586e-06      0.0000000000  6.7018933454e-08  6.7867218969e-08    0.013872222222    0.013872222222
 6.6890536764e-08  8.4933798410e-12  9.2457328630e-06      0.0000000000  6.6767912917e-08  6.8665017772e-08    0.013883333333    0.013883333333
 6.6288561313e-08 -1.5783554092e-11  9.2453879023e-06      0.0000000000  6.6516437632e-08  6.9860733332e-08    0.013894444444    0.013894444444
 6.5830182884e-08 -3.0114428731e-11  9.2450429102e-06      0.0000000000  6.6264962347e-08  6.9458744490e-08    0.013905555556    0.013905555556
 6.5871479965e-08 -9.8359351008e-12  9.2447129181e-06      0.0000000000  6.6013487061e-08  6.6897260519e-08    0.013916666667    0.013916666667
 6.5786622765e-08  1.7046478293e-12  9.2443829121e-06      0.0000000000  6.5762011776e-08  6.6282532667e-08    0.013927777778    0.013927777778
 6.5215853904e-08 -2.0410802541e-11  9.2440529166e-06      0.0000000000  6.5510536491e-08  6.6913658922e-08    0.013938888889    0.013938888889
 6.5241232277e-08 -1.2348974126e-12  9.2437229141e-06      0.0000000000  6.5259061206e-08  6.5837165883e-08    0.013950000000    0.013950000000
 6.5098272683e-08  6.2812994839e-12  9.2433929151e-06      0.0000000000  6.5007585921e-08  6.4634799773e-08    0.013961111111    0.013961111111
 6.4460645991e-08 -2.0464970775e-11  9.2430629125e-06      0.0000000000  6.4756110636e-08  6.3790384225e-08    0.013972222222    0.013972222222
 6.4164470925e-08 -2.3561042466e-11  9.2427329170e-06      0.0000000000  6.4504635351e-08  6.3361415844e-08    0.013983333333    0.013983333333
 6.4257967714e-08  3.3299540506e-13  9.2423879039e-06      0.0000000000  6.4253160066e-08  6.3639151017e-08    0.013994444444    0.013994444444
 6.3907603201e-08 -6.5164371499e-12  9.2420429118e-06      0.0000000000  6.4001684781e-08  6.6704677551e-08    0.014005555556    0.014005555556
 6.3504717060e-08 -1.6972213825e-11  9.2417129197e-06      0.0000000000  6.3749754749e-08  6.4895837819e-08    0.014016666667    0.014016666667
 6.3507411826e-08  6.3254109057e-13  9.2413829102e-06      0.0000000000  6.3498279464e-08  6.2160590524e-08    0.014027777778    0.014027777778
 6.3373207402e-08  8.7551533349e-12  9.2410529182e-06      0.0000000000  6.3246804179e-08  6.0803893904e-08    0.014038888889    0.014038888889
 6.2922623073e-08 -5.0358732167e-12  9.2407229157e-06      0.0000000000  6.2995328894e-08  6.0738300293e-08    0.014050000000    0.014050000000
 6.2996552720e-08  1.7502872247e-11  9.2403929132e-06      0.0000000000  6.2743853609e-08  6.1671468462e-08    0.014061111111    0.014061111111
 6.2832046172e-08  2.3558145095e-11  9.2400629176e-06      0.0000000000  6.2491923576e-08  6.0859991221e-08    0.014072222222    0.014072222222
 6.2554575502e-08  2.1757608878e-11  9.2397329116e-06      0.0000000000  6.2240448291e-08  5.9824329104e-08    0.014083333333    0.014083333333
 6.2098784775e-08  7.6059680235e-12  9.2393879090e-06      0.0000000000  6.1988973006e-08  6.0490531905e-08    0.014094444444    0.014094444444
 6.1954607118e-08  1.5069294818e-11  9.2390429134e-06      0.0000000000  6.1737042974e-08  6.3047252005e-08    0.014105555556    0.014105555556
 6.1674748601e-08  1.3103367550e-11  9.2387129178e-06      0.0000000000  6.1485567689e-08  6.2104556097e-08    0.014116666667    0.014116666667
 6.1365440780e-08  9.0976728367e-12  9.2383829153e-06      0.0000000000  6.1234092404e-08  6.0478677259e-08    0.014127777778    0.014127777778
 6.1192975010e-08  1.4601660686e-11  9.2380529163e-06      0.0000000000  6.0982162371e-08  6.1269715455e-08    0.014138888889    0.014138888889
 6.0872922013e-08  9.8517154962e-12  9.2377229138e-06      0.0000000000  6.0730687086e-08  6.2417446426e-08    0.014150000000    0.014150000000
 6.0538087760e-08  4.1094634881e-12  9.2373929183e-06      0.0000000000  6.0478757054e-08  6.1096266577e-08    0.014161111111    0.014161111111
 6.0338617403e-08  7.7115165454e-12  9.2370629192e-06      0.0000000000  6.0227281769e-08  6.0604361661e-08    0.014172222222    0.014172222222
 5.9807985618e-08 -1.1592394517e-11  9.2367329097e-06      0.0000000000  5.9975351736e-08  6.1515612885e-08    0.014183333333    0.014183333333
 5.9471019977e-08 -1.7513771748e-11  9.2363879106e-06      0.0000000000  5.9723876451e-08  5.9453612000e-08    0.014194444444    0.014194444444
 5.9408192351e-08 -4.4158418486e-12  9.2360429115e-06      0.0000000000  5.9471946419e-08  5.9538858539e-08    0.014205555556    0.014205555556
 5.9045955669e-08 -1.2087584571e-11  9.2357129194e-06      0.0000000000  5.9220471134e-08  6.1850420160e-08    0.014216666667    0.014216666667
 5.8746937777e-08 -1.5349063344e-11  9.2353829169e-06      0.0000000000  5.8968541102e-08  6.0413240871e-08    0.014227777778    0.014227777778
 5.8355194653e-08 -2.5033033619e-11  9.2350529144e-06      0.0000000000  5.8716611069e-08  5.9175373713e-08    0.014238888889    0.014238888889
 5.8144183706e-08 -2.2230324377e-11  9.2347229189e-06      0.0000000000  5.8465135784e-08  5.8350170867e-08    0.014250000000    0.014250000000
 5.7812532981e-08 -2.7752073489e-11  9.2343929129e-06      0.0000000000  5.8213205752e-08  5.8164269894e-08    0.014261111111    0.014261111111
 5.7611811963e-08 -2.4205148306e-11  9.2340629243e-06      0.0000000000  5.7961275719e-08  5.9041340747e-08    0.014272222222    0.014272222222
 5.7424280571e-08 -1.9776158500e-11  9.2337329148e-06      0.0000000000  5.7709800434e-08  5.8083567112e-08    0.014283333333    0.014283333333
 5.7291777097e-08 -1.1504234727e-11  9.2333879052e-06      0.0000000000  5.7457870402e-08  5.7315687926e-08    0.014294444444    0.014294444444
 5.6735509561e-08 -3.2583772419e-11  9.2330429166e-06      0.0000000000  5.7205940370e-08  5.6878559649e-08    0.014305555556    0.014305555556
 5.6398685302e-08 -3.8463859556e-11  9.2327129210e-06      0.0000000000  5.6954010337e-08  5.4718577128e-08    0.014316666667    0.014316666667
 5.6446349707e-08 -1.7744341629e-11  9.2323829150e-06      0.0000000000  5.6702535052e-08  5.3753838497e-08    0.014327777778    0.014327777778
 5.6148923713e-08 -2.0895559701e-11  9.2320529195e-06      0.0000000000  5.6450605020e-08  5.5873084429e-08    0.014338888889    0.014338888889
 5.5727333443e-08 -3.2646853343e-11  9.2317229205e-06      0.0000000000  5.6198674987e-08  5.6550748817e-08    0.014350000000    0.014350000000
 5.5464132446e-08 -3.3427521868e-11  9.2313929110e-06      0.0000000000  5.5946744955e-08  5.4417871614e-08    0.014361111111    0.014361111111
 5.5447667837e-08 -1.7118318457e-11  9.2310629259e-06      0.0000000000  5.5694814923e-08  5.4983467148e-08    0.014372222222    0.014372222222
 5.5156609166e-08 -1.9828512232e-11  9.2307329164e-06      0.0000000000  5.5442884890e-08  5.6143555880e-08    0.014383333333    0.014383333333
 5.4807747083e-08 -2.6542383460e-11  9.2303879068e-06      0.0000000000  5.5190954858e-08  5.4802125654e-08    0.014394444444    0.014394444444
 5.4617870100e-08 -2.2244360459e-11  9.2300429182e-06      0.0000000000  5.4939024825e-08  5.6150473710e-08    0.014405555556    0.014405555556
 5.4415955026e-08 -1.8780140054e-11  9.2297129157e-06      0.0000000000  5.4687094793e-08  5.5263655006e-08    0.014416666667    0.014416666667
 5.4038936554e-08 -2.7444226607e-11  9.2293829201e-06      0.0000000000  5.4435164761e-08  5.3796163041e-08    0.014427777778    0.014427777778
 5.3990635060e-08 -1.3340163186e-11  9.2290529141e-06      0.0000000000  5.4183234728e-08  5.2521379824e-08    0.014438888889    0.014438888889
 5.4015558453e-08  5.8357259124e-12  9.2287229221e-06      0.0000000000  5.3931304696e-08  5.5106478752e-08    0.014450000000    0.014450000000
 5.3635754294e-08 -3.0213076138e-12  9.2283929161e-06      0.0000000000  5.3679374663e-08  5.5756849154e-08    0.014461111111    0.014461111111
 5.3213766183e-08 -1.4800157179e-11  9.2280629206e-06      0.0000000000  5.3427444631e-08  5.5141995523e-08    0.014472222222    0.014472222222
 5.3183770978e-08  5.7186728816e-13  9.2277329215e-06      0.0000000000  5.3175514599e-08  5.4476626006e-08    0.014483333333    0.014483333333
 5.3175067070e-08  1.7418605495e-11  9.2273879084e-06      0.0000000000  5.2923584566e-08  5.4343787938e-08    0.014494444444    0.014494444444
 5.2914793143e-08  1.6872174037e-11  9.2270429163e-06      0.0000000000  5.2671199786e-08  5.3458871637e-08    0.014505555556    0.014505555556
 5.2326058696e-08 -6.4561415656e-12  9.2267129208e-06      0.0000000000  5.2419269754e-08  5.3014668306e-08    0.014516666667    0.014516666667
 5.2166327841e-08 -7.0086616233e-14  9.2263829217e-06      0.0000000000  5.2167339722e-08  5.2908102272e-08    0.014527777778    0.014527777778
 5.2130760994e-08  1.4916025398e-11  9.2260529122e-06      0.0000000000  5.1915409689e-08  5.1391477989e-08    0.014538888889    0.014538888889
 5.1844023037e-08  1.2536597695e-11  9.2257229272e-06      0.0000000000  5.1663024910e-08  5.2036471350e-08    0.014550000000    0.014550000000
 5.1463422929e-08  3.6244338185e-12  9.2253929177e-06      0.0000000000  5.1411094877e-08  5.1903853395e-08    0.014561111111    0.014561111111
 5.1418703071e-08  1.7976574563e-11  9.2250629187e-06      0.0000000000  5.1159164845e-08  5.1215324868e-08    0.014572222222    0.014572222222
 5.1088587106e-08  1.2592626043e-11  9.2247329231e-06      0.0000000000  5.0906780065e-08  5.0506184352e-08    0.014583333333    0.014583333333
 5.0705997794e-08  3.5426825559e-12  9.2243879031e-06      0.0000000000  5.0654850033e-08  4.9477974625e-08    0.014594444444    0.014594444444
 5.0479010733e-08  5.2703246828e-12  9.2240429249e-06      0.0000000000  5.0402920000e-08  4.9038660943e-08    0.014605555556    0.014605555556
 5.0256344652e-08  7.3287513884e-12  9.2237129154e-06      0.0000000000  5.0150535221e-08  4.8989512901e-08    0.014616666667    0.014616666667
 4.9831172746e-08 -4.6706195779e-12  9.2233829233e-06      0.0000000000  4.9898605188e-08  5.0383235637e-08    0.014627777778    0.014627777778
 4.9412311293e-08 -1.6201407849e-11  9.2230529173e-06      0.0000000000  4.9646220408e-08  4.8038609931e-08    0.014638888889    0.014638888889
 4.9324611534e-08 -4.8262134940e-12  9.2227229218e-06      0.0000000000  4.9394290376e-08  4.8874786971e-08    0.014650000000    0.014650000000
 4.8939974811e-08 -1.3986470724e-11  9.2223929228e-06      0.0000000000  4.9141905596e-08  4.9529198015e-08    0.014661111111    0.014661111111
 4.8326168912e-08 -3.9051327592e-11  9.2220629203e-06      0.0000000000  4.8889975564e-08  4.8561849475e-08    0.014672222222    0.014672222222
 4.8222095733e-08 -2.8778719262e-11  9.2217329213e-06      0.0000000000  4.8637590784e-08  4.8172422784e-08    0.014683333333    0.014683333333
 4.8487364718e-08  7.0758891647e-12  9.2213879081e-06      0.0000000000  4.8385206004e-08  4.7967309109e-08    0.014694444444    0.014694444444
 4.7781993977e-08 -2.4331086225e-11  9.2210429230e-06      0.0000000000  4.8133275972e-08  4.7338887097e-08    0.014705555556    0.014705555556
 4.7367908217e-08 -3.5531092393e-11  9.2207129135e-06      0.0000000000  4.7880891192e-08  4.7804850149e-08    0.014716666667    0.014716666667
 4.7586639137e-08 -2.9313793691e-12  9.2203829284e-06      0.0000000000  4.7628961160e-08  4.8231161454e-08    0.014727777778    0.014727777778
 4.7282390840e-08 -6.5236377676e-12  9.2200529189e-06      0.0000000000  4.7376576380e-08  4.8374627825e-08    0.014738888889    0.014738888889
 4.6824529230e-08 -2.0755720676e-11  9.2197229199e-06      0.0000000000  4.7124191600e-08  4.7658648090e-08    0.014750000000    0.014750000000
 4.6625342972e-08 -1.7070994900e-11  9.2193929244e-06      0.0000000000  4.6871806821e-08  4.7542554316e-08    0.014761111111    0.014761111111
 4.6395570491e-08 -1.5536281240e-11  9.2190629149e-06      0.0000000000  4.6619876788e-08  4.6657119178e-08    0.014772222222    0.014772222222
 4.6289109465e-08 -5.4290639608e-12  9.2187329263e-06      0.0000000000  4.6367492008e-08  4.6724017743e-08    0.014783333333    0.014783333333
 4.5988111494e-08 -8.7961928822e-12  9.2183879028e-06      0.0000000000  4.6115107229e-08  4.6618457938e-08    0.014794444444    0.014794444444
 4.5694939417e-08 -1.1621271464e-11  9.2180429246e-06      0.0000000000  4.5862722449e-08  4.7026106824e-08    0.014805555556    0.014805555556
 4.5555845558e-08 -3.7743245249e-12  9.2177129221e-06      0.0000000000  4.5610337669e-08  4.5676092199e-08    0.014816666667    0.014816666667
 4.5408451242e-08  3.4662045896e-12  9.2173829231e-06      0.0000000000  4.5358407637e-08  4.6381144907e-08    0.014827777778    0.014827777778
 4.5071172004e-08 -2.4138985776e-12  9.2170529240e-06      0.0000000000  4.5106022857e-08  4.5122618591e-08    0.014838888889    0.014838888889
 4.4636790217e-08 -1.5019682415e-11  9.2167229215e-06      0.0000000000  4.4853638077e-08  4.5412412801e-08    0.014850000000    0.014850000000
 4.4543859787e-08 -3.9752861926e-12  9.2163929225e-06      0.0000000000  4.4601253298e-08  4.5357699050e-08    0.014861111111    0.014861111111
 4.4493909257e-08  1.0046056419e-11  9.2160629200e-06      0.0000000000  4.4348868518e-08  4.3734320064e-08    0.014872222222    0.014872222222
 4.4276416711e-08  1.2462821149e-11  9.2157329280e-06      0.0000000000  4.4096483738e-08  4.2646742774e-08    0.014883333333    0.014883333333
 4.3931178787e-08  6.0314699970e-12  9.2153879044e-06      0.0000000000  4.3844098958e-08  4.3390661111e-08    0.014894444444    0.014894444444
 4.3917442459e-08  2.2561141766e-11  9.2150429297e-06      0.0000000000  4.3591714179e-08  4.4641719315e-08    0.014905555556    0.014905555556
 4.3600857357e-08  1.8114390697e-11  9.2147129202e-06      0.0000000000  4.3339329399e-08  4.2768245033e-08    0.014916666667    0.014916666667
 4.3095240154e-08  5.7457929694e-13  9.2143829212e-06      0.0000000000  4.3086944619e-08  4.2637167868e-08    0.014927777778    0.014927777778
 4.2954554130e-08  8.3112470285e-12  9.2140529256e-06      0.0000000000  4.2834559839e-08  4.2514093374e-08    0.014938888889    0.014938888889
 4.2674126626e-08  6.4004020208e-12  9.2137229161e-06      0.0000000000  4.2581720312e-08  4.2503197791e-08    0.014950000000    0.014950000000
 4.2261234655e-08 -4.7169178757e-12  9.2133929276e-06      0.0000000000  4.2329335533e-08  4.2311919777e-08    0.014961111111    0.014961111111
 4.1972904801e-08 -7.2066062792e-12  9.2130629216e-06      0.0000000000  4.2076950753e-08  4.2352955090e-08    0.014972222222    0.014972222222
 4.1909821517e-08  5.9051133108e-12  9.2127329226e-06      0.0000000000  4.1824565973e-08  4.2540161017e-08    0.014983333333    0.014983333333
 4.1460383765e-08 -7.7435020960e-12  9.2123879095e-06      0.0000000000  4.1572181193e-08  4.1447882746e-08    0.014994444444    0.014994444444
 4.1190236532e-08 -8.9422976370e-12  9.2120429243e-06      0.0000000000  4.1319341666e-08  4.1451074382e-08    0.015005555556    0.015005555556
 4.1213113049e-08  1.0123314731e-11  9.2117129218e-06      0.0000000000  4.1066956887e-08  4.0905839281e-08    0.015016666667    0.015016666667
 4.0779925051e-08 -2.3997828345e-12  9.2113829228e-06      0.0000000000  4.0814572107e-08  4.1876159344e-08    0.015027777778    0.015027777778
 4.0369022819e-08 -1.3379286108e-11  9.2110529237e-06      0.0000000000  4.0562187327e-08  4.1187426428e-08    0.015038888889    0.015038888889
 4.0335729809e-08  1.8273152473e-12  9.2107229212e-06      0.0000000000  4.0309347800e-08  4.0957723010e-08    0.015050000000    0.015050000000
 4.0040634524e-08 -1.1309718813e-12  9.2103929292e-06      0.0000000000  4.0056963020e-08  4.0832038608e-08    0.015061111111    0.015061111111
 3.9671120561e-08 -9.2437709605e-12  9.2100629197e-06      0.0000000000  3.9804578240e-08  3.9626889643e-08    0.015072222222    0.015072222222
 3.9531969565e-08 -1.3692841298e-12  9.2097329277e-06      0.0000000000  3.9551738713e-08  3.9465625581e-08    0.015083333333    0.015083333333
 3.9376824740e-08  5.3659136753e-12  9.2093879111e-06      0.0000000000  3.9299353934e-08  3.9073117311e-08    0.015094444444    0.015094444444
 3.8886405416e-08 -1.1089739049e-11  9.2090429224e-06      0.0000000000  3.9046514407e-08  3.8958800162e-08    0.015105555556    0.015105555556
 3.8692790533e-08 -7.0191193268e-12  9.2087129269e-06      0.0000000000  3.8794129627e-08  3.9173315797e-08    0.015116666667    0.015116666667
 3.8528567816e-08 -8.8119226730e-13  9.2083829174e-06      0.0000000000  3.8541290100e-08  3.8626571351e-08    0.015127777778    0.015127777778
 3.8110900419e-08 -1.2329275760e-11  9.2080529288e-06      0.0000000000  3.8288905320e-08  3.7568929400e-08    0.015138888889    0.015138888889
 3.7610399612e-08 -2.9483209243e-11  9.2077229228e-06      0.0000000000  3.8036065793e-08  3.6760014901e-08    0.015150000000    0.015150000000
 3.7406039820e-08 -2.6156821491e-11  9.2073929238e-06      0.0000000000  3.7783681013e-08  3.6283077654e-08    0.015161111111    0.015161111111
 3.7540288828e-08  6.5435774613e-13  9.2070629248e-06      0.0000000000  3.7530841486e-08  3.6627475557e-08    0.015172222222    0.015172222222
 3.7155993075e-08 -8.4507851636e-12  9.2067329223e-06      0.0000000000  3.7278001959e-08  3.6635666897e-08    0.015183333333    0.015183333333
 3.6784920881e-08 -1.6671513146e-11  9.2063879127e-06      0.0000000000  3.7025617179e-08  3.6235989239e-08    0.015194444444    0.015194444444
 3.6646930008e-08 -8.7166718405e-12  9.2060429240e-06      0.0000000000  3.6772777652e-08  3.6780501112e-08    0.015205555556    0.015205555556
 3.6477193055e-08 -2.9921786194e-12  9.2057129250e-06      0.0000000000  3.6520392872e-08  3.6664454506e-08    0.015216666667    0.015216666667
 3.6145428322e-08 -8.4588294419e-12  9.2053829190e-06      0.0000000000  3.6267553345e-08  3.7112604144e-08    0.015227777778    0.015227777778
 3.5671988972e-08 -2.3738386531e-11  9.2050529304e-06      0.0000000000  3.6014713818e-08  3.5858259971e-08    0.015238888889    0.015238888889
 3.5707145425e-08 -3.7907230934e-12  9.2047229209e-06      0.0000000000  3.5761874291e-08  3.6011206915e-08    0.015250000000    0.015250000000
 3.5375835670e-08 -9.2573578859e-12  9.2043929289e-06      0.0000000000  3.5509489511e-08  3.5885475345e-08    0.015261111111    0.015261111111
 3.5221960021e-08 -2.4027547778e-12  9.2040629264e-06      0.0000000000  3.5256649984e-08  3.6098701749e-08    0.015272222222    0.015272222222
 3.4755684211e-08 -1.7186138714e-11  9.2037329239e-06      0.0000000000  3.5003810457e-08  3.5914200064e-08    0.015283333333    0.015283333333
 3.4657589906e-08 -6.4679140411e-12  9.2033879178e-06      0.0000000000  3.4750970930e-08  3.5089767613e-08    0.015294444444    0.015294444444
 3.4713771805e-08  1.4936049340e-11  9.2030429186e-06      0.0000000000  3.4498131403e-08  3.5229492067e-08    0.015305555556    0.015305555556
 3.4316741138e-08  4.9488393308e-12  9.2027129301e-06      0.0000000000  3.4245291876e-08  3.4435781072e-08    0.015316666667    0.015316666667
 3.4151324632e-08  1.1004080118e-11  9.2023829241e-06      0.0000000000  3.3992452349e-08  3.3757990906e-08    0.015327777778    0.015327777778
 3.4039632934e-08  2.0780499265e-11  9.2020529251e-06      0.0000000000  3.3739612822e-08  3.4573728902e-08    0.015338888889    0.015338888889
 3.3642261565e-08  1.0738193441e-11  9.2017229260e-06      0.0000000000  3.3487228042e-08  3.3485900054e-08    0.015350000000    0.015350000000
 3.3490773762e-08  1.7758187600e-11  9.2013929235e-06      0.0000000000  3.3234388515e-08  3.3608880214e-08    0.015361111111    0.015361111111
 3.3219897110e-08  1.6508869784e-11  9.2010629245e-06      0.0000000000  3.2981548988e-08  3.3846680637e-08    0.015372222222    0.015372222222
 3.2854703594e-08  8.7268182712e-12  9.2007329220e-06      0.0000000000  3.2728709461e-08  3.3338345874e-08    0.015383333333    0.015383333333
 3.2775588394e-08  2.0791103169e-11  9.2003879159e-06      0.0000000000  3.2475415186e-08  3.2748710879e-08    0.015394444444    0.015394444444
 3.2736325368e-08  3.5584199137e-11  9.2000429202e-06      0.0000000000  3.2222575659e-08  3.1993708290e-08    0.015405555556    0.015405555556
 3.2155834241e-08  1.2889841251e-11  9.1997129317e-06      0.0000000000  3.1969736132e-08  3.1896607106e-08    0.015416666667    0.015416666667
 3.2084337025e-08  2.5450278320e-11  9.1993829222e-06      0.0000000000  3.1716896605e-08  3.0920925724e-08    0.015427777778    0.015427777778
 3.1887481475e-08  2.9327935039e-11  9.1990529302e-06      0.0000000000  3.1464057078e-08  3.0363427196e-08    0.015438888889    0.015438888889
 3.1632125424e-08  2.9153631296e-11  9.1987229276e-06      0.0000000000  3.1211217551e-08  3.1013813321e-08    0.015450000000    0.015450000000
 3.1233900967e-08  1.9083735014e-11  9.1983929251e-06      0.0000000000  3.0958378024e-08  3.0771972255e-08    0.015461111111    0.015461111111
 3.1008335191e-08  2.1004313037e-11  9.1980629296e-06      0.0000000000  3.0705083749e-08  3.0206250943e-08    0.015472222222    0.015472222222
 3.0609712627e-08  1.0906842327e-11  9.1977329236e-06      0.0000000000  3.0452244222e-08  2.9967208454e-08    0.015483333333    0.015483333333
 3.0307629650e-08  7.4960594543e-12  9.1973879175e-06      0.0000000000  3.0199404695e-08  2.9937744785e-08    0.015494444444    0.015494444444
 2.9849080609e-08 -6.7521399892e-12  9.1970429253e-06      0.0000000000  2.9946565168e-08  3.0155845114e-08    0.015505555556    0.015505555556
 2.9669280421e-08 -1.6616686044e-12  9.1967129263e-06      0.0000000000  2.9693270894e-08  3.0228199332e-08    0.015516666667    0.015516666667
 2.9442577726e-08  1.4866474760e-13  9.1963829273e-06      0.0000000000  2.9440431366e-08  2.9517533748e-08    0.015527777778    0.015527777778
 2.8967546479e-08 -1.5241153042e-11  9.1960529248e-06      0.0000000000  2.9187591839e-08  2.9119821383e-08    0.015538888889    0.015538888889
 2.8960859949e-08  1.8398086771e-12  9.1957229258e-06      0.0000000000  2.8934297565e-08  2.8458445342e-08    0.015550000000    0.015550000000
 2.8787086114e-08  7.3161900383e-12  9.1953929232e-06      0.0000000000  2.8681458038e-08  2.7728755724e-08    0.015561111111    0.015561111111
 2.8192268443e-08 -1.6370477142e-11  9.1950629312e-06      0.0000000000  2.8428618511e-08  2.8073153627e-08    0.015572222222    0.015572222222
 2.8077734188e-08 -6.7594465706e-12  9.1947329217e-06      0.0000000000  2.8175324236e-08  2.8162032027e-08    0.015583333333    0.015583333333
 2.8163432188e-08  1.6688910838e-11  9.1943879191e-06      0.0000000000  2.7922484709e-08  2.8678888300e-08    0.015594444444    0.015594444444
 2.7837181424e-08  1.1635675347e-11  9.1940429234e-06      0.0000000000  2.7669190435e-08  2.7808059217e-08    0.015605555556    0.015605555556
 2.7284945546e-08 -9.1016198726e-12  9.1937129314e-06      0.0000000000  2.7416350908e-08  2.8022574853e-08    0.015616666667    0.015616666667
 2.7275473329e-08  7.7863948737e-12  9.1933829289e-06      0.0000000000  2.7163056633e-08  2.7915961651e-08    0.015627777778    0.015627777778
 2.7136322333e-08  1.5660881704e-11  9.1930529264e-06      0.0000000000  2.6910217106e-08  2.6341636372e-08    0.015638888889    0.015638888889
 2.6728887728e-08  4.9845540445e-12  9.1927229343e-06      0.0000000000  2.6656922832e-08  2.5849684289e-08    0.015650000000    0.015650000000
 2.6665690435e-08  1.8151371925e-11  9.1923929248e-06      0.0000000000  2.6403628557e-08  2.6721566769e-08    0.015661111111    0.015661111111
 2.6326762429e-08  1.2188566455e-11  9.1920629328e-06      0.0000000000  2.6150789030e-08  2.6532898664e-08    0.015672222222    0.015672222222
 2.5880327667e-08 -1.1890558416e-12  9.1917329268e-06      0.0000000000  2.5897494756e-08  2.5781370713e-08    0.015683333333    0.015683333333
 2.5761141386e-08  8.0682608116e-12  9.1913879137e-06      0.0000000000  2.5644655229e-08  2.5446940775e-08    0.015694444444    0.015694444444
 2.5517600633e-08  8.7438256345e-12  9.1910429285e-06      0.0000000000  2.5391360954e-08  2.5968608085e-08    0.015705555556    0.015705555556
 2.5050471736e-08 -6.0671487597e-12  9.1907129260e-06      0.0000000000  2.5138066680e-08  2.4638969616e-08    0.015716666667    0.015716666667
 2.4836048709e-08 -3.3747828443e-12  9.1903829305e-06      0.0000000000  2.4884772405e-08  2.5330422498e-08    0.015727777778    0.015727777778
 2.4613723599e-08 -1.2612418184e-12  9.1900529245e-06      0.0000000000  2.4631932878e-08  2.4391484229e-08    0.015738888889    0.015738888889
 2.4319708361e-08 -4.0817258779e-12  9.1897229325e-06      0.0000000000  2.4378638604e-08  2.4364221688e-08    0.015750000000    0.015750000000
 2.4051162684e-08 -5.1380942442e-12  9.1893929230e-06      0.0000000000  2.4125344329e-08  2.4401122025e-08    0.015761111111    0.015761111111
 2.3690289616e-08 -1.2589398192e-11  9.1890629309e-06      0.0000000000  2.3872050055e-08  2.4302747330e-08    0.015772222222    0.015772222222
 2.3448805398e-08 -1.1771390164e-11  9.1887329284e-06      0.0000000000  2.3618755780e-08  2.3150676993e-08    0.015783333333    0.015783333333
 2.3101032220e-08 -1.8315347368e-11  9.1883879153e-06      0.0000000000  2.3365461506e-08  2.3015260461e-08    0.015794444444    0.015794444444
 2.2984597961e-08 -8.8674155386e-12  9.1880429301e-06      0.0000000000  2.3112621979e-08  2.1783965241e-08    0.015805555556    0.015805555556
 2.2756644338e-08 -7.1122285670e-12  9.1877129276e-06      0.0000000000  2.2859327704e-08  2.2713470105e-08    0.015816666667    0.015816666667
 2.2506006842e-08 -6.9282103155e-12  9.1873829356e-06      0.0000000000  2.2606033430e-08  2.2098443528e-08    0.015827777778    0.015827777778
 2.2382717417e-08  2.0764049085e-12  9.1870529261e-06      0.0000000000  2.2352739156e-08  2.1905719058e-08    0.015838888889    0.015838888889
 2.2232366266e-08  9.2066252321e-12  9.1867229341e-06      0.0000000000  2.2099444881e-08  2.2791295698e-08    0.015850000000    0.015850000000
 2.2010382126e-08  1.1375280578e-11  9.1863929315e-06      0.0000000000  2.1846150607e-08  2.2083255745e-08    0.015861111111    0.015861111111
 2.1694876804e-08  7.0663140712e-12  9.1860629255e-06      0.0000000000  2.1592856332e-08  2.1755319134e-08    0.015872222222    0.015872222222
 2.1147757589e-08 -1.3285084726e-11  9.1857329335e-06      0.0000000000  2.1339562058e-08  2.1462977906e-08    0.015883333333    0.015883333333
 2.1167966862e-08  5.6587794641e-12  9.1853879169e-06      0.0000000000  2.1086267783e-08  2.1542202787e-08    0.015894444444    0.015894444444
 2.0971617939e-08  9.6030244268e-12  9.1850429317e-06      0.0000000000  2.0832973509e-08  2.1080201766e-08    0.015905555556    0.015905555556
 2.0775046221e-08  1.3563335358e-11  9.1847129257e-06      0.0000000000  2.0579224487e-08  1.9724464209e-08    0.015916666667    0.015916666667
 2.0360448344e-08  2.3908530513e-12  9.1843829337e-06      0.0000000000  2.0325930213e-08  2.0230236231e-08    0.015927777778    0.015927777778
 2.0185025740e-08  7.7845321101e-12  9.1840529277e-06      0.0000000000  2.0072635938e-08  1.9479950345e-08    0.015938888889    0.015938888889
 2.0325585201e-08  3.5064294043e-11  9.1837229322e-06      0.0000000000  1.9819341664e-08  2.0026521845e-08    0.015950000000    0.015950000000
 2.0028784009e-08  3.2050844504e-11  9.1833929297e-06      0.0000000000  1.9566047389e-08  1.9359658706e-08    0.015961111111    0.015961111111
 1.9631241492e-08  2.2091176862e-11  9.1830629271e-06      0.0000000000  1.9312298367e-08  1.9761568936e-08    0.015972222222    0.015972222222
 1.9414033045e-08  2.4590614311e-11  9.1827329351e-06      0.0000000000  1.9059004093e-08  1.9452577748e-08    0.015983333333    0.015983333333
 1.9277312685e-08  3.2664953451e-11  9.1823879150e-06      0.0000000000  1.8805709819e-08  1.8888837450e-08    0.015994444444    0.015994444444
 1.8795359208e-08  1.6827173968e-11  9.1820429368e-06      0.0000000000  1.8552415544e-08  1.8487681892e-08    0.016005555556    0.016005555556
 1.8379112562e-08  5.5719893586e-12  9.1817129273e-06      0.0000000000  1.8298666522e-08  1.8012206823e-08    0.016016666667    0.016016666667
 1.8449232556e-08  2.7972854080e-11  9.1813829353e-06      0.0000000000  1.8045372248e-08  1.8255494345e-08    0.016027777778    0.016027777778
 1.7911266352e-08  8.2554265523e-12  9.1810529328e-06      0.0000000000  1.7792077973e-08  1.8132404129e-08    0.016038888889    0.016038888889
 1.7571428388e-08  2.2925890227e-12  9.1807229268e-06      0.0000000000  1.7538328952e-08  1.6989877253e-08    0.016050000000    0.016050000000
 1.7462465508e-08  1.2289513541e-11  9.1803929347e-06      0.0000000000  1.7285034677e-08  1.6142678850e-08    0.016061111111    0.016061111111
 1.7149689003e-08  8.2010524052e-12  9.1800629287e-06      0.0000000000  1.7031285655e-08  1.6077085239e-08    0.016072222222    0.016072222222
 1.6676192515e-08 -7.0509647921e-12  9.1797329332e-06      0.0000000000  1.6777991381e-08  1.6448777128e-08    0.016083333333    0.016083333333
 1.6528471322e-08  2.9291356185e-13  9.1793879166e-06      0.0000000000  1.6524242359e-08  1.6562433939e-08    0.016094444444    0.016094444444
 1.6355535424e-08  5.8588310131e-12  9.1790429349e-06      0.0000000000  1.6270948085e-08  1.6083767234e-08    0.016105555556    0.016105555556
 1.6057881412e-08  2.8178095220e-12  9.1787129289e-06      0.0000000000  1.6017199063e-08  1.6040059124e-08    0.016116666667    0.016116666667
 1.5716508689e-08 -3.2828286005e-12  9.1783829334e-06      0.0000000000  1.5763904789e-08  1.5077930401e-08    0.016127777778    0.016127777778
 1.5342445995e-08 -1.1616197171e-11  9.1780529309e-06      0.0000000000  1.5510155767e-08  1.6414518145e-08    0.016138888889    0.016138888889
 1.5085839016e-08 -1.1845647294e-11  9.1777229284e-06      0.0000000000  1.5256861492e-08  1.6578533617e-08    0.016150000000    0.016150000000
 1.4677153484e-08 -2.2577121335e-11  9.1773929364e-06      0.0000000000  1.5003112470e-08  1.5166871690e-08    0.016161111111    0.016161111111
 1.4367162666e-08 -2.6472635497e-11  9.1770629269e-06      0.0000000000  1.4749363449e-08  1.4338650154e-08    0.016172222222    0.016172222222
 1.3992759002e-08 -3.4861118388e-11  9.1767329383e-06      0.0000000000  1.4496069174e-08  1.4514897609e-08    0.016183333333    0.016183333333
 1.3675572048e-08 -3.9255063476e-11  9.1763879182e-06      0.0000000000  1.4242320152e-08  1.5156856558e-08    0.016194444444    0.016194444444
 1.3321042296e-08 -4.6235508450e-11  9.1760429366e-06      0.0000000000  1.3988571131e-08  1.4456001715e-08    0.016205555556    0.016205555556
 1.3165915719e-08 -3.9436051723e-11  9.1757129340e-06      0.0000000000  1.3735276856e-08  1.2904835447e-08    0.016216666667    0.016216666667
 1.2937109277e-08 -3.7708436703e-11  9.1753829315e-06      0.0000000000  1.3481527834e-08  1.2300877398e-08    0.016227777778    0.016227777778
 1.2869875369e-08 -2.4789712176e-11  9.1750529360e-06      0.0000000000  1.3227778813e-08  1.3350485233e-08    0.016238888889    0.016238888889
 1.2576598942e-08 -2.7527525993e-11  9.1747229300e-06      0.0000000000  1.2974029791e-08  1.3027941385e-08    0.016250000000    0.016250000000
 1.2263083359e-08 -3.1698675878e-11  9.1743929345e-06      0.0000000000  1.2720735516e-08  1.2345921908e-08    0.016261111111    0.016261111111
 1.2241615307e-08 -1.5610039482e-11  9.1740629320e-06      0.0000000000  1.2466986495e-08  1.1558735686e-08    0.016272222222    0.016272222222
 1.2204626385e-08 -5.9643566648e-13  9.1737329329e-06      0.0000000000  1.2213237473e-08  1.1460376714e-08    0.016283333333    0.016283333333
 1.1715519829e-08 -1.6898166310e-11  9.1733879163e-06      0.0000000000  1.1959488451e-08  1.1992263546e-08    0.016294444444    0.016294444444
 1.1399990234e-08 -2.1177316647e-11  9.1730429347e-06      0.0000000000  1.1705739429e-08  1.1565637794e-08    0.016305555556    0.016305555556
 1.1267888501e-08 -1.2751576879e-11  9.1727129321e-06      0.0000000000  1.1451990407e-08  1.2553692659e-08    0.016316666667    0.016316666667
 1.0943968980e-08 -1.7611844414e-11  9.1723829296e-06      0.0000000000  1.1198241386e-08  1.0525447642e-08    0.016327777778    0.016327777778
 1.0521752851e-08 -2.9280497398e-11  9.1720529376e-06      0.0000000000  1.0944492364e-08  1.0648522136e-08    0.016338888889    0.016338888889
 1.0173955667e-08 -3.5794619925e-11  9.1717229281e-06      0.0000000000  1.0690743342e-08  1.0189225357e-08    0.016350000000    0.016350000000
 9.9224653508e-09 -3.5638173626e-11  9.1713929361e-06      0.0000000000  1.0436994320e-08  1.0295838559e-08    0.016361111111    0.016361111111
 9.6805258864e-09 -3.4820200134e-11  9.1710629336e-06      0.0000000000  1.0183245298e-08  1.0697733067e-08    0.016372222222    0.016372222222
 9.3983924760e-09 -3.6786207552e-11  9.1707329345e-06      0.0000000000  9.9294962766e-09  9.9788289756e-09    0.016383333333    0.016383333333
 9.1519103054e-09 -3.6282878645e-11  9.1703879214e-06      0.0000000000  9.6757472549e-09  1.0406130788e-08    0.016394444444    0.016394444444
 9.1246378913e-09 -2.0596273714e-11  9.1700429328e-06      0.0000000000  9.4219982331e-09  9.9664397700e-09    0.016405555556    0.016405555556
 8.9185153224e-09 -1.7297489975e-11  9.1697129372e-06      0.0000000000  9.1682492113e-09  1.0244017719e-08    0.016416666667    0.016416666667
 8.3625837995e-09 -3.8227764228e-11  9.1693829312e-06      0.0000000000  8.9145001895e-09  9.0002232381e-09    0.016427777778    0.016427777778
 8.3537932556e-09 -2.1229539347e-11  9.1690529357e-06      0.0000000000  8.6602964203e-09  9.1395703559e-09    0.016438888889    0.016438888889
 8.3518252810e-09 -3.7902556335e-12  9.1687229332e-06      0.0000000000  8.4065473985e-09  8.2485066190e-09    0.016450000000    0.016450000000
 8.1540597740e-09  8.7369025554e-14  9.1683929377e-06      0.0000000000  8.1527983767e-09  7.6443284580e-09    0.016461111111    0.016461111111
 7.7501499342e-09 -1.0313322912e-11  9.1680629317e-06      0.0000000000  7.8990493549e-09  8.3003589032e-09    0.016472222222    0.016472222222
 7.4926329978e-09 -1.0542805096e-11  9.1677329361e-06      0.0000000000  7.6448455858e-09  6.8010449187e-09    0.016483333333    0.016483333333
 7.2560666555e-09 -9.3526693532e-12  9.1673879230e-06      0.0000000000  7.3910965640e-09  6.7115690700e-09    0.016494444444    0.016494444444
 7.1034695743e-09 -2.3465129744e-12  9.1670429309e-06      0.0000000000  7.1373475422e-09  6.3145170433e-09    0.016505555556    0.016505555556
 6.8260544516e-09 -3.9542169046e-12  9.1667129388e-06      0.0000000000  6.8831437731e-09  6.1916154954e-09    0.016516666667    0.016516666667
 6.3982669487e-09 -1.6008763835e-11  9.1663829293e-06      0.0000000000  6.6293947513e-09  6.0001488136e-09    0.016527777778    0.016527777778
 6.0791228531e-09 -2.0538267774e-11  9.1660529373e-06      0.0000000000  6.3756457295e-09  6.2091930738e-09    0.016538888889    0.016538888889
 6.0146177618e-09 -7.3990378755e-12  9.1657229348e-06      0.0000000000  6.1214419603e-09  5.4493165592e-09    0.016550000000    0.016550000000
 5.6783614345e-09 -1.3113798082e-11  9.1653929323e-06      0.0000000000  5.8676929385e-09  5.3850750695e-09    0.016561111111    0.016561111111
 5.3846300290e-09 -1.5851627929e-11  9.1650629368e-06      0.0000000000  5.6134891694e-09  5.3933135767e-09    0.016572222222    0.016572222222
 5.3858455825e-09  1.8081586803e-12  9.1647329308e-06      0.0000000000  5.3597401476e-09  5.6078449343e-09    0.016583333333    0.016583333333
 4.8406595023e-09 -1.8377846590e-11  9.1643879281e-06      0.0000000000  5.1059911258e-09  5.6327019571e-09    0.016594444444    0.016594444444
 4.3133239303e-09 -3.7295962363e-11  9.1640429325e-06      0.0000000000  4.8517873566e-09  5.5163723481e-09    0.016605555556    0.016605555556
 4.5281880589e-09 -4.8065901891e-12  9.1637129404e-06      0.0000000000  4.5975835875e-09  4.0033327590e-09    0.016616666667    0.016616666667
 4.3137081610e-09 -2.0866658754e-12  9.1633829344e-06      0.0000000000  4.3438345657e-09  5.0038082743e-09    0.016627777778    0.016627777778
 3.8221897517e-09 -1.8523952894e-11  9.1630529389e-06      0.0000000000  4.0896307966e-09  4.2944162001e-09    0.016638888889    0.016638888889
 3.6335772554e-09 -1.4012356965e-11  9.1627229329e-06      0.0000000000  3.8358817748e-09  3.5727606990e-09    0.016650000000    0.016650000000
 3.5782251748e-09 -2.3915579653e-13  9.1623929374e-06      0.0000000000  3.5816780056e-09  3.2994749492e-09    0.016661111111    0.016661111111
 3.4050764089e-09  5.3750126037e-12  9.1620629384e-06      0.0000000000  3.3274742365e-09  2.9713968372e-09    0.016672222222    0.016672222222
 3.1726883304e-09  6.8545502997e-12  9.1617329289e-06      0.0000000000  3.0737252147e-09  3.1723598135e-09    0.016683333333    0.016683333333
 2.9889605791e-09  1.1735979159e-11  9.1613879297e-06      0.0000000000  2.8195214455e-09  3.4302533905e-09    0.016694444444    0.016694444444
 2.6031336999e-09  2.6192772231e-12  9.1610429306e-06      0.0000000000  2.5653176764e-09  3.5783421305e-09    0.016705555556    0.016705555556
 2.3241838175e-09  8.7377270023e-13  9.1607129386e-06      0.0000000000  2.3115686546e-09  4.4146606722e-09    0.016716666667    0.016716666667
 1.9524518320e-09 -7.2666649274e-12  9.1603829360e-06      0.0000000000  2.0573648854e-09  2.1238839879e-09    0.016727777778    0.016727777778
 1.7868644463e-09 -1.1287674517e-12  9.1600529335e-06      0.0000000000  1.8031611163e-09  2.0706481376e-09    0.016738888889    0.016738888889
 1.5970010224e-09  3.3276820969e-12  9.1597229380e-06      0.0000000000  1.5489573472e-09  1.2286066634e-09    0.016750000000    0.016750000000
 1.3355617470e-09  2.7950267761e-12  9.1593929320e-06      0.0000000000  1.2952083254e-09  5.4253082247e-10    0.016761111111    0.016761111111
 9.5507459155e-10 -5.9518261994e-12  9.1590629435e-06      0.0000000000  1.0410045562e-09  1.6169013455e-09    0.016772222222    0.016772222222
 7.5924168503e-10 -1.9088450256e-12  9.1587329340e-06      0.0000000000  7.8680078707e-10  1.0359136390e-09    0.016783333333    0.016783333333
 7.5632176463e-10  1.5496000889e-11  9.1583879243e-06      0.0000000000  5.3259701793e-10 -3.5480612885e-10    0.016794444444    0.016794444444
 2.9713720656e-10  1.2982756298e-12  9.1580429357e-06      0.0000000000  2.7839324878e-10  3.8315312272e-11    0.016805555556    0.016805555556
-1.2114800277e-11 -2.5145682903e-12  9.1577129402e-06      0.0000000000  2.4189479636e-11  7.0797702807e-10    0.016816666667    0.016816666667
 1.1519789678e-10  2.3910668911e-11  9.1573829377e-06      0.0000000000 -2.3001428951e-10  4.0988110424e-11    0.016827777778    0.016827777778
-6.6706306115e-11  2.8918403457e-11  9.1570529386e-06      0.0000000000 -4.8421805865e-10  5.6171207979e-10    0.016838888889    0.016838888889
-5.2718378004e-10  1.4631126078e-11  9.1567229396e-06      0.0000000000 -7.3842182780e-10 -5.3718529687e-10    0.016850000000    0.016850000000
-6.9635306895e-10  2.0520927724e-11  9.1563929301e-06      0.0000000000 -9.9262559695e-10 -9.0357875648e-10    0.016861111111    0.016861111111
-8.2373624697e-10  2.9304989486e-11  9.1560629451e-06      0.0000000000 -1.2468293661e-09 -1.2972504796e-09    0.016872222222    0.016872222222
-1.1353758331e-09  2.5326773022e-11  9.1557329356e-06      0.0000000000 -1.5010331352e-09 -7.3270834286e-10    0.016883333333    0.016883333333
-1.3429812475e-09  2.8554346888e-11  9.1553879260e-06      0.0000000000 -1.7552369044e-09 -1.8132734687e-09    0.016894444444    0.016894444444
-1.5047553463e-09  3.4956366674e-11  9.1550429373e-06      0.0000000000 -2.0094406735e-09 -2.6271719506e-09    0.016905555556    0.016905555556
-1.9990597100e-09  1.8326114176e-11  9.1547129348e-06      0.0000000000 -2.2636444427e-09 -2.9483636768e-09    0.016916666667    0.016916666667
-2.1797698561e-09  2.3416553501e-11  9.1543829427e-06      0.0000000000 -2.5178482118e-09 -1.4311419446e-09    0.016927777778    0.016927777778
-2.4433131459e-09  2.2801161341e-11  9.1540529332e-06      0.0000000000 -2.7725067283e-09 -1.9600415319e-09    0.016938888889    0.016938888889
-2.9411991458e-09  5.9228315196e-12  9.1537229412e-06      0.0000000000 -3.0267104975e-09 -1.8944479208e-09    0.016950000000    0.016950000000
-3.1457869550e-09  9.3594158519e-12  9.1533929352e-06      0.0000000000 -3.2809142666e-09 -1.8192322363e-09    0.016961111111    0.016961111111
-3.2986399610e-09  1.6379343415e-11  9.1530629397e-06      0.0000000000 -3.5351180358e-09 -2.3850950498e-09    0.016972222222    0.016972222222
-3.7384804379e-09  3.5529580253e-12  9.1527329407e-06      0.0000000000 -3.7897765522e-09 -2.4343374251e-09    0.016983333333    0.016983333333
-3.8291511110e-09  1.4879863247e-11  9.1523879276e-06      0.0000000000 -4.0439803214e-09 -3.3280896825e-09    0.016994444444    0.016994444444
-4.0338388480e-09  1.8309526212e-11  9.1520429389e-06      0.0000000000 -4.2981840905e-09 -5.0328946778e-09    0.017005555556    0.017005555556
-4.1966976842e-09  2.4667910553e-11  9.1517129399e-06      0.0000000000 -4.5528426070e-09 -4.5941155553e-09    0.017016666667    0.017016666667
-4.3523363775e-09  3.1494891143e-11  9.1513829409e-06      0.0000000000 -4.8070463762e-09 -4.3999131861e-09    0.017027777778    0.017027777778
-4.7825685977e-09  1.9302511560e-11  9.1510529349e-06      0.0000000000 -5.0612501453e-09 -4.9616724682e-09    0.017038888889    0.017038888889
-4.7432628453e-09  3.9663560746e-11  9.1507229463e-06      0.0000000000 -5.3159086618e-09 -4.6336415233e-09    0.017050000000    0.017050000000
-4.6680830595e-09  6.2477880288e-11  9.1503929368e-06      0.0000000000 -5.5701124310e-09 -5.4948485325e-09    0.017061111111    0.017061111111
-5.0903563258e-09  5.0836767196e-11  9.1500629378e-06      0.0000000000 -5.8243162001e-09 -5.5441066302e-09    0.017072222222    0.017072222222
-5.4705025113e-09  4.2145028541e-11  9.1497329423e-06      0.0000000000 -6.0789747166e-09 -4.9631032014e-09    0.017083333333    0.017083333333
-5.4172769124e-09  6.3438720144e-11  9.1493879222e-06      0.0000000000 -6.3331784858e-09 -6.9628436116e-09    0.017094444444    0.017094444444
-5.5673348396e-09  7.0683742648e-11  9.1490429440e-06      0.0000000000 -6.5878370023e-09 -7.1555680807e-09    0.017105555556    0.017105555556
-5.9736896638e-09  6.0145199551e-11  9.1487129345e-06      0.0000000000 -6.8420407714e-09 -6.5514842537e-09    0.017116666667    0.017116666667
-6.1604261633e-09  6.4849728899e-11  9.1483829425e-06      0.0000000000 -7.0966992879e-09 -7.1691679066e-09    0.017127777778    0.017127777778
-6.4971946073e-09  5.9162492555e-11  9.1480529399e-06      0.0000000000 -7.3513578044e-09 -6.5829289379e-09    0.017138888889    0.017138888889
-6.7372012040e-09  6.0145841067e-11  9.1477229409e-06      0.0000000000 -7.6055615735e-09 -7.2171367723e-09    0.017150000000    0.017150000000
-6.9243355443e-09  6.4822814494e-11  9.1473929419e-06      0.0000000000 -7.8602200900e-09 -7.3278377828e-09    0.017161111111    0.017161111111
-7.3350679534e-09  5.3981063723e-11  9.1470629394e-06      0.0000000000 -8.1144238592e-09 -9.0583645298e-09    0.017172222222    0.017172222222
-7.6399992461e-09  5.0498985875e-11  9.1467329404e-06      0.0000000000 -8.3690823757e-09 -8.9927394740e-09    0.017183333333    0.017183333333
-7.5900805756e-09  7.1595124906e-11  9.1463879273e-06      0.0000000000 -8.6237408922e-09 -8.7409147211e-09    0.017194444444    0.017194444444
-8.1026161085e-09  5.3733611886e-11  9.1460429421e-06      0.0000000000 -8.8783994087e-09 -8.4500513928e-09    0.017205555556    0.017205555556
-8.2009478225e-09  6.4529885172e-11  9.1457129361e-06      0.0000000000 -9.1326031778e-09 -8.7916349966e-09    0.017216666667    0.017216666667
-8.0995599322e-09  8.9190972143e-11  9.1453829476e-06      0.0000000000 -9.3872616943e-09 -9.8360072909e-09    0.017227777778    0.017227777778
-8.3686745965e-09  8.8189686037e-11  9.1450529381e-06      0.0000000000 -9.6419202108e-09 -1.0266642240e-08    0.017238888889    0.017238888889
-8.6883305417e-09  8.3687724467e-11  9.1447229390e-06      0.0000000000 -9.8965787273e-09 -8.9215958761e-09    0.017250000000    0.017250000000
-8.9156022244e-09  8.5553140079e-11  9.1443929435e-06      0.0000000000 -1.0150782496e-08 -9.3275624707e-09    0.017261111111    0.017261111111
-9.1799414630e-09  8.4882617569e-11  9.1440629340e-06      0.0000000000 -1.0405441013e-08 -1.1328670725e-08    0.017272222222    0.017272222222
-9.3352389191e-09  9.1764730985e-11  9.1437329455e-06      0.0000000000 -1.0660099529e-08 -1.1384720874e-08    0.017283333333    0.017283333333
-9.4762426946e-09  9.9636877418e-11  9.1433879254e-06      0.0000000000 -1.0914758046e-08 -1.0353523903e-08    0.017294444444    0.017294444444
-9.8897850651e-09  8.8631995844e-11  9.1430429437e-06      0.0000000000 -1.1169416562e-08 -1.1124987783e-08    0.017305555556    0.017305555556
-1.0179593865e-08  8.6197357640e-11  9.1427129412e-06      0.0000000000 -1.1424075079e-08 -1.1670537331e-08    0.017316666667    0.017316666667
-1.0410504321e-08  8.7842235821e-11  9.1423829422e-06      0.0000000000 -1.1678733595e-08 -1.1243895856e-08    0.017327777778    0.017327777778
-1.0873028672e-08  7.3444681712e-11  9.1420529432e-06      0.0000000000 -1.1933392112e-08 -1.1949310178e-08    0.017338888889    0.017338888889
-1.0821385846e-08  9.4660242075e-11  9.1417229406e-06      0.0000000000 -1.2188050628e-08 -1.2146169623e-08    0.017350000000    0.017350000000
-1.0867243679e-08  1.0912254734e-10  9.1413929416e-06      0.0000000000 -1.2442709145e-08 -1.2839210461e-08    0.017361111111    0.017361111111
-1.1262512625e-08  9.9383350534e-11  9.1410629391e-06      0.0000000000 -1.2697367661e-08 -1.3298460073e-08    0.017372222222    0.017372222222
-1.1473922736e-08  1.0237889454e-10  9.1407329471e-06      0.0000000000 -1.2952026178e-08 -1.2882965739e-08    0.017383333333    0.017383333333
-1.1565778075e-08  1.1365524295e-10  9.1403879235e-06      0.0000000000 -1.3206684694e-08 -1.2819478922e-08    0.017394444444    0.017394444444
-1.2047173011e-08  9.7950642430e-11  9.1400429488e-06      0.0000000000 -1.3461343211e-08 -1.3941032194e-08    0.017405555556    0.017405555556
-1.2336185862e-08  9.5571134577e-11  9.1397129393e-06      0.0000000000 -1.3716001727e-08 -1.4207635948e-08    0.017416666667    0.017416666667
-1.2412288948e-08  1.0793854205e-10  9.1393829438e-06      0.0000000000 -1.3970660244e-08 -1.3912354642e-08    0.017427777778    0.017427777778
-1.2781292118e-08  1.0001860979e-10  9.1390529448e-06      0.0000000000 -1.4225318760e-08 -1.4814392573e-08    0.017438888889    0.017438888889
-1.2978830663e-08  1.0400644706e-10  9.1387229353e-06      0.0000000000 -1.4480432024e-08 -1.4688708171e-08    0.017450000000    0.017450000000
-1.2998025146e-08  1.2031555429e-10  9.1383929467e-06      0.0000000000 -1.4735090541e-08 -1.5014082040e-08    0.017461111111    0.017461111111
-1.3171629157e-08  1.2592968815e-10  9.1380629407e-06      0.0000000000 -1.4989749057e-08 -1.5637441458e-08    0.017472222222    0.017472222222
-1.3214303195e-08  1.4061251482e-10  9.1377329417e-06      0.0000000000 -1.5244407574e-08 -1.4807647689e-08    0.017483333333    0.017483333333
-1.3350886863e-08  1.4882231168e-10  9.1373879286e-06      0.0000000000 -1.5499520838e-08 -1.5796661617e-08    0.017494444444    0.017494444444
-1.3582660065e-08  1.5040743293e-10  9.1370429434e-06      0.0000000000 -1.5754179354e-08 -1.5594912523e-08    0.017505555556    0.017505555556
-1.3630905744e-08  1.6470434714e-10  9.1367129409e-06      0.0000000000 -1.6008837871e-08 -1.5637394291e-08    0.017516666667    0.017516666667
-1.3860679282e-08  1.6645946999e-10  9.1363829419e-06      0.0000000000 -1.6263951134e-08 -1.6258018022e-08    0.017527777778    0.017527777778
-1.4258335807e-08  1.5655490064e-10  9.1360529429e-06      0.0000000000 -1.6518609651e-08 -1.6007734059e-08    0.017538888889    0.017538888889
-1.4307377435e-08  1.7079668451e-10  9.1357229404e-06      0.0000000000 -1.6773268167e-08 -1.7134161257e-08    0.017550000000    0.017550000000
-1.4614355604e-08  1.6720432993e-10  9.1353929483e-06      0.0000000000 -1.7028381431e-08 -1.7380184465e-08    0.017561111111    0.017561111111
-1.5016389714e-08  1.5699655290e-10  9.1350629388e-06      0.0000000000 -1.7283039948e-08 -1.7396661480e-08    0.017572222222    0.017572222222
-1.5121998976e-08  1.6735175132e-10  9.1347329468e-06      0.0000000000 -1.7538153212e-08 -1.7566164050e-08    0.017583333333    0.017583333333
-1.5000380787e-08  1.9341406341e-10  9.1343879302e-06      0.0000000000 -1.7792811728e-08 -1.8676240011e-08    0.017594444444    0.017594444444
-1.5192680071e-08  1.9776479126e-10  9.1340429450e-06      0.0000000000 -1.8047924992e-08 -1.7484266370e-08    0.017605555556    0.017605555556
-1.5624561327e-08  1.8548969087e-10  9.1337129460e-06      0.0000000000 -1.8302583508e-08 -1.8881227907e-08    0.017616666667    0.017616666667
-1.5873436835e-08  1.8592174083e-10  9.1333829365e-06      0.0000000000 -1.8557696772e-08 -1.8555806871e-08    0.017627777778    0.017627777778
-1.5998091464e-08  1.9492628946e-10  9.1330529480e-06      0.0000000000 -1.8812355289e-08 -1.8289266006e-08    0.017638888889    0.017638888889
-1.6349243323e-08  1.8827430222e-10  9.1327229420e-06      0.0000000000 -1.9067468553e-08 -1.9404813343e-08    0.017650000000    0.017650000000
-1.6569408871e-08  1.9066341237e-10  9.1323929429e-06      0.0000000000 -1.9322127069e-08 -1.9890209210e-08    0.017661111111    0.017661111111
-1.6452159143e-08  2.1645464624e-10  9.1320629439e-06      0.0000000000 -1.9577240333e-08 -2.0103435613e-08    0.017672222222    0.017672222222
-1.6576472801e-08  2.2551430919e-10  9.1317329414e-06      0.0000000000 -1.9832353597e-08 -2.0111579786e-08    0.017683333333    0.017683333333
-1.6775910549e-08  2.2933910323e-10  9.1313879318e-06      0.0000000000 -2.0087012113e-08 -2.1025849700e-08    0.017694444444    0.017694444444
-1.7253250088e-08  2.1394689200e-10  9.1310429431e-06      0.0000000000 -2.0342125377e-08 -2.0659739242e-08    0.017705555556    0.017705555556
-1.7266134385e-08  2.3072456342e-10  9.1307129441e-06      0.0000000000 -2.0597238641e-08 -2.1508698547e-08    0.017716666667    0.017716666667
-1.7094704869e-08  2.6023699168e-10  9.1303829381e-06      0.0000000000 -2.0851897158e-08 -2.0663842774e-08    0.017727777778    0.017727777778
-1.7595092724e-08  2.4324836910e-10  9.1300529496e-06      0.0000000000 -2.1107010421e-08 -2.1791732149e-08    0.017738888889    0.017738888889
-1.8069612910e-08  2.2805143664e-10  9.1297229401e-06      0.0000000000 -2.1362123685e-08 -2.2234567636e-08    0.017750000000    0.017750000000
-1.7824617537e-08  2.6269080490e-10  9.1293929480e-06      0.0000000000 -2.1617236949e-08 -2.1720541384e-08    0.017761111111    0.017761111111
-1.8208800337e-08  2.5375097289e-10  9.1290629455e-06      0.0000000000 -2.1872350213e-08 -2.2450514004e-08    0.017772222222    0.017772222222
-1.8937959527e-08  2.2088530659e-10  9.1287329430e-06      0.0000000000 -2.2127008729e-08 -2.2434021267e-08    0.017783333333    0.017783333333
-1.8827408701e-08  2.4621254981e-10  9.1283879369e-06      0.0000000000 -2.2382121993e-08 -2.2161065687e-08    0.017794444444    0.017794444444
-1.8841951157e-08  2.6287537096e-10  9.1280429378e-06      0.0000000000 -2.2637235257e-08 -2.2700782245e-08    0.017805555556    0.017805555556
-1.9247226201e-08  2.5247461243e-10  9.1277129527e-06      0.0000000000 -2.2892348521e-08 -2.3013704020e-08    0.017816666667    0.017816666667
-1.9606337281e-08  2.4527134019e-10  9.1273829432e-06      0.0000000000 -2.3147461785e-08 -2.3090366159e-08    0.017827777778    0.017827777778
-1.9751344808e-08  2.5289766955e-10  9.1270529442e-06      0.0000000000 -2.3402575049e-08 -2.2901619443e-08    0.017838888889    0.017838888889
-1.9760647468e-08  2.6992341829e-10  9.1267229452e-06      0.0000000000 -2.3657688312e-08 -2.3760216543e-08    0.017850000000    0.017850000000
-2.0072003222e-08  2.6602785604e-10  9.1263929426e-06      0.0000000000 -2.3912801576e-08 -2.3068496382e-08    0.017861111111    0.017861111111
-2.0234918929e-08  2.7241379878e-10  9.1260629471e-06      0.0000000000 -2.4167914840e-08 -2.3954340301e-08    0.017872222222    0.017872222222
-2.0326201647e-08  2.8376130649e-10  9.1257329411e-06      0.0000000000 -2.4423028104e-08 -2.3700047140e-08    0.017883333333    0.017883333333
-2.0623363114e-08  2.8084889290e-10  9.1253879385e-06      0.0000000000 -2.4678141368e-08 -2.4018188732e-08    0.017894444444    0.017894444444
-2.0697798916e-08  2.9336328010e-10  9.1250429394e-06      0.0000000000 -2.4933254632e-08 -2.4576174652e-08    0.017905555556    0.017905555556
-2.0871459799e-08  2.9900497237e-10  9.1247129508e-06      0.0000000000 -2.5188367896e-08 -2.6133315411e-08    0.017916666667    0.017916666667
-2.1169284957e-08  2.9604658906e-10  9.1243829413e-06      0.0000000000 -2.5443481159e-08 -2.6177180745e-08    0.017927777778    0.017927777778
-2.1221965092e-08  3.1006785399e-10  9.1240529493e-06      0.0000000000 -2.5698594423e-08 -2.5459345773e-08    0.017938888889    0.017938888889
-2.1038710886e-08  3.4046229879e-10  9.1237229468e-06      0.0000000000 -2.5954162434e-08 -2.5864038858e-08    0.017950000000    0.017950000000
-2.1253759772e-08  3.4323730536e-10  9.1233929443e-06      0.0000000000 -2.6209275698e-08 -2.4831914268e-08    0.017961111111    0.017961111111
-2.1760913058e-08  3.2578008406e-10  9.1230629522e-06      0.0000000000 -2.6464388962e-08 -2.5504531784e-08    0.017972222222    0.017972222222
-2.2022523480e-08  3.2533006692e-10  9.1227329427e-06      0.0000000000 -2.6719502226e-08 -2.6896100559e-08    0.017983333333    0.017983333333
-2.2251965173e-08  3.2710817463e-10  9.1223879366e-06      0.0000000000 -2.6974615490e-08 -2.8161088757e-08    0.017994444444    0.017994444444
-2.2382637030e-08  3.3575894274e-10  9.1220429445e-06      0.0000000000 -2.7230183501e-08 -2.7272178981e-08    0.018005555556    0.018005555556
-2.2590920484e-08  3.3900254804e-10  9.1217129454e-06      0.0000000000 -2.7485296765e-08 -2.6477949149e-08    0.018016666667    0.018016666667
-2.2870041514e-08  3.3733968170e-10  9.1213829499e-06      0.0000000000 -2.7740410029e-08 -2.8457297682e-08    0.018027777778    0.018027777778
-2.3075994259e-08  3.4077621794e-10  9.1210529439e-06      0.0000000000 -2.7995978040e-08 -2.8481997481e-08    0.018038888889    0.018038888889
-2.3207470923e-08  3.4933974475e-10  9.1207229484e-06      0.0000000000 -2.8251091304e-08 -2.8471196232e-08    0.018050000000    0.018050000000
-2.3615133813e-08  3.3877359516e-10  9.1203929424e-06      0.0000000000 -2.8506204568e-08 -2.9414442422e-08    0.018061111111    0.018061111111
-2.3836209051e-08  3.4116269176e-10  9.1200629503e-06      0.0000000000 -2.8761772579e-08 -2.9873692034e-08    0.018072222222    0.018072222222
-2.3786613102e-08  3.6226797539e-10  9.1197329443e-06      0.0000000000 -2.9016885843e-08 -2.9667257683e-08    0.018083333333    0.018083333333
-2.3992101210e-08  3.6573669414e-10  9.1193879382e-06      0.0000000000 -2.9272453854e-08 -2.8364221416e-08    0.018094444444    0.018094444444
-2.4137175534e-08  3.7335839692e-10  9.1190429461e-06      0.0000000000 -2.9527567118e-08 -2.8974216844e-08    0.018105555556    0.018105555556
-2.4291393209e-08  3.8037829489e-10  9.1187129505e-06      0.0000000000 -2.9783135129e-08 -3.0323476796e-08    0.018116666667    0.018116666667
-2.4383869716e-08  3.9164311634e-10  9.1183829480e-06      0.0000000000 -3.0038248393e-08 -3.0031041233e-08    0.018127777778    0.018127777778
-2.4639965634e-08  3.9160655154e-10  9.1180529455e-06      0.0000000000 -3.0293816404e-08 -3.0084339973e-08    0.018138888889    0.018138888889
-2.4994301556e-08  3.8473402440e-10  9.1177229535e-06      0.0000000000 -3.0548929668e-08 -3.1670158284e-08    0.018150000000    0.018150000000
-2.5207815415e-08  3.8764685007e-10  9.1173929440e-06      0.0000000000 -3.0804497679e-08 -3.2072099959e-08    0.018161111111    0.018161111111
-2.5301087871e-08  3.9885654116e-10  9.1170629519e-06      0.0000000000 -3.1059610943e-08 -3.1325666047e-08    0.018172222222    0.018172222222
-2.5643143857e-08  3.9286606509e-10  9.1167329494e-06      0.0000000000 -3.1315178954e-08 -3.1000292177e-08    0.018183333333    0.018183333333
-2.6023436915e-08  3.8422714844e-10  9.1163879328e-06      0.0000000000 -3.1570746965e-08 -3.1665095689e-08    0.018194444444    0.018194444444
-2.6393658415e-08  3.7625432758e-10  9.1160429511e-06      0.0000000000 -3.1825860229e-08 -3.1064502222e-08    0.018205555556    0.018205555556
-2.6785061626e-08  3.6684588081e-10  9.1157129451e-06      0.0000000000 -3.2081428240e-08 -3.1828733826e-08    0.018216666667    0.018216666667
-2.6844166222e-08  3.8045366135e-10  9.1153829496e-06      0.0000000000 -3.2336996251e-08 -3.3275047795e-08    0.018227777778    0.018227777778
-2.7062000795e-08  3.8303572095e-10  9.1150529471e-06      0.0000000000 -3.2592109515e-08 -3.2594207494e-08    0.018238888889    0.018238888889
-2.7314913185e-08  3.8321965905e-10  9.1147229516e-06      0.0000000000 -3.2847677527e-08 -3.2955255357e-08    0.018250000000    0.018250000000
-2.7723428895e-08  3.7262593751e-10  9.1143929456e-06      0.0000000000 -3.3103245538e-08 -3.3295754120e-08    0.018261111111    0.018261111111
-2.7978728864e-08  3.7264450307e-10  9.1140629500e-06      0.0000000000 -3.3358813549e-08 -3.3361332008e-08    0.018272222222    0.018272222222
-2.8127375165e-08  3.8005029499e-10  9.1137329475e-06      0.0000000000 -3.3614381560e-08 -3.2721401241e-08    0.018283333333    0.018283333333
-2.8083681901e-08  4.0074673683e-10  9.1133879344e-06      0.0000000000 -3.3869494824e-08 -3.2698871125e-08    0.018294444444    0.018294444444
-2.8200160006e-08  4.1038061660e-10  9.1130429493e-06      0.0000000000 -3.4125062835e-08 -3.4826795790e-08    0.018305555556    0.018305555556
-2.8530277028e-08  4.0521707727e-10  9.1127129467e-06      0.0000000000 -3.4380630846e-08 -3.4401616494e-08    0.018316666667    0.018316666667
-2.8604106277e-08  4.1780497408e-10  9.1123829547e-06      0.0000000000 -3.4636198858e-08 -3.3294166163e-08    0.018327777778    0.018327777778
-2.8685894746e-08  4.2984158589e-10  9.1120529452e-06      0.0000000000 -3.4891766869e-08 -3.4446692449e-08    0.018338888889    0.018338888889
-2.8901398611e-08  4.3261657644e-10  9.1117229532e-06      0.0000000000 -3.5147334880e-08 -3.4616289352e-08    0.018350000000    0.018350000000
-2.9033330520e-08  4.4118006871e-10  9.1113929507e-06      0.0000000000 -3.5402902891e-08 -3.5344909851e-08    0.018361111111    0.018361111111
-2.9264752827e-08  4.4285248926e-10  9.1110629447e-06      0.0000000000 -3.5658470902e-08 -3.5254757942e-08    0.018372222222    0.018372222222
-2.9231132458e-08  4.6288274279e-10  9.1107329526e-06      0.0000000000 -3.5914038914e-08 -3.5436633995e-08    0.018383333333    0.018383333333
-2.9740000508e-08  4.4533824811e-10  9.1103879360e-06      0.0000000000 -3.6169606925e-08 -3.5988739759e-08    0.018394444444    0.018394444444
-2.9973744665e-08  4.4684984867e-10  9.1100429509e-06      0.0000000000 -3.6425174936e-08 -3.6438666022e-08    0.018405555556    0.018405555556
-2.9812776225e-08  4.7570069918e-10  9.1097129483e-06      0.0000000000 -3.6680742947e-08 -3.6441543210e-08    0.018416666667    0.018416666667
-3.0110260413e-08  4.7279743019e-10  9.1093829528e-06      0.0000000000 -3.6936310958e-08 -3.7387493643e-08    0.018427777778    0.018427777778
-3.0492908454e-08  4.6399539877e-10  9.1090529468e-06      0.0000000000 -3.7191878970e-08 -3.8355455355e-08    0.018438888889    0.018438888889
-3.0676177326e-08  4.6900310373e-10  9.1087229513e-06      0.0000000000 -3.7447446981e-08 -3.8147716050e-08    0.018450000000    0.018450000000
-3.0712257346e-08  4.8423714880e-10  9.1083929488e-06      0.0000000000 -3.7703469739e-08 -3.8376083068e-08    0.018461111111    0.018461111111
-3.1076996939e-08  4.7667552251e-10  9.1080629463e-06      0.0000000000 -3.7959037751e-08 -3.8195511969e-08    0.018472222222    0.018472222222
-3.1428205936e-08  4.7005107516e-10  9.1077329542e-06      0.0000000000 -3.8214605762e-08 -3.8850316072e-08    0.018483333333    0.018483333333
-3.1408082764e-08  4.8914646304e-10  9.1073879376e-06      0.0000000000 -3.8470173773e-08 -3.7184140871e-08    0.018494444444    0.018494444444
-3.1758927319e-08  4.8254725832e-10  9.1070429560e-06      0.0000000000 -3.8725741784e-08 -3.8903740590e-08    0.018505555556    0.018505555556
-3.2278531420e-08  4.6429064263e-10  9.1067129465e-06      0.0000000000 -3.8981764543e-08 -3.8634464038e-08    0.018516666667    0.018516666667
-3.2527066226e-08  4.6477778841e-10  9.1063829544e-06      0.0000000000 -3.9237332554e-08 -3.9369923755e-08    0.018527777778    0.018527777778
-3.2725457591e-08  4.6873805373e-10  9.1060529519e-06      0.0000000000 -3.9492900565e-08 -4.0432298131e-08    0.018538888889    0.018538888889
-3.2900824380e-08  4.7432458358e-10  9.1057229494e-06      0.0000000000 -3.9748923324e-08 -3.9868998059e-08    0.018550000000    0.018550000000
-3.3054644214e-08  4.8137203748e-10  9.1053929539e-06      0.0000000000 -4.0004491335e-08 -3.9337158394e-08    0.018561111111    0.018561111111
-3.3104197692e-08  4.9564136371e-10  9.1050629479e-06      0.0000000000 -4.0260059346e-08 -4.0116530613e-08    0.018572222222    0.018572222222
-3.3174900550e-08  5.0847730331e-10  9.1047329523e-06      0.0000000000 -4.0516082105e-08 -4.1087165123e-08    0.018583333333    0.018583333333
-3.3451723468e-08  5.0700511014e-10  9.1043879357e-06      0.0000000000 -4.0771650116e-08 -4.1335027846e-08    0.018594444444    0.018594444444
-3.3484188720e-08  5.2248952732e-10  9.1040429541e-06      0.0000000000 -4.1027672874e-08 -4.0629267633e-08    0.018605555556    0.018605555556
-3.3539711948e-08  5.3634536667e-10  9.1037129481e-06      0.0000000000 -4.1283240885e-08 -4.2178122717e-08    0.018616666667    0.018616666667
-3.3797001656e-08  5.3622611560e-10  9.1033829560e-06      0.0000000000 -4.1538808897e-08 -4.2771578241e-08    0.018627777778    0.018627777778
-3.3862530980e-08  5.4942039322e-10  9.1030529500e-06      0.0000000000 -4.1794831655e-08 -4.2078380179e-08    0.018638888889    0.018638888889
-3.4012826049e-08  5.5674348285e-10  9.1027229475e-06      0.0000000000 -4.2050854414e-08 -4.1794073067e-08    0.018650000000    0.018650000000
-3.4295983426e-08  5.5483254166e-10  9.1023929555e-06      0.0000000000 -4.2306422425e-08 -4.2137213183e-08    0.018661111111    0.018661111111
-3.4654810942e-08  5.4771190513e-10  9.1020629460e-06      0.0000000000 -4.2562445184e-08 -4.2572045998e-08    0.018672222222    0.018672222222
-3.4961448141e-08  5.4417466487e-10  9.1017329574e-06      0.0000000000 -4.2818013195e-08 -4.2725087275e-08    0.018683333333    0.018683333333
-3.5182546852e-08  5.4659363315e-10  9.1013879373e-06      0.0000000000 -4.3074035953e-08 -4.2948077253e-08    0.018694444444    0.018694444444
-3.5480860388e-08  5.4363292052e-10  9.1010429557e-06      0.0000000000 -4.3329603964e-08 -4.3786015196e-08    0.018705555556    0.018705555556
-3.5670155880e-08  5.4825469700e-10  9.1007129532e-06      0.0000000000 -4.3585626723e-08 -4.3821531967e-08    0.018716666667    0.018716666667
-3.5820450949e-08  5.5557778663e-10  9.1003829506e-06      0.0000000000 -4.3841649482e-08 -4.4650209450e-08    0.018727777778    0.018727777778
-3.6106792121e-08  5.5344632404e-10  9.1000529551e-06      0.0000000000 -4.4097217493e-08 -4.3583652931e-08    0.018738888889    0.018738888889
-3.6384833102e-08  5.5192126077e-10  9.0997229491e-06      0.0000000000 -4.4353240251e-08 -4.3879028571e-08    0.018750000000    0.018750000000
-3.6461107335e-08  5.6437130642e-10  9.0993929536e-06      0.0000000000 -4.4609263010e-08 -4.4178444854e-08    0.018761111111    0.018761111111
-3.6417196770e-08  5.8514579440e-10  9.0990629511e-06      0.0000000000 -4.4865285768e-08 -4.4317854861e-08    0.018772222222    0.018772222222
-3.6770793613e-08  5.7835595600e-10  9.0987329555e-06      0.0000000000 -4.5120853780e-08 -4.4833359013e-08    0.018783333333    0.018783333333
-3.7021441023e-08  5.7872827248e-10  9.0983879389e-06      0.0000000000 -4.5376876538e-08 -4.5636409079e-08    0.018794444444    0.018794444444
-3.7141425110e-08  5.8815081246e-10  9.0980429573e-06      0.0000000000 -4.5632899297e-08 -4.5975005438e-08    0.018805555556    0.018805555556
-3.7532487351e-08  5.7879748002e-10  9.0977129513e-06      0.0000000000 -4.5888922055e-08 -4.6475416141e-08    0.018816666667    0.018816666667
-3.7834008154e-08  5.7564611767e-10  9.0973829488e-06      0.0000000000 -4.6144944814e-08 -4.6601194878e-08    0.018827777778    0.018827777778
-3.7979527797e-08  5.8329997089e-10  9.0970529567e-06      0.0000000000 -4.6400967572e-08 -4.6941693640e-08    0.018838888889    0.018838888889
-3.8238466541e-08  5.8309799902e-10  9.0967229472e-06      0.0000000000 -4.6656990331e-08 -4.5246290605e-08    0.018850000000    0.018850000000
-3.8380745251e-08  5.9094483375e-10  9.0963929552e-06      0.0000000000 -4.6912558342e-08 -4.5512815748e-08    0.018861111111    0.018861111111
-3.8593122458e-08  5.9396788558e-10  9.0960629527e-06      0.0000000000 -4.7168581101e-08 -4.7071560185e-08    0.018872222222    0.018872222222
-3.9004878833e-08  5.8318120104e-10  9.0957329537e-06      0.0000000000 -4.7424603859e-08 -4.7510559421e-08    0.018883333333    0.018883333333
-3.9141775564e-08  5.9143230898e-10  9.0953879440e-06      0.0000000000 -4.7680626618e-08 -4.6959978724e-08    0.018894444444    0.018894444444
-3.9318203885e-08  5.9694531319e-10  9.0950429519e-06      0.0000000000 -4.7936649376e-08 -4.6702383871e-08    0.018905555556    0.018905555556
-3.9803981097e-08  5.8103167262e-10  9.0947129564e-06      0.0000000000 -4.8192672135e-08 -4.7669040629e-08    0.018916666667    0.018916666667
-4.0299707268e-08  5.6442893043e-10  9.0943829504e-06      0.0000000000 -4.8448694893e-08 -4.8421055972e-08    0.018927777778    0.018927777778
-4.0453243270e-08  5.7155903854e-10  9.0940529583e-06      0.0000000000 -4.8705172399e-08 -4.9007577943e-08    0.018938888889    0.018938888889
-4.0574884983e-08  5.8086676526e-10  9.0937229523e-06      0.0000000000 -4.8961195158e-08 -4.8329457607e-08    0.018950000000    0.018950000000
-4.0762588578e-08  5.8559880244e-10  9.0933929568e-06      0.0000000000 -4.9217217916e-08 -4.8808045700e-08    0.018961111111    0.018961111111
-4.0965414666e-08  5.8928339998e-10  9.0930629508e-06      0.0000000000 -4.9473240675e-08 -4.9316694911e-08    0.018972222222    0.018972222222
-4.1203659542e-08  5.9051476169e-10  9.0927329553e-06      0.0000000000 -4.9729263434e-08 -4.8831361933e-08    0.018983333333    0.018983333333
-4.1463659016e-08  5.9023931970e-10  9.0923879422e-06      0.0000000000 -4.9985286192e-08 -5.0663596511e-08    0.018994444444    0.018994444444
-4.1686914190e-08  5.9250892341e-10  9.0920429500e-06      0.0000000000 -5.0241308951e-08 -5.0007094396e-08    0.019005555556    0.019005555556
-4.1716683758e-08  6.0821155118e-10  9.0917129580e-06      0.0000000000 -5.0497786456e-08 -4.9843110368e-08    0.019016666667    0.019016666667
-4.1946571304e-08  6.1002177232e-10  9.0913829485e-06      0.0000000000 -5.0753809215e-08 -4.9553127491e-08    0.019027777778    0.019027777778
-4.2151387398e-08  6.1356853472e-10  9.0910529564e-06      0.0000000000 -5.1009831974e-08 -5.1415454631e-08    0.019038888889    0.019038888889
-4.2186273361e-08  6.2888528457e-10  9.0907229539e-06      0.0000000000 -5.1265854732e-08 -5.1492022437e-08    0.019050000000    0.019050000000
-4.2338615307e-08  6.3609809746e-10  9.0903929514e-06      0.0000000000 -5.1522332238e-08 -5.1984367579e-08    0.019061111111    0.019061111111
-4.2722912116e-08  6.2721336374e-10  9.0900629594e-06      0.0000000000 -5.1778354997e-08 -5.2640649582e-08    0.019072222222    0.019072222222
-4.2742277745e-08  6.4360510916e-10  9.0897329499e-06      0.0000000000 -5.2034377755e-08 -5.3212125271e-08    0.019083333333    0.019083333333
-4.2918596479e-08  6.4915720121e-10  9.0893879507e-06      0.0000000000 -5.2290855261e-08 -5.2453365043e-08    0.019094444444    0.019094444444
-4.3270957278e-08  6.4248447333e-10  9.0890429516e-06      0.0000000000 -5.2546878020e-08 -5.4084589477e-08    0.019105555556    0.019105555556
-4.3315451498e-08  6.5716721737e-10  9.0887129596e-06      0.0000000000 -5.2803355525e-08 -5.2602349956e-08    0.019116666667    0.019116666667
-4.3743524156e-08  6.4525040691e-10  9.0883829536e-06      0.0000000000 -5.3059378284e-08 -5.1913176814e-08    0.019127777778    0.019127777778
-4.4110765871e-08  6.3757846935e-10  9.0880529580e-06      0.0000000000 -5.3315855790e-08 -5.3242154945e-08    0.019138888889    0.019138888889
-4.4229621897e-08  6.4707914304e-10  9.0877229555e-06      0.0000000000 -5.3571878548e-08 -5.3789182392e-08    0.019150000000    0.019150000000
-4.4333014459e-08  6.5768237070e-10  9.0873929565e-06      0.0000000000 -5.3828356054e-08 -5.3556711842e-08    0.019161111111    0.019161111111
-4.4523105634e-08  6.6224903533e-10  9.0870629575e-06      0.0000000000 -5.4084378813e-08 -5.3523915037e-08    0.019172222222    0.019172222222
-4.4895918724e-08  6.5419120383e-10  9.0867329480e-06      0.0000000000 -5.4340856319e-08 -5.4102198501e-08    0.019183333333    0.019183333333
-4.5015669824e-08  6.6362988132e-10  9.0863879489e-06      0.0000000000 -5.4596879077e-08 -5.4329606456e-08    0.019194444444    0.019194444444
-4.5085932587e-08  6.7652780109e-10  9.0860429497e-06      0.0000000000 -5.4853356583e-08 -5.5145454509e-08    0.019205555556    0.019205555556
-4.5467841549e-08  6.6780845842e-10  9.0857129577e-06      0.0000000000 -5.5109379342e-08 -5.5037442019e-08    0.019216666667    0.019216666667
-4.5896369186e-08  6.5589163193e-10  9.0853829552e-06      0.0000000000 -5.5365856848e-08 -5.5365614465e-08    0.019227777778    0.019227777778
-4.5801178796e-08  6.8024944711e-10  9.0850529527e-06      0.0000000000 -5.5622334354e-08 -5.6198426924e-08    0.019238888889    0.019238888889
-4.5732196510e-08  7.0276049486e-10  9.0847229606e-06      0.0000000000 -5.5878357112e-08 -5.6039725603e-08    0.019250000000    0.019250000000
-4.6247878005e-08  6.8480707081e-10  9.0843929511e-06      0.0000000000 -5.6134834618e-08 -5.6326925626e-08    0.019261111111    0.019261111111
-4.6590445842e-08  6.7884413710e-10  9.0840629626e-06      0.0000000000 -5.6391312124e-08 -5.7352462554e-08    0.019272222222    0.019272222222
-4.6362278868e-08  7.1238090331e-10  9.0837329566e-06      0.0000000000 -5.6647334883e-08 -5.7068061109e-08    0.019283333333    0.019283333333
-4.6793360007e-08  7.0028721185e-10  9.0833879470e-06      0.0000000000 -5.6903812388e-08 -5.7717582504e-08    0.019294444444    0.019294444444
-4.7089598759e-08  6.9753320134e-10  9.0830429583e-06      0.0000000000 -5.7160289894e-08 -5.7740757236e-08    0.019305555556    0.019305555556
-4.7044153433e-08  7.1844548991e-10  9.0827129593e-06      0.0000000000 -5.7416767400e-08 -5.8580361748e-08    0.019316666667    0.019316666667
-4.7369609038e-08  7.1366781247e-10  9.0823829568e-06      0.0000000000 -5.7673244906e-08 -5.7366109547e-08    0.019327777778    0.019327777778
-4.7705354304e-08  7.0814593760e-10  9.0820529578e-06      0.0000000000 -5.7929267665e-08 -5.8276794767e-08    0.019338888889    0.019338888889
-4.7721593276e-08  7.2478574430e-10  9.0817229587e-06      0.0000000000 -5.8185745171e-08 -5.8326100032e-08    0.019350000000    0.019350000000
-4.7988150271e-08  7.2408760175e-10  9.0813929527e-06      0.0000000000 -5.8442222676e-08 -5.8848333346e-08    0.019361111111    0.019361111111
-4.8387228870e-08  7.1421052420e-10  9.0810629642e-06      0.0000000000 -5.8698700182e-08 -5.9201111257e-08    0.019372222222    0.019372222222
-4.8606428379e-08  7.1679253571e-10  9.0807329547e-06      0.0000000000 -5.8955177688e-08 -5.8972854295e-08    0.019383333333    0.019383333333
-4.8432971558e-08  7.4657137247e-10  9.0803879451e-06      0.0000000000 -5.9211655194e-08 -6.0052853417e-08    0.019394444444    0.019394444444
-4.8661589929e-08  7.4850099891e-10  9.0800429564e-06      0.0000000000 -5.9468132700e-08 -5.9917578386e-08    0.019405555556    0.019405555556
-4.8977494415e-08  7.4438486717e-10  9.0797129539e-06      0.0000000000 -5.9724610206e-08 -5.9523859495e-08    0.019416666667    0.019416666667
-4.8931253140e-08  7.6535228609e-10  9.0793829619e-06      0.0000000000 -5.9981087712e-08 -5.9627815621e-08    0.019427777778    0.019427777778
-4.9052951991e-08  7.7468755270e-10  9.0790529524e-06      0.0000000000 -6.0237565218e-08 -5.9878036695e-08    0.019438888889    0.019438888889
-4.9542765817e-08  7.5852581877e-10  9.0787229603e-06      0.0000000000 -6.0494042724e-08 -6.0080367515e-08    0.019450000000    0.019450000000
-4.9805741443e-08  7.5807573504e-10  9.0783929578e-06      0.0000000000 -6.0750520230e-08 -6.0895240782e-08    0.019461111111    0.019461111111
-4.9671550362e-08  7.8513488187e-10  9.0780629588e-06      0.0000000000 -6.1006997735e-08 -6.0862443977e-08    0.019472222222    0.019472222222
-4.9810759553e-08  7.9325731778e-10  9.0777329598e-06      0.0000000000 -6.1263475241e-08 -6.1934519038e-08    0.019483333333    0.019483333333
-5.0319642218e-08  7.7577480575e-10  9.0773879467e-06      0.0000000000 -6.1519952747e-08 -6.1451638746e-08    0.019494444444    0.019494444444
-5.0493564517e-08  7.8152438130e-10  9.0770429580e-06      0.0000000000 -6.1776885001e-08 -6.0407235007e-08    0.019505555556    0.019505555556
-5.0560344769e-08  7.9466351254e-10  9.0767129590e-06      0.0000000000 -6.2033362506e-08 -6.2231231078e-08    0.019516666667    0.019516666667
-5.0890575799e-08  7.8955507151e-10  9.0763829600e-06      0.0000000000 -6.2289840012e-08 -6.1342509970e-08    0.019527777778    0.019527777778
-5.0982029396e-08  8.0098523591e-10  9.0760529540e-06      0.0000000000 -6.2546317518e-08 -6.2097386779e-08    0.019538888889    0.019538888889
-5.1229484421e-08  8.0161016625e-10  9.0757229654e-06      0.0000000000 -6.2802795024e-08 -6.2956062492e-08    0.019550000000    0.019550000000
-5.1534700869e-08  7.9826582487e-10  9.0753929559e-06      0.0000000000 -6.3059727277e-08 -6.3281483528e-08    0.019561111111    0.019561111111
-5.1622174722e-08  8.0997164103e-10  9.0750629569e-06      0.0000000000 -6.3316204783e-08 -6.2936944124e-08    0.019572222222    0.019572222222
-5.1653138346e-08  8.2559156402e-10  9.0747329614e-06      0.0000000000 -6.3572682289e-08 -6.4947029835e-08    0.019583333333    0.019583333333
-5.1812236064e-08  8.3236794466e-10  9.0743879413e-06      0.0000000000 -6.3829614542e-08 -6.3933504776e-08    0.019594444444    0.019594444444
-5.2099951564e-08  8.3020428601e-10  9.0740429631e-06      0.0000000000 -6.4086092048e-08 -6.4735171276e-08    0.019605555556    0.019605555556
-5.2317957283e-08  8.3286898379e-10  9.0737129536e-06      0.0000000000 -6.4342569554e-08 -6.4673555417e-08    0.019616666667    0.019616666667
-5.2267395562e-08  8.5416715028e-10  9.0733829616e-06      0.0000000000 -6.4599501807e-08 -6.5007120626e-08    0.019627777778    0.019627777778
-5.2452370341e-08  8.5911969283e-10  9.0730529591e-06      0.0000000000 -6.4855979313e-08 -6.4699497282e-08    0.019638888889    0.019638888889
-5.2835132390e-08  8.5037275971e-10  9.0727229600e-06      0.0000000000 -6.5112456819e-08 -6.4371277668e-08    0.019650000000    0.019650000000
-5.2775815499e-08  8.7227734154e-10  9.0723929610e-06      0.0000000000 -6.5369389073e-08 -6.5197329521e-08    0.019661111111    0.019661111111
-5.2912636843e-08  8.8056516850e-10  9.0720629585e-06      0.0000000000 -6.5625866578e-08 -6.6190069644e-08    0.019672222222    0.019672222222
-5.3347588942e-08  8.6823485761e-10  9.0717329595e-06      0.0000000000 -6.5882798832e-08 -6.6181862581e-08    0.019683333333    0.019683333333
-5.3677289072e-08  8.6316318865e-10  9.0713879499e-06      0.0000000000 -6.6139276338e-08 -6.5072997240e-08    0.019694444444    0.019694444444
-5.3649544283e-08  8.8288097026e-10  9.0710429612e-06      0.0000000000 -6.6396208591e-08 -6.6108014741e-08    0.019705555556    0.019705555556
-5.4028326588e-08  8.7440968889e-10  9.0707129552e-06      0.0000000000 -6.6652686097e-08 -6.7787113707e-08    0.019716666667    0.019716666667
-5.4468452221e-08  8.6172103997e-10  9.0703829667e-06      0.0000000000 -6.6909618350e-08 -6.7174539815e-08    0.019727777778    0.019727777778
-5.4641147331e-08  8.6755561509e-10  9.0700529572e-06      0.0000000000 -6.7166550603e-08 -6.6251512557e-08    0.019738888889    0.019738888889
-5.4684845602e-08  8.8229348948e-10  9.0697229617e-06      0.0000000000 -6.7423028109e-08 -6.7356541647e-08    0.019750000000    0.019750000000
-5.4947082150e-08  8.8192609449e-10  9.0693929626e-06      0.0000000000 -6.7679960362e-08 -6.8219383780e-08    0.019761111111    0.019761111111
-5.5417452769e-08  8.6714256628e-10  9.0690629531e-06      0.0000000000 -6.7936892616e-08 -6.7858367361e-08    0.019772222222    0.019772222222
-5.5414589503e-08  8.8510546439e-10  9.0687329646e-06      0.0000000000 -6.8193370122e-08 -6.7843273913e-08    0.019783333333    0.019783333333
-5.5471841842e-08  8.9893603152e-10  9.0683879445e-06      0.0000000000 -6.8450302375e-08 -6.8468582901e-08    0.019794444444    0.019794444444
-5.5753612133e-08  8.9721565742e-10  9.0680429628e-06      0.0000000000 -6.8707234628e-08 -6.8700770449e-08    0.019805555556    0.019805555556
-5.5981168971e-08  8.9921880951e-10  9.0677129603e-06      0.0000000000 -6.8963712134e-08 -6.9384314993e-08    0.019816666667    0.019816666667
-5.6187690704e-08  9.0271042801e-10  9.0673829613e-06      0.0000000000 -6.9220644387e-08 -6.9425444640e-08    0.019827777778    0.019827777778
-5.5998638163e-08  9.3360097936e-10  9.0670529623e-06      0.0000000000 -6.9477576640e-08 -6.9372130178e-08    0.019838888889    0.019838888889
-5.6515570318e-08  9.1559242744e-10  9.0667229598e-06      0.0000000000 -6.9734508894e-08 -7.0214533266e-08    0.019850000000    0.019850000000
-5.6641305784e-08  9.2467960070e-10  9.0663929607e-06      0.0000000000 -6.9991441147e-08 -7.0412776277e-08    0.019861111111    0.019861111111
-5.6797627474e-08  9.3161676184e-10  9.0660629582e-06      0.0000000000 -7.0247918653e-08 -7.0437476076e-08    0.019872222222    0.019872222222
-5.6874413556e-08  9.4409434986e-10  9.0657329662e-06      0.0000000000 -7.0504850906e-08 -7.0202175505e-08    0.019883333333    0.019883333333
-5.7172002095e-08  9.4127834563e-10  9.0653879461e-06      0.0000000000 -7.0761783159e-08 -7.0179676834e-08    0.019894444444    0.019894444444
-5.7374213040e-08  9.4506854523e-10  9.0650429679e-06      0.0000000000 -7.1018715413e-08 -6.9813770767e-08    0.019905555556    0.019905555556
-5.7552877366e-08  9.5048967048e-10  9.0647129584e-06      0.0000000000 -7.1275647666e-08 -7.1376744514e-08    0.019916666667    0.019916666667
-5.7670653610e-08  9.6012812873e-10  9.0643829629e-06      0.0000000000 -7.1532579919e-08 -7.2489996389e-08    0.019927777778    0.019927777778
-5.7863246640e-08  9.6458450060e-10  9.0640529639e-06      0.0000000000 -7.1789512172e-08 -7.0684898574e-08    0.019938888889    0.019938888889
-5.7892675237e-08  9.8034224269e-10  9.0637229544e-06      0.0000000000 -7.2046444426e-08 -7.1253780077e-08    0.019950000000    0.019950000000
-5.8315290530e-08  9.6886642447e-10  9.0633929658e-06      0.0000000000 -7.2303376679e-08 -7.1824060868e-08    0.019961111111    0.019961111111
-5.8394862567e-08  9.8115104701e-10  9.0630629598e-06      0.0000000000 -7.2560308932e-08 -7.1520415276e-08    0.019972222222    0.019972222222
-5.8315249381e-08  1.0044614250e-09  9.0627329608e-06      0.0000000000 -7.2817241185e-08 -7.2247950933e-08    0.019983333333    0.019983333333
-5.8789168505e-08  9.8943211427e-10  9.0623879512e-06      0.0000000000 -7.3074173439e-08 -7.2902472033e-08    0.019994444444    0.019994444444

# index: 9647
# xPosition: 1.8807548587875652E-5
# yPosition: 8.854780557330646E-7
# quantitative-imaging-settings.type: simple-quantitative-imaging-settings
# quantitative-imaging-settings.relative-setpoint: 0.30087220298747946
# quantitative-imaging-settings.control-settings.control-settings-type: quantitative-imaging-control-settings
# quantitative-imaging-settings.control-settings.next-line-motion-time: 0.05
# quantitative-imaging-settings.control-settings.next-line-additional-delay: 0.01
# quantitative-imaging-settings.control-settings.max-retries-per-position: 5
# quantitative-imaging-settings.control-settings.max-bad-adjecent-pixels: 0
# quantitative-imaging-settings.control-settings.max-pixel-replays: 1
# quantitative-imaging-settings.control-settings.pixelwise-retract-if-required: true
# quantitative-imaging-settings.control-settings.no-data-extend-fraction: 0.2
# quantitative-imaging-settings.control-settings.overscan-delay-factor: 3.4
# quantitative-imaging-settings.control-settings.overscan-distance-factor: 0.383
# quantitative-imaging-settings.control-settings.line-clock.active: false
# quantitative-imaging-settings.control-settings.line-clock.name: pulse-2
# quantitative-imaging-settings.control-settings.frame-clock.active: false
# quantitative-imaging-settings.control-settings.frame-clock.name: pulse-3
# quantitative-imaging-settings.control-settings.closed-loop: false
# quantitative-imaging-settings.control-settings.start-option.type: smooth-xyz-motion
# quantitative-imaging-settings.control-settings.start-option.additional-retract: 3.0E-9
# quantitative-imaging-settings.control-settings.start-option.start-time: 0.005000000000000001
# quantitative-imaging-settings.control-settings.start-option.motion-time: 0.005000000000000001
# quantitative-imaging-settings.control-settings.pixel-clock.active: false
# quantitative-imaging-settings.control-settings.pixel-clock.name: pixel-clock
# quantitative-imaging-settings.control-settings.ttl-outputs.pins.list: 
# quantitative-imaging-settings.control-settings.baseline-adjust-settings.enabled: true
# quantitative-imaging-settings.control-settings.baseline-adjust-settings.interval: 1
# quantitative-imaging-settings.control-settings.averager.type: instrumentdefault
# quantitative-imaging-settings.control-settings.averager.value: NaN
# quantitative-imaging-settings.extend.type: z-extend-force
# quantitative-imaging-settings.extend.identifier.type: standard
# quantitative-imaging-settings.extend.identifier.name: extend-spm
# quantitative-imaging-settings.extend.style: extend
# quantitative-imaging-settings.extend.duration: 0.020000000000000004
# quantitative-imaging-settings.extend.num-points: 1800
# quantitative-imaging-settings.extend.z-start: 6.000000000000001E-7
# quantitative-imaging-settings.extend.z-end: 0.0
# quantitative-imaging-settings.extend.setpoint: 0.30087220298747946
# quantitative-imaging-settings.retract.type: z-retract-height
# quantitative-imaging-settings.retract.identifier.type: standard
# quantitative-imaging-settings.retract.identifier.name: retract-spm
# quantitative-imaging-settings.retract.style: retract
# quantitative-imaging-settings.retract.duration: 0.020000000000000004
# quantitative-imaging-settings.retract.num-points: 1800
# quantitative-imaging-settings.retract.z-start: 6.000000000000001E-7
# quantitative-imaging-settings.retract.z-end: 0.0
# quantitative-imaging-settings.retract.setpoint: 0.15000000000000002
# quantitative-imaging-settings.data-description.comment: 
# quantitative-imaging-settings.data-description.name: 
# quantitative-imaging-settings.data-description.probe: 
# quantitative-imaging-settings.data-description.user-name: afm_csec
# quantitative-imaging-settings.data-description.instrument: JPK01814-H-21-02-0019
# quantitative-imaging-settings.data-description.source-software: 8.0.163
# quantitative-imaging-settings.data-description.modification-software: 
# feedbackMode: contact
# date: Wed Oct 02 13:58:24 BST 2024
# segmentIndex: 1
# segment: retract
# columns: verticalTipPosition vDeflection height error smoothedMeasuredHeight measuredHeight seriesTime time
# fancyNames: "Vertical Tip Position" "Vertical Deflection" "Height" "Error Signal" "Height (measured & smoothed)" "Height (measured)" "Series Time" "Segment Time"
# heightMultiplier: 0.788494
# heightOffset: 0.0
# sensitivity: 4.798575435590727E-8
# springConstant: 0.06926368726396598
# calibrationSlots: nominal force nominal volts nominal nominal elapsed elapsed
# units: m N m V m m s s
#
-6.0616746678e-08  1.0028536023e-09  9.0623304444e-06      0.0000000000 -7.5095525413e-08 -7.2719432527e-08    0.020005555556  5.5555555556e-06
-6.0154980372e-08  1.0199074346e-09  9.0626729673e-06      0.0000000000 -7.4879975169e-08 -7.4356600007e-08    0.020016666667  1.6666666667e-05
-6.0215051408e-08  1.0007853909e-09  9.0630029664e-06      0.0000000000 -7.4663970177e-08 -7.4537171105e-08    0.020027777778  2.7777777778e-05
-5.9702454499e-08  1.0213284408e-09  9.0633329619e-06      0.0000000000 -7.4447965186e-08 -7.4951612042e-08    0.020038888889  3.8888888889e-05
-5.9498733520e-08  1.0205091022e-09  9.0636629714e-06      0.0000000000 -7.4232414941e-08 -7.4771040944e-08    0.020050000000  5.0000000000e-05
-5.9981838129e-08  9.7208619344e-10  9.0639929599e-06      0.0000000000 -7.4016409950e-08 -7.3203916498e-08    0.020061111111  6.1111111111e-05
-6.0236853611e-08  9.3943008122e-10  9.0643229659e-06      0.0000000000 -7.3799950211e-08 -7.3376170478e-08    0.020072222222  7.2222222222e-05
-6.0257526115e-08  9.2303692516e-10  9.0646529650e-06      0.0000000000 -7.3583945219e-08 -7.3543094583e-08    0.020083333333  8.3333333333e-05
-6.0475588049e-08  8.9297184935e-10  9.0649829640e-06      0.0000000000 -7.3367940227e-08 -7.2933036266e-08    0.020094444444  9.4444444444e-05
-6.0613171021e-08  8.6844954577e-10  9.0653279526e-06      0.0000000000 -7.3151480488e-08 -7.2965125566e-08    0.020105555556  0.00010555555556
-6.0528360173e-08  8.5933105813e-10  9.0656729657e-06      0.0000000000 -7.2935020749e-08 -7.3089080511e-08    0.020116666667  0.00011666666667
-6.0563359489e-08  8.4194557427e-10  9.0660029648e-06      0.0000000000 -7.2719015758e-08 -7.3015122614e-08    0.020127777778  0.00012777777778
-6.0455035154e-08  8.3445571749e-10  9.0663329638e-06      0.0000000000 -7.2502556019e-08 -7.2774397835e-08    0.020138888889  0.00013888888889
-6.0407201326e-08  8.2277606512e-10  9.0666629698e-06      0.0000000000 -7.2286096280e-08 -7.3151922713e-08    0.020150000000  0.00015000000000
-6.0454025331e-08  8.0450856473e-10  9.0669929583e-06      0.0000000000 -7.2069181793e-08 -7.1674887287e-08    0.020161111111  0.00016111111111
-6.0439222444e-08  7.9054106759e-10  9.0673229678e-06      0.0000000000 -7.1852722054e-08 -7.1573666849e-08    0.020172222222  0.00017222222222
-6.0258810140e-08  7.8801279182e-10  9.0676529668e-06      0.0000000000 -7.1635807568e-08 -7.2070194133e-08    0.020183333333  0.00018333333333
-5.9980555941e-08  7.9229290397e-10  9.0679829624e-06      0.0000000000 -7.1419347829e-08 -7.1840506438e-08    0.020194444444  0.00019444444444
-5.9869886282e-08  7.8493399549e-10  9.0683279580e-06      0.0000000000 -7.1202433342e-08 -7.1109889202e-08    0.020205555556  0.00020555555556
-5.9811946963e-08  7.7392278920e-10  9.0686729606e-06      0.0000000000 -7.0985518856e-08 -7.0444283851e-08    0.020216666667  0.00021666666667
-5.9454839365e-08  7.8363308109e-10  9.0690029701e-06      0.0000000000 -7.0768604370e-08 -7.0911913471e-08    0.020227777778  0.00022777777778
-5.9189263209e-08  7.8700356774e-10  9.0693329622e-06      0.0000000000 -7.0551689883e-08 -7.0431878923e-08    0.020238888889  0.00023888888889
-5.9247230230e-08  7.6796426096e-10  9.0696629647e-06      0.0000000000 -7.0334775397e-08 -7.0081883866e-08    0.020250000000  0.00025000000000
-5.9044872864e-08  7.6692448366e-10  9.0699929637e-06      0.0000000000 -7.0117406163e-08 -6.9285908854e-08    0.020261111111  0.00026111111111
-5.8759000681e-08  7.7170074799e-10  9.0703229662e-06      0.0000000000 -6.9900491677e-08 -6.8282147369e-08    0.020272222222  0.00027222222222
-5.8999973183e-08  7.3995430935e-10  9.0706529652e-06      0.0000000000 -6.9683122443e-08 -6.9179185596e-08    0.020283333333  0.00028333333333
-5.9092108064e-08  7.1851691313e-10  9.0709829643e-06      0.0000000000 -6.9465753209e-08 -6.9428180327e-08    0.020294444444  0.00029444444444
-5.9102991773e-08  7.0270727266e-10  9.0713279564e-06      0.0000000000 -6.9248383976e-08 -6.9033958322e-08    0.020305555556  0.00030555555556
-5.8706495569e-08  7.1511426714e-10  9.0716729625e-06      0.0000000000 -6.9031014742e-08 -6.8555668954e-08    0.020316666667  0.00031666666667
-5.8282871377e-08  7.2940024609e-10  9.0720029685e-06      0.0000000000 -6.8813645508e-08 -6.8219352335e-08    0.020327777778  0.00032777777778
-5.7970278438e-08  7.3599579099e-10  9.0723329641e-06      0.0000000000 -6.8596276274e-08 -6.7876054996e-08    0.020338888889  0.00033888888889
-5.7690261462e-08  7.4030350716e-10  9.0726629666e-06      0.0000000000 -6.8378452293e-08 -6.7575270870e-08    0.020350000000  0.00035000000000
-5.7377270683e-08  7.4692660798e-10  9.0729929691e-06      0.0000000000 -6.8161083060e-08 -6.9527954310e-08    0.020361111111  0.00036111111111
-5.7160927742e-08  7.4682402566e-10  9.0733229611e-06      0.0000000000 -6.7943259079e-08 -6.8349344659e-08    0.020372222222  0.00037222222222
-5.6890859725e-08  7.5044264021e-10  9.0736529706e-06      0.0000000000 -6.7725435097e-08 -6.7329027548e-08    0.020383333333  0.00038333333333
-5.6541597339e-08  7.5954654881e-10  9.0739829627e-06      0.0000000000 -6.7507611116e-08 -6.7484993181e-08    0.020394444444  0.00039444444444
-5.6131811314e-08  7.7284254778e-10  9.0743279548e-06      0.0000000000 -6.7289787135e-08 -6.7329231939e-08    0.020405555556  0.00040555555556
-5.5876899456e-08  7.7541139088e-10  9.0746729609e-06      0.0000000000 -6.7071963154e-08 -6.6701438820e-08    0.020416666667  0.00041666666667
-5.5422916001e-08  7.9173716934e-10  9.0750029704e-06      0.0000000000 -6.6853684426e-08 -6.6988623120e-08    0.020427777778  0.00042777777778
-5.5084796631e-08  8.0006927153e-10  9.0753329625e-06      0.0000000000 -6.6635860445e-08 -6.6183198980e-08    0.020438888889  0.00043888888889
-5.5022009866e-08  7.8929932481e-10  9.0756629650e-06      0.0000000000 -6.6417581716e-08 -6.6221435716e-08    0.020450000000  0.00045000000000
-5.5182935179e-08  7.6306575218e-10  9.0759929675e-06      0.0000000000 -6.6199757735e-08 -6.6824497591e-08    0.020461111111  0.00046111111111
-5.4955392351e-08  7.6370741786e-10  9.0763229630e-06      0.0000000000 -6.5981479007e-08 -6.5894646836e-08    0.020472222222  0.00047222222222
-5.4789135445e-08  7.6010419461e-10  9.0766529690e-06      0.0000000000 -6.5763200278e-08 -6.5012623446e-08    0.020483333333  0.00048333333333
-5.4801563840e-08  7.4412456858e-10  9.0769829645e-06      0.0000000000 -6.5544921550e-08 -6.6136613681e-08    0.020494444444  0.00049444444444
-5.4834064934e-08  7.2672313592e-10  9.0773279567e-06      0.0000000000 -6.5326188074e-08 -6.5925289681e-08    0.020505555556  0.00050555555556
-5.5072303930e-08  6.9510303503e-10  9.0776729628e-06      0.0000000000 -6.5107909346e-08 -6.5210929347e-08    0.020516666667  0.00051666666667
-5.5113328543e-08  6.7711123201e-10  9.0780029653e-06      0.0000000000 -6.4889175870e-08 -6.5334019563e-08    0.020527777778  0.00052777777778
-5.5122175302e-08  6.6137968329e-10  9.0783329678e-06      0.0000000000 -6.4670897142e-08 -6.4437059948e-08    0.020538888889  0.00053888888889
-5.5143699569e-08  6.4473854609e-10  9.0786629599e-06      0.0000000000 -6.4452163666e-08 -6.4929184977e-08    0.020550000000  0.00055000000000
-5.4993304235e-08  6.4000519445e-10  9.0789929694e-06      0.0000000000 -6.4233430190e-08 -6.4674860371e-08    0.020561111111  0.00056111111111
-5.4777245126e-08  6.3981995792e-10  9.0793229614e-06      0.0000000000 -6.4014696714e-08 -6.4997545720e-08    0.020572222222  0.00057222222222
-5.4832198443e-08  6.2086340152e-10  9.0796529639e-06      0.0000000000 -6.3795963238e-08 -6.3370330483e-08    0.020583333333  0.00058333333333
-5.5156572020e-08  5.8324580447e-10  9.0799829629e-06      0.0000000000 -6.3577229763e-08 -6.3378474656e-08    0.020594444444  0.00059444444444
-5.4901588141e-08  5.8572514355e-10  9.0803279551e-06      0.0000000000 -6.3358041540e-08 -6.3628900121e-08    0.020605555556  0.00060555555556
-5.4382149358e-08  6.0655310193e-10  9.0806729612e-06      0.0000000000 -6.3139308064e-08 -6.3419588581e-08    0.020616666667  0.00061666666667
-5.4343126514e-08  5.9407418342e-10  9.0810029637e-06      0.0000000000 -6.2920119841e-08 -6.2919177877e-08    0.020627777778  0.00062777777778
-5.4064587427e-08  5.9821654059e-10  9.0813329662e-06      0.0000000000 -6.2701386365e-08 -6.2882246096e-08    0.020638888889  0.00063888888889
-5.3989350114e-08  5.8824596974e-10  9.0816629618e-06      0.0000000000 -6.2482198142e-08 -6.2307956107e-08    0.020650000000  0.00065000000000
-5.3915704432e-08  5.7816515670e-10  9.0819929678e-06      0.0000000000 -6.2263009919e-08 -6.2180699470e-08    0.020661111111  0.00066111111111
-5.3795497214e-08  5.7130936737e-10  9.0823229598e-06      0.0000000000 -6.2043821696e-08 -6.2391221630e-08    0.020672222222  0.00067222222222
-5.3770800915e-08  5.5783813956e-10  9.0826529658e-06      0.0000000000 -6.1824633472e-08 -6.1718588392e-08    0.020683333333  0.00068333333333
-5.3538709355e-08  5.5870037474e-10  9.0829829683e-06      0.0000000000 -6.1604990502e-08 -6.1015642478e-08    0.020694444444  0.00069444444444
-5.3222737735e-08  5.6540394968e-10  9.0833279500e-06      0.0000000000 -6.1385802279e-08 -6.0886263325e-08    0.020705555556  0.00070555555556
-5.2981460034e-08  5.6690245090e-10  9.0836729666e-06      0.0000000000 -6.1166159308e-08 -6.0792762557e-08    0.020716666667  0.00071666666667
-5.2915318861e-08  5.5627035039e-10  9.0840029656e-06      0.0000000000 -6.0946516338e-08 -6.1555799262e-08    0.020727777778  0.00072777777778
-5.2403118737e-08  5.7656543509e-10  9.0843329681e-06      0.0000000000 -6.0727328115e-08 -6.0913148530e-08    0.020738888889  0.00073888888889
-5.1872953561e-08  5.9807334801e-10  9.0846629602e-06      0.0000000000 -6.0507685144e-08 -6.1066268419e-08    0.020750000000  0.00075000000000
-5.1525054787e-08  6.0695681783e-10  9.0849929697e-06      0.0000000000 -6.0288042174e-08 -6.1279636324e-08    0.020761111111  0.00076111111111
-5.1193813801e-08  6.1465501041e-10  9.0853229617e-06      0.0000000000 -6.0067944456e-08 -6.0530230889e-08    0.020772222222  0.00077222222222
-5.1115335555e-08  6.0487742107e-10  9.0856529642e-06      0.0000000000 -5.9848301485e-08 -5.9620960680e-08    0.020783333333  0.00078333333333
-5.0772610583e-08  6.1340253436e-10  9.0859829667e-06      0.0000000000 -5.9628658515e-08 -5.9369356040e-08    0.020794444444  0.00079444444444
-5.0329574724e-08  6.2884405206e-10  9.0863279484e-06      0.0000000000 -5.9408560797e-08 -6.0259539326e-08    0.020805555556  0.00080555555556
-5.0543565856e-08  5.9880895520e-10  9.0866729720e-06      0.0000000000 -5.9188917827e-08 -5.9750921560e-08    0.020816666667  0.00081666666667
-5.0590786913e-08  5.8029347119e-10  9.0870029570e-06      0.0000000000 -5.8968820109e-08 -5.9143756153e-08    0.020827777778  0.00082777777778
-5.0112299669e-08  5.9819048248e-10  9.0873329665e-06      0.0000000000 -5.8748722391e-08 -5.8495539712e-08    0.020838888889  0.00083888888889
-5.0019835849e-08  5.8935008812e-10  9.0876629655e-06      0.0000000000 -5.8528624673e-08 -5.8790821019e-08    0.020850000000  0.00085000000000
-5.0102873267e-08  5.6835383087e-10  9.0879929646e-06      0.0000000000 -5.8308526955e-08 -5.8216578197e-08    0.020861111111  0.00086111111111
-4.9462813489e-08  5.9744195167e-10  9.0883229671e-06      0.0000000000 -5.8088429237e-08 -5.7680635000e-08    0.020872222222  0.00087222222222
-4.9332088056e-08  5.9122020021e-10  9.0886529626e-06      0.0000000000 -5.7867876772e-08 -5.8570771119e-08    0.020883333333  0.00088333333333
-4.9329563781e-08  5.7615026131e-10  9.0889829686e-06      0.0000000000 -5.7647779054e-08 -5.7884349387e-08    0.020894444444  0.00089444444444
-4.9054941541e-08  5.7989533325e-10  9.0893279503e-06      0.0000000000 -5.7427226589e-08 -5.8058584381e-08    0.020905555556  0.00090555555556
-4.8636324171e-08  5.9361403890e-10  9.0896729704e-06      0.0000000000 -5.7206674124e-08 -5.7296412405e-08    0.020916666667  0.00091666666667
-4.8718565907e-08  5.7267289350e-10  9.0900029589e-06      0.0000000000 -5.6986576406e-08 -5.6959970007e-08    0.020927777778  0.00092777777778
-4.8715586386e-08  5.5760298914e-10  9.0903329684e-06      0.0000000000 -5.6766023941e-08 -5.7701074045e-08    0.020938888889  0.00093888888889
-4.8616300264e-08  5.4920363511e-10  9.0906629639e-06      0.0000000000 -5.6545471476e-08 -5.7706655477e-08    0.020950000000  0.00095000000000
-4.8819465343e-08  5.1985539564e-10  9.0909929630e-06      0.0000000000 -5.6324919011e-08 -5.6599000755e-08    0.020961111111  0.00096111111111
-4.8994715876e-08  4.9240912304e-10  9.0913229725e-06      0.0000000000 -5.6103911798e-08 -5.5286326694e-08    0.020972222222  0.00097222222222
-4.9240463015e-08  4.6011149311e-10  9.0916529575e-06      0.0000000000 -5.5883359333e-08 -5.6679797871e-08    0.020983333333  0.00098333333333
-4.9069486498e-08  4.5664618266e-10  9.0919829670e-06      0.0000000000 -5.5662352121e-08 -5.5413551886e-08    0.020994444444  0.00099444444444
-4.9026379026e-08  4.4435568815e-10  9.0923279522e-06      0.0000000000 -5.5441799655e-08 -5.5331119646e-08    0.021005555556   0.0010055555556
-4.9346024134e-08  4.0690811486e-10  9.0926729653e-06      0.0000000000 -5.5220792443e-08 -5.5315004245e-08    0.021016666667   0.0010166666667
-4.9141220728e-08  4.0578577953e-10  9.0930029643e-06      0.0000000000 -5.4999785230e-08 -5.4904871230e-08    0.021027777778   0.0010277777778
-4.8758130395e-08  4.1701225406e-10  9.0933329598e-06      0.0000000000 -5.4778778018e-08 -5.5037583520e-08    0.021038888889   0.0010388888889
-4.8921044390e-08  3.9042045561e-10  9.0936629658e-06      0.0000000000 -5.4557770805e-08 -5.5059453297e-08    0.021050000000   0.0010500000000
-4.8965763324e-08  3.7201528287e-10  9.0939929614e-06      0.0000000000 -5.4336763593e-08 -5.3713998152e-08    0.021061111111   0.0010611111111
-4.8361008058e-08  3.9859508807e-10  9.0943229674e-06      0.0000000000 -5.4115756380e-08 -5.3798757299e-08    0.021072222222   0.0010722222222
-4.8011687477e-08  4.0745104758e-10  9.0946529594e-06      0.0000000000 -5.3894294420e-08 -5.3667428575e-08    0.021083333333   0.0010833333333
-4.8188132068e-08  3.7992207019e-10  9.0949829654e-06      0.0000000000 -5.3673287208e-08 -5.3768680458e-08    0.021094444444   0.0010944444444
-4.7779946009e-08  3.9285526981e-10  9.0953279471e-06      0.0000000000 -5.3451825248e-08 -5.3822026365e-08    0.021105555556   0.0011055555556
-4.7330306219e-08  4.0865970768e-10  9.0956729637e-06      0.0000000000 -5.3230363288e-08 -5.2587162174e-08    0.021116666667   0.0011166666667
-4.7067798526e-08  4.1153418396e-10  9.0960029627e-06      0.0000000000 -5.3009356075e-08 -5.2915381787e-08    0.021127777778   0.0011277777778
-4.7124399288e-08  3.9227453458e-10  9.0963329617e-06      0.0000000000 -5.2787894116e-08 -5.3192944014e-08    0.021138888889   0.0011388888889
-4.6673598572e-08  4.0815938244e-10  9.0966629712e-06      0.0000000000 -5.2566432156e-08 -5.2088182204e-08    0.021150000000   0.0011500000000
-4.6148321507e-08  4.2917123937e-10  9.0969929563e-06      0.0000000000 -5.2344515448e-08 -5.1723062254e-08    0.021161111111   0.0011611111111
-4.6044543791e-08  4.2101999471e-10  9.0973229658e-06      0.0000000000 -5.2123053489e-08 -5.2538061300e-08    0.021172222222   0.0011722222222
-4.5952306665e-08  4.1206940624e-10  9.0976529648e-06      0.0000000000 -5.1901591529e-08 -5.1914576103e-08    0.021183333333   0.0011833333333
-4.5612878173e-08  4.2020870574e-10  9.0979829603e-06      0.0000000000 -5.1679674821e-08 -5.1203580349e-08    0.021194444444   0.0011944444444
-4.5432194006e-08  4.1738428545e-10  9.0983279525e-06      0.0000000000 -5.1458212862e-08 -5.0668501882e-08    0.021205555556   0.0012055555556
-4.5334826136e-08  4.0875757375e-10  9.0986729656e-06      0.0000000000 -5.1236296154e-08 -5.1738187147e-08    0.021216666667   0.0012166666667
-4.5016091779e-08  4.1546352115e-10  9.0990029646e-06      0.0000000000 -5.1014379447e-08 -5.2197578260e-08    0.021227777778   0.0012277777778
-4.4751082231e-08  4.1844829019e-10  9.0993329601e-06      0.0000000000 -5.0792462740e-08 -5.2025229946e-08    0.021238888889   0.0012388888889
-4.4581185495e-08  4.1484519518e-10  9.0996629696e-06      0.0000000000 -5.0570546033e-08 -5.0969789123e-08    0.021250000000   0.0012500000000
-4.4173307542e-08  4.2772555676e-10  9.0999929582e-06      0.0000000000 -5.0348629325e-08 -5.0904195512e-08    0.021261111111   0.0012611111111
-4.3894767399e-08  4.3164750474e-10  9.1003229642e-06      0.0000000000 -5.0126712618e-08 -5.0187634050e-08    0.021272222222   0.0012722222222
-4.3834253415e-08  4.2043665949e-10  9.1006529632e-06      0.0000000000 -4.9904341164e-08 -5.0056336771e-08    0.021283333333   0.0012833333333
-4.3604662387e-08  4.2096821121e-10  9.1009829622e-06      0.0000000000 -4.9682424456e-08 -5.0004327263e-08    0.021294444444   0.0012944444444
-4.3559237499e-08  4.0871223960e-10  9.1013279543e-06      0.0000000000 -4.9460053002e-08 -4.8788439939e-08    0.021305555556   0.0013055555556
-4.3439858571e-08  4.0157859744e-10  9.1016729605e-06      0.0000000000 -4.9237681547e-08 -4.8738238501e-08    0.021316666667   0.0013166666667
-4.3539780470e-08  3.7928686884e-10  9.1020029665e-06      0.0000000000 -4.9015764840e-08 -4.8410160389e-08    0.021327777778   0.0013277777778
-4.3749084855e-08  3.4938740850e-10  9.1023329620e-06      0.0000000000 -4.8793393385e-08 -4.8140820947e-08    0.021338888889   0.0013388888889
-4.3661907254e-08  3.4002338372e-10  9.1026629645e-06      0.0000000000 -4.8571021931e-08 -4.8255704101e-08    0.021350000000   0.0013500000000
-4.3652673362e-08  3.2522919276e-10  9.1029929635e-06      0.0000000000 -4.8348195729e-08 -4.9408371887e-08    0.021361111111   0.0013611111111
-4.3906549545e-08  2.9224252533e-10  9.1033229660e-06      0.0000000000 -4.8125824274e-08 -4.7931588019e-08    0.021372222222   0.0013722222222
-4.4208181321e-08  2.5594812941e-10  9.1036529651e-06      0.0000000000 -4.7903452820e-08 -4.8061580343e-08    0.021383333333   0.0013833333333
-4.4159549165e-08  2.4388280751e-10  9.1039829606e-06      0.0000000000 -4.7680626618e-08 -4.7902910467e-08    0.021394444444   0.0013944444444
-4.4149045295e-08  2.2920807737e-10  9.1043279562e-06      0.0000000000 -4.7458255163e-08 -4.8171966907e-08    0.021405555556   0.0014055555556
-4.4128801446e-08  2.1517647666e-10  9.1046729589e-06      0.0000000000 -4.7235428961e-08 -4.8017730731e-08    0.021416666667   0.0014166666667
-4.4134747185e-08  1.9936238594e-10  9.1050029684e-06      0.0000000000 -4.7013057507e-08 -4.5983133888e-08    0.021427777778   0.0014277777778
-4.3934889562e-08  1.9777149750e-10  9.1053329604e-06      0.0000000000 -4.6790231305e-08 -4.6297722231e-08    0.021438888889   0.0014388888889
-4.3433376419e-08  2.1707438265e-10  9.1056629629e-06      0.0000000000 -4.6567405103e-08 -4.8047917628e-08    0.021450000000   0.0014500000000
-4.3026976087e-08  2.2978940374e-10  9.1059929654e-06      0.0000000000 -4.6344578901e-08 -4.6505587315e-08    0.021461111111   0.0014611111111
-4.3040767039e-08  2.1336892974e-10  9.1063229610e-06      0.0000000000 -4.6121297952e-08 -4.6199268925e-08    0.021472222222   0.0014722222222
-4.2623223958e-08  2.2685573872e-10  9.1066529670e-06      0.0000000000 -4.5898471750e-08 -4.5395369852e-08    0.021483333333   0.0014833333333
-4.2269354646e-08  2.3593226773e-10  9.1069829625e-06      0.0000000000 -4.5675645548e-08 -4.6677857017e-08    0.021494444444   0.0014944444444
-4.2207797646e-08  2.2473067069e-10  9.1073279546e-06      0.0000000000 -4.5452364598e-08 -4.4918149604e-08    0.021505555556   0.0015055555556
-4.1972256453e-08  2.2561135784e-10  9.1076729608e-06      0.0000000000 -4.5229538396e-08 -4.4773268221e-08    0.021516666667   0.0015166666667
-4.1536747787e-08  2.4031103206e-10  9.1080029668e-06      0.0000000000 -4.5006257447e-08 -4.5437788731e-08    0.021527777778   0.0015277777778
-4.1424384724e-08  2.3262845025e-10  9.1083329623e-06      0.0000000000 -4.4782976498e-08 -4.5279166022e-08    0.021538888889   0.0015388888889
-4.1159999979e-08  2.3547545075e-10  9.1086629648e-06      0.0000000000 -4.4559695549e-08 -4.5229860757e-08    0.021550000000   0.0015500000000
-4.0892033597e-08  2.3857052858e-10  9.1089929673e-06      0.0000000000 -4.4336414599e-08 -4.4503944502e-08    0.021561111111   0.0015611111111
-4.0741864167e-08  2.3350655514e-10  9.1093229593e-06      0.0000000000 -4.4113133650e-08 -4.4673352738e-08    0.021572222222   0.0015722222222
-4.0705511946e-08  2.2055918217e-10  9.1096529688e-06      0.0000000000 -4.3889852701e-08 -4.3877582116e-08    0.021583333333   0.0015833333333
-4.0088134718e-08  2.4785574357e-10  9.1099829609e-06      0.0000000000 -4.3666571751e-08 -4.3393679872e-08    0.021594444444   0.0015944444444
-3.9798886164e-08  2.5239340568e-10  9.1103279530e-06      0.0000000000 -4.3442836055e-08 -4.3965674399e-08    0.021605555556   0.0016055555556
-3.9579206275e-08  2.5214398294e-10  9.1106729626e-06      0.0000000000 -4.3219555106e-08 -4.3941965107e-08    0.021616666667   0.0016166666667
-3.9296060529e-08  2.5625894202e-10  9.1110029617e-06      0.0000000000 -4.2995819409e-08 -4.2555553261e-08    0.021627777778   0.0016277777778
-3.8987103985e-08  2.6219314961e-10  9.1113329642e-06      0.0000000000 -4.2772538460e-08 -4.3057300363e-08    0.021638888889   0.0016388888889
-3.8712713142e-08  2.6570171185e-10  9.1116629632e-06      0.0000000000 -4.2548802763e-08 -4.2543211222e-08    0.021650000000   0.0016500000000
-3.8433944713e-08  2.6951348176e-10  9.1119929657e-06      0.0000000000 -4.2325067066e-08 -4.1948592245e-08    0.021661111111   0.0016611111111
-3.8072002439e-08  2.7908617897e-10  9.1123229612e-06      0.0000000000 -4.2101331370e-08 -4.2003290273e-08    0.021672222222   0.0016722222222
-3.7925755348e-08  2.7371903238e-10  9.1126529638e-06      0.0000000000 -4.1877595673e-08 -4.1558788218e-08    0.021683333333   0.0016833333333
-3.7818508948e-08  2.6565055415e-10  9.1129829593e-06      0.0000000000 -4.1653859976e-08 -4.1599917865e-08    0.021694444444   0.0016944444444
-3.7713559325e-08  2.5739149528e-10  9.1133279514e-06      0.0000000000 -4.1429669532e-08 -4.1343848080e-08    0.021705555556   0.0017055555556
-3.7770704812e-08  2.3793662877e-10  9.1136729575e-06      0.0000000000 -4.1205933836e-08 -4.2150985955e-08    0.021716666667   0.0017166666667
-3.7494267093e-08  2.4155546774e-10  9.1140029636e-06      0.0000000000 -4.0981743392e-08 -4.1831004849e-08    0.021727777778   0.0017277777778
-3.7547399171e-08  2.2237858478e-10  9.1143329661e-06      0.0000000000 -4.0758007695e-08 -4.1378468677e-08    0.021738888889   0.0017388888889
-3.7580576459e-08  2.0455234666e-10  9.1146629581e-06      0.0000000000 -4.0533817251e-08 -4.0804194410e-08    0.021750000000   0.0017500000000
-3.7603804253e-08  1.8741524717e-10  9.1149929676e-06      0.0000000000 -4.0309626807e-08 -4.1300422971e-08    0.021761111111   0.0017611111111
-3.7598436097e-08  1.7229030617e-10  9.1153229596e-06      0.0000000000 -4.0085891111e-08 -4.0190362731e-08    0.021772222222   0.0017722222222
-3.7846910728e-08  1.3955178019e-10  9.1156529621e-06      0.0000000000 -3.9861700667e-08 -4.0880730772e-08    0.021783333333   0.0017833333333
-3.7850183466e-08  1.2376534405e-10  9.1159829647e-06      0.0000000000 -3.9637055475e-08 -4.0194293317e-08    0.021794444444   0.0017944444444
-3.7942159169e-08  1.0186651091e-10  9.1163279463e-06      0.0000000000 -3.9412865031e-08 -3.9594265854e-08    0.021805555556   0.0018055555556
-3.8007670843e-08  8.1800674024e-11  9.1166729629e-06      0.0000000000 -3.9188674587e-08 -3.8637042502e-08    0.021816666667   0.0018166666667
-3.7847836286e-08  7.7343147987e-11  9.1170029620e-06      0.0000000000 -3.8964484143e-08 -3.8866745919e-08    0.021827777778   0.0018277777778
-3.7816088344e-08  6.3982373242e-11  9.1173329645e-06      0.0000000000 -3.8739838952e-08 -3.9287900296e-08    0.021838888889   0.0018388888889
-3.7686498773e-08  5.7429967917e-11  9.1176629565e-06      0.0000000000 -3.8515648508e-08 -3.8642529599e-08    0.021850000000   0.0018500000000
-3.7411994188e-08  6.0883413355e-11  9.1179929660e-06      0.0000000000 -3.8291003317e-08 -3.8269454144e-08    0.021861111111   0.0018611111111
-3.7516747328e-08  3.8068070368e-11  9.1183229580e-06      0.0000000000 -3.8066358125e-08 -3.8187446408e-08    0.021872222222   0.0018722222222
-3.7181354395e-08  4.5738867319e-11  9.1186529640e-06      0.0000000000 -3.7841712934e-08 -3.6783205426e-08    0.021883333333   0.0018833333333
-3.6471478896e-08  7.9347707606e-11  9.1189829666e-06      0.0000000000 -3.7617067743e-08 -3.6069646931e-08    0.021894444444   0.0018944444444
-3.6126069940e-08  8.7712251266e-11  9.1193279482e-06      0.0000000000 -3.7392422551e-08 -3.7082716042e-08    0.021905555556   0.0019055555556
-3.5859591105e-08  9.0609803631e-11  9.1196729683e-06      0.0000000000 -3.7167777360e-08 -3.6481053456e-08    0.021916666667   0.0019166666667
-3.5308900561e-08  1.1319290696e-10  9.1200029569e-06      0.0000000000 -3.6943132169e-08 -3.6997941174e-08    0.021927777778   0.0019277777778
-3.4854118778e-08  1.2913301588e-10  9.1203329664e-06      0.0000000000 -3.6718486977e-08 -3.6285640466e-08    0.021938888889   0.0019388888889
-3.4481260448e-08  1.3936730688e-10  9.1206629619e-06      0.0000000000 -3.6493387039e-08 -3.5640285491e-08    0.021950000000   0.0019500000000
-3.4173724655e-08  1.4510861559e-10  9.1209929609e-06      0.0000000000 -3.6268741847e-08 -3.5997182656e-08    0.021961111111   0.0019611111111
-3.3829519414e-08  1.5335828800e-10  9.1213229634e-06      0.0000000000 -3.6043641909e-08 -3.5570588349e-08    0.021972222222   0.0019722222222
-3.3480538748e-08  1.6193872400e-10  9.1216529624e-06      0.0000000000 -3.5818541970e-08 -3.6565812602e-08    0.021983333333   0.0019833333333
-3.3065155229e-08  1.7514996386e-10  9.1219829649e-06      0.0000000000 -3.5593896779e-08 -3.5406541432e-08    0.021994444444   0.0019944444444
-3.2899402569e-08  1.7103935249e-10  9.1223279466e-06      0.0000000000 -3.5368796840e-08 -3.4927214389e-08    0.022005555556   0.0020055555556
-3.2560205474e-08  1.7894214229e-10  9.1226729702e-06      0.0000000000 -3.5143696901e-08 -3.5051090722e-08    0.022016666667   0.0020166666667
-3.2318674425e-08  1.8008022158e-10  9.1230029553e-06      0.0000000000 -3.4918596962e-08 -3.5928711857e-08    0.022027777778   0.0020277777778
-3.2121317333e-08  1.7815864969e-10  9.1233329648e-06      0.0000000000 -3.4693497024e-08 -3.5126164906e-08    0.022038888889   0.0020388888889
-3.2184568461e-08  1.5815489410e-10  9.1236629638e-06      0.0000000000 -3.4467942338e-08 -3.4699617765e-08    0.022050000000   0.0020500000000
-3.1989997057e-08  1.5604037524e-10  9.1239929593e-06      0.0000000000 -3.4242842399e-08 -3.4515068914e-08    0.022061111111   0.0020611111111
-3.1500535564e-08  1.7435103124e-10  9.1243229688e-06      0.0000000000 -3.4017742460e-08 -3.3755098066e-08    0.022072222222   0.0020722222222
-3.1570552124e-08  1.5387867693e-10  9.1246529573e-06      0.0000000000 -3.3792187774e-08 -3.2899063707e-08    0.022083333333   0.0020833333333
-3.1631415405e-08  1.3404031239e-10  9.1249829668e-06      0.0000000000 -3.3566633088e-08 -3.4028415260e-08    0.022094444444   0.0020944444444
-3.1344616003e-08  1.3831384476e-10  9.1253279520e-06      0.0000000000 -3.3341533150e-08 -3.4024877733e-08    0.022105555556   0.0021055555556
-3.1191674445e-08  1.3328439174e-10  9.1256729651e-06      0.0000000000 -3.3115978464e-08 -3.3676989470e-08    0.022116666667   0.0021166666667
-3.1278405395e-08  1.1165433708e-10  9.1260029606e-06      0.0000000000 -3.2890423778e-08 -3.3964189493e-08    0.022127777778   0.0021277777778
-3.1000204899e-08  1.1530078006e-10  9.1263329631e-06      0.0000000000 -3.2664869091e-08 -3.3292955543e-08    0.022138888889   0.0021388888889
-3.0964363204e-08  1.0216055878e-10  9.1266629622e-06      0.0000000000 -3.2439314405e-08 -3.2390555997e-08    0.022150000000   0.0021500000000
-3.1210279109e-08  6.9504767153e-11  9.1269929612e-06      0.0000000000 -3.2213759719e-08 -3.1467796019e-08    0.022161111111   0.0021611111111
-3.0965052415e-08  7.0835825470e-11  9.1273229707e-06      0.0000000000 -3.1987750286e-08 -3.2566960675e-08    0.022172222222   0.0021722222222
-3.0614820821e-08  7.9471407854e-11  9.1276529557e-06      0.0000000000 -3.1762195600e-08 -3.0193673140e-08    0.022183333333   0.0021833333333
-3.0931971876e-08  4.1881607176e-11  9.1279829652e-06      0.0000000000 -3.1536640914e-08 -3.0393189661e-08    0.022194444444   0.0021944444444
-3.0933846278e-08  2.6097532421e-11  9.1283279504e-06      0.0000000000 -3.1310631481e-08 -3.0179978980e-08    0.022205555556   0.0022055555556
-3.0623785157e-08  3.1919262205e-11  9.1286729635e-06      0.0000000000 -3.1084622047e-08 -2.9987144454e-08    0.022216666667   0.0022166666667
-3.0831894696e-08  1.8820789475e-12  9.1290029660e-06      0.0000000000 -3.0859067361e-08 -2.9700101655e-08    0.022227777778   0.0022277777778
-3.0718791500e-08 -5.9382233040e-12  9.1293329581e-06      0.0000000000 -3.0633057928e-08 -3.0751407502e-08    0.022238888889   0.0022388888889
-3.0405115344e-08  1.3389709511e-13  9.1296629676e-06      0.0000000000 -3.0407048494e-08 -3.1380301185e-08    0.022250000000   0.0022500000000
-3.0428115121e-08 -1.7113398970e-11  9.1299929596e-06      0.0000000000 -3.0181039061e-08 -2.9846460938e-08    0.022261111111   0.0022611111111
-3.0279991245e-08 -2.2508039831e-11  9.1303229621e-06      0.0000000000 -2.9955029628e-08 -2.9939269923e-08    0.022272222222   0.0022722222222
-3.0016458530e-08 -1.9909038974e-11  9.1306529611e-06      0.0000000000 -2.9729020194e-08 -2.9480004589e-08    0.022283333333   0.0022833333333
-2.9698006682e-08 -1.3506136472e-11  9.1309829601e-06      0.0000000000 -2.9503010761e-08 -3.0256546786e-08    0.022294444444   0.0022944444444
-2.9362020487e-08 -5.9202379518e-12  9.1313279488e-06      0.0000000000 -2.9276546580e-08 -2.9854133440e-08    0.022305555556   0.0023055555556
-2.9261221232e-08 -1.4592756596e-11  9.1316729619e-06      0.0000000000 -2.9050537147e-08 -2.9415684487e-08    0.022316666667   0.0023166666667
-2.8824119879e-08 -3.2493750123e-15  9.1320029609e-06      0.0000000000 -2.8824072966e-08 -3.0367247796e-08    0.022327777778   0.0023277777778
-2.8332952480e-08  1.8362569033e-11  9.1323329599e-06      0.0000000000 -2.8598063533e-08 -2.9962617601e-08    0.022338888889   0.0023388888889
-2.8151342951e-08  1.5255770465e-11  9.1326629659e-06      0.0000000000 -2.8371599352e-08 -2.8759528263e-08    0.022350000000   0.0023500000000
-2.8002764096e-08  9.8611456351e-12  9.1329929545e-06      0.0000000000 -2.8145135171e-08 -2.7094516516e-08    0.022361111111   0.0023611111111
-2.7560546080e-08  2.4836549279e-11  9.1333229640e-06      0.0000000000 -2.7919125738e-08 -2.9691815981e-08    0.022372222222   0.0023722222222
-2.7186720654e-08  3.5043332443e-11  9.1336529630e-06      0.0000000000 -2.7692661557e-08 -2.8827999063e-08    0.022383333333   0.0023833333333
-2.7085897125e-08  2.6340997628e-11  9.1339829585e-06      0.0000000000 -2.7466197376e-08 -2.8707613090e-08    0.022394444444   0.0023944444444
-2.6636159985e-08  4.1805706101e-11  9.1343279542e-06      0.0000000000 -2.7239733195e-08 -2.7718834997e-08    0.022405555556   0.0024055555556
-2.6208851594e-08  5.5685419152e-11  9.1346729568e-06      0.0000000000 -2.7012814267e-08 -2.7411620433e-08    0.022416666667   0.0024166666667
-2.5860495730e-08  6.4128086622e-11  9.1350029663e-06      0.0000000000 -2.6786350087e-08 -2.6435483103e-08    0.022427777778   0.0024277777778
-2.5589742337e-08  6.7195720740e-11  9.1353329583e-06      0.0000000000 -2.6559885906e-08 -2.6491548975e-08    0.022438888889   0.0024388888889
-2.5322911818e-08  6.9960144708e-11  9.1356629609e-06      0.0000000000 -2.6332966978e-08 -2.6841449698e-08    0.022450000000   0.0024500000000
-2.4958239403e-08  7.9532956602e-11  9.1359929599e-06      0.0000000000 -2.6106502797e-08 -2.5217394651e-08    0.022461111111   0.0024611111111
-2.4702949741e-08  8.1498018249e-11  9.1363229624e-06      0.0000000000 -2.5879583869e-08 -2.5318567922e-08    0.022472222222   0.0024722222222
-2.4398312588e-08  8.6881069088e-11  9.1366529614e-06      0.0000000000 -2.5652664941e-08 -2.4578941784e-08    0.022483333333   0.0024833333333
-2.4277193299e-08  7.9584493435e-11  9.1369829604e-06      0.0000000000 -2.5426200760e-08 -2.6096430796e-08    0.022494444444   0.0024944444444
-2.4335663243e-08  5.9817407843e-11  9.1373279526e-06      0.0000000000 -2.5199281832e-08 -2.5362904927e-08    0.022505555556   0.0025055555556
-2.4440761788e-08  3.6820653449e-11  9.1376729587e-06      0.0000000000 -2.4972362904e-08 -2.4551663521e-08    0.022516666667   0.0025166666667
-2.4140502220e-08  4.1900496614e-11  9.1380029647e-06      0.0000000000 -2.4745443976e-08 -2.3879046005e-08    0.022527777778   0.0025277777778
-2.4063499750e-08  3.1516729902e-11  9.1383329602e-06      0.0000000000 -2.4518525048e-08 -2.5233840221e-08    0.022538888889   0.0025388888889
-2.4103440879e-08  1.3001520880e-11  9.1386629627e-06      0.0000000000 -2.4291151372e-08 -2.4058186370e-08    0.022550000000   0.0025500000000
-2.4036387369e-08  1.9286525479e-12  9.1389929653e-06      0.0000000000 -2.4064232444e-08 -2.2491565039e-08    0.022561111111   0.0025611111111
-2.3994007472e-08 -1.0853201127e-11  9.1393229573e-06      0.0000000000 -2.3837313516e-08 -2.3719071174e-08    0.022572222222   0.0025722222222
-2.3924508977e-08 -2.1788218301e-11  9.1396529668e-06      0.0000000000 -2.3609939841e-08 -2.3146259086e-08    0.022583333333   0.0025833333333
-2.3991966544e-08 -4.2177819746e-11  9.1399829588e-06      0.0000000000 -2.3383020913e-08 -2.2416365077e-08    0.022594444444   0.0025944444444
-2.4056249439e-08 -6.2379029252e-11  9.1403279510e-06      0.0000000000 -2.3155647237e-08 -2.4275170413e-08    0.022605555556   0.0026055555556
-2.3936939885e-08 -6.9863948754e-11  9.1406729571e-06      0.0000000000 -2.2928273562e-08 -2.4043187256e-08    0.022616666667   0.0026166666667
-2.3777558983e-08 -7.4541881506e-11  9.1410029666e-06      0.0000000000 -2.2701354634e-08 -2.1804011298e-08    0.022627777778   0.0026277777778
-2.3544896324e-08 -7.4175546977e-11  9.1413329586e-06      0.0000000000 -2.2473980958e-08 -2.0730835673e-08    0.022638888889   0.0026388888889
-2.3537081859e-08 -8.9383027508e-11  9.1416629611e-06      0.0000000000 -2.2246607283e-08 -2.3251535888e-08    0.022650000000   0.0026500000000
-2.3171897595e-08 -7.9837757982e-11  9.1419929637e-06      0.0000000000 -2.2019233607e-08 -2.1783493642e-08    0.022661111111   0.0026611111111
-2.2941224674e-08 -7.9609240077e-11  9.1423229592e-06      0.0000000000 -2.1791859932e-08 -2.2584452636e-08    0.022672222222   0.0026722222222
-2.2698157542e-08 -7.8553750885e-11  9.1426529652e-06      0.0000000000 -2.1564031509e-08 -2.1563317964e-08    0.022683333333   0.0026833333333
-2.2202441679e-08 -5.9967381492e-11  9.1429829607e-06      0.0000000000 -2.1336657834e-08 -2.0508002919e-08    0.022694444444   0.0026944444444
-2.1942086733e-08 -5.7682977130e-11  9.1433279529e-06      0.0000000000 -2.1109284158e-08 -1.9939325806e-08    0.022705555556   0.0027055555556
-2.1726711887e-08 -5.8545557772e-11  9.1436729625e-06      0.0000000000 -2.0881455735e-08 -2.0343987447e-08    0.022716666667   0.0027166666667
-2.1293476003e-08 -4.4286782087e-11  9.1440029615e-06      0.0000000000 -2.0654082060e-08 -2.1098534087e-08    0.022727777778   0.0027277777778
-2.0732835176e-08 -2.1234967827e-11  9.1443329640e-06      0.0000000000 -2.0426253637e-08 -1.9486805357e-08    0.022738888889   0.0027388888889
-2.0229500794e-08 -2.1524092505e-12  9.1446629630e-06      0.0000000000 -2.0198425214e-08 -1.8518890812e-08    0.022750000000   0.0027500000000
-2.0021113639e-08 -3.4674856365e-12  9.1449929655e-06      0.0000000000 -1.9971051539e-08 -1.8465654962e-08    0.022761111111   0.0027611111111
-1.9622045614e-08  8.3932006096e-12  9.1453229576e-06      0.0000000000 -1.9743223116e-08 -2.1730100568e-08    0.022772222222   0.0027722222222
-1.8998924809e-08  3.5772608577e-11  9.1456529601e-06      0.0000000000 -1.9515394693e-08 -2.0695366070e-08    0.022783333333   0.0027833333333
-1.8562846099e-08  5.0196791343e-11  9.1459829591e-06      0.0000000000 -1.9287566270e-08 -1.7078158274e-08    0.022794444444   0.0027944444444
-1.8387067502e-08  4.6591628447e-11  9.1463279513e-06      0.0000000000 -1.9059737848e-08 -1.8560963799e-08    0.022805555556   0.0028055555556
-1.8010252379e-08  5.6910996679e-11  9.1466729574e-06      0.0000000000 -1.8831909425e-08 -1.8797915217e-08    0.022816666667   0.0028166666667
-1.7791802255e-08  5.6229923623e-11  9.1470029599e-06      0.0000000000 -1.8603626255e-08 -1.7764438505e-08    0.022827777778   0.0028277777778
-1.7725430418e-08  4.5046845157e-11  9.1473329624e-06      0.0000000000 -1.8375797832e-08 -1.7119225032e-08    0.022838888889   0.0028388888889
-1.7462863475e-08  4.7452963160e-11  9.1476629579e-06      0.0000000000 -1.8147969409e-08 -1.8431537480e-08    0.022850000000   0.0028500000000
-1.7447373889e-08  3.2714094909e-11  9.1479929639e-06      0.0000000000 -1.7919686239e-08 -1.8349419687e-08    0.022861111111   0.0028611111111
-1.7382992058e-08  2.1393181313e-11  9.1483229560e-06      0.0000000000 -1.7691857816e-08 -1.9030275710e-08    0.022872222222   0.0028722222222
-1.7697413239e-08 -1.6196523185e-11  9.1486529620e-06      0.0000000000 -1.7463574646e-08 -1.9746459836e-08    0.022883333333   0.0028833333333
-1.7439166476e-08 -1.4121134241e-11  9.1489829645e-06      0.0000000000 -1.7235291476e-08 -1.8240086520e-08    0.022894444444   0.0028944444444
-1.7215011652e-08 -1.4407078693e-11  9.1493279462e-06      0.0000000000 -1.7007008306e-08 -1.6836788879e-08    0.022905555556   0.0029055555556
-1.7428540469e-08 -4.4977108521e-11  9.1496729628e-06      0.0000000000 -1.6779179883e-08 -1.5633306483e-08    0.022916666667   0.0029166666667
-1.7150396053e-08 -4.1523534843e-11  9.1500029618e-06      0.0000000000 -1.6550896713e-08 -1.5264208780e-08    0.022927777778   0.0029277777778
-1.6955027377e-08 -4.3803314035e-11  9.1503329643e-06      0.0000000000 -1.6322613543e-08 -1.5560857930e-08    0.022938888889   0.0029388888889
-1.7001222088e-08 -6.2814664150e-11  9.1506629563e-06      0.0000000000 -1.6094330373e-08 -1.5817902501e-08    0.022950000000   0.0029500000000
-1.6854348083e-08 -6.8484860581e-11  9.1509929658e-06      0.0000000000 -1.5865592455e-08 -1.4817143983e-08    0.022961111111   0.0029611111111
-1.6419406292e-08 -5.4170922485e-11  9.1513229579e-06      0.0000000000 -1.5637309285e-08 -1.5147910616e-08    0.022972222222   0.0029722222222
-1.6462815048e-08 -7.2989307121e-11  9.1516529604e-06      0.0000000000 -1.5409026115e-08 -1.5232764096e-08    0.022983333333   0.0029833333333
-1.6397921100e-08 -8.4337744579e-11  9.1519829629e-06      0.0000000000 -1.5180288197e-08 -1.4346951621e-08    0.022994444444   0.0029944444444
-1.6117653620e-08 -8.0737119620e-11  9.1523279446e-06      0.0000000000 -1.4952005027e-08 -1.3673956769e-08    0.023005555556   0.0030055555556
-1.6081944195e-08 -9.4106984753e-11  9.1526729681e-06      0.0000000000 -1.4723267110e-08 -1.5303781915e-08    0.023016666667   0.0030166666667
-1.5786289173e-08 -8.9440561872e-11  9.1530029532e-06      0.0000000000 -1.4494983939e-08 -1.4819832504e-08    0.023027777778   0.0030277777778
-1.5598425006e-08 -9.2271628538e-11  9.1533329627e-06      0.0000000000 -1.4266246022e-08 -1.3435197282e-08    0.023038888889   0.0030388888889
-1.5579296646e-08 -1.0678995936e-10  9.1536629617e-06      0.0000000000 -1.4037508104e-08 -1.5616892357e-08    0.023050000000   0.0030500000000
-1.5242196750e-08 -9.9284409188e-11  9.1539929607e-06      0.0000000000 -1.3808770187e-08 -1.3455714939e-08    0.023061111111   0.0030611111111
-1.5040801720e-08 -1.0117827840e-10  9.1543229632e-06      0.0000000000 -1.3580032269e-08 -1.1536410031e-08    0.023072222222   0.0030722222222
-1.4762202059e-08 -9.7724670189e-11  9.1546529588e-06      0.0000000000 -1.3351294352e-08 -1.2232390947e-08    0.023083333333   0.0030833333333
-1.4636817871e-08 -1.0488333056e-10  9.1549829648e-06      0.0000000000 -1.3122556434e-08 -1.2571396087e-08    0.023094444444   0.0030944444444
-1.4414098413e-08 -1.0530019125e-10  9.1553279430e-06      0.0000000000 -1.2893818517e-08 -1.2436042444e-08    0.023105555556   0.0031055555556
-1.4243977038e-08 -1.0936018912e-10  9.1556729665e-06      0.0000000000 -1.2665080599e-08 -1.1916497650e-08    0.023116666667   0.0031166666667
-1.3720573857e-08 -8.8982083991e-11  9.1560029551e-06      0.0000000000 -1.2435887935e-08 -1.2260895553e-08    0.023127777778   0.0031277777778
-1.3452321264e-08 -8.6245151825e-11  9.1563329646e-06      0.0000000000 -1.2207150017e-08 -1.3919005193e-08    0.023138888889   0.0031388888889
-1.3142282559e-08 -8.0613959542e-11  9.1566629601e-06      0.0000000000 -1.1978412100e-08 -1.1639076924e-08    0.023150000000   0.0031500000000
-1.2778461908e-08 -7.1289128792e-11  9.1569929591e-06      0.0000000000 -1.1749219435e-08 -1.3603284841e-08    0.023161111111   0.0031611111111
-1.2590540603e-08 -7.4147735350e-11  9.1573229686e-06      0.0000000000 -1.1520026770e-08 -1.2753193528e-08    0.023172222222   0.0031722222222
-1.2081521105e-08 -5.4734399624e-11  9.1576529537e-06      0.0000000000 -1.1291288852e-08 -1.1170220961e-08    0.023183333333   0.0031833333333
-1.1932599957e-08 -6.0294300818e-11  9.1579829632e-06      0.0000000000 -1.1062096188e-08 -1.0787491988e-08    0.023194444444   0.0031944444444
-1.1620713163e-08 -5.4566600513e-11  9.1583279483e-06      0.0000000000 -1.0832903523e-08 -1.0135549352e-08    0.023205555556   0.0032055555556
-1.1211724353e-08 -4.2113256549e-11  9.1586729614e-06      0.0000000000 -1.0603710858e-08 -1.0984288544e-08    0.023216666667   0.0032166666667
-1.1064793210e-08 -4.7810992873e-11  9.1590029605e-06      0.0000000000 -1.0374518193e-08 -1.1336924954e-08    0.023227777778   0.0032277777778
-1.0872892428e-08 -5.0393966185e-11  9.1593329630e-06      0.0000000000 -1.0145325528e-08 -1.0643931283e-08    0.023238888889   0.0032388888889
-1.0645174750e-08 -5.0496129249e-11  9.1596629620e-06      0.0000000000 -9.9161328634e-09 -1.0408850824e-08    0.023250000000   0.0032500000000
-1.0627979525e-08 -6.5179853597e-11  9.1599929575e-06      0.0000000000 -9.6869401985e-09 -1.2594445040e-08    0.023261111111   0.0032611111111
-1.0514477164e-08 -7.3192990611e-11  9.1603229670e-06      0.0000000000 -9.4577475337e-09 -7.3263756050e-09    0.023272222222   0.0032722222222
-1.0031608899e-08 -5.5653980713e-11  9.1606529556e-06      0.0000000000 -9.2281001215e-09 -8.9626626336e-09    0.023283333333   0.0032833333333
-1.0075301755e-08 -7.4555038067e-11  9.1609829616e-06      0.0000000000 -8.9989074567e-09 -9.9029844682e-09    0.023294444444   0.0032944444444
-1.0245853771e-08 -1.0227432606e-10  9.1613279467e-06      0.0000000000 -8.7692600445e-09 -9.4487974504e-09    0.023305555556   0.0033055555556
-1.0211977553e-08 -1.1580266335e-10  9.1616729598e-06      0.0000000000 -8.5400673796e-09 -6.5760425520e-09    0.023316666667   0.0033166666667
-1.0188357599e-08 -1.3007288479e-10  9.1620029658e-06      0.0000000000 -8.3104199674e-09 -7.3469089837e-09    0.023327777778   0.0033277777778
-1.0131706971e-08 -1.4205527996e-10  9.1623329579e-06      0.0000000000 -8.0807725552e-09 -8.5812857820e-09    0.023338888889   0.0033388888889
-1.0103368729e-08 -1.5596719791e-10  9.1626629674e-06      0.0000000000 -7.8515798904e-09 -7.8266919744e-09    0.023350000000   0.0033500000000
-1.0141432805e-08 -1.7450988271e-10  9.1629929524e-06      0.0000000000 -7.6219324782e-09 -8.9132944795e-09    0.023361111111   0.0033611111111
-1.0033843056e-08 -1.8296404649e-10  9.1633229619e-06      0.0000000000 -7.3922850660e-09 -7.4290110540e-09    0.023372222222   0.0033722222222
-1.0292776384e-08 -2.1680495011e-10  9.1636529609e-06      0.0000000000 -7.1626376538e-09 -6.5979280522e-09    0.023383333333   0.0033833333333
-1.0324871245e-08 -2.3493418504e-10  9.1639829565e-06      0.0000000000 -6.9329902416e-09 -4.7526439304e-09    0.023394444444   0.0033944444444
-1.0305297030e-08 -2.4948462929e-10  9.1643279486e-06      0.0000000000 -6.7033428294e-09 -5.6097788531e-09    0.023405555556   0.0034055555556
-1.0133910112e-08 -2.5355146342e-10  9.1646729617e-06      0.0000000000 -6.4732406698e-09 -6.9820405913e-09    0.023416666667   0.0034166666667
-9.8663394585e-09 -2.5092475989e-10  9.1650029608e-06      0.0000000000 -6.2435932576e-09 -5.7025249489e-09    0.023427777778   0.0034277777778
-9.8403319253e-09 -2.6502960879e-10  9.1653329563e-06      0.0000000000 -6.0139458454e-09 -4.6431535402e-09    0.023438888889   0.0034388888889
-9.5348977671e-09 -2.5981183679e-10  9.1656629658e-06      0.0000000000 -5.7838436859e-09 -6.1030987802e-09    0.023450000000   0.0034500000000
-9.0778969045e-09 -2.4406449850e-10  9.1659929543e-06      0.0000000000 -5.5541962737e-09 -8.5553753623e-09    0.023461111111   0.0034611111111
-8.7434115494e-09 -2.3683453349e-10  9.1663229603e-06      0.0000000000 -5.3240941141e-09 -5.6137880503e-09    0.023472222222   0.0034722222222
-8.4205241894e-09 -2.3037639090e-10  9.1666529593e-06      0.0000000000 -5.0944467019e-09 -4.7143443051e-09    0.023483333333   0.0034833333333
-8.1262330475e-09 -2.2593042531e-10  9.1669829584e-06      0.0000000000 -4.8643445424e-09 -3.9106810679e-09    0.023494444444   0.0034944444444
-7.6547488419e-09 -2.0921141476e-10  9.1673279505e-06      0.0000000000 -4.6342423828e-09 -6.5620025006e-09    0.023505555556   0.0035055555556
-7.3167815113e-09 -2.0174027528e-10  9.1676729566e-06      0.0000000000 -4.4041402233e-09 -5.3403450770e-09    0.023516666667   0.0035166666667
-7.2808250185e-09 -2.1515602255e-10  9.1680029626e-06      0.0000000000 -4.1744928111e-09 -4.8481728808e-09    0.023527777778   0.0035277777778
-6.8575939079e-09 -2.0177919928e-10  9.1683329582e-06      0.0000000000 -3.9443906515e-09 -3.0932607813e-09    0.023538888889   0.0035388888889
-6.2277634856e-09 -1.7412404338e-10  9.1686629607e-06      0.0000000000 -3.7138337447e-09 -2.0818110712e-09    0.023550000000   0.0035500000000
-6.1344434099e-09 -1.8359807486e-10  9.1689929597e-06      0.0000000000 -3.4837315851e-09 -2.6065914048e-09    0.023561111111   0.0035611111111
-6.1270828681e-09 -1.9902598061e-10  9.1693229622e-06      0.0000000000 -3.2536294256e-09 -2.4261932519e-09    0.023572222222   0.0035722222222
-5.5566060345e-09 -1.7545037563e-10  9.1696529612e-06      0.0000000000 -3.0235272660e-09 -4.2633017558e-09    0.023583333333   0.0035833333333
-5.3677747719e-09 -1.7830895013e-10  9.1699829568e-06      0.0000000000 -2.7934251065e-09 -1.5021125968e-09    0.023594444444   0.0035944444444
-4.9534073488e-09 -1.6557755602e-10  9.1703279489e-06      0.0000000000 -2.5628681996e-09 -2.3619989293e-09    0.023605555556   0.0036055555556
-4.7791353501e-09 -1.6944455883e-10  9.1706729550e-06      0.0000000000 -2.3327660400e-09 -3.2135681428e-09    0.023616666667   0.0036166666667
-4.7315237243e-09 -1.8211602356e-10  9.1710029645e-06      0.0000000000 -2.1022091331e-09 -4.8538172016e-09    0.023627777778   0.0036277777778
-4.5208045370e-09 -1.8345855969e-10  9.1713329566e-06      0.0000000000 -1.8721069736e-09 -2.2937325200e-09    0.023638888889   0.0036388888889
-4.4290192210e-09 -1.9307039176e-10  9.1716629591e-06      0.0000000000 -1.6415500667e-09  1.0086196531e-09    0.023650000000   0.0036500000000
-4.1923754941e-09 -1.9264879617e-10  9.1719929616e-06      0.0000000000 -1.4109931598e-09 -7.3824260727e-10    0.023661111111   0.0036611111111
-4.1201473943e-09 -2.0358373567e-10  9.1723229571e-06      0.0000000000 -1.1808910002e-09 -2.3797340493e-10    0.023672222222   0.0036722222222
-4.0295558679e-09 -2.1327825401e-10  9.1726529631e-06      0.0000000000 -9.5033409331e-10 -1.5978773823e-09    0.023683333333   0.0036833333333
-4.0400466359e-09 -2.2997410478e-10  9.1729829587e-06      0.0000000000 -7.1977718641e-10  1.0794956530e-10    0.023694444444   0.0036944444444
-3.8662141991e-09 -2.3390305074e-10  9.1733279508e-06      0.0000000000 -4.8922027951e-10 -1.9460958145e-09    0.023705555556   0.0037055555556
-3.8950780523e-09 -2.5187148913e-10  9.1736729569e-06      0.0000000000 -2.5866337262e-10 -1.1017746006e-09    0.023716666667   0.0037166666667
-4.0345087890e-09 -2.7749819757e-10  9.1740029629e-06      0.0000000000 -2.8106465716e-11 -7.6559948247e-10    0.023727777778   0.0037277777778
-3.8232777522e-09 -2.7886827607e-10  9.1743329585e-06      0.0000000000  2.0290518853e-10 -2.5984000646e-09    0.023738888889   0.0037388888889
-3.7812375009e-09 -2.9192563475e-10  9.1746629610e-06      0.0000000000  4.3346209543e-10 -8.1050249142e-10    0.023750000000   0.0037500000000
-3.6966154571e-09 -3.0203362147e-10  9.1749929635e-06      0.0000000000  6.6401900233e-10  2.2319908120e-09    0.023761111111   0.0037611111111
-3.6218852349e-09 -3.1285824970e-10  9.1753229555e-06      0.0000000000  8.9503065658e-10  2.4342430204e-09    0.023772222222   0.0037722222222
-3.2304344048e-09 -3.0171414333e-10  9.1756529650e-06      0.0000000000  1.1255875635e-09  1.1959828036e-09    0.023783333333   0.0037833333333
-2.8938450353e-09 -2.9440144147e-10  9.1759829570e-06      0.0000000000  1.3565992177e-09  2.2402135969e-09    0.023794444444   0.0037944444444
-2.8678557507e-09 -3.0857054929e-10  9.1763279492e-06      0.0000000000  1.5871561246e-09  1.9529664073e-09    0.023805555556   0.0038055555556
-2.5713283370e-09 -3.0403268622e-10  9.1766729623e-06      0.0000000000  1.8181677789e-09  1.6987675807e-09    0.023816666667   0.0038166666667
-2.2076777762e-09 -2.9484562648e-10  9.1770029578e-06      0.0000000000  2.0491794331e-09  2.5542513392e-10    0.023827777778   0.0038277777778
-2.0824636784e-09 -3.0214205786e-10  9.1773329603e-06      0.0000000000  2.2797363400e-09  2.6760998084e-09    0.023838888889   0.0038388888889
-1.7311496564e-09 -2.9380947228e-10  9.1776629594e-06      0.0000000000  2.5107479943e-09  3.5562679622e-09    0.023850000000   0.0038500000000
-1.4152546891e-09 -2.8793014103e-10  9.1779929619e-06      0.0000000000  2.7417596485e-09  3.2241492083e-09    0.023861111111   0.0038611111111
-1.1049308292e-09 -2.8243668522e-10  9.1783229574e-06      0.0000000000  2.9727713028e-09  9.2793259364e-10    0.023872222222   0.0038722222222
-8.6425048739e-10 -2.8176699627e-10  9.1786529634e-06      0.0000000000  3.2037829570e-09  4.4761350297e-09    0.023883333333   0.0038833333333
-7.5052010874e-10 -2.8989032987e-10  9.1789829554e-06      0.0000000000  3.4347946113e-09  4.9081692675e-09    0.023894444444   0.0038944444444
-2.9785820896e-10 -2.7453801658e-10  9.1793279476e-06      0.0000000000  3.6658062655e-09  2.4843344022e-09    0.023905555556   0.0039055555556
 4.5916844251e-10 -2.3813577580e-10  9.1796729607e-06      0.0000000000  3.8972726671e-09  4.0210203938e-09    0.023916666667   0.0039166666667
 7.6869608643e-10 -2.3269746884e-10  9.1800029597e-06      0.0000000000  4.1282843214e-09  5.1609845280e-09    0.023927777778   0.0039277777778
 9.7793738483e-10 -2.3420536396e-10  9.1803329657e-06      0.0000000000  4.3592959756e-09  4.7209004511e-09    0.023938888889   0.0039388888889
 1.3507983615e-09 -2.2441185434e-10  9.1806629543e-06      0.0000000000  4.5907623772e-09  4.4038437009e-09    0.023950000000   0.0039500000000
 1.9333281690e-09 -2.0006441090e-10  9.1809929638e-06      0.0000000000  4.8217740315e-09  4.8261772536e-09    0.023961111111   0.0039611111111
 2.4908433946e-09 -1.7748106712e-10  9.1813229593e-06      0.0000000000  5.0532404331e-09  4.7933018363e-09    0.023972222222   0.0039722222222
 2.9006576512e-09 -1.6509653959e-10  9.1816529583e-06      0.0000000000  5.2842520873e-09  4.1029966854e-09    0.023983333333   0.0039833333333
 3.2377019995e-09 -1.5778382171e-10  9.1819829608e-06      0.0000000000  5.5157184889e-09  3.7422632689e-09    0.023994444444   0.0039944444444
 3.8653916429e-09 -1.3033993900e-10  9.1823279495e-06      0.0000000000  5.7471848905e-09  3.4214646013e-09    0.024005555556   0.0040055555556
 4.4144167477e-09 -1.0834465229e-10  9.1826729591e-06      0.0000000000  5.9786512921e-09  4.3532806488e-09    0.024016666667   0.0040166666667
 4.8366246811e-09 -9.5133190490e-11  9.1830029581e-06      0.0000000000  6.2101176937e-09  4.2056321344e-09    0.024027777778   0.0040277777778
 5.2433122803e-09 -8.2996724252e-11  9.1833329606e-06      0.0000000000  6.4415840953e-09  5.2456650624e-09    0.024038888889   0.0040388888889
 5.7009390012e-09 -6.7332026627e-11  9.1836629527e-06      0.0000000000  6.6730504969e-09  7.8588440932e-09    0.024050000000   0.0040500000000
 6.0793713524e-09 -5.7152623055e-11  9.1839929622e-06      0.0000000000  6.9045168985e-09  8.5599976601e-09    0.024061111111   0.0040611111111
 6.5656514293e-09 -3.9503288336e-11  9.1843229542e-06      0.0000000000  7.1359833001e-09  7.2533767000e-09    0.024072222222   0.0040722222222
 6.7960418416e-09 -3.9577815328e-11  9.1846529602e-06      0.0000000000  7.3674497018e-09  6.2993921502e-09    0.024083333333   0.0040833333333
 6.6388169330e-09 -6.6500008677e-11  9.1849829627e-06      0.0000000000  7.5989161034e-09  8.0326231401e-09    0.024094444444   0.0040944444444
 6.9787466292e-09 -5.8987440960e-11  9.1853279444e-06      0.0000000000  7.8303825050e-09  7.1700954541e-09    0.024105555556   0.0041055555556
 7.0252354171e-09 -7.1831170022e-11  9.1856729645e-06      0.0000000000  8.0623036539e-09  8.3674461368e-09    0.024116666667   0.0041166666667
 6.9897869380e-09 -9.0318678851e-11  9.1860029530e-06      0.0000000000  8.2937700555e-09  9.3022808740e-09    0.024127777778   0.0041277777778
 6.9862324809e-09 -1.0662858758e-10  9.1863329625e-06      0.0000000000  8.5256912045e-09  9.9733890452e-09    0.024138888889   0.0041388888889
 7.0638052612e-09 -1.1728782724e-10  9.1866629580e-06      0.0000000000  8.7571576061e-09  9.3554695572e-09    0.024150000000   0.0041500000000
 6.7466565865e-09 -1.5531842779e-10  9.1869929571e-06      0.0000000000  8.9890787550e-09  1.0560964413e-08    0.024161111111   0.0041611111111
 6.7860820300e-09 -1.6865139014e-10  9.1873229596e-06      0.0000000000  9.2209999040e-09  1.0530997629e-08    0.024172222222   0.0041722222222
 6.9742884905e-09 -1.7164773317e-10  9.1876529586e-06      0.0000000000  9.4524663056e-09  8.8430469844e-09    0.024183333333   0.0041833333333
 6.8736312161e-09 -1.9468334108e-10  9.1879829611e-06      0.0000000000  9.6843874545e-09  7.4817122739e-09    0.024194444444   0.0041944444444
 6.9302025568e-09 -2.0682871535e-10  9.1883279428e-06      0.0000000000  9.9163086035e-09  9.1696471963e-09    0.024205555556   0.0042055555556
 7.0754523221e-09 -2.1283189497e-10  9.1886729664e-06      0.0000000000  1.0148229752e-08  9.6398238359e-09    0.024216666667   0.0042166666667
 7.0890103639e-09 -2.2795652893e-10  9.1890029514e-06      0.0000000000  1.0380150901e-08  1.1017446893e-08    0.024227777778   0.0042277777778
 7.4014379711e-09 -2.2238035478e-10  9.1893329609e-06      0.0000000000  1.0612072050e-08  1.1234745383e-08    0.024238888889   0.0042388888889
 7.8615094092e-09 -2.0657782451e-10  9.1896629599e-06      0.0000000000  1.0843993199e-08  1.2082179620e-08    0.024250000000   0.0042500000000
 8.0899669537e-09 -2.0681772652e-10  9.1899929555e-06      0.0000000000  1.1075914348e-08  1.2078060366e-08    0.024261111111   0.0042611111111
 8.4700480734e-09 -1.9655562065e-10  9.1903229650e-06      0.0000000000  1.1307835497e-08  1.1175975268e-08    0.024272222222   0.0042722222222
 8.9472891484e-09 -1.7959535549e-10  9.1906529535e-06      0.0000000000  1.1540211393e-08  1.1538218029e-08    0.024283333333   0.0042833333333
 9.1586341940e-09 -1.8102053227e-10  9.1909829630e-06      0.0000000000  1.1772132542e-08  1.3249264794e-08    0.024294444444   0.0042944444444
 9.7749632513e-09 -1.5442652061e-10  9.1913279447e-06      0.0000000000  1.2004508439e-08  1.0417450875e-08    0.024305555556   0.0043055555556
 1.0234039687e-08 -1.3869290789e-10  9.1916729613e-06      0.0000000000  1.2236429588e-08  1.1303121848e-08    0.024316666667   0.0043166666667
 1.0570799936e-08 -1.3146286273e-10  9.1920029568e-06      0.0000000000  1.2468805484e-08  1.3254846226e-08    0.024327777778   0.0043277777778
 1.1045596026e-08 -1.1464044873e-10  9.1923329593e-06      0.0000000000  1.2700726633e-08  1.4233310462e-08    0.024338888889   0.0043388888889
 1.1711471094e-08 -8.4614697668e-11  9.1926629583e-06      0.0000000000  1.2933102529e-08  1.1620131431e-08    0.024350000000   0.0043500000000
 1.2235614409e-08 -6.4374312982e-11  9.1929929574e-06      0.0000000000  1.3165023678e-08  1.3325753988e-08    0.024361111111   0.0043611111111
 1.2439853320e-08 -6.6323184308e-11  9.1933229669e-06      0.0000000000  1.3397399575e-08  1.2705413260e-08    0.024372222222   0.0043722222222
 1.2950125069e-08 -4.7075092886e-11  9.1936529519e-06      0.0000000000  1.3629775471e-08  1.4486235779e-08    0.024383333333   0.0043833333333
 1.3389559777e-08 -3.2733436092e-11  9.1939829614e-06      0.0000000000  1.3862151367e-08  1.5377346683e-08    0.024394444444   0.0043944444444
 1.3725060241e-08 -2.5590648262e-11  9.1943279466e-06      0.0000000000  1.4094527263e-08  1.5754415613e-08    0.024405555556   0.0044055555556
 1.4180876961e-08 -1.0114312994e-11  9.1946729597e-06      0.0000000000  1.4326903160e-08  1.5295244613e-08    0.024416666667   0.0044166666667
 1.4395064831e-08 -1.1374082700e-11  9.1950029622e-06      0.0000000000  1.4559279056e-08  1.4590113293e-08    0.024427777778   0.0044277777778
 1.4475139467e-08 -2.1923029596e-11  9.1953329542e-06      0.0000000000  1.4791654952e-08  1.5564411109e-08    0.024438888889   0.0044388888889
 1.4704450098e-08 -2.2135341151e-11  9.1956629637e-06      0.0000000000  1.5024030849e-08  1.6149408013e-08    0.024450000000   0.0044500000000
 1.4680258644e-08 -3.9906141871e-11  9.1959929558e-06      0.0000000000  1.5256406745e-08  1.5686039147e-08    0.024461111111   0.0044611111111
 1.4619511484e-08 -6.0240423083e-11  9.1963229583e-06      0.0000000000  1.5489237389e-08  1.2682159916e-08    0.024472222222   0.0044722222222
 1.4822556338e-08 -6.2271999187e-11  9.1966529573e-06      0.0000000000  1.5721613285e-08  1.4846906306e-08    0.024483333333   0.0044833333333
 1.4957151999e-08 -6.9044618868e-11  9.1969829598e-06      0.0000000000  1.5953989181e-08  1.5932030911e-08    0.024494444444   0.0044944444444
 1.4879060688e-08 -9.0580219839e-11  9.1973279450e-06      0.0000000000  1.6186819825e-08  1.7378046156e-08    0.024505555556   0.0045055555556
 1.4706263265e-08 -1.1864401798e-10  9.1976729581e-06      0.0000000000  1.6419195721e-08  1.7740210306e-08    0.024516666667   0.0045166666667
 1.4721526946e-08 -1.3371350803e-10  9.1980029641e-06      0.0000000000  1.6652026365e-08  1.7444928999e-08    0.024527777778   0.0045277777778
 1.4870108180e-08 -1.3954893274e-10  9.1983329561e-06      0.0000000000  1.6884857008e-08  1.8105015809e-08    0.024538888889   0.0045388888889
 1.4803334667e-08 -1.6026912393e-10  9.1986629621e-06      0.0000000000  1.7117232905e-08  1.7525694670e-08    0.024550000000   0.0045500000000
 1.5174774625e-08 -1.5066853169e-10  9.1989929507e-06      0.0000000000  1.7350063548e-08  1.7726500423e-08    0.024561111111   0.0045611111111
 1.5453887459e-08 -1.4746285653e-10  9.1993229602e-06      0.0000000000  1.7582894192e-08  1.6832748166e-08    0.024572222222   0.0045722222222
 1.5557498788e-08 -1.5641306276e-10  9.1996529592e-06      0.0000000000  1.7815724836e-08  1.6295720128e-08    0.024583333333   0.0045833333333
 1.5676232877e-08 -1.6431581083e-10  9.1999829547e-06      0.0000000000  1.8048555479e-08  1.6046945509e-08    0.024594444444   0.0045944444444
 1.6255309940e-08 -1.4033350714e-10  9.2003279503e-06      0.0000000000  1.8281386123e-08  1.8630723760e-08    0.024605555556   0.0046055555556
 1.6617297906e-08 -1.3138759476e-10  9.2006729530e-06      0.0000000000  1.8514216767e-08  1.9825637480e-08    0.024616666667   0.0046166666667
 1.6450693025e-08 -1.5905397199e-10  9.2010029625e-06      0.0000000000  1.8747047410e-08  1.9669907682e-08    0.024627777778   0.0046277777778
 1.6779551191e-08 -1.5240275171e-10  9.2013329545e-06      0.0000000000  1.8979878054e-08  1.8116052893e-08    0.024638888889   0.0046388888889
 1.7329278075e-08 -1.3045334962e-10  9.2016629570e-06      0.0000000000  1.9212708698e-08  1.9717797936e-08    0.024650000000   0.0046500000000
 1.7840402911e-08 -1.1117766774e-10  9.2019929560e-06      0.0000000000  1.9445539341e-08  1.9619344630e-08    0.024661111111   0.0046611111111
 1.8310196614e-08 -9.4796229951e-11  9.2023229586e-06      0.0000000000  1.9678824732e-08  1.9108305623e-08    0.024672222222   0.0046722222222
 1.8712279667e-08 -8.3073183998e-11  9.2026529576e-06      0.0000000000  1.9911655376e-08  1.9706808019e-08    0.024683333333   0.0046833333333
 1.8946479733e-08 -8.3009830246e-11  9.2029829566e-06      0.0000000000  2.0144940767e-08  1.9898133199e-08    0.024694444444   0.0046944444444
 1.9528508406e-08 -5.8823087158e-11  9.2033279487e-06      0.0000000000  2.0377771411e-08  1.9908462778e-08    0.024705555556   0.0047055555556
 2.0128767179e-08 -3.3405157572e-11  9.2036729549e-06      0.0000000000  2.0611056802e-08  2.0264400880e-08    0.024716666667   0.0047166666667
 2.0235562303e-08 -4.2134842395e-11  9.2040029609e-06      0.0000000000  2.0843887445e-08  2.0428369186e-08    0.024727777778   0.0047277777778
 2.0254066650e-08 -5.7011369446e-11  9.2043329564e-06      0.0000000000  2.1077172836e-08  2.0679863770e-08    0.024738888889   0.0047388888889
 2.0889014792e-08 -2.9190726315e-11  9.2046629589e-06      0.0000000000  2.1310458227e-08  2.0707204922e-08    0.024750000000   0.0047500000000
 2.1158576240e-08 -2.6646615358e-11  9.2049929614e-06      0.0000000000  2.1543288871e-08  1.9981493057e-08    0.024761111111   0.0047611111111
 2.1463613614e-08 -2.1676808474e-11  9.2053229535e-06      0.0000000000  2.1776574262e-08  2.2914244413e-08    0.024772222222   0.0047722222222
 2.1725273246e-08 -1.9711503900e-11  9.2056529630e-06      0.0000000000  2.2009859653e-08  2.1596947983e-08    0.024783333333   0.0047833333333
 2.1723879407e-08 -3.5966252698e-11  9.2059829550e-06      0.0000000000  2.2243145044e-08  2.2671098393e-08    0.024794444444   0.0047944444444
 2.2075114142e-08 -2.7796646225e-11  9.2063279471e-06      0.0000000000  2.2476430435e-08  2.3120600153e-08    0.024805555556   0.0048055555556
 2.2626456396e-08 -5.7668551254e-12  9.2066729533e-06      0.0000000000  2.2709715826e-08  2.2169398457e-08    0.024816666667   0.0048166666667
 2.2369571000e-08 -3.9717891206e-11  9.2070029628e-06      0.0000000000  2.2943001217e-08  2.2144840159e-08    0.024827777778   0.0048277777778
 2.2465678087e-08 -4.9219366398e-11  9.2073329548e-06      0.0000000000  2.3176286608e-08  2.1961722041e-08    0.024838888889   0.0048388888889
 2.2829613803e-08 -4.0170043129e-11  9.2076629573e-06      0.0000000000  2.3409571999e-08  2.3005732721e-08    0.024850000000   0.0048500000000
 2.2649990176e-08 -6.8801141671e-11  9.2079929598e-06      0.0000000000  2.3643312137e-08  2.3637267758e-08    0.024861111111   0.0048611111111
 2.2672474267e-08 -8.3402016970e-11  9.2083229553e-06      0.0000000000  2.3876597528e-08  2.3978961418e-08    0.024872222222   0.0048722222222
 2.2677050178e-08 -9.9243278886e-11  9.2086529613e-06      0.0000000000  2.4109882919e-08  2.5656991265e-08    0.024883333333   0.0048833333333
 2.2672927790e-08 -1.1571851455e-10  9.2089829569e-06      0.0000000000  2.4343623058e-08  2.4891753431e-08    0.024894444444   0.0048944444444
 2.3025356314e-08 -1.0746622180e-10  9.2093279455e-06      0.0000000000  2.4576908449e-08  2.4433399993e-08    0.024905555556   0.0049055555556
 2.3306539230e-08 -1.0418016011e-10  9.2096729586e-06      0.0000000000  2.4810648587e-08  2.5320863314e-08    0.024916666667   0.0049166666667
 2.2991551441e-08 -1.4215558222e-10  9.2100029577e-06      0.0000000000  2.5043933978e-08  2.4394267084e-08    0.024927777778   0.0049277777778
 2.3291472151e-08 -1.3757167176e-10  9.2103329602e-06      0.0000000000  2.5277674116e-08  2.5177271163e-08    0.024938888889   0.0049388888889
 2.3549607018e-08 -1.3588200291e-10  9.2106629592e-06      0.0000000000  2.5511414255e-08  2.6368930358e-08    0.024950000000   0.0049500000000
 2.3620642652e-08 -1.4712001936e-10  9.2109929617e-06      0.0000000000  2.5744699646e-08  2.5909743636e-08    0.024961111111   0.0049611111111
 2.3799582882e-08 -1.5091566307e-10  9.2113229537e-06      0.0000000000  2.5978439784e-08  2.7227165845e-08    0.024972222222   0.0049722222222
 2.4007574309e-08 -1.5269911376e-10  9.2116529632e-06      0.0000000000  2.6212179922e-08  2.6433297627e-08    0.024983333333   0.0049833333333
 2.4273270556e-08 -1.5048571584e-10  9.2119829553e-06      0.0000000000  2.6445920061e-08  2.7132863237e-08    0.024994444444   0.0049944444444
 2.4496617196e-08 -1.5120560787e-10  9.2123279474e-06      0.0000000000  2.6679660199e-08  2.6452809053e-08    0.025005555556   0.0050055555556
 2.4641896192e-08 -1.5733275277e-10  9.2126729570e-06      0.0000000000  2.6913400338e-08  2.6906115620e-08    0.025016666667   0.0050166666667
 2.4765121607e-08 -1.6498740997e-10  9.2130029561e-06      0.0000000000  2.7147140476e-08  2.7455375640e-08    0.025027777778   0.0050277777778
 2.5230594864e-08 -1.4893671974e-10  9.2133329586e-06      0.0000000000  2.7380880614e-08  2.7346089640e-08    0.025038888889   0.0050388888889
 2.5637567619e-08 -1.3693798998e-10  9.2136629541e-06      0.0000000000  2.7614620753e-08  2.8122254501e-08    0.025050000000   0.0050500000000
 2.5970917111e-08 -1.3003867883e-10  9.2139929601e-06      0.0000000000  2.7848360891e-08  2.8019823443e-08    0.025061111111   0.0050611111111
 2.6309099434e-08 -1.2283612546e-10  9.2143229521e-06      0.0000000000  2.8082555777e-08  2.7946054214e-08    0.025072222222   0.0050722222222
 2.6576387312e-08 -1.2051248534e-10  9.2146529581e-06      0.0000000000  2.8316295915e-08  2.7971964633e-08    0.025083333333   0.0050833333333
 2.6898195947e-08 -1.1441253651e-10  9.2149829607e-06      0.0000000000  2.8550036053e-08  2.9018758169e-08    0.025094444444   0.0050944444444
 2.7408464063e-08 -9.5290686654e-11  9.2153279423e-06      0.0000000000  2.8784230939e-08  2.9153530085e-08    0.025105555556   0.0051055555556
 2.7892475259e-08 -7.7955990395e-11  9.2156729589e-06      0.0000000000  2.9017971077e-08  2.9288018999e-08    0.025116666667   0.0051166666667
 2.8100125983e-08 -7.9794536900e-11  9.2160029579e-06      0.0000000000  2.9252165963e-08  2.9911236916e-08    0.025127777778   0.0051277777778
 2.8427904101e-08 -7.3281119693e-11  9.2163329605e-06      0.0000000000  2.9485906102e-08  3.0399085468e-08    0.025138888889   0.0051388888889
 2.8529696838e-08 -8.2451780723e-11  9.2166629525e-06      0.0000000000  2.9720100987e-08  3.0016340773e-08    0.025150000000   0.0051500000000
 2.8619152502e-08 -9.2476952931e-11  9.2169929620e-06      0.0000000000  2.9954295873e-08  2.8487170061e-08    0.025161111111   0.0051611111111
 2.9210381664e-08 -6.7715944938e-11  9.2173229540e-06      0.0000000000  3.0188036011e-08  3.0400248922e-08    0.025172222222   0.0051722222222
 2.9538216920e-08 -6.1230067623e-11  9.2176529565e-06      0.0000000000  3.0422230897e-08  3.1145016265e-08    0.025183333333   0.0051833333333
 2.9232496150e-08 -9.8626616758e-11  9.2179829591e-06      0.0000000000  3.0656425783e-08  3.0068255946e-08    0.025194444444   0.0051944444444
 2.9521762756e-08 -9.4812146361e-11  9.2183279407e-06      0.0000000000  3.0890620668e-08  3.0180639248e-08    0.025205555556   0.0052055555556
 3.0220465009e-08 -6.2638653338e-11  9.2186729643e-06      0.0000000000  3.1124815554e-08  3.1365129054e-08    0.025216666667   0.0052166666667
 3.0000306199e-08 -9.4108865617e-11  9.2190029529e-06      0.0000000000  3.1359010440e-08  3.1176602451e-08    0.025227777778   0.0052277777778
 3.0027282151e-08 -1.0846161303e-10  9.2193329589e-06      0.0000000000  3.1593205326e-08  3.1770954148e-08    0.025238888889   0.0052388888889
 3.0554496308e-08 -8.8166017839e-11  9.2196629579e-06      0.0000000000  3.1827400211e-08  3.2197234008e-08    0.025250000000   0.0052500000000
 3.0592615010e-08 -1.0174697735e-10  9.2199929569e-06      0.0000000000  3.2061595097e-08  3.1229743967e-08    0.025261111111   0.0052611111111
 3.0524079775e-08 -1.2271518175e-10  9.2203229594e-06      0.0000000000  3.2295789983e-08  3.2077083870e-08    0.025272222222   0.0052722222222
 3.0923207317e-08 -1.1132283527e-10  9.2206529549e-06      0.0000000000  3.2530439616e-08  3.1754555745e-08    0.025283333333   0.0052833333333
 3.1240695506e-08 -1.0555363400e-10  9.2209829609e-06      0.0000000000  3.2764634501e-08  3.2872304210e-08    0.025294444444   0.0052944444444
 3.1493515190e-08 -1.0426361178e-10  9.2213279391e-06      0.0000000000  3.2998829387e-08  3.2590811398e-08    0.025305555556   0.0053055555556
 3.1465429826e-08 -1.2246160644e-10  9.2216729627e-06      0.0000000000  3.3233479020e-08  3.3412115103e-08    0.025316666667   0.0053166666667
 3.2098104130e-08 -9.4861452652e-11  9.2220029512e-06      0.0000000000  3.3467673906e-08  3.3116975297e-08    0.025327777778   0.0053277777778
 3.2383414464e-08 -9.1352505697e-11  9.2223329607e-06      0.0000000000  3.3702323539e-08  3.3209957228e-08    0.025338888889   0.0053388888889
 3.2203449600e-08 -1.2003873707e-10  9.2226629563e-06      0.0000000000  3.3936518425e-08  3.3051334519e-08    0.025350000000   0.0053500000000
 3.2219737515e-08 -1.3516327484e-10  9.2229929553e-06      0.0000000000  3.4171168058e-08  3.3690825060e-08    0.025361111111   0.0053611111111
 3.2575430178e-08 -1.2674789078e-10  9.2233229648e-06      0.0000000000  3.4405362943e-08  3.5330696783e-08    0.025372222222   0.0053722222222
 3.2950281949e-08 -1.1703697373e-10  9.2236529498e-06      0.0000000000  3.4640012576e-08  3.4729395811e-08    0.025383333333   0.0053833333333
 3.3023080360e-08 -1.2824738617e-10  9.2239829593e-06      0.0000000000  3.4874662210e-08  3.5549426006e-08    0.025394444444   0.0053944444444
 3.3034891296e-08 -1.4368201598e-10  9.2243279445e-06      0.0000000000  3.5109311843e-08  3.6058106661e-08    0.025405555556   0.0054055555556
 3.3643787063e-08 -1.1772885133e-10  9.2246729576e-06      0.0000000000  3.5343506728e-08  3.5852662817e-08    0.025416666667   0.0054166666667
 3.3973271087e-08 -1.1116027172e-10  9.2250029566e-06      0.0000000000  3.5578156361e-08  3.5122957477e-08    0.025427777778   0.0054277777778
 3.3994334428e-08 -1.2595404590e-10  9.2253329591e-06      0.0000000000  3.5812805994e-08  3.5114844749e-08    0.025438888889   0.0054388888889
 3.4420125321e-08 -1.1271489746e-10  9.2256629582e-06      0.0000000000  3.6047455627e-08  3.5628666610e-08    0.025450000000   0.0054500000000
 3.4923120845e-08 -9.4128271583e-11  9.2259929537e-06      0.0000000000  3.6282105261e-08  3.5809033318e-08    0.025461111111   0.0054611111111
 3.5097001817e-08 -9.8337333098e-11  9.2263229632e-06      0.0000000000  3.6516754894e-08  3.7451514950e-08    0.025472222222   0.0054722222222
 3.5451557561e-08 -9.0032193711e-11  9.2266529517e-06      0.0000000000  3.6751404527e-08  3.6538754381e-08    0.025483333333   0.0054833333333
 3.5902477045e-08 -7.5084043894e-11  9.2269829577e-06      0.0000000000  3.6986508907e-08  3.6303658200e-08    0.025494444444   0.0054944444444
 3.6198068451e-08 -7.0862991953e-11  9.2273279429e-06      0.0000000000  3.7221158540e-08  3.7651314473e-08    0.025505555556   0.0055055555556
 3.6515679506e-08 -6.5116778023e-11  9.2276729560e-06      0.0000000000  3.7455808173e-08  3.7283458835e-08    0.025516666667   0.0055166666667
 3.6688423559e-08 -6.9436084210e-11  9.2280029620e-06      0.0000000000  3.7690912554e-08  3.7447427141e-08    0.025527777778   0.0055277777778
 3.7267429925e-08 -4.5584667179e-11  9.2283329540e-06      0.0000000000  3.7925562187e-08  3.8949146644e-08    0.025538888889   0.0055388888889
 3.7543586981e-08 -4.2709710000e-11  9.2286629635e-06      0.0000000000  3.8160211820e-08  3.8571999102e-08    0.025550000000   0.0055500000000
 3.7731055419e-08 -4.6009150970e-11  9.2289929556e-06      0.0000000000  3.8395316200e-08  3.8358772699e-08    0.025561111111   0.0055611111111
 3.7877874933e-08 -5.2092588880e-11  9.2293229581e-06      0.0000000000  3.8629965833e-08  3.8938172449e-08    0.025572222222   0.0055722222222
 3.7987740900e-08 -6.0767063203e-11  9.2296529571e-06      0.0000000000  3.8865070214e-08  4.0248519604e-08    0.025583333333   0.0055833333333
 3.8312904477e-08 -5.4529231152e-11  9.2299829596e-06      0.0000000000  3.9100174594e-08  3.8893080772e-08    0.025594444444   0.0055944444444
 3.8497762810e-08 -5.7977960192e-11  9.2303279413e-06      0.0000000000  3.9334824227e-08  3.8392905903e-08    0.025605555556   0.0056055555556
 3.8708876460e-08 -5.9639646675e-11  9.2306729579e-06      0.0000000000  3.9569928607e-08  3.9842851734e-08    0.025616666667   0.0056166666667
 3.8874457241e-08 -6.4455107509e-11  9.2310029604e-06      0.0000000000  3.9805032988e-08  4.0408431545e-08    0.025627777778   0.0056277777778
 3.9003027337e-08 -7.1834064863e-11  9.2313329524e-06      0.0000000000  4.0040137368e-08  4.0240343986e-08    0.025638888889   0.0056388888889
 3.9069060316e-08 -8.3513076033e-11  9.2316629619e-06      0.0000000000  4.0274787001e-08  3.9939858584e-08    0.025650000000   0.0056500000000
 3.9247773585e-08 -8.7418932352e-11  9.2319929540e-06      0.0000000000  4.0509891382e-08  4.0013674980e-08    0.025661111111   0.0056611111111
 3.9228699850e-08 -1.0502424584e-10  9.2323229565e-06      0.0000000000  4.0744995762e-08  4.0866313313e-08    0.025672222222   0.0056722222222
 3.9479444484e-08 -1.0394094425e-10  9.2326529625e-06      0.0000000000  4.0980100143e-08  4.0001207163e-08    0.025683333333   0.0056833333333
 3.9576973644e-08 -1.1346991124e-10  9.2329829545e-06      0.0000000000  4.1215204523e-08  4.1460743622e-08    0.025694444444   0.0056944444444
 3.9600183522e-08 -1.2814650583e-10  9.2333279467e-06      0.0000000000  4.1450308903e-08  4.2265884760e-08    0.025705555556   0.0057055555556
 3.9808303306e-08 -1.3004705596e-10  9.2336729563e-06      0.0000000000  4.1685868031e-08  4.0840355726e-08    0.025716666667   0.0057166666667
 4.0135854462e-08 -1.2364385137e-10  9.2340029588e-06      0.0000000000  4.1920972412e-08  4.1192866358e-08    0.025727777778   0.0057277777778
 4.0178862865e-08 -1.3694912707e-10  9.2343329543e-06      0.0000000000  4.2156076792e-08  4.2784769215e-08    0.025738888889   0.0057388888889
 4.0278779605e-08 -1.4631272152e-10  9.2346629603e-06      0.0000000000  4.2391181172e-08  4.2434868492e-08    0.025750000000   0.0057500000000
 4.0488591215e-08 -1.4809608959e-10  9.2349929559e-06      0.0000000000  4.2626740300e-08  4.3299927475e-08    0.025761111111   0.0057611111111
 4.0718243605e-08 -1.4847371452e-10  9.2353229584e-06      0.0000000000  4.2861844680e-08  4.3316310156e-08    0.025772222222   0.0057722222222
 4.1144489744e-08 -1.3523453154e-10  9.2356529574e-06      0.0000000000  4.3096949061e-08  4.2959664548e-08    0.025783333333   0.0057833333333
 4.1002900501e-08 -1.6135721830e-10  9.2359829529e-06      0.0000000000  4.3332508189e-08  4.3290352569e-08    0.025794444444   0.0057944444444
 4.1308531137e-08 -1.5647230984e-10  9.2363279451e-06      0.0000000000  4.3567612569e-08  4.3318055336e-08    0.025805555556   0.0058055555556
 4.1644529357e-08 -1.4951552794e-10  9.2366729512e-06      0.0000000000  4.3803171697e-08  4.3171460218e-08    0.025816666667   0.0058166666667
 4.1564226304e-08 -1.7139330726e-10  9.2370029607e-06      0.0000000000  4.4038730825e-08  4.3433803218e-08    0.025827777778   0.0058277777778
 4.2058921637e-08 -1.5341308071e-10  9.2373329527e-06      0.0000000000  4.4273835205e-08  4.3902391901e-08    0.025838888889   0.0058388888889
 4.2380162608e-08 -1.4747844030e-10  9.2376629552e-06      0.0000000000  4.4509394333e-08  4.4115618304e-08    0.025850000000   0.0058500000000
 4.2595147484e-08 -1.4890348885e-10  9.2379929612e-06      0.0000000000  4.4744953461e-08  4.5538034314e-08    0.025861111111   0.0058611111111
 4.3179043551e-08 -1.2477638800e-10  9.2383229533e-06      0.0000000000  4.4980512588e-08  4.4278187321e-08    0.025872222222   0.0058722222222
 4.3448890155e-08 -1.2237001352e-10  9.2386529593e-06      0.0000000000  4.5215616969e-08  4.5214232679e-08    0.025883333333   0.0058833333333
 4.3570752225e-08 -1.3024509099e-10  9.2389829548e-06      0.0000000000  4.5451176096e-08  4.5233256713e-08    0.025894444444   0.0058944444444
 4.4033203708e-08 -1.1452968980e-10  9.2393279470e-06      0.0000000000  4.5686735224e-08  4.5667775080e-08    0.025905555556   0.0059055555556
 4.4184182703e-08 -1.2038802170e-10  9.2396729531e-06      0.0000000000  4.5922294352e-08  4.6200793921e-08    0.025916666667   0.0059166666667
 4.4819415733e-08 -9.2705133544e-11  9.2400029591e-06      0.0000000000  4.6157853480e-08  4.6405656038e-08    0.025927777778   0.0059277777778
 4.5265616661e-08 -7.8115305722e-11  9.2403329546e-06      0.0000000000  4.6393412607e-08  4.6417872298e-08    0.025938888889   0.0059388888889
 4.5339780008e-08 -8.9325670077e-11  9.2406629571e-06      0.0000000000  4.6629426483e-08  4.8134138881e-08    0.025950000000   0.0059500000000
 4.5654653656e-08 -8.3832053967e-11  9.2409929596e-06      0.0000000000  4.6864985610e-08  4.7699573346e-08    0.025961111111   0.0059611111111
 4.6181641119e-08 -6.3646652885e-11  9.2413229517e-06      0.0000000000  4.7100544738e-08  4.6636491465e-08    0.025972222222   0.0059722222222
 4.6456320287e-08 -6.0937054697e-11  9.2416529612e-06      0.0000000000  4.7336103866e-08  4.7672357972e-08    0.025983333333   0.0059833333333
 4.6663744049e-08 -6.2885813812e-11  9.2419829532e-06      0.0000000000  4.7571662994e-08  4.7582174618e-08    0.025994444444   0.0059944444444
 4.6863299128e-08 -6.5411084527e-11  9.2423279454e-06      0.0000000000  4.7807676869e-08  4.7135691548e-08    0.026005555556   0.0060055555556
 4.7218731164e-08 -5.7108244876e-11  9.2426729585e-06      0.0000000000  4.8043235996e-08  4.7970186298e-08    0.026016666667   0.0060166666667
 4.7249914610e-08 -7.1295555620e-11  9.2430029540e-06      0.0000000000  4.8279249872e-08  4.8740769727e-08    0.026027777778   0.0060277777778
 4.7169611557e-08 -9.3173334943e-11  9.2433329565e-06      0.0000000000  4.8514808999e-08  4.9609822185e-08    0.026038888889   0.0060388888889
 4.7580848944e-08 -8.1036708404e-11  9.2436629555e-06      0.0000000000  4.8750822874e-08  4.8954027575e-08    0.026050000000   0.0060500000000
 4.7858711907e-08 -7.8106588815e-11  9.2439929580e-06      0.0000000000  4.8986382002e-08  4.8667110555e-08    0.026061111111   0.0060611111111
 4.7864027685e-08 -9.4085589680e-11  9.2443229536e-06      0.0000000000  4.9222395877e-08  4.9112508783e-08    0.026072222222   0.0060722222222
 4.7988334472e-08 -1.0182283449e-10  9.2446529596e-06      0.0000000000  4.9458409752e-08  4.8783125717e-08    0.026083333333   0.0060833333333
 4.7924347969e-08 -1.2257046939e-10  9.2449829516e-06      0.0000000000  4.9693968880e-08  4.9417097716e-08    0.026094444444   0.0060944444444
 4.8079065932e-08 -1.2820132398e-10  9.2453279438e-06      0.0000000000  4.9929982755e-08  4.9966310569e-08    0.026105555556   0.0061055555556
 4.8381095347e-08 -1.2362884430e-10  9.2456729569e-06      0.0000000000  5.0165996630e-08  5.0018304355e-08    0.026116666667   0.0061166666667
 4.8298063477e-08 -1.4572712900e-10  9.2460029559e-06      0.0000000000  5.0402010506e-08  4.9255943710e-08    0.026127777778   0.0061277777778
 4.8357900280e-08 -1.5792980265e-10  9.2463329619e-06      0.0000000000  5.0638024381e-08  5.0018414411e-08    0.026138888889   0.0061388888889
 4.8812856378e-08 -1.4273355948e-10  9.2466629504e-06      0.0000000000  5.0873583508e-08  5.1215372035e-08    0.026150000000   0.0061500000000
 4.9212951016e-08 -1.3136872083e-10  9.2469929599e-06      0.0000000000  5.1109597384e-08  5.1838385562e-08    0.026161111111   0.0061611111111
 4.9181256376e-08 -1.4991119971e-10  9.2473229555e-06      0.0000000000  5.1345611259e-08  4.9717756064e-08    0.026172222222   0.0061722222222
 4.9285721848e-08 -1.5905422467e-10  9.2476529545e-06      0.0000000000  5.1582079881e-08  5.1206976305e-08    0.026183333333   0.0061833333333
 4.9696163286e-08 -1.4697272848e-10  9.2479829570e-06      0.0000000000  5.1818093756e-08  5.1469413638e-08    0.026194444444   0.0061944444444
 5.0124015938e-08 -1.3368526744e-10  9.2483279422e-06      0.0000000000  5.2054107631e-08  5.2446242751e-08    0.026205555556   0.0062055555556
 5.0308911824e-08 -1.3722588783e-10  9.2486729553e-06      0.0000000000  5.2290121506e-08  5.2599346918e-08    0.026216666667   0.0062166666667
 5.0634189410e-08 -1.3104315407e-10  9.2490029543e-06      0.0000000000  5.2526135382e-08  5.2943619043e-08    0.026227777778   0.0062277777778
 5.1024391960e-08 -1.2039497544e-10  9.2493329638e-06      0.0000000000  5.2762604004e-08  5.3436844636e-08    0.026238888889   0.0062388888889
 5.1298332316e-08 -1.1776804750e-10  9.2496629523e-06      0.0000000000  5.2998617879e-08  5.2327523346e-08    0.026250000000   0.0062500000000
 5.1625997481e-08 -1.1141994119e-10  9.2499929583e-06      0.0000000000  5.3234631754e-08  5.2618559620e-08    0.026261111111   0.0062611111111
 5.1931036178e-08 -1.0667052499e-10  9.2503229573e-06      0.0000000000  5.3471100377e-08  5.4457664862e-08    0.026272222222   0.0062722222222
 5.2353814423e-08 -9.3734536134e-11  9.2506529564e-06      0.0000000000  5.3707114252e-08  5.3353610557e-08    0.026283333333   0.0062833333333
 5.2455096099e-08 -1.0309808249e-10  9.2509829589e-06      0.0000000000  5.3943582874e-08  5.3020218293e-08    0.026294444444   0.0062944444444
 5.2713516389e-08 -1.0154613161e-10  9.2513279371e-06      0.0000000000  5.4179596749e-08  5.4460211881e-08    0.026305555556   0.0063055555556
 5.3018554551e-08 -9.6796752421e-11  9.2516729606e-06      0.0000000000  5.4416065372e-08  5.4513542065e-08    0.026316666667   0.0063166666667
 5.3282147840e-08 -9.4886500524e-11  9.2520029492e-06      0.0000000000  5.4652079247e-08  5.5415296995e-08    0.026327777778   0.0063277777778
 5.3430389161e-08 -1.0099744874e-10  9.2523329587e-06      0.0000000000  5.4888547869e-08  5.5168094610e-08    0.026338888889   0.0063388888889
 5.3791142406e-08 -9.2389037560e-11  9.2526629542e-06      0.0000000000  5.5125016492e-08  5.3932900250e-08    0.026350000000   0.0063500000000
 5.4083446189e-08 -8.8521688460e-11  9.2529929532e-06      0.0000000000  5.5361485114e-08  5.5568338273e-08    0.026361111111   0.0063611111111
 5.4083986541e-08 -1.0483145292e-10  9.2533229557e-06      0.0000000000  5.5597498989e-08  5.6158539272e-08    0.026372222222   0.0063722222222
 5.4354004291e-08 -1.0250771662e-10  9.2536529548e-06      0.0000000000  5.5833967612e-08  5.5083366909e-08    0.026383333333   0.0063833333333
 5.4735849511e-08 -9.2438397419e-11  9.2539829573e-06      0.0000000000  5.6070436234e-08  5.5523356652e-08    0.026394444444   0.0063944444444
 5.4760557117e-08 -1.0710574627e-10  9.2543279390e-06      0.0000000000  5.6306904857e-08  5.6894958052e-08    0.026405555556   0.0064055555556
 5.4863596079e-08 -1.1634757652e-10  9.2546729625e-06      0.0000000000  5.6543373479e-08  5.6430457178e-08    0.026416666667   0.0064166666667
 5.5192114331e-08 -1.0997187975e-10  9.2550029476e-06      0.0000000000  5.6779842102e-08  5.6741932496e-08    0.026427777778   0.0064277777778
 5.5372192804e-08 -1.1387766947e-10  9.2553329571e-06      0.0000000000  5.7016310724e-08  5.7362226058e-08    0.026438888889   0.0064388888889
 5.5798211714e-08 -1.0074871761e-10  9.2556629561e-06      0.0000000000  5.7252779347e-08  5.6968790170e-08    0.026450000000   0.0064500000000
 5.6059474294e-08 -9.9031396658e-11  9.2559929551e-06      0.0000000000  5.7489247969e-08  5.7932082346e-08    0.026461111111   0.0064611111111
 5.6296518242e-08 -9.9023045017e-11  9.2563229611e-06      0.0000000000  5.7726171339e-08  5.8052373986e-08    0.026472222222   0.0064722222222
 5.6217125146e-08 -1.2090079228e-10  9.2566529497e-06      0.0000000000  5.7962639961e-08  5.8210729415e-08    0.026483333333   0.0064833333333
 5.6491918589e-08 -1.1824627388e-10  9.2569829592e-06      0.0000000000  5.8199108584e-08  5.7109630910e-08    0.026494444444   0.0064944444444
 5.6873896869e-08 -1.0816773852e-10  9.2573279408e-06      0.0000000000  5.8435577206e-08  5.6940065451e-08    0.026505555556   0.0065055555556
 5.7130705943e-08 -1.0679038129e-10  9.2576729574e-06      0.0000000000  5.8672500576e-08  5.9585255170e-08    0.026516666667   0.0065166666667
 5.7151201352e-08 -1.2174948240e-10  9.2580029530e-06      0.0000000000  5.8908969199e-08  5.9191724948e-08    0.026527777778   0.0065277777778
 5.7414510809e-08 -1.1992188472e-10  9.2583329555e-06      0.0000000000  5.9145892568e-08  5.9225826708e-08    0.026538888889   0.0065388888889
 5.7801927404e-08 -1.0946667157e-10  9.2586629545e-06      0.0000000000  5.9382361191e-08  5.9154840334e-08    0.026550000000   0.0065500000000
 5.8009522046e-08 -1.1149808737e-10  9.2589929535e-06      0.0000000000  5.9619284561e-08  5.9445939497e-08    0.026561111111   0.0065611111111
 5.8567664721e-08 -8.9217756434e-11  9.2593229630e-06      0.0000000000  5.9855753183e-08  5.9773655995e-08    0.026572222222   0.0065722222222
 5.8661442155e-08 -9.9132571761e-11  9.2596529481e-06      0.0000000000  6.0092676553e-08  6.0007462944e-08    0.026583333333   0.0065833333333
 5.8614739030e-08 -1.1877758858e-10  9.2599829576e-06      0.0000000000  6.0329599923e-08  6.1007561124e-08    0.026594444444   0.0065944444444
 5.9083539321e-08 -1.0268544053e-10  9.2603279427e-06      0.0000000000  6.0566068545e-08  6.0617159648e-08    0.026605555556   0.0066055555556
 5.9611692400e-08 -8.2513797074e-11  9.2606729558e-06      0.0000000000  6.0802991915e-08  6.0829961547e-08    0.026616666667   0.0066166666667
 5.9765960074e-08 -8.8238835316e-11  9.2610029583e-06      0.0000000000  6.1039915285e-08  6.1534967088e-08    0.026627777778   0.0066277777778
 6.0145872426e-08 -7.8334891136e-11  9.2613329504e-06      0.0000000000  6.1276838655e-08  6.1298550231e-08    0.026638888889   0.0066388888889
 6.0485533695e-08 -7.1187387973e-11  9.2616629599e-06      0.0000000000  6.1513307277e-08  6.1724735757e-08    0.026650000000   0.0066500000000
 6.0892905347e-08 -5.9381511477e-11  9.2619929519e-06      0.0000000000  6.1750230647e-08  6.1532011288e-08    0.026661111111   0.0066611111111
 6.1147459634e-08 -5.8160329140e-11  9.2623229579e-06      0.0000000000  6.1987154017e-08  6.1706922343e-08    0.026672222222   0.0066722222222
 6.1308890847e-08 -6.3389194229e-11  9.2626529534e-06      0.0000000000  6.2224077387e-08  6.1414628282e-08    0.026683333333   0.0066833333333
 6.1406250185e-08 -7.3055913726e-11  9.2629829560e-06      0.0000000000  6.2461000756e-08  6.2119680990e-08    0.026694444444   0.0066944444444
 6.1537867651e-08 -8.0349788890e-11  9.2633279411e-06      0.0000000000  6.2697924126e-08  6.2385451460e-08    0.026705555556   0.0067055555556
 6.2040375854e-08 -6.1985901529e-11  9.2636729542e-06      0.0000000000  6.2935302243e-08  6.2747992946e-08    0.026716666667   0.0067166666667
 6.2139326822e-08 -7.1542378831e-11  9.2640029602e-06      0.0000000000  6.3172225613e-08  6.2313584635e-08    0.026727777778   0.0067277777778
 6.2120481105e-08 -8.9257888902e-11  9.2643329523e-06      0.0000000000  6.3409148983e-08  6.3336873268e-08    0.026738888889   0.0067388888889
 6.2420005031e-08 -8.4921943553e-11  9.2646629583e-06      0.0000000000  6.3646072353e-08  6.3675689740e-08    0.026750000000   0.0067500000000
 6.2711569736e-08 -8.1137283202e-11  9.2649929538e-06      0.0000000000  6.3882995723e-08  6.3540398986e-08    0.026761111111   0.0067611111111
 6.3031844935e-08 -7.5395525648e-11  9.2653229563e-06      0.0000000000  6.4120373840e-08  6.3209946801e-08    0.026772222222   0.0067722222222
 6.2956886562e-08 -9.6997605129e-11  9.2656529588e-06      0.0000000000  6.4357297210e-08  6.3656697151e-08    0.026783333333   0.0067833333333
 6.3061466042e-08 -1.0619572838e-10  9.2659829509e-06      0.0000000000  6.4594675327e-08  6.5454546966e-08    0.026794444444   0.0067944444444
 6.3422011376e-08 -9.7633215365e-11  9.2663279465e-06      0.0000000000  6.4831598697e-08  6.4534506953e-08    0.026805555556   0.0068055555556
 6.3545502897e-08 -1.0548992348e-10  9.2666729491e-06      0.0000000000  6.5068522066e-08  6.4718222520e-08    0.026816666667   0.0068166666667
 6.3374692634e-08 -1.3376255575e-10  9.2670029586e-06      0.0000000000  6.5305900183e-08  6.5890433178e-08    0.026827777778   0.0068277777778
 6.3722824973e-08 -1.2609130996e-10  9.2673329507e-06      0.0000000000  6.5543278301e-08  6.6552956950e-08    0.026838888889   0.0068388888889
 6.4136166375e-08 -1.1387194658e-10  9.2676629532e-06      0.0000000000  6.5780201670e-08  6.6252377215e-08    0.026850000000   0.0068500000000
 6.4442512603e-08 -1.0909496091e-10  9.2679929522e-06      0.0000000000  6.6017579788e-08  6.6453324469e-08    0.026861111111   0.0068611111111
 6.4410534131e-08 -1.2772009400e-10  9.2683229547e-06      0.0000000000  6.6254503157e-08  6.6037893024e-08    0.026872222222   0.0068722222222
 6.4306183591e-08 -1.5138948082e-10  9.2686529537e-06      0.0000000000  6.6491881275e-08  6.6614384141e-08    0.026883333333   0.0068833333333
 6.5067798652e-08 -1.1507889705e-10  9.2689829528e-06      0.0000000000  6.6729259392e-08  6.6502425343e-08    0.026894444444   0.0068944444444
 6.5155034250e-08 -1.2547832156e-10  9.2693279449e-06      0.0000000000  6.6966637509e-08  6.6658563922e-08    0.026905555556   0.0069055555556
 6.4898495570e-08 -1.5968882013e-10  9.2696729510e-06      0.0000000000  6.7204015626e-08  6.8361733794e-08    0.026916666667   0.0069166666667
 6.5599222551e-08 -1.2759556937e-10  9.2700029570e-06      0.0000000000  6.7441393743e-08  6.8042019968e-08    0.026927777778   0.0069277777778
 6.5853776838e-08 -1.2637438704e-10  9.2703329526e-06      0.0000000000  6.7678317113e-08  6.7655454743e-08    0.026938888889   0.0069388888889
 6.5979448561e-08 -1.3411158376e-10  9.2706629551e-06      0.0000000000  6.7915695230e-08  6.8486144687e-08    0.026950000000   0.0069500000000
 6.6386081402e-08 -1.2238837751e-10  9.2709929576e-06      0.0000000000  6.8153073347e-08  6.6854873085e-08    0.026961111111   0.0069611111111
 6.6464054403e-08 -1.3346086112e-10  9.2713229496e-06      0.0000000000  6.8390906212e-08  6.8010575284e-08    0.026972222222   0.0069722222222
 6.6795870459e-08 -1.2691974124e-10  9.2716529591e-06      0.0000000000  6.8628284329e-08  6.7323398879e-08    0.026983333333   0.0069833333333
 6.7228768809e-08 -1.1337728895e-10  9.2719829512e-06      0.0000000000  6.8865662446e-08  6.9350810611e-08    0.026994444444   0.0069944444444
 6.7295442797e-08 -1.2520088641e-10  9.2723279433e-06      0.0000000000  6.9103040563e-08  6.9498820739e-08    0.027005555556   0.0070055555556
 6.7457825956e-08 -1.3039531369e-10  9.2726729494e-06      0.0000000000  6.9340418681e-08  6.8652754346e-08    0.027016666667   0.0070166666667
 6.7825458641e-08 -1.2137340208e-10  9.2730029589e-06      0.0000000000  6.9577796798e-08  6.8497024547e-08    0.027027777778   0.0070277777778
 6.8068983920e-08 -1.2097912443e-10  9.2733329510e-06      0.0000000000  6.9815629662e-08  7.0166454273e-08    0.027038888889   0.0070388888889
 6.8234849590e-08 -1.2593234024e-10  9.2736629535e-06      0.0000000000  7.0053007779e-08  7.0838615841e-08    0.027050000000   0.0070500000000
 6.8316347356e-08 -1.3672918813e-10  9.2739929560e-06      0.0000000000  7.0290385897e-08  7.1396035757e-08    0.027061111111   0.0070611111111
 6.8746517157e-08 -1.2340722270e-10  9.2743229515e-06      0.0000000000  7.0528218761e-08  6.9674565079e-08    0.027072222222   0.0070722222222
 6.9081516741e-08 -1.1664559993e-10  9.2746529575e-06      0.0000000000  7.0765596878e-08  7.1155688314e-08    0.027083333333   0.0070833333333
 6.9147551044e-08 -1.2854500179e-10  9.2749829530e-06      0.0000000000  7.1003429743e-08  7.2098258443e-08    0.027094444444   0.0070944444444
 6.9308077791e-08 -1.3386801104e-10  9.2753279417e-06      0.0000000000  7.1240807860e-08  7.1066605524e-08    0.027105555556   0.0071055555556
 6.9831933895e-08 -1.1405698684e-10  9.2756729548e-06      0.0000000000  7.1478640724e-08  7.1196487792e-08    0.027116666667   0.0071166666667
 6.9882788567e-08 -1.2697628845e-10  9.2760029538e-06      0.0000000000  7.1716018842e-08  7.0516182050e-08    0.027127777778   0.0071277777778
 7.0115171097e-08 -1.2735379870e-10  9.2763329563e-06      0.0000000000  7.1953851706e-08  7.1021623903e-08    0.027138888889   0.0071388888889
 7.0295420449e-08 -1.3134224511e-10  9.2766629554e-06      0.0000000000  7.2191684571e-08  7.2540763761e-08    0.027150000000   0.0071500000000
 7.0406367253e-08 -1.4009934406e-10  9.2769929579e-06      0.0000000000  7.2429062688e-08  7.2922077723e-08    0.027161111111   0.0071611111111
 7.0815445078e-08 -1.2823828665e-10  9.2773229499e-06      0.0000000000  7.2666895552e-08  7.3749937645e-08    0.027172222222   0.0071722222222
 7.1127419819e-08 -1.2310294692e-10  9.2776529594e-06      0.0000000000  7.2904728417e-08  7.3122773420e-08    0.027183333333   0.0071833333333
 7.1272648491e-08 -1.2951705472e-10  9.2779829514e-06      0.0000000000  7.3142561281e-08  7.4103753231e-08    0.027194444444   0.0071944444444
 7.1589930092e-08 -1.2401414231e-10  9.2783279436e-06      0.0000000000  7.3380394146e-08  7.3561222373e-08    0.027205555556   0.0072055555556
 7.1888241178e-08 -1.1982519767e-10  9.2786729532e-06      0.0000000000  7.3618227010e-08  7.4284072772e-08    0.027216666667   0.0072166666667
 7.2096347937e-08 -1.2188413734e-10  9.2790029522e-06      0.0000000000  7.3856059875e-08  7.4374224681e-08    0.027227777778   0.0072277777778
 7.2307240383e-08 -1.2375013003e-10  9.2793329617e-06      0.0000000000  7.4093892739e-08  7.4273051410e-08    0.027238888889   0.0072388888889
 7.2671348303e-08 -1.1500385414e-10  9.2796629503e-06      0.0000000000  7.4331725604e-08  7.3945303467e-08    0.027250000000   0.0072500000000
 7.2957853483e-08 -1.1163263010e-10  9.2799929563e-06      0.0000000000  7.4569558468e-08  7.3748601246e-08    0.027261111111   0.0072611111111
 7.3223266954e-08 -1.0972229558e-10  9.2803229553e-06      0.0000000000  7.4807391333e-08  7.5133865361e-08    0.027272222222   0.0072722222222
 7.3482312835e-08 -1.0825300386e-10  9.2806529543e-06      0.0000000000  7.5045224197e-08  7.6191129976e-08    0.027283333333   0.0072833333333
 7.3695593127e-08 -1.0995360550e-10  9.2809829568e-06      0.0000000000  7.5283057062e-08  7.5147355130e-08    0.027294444444   0.0072944444444
 7.3982496683e-08 -1.0655478853e-10  9.2813279420e-06      0.0000000000  7.5520889926e-08  7.4678310499e-08    0.027305555556   0.0073055555556
 7.4339896041e-08 -9.8304669756e-11  9.2816729551e-06      0.0000000000  7.5759177538e-08  7.4937005916e-08    0.027316666667   0.0073166666667
 7.4480349021e-08 -1.0504955966e-10  9.2820029541e-06      0.0000000000  7.5997010403e-08  7.5773041455e-08    0.027327777778   0.0073277777778
 7.4501811525e-08 -1.2003616861e-10  9.2823329601e-06      0.0000000000  7.6234843267e-08  7.6781283808e-08    0.027338888889   0.0073388888889
 7.4963477241e-08 -1.0456417750e-10  9.2826629487e-06      0.0000000000  7.6473130879e-08  7.6781283808e-08    0.027350000000   0.0073500000000
 7.5261125437e-08 -1.0042114707e-10  9.2829929582e-06      0.0000000000  7.6710963744e-08  7.6326436452e-08    0.027361111111   0.0073611111111
 7.5247624133e-08 -1.1786097580e-10  9.2833229537e-06      0.0000000000  7.6949251356e-08  7.6987529491e-08    0.027372222222   0.0073722222222
 7.5500302690e-08 -1.1683270838e-10  9.2836529527e-06      0.0000000000  7.7187084220e-08  7.7689830789e-08    0.027383333333   0.0073833333333
 7.6095285692e-08 -9.2126670436e-11  9.2839829622e-06      0.0000000000  7.7425371832e-08  7.7651452552e-08    0.027394444444   0.0073944444444
 7.6174055176e-08 -1.0314398669e-10  9.2843279369e-06      0.0000000000  7.7663204696e-08  7.8520253452e-08    0.027405555556   0.0074055555556
 7.6113992068e-08 -1.2380885764e-10  9.2846729605e-06      0.0000000000  7.7901492308e-08  7.6982073838e-08    0.027416666667   0.0074166666667
 7.6554167699e-08 -1.0982534898e-10  9.2850029525e-06      0.0000000000  7.8139779920e-08  7.7449294678e-08    0.027427777778   0.0074277777778
 7.6823560648e-08 -1.0763938122e-10  9.2853329550e-06      0.0000000000  7.8377612785e-08  7.8327780541e-08    0.027438888889   0.0074388888889
 7.7065551167e-08 -1.0738290416e-10  9.2856629540e-06      0.0000000000  7.8615900397e-08  7.8808569761e-08    0.027450000000   0.0074500000000
 7.7299184625e-08 -1.0770526803e-10  9.2859929566e-06      0.0000000000  7.8854188008e-08  7.8300329332e-08    0.027461111111   0.0074611111111
 7.7438500953e-08 -1.1456038409e-10  9.2863229556e-06      0.0000000000  7.9092475620e-08  7.9100973879e-08    0.027472222222   0.0074722222222
 7.7713465276e-08 -1.1198852238e-10  9.2866529546e-06      0.0000000000  7.9330308485e-08  7.9514691588e-08    0.027483333333   0.0074833333333
 7.8167171770e-08 -9.7067816275e-11  9.2869829606e-06      0.0000000000  7.9568596097e-08  7.8826194507e-08    0.027494444444   0.0074944444444
 7.8250607895e-08 -1.0779340125e-10  9.2873279353e-06      0.0000000000  7.9806883709e-08  7.9386711724e-08    0.027505555556   0.0075055555556
 7.8399640730e-08 -1.1397551620e-10  9.2876729589e-06      0.0000000000  8.0045171320e-08  7.9450591600e-08    0.027516666667   0.0075166666667
 7.8895929017e-08 -9.6105438139e-11  9.2880029474e-06      0.0000000000  8.0283458932e-08  7.9696473307e-08    0.027527777778   0.0075277777778
 7.9279594152e-08 -8.6036054817e-11  9.2883329569e-06      0.0000000000  8.0521746544e-08  8.0367219865e-08    0.027538888889   0.0075388888889
 7.9548248289e-08 -8.3932757291e-11  9.2886629524e-06      0.0000000000  8.0760034156e-08  8.2022923986e-08    0.027550000000   0.0075500000000
 7.9863861804e-08 -7.8576880130e-11  9.2889929515e-06      0.0000000000  8.0998321768e-08  8.1699106629e-08    0.027561111111   0.0075611111111
 8.0225298045e-08 -7.0078649498e-11  9.2893229610e-06      0.0000000000  8.1237064127e-08  8.0666337423e-08    0.027572222222   0.0075722222222
 8.0179561749e-08 -8.9751192651e-11  9.2896529460e-06      0.0000000000  8.1475351739e-08  8.0391715274e-08    0.027583333333   0.0075833333333
 8.0362653926e-08 -9.3574231981e-11  9.2899829555e-06      0.0000000000  8.1713639351e-08  8.1036567134e-08    0.027594444444   0.0075944444444
 8.0622917870e-08 -9.2052070158e-11  9.2903279407e-06      0.0000000000  8.1951926963e-08  8.1630682996e-08    0.027605555556   0.0076055555556
 8.0663629485e-08 -1.0576840972e-10  9.2906729538e-06      0.0000000000  8.2190669322e-08  8.2132115652e-08    0.027616666667   0.0076166666667
 8.0894476988e-08 -1.0628373906e-10  9.2910029528e-06      0.0000000000  8.2428956934e-08  8.2271525659e-08    0.027627777778   0.0076277777778
 8.1013099181e-08 -1.1457220723e-10  9.2913329553e-06      0.0000000000  8.2667244546e-08  8.2267374960e-08    0.027638888889   0.0076388888889
 8.1011593980e-08 -1.3121263911e-10  9.2916629543e-06      0.0000000000  8.2905986905e-08  8.2196388586e-08    0.027650000000   0.0076500000000
 8.1289003020e-08 -1.2850294474e-10  9.2919929499e-06      0.0000000000  8.3144274517e-08  8.2630796897e-08    0.027661111111   0.0076611111111
 8.1636908665e-08 -1.2094189305e-10  9.2923229594e-06      0.0000000000  8.3383016876e-08  8.4436712275e-08    0.027672222222   0.0076722222222
 8.1771847408e-08 -1.2810021679e-10  9.2926529479e-06      0.0000000000  8.3621304488e-08  8.3625329367e-08    0.027683333333   0.0076833333333
 8.2101446497e-08 -1.2180714466e-10  9.2929829539e-06      0.0000000000  8.3860046847e-08  8.3382041846e-08    0.027694444444   0.0076944444444
 8.2316972988e-08 -1.2338366385e-10  9.2933279391e-06      0.0000000000  8.4098334459e-08  8.4110112063e-08    0.027705555556   0.0077055555556
 8.2476841000e-08 -1.2884679194e-10  9.2936729522e-06      0.0000000000  8.4337076818e-08  8.4264505462e-08    0.027716666667   0.0077166666667
 8.2830318020e-08 -1.2089984631e-10  9.2940029582e-06      0.0000000000  8.4575819177e-08  8.4494067378e-08    0.027727777778   0.0077277777778
 8.3345708544e-08 -1.0170667684e-10  9.2943329502e-06      0.0000000000  8.4814106789e-08  8.4308229295e-08    0.027738888889   0.0077388888889
 8.3494632861e-08 -1.0792780561e-10  9.2946629597e-06      0.0000000000  8.5052849148e-08  8.4466663336e-08    0.027750000000   0.0077500000000
 8.3717180441e-08 -1.0904951577e-10  9.2949929517e-06      0.0000000000  8.5291591508e-08  8.3749598759e-08    0.027761111111   0.0077611111111
 8.4130351752e-08 -9.6967923401e-11  9.2953229543e-06      0.0000000000  8.5530333867e-08  8.5151041164e-08    0.027772222222   0.0077722222222
 8.4540737375e-08 -8.5079278006e-11  9.2956529533e-06      0.0000000000  8.5769076226e-08  8.5138903516e-08    0.027783333333   0.0077833333333
 8.4842820027e-08 -8.0660598295e-11  9.2959829558e-06      0.0000000000  8.6007363838e-08  8.5952849165e-08    0.027794444444   0.0077944444444
 8.5007563928e-08 -8.5786004410e-11  9.2963279375e-06      0.0000000000  8.6246106197e-08  8.6674488944e-08    0.027805555556   0.0078055555556
 8.5307813105e-08 -8.1525815367e-11  9.2966729541e-06      0.0000000000  8.6484848556e-08  8.5674186374e-08    0.027816666667   0.0078166666667
 8.5542299383e-08 -8.1820607280e-11  9.2970029566e-06      0.0000000000  8.6723590916e-08  8.5748002770e-08    0.027827777778   0.0078277777778
 8.5883439597e-08 -7.4728154317e-11  9.2973329486e-06      0.0000000000  8.6962333275e-08  8.6471953733e-08    0.027838888889   0.0078388888889
 8.6044359750e-08 -8.0149904735e-11  9.2976629581e-06      0.0000000000  8.7201530381e-08  8.6679693039e-08    0.027850000000   0.0078500000000
 8.6008629818e-08 -9.9160867653e-11  9.2979929501e-06      0.0000000000  8.7440272741e-08  8.7917355807e-08    0.027861111111   0.0078611111111
 8.6293259268e-08 -9.5982558530e-11  9.2983229527e-06      0.0000000000  8.7679015100e-08  8.6950085878e-08    0.027872222222   0.0078722222222
 8.6465663408e-08 -1.0057738823e-10  9.2986529587e-06      0.0000000000  8.7917757459e-08  8.7390091343e-08    0.027883333333   0.0078833333333
 8.6612995828e-08 -1.0690877770e-10  9.2989829507e-06      0.0000000000  8.8156499818e-08  8.7649557154e-08    0.027894444444   0.0078944444444
 8.6590896419e-08 -1.2497564031e-10  9.2993279428e-06      0.0000000000  8.8395242177e-08  8.8292349387e-08    0.027905555556   0.0079055555556
 8.6821360163e-08 -1.2558054523e-10  9.2996729525e-06      0.0000000000  8.8634439284e-08  8.9072885060e-08    0.027916666667   0.0079166666667
 8.6926110790e-08 -1.3486130666e-10  9.3000029550e-06      0.0000000000  8.8873181643e-08  8.8523766540e-08    0.027927777778   0.0079277777778
 8.6961672878e-08 -1.4896581892e-10  9.3003329505e-06      0.0000000000  8.9112378750e-08  8.8568842495e-08    0.027938888889   0.0079388888889
 8.7251078021e-08 -1.4545672770e-10  9.3006629565e-06      0.0000000000  8.9351121109e-08  9.0481135239e-08    0.027950000000   0.0079500000000
 8.7509044121e-08 -1.4412522054e-10  9.3009929520e-06      0.0000000000  8.9589863468e-08  9.0501715785e-08    0.027961111111   0.0079611111111
 8.7510779586e-08 -1.6057268941e-10  9.3013229545e-06      0.0000000000  8.9829060575e-08  8.9215015032e-08    0.027972222222   0.0079722222222
 8.7897685387e-08 -1.5031034309e-10  9.3016529571e-06      0.0000000000  9.0067802934e-08  9.0181954792e-08    0.027983333333   0.0079833333333
 8.8355883475e-08 -1.3514152760e-10  9.3019829491e-06      0.0000000000  9.0307000041e-08  9.2181710924e-08    0.027994444444   0.0079944444444
 8.8827214585e-08 -1.1906307058e-10  9.3023279482e-06      0.0000000000  9.0546197147e-08  9.1032061827e-08    0.028005555556   0.0080055555556
 8.9114231615e-08 -1.1571938892e-10  9.3026729474e-06      0.0000000000  9.0784939506e-08  9.1087656029e-08    0.028016666667   0.0080166666667
 8.9348376922e-08 -1.1606929515e-10  9.3030029569e-06      0.0000000000  9.1024136613e-08  9.1177807938e-08    0.028027777778   0.0080277777778
 8.9611971267e-08 -1.1437945244e-10  9.3033329489e-06      0.0000000000  9.1263333719e-08  9.1125892765e-08    0.028038888889   0.0080388888889
 9.0014795778e-08 -1.0301451762e-10  9.3036629514e-06      0.0000000000  9.1502076079e-08  9.2595633024e-08    0.028050000000   0.0080500000000
 9.0245757290e-08 -1.0358494525e-10  9.3039929574e-06      0.0000000000  9.1741273185e-08  9.1095831647e-08    0.028061111111   0.0080611111111
 9.0406677711e-08 -1.0900667716e-10  9.3043229494e-06      0.0000000000  9.1980470292e-08  9.1669649965e-08    0.028072222222   0.0080722222222
 9.0624108627e-08 -1.1051428374e-10  9.3046529555e-06      0.0000000000  9.2219667398e-08  9.1927700766e-08    0.028083333333   0.0080833333333
 9.0888498921e-08 -1.0876931069e-10  9.3049829510e-06      0.0000000000  9.2458864505e-08  9.1698186016e-08    0.028094444444   0.0080944444444
 9.1224224559e-08 -1.0208338870e-10  9.3053279431e-06      0.0000000000  9.2698061611e-08  9.2990263810e-08    0.028105555556   0.0081055555556
 9.1414096248e-08 -1.0549984896e-10  9.3056729493e-06      0.0000000000  9.2937258718e-08  9.3514934087e-08    0.028116666667   0.0081166666667
 9.1615949693e-08 -1.0805491122e-10  9.3060029553e-06      0.0000000000  9.3176001077e-08  9.2187260911e-08    0.028127777778   0.0081277777778
 9.1746283889e-08 -1.1562665524e-10  9.3063329508e-06      0.0000000000  9.3415652931e-08  9.3277196553e-08    0.028138888889   0.0081388888889
 9.1937847137e-08 -1.1892595194e-10  9.3066629533e-06      0.0000000000  9.3654850038e-08  9.3616013024e-08    0.028150000000   0.0081500000000
 9.2084042905e-08 -1.2536756758e-10  9.3069929558e-06      0.0000000000  9.3894047144e-08  9.3538155986e-08    0.028161111111   0.0081611111111
 9.2507220314e-08 -1.1262441348e-10  9.3073229478e-06      0.0000000000  9.4133244251e-08  9.4040846429e-08    0.028172222222   0.0081722222222
 9.2712314424e-08 -1.1498651273e-10  9.3076529573e-06      0.0000000000  9.4372441357e-08  9.3325165418e-08    0.028183333333   0.0081833333333
 9.2836622000e-08 -1.2294418524e-10  9.3079829494e-06      0.0000000000  9.4611638464e-08  9.4663734177e-08    0.028194444444   0.0081944444444
 9.3124194203e-08 -1.1959354767e-10  9.3083279415e-06      0.0000000000  9.4850835571e-08  9.5664901476e-08    0.028205555556   0.0082055555556
 9.3513501932e-08 -1.0922782995e-10  9.3086729546e-06      0.0000000000  9.5090487425e-08  9.4819448253e-08    0.028216666667   0.0082166666667
 9.3712626560e-08 -1.1200339758e-10  9.3090029502e-06      0.0000000000  9.5329684531e-08  9.4860467844e-08    0.028227777778   0.0082277777778
 9.3854046635e-08 -1.1877579531e-10  9.3093329527e-06      0.0000000000  9.5568881638e-08  9.6696255671e-08    0.028238888889   0.0082388888889
 9.4447608886e-08 -9.4262656254e-11  9.3096629517e-06      0.0000000000  9.5808533492e-08  9.6313793978e-08    0.028250000000   0.0082500000000
 9.4737071167e-08 -9.0781104921e-11  9.3099929542e-06      0.0000000000  9.6047730598e-08  9.5219581859e-08    0.028261111111   0.0082611111111
 9.4551821141e-08 -1.2021137590e-10  9.3103229497e-06      0.0000000000  9.6287382452e-08  9.5746940657e-08    0.028272222222   0.0082722222222
 9.4987733463e-08 -1.0658615470e-10  9.3106529557e-06      0.0000000000  9.6526579559e-08  9.5673234317e-08    0.028283333333   0.0082833333333
 9.5276456666e-08 -1.0318729212e-10  9.3109829513e-06      0.0000000000  9.6766231413e-08  9.6943410888e-08    0.028294444444   0.0082944444444
 9.5349195629e-08 -1.1471679692e-10  9.3113279399e-06      0.0000000000  9.7005428519e-08  9.8534590517e-08    0.028305555556   0.0083055555556
 9.5480557425e-08 -1.2221736561e-10  9.3116729530e-06      0.0000000000  9.7245080373e-08  9.7141512398e-08    0.028316666667   0.0083166666667
 9.5662626692e-08 -1.2620574790e-10  9.3120029521e-06      0.0000000000  9.7484732227e-08  9.7772544320e-08    0.028327777778   0.0083277777778
 9.5839067447e-08 -1.3055248425e-10  9.3123329581e-06      0.0000000000  9.7723929333e-08  9.8391359981e-08    0.028338888889   0.0083388888889
 9.6005616113e-08 -1.3561588061e-10  9.3126629466e-06      0.0000000000  9.7963581187e-08  9.7910476427e-08    0.028350000000   0.0083500000000
 9.6136746258e-08 -1.4313249429e-10  9.3129929561e-06      0.0000000000  9.8203233041e-08  9.8086582380e-08    0.028361111111   0.0083611111111
 9.6327115716e-08 -1.4651447726e-10  9.3133229516e-06      0.0000000000  9.8442430148e-08  9.9406032771e-08    0.028372222222   0.0083722222222
 9.6721696907e-08 -1.3578350015e-10  9.3136529506e-06      0.0000000000  9.8682082002e-08  9.8210898939e-08    0.028383333333   0.0083833333333
 9.6804275777e-08 -1.4666295417e-10  9.3139829532e-06      0.0000000000  9.8921733856e-08  9.7932361927e-08    0.028394444444   0.0083944444444
 9.6993342928e-08 -1.5016663723e-10  9.3143279383e-06      0.0000000000  9.9161385710e-08  9.8845185385e-08    0.028405555556   0.0084055555556
 9.7407589585e-08 -1.3807355738e-10  9.3146729514e-06      0.0000000000  9.9401037564e-08  9.8814684041e-08    0.028416666667   0.0084166666667
 9.7450372083e-08 -1.5170945489e-10  9.3150029504e-06      0.0000000000  9.9640689417e-08  9.8945855541e-08    0.028427777778   0.0084277777778
 9.7799983634e-08 -1.4409324079e-10  9.3153329599e-06      0.0000000000  9.9880341271e-08  9.9485336265e-08    0.028438888889   0.0084388888889
 9.8110594495e-08 -1.3917835834e-10  9.3156629485e-06      0.0000000000  1.0011999313e-07  1.0068723070e-07    0.028450000000   0.0084500000000
 9.8426379156e-08 -1.3390511936e-10  9.3159929545e-06      0.0000000000  1.0035964498e-07  1.0119951178e-07    0.028461111111   0.0084611111111
 9.8990094261e-08 -1.1145930367e-10  9.3163229535e-06      0.0000000000  1.0059929683e-07  1.0178678842e-07    0.028472222222   0.0084722222222
 9.9106499754e-08 -1.1999580107e-10  9.3166529525e-06      0.0000000000  1.0083894869e-07  1.0108203444e-07    0.028483333333   0.0084833333333
 9.9425070103e-08 -1.1452961512e-10  9.3169829585e-06      0.0000000000  1.0107860054e-07  1.0066147751e-07    0.028494444444   0.0084944444444
 9.9817519906e-08 -1.0397776323e-10  9.3173279332e-06      0.0000000000  1.0131870714e-07  1.0141937301e-07    0.028505555556   0.0085055555556
 1.0032532088e-07 -8.5404766747e-11  9.3176729568e-06      0.0000000000  1.0155835900e-07  1.0208453813e-07    0.028516666667   0.0085166666667
 1.0061762572e-07 -8.1757826839e-11  9.3180029488e-06      0.0000000000  1.0179801085e-07  1.0229763876e-07    0.028527777778   0.0085277777778
 1.0078940505e-07 -8.6490425070e-11  9.3183329548e-06      0.0000000000  1.0203811745e-07  1.0202993444e-07    0.028538888889   0.0085388888889
 1.0087078987e-07 -9.7452583861e-11  9.3186629504e-06      0.0000000000  1.0227776931e-07  1.0253798620e-07    0.028550000000   0.0085500000000
 1.0123194227e-07 -8.9037007442e-11  9.3189929494e-06      0.0000000000  1.0251742116e-07  1.0343137684e-07    0.028561111111   0.0085611111111
 1.0150798770e-07 -8.6547751849e-11  9.3193229519e-06      0.0000000000  1.0275752776e-07  1.0210645508e-07    0.028572222222   0.0085722222222
 1.0166936283e-07 -9.1969486237e-11  9.3196529509e-06      0.0000000000  1.0299717961e-07  1.0383023694e-07    0.028583333333   0.0085833333333
 1.0196610240e-07 -8.8046878547e-11  9.3199829534e-06      0.0000000000  1.0323728622e-07  1.0307341056e-07    0.028594444444   0.0085944444444
 1.0216326129e-07 -9.0990097471e-11  9.3203279351e-06      0.0000000000  1.0347693807e-07  1.0298195370e-07    0.028605555556   0.0086055555556
 1.0248072759e-07 -8.5631879912e-11  9.3206729587e-06      0.0000000000  1.0371704467e-07  1.0340133145e-07    0.028616666667   0.0086166666667
 1.0272169546e-07 -8.5540727312e-11  9.3210029437e-06      0.0000000000  1.0395669652e-07  1.0361429057e-07    0.028627777778   0.0086277777778
 1.0295714857e-07 -8.5863045563e-11  9.3213329532e-06      0.0000000000  1.0419680313e-07  1.0445565599e-07    0.028638888889   0.0086388888889
 1.0318424461e-07 -8.6764204734e-11  9.3216629523e-06      0.0000000000  1.0443690973e-07  1.0478889103e-07    0.028650000000   0.0086500000000
 1.0350241712e-07 -8.1325574704e-11  9.3219929513e-06      0.0000000000  1.0467656158e-07  1.0490786199e-07    0.028661111111   0.0086611111111
 1.0379358504e-07 -7.7788879466e-11  9.3223229573e-06      0.0000000000  1.0491666818e-07  1.0458006688e-07    0.028672222222   0.0086722222222
 1.0401829324e-07 -7.8855429688e-11  9.3226529458e-06      0.0000000000  1.0515677478e-07  1.0489283143e-07    0.028683333333   0.0086833333333
 1.0428757323e-07 -7.6834772820e-11  9.3229829553e-06      0.0000000000  1.0539688138e-07  1.0637337294e-07    0.028694444444   0.0086944444444
 1.0424625341e-07 -9.6295907114e-11  9.3233279370e-06      0.0000000000  1.0563653324e-07  1.0490998450e-07    0.028705555556   0.0087055555556
 1.0441179768e-07 -1.0146036901e-10  9.3236729536e-06      0.0000000000  1.0587663984e-07  1.0531486626e-07    0.028716666667   0.0087166666667
 1.0471570052e-07 -9.7041606672e-11  9.3240029491e-06      0.0000000000  1.0611674644e-07  1.0628180602e-07    0.028727777778   0.0087277777778
 1.0465546785e-07 -1.1784421162e-10  9.3243329516e-06      0.0000000000  1.0635685304e-07  1.0678852138e-07    0.028738888889   0.0087388888889
 1.0475879746e-07 -1.2731789044e-10  9.3246629507e-06      0.0000000000  1.0659695964e-07  1.0716010321e-07    0.028750000000   0.0087500000000
 1.0494052576e-07 -1.3136138705e-10  9.3249929497e-06      0.0000000000  1.0683706625e-07  1.0720091841e-07    0.028761111111   0.0087611111111
 1.0521856119e-07 -1.2873429633e-10  9.3253229592e-06      0.0000000000  1.0707717285e-07  1.0774734841e-07    0.028772222222   0.0087722222222
 1.0532985002e-07 -1.3765669015e-10  9.3256529442e-06      0.0000000000  1.0731727945e-07  1.0762306330e-07    0.028783333333   0.0087833333333
 1.0529031149e-07 -1.5702594301e-10  9.3259829537e-06      0.0000000000  1.0755738605e-07  1.0769129826e-07    0.028794444444   0.0087944444444
 1.0560219782e-07 -1.5208571184e-10  9.3263279354e-06      0.0000000000  1.0779794740e-07  1.0916684006e-07    0.028805555556   0.0088055555556
 1.0625355436e-07 -1.2360102479e-10  9.3266729520e-06      0.0000000000  1.0803805400e-07  1.0957749192e-07    0.028816666667   0.0088166666667
 1.0629599589e-07 -1.3729203662e-10  9.3270029545e-06      0.0000000000  1.0827816060e-07  1.0945455892e-07    0.028827777778   0.0088277777778
 1.0632928414e-07 -1.5161703822e-10  9.3273329465e-06      0.0000000000  1.0851826720e-07  1.0935349571e-07    0.028838888889   0.0088388888889
 1.0682784759e-07 -1.3374686150e-10  9.3276629560e-06      0.0000000000  1.0875882855e-07  1.0898751103e-07    0.028850000000   0.0088500000000
 1.0743221188e-07 -1.0851703036e-10  9.3279929481e-06      0.0000000000  1.0899893515e-07  1.0932752240e-07    0.028861111111   0.0088611111111
 1.0750649030e-07 -1.2000290220e-10  9.3283229541e-06      0.0000000000  1.0923904175e-07  1.0860651152e-07    0.028872222222   0.0088722222222
 1.0773364348e-07 -1.2093160126e-10  9.3286529496e-06      0.0000000000  1.0947960310e-07  1.0827717562e-07    0.028883333333   0.0088833333333
 1.0799018856e-07 -1.1979301149e-10  9.3289829521e-06      0.0000000000  1.0971970970e-07  1.0894655433e-07    0.028894444444   0.0088944444444
 1.0850288003e-07 -1.0094427568e-10  9.3293279373e-06      0.0000000000  1.0996027105e-07  1.0948732429e-07    0.028905555556   0.0089055555556
 1.0868241927e-07 -1.0513939463e-10  9.3296729504e-06      0.0000000000  1.1020037765e-07  1.1133394481e-07    0.028916666667   0.0089166666667
 1.0904169568e-07 -9.6916751631e-11  9.3300029564e-06      0.0000000000  1.1044093900e-07  1.1130938651e-07    0.028927777778   0.0089277777778
 1.0922620993e-07 -1.0076728276e-10  9.3303329484e-06      0.0000000000  1.1068104560e-07  1.0948193152e-07    0.028938888889   0.0089388888889
 1.0926870833e-07 -1.1448585299e-10  9.3306629544e-06      0.0000000000  1.1092160695e-07  1.0894094145e-07    0.028950000000   0.0089500000000
 1.0955828462e-07 -1.1105939994e-10  9.3309929500e-06      0.0000000000  1.1116171355e-07  1.1015390442e-07    0.028961111111   0.0089611111111
 1.1019096104e-07 -8.3900064538e-11  9.3313229525e-06      0.0000000000  1.1140227490e-07  1.1332783651e-07    0.028972222222   0.0089722222222
 1.1046348197e-07 -8.1686426160e-11  9.3316529550e-06      0.0000000000  1.1164283625e-07  1.1052680693e-07    0.028983333333   0.0089833333333
 1.1048648029e-07 -9.6755643704e-11  9.3319829470e-06      0.0000000000  1.1188339760e-07  1.1163581377e-07    0.028994444444   0.0089944444444
 1.1074418656e-07 -9.5536625435e-11  9.3323279392e-06      0.0000000000  1.1212350420e-07  1.1177589984e-07    0.029005555556   0.0090055555556
 1.1130048716e-07 -7.3667360830e-11  9.3326729523e-06      0.0000000000  1.1236406555e-07  1.1208636893e-07    0.029016666667   0.0090166666667
 1.1134577151e-07 -8.7192965575e-11  9.3330029548e-06      0.0000000000  1.1260462690e-07  1.1269285828e-07    0.029027777778   0.0090277777778
 1.1149810764e-07 -9.3303769523e-11  9.3333329468e-06      0.0000000000  1.1284518825e-07  1.1269685175e-07    0.029038888889   0.0090388888889
 1.1150240183e-07 -1.0966850403e-10  9.3336629563e-06      0.0000000000  1.1308574959e-07  1.1300832707e-07    0.029050000000   0.0090500000000
 1.1177890224e-07 -1.0717923241e-10  9.3339929484e-06      0.0000000000  1.1332631094e-07  1.1225846569e-07    0.029061111111   0.0090611111111
 1.1219429157e-07 -9.5070001495e-11  9.3343229509e-06      0.0000000000  1.1356687229e-07  1.1328549624e-07    0.029072222222   0.0090722222222
 1.1229807643e-07 -1.0454364578e-10  9.3346529569e-06      0.0000000000  1.1380743364e-07  1.1544481842e-07    0.029083333333   0.0090833333333
 1.1237280982e-07 -1.1602950159e-10  9.3349829489e-06      0.0000000000  1.1404799499e-07  1.1586273400e-07    0.029094444444   0.0090944444444
 1.1243500789e-07 -1.2838360026e-10  9.3353279446e-06      0.0000000000  1.1428855634e-07  1.1400922709e-07    0.029105555556   0.0091055555556
 1.1271648250e-07 -1.2554979634e-10  9.3356729472e-06      0.0000000000  1.1452911769e-07  1.1522759854e-07    0.029116666667   0.0091166666667
 1.1291140069e-07 -1.2871120982e-10  9.3360029532e-06      0.0000000000  1.1476967903e-07  1.1619453830e-07    0.029127777778   0.0091277777778
 1.1304781811e-07 -1.3592460227e-10  9.3363329522e-06      0.0000000000  1.1501024038e-07  1.1627101177e-07    0.029138888889   0.0091388888889
 1.1324995671e-07 -1.3861740099e-10  9.3366629512e-06      0.0000000000  1.1525125648e-07  1.1550618272e-07    0.029150000000   0.0091500000000
 1.1336448648e-07 -1.4734681331e-10  9.3369929537e-06      0.0000000000  1.1549181783e-07  1.1621496162e-07    0.029161111111   0.0091611111111
 1.1357651690e-07 -1.4932297052e-10  9.3373229458e-06      0.0000000000  1.1573237918e-07  1.1513326449e-07    0.029172222222   0.0091722222222
 1.1377820052e-07 -1.5201578528e-10  9.3376529553e-06      0.0000000000  1.1597294052e-07  1.1568106233e-07    0.029183333333   0.0091833333333
 1.1406351297e-07 -1.4894765670e-10  9.3379829473e-06      0.0000000000  1.1621395662e-07  1.1673257257e-07    0.029194444444   0.0091944444444
 1.1429637058e-07 -1.4948124567e-10  9.3383279395e-06      0.0000000000  1.1645451797e-07  1.1592232167e-07    0.029205555556   0.0092055555556
 1.1440405899e-07 -1.5871601275e-10  9.3386729456e-06      0.0000000000  1.1669553407e-07  1.1506646026e-07    0.029216666667   0.0092166666667
 1.1474861075e-07 -1.5151325347e-10  9.3390029551e-06      0.0000000000  1.1693609541e-07  1.1525486108e-07    0.029227777778   0.0092277777778
 1.1519310842e-07 -1.3741936943e-10  9.3393329471e-06      0.0000000000  1.1717711151e-07  1.1614397525e-07    0.029238888889   0.0092388888889
 1.1559775258e-07 -1.2605438899e-10  9.3396629496e-06      0.0000000000  1.1741767286e-07  1.1891906296e-07    0.029250000000   0.0092500000000
 1.1589062641e-07 -1.2246253134e-10  9.3399929521e-06      0.0000000000  1.1765868895e-07  1.1663295581e-07    0.029261111111   0.0092611111111
 1.1627497454e-07 -1.1250332857e-10  9.3403229477e-06      0.0000000000  1.1789925030e-07  1.1765454643e-07    0.029272222222   0.0092722222222
 1.1663749188e-07 -1.0408770406e-10  9.3406529537e-06      0.0000000000  1.1814026640e-07  1.1714770529e-07    0.029283333333   0.0092833333333
 1.1711740781e-07 -8.7540621216e-11  9.3409829492e-06      0.0000000000  1.1838128249e-07  1.1904619382e-07    0.029294444444   0.0092944444444
 1.1738518671e-07 -8.5655433144e-11  9.3413279379e-06      0.0000000000  1.1862184384e-07  1.2013364533e-07    0.029305555556   0.0093055555556
 1.1770110885e-07 -8.0467164145e-11  9.3416729510e-06      0.0000000000  1.1886285994e-07  1.1910626889e-07    0.029316666667   0.0093166666667
 1.1798522751e-07 -7.7481721845e-11  9.3420029500e-06      0.0000000000  1.1910387604e-07  1.1876199676e-07    0.029327777778   0.0093277777778
 1.1828526461e-07 -7.3393709550e-11  9.3423329525e-06      0.0000000000  1.1934489213e-07  1.1881669479e-07    0.029338888889   0.0093388888889
 1.1869593538e-07 -6.1642800627e-11  9.3426629515e-06      0.0000000000  1.1958590823e-07  1.1880042217e-07    0.029350000000   0.0093500000000
 1.1898755828e-07 -5.8106089360e-11  9.3429929540e-06      0.0000000000  1.1982646958e-07  1.2008672986e-07    0.029361111111   0.0093611111111
 1.1906911398e-07 -6.9150904840e-11  9.3433229461e-06      0.0000000000  1.2006748567e-07  1.2280729249e-07    0.029372222222   0.0093722222222
 1.1949610131e-07 -5.6269851494e-11  9.3436529556e-06      0.0000000000  1.2030850177e-07  1.1955287774e-07    0.029383333333   0.0093833333333
 1.1992308837e-07 -4.3388816655e-11  9.3439829476e-06      0.0000000000  1.2054951786e-07  1.1947351135e-07    0.029394444444   0.0093944444444
 1.1981581155e-07 -6.7512868237e-11  9.3443279398e-06      0.0000000000  1.2079053396e-07  1.2269734615e-07    0.029405555556   0.0094055555556
 1.1961023732e-07 -9.8445360788e-11  9.3446729494e-06      0.0000000000  1.2103155006e-07  1.2173243457e-07    0.029416666667   0.0094166666667
 1.1996559113e-07 -9.0525909433e-11  9.3450029484e-06      0.0000000000  1.2127256615e-07  1.2128183225e-07    0.029427777778   0.0094277777778
 1.2028512857e-07 -8.5087231313e-11  9.3453329579e-06      0.0000000000  1.2151358225e-07  1.2212439256e-07    0.029438888889   0.0094388888889
 1.2024894472e-07 -1.0431861945e-10  9.3456629464e-06      0.0000000000  1.2175505309e-07  1.2305304842e-07    0.029450000000   0.0094500000000
 1.2031418413e-07 -1.1649356085e-10  9.3459929524e-06      0.0000000000  1.2199606919e-07  1.2204925549e-07    0.029461111111   0.0094611111111
 1.2070455861e-07 -1.0614844810e-10  9.3463229515e-06      0.0000000000  1.2223708528e-07  1.2228413156e-07    0.029472222222   0.0094722222222
 1.2098429968e-07 -1.0346621348e-10  9.3466529505e-06      0.0000000000  1.2247810138e-07  1.2159176678e-07    0.029483333333   0.0094833333333
 1.2112242328e-07 -1.1062442501e-10  9.3469829530e-06      0.0000000000  1.2271957222e-07  1.2157269558e-07    0.029494444444   0.0094944444444
 1.2140876439e-07 -1.0748504707e-10  9.3473279382e-06      0.0000000000  1.2296058832e-07  1.2191132338e-07    0.029505555556   0.0095055555556
 1.2184069254e-07 -9.4261774716e-11  9.3476729513e-06      0.0000000000  1.2320160441e-07  1.2246030040e-07    0.029516666667   0.0095166666667
 1.2204845938e-07 -9.6596237894e-11  9.3480029503e-06      0.0000000000  1.2344307526e-07  1.2342724016e-07    0.029527777778   0.0095277777778
 1.2214513783e-07 -1.0659359522e-10  9.3483329563e-06      0.0000000000  1.2368409135e-07  1.2427939110e-07    0.029538888889   0.0095388888889
 1.2235523566e-07 -1.0873510895e-10  9.3486629448e-06      0.0000000000  1.2392510745e-07  1.2352544191e-07    0.029550000000   0.0095500000000
 1.2265214610e-07 -1.0489515795e-10  9.3489929543e-06      0.0000000000  1.2416657829e-07  1.2348860446e-07    0.029561111111   0.0095611111111
 1.2286184581e-07 -1.0706424611e-10  9.3493229499e-06      0.0000000000  1.2440759439e-07  1.2506467492e-07    0.029572222222   0.0095722222222
 1.2278825343e-07 -1.2888668669e-10  9.3496529489e-06      0.0000000000  1.2464906523e-07  1.2383006228e-07    0.029583333333   0.0095833333333
 1.2287663169e-07 -1.3949044334e-10  9.3499829584e-06      0.0000000000  1.2489053608e-07  1.2485979708e-07    0.029594444444   0.0095944444444
 1.2360418015e-07 -1.0579141833e-10  9.3503279331e-06      0.0000000000  1.2513155217e-07  1.2434489038e-07    0.029605555556   0.0096055555556
 1.2390735825e-07 -1.0151734589e-10  9.3506729566e-06      0.0000000000  1.2537302301e-07  1.2439947835e-07    0.029616666667   0.0096166666667
 1.2377765321e-07 -1.2722635588e-10  9.3510029487e-06      0.0000000000  1.2561449386e-07  1.2483374516e-07    0.029627777778   0.0096277777778
 1.2426154888e-07 -1.1040362128e-10  9.3513329512e-06      0.0000000000  1.2585550995e-07  1.2645759581e-07    0.029638888889   0.0096388888889
 1.2466192946e-07 -9.9396946808e-11  9.3516629502e-06      0.0000000000  1.2609698080e-07  1.2829295914e-07    0.029650000000   0.0096500000000
 1.2480960418e-07 -1.0589361264e-10  9.3519929527e-06      0.0000000000  1.2633845164e-07  1.2831347679e-07    0.029661111111   0.0096611111111
 1.2503846300e-07 -1.0676716780e-10  9.3523229517e-06      0.0000000000  1.2657992248e-07  1.2718261590e-07    0.029672222222   0.0096722222222
 1.2552281391e-07 -8.9944398664e-11  9.3526529508e-06      0.0000000000  1.2682139333e-07  1.2824524183e-07    0.029683333333   0.0096833333333
 1.2594064769e-07 -7.7697353601e-11  9.3529829568e-06      0.0000000000  1.2706240942e-07  1.2708436698e-07    0.029694444444   0.0096944444444
 1.2602823054e-07 -8.8356203585e-11  9.3533279315e-06      0.0000000000  1.2730388027e-07  1.2792002518e-07    0.029705555556   0.0097055555556
 1.2623122143e-07 -9.1021467372e-11  9.3536729550e-06      0.0000000000  1.2754535111e-07  1.2707892705e-07    0.029716666667   0.0097166666667
 1.2654763221e-07 -8.5830850545e-11  9.3540029471e-06      0.0000000000  1.2778682195e-07  1.2734924128e-07    0.029727777778   0.0097277777778
 1.2672276623e-07 -9.0425584064e-11  9.3543329531e-06      0.0000000000  1.2802829280e-07  1.2761692987e-07    0.029738888889   0.0097388888889
 1.2710643242e-07 -8.0576609934e-11  9.3546629556e-06      0.0000000000  1.2826976364e-07  1.2819048091e-07    0.029750000000   0.0097500000000
 1.2709014675e-07 -9.8429776327e-11  9.3549929476e-06      0.0000000000  1.2851123448e-07  1.2876815120e-07    0.029761111111   0.0097611111111
 1.2694855989e-07 -1.2499326296e-10  9.3553229571e-06      0.0000000000  1.2875316007e-07  1.3069361927e-07    0.029772222222   0.0097722222222
 1.2716866354e-07 -1.2647323347e-10  9.3556529492e-06      0.0000000000  1.2899463092e-07  1.2913147881e-07    0.029783333333   0.0097833333333
 1.2761281997e-07 -1.1243448225e-10  9.3559829517e-06      0.0000000000  1.2923610176e-07  1.2878181392e-07    0.029794444444   0.0097944444444
 1.2762847111e-07 -1.2807558729e-10  9.3563279368e-06      0.0000000000  1.2947757260e-07  1.2886151047e-07    0.029805555556   0.0098055555556
 1.2772550462e-07 -1.3807984995e-10  9.3566729499e-06      0.0000000000  1.2971904345e-07  1.3024855121e-07    0.029816666667   0.0098166666667
 1.2805629909e-07 -1.3192446373e-10  9.3570029490e-06      0.0000000000  1.2996096904e-07  1.3015016079e-07    0.029827777778   0.0098277777778
 1.2844076123e-07 -1.2202035925e-10  9.3573329515e-06      0.0000000000  1.3020243988e-07  1.2885833456e-07    0.029838888889   0.0098388888889
 1.2859520111e-07 -1.2804844486e-10  9.3576629505e-06      0.0000000000  1.3044391072e-07  1.2860165160e-07    0.029850000000   0.0098500000000
 1.2871228986e-07 -1.3669510431e-10  9.3579929460e-06      0.0000000000  1.3068583632e-07  1.3034692591e-07    0.029861111111   0.0098611111111
 1.2886712785e-07 -1.4269561549e-10  9.3583229555e-06      0.0000000000  1.3092730716e-07  1.2946199388e-07    0.029872222222   0.0098722222222
 1.2923612652e-07 -1.3389406498e-10  9.3586529441e-06      0.0000000000  1.3116923275e-07  1.3241564023e-07    0.029883333333   0.0098833333333
 1.2951791421e-07 -1.3110157213e-10  9.3589829536e-06      0.0000000000  1.3141070359e-07  1.3070875989e-07    0.029894444444   0.0098944444444
 1.2970613898e-07 -1.3482108836e-10  9.3593279352e-06      0.0000000000  1.3165262918e-07  1.3000317262e-07    0.029905555556   0.0099055555556
 1.2975402432e-07 -1.4822953450e-10  9.3596729518e-06      0.0000000000  1.3189410003e-07  1.3108428803e-07    0.029916666667   0.0099166666667
 1.3008123689e-07 -1.4232224410e-10  9.3600029543e-06      0.0000000000  1.3213602562e-07  1.3260817603e-07    0.029927777778   0.0099277777778
 1.3037104119e-07 -1.3900598764e-10  9.3603329464e-06      0.0000000000  1.3237795121e-07  1.3462093454e-07    0.029938888889   0.0099388888889
 1.3049642987e-07 -1.4704626627e-10  9.3606629559e-06      0.0000000000  1.3261942205e-07  1.3270370498e-07    0.029950000000   0.0099500000000
 1.3078384633e-07 -1.4389540086e-10  9.3609929479e-06      0.0000000000  1.3286134764e-07  1.3376881504e-07    0.029961111111   0.0099611111111
 1.3128894799e-07 -1.2566685653e-10  9.3613229504e-06      0.0000000000  1.3310327323e-07  1.3399559411e-07    0.029972222222   0.0099722222222
 1.3172235951e-07 -1.1237233729e-10  9.3616529494e-06      0.0000000000  1.3334474408e-07  1.3482045106e-07    0.029983333333   0.0099833333333
 1.3178811104e-07 -1.2457480254e-10  9.3619829520e-06      0.0000000000  1.3358666967e-07  1.3311063064e-07    0.029994444444   0.0099944444444
 1.3212106143e-07 -1.1827008876e-10  9.3623279336e-06      0.0000000000  1.3382859526e-07  1.3310243930e-07    0.030005555556    0.010005555556
 1.3282458011e-07 -8.6298449336e-11  9.3626729502e-06      0.0000000000  1.3407052085e-07  1.3444902645e-07    0.030016666667    0.010016666667
 1.3291341336e-07 -9.6902189952e-11  9.3630029527e-06      0.0000000000  1.3431244644e-07  1.3483405089e-07    0.030027777778    0.010027777778
 1.3302970590e-07 -1.0560399825e-10  9.3633329448e-06      0.0000000000  1.3455437203e-07  1.3439838479e-07    0.030038888889    0.010038888889
 1.3348028679e-07 -9.1151762634e-11  9.3636629543e-06      0.0000000000  1.3479629762e-07  1.3522860306e-07    0.030050000000    0.010050000000
 1.3393763311e-07 -7.6230928289e-11  9.3639929463e-06      0.0000000000  1.3503822321e-07  1.3579805057e-07    0.030061111111    0.010061111111
 1.3393493518e-07 -9.3174455630e-11  9.3643229488e-06      0.0000000000  1.3528014880e-07  1.3417050516e-07    0.030072222222    0.010072222222
 1.3414315700e-07 -9.5508902778e-11  9.3646529548e-06      0.0000000000  1.3552207439e-07  1.3497467151e-07    0.030083333333    0.010083333333
 1.3478834137e-07 -6.7577712883e-11  9.3649829469e-06      0.0000000000  1.3576399998e-07  1.3514139123e-07    0.030094444444    0.010094444444
 1.3485253467e-07 -7.9888107045e-11  9.3653279390e-06      0.0000000000  1.3600592557e-07  1.3645217861e-07    0.030105555556    0.010105555556
 1.3465758717e-07 -1.1014754791e-10  9.3656729486e-06      0.0000000000  1.3624785116e-07  1.3505526424e-07    0.030116666667    0.010116666667
 1.3492436663e-07 -1.0845757449e-10  9.3660029511e-06      0.0000000000  1.3649023150e-07  1.3592382931e-07    0.030127777778    0.010127777778
 1.3544578484e-07 -8.9098885740e-11  9.3663329467e-06      0.0000000000  1.3673215709e-07  1.3673632850e-07    0.030138888889    0.010138888889
 1.3553819971e-07 -9.9454549033e-11  9.3666629527e-06      0.0000000000  1.3697408268e-07  1.3691114522e-07    0.030150000000    0.010150000000
 1.3559320606e-07 -1.1240126477e-10  9.3669929482e-06      0.0000000000  1.3721600827e-07  1.3727983414e-07    0.030161111111    0.010161111111
 1.3587232233e-07 -1.0985679867e-10  9.3673229507e-06      0.0000000000  1.3745838861e-07  1.3752013442e-07    0.030172222222    0.010172222222
 1.3626201515e-07 -9.9621896062e-11  9.3676529532e-06      0.0000000000  1.3770031420e-07  1.3755139043e-07    0.030183333333    0.010183333333
 1.3662783003e-07 -9.1040866948e-11  9.3679829453e-06      0.0000000000  1.3794223979e-07  1.3784640446e-07    0.030194444444    0.010194444444
 1.3669125111e-07 -1.0343624464e-10  9.3683279409e-06      0.0000000000  1.3818462013e-07  1.3727334081e-07    0.030205555556    0.010205555556
 1.3677849219e-07 -1.1415026447e-10  9.3686729435e-06      0.0000000000  1.3842654572e-07  1.3849095760e-07    0.030216666667    0.010216666667
 1.3715232343e-07 -1.0504549025e-10  9.3690029530e-06      0.0000000000  1.3866892606e-07  1.3904804734e-07    0.030227777778    0.010227777778
 1.3754798546e-07 -9.4397137767e-11  9.3693329520e-06      0.0000000000  1.3891085165e-07  1.3785871505e-07    0.030238888889    0.010238888889
 1.3749878286e-07 -1.1459324722e-10  9.3696629476e-06      0.0000000000  1.3915323199e-07  1.4084089745e-07    0.030250000000    0.010250000000
 1.3759603030e-07 -1.2464568681e-10  9.3699929536e-06      0.0000000000  1.3939561233e-07  1.4062389769e-07    0.030261111111    0.010261111111
 1.3794911053e-07 -1.1694670629e-10  9.3703229491e-06      0.0000000000  1.3963753792e-07  1.4086960645e-07    0.030272222222    0.010272222222
 1.3803601091e-07 -1.2771582193e-10  9.3706529516e-06      0.0000000000  1.3987991826e-07  1.4033298719e-07    0.030283333333    0.010283333333
 1.3831512718e-07 -1.2517135583e-10  9.3709829471e-06      0.0000000000  1.4012229859e-07  1.4089564265e-07    0.030294444444    0.010294444444
 1.3838276932e-07 -1.3724287032e-10  9.3713279358e-06      0.0000000000  1.4036422418e-07  1.4180448835e-07    0.030305555556    0.010305555556
 1.3866795419e-07 -1.3427807000e-10  9.3716729454e-06      0.0000000000  1.4060660452e-07  1.4049138979e-07    0.030316666667    0.010316666667
 1.3912177575e-07 -1.1963287138e-10  9.3720029514e-06      0.0000000000  1.4084898486e-07  1.4114686995e-07    0.030327777778    0.010327777778
 1.3936268755e-07 -1.1973458808e-10  9.3723329469e-06      0.0000000000  1.4109136520e-07  1.4087778207e-07    0.030338888889    0.010338888889
 1.3936084243e-07 -1.3665054347e-10  9.3726629495e-06      0.0000000000  1.4133374554e-07  1.4033168224e-07    0.030350000000    0.010350000000
 1.3972472472e-07 -1.2823487087e-10  9.3729929520e-06      0.0000000000  1.4157612587e-07  1.4023337043e-07    0.030361111111    0.010361111111
 1.4005557606e-07 -1.2210704304e-10  9.3733229440e-06      0.0000000000  1.4181850621e-07  1.4095972692e-07    0.030372222222    0.010372222222
 1.4029529379e-07 -1.2229146452e-10  9.3736529535e-06      0.0000000000  1.4206088655e-07  1.4344909250e-07    0.030383333333    0.010383333333
 1.4072006442e-07 -1.0965844040e-10  9.3739829455e-06      0.0000000000  1.4230326689e-07  1.4227743213e-07    0.030394444444    0.010394444444
 1.4103881141e-07 -1.0436900474e-10  9.3743279377e-06      0.0000000000  1.4254564723e-07  1.4276576807e-07    0.030405555556    0.010405555556
 1.4134316452e-07 -1.0007654196e-10  9.3746729508e-06      0.0000000000  1.4278802756e-07  1.4229796551e-07    0.030416666667    0.010416666667
 1.4177788411e-07 -8.6754416231e-11  9.3750029463e-06      0.0000000000  1.4303040790e-07  1.4283871974e-07    0.030427777778    0.010427777778
 1.4186677422e-07 -9.7385715246e-11  9.3753329488e-06      0.0000000000  1.4327278824e-07  1.4356369265e-07    0.030438888889    0.010438888889
 1.4198193011e-07 -1.0619774971e-10  9.3756629479e-06      0.0000000000  1.4351516858e-07  1.4351448172e-07    0.030450000000    0.010450000000
 1.4250579303e-07 -8.6701228306e-11  9.3759929504e-06      0.0000000000  1.4375754892e-07  1.4311312177e-07    0.030461111111    0.010461111111
 1.4284864021e-07 -7.9774022124e-11  9.3763229459e-06      0.0000000000  1.4400038400e-07  1.4347083650e-07    0.030472222222    0.010472222222
 1.4306766434e-07 -8.1391758687e-11  9.3766529519e-06      0.0000000000  1.4424276434e-07  1.4439266886e-07    0.030483333333    0.010483333333
 1.4333842328e-07 -7.9426152020e-11  9.3769829474e-06      0.0000000000  1.4448514468e-07  1.4512712235e-07    0.030494444444    0.010494444444
 1.4374391663e-07 -6.8159841195e-11  9.3773279361e-06      0.0000000000  1.4472797976e-07  1.4651078279e-07    0.030505555556    0.010505555556
 1.4396277431e-07 -6.9789107200e-11  9.3776729492e-06      0.0000000000  1.4497036010e-07  1.4408669636e-07    0.030516666667    0.010516666667
 1.4424268653e-07 -6.7189510756e-11  9.3780029482e-06      0.0000000000  1.4521274044e-07  1.4613475153e-07    0.030527777778    0.010527777778
 1.4437182799e-07 -7.5064350247e-11  9.3783329542e-06      0.0000000000  1.4545557552e-07  1.4663601124e-07    0.030538888889    0.010538888889
 1.4462905634e-07 -7.4035922524e-11  9.3786629428e-06      0.0000000000  1.4569795586e-07  1.4504671829e-07    0.030550000000    0.010550000000
 1.4475939159e-07 -8.1828075742e-11  9.3789929523e-06      0.0000000000  1.4594079095e-07  1.4532107316e-07    0.030561111111    0.010561111111
 1.4482758783e-07 -9.3892708348e-11  9.3793229478e-06      0.0000000000  1.4618317129e-07  1.4604757114e-07    0.030572222222    0.010572222222
 1.4501244411e-07 -9.7908534351e-11  9.3796529468e-06      0.0000000000  1.4642600637e-07  1.4727226298e-07    0.030583333333    0.010583333333
 1.4555501143e-07 -7.7116477471e-11  9.3799829493e-06      0.0000000000  1.4666838671e-07  1.4711392327e-07    0.030594444444    0.010594444444
 1.4557259100e-07 -9.2718504572e-11  9.3803279345e-06      0.0000000000  1.4691122179e-07  1.4649578367e-07    0.030605555556    0.010605555556
 1.4561670087e-07 -1.0648294586e-10  9.3806729476e-06      0.0000000000  1.4715405688e-07  1.4691729966e-07    0.030616666667    0.010616666667
 1.4584493489e-07 -1.0749426955e-10  9.3810029466e-06      0.0000000000  1.4739689197e-07  1.4581121717e-07    0.030627777778    0.010627777778
 1.4588726373e-07 -1.2135057377e-10  9.3813329561e-06      0.0000000000  1.4763927230e-07  1.4620036086e-07    0.030638888889    0.010638888889
 1.4603550743e-07 -1.2790232187e-10  9.3816629447e-06      0.0000000000  1.4788210739e-07  1.4826495593e-07    0.030650000000    0.010650000000
 1.4620364905e-07 -1.3307586672e-10  9.3819929507e-06      0.0000000000  1.4812494247e-07  1.4902278854e-07    0.030661111111    0.010661111111
 1.4630572906e-07 -1.4282508260e-10  9.3823229497e-06      0.0000000000  1.4836777756e-07  1.4917829823e-07    0.030672222222    0.010672222222
 1.4649297318e-07 -1.4667551756e-10  9.3826529487e-06      0.0000000000  1.4861061265e-07  1.4757413195e-07    0.030683333333    0.010683333333
 1.4673075832e-07 -1.4702529555e-10  9.3829829547e-06      0.0000000000  1.4885344773e-07  1.4767242803e-07    0.030694444444    0.010694444444
 1.4684558290e-07 -1.5586027786e-10  9.3833279294e-06      0.0000000000  1.4909582807e-07  1.4940947955e-07    0.030705555556    0.010705555556
 1.4754374360e-07 -1.2432274632e-10  9.3836729530e-06      0.0000000000  1.4933866315e-07  1.4909100779e-07    0.030716666667    0.010716666667
 1.4761995594e-07 -1.3586365233e-10  9.3840029485e-06      0.0000000000  1.4958149824e-07  1.4866508954e-07    0.030727777778    0.010727777778
 1.4779690987e-07 -1.4045832173e-10  9.3843329510e-06      0.0000000000  1.4982478807e-07  1.5000865800e-07    0.030738888889    0.010738888889
 1.4816124713e-07 -1.3204263310e-10  9.3846629465e-06      0.0000000000  1.5006762316e-07  1.4984483120e-07    0.030750000000    0.010750000000
 1.4837396081e-07 -1.3412895236e-10  9.3849929525e-06      0.0000000000  1.5031045824e-07  1.4972997949e-07    0.030761111111    0.010761111111
 1.4860498052e-07 -1.3494732907e-10  9.3853229481e-06      0.0000000000  1.5055329333e-07  1.5168532001e-07    0.030772222222    0.010772222222
 1.4924311562e-07 -1.0756739212e-10  9.3856529471e-06      0.0000000000  1.5079612841e-07  1.5274470714e-07    0.030783333333    0.010783333333
 1.4954497264e-07 -1.0347931570e-10  9.3859829566e-06      0.0000000000  1.5103896350e-07  1.5092608811e-07    0.030794444444    0.010794444444
 1.4973098072e-07 -1.0744686117e-10  9.3863279278e-06      0.0000000000  1.5128225333e-07  1.5085132837e-07    0.030805555556    0.010805555556
 1.5003771255e-07 -1.0302113681e-10  9.3866729549e-06      0.0000000000  1.5152508842e-07  1.5191469326e-07    0.030816666667    0.010816666667
 1.5026196683e-07 -1.0430811225e-10  9.3870029469e-06      0.0000000000  1.5176792350e-07  1.5209485557e-07    0.030827777778    0.010827777778
 1.5043931886e-07 -1.0887520722e-10  9.3873329494e-06      0.0000000000  1.5201121333e-07  1.5298513319e-07    0.030838888889    0.010838888889
 1.5065720581e-07 -1.1060320696e-10  9.3876629484e-06      0.0000000000  1.5225404842e-07  1.5250443831e-07    0.030850000000    0.010850000000
 1.5077480642e-07 -1.1927740877e-10  9.3879929475e-06      0.0000000000  1.5249688351e-07  1.5238163109e-07    0.030861111111    0.010861111111
 1.5113561891e-07 -1.1113735586e-10  9.3883229535e-06      0.0000000000  1.5274017334e-07  1.5274752144e-07    0.030872222222    0.010872222222
 1.5130654649e-07 -1.1611793524e-10  9.3886529420e-06      0.0000000000  1.5298300842e-07  1.5514242719e-07    0.030883333333    0.010883333333
 1.5146240844e-07 -1.2217351266e-10  9.3889829515e-06      0.0000000000  1.5322629826e-07  1.5537985028e-07    0.030894444444    0.010894444444
 1.5179275342e-07 -1.1611225456e-10  9.3893279332e-06      0.0000000000  1.5346913334e-07  1.5311929194e-07    0.030905555556    0.010905555556
 1.5210199623e-07 -1.1154410798e-10  9.3896729498e-06      0.0000000000  1.5371242317e-07  1.5307514360e-07    0.030916666667    0.010916666667
 1.5238600194e-07 -1.0872397658e-10  9.3900029453e-06      0.0000000000  1.5395571301e-07  1.5433681439e-07    0.030927777778    0.010927777778
 1.5271969610e-07 -1.0243074166e-10  9.3903329478e-06      0.0000000000  1.5419854809e-07  1.5457582543e-07    0.030938888889    0.010938888889
 1.5283496600e-07 -1.1129787442e-10  9.3906629468e-06      0.0000000000  1.5444183793e-07  1.5539499090e-07    0.030950000000    0.010950000000
 1.5313409420e-07 -1.0743030338e-10  9.3909929458e-06      0.0000000000  1.5468512776e-07  1.5312973157e-07    0.030961111111    0.010961111111
 1.5348291086e-07 -1.0008962882e-10  9.3913229553e-06      0.0000000000  1.5492796284e-07  1.5532523086e-07    0.030972222222    0.010972222222
 1.5396987737e-07 -8.3211683719e-11  9.3916529404e-06      0.0000000000  1.5517125268e-07  1.5441729706e-07    0.030983333333    0.010983333333
 1.5402863650e-07 -9.5992960314e-11  9.3919829499e-06      0.0000000000  1.5541454251e-07  1.5491446896e-07    0.030994444444    0.010994444444
 1.5430468352e-07 -9.3724076900e-11  9.3923279316e-06      0.0000000000  1.5565783234e-07  1.5624824240e-07    0.031005555556    0.011005555556
 1.5478846597e-07 -7.7066671707e-11  9.3926729482e-06      0.0000000000  1.5590112217e-07  1.5623866749e-07    0.031016666667    0.011016666667
 1.5524996291e-07 -6.1952842299e-11  9.3930029507e-06      0.0000000000  1.5614441201e-07  1.5563246115e-07    0.031027777778    0.011027777778
 1.5545755994e-07 -6.4425057980e-11  9.3933329427e-06      0.0000000000  1.5638770184e-07  1.5565159524e-07    0.031038888889    0.011038888889
 1.5554059484e-07 -7.5524905153e-11  9.3936629522e-06      0.0000000000  1.5663099167e-07  1.5645439375e-07    0.031050000000    0.011050000000
 1.5592130552e-07 -6.6006630499e-11  9.3939929442e-06      0.0000000000  1.5687428151e-07  1.5708522128e-07    0.031061111111    0.011061111111
 1.5626460768e-07 -5.9079408288e-11  9.3943229503e-06      0.0000000000  1.5711757134e-07  1.5785795867e-07    0.031072222222    0.011072222222
 1.5620915176e-07 -7.9771640327e-11  9.3946529458e-06      0.0000000000  1.5736086117e-07  1.5531158387e-07    0.031083333333    0.011083333333
 1.5641953447e-07 -8.2050909034e-11  9.3949829483e-06      0.0000000000  1.5760415100e-07  1.5699368581e-07    0.031094444444    0.011094444444
 1.5654574860e-07 -9.0160004098e-11  9.3953279335e-06      0.0000000000  1.5784744084e-07  1.5907172348e-07    0.031105555556    0.011105555556
 1.5653386921e-07 -1.0783396512e-10  9.3956729466e-06      0.0000000000  1.5809073067e-07  1.5852710155e-07    0.031116666667    0.011116666667
 1.5678683371e-07 -1.0716386187e-10  9.3960029526e-06      0.0000000000  1.5833402050e-07  1.5895301980e-07    0.031127777778    0.011127777778
 1.5706890682e-07 -1.0450908698e-10  9.3963329446e-06      0.0000000000  1.5857776508e-07  1.5910591957e-07    0.031138888889    0.011138888889
 1.5705284917e-07 -1.2247244995e-10  9.3966629506e-06      0.0000000000  1.5882105491e-07  1.5910052681e-07    0.031150000000    0.011150000000
 1.5708812848e-07 -1.3688002562e-10  9.3969929461e-06      0.0000000000  1.5906434475e-07  1.5916610470e-07    0.031161111111    0.011161111111
 1.5766668330e-07 -1.1368983369e-10  9.3973229486e-06      0.0000000000  1.5930808933e-07  1.6011900441e-07    0.031172222222    0.011172222222
 1.5799963866e-07 -1.0747926902e-10  9.3976529512e-06      0.0000000000  1.5955137916e-07  1.6143505877e-07    0.031183333333    0.011183333333
 1.5814276569e-07 -1.1441691353e-10  9.3979829432e-06      0.0000000000  1.5979466899e-07  1.5802458405e-07    0.031194444444    0.011194444444
 1.5829132272e-07 -1.2100995420e-10  9.3983279353e-06      0.0000000000  1.6003841357e-07  1.5944226764e-07    0.031205555556    0.011205555556
 1.5837575021e-07 -1.3201334639e-10  9.3986729485e-06      0.0000000000  1.6028170341e-07  1.5976133685e-07    0.031216666667    0.011216666667
 1.5876009939e-07 -1.2227455281e-10  9.3990029510e-06      0.0000000000  1.6052544799e-07  1.6104744015e-07    0.031227777778    0.011227777778
 1.5901903364e-07 -1.2119096268e-10  9.3993329430e-06      0.0000000000  1.6076873782e-07  1.6182011465e-07    0.031238888889    0.011238888889
 1.5915465644e-07 -1.2867987616e-10  9.3996629525e-06      0.0000000000  1.6101248240e-07  1.6074965899e-07    0.031250000000    0.011250000000
 1.5932331018e-07 -1.3388094488e-10  9.3999929445e-06      0.0000000000  1.6125622698e-07  1.5970527098e-07    0.031261111111    0.011261111111
 1.5954125427e-07 -1.3563648451e-10  9.4003229470e-06      0.0000000000  1.6149951681e-07  1.6097228736e-07    0.031272222222    0.011272222222
 1.5986312348e-07 -1.3022528464e-10  9.4006529531e-06      0.0000000000  1.6174326139e-07  1.6068419116e-07    0.031283333333    0.011283333333
 1.6015474770e-07 -1.2690896406e-10  9.4009829451e-06      0.0000000000  1.6198700597e-07  1.6154991048e-07    0.031294444444    0.011294444444
 1.6027136818e-07 -1.3571404757e-10  9.4013279407e-06      0.0000000000  1.6223075055e-07  1.6208538201e-07    0.031305555556    0.011305555556
 1.6049160019e-07 -1.3731111752e-10  9.4016729434e-06      0.0000000000  1.6247404038e-07  1.6190611586e-07    0.031316666667    0.011316666667
 1.6101165451e-07 -1.1817288605e-10  9.4020029494e-06      0.0000000000  1.6271778496e-07  1.6118519931e-07    0.031327777778    0.011327777778
 1.6142187137e-07 -1.0664240235e-10  9.4023329484e-06      0.0000000000  1.6296152954e-07  1.6332056064e-07    0.031338888889    0.011338888889
 1.6158017831e-07 -1.1256012861e-10  9.4026629474e-06      0.0000000000  1.6320527412e-07  1.6407422683e-07    0.031350000000    0.011350000000
 1.6183439373e-07 -1.1183487897e-10  9.4029929499e-06      0.0000000000  1.6344901870e-07  1.6293967119e-07    0.031361111111    0.011361111111
 1.6195807783e-07 -1.2015071070e-10  9.4033229489e-06      0.0000000000  1.6369276328e-07  1.6269402531e-07    0.031372222222    0.011372222222
 1.6218483423e-07 -1.2132737488e-10  9.4036529514e-06      0.0000000000  1.6393650786e-07  1.6586270613e-07    0.031383333333    0.011383333333
 1.6260022462e-07 -1.0943855315e-10  9.4039829435e-06      0.0000000000  1.6418025244e-07  1.6503814790e-07    0.031394444444    0.011394444444
 1.6297608422e-07 -1.0028777963e-10  9.4043279391e-06      0.0000000000  1.6442399702e-07  1.6400761127e-07    0.031405555556    0.011405555556
 1.6325351416e-07 -9.7954607709e-11  9.4046729418e-06      0.0000000000  1.6466774160e-07  1.6439911331e-07    0.031416666667    0.011416666667
 1.6328924845e-07 -1.1236216734e-10  9.4050029513e-06      0.0000000000  1.6491148618e-07  1.6484973136e-07    0.031427777778    0.011427777778
 1.6366364868e-07 -1.0331247539e-10  9.4053329503e-06      0.0000000000  1.6515523076e-07  1.6481426175e-07    0.031438888889    0.011438888889
 1.6398040149e-07 -9.8287153430e-11  9.4056629458e-06      0.0000000000  1.6539943009e-07  1.6524555704e-07    0.031450000000    0.011450000000
 1.6400459492e-07 -1.1349407539e-10  9.4059929553e-06      0.0000000000  1.6564317467e-07  1.6544225926e-07    0.031461111111    0.011461111111
 1.6417842219e-07 -1.1833680608e-10  9.4063229438e-06      0.0000000000  1.6588691925e-07  1.6470227151e-07    0.031472222222    0.011472222222
 1.6470325221e-07 -9.8867792504e-11  9.4066529498e-06      0.0000000000  1.6613066383e-07  1.6547224177e-07    0.031483333333    0.011483333333
 1.6477804379e-07 -1.1060159739e-10  9.4069829489e-06      0.0000000000  1.6637486316e-07  1.6446203412e-07    0.031494444444    0.011494444444
 1.6496861912e-07 -1.1428429594e-10  9.4073279340e-06      0.0000000000  1.6661860774e-07  1.6677089150e-07    0.031505555556    0.011505555556
 1.6529562819e-07 -1.0851708984e-10  9.4076729471e-06      0.0000000000  1.6686235232e-07  1.6747097595e-07    0.031516666667    0.011516666667
 1.6554353344e-07 -1.0826040440e-10  9.4080029496e-06      0.0000000000  1.6710655165e-07  1.6718434193e-07    0.031527777778    0.011527777778
 1.6571935071e-07 -1.1296529996e-10  9.4083329487e-06      0.0000000000  1.6735029623e-07  1.6671468413e-07    0.031538888889    0.011538888889
 1.6619528822e-07 -9.6914259550e-11  9.4086629477e-06      0.0000000000  1.6759449556e-07  1.6715696933e-07    0.031550000000    0.011550000000
 1.6657327008e-07 -8.7616490268e-11  9.4089929502e-06      0.0000000000  1.6783824014e-07  1.6691121340e-07    0.031561111111    0.011561111111
 1.6656130618e-07 -1.0535929978e-10  9.4093229422e-06      0.0000000000  1.6808243946e-07  1.6686204964e-07    0.031572222222    0.011572222222
 1.6698670240e-07 -9.2808934833e-11  9.4096529517e-06      0.0000000000  1.6832663879e-07  1.6769200063e-07    0.031583333333    0.011583333333
 1.6748168527e-07 -7.5407244626e-11  9.4099829438e-06      0.0000000000  1.6857038337e-07  1.6781490218e-07    0.031594444444    0.011594444444
 1.6749950252e-07 -9.1087301834e-11  9.4103279324e-06      0.0000000000  1.6881458270e-07  1.6853305160e-07    0.031605555556    0.011605555556
 1.6764877905e-07 -9.7662005204e-11  9.4106729455e-06      0.0000000000  1.6905878202e-07  1.6922529060e-07    0.031616666667    0.011616666667
 1.6805859780e-07 -8.6159095931e-11  9.4110029446e-06      0.0000000000  1.6930252661e-07  1.7026551220e-07    0.031627777778    0.011627777778
 1.6829177866e-07 -8.6922275703e-11  9.4113329540e-06      0.0000000000  1.6954672593e-07  1.7010174828e-07    0.031638888889    0.011638888889
 1.6850466322e-07 -8.9091251649e-11  9.4116629426e-06      0.0000000000  1.6979092526e-07  1.6941365998e-07    0.031650000000    0.011650000000
 1.6868809848e-07 -9.3299995041e-11  9.4119929486e-06      0.0000000000  1.7003512459e-07  1.6996251122e-07    0.031661111111    0.011661111111
 1.6891769744e-07 -9.4311270643e-11  9.4123229476e-06      0.0000000000  1.7027932391e-07  1.7072422725e-07    0.031672222222    0.011672222222
 1.6922285225e-07 -9.0057771116e-11  9.4126529466e-06      0.0000000000  1.7052306849e-07  1.7189426822e-07    0.031683333333    0.011683333333
 1.6918183716e-07 -1.0981277364e-10  9.4129829492e-06      0.0000000000  1.7076726782e-07  1.7123084828e-07    0.031694444444    0.011694444444
 1.6971392098e-07 -8.9872832025e-11  9.4133279343e-06      0.0000000000  1.7101146715e-07  1.7195196922e-07    0.031705555556    0.011705555556
 1.7012455915e-07 -7.8344664092e-11  9.4136729474e-06      0.0000000000  1.7125566648e-07  1.7101104993e-07    0.031716666667    0.011716666667
 1.6973652079e-07 -1.2213577764e-10  9.4140029464e-06      0.0000000000  1.7149986580e-07  1.7142872967e-07    0.031727777778    0.011727777778
 1.6998203819e-07 -1.2204448325e-10  9.4143329524e-06      0.0000000000  1.7174406513e-07  1.7276113528e-07    0.031738888889    0.011738888889
 1.7074416775e-07 -8.6202223220e-11  9.4146629410e-06      0.0000000000  1.7198871921e-07  1.7327989395e-07    0.031750000000    0.011750000000
 1.7067847877e-07 -1.0766622960e-10  9.4149929505e-06      0.0000000000  1.7223291853e-07  1.7092908937e-07    0.031761111111    0.011761111111
 1.7058015696e-07 -1.3139050632e-10  9.4153229460e-06      0.0000000000  1.7247711786e-07  1.7107925345e-07    0.031772222222    0.011772222222
 1.7094784890e-07 -1.2283695297e-10  9.4156529450e-06      0.0000000000  1.7272131719e-07  1.7360077123e-07    0.031783333333    0.011783333333
 1.7150696051e-07 -1.0102496676e-10  9.4159829545e-06      0.0000000000  1.7296551652e-07  1.7328948458e-07    0.031794444444    0.011794444444
 1.7163904995e-07 -1.0882160841e-10  9.4163279292e-06      0.0000000000  1.7321017059e-07  1.7241752349e-07    0.031805555556    0.011805555556
 1.7158059025e-07 -1.2978488908e-10  9.4166729528e-06      0.0000000000  1.7345436992e-07  1.7198028516e-07    0.031816666667    0.011816666667
 1.7197494553e-07 -1.1938453377e-10  9.4170029448e-06      0.0000000000  1.7369856925e-07  1.7303696804e-07    0.031827777778    0.011827777778
 1.7227464299e-07 -1.1557202648e-10  9.4173329474e-06      0.0000000000  1.7394322332e-07  1.7351475430e-07    0.031838888889    0.011838888889
 1.7239321042e-07 -1.2427375463e-10  9.4176629464e-06      0.0000000000  1.7418742265e-07  1.7424637776e-07    0.031850000000    0.011850000000
 1.7286914819e-07 -1.0822269572e-10  9.4179929489e-06      0.0000000000  1.7443162198e-07  1.7457816635e-07    0.031861111111    0.011861111111
 1.7301562990e-07 -1.1502247552e-10  9.4183229479e-06      0.0000000000  1.7467627605e-07  1.7584225837e-07    0.031872222222    0.011872222222
 1.7329218850e-07 -1.1278115298e-10  9.4186529469e-06      0.0000000000  1.7492047538e-07  1.7484436132e-07    0.031883333333    0.011883333333
 1.7359268190e-07 -1.0891351534e-10  9.4189829529e-06      0.0000000000  1.7516512945e-07  1.7474057814e-07    0.031894444444    0.011894444444
 1.7408784531e-07 -9.1562315350e-11  9.4193279276e-06      0.0000000000  1.7540978353e-07  1.7500034268e-07    0.031905555556    0.011905555556
 1.7432971454e-07 -9.1723706355e-11  9.4196729512e-06      0.0000000000  1.7565398285e-07  1.7666554309e-07    0.031916666667    0.011916666667
 1.7436198120e-07 -1.0643444160e-10  9.4200029432e-06      0.0000000000  1.7589863693e-07  1.7469968433e-07    0.031927777778    0.011927777778
 1.7473132217e-07 -9.7798167453e-11  9.4203329492e-06      0.0000000000  1.7614329100e-07  1.7456588720e-07    0.031938888889    0.011938888889
 1.7526854587e-07 -7.7502219607e-11  9.4206629518e-06      0.0000000000  1.7638749033e-07  1.7798971019e-07    0.031950000000    0.011950000000
 1.7544129335e-07 -8.2482734861e-11  9.4209929438e-06      0.0000000000  1.7663214441e-07  1.7808795910e-07    0.031961111111    0.011961111111
 1.7546122321e-07 -9.8047962781e-11  9.4213229533e-06      0.0000000000  1.7687679848e-07  1.7631869250e-07    0.031972222222    0.011972222222
 1.7577246152e-07 -9.3436093171e-11  9.4216529453e-06      0.0000000000  1.7712145256e-07  1.7621363582e-07    0.031983333333    0.011983333333
 1.7614373509e-07 -8.4634462505e-11  9.4219829478e-06      0.0000000000  1.7736565188e-07  1.7825860940e-07    0.031994444444    0.011994444444
 1.7623586224e-07 -9.5199040084e-11  9.4223279330e-06      0.0000000000  1.7761030596e-07  1.7834412322e-07    0.032005555556    0.012005555556
 1.7645659697e-07 -9.6855781861e-11  9.4226729531e-06      0.0000000000  1.7785496003e-07  1.7732478090e-07    0.032016666667    0.012016666667
 1.7688563197e-07 -8.4084879482e-11  9.4230029451e-06      0.0000000000  1.7809961411e-07  1.7822585976e-07    0.032027777778    0.012027777778
 1.7706514489e-07 -8.8596796012e-11  9.4233329476e-06      0.0000000000  1.7834426818e-07  1.7780129364e-07    0.032038888889    0.012038888889
 1.7721202471e-07 -9.5369001388e-11  9.4236629502e-06      0.0000000000  1.7858892226e-07  1.7723881113e-07    0.032050000000    0.012050000000
 1.7747192579e-07 -9.4312937592e-11  9.4239929422e-06      0.0000000000  1.7883357633e-07  1.7761567567e-07    0.032061111111    0.012061111111
 1.7778634789e-07 -8.9480546579e-11  9.4243229517e-06      0.0000000000  1.7907823041e-07  1.7890982881e-07    0.032072222222    0.012072222222
 1.7818752575e-07 -7.8639132439e-11  9.4246529402e-06      0.0000000000  1.7932288448e-07  1.7981895752e-07    0.032083333333    0.012083333333
 1.7828352332e-07 -8.8967127600e-11  9.4249829497e-06      0.0000000000  1.7956799330e-07  1.7899178938e-07    0.032094444444    0.012094444444
 1.7830106586e-07 -1.0469770956e-10  9.4253279314e-06      0.0000000000  1.7981264738e-07  1.7908480276e-07    0.032105555556    0.012105555556
 1.7833611794e-07 -1.1921551634e-10  9.4256729480e-06      0.0000000000  1.8005730145e-07  1.8034853317e-07    0.032116666667    0.012116666667
 1.7879141872e-07 -1.0462534941e-10  9.4260029505e-06      0.0000000000  1.8030195553e-07  1.8089738441e-07    0.032127777778    0.012127777778
 1.7911107122e-07 -9.9462178774e-11  9.4263329425e-06      0.0000000000  1.8054706435e-07  1.8054251542e-07    0.032138888889    0.012138888889
 1.7908324549e-07 -1.1833513519e-10  9.4266629520e-06      0.0000000000  1.8079171843e-07  1.8083743512e-07    0.032150000000    0.012150000000
 1.7931329942e-07 -1.1934639476e-10  9.4269929441e-06      0.0000000000  1.8103637250e-07  1.8072266202e-07    0.032161111111    0.012161111111
 1.7960867643e-07 -1.1586463503e-10  9.4273229466e-06      0.0000000000  1.8128148132e-07  1.8099566477e-07    0.032172222222    0.012172222222
 1.7960154483e-07 -1.3330423935e-10  9.4276529456e-06      0.0000000000  1.8152613540e-07  1.8091931707e-07    0.032183333333    0.012183333333
 1.7999123870e-07 -1.2328974593e-10  9.4279829481e-06      0.0000000000  1.8177124422e-07  1.8219694604e-07    0.032194444444    0.012194444444
 1.8033361787e-07 -1.1652094531e-10  9.4283279298e-06      0.0000000000  1.8201589829e-07  1.8282898419e-07    0.032205555556    0.012205555556
 1.8037419907e-07 -1.3068728239e-10  9.4286729464e-06      0.0000000000  1.8226100712e-07  1.8246314101e-07    0.032216666667    0.012216666667
 1.8050157881e-07 -1.3881013509e-10  9.4290029489e-06      0.0000000000  1.8250566119e-07  1.8306110885e-07    0.032227777778    0.012227777778
 1.8110139676e-07 -1.1424167331e-10  9.4293329409e-06      0.0000000000  1.8275077001e-07  1.8437977312e-07    0.032238888889    0.012238888889
 1.8113008179e-07 -1.2920048589e-10  9.4296629504e-06      0.0000000000  1.8299542409e-07  1.8363168836e-07    0.032250000000    0.012250000000
 1.8111584378e-07 -1.4716380325e-10  9.4299929425e-06      0.0000000000  1.8324053291e-07  1.8258750474e-07    0.032261111111    0.012261111111
 1.8172919259e-07 -1.2165814403e-10  9.4303229450e-06      0.0000000000  1.8348564173e-07  1.8316077277e-07    0.032272222222    0.012272222222
 1.8199824695e-07 -1.1996809045e-10  9.4306529510e-06      0.0000000000  1.8373029581e-07  1.8365759878e-07    0.032283333333    0.012283333333
 1.8194580474e-07 -1.4057757210e-10  9.4309829430e-06      0.0000000000  1.8397540463e-07  1.8441657912e-07    0.032294444444    0.012294444444
 1.8234126930e-07 -1.3016337901e-10  9.4313279352e-06      0.0000000000  1.8422051345e-07  1.8406521622e-07    0.032305555556    0.012305555556
 1.8290347940e-07 -1.0819977541e-10  9.4316729448e-06      0.0000000000  1.8446562227e-07  1.8532300359e-07    0.032316666667    0.012316666667
 1.8329476517e-07 -9.8075021284e-11  9.4320029508e-06      0.0000000000  1.8471073110e-07  1.8439750792e-07    0.032327777778    0.012327777778
 1.8346796763e-07 -1.0305552051e-10  9.4323329428e-06      0.0000000000  1.8495583992e-07  1.8359077883e-07    0.032338888889    0.012338888889
 1.8367698646e-07 -1.0555524650e-10  9.4326629488e-06      0.0000000000  1.8520094874e-07  1.8458447801e-07    0.032350000000    0.012350000000
 1.8397469418e-07 -1.0188055583e-10  9.4329929444e-06      0.0000000000  1.8544560281e-07  1.8527657551e-07    0.032361111111    0.012361111111
 1.8429036694e-07 -9.6993036944e-11  9.4333229469e-06      0.0000000000  1.8569071164e-07  1.8695012449e-07    0.032372222222    0.012372222222
 1.8456908643e-07 -9.4696535964e-11  9.4336529494e-06      0.0000000000  1.8593627521e-07  1.8465821580e-07    0.032383333333    0.012383333333
 1.8487043265e-07 -9.0801326372e-11  9.4339829414e-06      0.0000000000  1.8618138403e-07  1.8541178765e-07    0.032394444444    0.012394444444
 1.8486939420e-07 -1.0785039413e-10  9.4343279371e-06      0.0000000000  1.8642649285e-07  1.8596716366e-07    0.032405555556    0.012405555556
 1.8517306174e-07 -1.0379440156e-10  9.4346729397e-06      0.0000000000  1.8667160167e-07  1.8664437210e-07    0.032416666667    0.012416666667
 1.8557190861e-07 -9.3145936869e-11  9.4350029492e-06      0.0000000000  1.8691671049e-07  1.8729969504e-07    0.032427777778    0.012427777778
 1.8577058064e-07 -9.6362320400e-11  9.4353329482e-06      0.0000000000  1.8716181932e-07  1.8756996210e-07    0.032438888889    0.012438888889
 1.8593542578e-07 -1.0192167905e-10  9.4356629437e-06      0.0000000000  1.8740692814e-07  1.8802861427e-07    0.032450000000    0.012450000000
 1.8607087875e-07 -1.0954834504e-10  9.4359929497e-06      0.0000000000  1.8765249171e-07  1.8802436923e-07    0.032461111111    0.012461111111
 1.8618160098e-07 -1.1885645648e-10  9.4363229453e-06      0.0000000000  1.8789760053e-07  1.8822382287e-07    0.032472222222    0.012472222222
 1.8651995788e-07 -1.1239775036e-10  9.4366529478e-06      0.0000000000  1.8814270935e-07  1.8875061566e-07    0.032483333333    0.012483333333
 1.8712102675e-07 -8.7774142213e-11  9.4369829433e-06      0.0000000000  1.8838827292e-07  1.8988907045e-07    0.032494444444    0.012494444444
 1.8720763940e-07 -9.8752172136e-11  9.4373279390e-06      0.0000000000  1.8863338174e-07  1.8872011432e-07    0.032505555556    0.012505555556
 1.8725577259e-07 -1.1242692811e-10  9.4376729416e-06      0.0000000000  1.8887894531e-07  1.8952044442e-07    0.032516666667    0.012516666667
 1.8768486472e-07 -9.9683565623e-11  9.4380029476e-06      0.0000000000  1.8912405414e-07  1.8937307890e-07    0.032527777778    0.012527777778
 1.8796119636e-07 -9.7552455694e-11  9.4383329466e-06      0.0000000000  1.8936961770e-07  1.8847225159e-07    0.032538888889    0.012538888889
 1.8815270511e-07 -1.0126499387e-10  9.4386629456e-06      0.0000000000  1.8961472653e-07  1.8928583563e-07    0.032550000000    0.012550000000
 1.8841391399e-07 -1.0018134209e-10  9.4389929516e-06      0.0000000000  1.8986029010e-07  1.8957644740e-07    0.032561111111    0.012561111111
 1.8876261770e-07 -9.3005978440e-11  9.4393229402e-06      0.0000000000  1.9010539892e-07  1.9100438195e-07    0.032572222222    0.012572222222
 1.8890801990e-07 -9.9943524301e-11  9.4396529497e-06      0.0000000000  1.9035096249e-07  1.8892272814e-07    0.032583333333    0.012583333333
 1.8901481951e-07 -1.0955482738e-10  9.4399829417e-06      0.0000000000  1.9059652606e-07  1.9139869829e-07    0.032594444444    0.012594444444
 1.8931852072e-07 -1.0549650302e-10  9.4403279339e-06      0.0000000000  1.9084163488e-07  1.9142780034e-07    0.032605555556    0.012605555556
 1.8942376157e-07 -1.1521577202e-10  9.4406729470e-06      0.0000000000  1.9108719845e-07  1.9037901007e-07    0.032616666667    0.012616666667
 1.8955165316e-07 -1.2336616708e-10  9.4410029425e-06      0.0000000000  1.9133276202e-07  1.8965837652e-07    0.032627777778    0.012627777778
 1.8997324105e-07 -1.1117407356e-10  9.4413329450e-06      0.0000000000  1.9157832559e-07  1.8922711268e-07    0.032638888889    0.012638888889
 1.9031284862e-07 -1.0466023957e-10  9.4416629440e-06      0.0000000000  1.9182388916e-07  1.9148207387e-07    0.032650000000    0.012650000000
 1.9057479657e-07 -1.0349389905e-10  9.4419929465e-06      0.0000000000  1.9206899798e-07  1.9019617496e-07    0.032661111111    0.012661111111
 1.9082605676e-07 -1.0309933038e-10  9.4423229421e-06      0.0000000000  1.9231456155e-07  1.9200070677e-07    0.032672222222    0.012672222222
 1.9105184712e-07 -1.0446889592e-10  9.4426529481e-06      0.0000000000  1.9256012512e-07  1.9081992743e-07    0.032683333333    0.012683333333
 1.9127047420e-07 -1.0633461610e-10  9.4429829436e-06      0.0000000000  1.9280568869e-07  1.9342989911e-07    0.032694444444    0.012694444444
 1.9147381341e-07 -1.0925923134e-10  9.4433279323e-06      0.0000000000  1.9305125226e-07  1.9415048549e-07    0.032705555556    0.012705555556
 1.9170454484e-07 -1.1028655936e-10  9.4436729454e-06      0.0000000000  1.9329681583e-07  1.9380659070e-07    0.032716666667    0.012716666667
 1.9199918277e-07 -1.0688748839e-10  9.4440029444e-06      0.0000000000  1.9354237940e-07  1.9386394580e-07    0.032727777778    0.012727777778
 1.9216772356e-07 -1.1225386800e-10  9.4443329504e-06      0.0000000000  1.9378839771e-07  1.9373159513e-07    0.032738888889    0.012738888889
 1.9237122815e-07 -1.1516702783e-10  9.4446629389e-06      0.0000000000  1.9403396128e-07  1.9523845584e-07    0.032750000000    0.012750000000
 1.9282704077e-07 -1.0060440327e-10  9.4449929484e-06      0.0000000000  1.9427952485e-07  1.9529993019e-07    0.032761111111    0.012761111111
 1.9294577935e-07 -1.0938876960e-10  9.4453229440e-06      0.0000000000  1.9452508842e-07  1.9566308485e-07    0.032772222222    0.012772222222
 1.9337492835e-07 -9.6672965515e-11  9.4456529430e-06      0.0000000000  1.9477065199e-07  1.9312685096e-07    0.032783333333    0.012783333333
 1.9373250124e-07 -8.8946284802e-11  9.4459829455e-06      0.0000000000  1.9501667031e-07  1.9548562678e-07    0.032794444444    0.012794444444
 1.9402262932e-07 -8.5859582134e-11  9.4463279307e-06      0.0000000000  1.9526223388e-07  1.9731356916e-07    0.032805555556    0.012805555556
 1.9432933847e-07 -8.1624413777e-11  9.4466729438e-06      0.0000000000  1.9550779745e-07  1.9593063195e-07    0.032816666667    0.012816666667
 1.9488668837e-07 -6.0060440764e-11  9.4470029428e-06      0.0000000000  1.9575381576e-07  1.9646288039e-07    0.032827777778    0.012827777778
 1.9491588551e-07 -7.5046777198e-11  9.4473329523e-06      0.0000000000  1.9599937933e-07  1.9640148465e-07    0.032838888889    0.012838888889
 1.9504582398e-07 -8.3086895530e-11  9.4476629408e-06      0.0000000000  1.9624539765e-07  1.9727506514e-07    0.032850000000    0.012850000000
 1.9531300261e-07 -8.1589756871e-11  9.4479929468e-06      0.0000000000  1.9649096122e-07  1.9573532901e-07    0.032861111111    0.012861111111
 1.9563077939e-07 -7.6619501146e-11  9.4483229458e-06      0.0000000000  1.9673697954e-07  1.9439220078e-07    0.032872222222    0.012872222222
 1.9562415990e-07 -9.4086629323e-11  9.4486529449e-06      0.0000000000  1.9698254311e-07  1.9428304055e-07    0.032883333333    0.012883333333
 1.9575250647e-07 -1.0223700836e-10  9.4489829509e-06      0.0000000000  1.9722856142e-07  1.9536410880e-07    0.032894444444    0.012894444444
 1.9619369437e-07 -8.8687346151e-11  9.4493279256e-06      0.0000000000  1.9747412499e-07  1.9567710918e-07    0.032905555556    0.012905555556
 1.9625786940e-07 -1.0128248245e-10  9.4496729491e-06      0.0000000000  1.9772014331e-07  1.9698157618e-07    0.032916666667    0.012916666667
 1.9635676667e-07 -1.1147262893e-10  9.4500029447e-06      0.0000000000  1.9796616163e-07  1.9840653921e-07    0.032927777778    0.012927777778
 1.9665862501e-07 -1.0760494320e-10  9.4503329472e-06      0.0000000000  1.9821217994e-07  1.9838468515e-07    0.032938888889    0.012938888889
 1.9683705788e-07 -1.1225466280e-10  9.4506629427e-06      0.0000000000  1.9845774351e-07  1.9824830956e-07    0.032950000000    0.012950000000
 1.9709036468e-07 -1.1174983591e-10  9.4509929487e-06      0.0000000000  1.9870376183e-07  1.9841605123e-07    0.032961111111    0.012961111111
 1.9733252872e-07 -1.1201679691e-10  9.4513229442e-06      0.0000000000  1.9894978015e-07  2.0001028099e-07    0.032972222222    0.012972222222
 1.9759658042e-07 -1.1076773806e-10  9.4516529433e-06      0.0000000000  1.9919579846e-07  1.9770766538e-07    0.032983333333    0.012983333333
 1.9783317283e-07 -1.1142061151e-10  9.4519829528e-06      0.0000000000  1.9944181678e-07  1.9782245420e-07    0.032994444444    0.012994444444
 1.9808933238e-07 -1.1071819256e-10  9.4523279240e-06      0.0000000000  1.9968783510e-07  1.9979100148e-07    0.033005555556    0.013005555556
 1.9845002226e-07 -1.0277561703e-10  9.4526729510e-06      0.0000000000  1.9993385341e-07  2.0081296944e-07    0.033016666667    0.013016666667
 1.9847489869e-07 -1.1809271954e-10  9.4530029431e-06      0.0000000000  2.0017987173e-07  2.0054267094e-07    0.033027777778    0.013027777778
 1.9858215328e-07 -1.2770400659e-10  9.4533329456e-06      0.0000000000  2.0042589005e-07  2.0085658322e-07    0.033038888889    0.013038888889
 1.9894848161e-07 -1.1937089202e-10  9.4536629481e-06      0.0000000000  2.0067190836e-07  2.0325332849e-07    0.033050000000    0.013050000000
 1.9925710511e-07 -1.1503462607e-10  9.4539929436e-06      0.0000000000  2.0091792668e-07  2.0112001106e-07    0.033061111111    0.013061111111
 1.9944793192e-07 -1.1885739289e-10  9.4543229496e-06      0.0000000000  2.0116394500e-07  2.0119914161e-07    0.033072222222    0.013072222222
 1.9981107618e-07 -1.1074481823e-10  9.4546529417e-06      0.0000000000  2.0140996331e-07  2.0289861673e-07    0.033083333333    0.013083333333
 2.0010696504e-07 -1.0729060088e-10  9.4549829477e-06      0.0000000000  2.0165598163e-07  2.0237990522e-07    0.033094444444    0.013094444444
 2.0046668473e-07 -9.9446722069e-11  9.4553279293e-06      0.0000000000  2.0190245470e-07  2.0271870597e-07    0.033105555556    0.013105555556
 2.0068606497e-07 -1.0129177316e-10  9.4556729494e-06      0.0000000000  2.0214847301e-07  2.0255720607e-07    0.033116666667    0.013116666667
 2.0088723859e-07 -1.0439788244e-10  9.4560029415e-06      0.0000000000  2.0239449133e-07  2.0218878443e-07    0.033127777778    0.013127777778
 2.0125521568e-07 -9.5982065567e-11  9.4563329475e-06      0.0000000000  2.0264096439e-07  2.0323158449e-07    0.033138888889    0.013138888889
 2.0157100272e-07 -9.1149626465e-11  9.4566629500e-06      0.0000000000  2.0288698271e-07  2.0156088125e-07    0.033150000000    0.013150000000
 2.0178928884e-07 -9.3070460968e-11  9.4569929420e-06      0.0000000000  2.0313300103e-07  2.0219556076e-07    0.033161111111    0.013161111111
 2.0222054185e-07 -8.0271920041e-11  9.4573229515e-06      0.0000000000  2.0337947409e-07  2.0386901540e-07    0.033172222222    0.013172222222
 2.0228521439e-07 -9.2832597560e-11  9.4576529435e-06      0.0000000000  2.0362549241e-07  2.0181064638e-07    0.033183333333    0.013183333333
 2.0242078164e-07 -1.0051434333e-10  9.4579829461e-06      0.0000000000  2.0387196547e-07  2.0062590502e-07    0.033194444444    0.013194444444
 2.0289601895e-07 -8.4637790483e-11  9.4583279347e-06      0.0000000000  2.0411798379e-07  2.0346440093e-07    0.033205555556    0.013205555556
 2.0312921911e-07 -8.5557120523e-11  9.4586729443e-06      0.0000000000  2.0436445685e-07  2.0519283661e-07    0.033216666667    0.013216666667
 2.0316967328e-07 -9.9826748849e-11  9.4590029468e-06      0.0000000000  2.0461092992e-07  2.0433293455e-07    0.033227777778    0.013227777778
 2.0356226685e-07 -8.9674406745e-11  9.4593329459e-06      0.0000000000  2.0485694823e-07  2.0298439783e-07    0.033238888889    0.013238888889
 2.0366440505e-07 -9.9671571713e-11  9.4596629484e-06      0.0000000000  2.0510342130e-07  2.0458960179e-07    0.033250000000    0.013250000000
 2.0385409494e-07 -1.0360458320e-10  9.4599929404e-06      0.0000000000  2.0534989436e-07  2.0439709743e-07    0.033261111111    0.013261111111
 2.0417664715e-07 -9.8303563882e-11  9.4603229499e-06      0.0000000000  2.0559591268e-07  2.0398231060e-07    0.033272222222    0.013272222222
 2.0441687833e-07 -9.8735899908e-11  9.4606529419e-06      0.0000000000  2.0584238574e-07  2.0620162924e-07    0.033283333333    0.013283333333
 2.0453652687e-07 -1.0752023418e-10  9.4609829445e-06      0.0000000000  2.0608885881e-07  2.0797314413e-07    0.033294444444    0.013294444444
 2.0502767350e-07 -9.0573240798e-11  9.4613279331e-06      0.0000000000  2.0633533187e-07  2.0648216299e-07    0.033305555556    0.013305555556
 2.0538629799e-07 -8.2805219426e-11  9.4616729427e-06      0.0000000000  2.0658180494e-07  2.0687575610e-07    0.033316666667    0.013316666667
 2.0537979251e-07 -1.0032744589e-10  9.4620029487e-06      0.0000000000  2.0682827800e-07  2.0886562288e-07    0.033327777778    0.013327777778
 2.0538761358e-07 -1.1685736306e-10  9.4623329408e-06      0.0000000000  2.0707475106e-07  2.0778607971e-07    0.033338888889    0.013338888889
 2.0599237810e-07 -9.2040775881e-11  9.4626629503e-06      0.0000000000  2.0732122413e-07  2.0738761267e-07    0.033350000000    0.013350000000
 2.0620912945e-07 -9.4099410977e-11  9.4629929423e-06      0.0000000000  2.0756769719e-07  2.0685940487e-07    0.033361111111    0.013361111111
 2.0599329585e-07 -1.2612047544e-10  9.4633229448e-06      0.0000000000  2.0781417026e-07  2.0700142478e-07    0.033372222222    0.013372222222
 2.0646991662e-07 -1.1017959707e-10  9.4636529473e-06      0.0000000000  2.0806064332e-07  2.0982932384e-07    0.033383333333    0.013383333333
 2.0678098483e-07 -1.0570549847e-10  9.4639829394e-06      0.0000000000  2.0830711639e-07  2.0839063520e-07    0.033394444444    0.013394444444
 2.0667432607e-07 -1.3016471086e-10  9.4643279315e-06      0.0000000000  2.0855358945e-07  2.0935461916e-07    0.033405555556    0.013405555556
 2.0673335131e-07 -1.4314803837e-10  9.4646729446e-06      0.0000000000  2.0880006251e-07  2.0862271270e-07    0.033416666667    0.013416666667
 2.0725340696e-07 -1.2423019758e-10  9.4650029471e-06      0.0000000000  2.0904699033e-07  2.0824606827e-07    0.033427777778    0.013427777778
 2.0755969975e-07 -1.2008686258e-10  9.4653329392e-06      0.0000000000  2.0929346339e-07  2.0939799711e-07    0.033438888889    0.013438888889
 2.0756194944e-07 -1.3700267370e-10  9.4656629487e-06      0.0000000000  2.0953993645e-07  2.1101948941e-07    0.033450000000    0.013450000000
 2.0788461566e-07 -1.3175675267e-10  9.4659929407e-06      0.0000000000  2.0978686427e-07  2.0994249326e-07    0.033461111111    0.013461111111
 2.0846550251e-07 -1.0859402047e-10  9.4663229432e-06      0.0000000000  2.1003333733e-07  2.0763324282e-07    0.033472222222    0.013472222222
 2.0863967181e-07 -1.1360204604e-10  9.4666529492e-06      0.0000000000  2.1027981039e-07  2.1060325613e-07    0.033483333333    0.013483333333
 2.0858825356e-07 -1.3426659391e-10  9.4669829413e-06      0.0000000000  2.1052673820e-07  2.1262573104e-07    0.033494444444    0.013494444444
 2.0889215905e-07 -1.3028861295e-10  9.4673279369e-06      0.0000000000  2.1077321127e-07  2.1073592125e-07    0.033505555556    0.013505555556
 2.0950056180e-07 -1.0525152534e-10  9.4676729395e-06      0.0000000000  2.1102013908e-07  2.0899949862e-07    0.033516666667    0.013516666667
 2.0991908017e-07 -9.3335033010e-11  9.4680029455e-06      0.0000000000  2.1126661214e-07  2.0981015830e-07    0.033527777778    0.013527777778
 2.1002047929e-07 -1.0341488673e-10  9.4683329445e-06      0.0000000000  2.1151353996e-07  2.1241014629e-07    0.033538888889    0.013538888889
 2.1026747590e-07 -1.0337862403e-10  9.4686629436e-06      0.0000000000  2.1176001302e-07  2.1302705955e-07    0.033550000000    0.013550000000
 2.1067053055e-07 -9.2564704165e-11  9.4689929461e-06      0.0000000000  2.1200694083e-07  2.1375585299e-07    0.033561111111    0.013561111111
 2.1109189147e-07 -8.0482823257e-11  9.4693229451e-06      0.0000000000  2.1225386864e-07  2.1345010061e-07    0.033572222222    0.013572222222
 2.1124661783e-07 -8.6869036030e-11  9.4696529476e-06      0.0000000000  2.1250079646e-07  2.1230652033e-07    0.033583333333    0.013583333333
 2.1127075545e-07 -1.0226880878e-10  9.4699829396e-06      0.0000000000  2.1274726952e-07  2.1194346001e-07    0.033594444444    0.013594444444
 2.1168153739e-07 -9.0919667412e-11  9.4703279353e-06      0.0000000000  2.1299419733e-07  2.1416389494e-07    0.033605555556    0.013605555556
 2.1186395497e-07 -9.5387884376e-11  9.4706729379e-06      0.0000000000  2.1324112514e-07  2.1409286139e-07    0.033616666667    0.013616666667
 2.1223238677e-07 -8.6972069983e-11  9.4710029474e-06      0.0000000000  2.1348805295e-07  2.1302834878e-07    0.033627777778    0.013627777778
 2.1237875580e-07 -9.3937142183e-11  9.4713329464e-06      0.0000000000  2.1373498077e-07  2.1127471019e-07    0.033638888889    0.013638888889
 2.1251239018e-07 -1.0178426298e-10  9.4716629420e-06      0.0000000000  2.1398190858e-07  2.1305984063e-07    0.033650000000    0.013650000000
 2.1287837726e-07 -9.3506281235e-11  9.4719929515e-06      0.0000000000  2.1422838164e-07  2.1483264476e-07    0.033661111111    0.013661111111
 2.1319587021e-07 -8.8618679722e-11  9.4723229400e-06      0.0000000000  2.1447530945e-07  2.1375167085e-07    0.033672222222    0.013672222222
 2.1331080019e-07 -9.7761335990e-11  9.4726529460e-06      0.0000000000  2.1472223726e-07  2.1460886866e-07    0.033683333333    0.013683333333
 2.1363272759e-07 -9.2598085201e-11  9.4729829450e-06      0.0000000000  2.1496961982e-07  2.1411480978e-07    0.033694444444    0.013694444444
 2.1406917815e-07 -7.9471040926e-11  9.4733279302e-06      0.0000000000  2.1521654763e-07  2.1542487394e-07    0.033705555556    0.013705555556
 2.1442928576e-07 -7.1631791175e-11  9.4736729433e-06      0.0000000000  2.1546347545e-07  2.1348417092e-07    0.033716666667    0.013716666667
 2.1452431755e-07 -8.2152669189e-11  9.4740029458e-06      0.0000000000  2.1571040326e-07  2.1644030140e-07    0.033727777778    0.013727777778
 2.1473436062e-07 -8.4707442902e-11  9.4743329448e-06      0.0000000000  2.1595733107e-07  2.1524892521e-07    0.033738888889    0.013738888889
 2.1515174207e-07 -7.2901195239e-11  9.4746629439e-06      0.0000000000  2.1620425888e-07  2.1298893287e-07    0.033750000000    0.013750000000
 2.1504387020e-07 -9.7507426847e-11  9.4749929499e-06      0.0000000000  2.1645164144e-07  2.1501975635e-07    0.033761111111    0.013761111111
 2.1528654610e-07 -9.7801930219e-11  9.4753229384e-06      0.0000000000  2.1669856925e-07  2.1735878490e-07    0.033772222222    0.013772222222
 2.1547350718e-07 -1.0195544708e-10  9.4756529479e-06      0.0000000000  2.1694549706e-07  2.1848890685e-07    0.033783333333    0.013783333333
 2.1576996502e-07 -9.8556311985e-11  9.4759829434e-06      0.0000000000  2.1719287962e-07  2.1682666223e-07    0.033794444444    0.013794444444
 2.1576351695e-07 -1.1610605984e-10  9.4763279286e-06      0.0000000000  2.1743980743e-07  2.1776184286e-07    0.033805555556    0.013805555556
 2.1594729397e-07 -1.2048011661e-10  9.4766729417e-06      0.0000000000  2.1768673524e-07  2.1851616939e-07    0.033816666667    0.013816666667
 2.1636154876e-07 -1.0892193024e-10  9.4770029407e-06      0.0000000000  2.1793411780e-07  2.1836058109e-07    0.033827777778    0.013827777778
 2.1659069380e-07 -1.1015363106e-10  9.4773329502e-06      0.0000000000  2.1818104562e-07  2.1656045154e-07    0.033838888889    0.013838888889
 2.1658509828e-07 -1.2767582547e-10  9.4776629388e-06      0.0000000000  2.1842842817e-07  2.1888594315e-07    0.033850000000    0.013850000000
 2.1694318328e-07 -1.1997666862e-10  9.4779929448e-06      0.0000000000  2.1867535599e-07  2.2123605596e-07    0.033861111111    0.013861111111
 2.1726550879e-07 -1.1478584340e-10  9.4783229438e-06      0.0000000000  2.1892273854e-07  2.1890243589e-07    0.033872222222    0.013872222222
 2.1737134263e-07 -1.2459002933e-10  9.4786529428e-06      0.0000000000  2.1917012110e-07  2.1885471858e-07    0.033883333333    0.013883333333
 2.1780344847e-07 -1.1176391646e-10  9.4789829453e-06      0.0000000000  2.1941704891e-07  2.2084161384e-07    0.033894444444    0.013894444444
 2.1819976195e-07 -1.0144841149e-10  9.4793279305e-06      0.0000000000  2.1966443147e-07  2.2187521633e-07    0.033905555556    0.013905555556
 2.1833666987e-07 -1.0910029300e-10  9.4796729436e-06      0.0000000000  2.1991181403e-07  2.2034087297e-07    0.033916666667    0.013916666667
 2.1855785568e-07 -1.1088327882e-10  9.4800029426e-06      0.0000000000  2.2015874184e-07  2.2150361877e-07    0.033927777778    0.013927777778
 2.1903419261e-07 -9.5025054665e-11  9.4803329486e-06      0.0000000000  2.2040612440e-07  2.2172338567e-07    0.033938888889    0.013938888889
 2.1927175184e-07 -9.5705454460e-11  9.4806629372e-06      0.0000000000  2.2065350696e-07  2.2088272776e-07    0.033950000000    0.013950000000
 2.1944722920e-07 -1.0068587353e-10  9.4809929467e-06      0.0000000000  2.2090088952e-07  2.1999421105e-07    0.033961111111    0.013961111111
 2.1958251235e-07 -1.0845029202e-10  9.4813229422e-06      0.0000000000  2.2114827208e-07  2.2136716457e-07    0.033972222222    0.013972222222
 2.1982444917e-07 -1.0882748415e-10  9.4816529412e-06      0.0000000000  2.2139565464e-07  2.2032711592e-07    0.033983333333    0.013983333333
 2.2015155011e-07 -1.0330589533e-10  9.4819829507e-06      0.0000000000  2.2164303720e-07  2.1988509799e-07    0.033994444444    0.013994444444
 2.2050859812e-07 -9.5710061787e-11  9.4823279254e-06      0.0000000000  2.2189041976e-07  2.2063420470e-07    0.034005555556    0.014005555556
 2.2037276918e-07 -1.2225270300e-10  9.4826729490e-06      0.0000000000  2.2213780232e-07  2.2141758612e-07    0.034016666667    0.014016666667
 2.2067320650e-07 -1.1857793466e-10  9.4830029410e-06      0.0000000000  2.2238518487e-07  2.2081166278e-07    0.034027777778    0.014027777778
 2.2111770628e-07 -1.0492486900e-10  9.4833329435e-06      0.0000000000  2.2263256743e-07  2.2050602045e-07    0.034038888889    0.014038888889
 2.2159006347e-07 -8.9342296597e-11  9.4836629425e-06      0.0000000000  2.2287994999e-07  2.2148855677e-07    0.034050000000    0.014050000000
 2.2174803049e-07 -9.5535546367e-11  9.4839929450e-06      0.0000000000  2.2312733255e-07  2.2406788560e-07    0.034061111111    0.014061111111
 2.2195301376e-07 -9.8503774901e-11  9.4843229441e-06      0.0000000000  2.2337516986e-07  2.2415803751e-07    0.034072222222    0.014072222222
 2.2230319668e-07 -9.1383442940e-11  9.4846529431e-06      0.0000000000  2.2362255242e-07  2.2351647162e-07    0.034083333333    0.014083333333
 2.2271506336e-07 -7.9990666128e-11  9.4849829491e-06      0.0000000000  2.2386993497e-07  2.2373211926e-07    0.034094444444    0.014094444444
 2.2281579047e-07 -9.0148563506e-11  9.4853279238e-06      0.0000000000  2.2411731753e-07  2.2357649952e-07    0.034105555556    0.014105555556
 2.2291325759e-07 -1.0056375683e-10  9.4856729474e-06      0.0000000000  2.2436515484e-07  2.2380863990e-07    0.034116666667    0.014116666667
 2.2309430633e-07 -1.0515828196e-10  9.4860029394e-06      0.0000000000  2.2461253740e-07  2.2475842658e-07    0.034127777778    0.014127777778
 2.2327740194e-07 -1.0964253036e-10  9.4863329454e-06      0.0000000000  2.2486037470e-07  2.2606448154e-07    0.034138888889    0.014138888889
 2.2363793166e-07 -1.0180554086e-10  9.4866629479e-06      0.0000000000  2.2510775726e-07  2.2687768824e-07    0.034150000000    0.014150000000
 2.2381261307e-07 -1.0684109028e-10  9.4869929400e-06      0.0000000000  2.2535513982e-07  2.2522791144e-07    0.034161111111    0.014161111111
 2.2405460703e-07 -1.0724582229e-10  9.4873229495e-06      0.0000000000  2.2560297713e-07  2.2780985018e-07    0.034172222222    0.014172222222
 2.2413656321e-07 -1.1870386322e-10  9.4876529415e-06      0.0000000000  2.2585035969e-07  2.2879647431e-07    0.034183333333    0.014183333333
 2.2429100547e-07 -1.2517274871e-10  9.4879829440e-06      0.0000000000  2.2609819699e-07  2.2706055480e-07    0.034194444444    0.014194444444
 2.2457796960e-07 -1.2246268070e-10  9.4883279257e-06      0.0000000000  2.2634603430e-07  2.2600830561e-07    0.034205555556    0.014205555556
 2.2507460202e-07 -1.0519871589e-10  9.4886729493e-06      0.0000000000  2.2659341686e-07  2.2686952834e-07    0.034216666667    0.014216666667
 2.2528117746e-07 -1.0805666522e-10  9.4890029413e-06      0.0000000000  2.2684125417e-07  2.2781931503e-07    0.034227777778    0.014227777778
 2.2522668969e-07 -1.2899681428e-10  9.4893329438e-06      0.0000000000  2.2708909147e-07  2.2802411426e-07    0.034238888889    0.014238888889
 2.2566084241e-07 -1.1606042467e-10  9.4896629463e-06      0.0000000000  2.2733647403e-07  2.2769105216e-07    0.034250000000    0.014250000000
 2.2602103116e-07 -1.0827854949e-10  9.4899929384e-06      0.0000000000  2.2758431134e-07  2.2823564265e-07    0.034261111111    0.014261111111
 2.2610702395e-07 -1.1948849706e-10  9.4903229478e-06      0.0000000000  2.2783214864e-07  2.2949649587e-07    0.034272222222    0.014272222222
 2.2638045695e-07 -1.1771564501e-10  9.4906529399e-06      0.0000000000  2.2807998595e-07  2.2939824695e-07    0.034283333333    0.014283333333
 2.2664195099e-07 -1.1676972970e-10  9.4909829459e-06      0.0000000000  2.2832782326e-07  2.2905164792e-07    0.034294444444    0.014294444444
 2.2694808388e-07 -1.1273196222e-10  9.4913279311e-06      0.0000000000  2.2857566056e-07  2.2876537552e-07    0.034305555556    0.014305555556
 2.2732611401e-07 -1.0371432700e-10  9.4916729442e-06      0.0000000000  2.2882349787e-07  2.2689136668e-07    0.034316666667    0.014316666667
 2.2745230102e-07 -1.1214027516e-10  9.4920029467e-06      0.0000000000  2.2907133517e-07  2.2665399076e-07    0.034327777778    0.014327777778
 2.2776314255e-07 -1.0777637066e-10  9.4923329387e-06      0.0000000000  2.2931917248e-07  2.2881824975e-07    0.034338888889    0.014338888889
 2.2803339202e-07 -1.0622402150e-10  9.4926629482e-06      0.0000000000  2.2956700979e-07  2.3016650348e-07    0.034350000000    0.014350000000
 2.2810863964e-07 -1.1817821955e-10  9.4929929402e-06      0.0000000000  2.2981484709e-07  2.2867630845e-07    0.034361111111    0.014361111111
 2.2837689910e-07 -1.1676370552e-10  9.4933229428e-06      0.0000000000  2.3006268440e-07  2.2976270656e-07    0.034372222222    0.014372222222
 2.2886642566e-07 -1.0002341674e-10  9.4936529418e-06      0.0000000000  2.3031052171e-07  2.2934097046e-07    0.034383333333    0.014383333333
 2.2915896090e-07 -9.6927473293e-11  9.4939829443e-06      0.0000000000  2.3055835901e-07  2.3092947729e-07    0.034394444444    0.014394444444
 2.2898102969e-07 -1.2644926810e-10  9.4943279260e-06      0.0000000000  2.3080665107e-07  2.3179764930e-07    0.034405555556    0.014405555556
 2.2930314622e-07 -1.2130441508e-10  9.4946729426e-06      0.0000000000  2.3105448837e-07  2.3161582041e-07    0.034416666667    0.014416666667
 2.2988102043e-07 -9.8444842471e-11  9.4950029451e-06      0.0000000000  2.3130232568e-07  2.3155860681e-07    0.034427777778    0.014427777778
 2.3024081133e-07 -9.0690523210e-11  9.4953329371e-06      0.0000000000  2.3155016298e-07  2.3100582498e-07    0.034438888889    0.014438888889
 2.3044585174e-07 -9.3686291635e-11  9.4956629466e-06      0.0000000000  2.3179845504e-07  2.3090748173e-07    0.034450000000    0.014450000000
 2.3062854925e-07 -9.8198114461e-11  9.4959929386e-06      0.0000000000  2.3204629234e-07  2.3190228148e-07    0.034461111111    0.014461111111
 2.3109704097e-07 -8.2946273594e-11  9.4963229412e-06      0.0000000000  2.3229458440e-07  2.3372830574e-07    0.034472222222    0.014472222222
 2.3166019052e-07 -6.1106584709e-11  9.4966529472e-06      0.0000000000  2.3254242170e-07  2.3175499458e-07    0.034483333333    0.014483333333
 2.3164953548e-07 -7.9042215430e-11  9.4969829392e-06      0.0000000000  2.3279071376e-07  2.3191599137e-07    0.034494444444    0.014494444444
 2.3160330565e-07 -9.9410389421e-11  9.4973279313e-06      0.0000000000  2.3303855106e-07  2.3566543978e-07    0.034505555556    0.014505555556
 2.3218173396e-07 -7.6543934936e-11  9.4976729410e-06      0.0000000000  2.3328684312e-07  2.3497417557e-07    0.034516666667    0.014516666667
 2.3264698475e-07 -6.1485075578e-11  9.4980029470e-06      0.0000000000  2.3353468042e-07  2.3458929263e-07    0.034527777778    0.014527777778
 2.3270637106e-07 -7.4569383516e-11  9.4983329390e-06      0.0000000000  2.3378297248e-07  2.3451961121e-07    0.034538888889    0.014538888889
 2.3284847652e-07 -8.1892761680e-11  9.4986629450e-06      0.0000000000  2.3403080978e-07  2.3461795446e-07    0.034550000000    0.014550000000
 2.3289711792e-07 -9.5721301589e-11  9.4989929405e-06      0.0000000000  2.3427910184e-07  2.3368050982e-07    0.034561111111    0.014561111111
 2.3305082137e-07 -1.0227285732e-10  9.4993229430e-06      0.0000000000  2.3452739389e-07  2.3351956020e-07    0.034572222222    0.014572222222
 2.3346399612e-07 -9.0852474023e-11  9.4996529456e-06      0.0000000000  2.3477568594e-07  2.3274581658e-07    0.034583333333    0.014583333333
 2.3345885558e-07 -1.0837465240e-10  9.4999829376e-06      0.0000000000  2.3502352325e-07  2.3444059072e-07    0.034594444444    0.014594444444
 2.3359475050e-07 -1.1615969189e-10  9.5003279332e-06      0.0000000000  2.3527181530e-07  2.3395417290e-07    0.034605555556    0.014605555556
 2.3394892698e-07 -1.0882574634e-10  9.5006729359e-06      0.0000000000  2.3552010736e-07  2.3357133387e-07    0.034616666667    0.014616666667
 2.3401388494e-07 -1.2152414183e-10  9.5010029454e-06      0.0000000000  2.3576839941e-07  2.3472571540e-07    0.034627777778    0.014627777778
 2.3424956844e-07 -1.2239745654e-10  9.5013329444e-06      0.0000000000  2.3601669146e-07  2.3623087809e-07    0.034638888889    0.014638888889
 2.3461140622e-07 -1.1453286054e-10  9.5016629399e-06      0.0000000000  2.3626498352e-07  2.3561964060e-07    0.034650000000    0.014650000000
 2.3491116160e-07 -1.1096832084e-10  9.5019929459e-06      0.0000000000  2.3651327557e-07  2.3516510769e-07    0.034661111111    0.014661111111
 2.3487702701e-07 -1.3053023213e-10  9.5023229414e-06      0.0000000000  2.3676156762e-07  2.3699088038e-07    0.034672222222    0.014672222222
 2.3524364022e-07 -1.2233487254e-10  9.5026529439e-06      0.0000000000  2.3700985968e-07  2.3699234256e-07    0.034683333333    0.014683333333
 2.3585141844e-07 -9.7435534965e-11  9.5029829395e-06      0.0000000000  2.3725815173e-07  2.3673863113e-07    0.034694444444    0.014694444444
 2.3598810931e-07 -1.0516544411e-10  9.5033279316e-06      0.0000000000  2.3750644379e-07  2.3821723879e-07    0.034705555556    0.014705555556
 2.3608281449e-07 -1.1580343759e-10  9.5036729377e-06      0.0000000000  2.3775473584e-07  2.3754358360e-07    0.034716666667    0.014716666667
 2.3616255397e-07 -1.2750950775e-10  9.5040029438e-06      0.0000000000  2.3800348264e-07  2.3765829381e-07    0.034727777778    0.014727777778
 2.3679222012e-07 -1.0109413181e-10  9.5043329428e-06      0.0000000000  2.3825177469e-07  2.3868029321e-07    0.034738888889    0.014738888889
 2.3708640412e-07 -9.7915486053e-11  9.5046629418e-06      0.0000000000  2.3850006675e-07  2.3946623737e-07    0.034750000000    0.014750000000
 2.3724926084e-07 -1.0383305201e-10  9.5049929478e-06      0.0000000000  2.3874835880e-07  2.3901604382e-07    0.034761111111    0.014761111111
 2.3750848104e-07 -1.0310762605e-10  9.5053229363e-06      0.0000000000  2.3899710560e-07  2.3857380578e-07    0.034772222222    0.014772222222
 2.3796742164e-07 -8.8517330878e-11  9.5056529458e-06      0.0000000000  2.3924539766e-07  2.3922483653e-07    0.034783333333    0.014783333333
 2.3831538759e-07 -8.1645046657e-11  9.5059829449e-06      0.0000000000  2.3949414446e-07  2.4015001774e-07    0.034794444444    0.014794444444
 2.3806764694e-07 -1.1600210075e-10  9.5063279265e-06      0.0000000000  2.3974243651e-07  2.3949799650e-07    0.034805555556    0.014805555556
 2.3865582516e-07 -9.2460331864e-11  9.5066729431e-06      0.0000000000  2.3999072856e-07  2.3934473511e-07    0.034816666667    0.014816666667
 2.3911641453e-07 -7.7787334392e-11  9.5070029456e-06      0.0000000000  2.4023947536e-07  2.3927106021e-07    0.034827777778    0.014827777778
 2.3919410713e-07 -8.9603681284e-11  9.5073329412e-06      0.0000000000  2.4048776742e-07  2.4115014737e-07    0.034838888889    0.014838888889
 2.3952814438e-07 -8.3696150435e-11  9.5076629402e-06      0.0000000000  2.4073651422e-07  2.4104641135e-07    0.034850000000    0.014850000000
 2.3980805898e-07 -8.1537353868e-11  9.5079929497e-06      0.0000000000  2.4098526102e-07  2.4166462957e-07    0.034861111111    0.014861111111
 2.3988694538e-07 -9.3271014488e-11  9.5083229382e-06      0.0000000000  2.4123355307e-07  2.4254325693e-07    0.034872222222    0.014872222222
 2.3988351074e-07 -1.1073803045e-10  9.5086529442e-06      0.0000000000  2.4148229987e-07  2.4074897609e-07    0.034883333333    0.014883333333
 2.4028241608e-07 -1.0033749634e-10  9.5089829433e-06      0.0000000000  2.4173104668e-07  2.4079806124e-07    0.034894444444    0.014894444444
 2.4071900466e-07 -8.7295385032e-11  9.5093279284e-06      0.0000000000  2.4197933873e-07  2.4237002817e-07    0.034905555556    0.014905555556
 2.4077851384e-07 -1.0040268031e-10  9.5096729450e-06      0.0000000000  2.4222808553e-07  2.4254059986e-07    0.034916666667    0.014916666667
 2.4080373256e-07 -1.1588505918e-10  9.5100029405e-06      0.0000000000  2.4247683233e-07  2.4193466079e-07    0.034927777778    0.014927777778
 2.4115050472e-07 -1.0909546123e-10  9.5103329466e-06      0.0000000000  2.4272557913e-07  2.4216673828e-07    0.034938888889    0.014938888889
 2.4151001153e-07 -1.0142381469e-10  9.5106629421e-06      0.0000000000  2.4297432593e-07  2.4421350422e-07    0.034950000000    0.014950000000
 2.4173614392e-07 -1.0295867509e-10  9.5109929446e-06      0.0000000000  2.4322261799e-07  2.4319002692e-07    0.034961111111    0.014961111111
 2.4177529134e-07 -1.1747630059e-10  9.5113229436e-06      0.0000000000  2.4347136479e-07  2.4389956049e-07    0.034972222222    0.014972222222
 2.4223389071e-07 -1.0294113825e-10  9.5116529461e-06      0.0000000000  2.4372011159e-07  2.4401835851e-07    0.034983333333    0.014983333333
 2.4252614211e-07 -9.9927849010e-11  9.5119829417e-06      0.0000000000  2.4396885839e-07  2.4403208411e-07    0.034994444444    0.014994444444
 2.4264614260e-07 -1.0884529317e-10  9.5123279268e-06      0.0000000000  2.4421760519e-07  2.4411113605e-07    0.035005555556    0.015005555556
 2.4296936815e-07 -1.0368662088e-10  9.5126729399e-06      0.0000000000  2.4446635199e-07  2.4462420324e-07    0.035016666667    0.015016666667
 2.4330784012e-07 -9.7503422246e-11  9.5130029389e-06      0.0000000000  2.4471555354e-07  2.4468965535e-07    0.035027777778    0.015027777778
 2.4353960101e-07 -9.8679928599e-11  9.5133329484e-06      0.0000000000  2.4496430034e-07  2.4558747969e-07    0.035038888889    0.015038888889
 2.4360978938e-07 -1.1104754446e-10  9.5136629370e-06      0.0000000000  2.4521304714e-07  2.4510714642e-07    0.035050000000    0.015050000000
 2.4393546956e-07 -1.0571885453e-10  9.5139929430e-06      0.0000000000  2.4546179394e-07  2.4538973980e-07    0.035061111111    0.015061111111
 2.4432601731e-07 -9.5897198347e-11  9.5143229420e-06      0.0000000000  2.4571054074e-07  2.4541690800e-07    0.035072222222    0.015072222222
 2.4452753322e-07 -9.9168583988e-11  9.5146529410e-06      0.0000000000  2.4595928754e-07  2.4620830781e-07    0.035083333333    0.015083333333
 2.4469886101e-07 -1.0456240732e-10  9.5149829470e-06      0.0000000000  2.4620848909e-07  2.4705975125e-07    0.035094444444    0.015094444444
 2.4502626615e-07 -9.9114240536e-11  9.5153279217e-06      0.0000000000  2.4645723589e-07  2.4700782035e-07    0.035105555556    0.015105555556
 2.4536534388e-07 -9.2857587814e-11  9.5156729453e-06      0.0000000000  2.4670598269e-07  2.4718942913e-07    0.035116666667    0.015116666667
 2.4560193734e-07 -9.3730870462e-11  9.5160029408e-06      0.0000000000  2.4695518424e-07  2.4698483429e-07    0.035127777778    0.015127777778
 2.4610351687e-07 -7.6218743224e-11  9.5163329433e-06      0.0000000000  2.4720393104e-07  2.4763422991e-07    0.035138888889    0.015138888889
 2.4635921257e-07 -7.5768934476e-11  9.5166629389e-06      0.0000000000  2.4745313259e-07  2.4774335868e-07    0.035150000000    0.015150000000
 2.4660768812e-07 -7.5787721977e-11  9.5169929449e-06      0.0000000000  2.4770187939e-07  2.4701063465e-07    0.035161111111    0.015161111111
 2.4677264833e-07 -8.1622588109e-11  9.5173229404e-06      0.0000000000  2.4795108094e-07  2.4780212880e-07    0.035172222222    0.015172222222
 2.4715245143e-07 -7.2545145391e-11  9.5176529394e-06      0.0000000000  2.4819982774e-07  2.4815819268e-07    0.035183333333    0.015183333333
 2.4735800395e-07 -7.5568437679e-11  9.5179829489e-06      0.0000000000  2.4844902929e-07  2.4849939895e-07    0.035194444444    0.015194444444
 2.4760839386e-07 -7.5486127587e-11  9.5183279201e-06      0.0000000000  2.4869823084e-07  2.4924433923e-07    0.035205555556    0.015205555556
 2.4780924608e-07 -7.8803482947e-11  9.5186729472e-06      0.0000000000  2.4894697764e-07  2.4842836540e-07    0.035216666667    0.015216666667
 2.4800126801e-07 -8.2763954179e-11  9.5190029392e-06      0.0000000000  2.4919617919e-07  2.4880488405e-07    0.035227777778    0.015227777778
 2.4826412698e-07 -8.1817990783e-11  9.5193329417e-06      0.0000000000  2.4944538074e-07  2.5055140042e-07    0.035238888889    0.015238888889
 2.4844415307e-07 -8.6577840366e-11  9.5196629443e-06      0.0000000000  2.4969412754e-07  2.5031127309e-07    0.035250000000    0.015250000000
 2.4844913264e-07 -1.0349355530e-10  9.5199929398e-06      0.0000000000  2.4994332909e-07  2.5099076127e-07    0.035261111111    0.015261111111
 2.4880352305e-07 -9.6207786679e-11  9.5203229458e-06      0.0000000000  2.5019253063e-07  2.5009296837e-07    0.035272222222    0.015272222222
 2.4914398476e-07 -8.9886771425e-11  9.5206529378e-06      0.0000000000  2.5044173218e-07  2.5061702548e-07    0.035283333333    0.015283333333
 2.4907733107e-07 -1.1176406985e-10  9.5209829438e-06      0.0000000000  2.5069093373e-07  2.5111100574e-07    0.035294444444    0.015294444444
 2.4922653929e-07 -1.1868997653e-10  9.5213279255e-06      0.0000000000  2.5094013528e-07  2.5036494917e-07    0.035305555556    0.015305555556
 2.4965160055e-07 -1.0650928421e-10  9.5216729456e-06      0.0000000000  2.5118933683e-07  2.5208226915e-07    0.035316666667    0.015316666667
 2.4986744328e-07 -1.0878834206e-10  9.5220029376e-06      0.0000000000  2.5143808363e-07  2.5173854730e-07    0.035327777778    0.015327777778
 2.4995360695e-07 -1.2008094632e-10  9.5223329436e-06      0.0000000000  2.5168728518e-07  2.5116556227e-07    0.035338888889    0.015338888889
 2.5010151206e-07 -1.2712860861e-10  9.5226629461e-06      0.0000000000  2.5193694147e-07  2.5213703006e-07    0.035350000000    0.015350000000
 2.5033531984e-07 -1.2819483823e-10  9.5229929382e-06      0.0000000000  2.5218614302e-07  2.5266085133e-07    0.035361111111    0.015361111111
 2.5071517981e-07 -1.1914495391e-10  9.5233229477e-06      0.0000000000  2.5243534457e-07  2.5445650002e-07    0.035372222222    0.015372222222
 2.5103614144e-07 -1.1417458598e-10  9.5236529397e-06      0.0000000000  2.5268454612e-07  2.5252315506e-07    0.035383333333    0.015383333333
 2.5119791812e-07 -1.2022995500e-10  9.5239829422e-06      0.0000000000  2.5293374766e-07  2.5282318452e-07    0.035394444444    0.015394444444
 2.5135011108e-07 -1.2694912750e-10  9.5243279274e-06      0.0000000000  2.5318294921e-07  2.5299146074e-07    0.035405555556    0.015405555556
 2.5159788015e-07 -1.2704834598e-10  9.5246729405e-06      0.0000000000  2.5343215076e-07  2.5304156785e-07    0.035416666667    0.015416666667
 2.5183851049e-07 -1.2767351677e-10  9.5250029430e-06      0.0000000000  2.5368180706e-07  2.5336071567e-07    0.035427777778    0.015427777778
 2.5215907402e-07 -1.2273072326e-10  9.5253329420e-06      0.0000000000  2.5393100861e-07  2.5365420463e-07    0.035438888889    0.015438888889
 2.5256320976e-07 -1.1199940952e-10  9.5256629445e-06      0.0000000000  2.5418021015e-07  2.5295569241e-07    0.035450000000    0.015450000000
 2.5296899427e-07 -1.0118539348e-10  9.5259929366e-06      0.0000000000  2.5442986645e-07  2.5410169393e-07    0.035461111111    0.015461111111
 2.5319364904e-07 -1.0288559437e-10  9.5263229461e-06      0.0000000000  2.5467906800e-07  2.5565164958e-07    0.035472222222    0.015472222222
 2.5325519624e-07 -1.1591472387e-10  9.5266529381e-06      0.0000000000  2.5492872429e-07  2.5520416028e-07    0.035483333333    0.015483333333
 2.5368320965e-07 -1.0352955513e-10  9.5269829406e-06      0.0000000000  2.5517792584e-07  2.5604184666e-07    0.035494444444    0.015494444444
 2.5407815012e-07 -9.3466636911e-11  9.5273279293e-06      0.0000000000  2.5542758214e-07  2.5575305868e-07    0.035505555556    0.015505555556
 2.5438369028e-07 -8.9564417201e-11  9.5276729389e-06      0.0000000000  2.5567678369e-07  2.5613597632e-07    0.035516666667    0.015516666667
 2.5459487132e-07 -9.2229355434e-11  9.5280029484e-06      0.0000000000  2.5592643998e-07  2.5598037230e-07    0.035527777778    0.015527777778
 2.5504636455e-07 -7.8217887631e-11  9.5283329369e-06      0.0000000000  2.5617564153e-07  2.5495708367e-07    0.035538888889    0.015538888889
 2.5521695326e-07 -8.3694399709e-11  9.5286629464e-06      0.0000000000  2.5642529782e-07  2.5628329467e-07    0.035550000000    0.015550000000
 2.5537281760e-07 -9.0190777003e-11  9.5289929420e-06      0.0000000000  2.5667495412e-07  2.5788389198e-07    0.035561111111    0.015561111111
 2.5588400512e-07 -7.2044662466e-11  9.5293229410e-06      0.0000000000  2.5692415567e-07  2.5738988027e-07    0.035572222222    0.015572222222
 2.5617557458e-07 -6.9141601867e-11  9.5296529435e-06      0.0000000000  2.5717381196e-07  2.5624647294e-07    0.035583333333    0.015583333333
 2.5638357182e-07 -7.2027061502e-11  9.5299829355e-06      0.0000000000  2.5742346826e-07  2.5742527126e-07    0.035594444444    0.015594444444
 2.5675164990e-07 -6.3824732458e-11  9.5303279277e-06      0.0000000000  2.5767312456e-07  2.5739387375e-07    0.035605555556    0.015605555556
 2.5705261342e-07 -6.0239507636e-11  9.5306729408e-06      0.0000000000  2.5792232610e-07  2.5812810712e-07    0.035616666667    0.015616666667
 2.5692831231e-07 -8.6141176062e-11  9.5310029433e-06      0.0000000000  2.5817198240e-07  2.5846373196e-07    0.035627777778    0.015627777778
 2.5711800326e-07 -9.0294596743e-11  9.5313329353e-06      0.0000000000  2.5842163870e-07  2.5820171913e-07    0.035638888889    0.015638888889
 2.5748518546e-07 -8.2154319416e-11  9.5316629448e-06      0.0000000000  2.5867129499e-07  2.5838173994e-07    0.035650000000    0.015650000000
 2.5762632514e-07 -8.9670580432e-11  9.5319929369e-06      0.0000000000  2.5892095129e-07  2.5882795573e-07    0.035661111111    0.015661111111
 2.5759833091e-07 -1.0890168003e-10  9.5323229394e-06      0.0000000000  2.5917060758e-07  2.5845675124e-07    0.035672222222    0.015672222222
 2.5784612452e-07 -1.0903069617e-10  9.5326529454e-06      0.0000000000  2.5942026388e-07  2.5983761310e-07    0.035683333333    0.015683333333
 2.5814008156e-07 -1.0596226303e-10  9.5329829374e-06      0.0000000000  2.5966992017e-07  2.6006950192e-07    0.035694444444    0.015694444444
 2.5834406673e-07 -1.0912561368e-10  9.5333279331e-06      0.0000000000  2.5991957647e-07  2.5987523666e-07    0.035705555556    0.015705555556
 2.5859189294e-07 -1.0925237205e-10  9.5336729357e-06      0.0000000000  2.6016923276e-07  2.6011457787e-07    0.035716666667    0.015716666667
 2.5879153312e-07 -1.1271667261e-10  9.5340029417e-06      0.0000000000  2.6041888906e-07  2.6055654863e-07    0.035727777778    0.015727777778
 2.5902141829e-07 -1.1408609387e-10  9.5343329407e-06      0.0000000000  2.6066854536e-07  2.6129603327e-07    0.035738888889    0.015738888889
 2.5912600253e-07 -1.2416581687e-10  9.5346629397e-06      0.0000000000  2.6091865640e-07  2.6148154118e-07    0.035750000000    0.015750000000
 2.5935270390e-07 -1.2575575954e-10  9.5349929422e-06      0.0000000000  2.6116831269e-07  2.6136703537e-07    0.035761111111    0.015761111111
 2.5973898834e-07 -1.1629239082e-10  9.5353229413e-06      0.0000000000  2.6141796899e-07  2.6126056367e-07    0.035772222222    0.015772222222
 2.5980332123e-07 -1.2912857334e-10  9.5356529438e-06      0.0000000000  2.6166762529e-07  2.6155674115e-07    0.035783333333    0.015783333333
 2.6027840829e-07 -1.1354590476e-10  9.5359829358e-06      0.0000000000  2.6191773633e-07  2.6191692428e-07    0.035794444444    0.015794444444
 2.6060251146e-07 -1.0838943967e-10  9.5363279315e-06      0.0000000000  2.6216739262e-07  2.6272673495e-07    0.035805555556    0.015805555556
 2.6068092931e-07 -1.2028154286e-10  9.5366729341e-06      0.0000000000  2.6241750367e-07  2.6251033264e-07    0.035816666667    0.015816666667
 2.6103696850e-07 -1.1291307193e-10  9.5370029436e-06      0.0000000000  2.6266715996e-07  2.6228927651e-07    0.035827777778    0.015827777778
 2.6147976343e-07 -9.9535577878e-11  9.5373329426e-06      0.0000000000  2.6291681626e-07  2.6300967422e-07    0.035838888889    0.015838888889
 2.6160583775e-07 -1.0812681843e-10  9.5376629381e-06      0.0000000000  2.6316692730e-07  2.6391006131e-07    0.035850000000    0.015850000000
 2.6186358033e-07 -1.0756673295e-10  9.5379929476e-06      0.0000000000  2.6341658360e-07  2.6397557631e-07    0.035861111111    0.015861111111
 2.6232832032e-07 -9.2700740418e-11  9.5383229362e-06      0.0000000000  2.6366669464e-07  2.6307797207e-07    0.035872222222    0.015872222222
 2.6231749545e-07 -1.1077412364e-10  9.5386529422e-06      0.0000000000  2.6391680568e-07  2.6521569176e-07    0.035883333333    0.015883333333
 2.6256091122e-07 -1.1120636596e-10  9.5389829412e-06      0.0000000000  2.6416646198e-07  2.6555419378e-07    0.035894444444    0.015894444444
 2.6298197529e-07 -9.9365528801e-11  9.5393279264e-06      0.0000000000  2.6441657302e-07  2.6482279043e-07    0.035905555556    0.015905555556
 2.6321574027e-07 -1.0046621968e-10  9.5396729395e-06      0.0000000000  2.6466622932e-07  2.6539720620e-07    0.035916666667    0.015916666667
 2.6330719176e-07 -1.1145556570e-10  9.5400029420e-06      0.0000000000  2.6491634036e-07  2.6446400658e-07    0.035927777778    0.015927777778
 2.6358051180e-07 -1.0984802455e-10  9.5403329410e-06      0.0000000000  2.6516645140e-07  2.6503571811e-07    0.035938888889    0.015938888889
 2.6371613698e-07 -1.1777773791e-10  9.5406629400e-06      0.0000000000  2.6541656245e-07  2.6506845203e-07    0.035950000000    0.015950000000
 2.6394761404e-07 -1.1903689848e-10  9.5409929460e-06      0.0000000000  2.6566621874e-07  2.6562507010e-07    0.035961111111    0.015961111111
 2.6418710747e-07 -1.1977231394e-10  9.5413229346e-06      0.0000000000  2.6591632979e-07  2.6602892990e-07    0.035972222222    0.015972222222
 2.6426184456e-07 -1.3191936030e-10  9.5416529441e-06      0.0000000000  2.6616644083e-07  2.6510530520e-07    0.035983333333    0.015983333333
 2.6460520596e-07 -1.2546049637e-10  9.5419829431e-06      0.0000000000  2.6641655187e-07  2.6676699953e-07    0.035994444444    0.015994444444
 2.6523138624e-07 -9.9412554957e-11  9.5423279248e-06      0.0000000000  2.6666666291e-07  2.6752401458e-07    0.036005555556    0.016005555556
 2.6534366411e-07 -1.0895938825e-10  9.5426729448e-06      0.0000000000  2.6691677396e-07  2.6737817413e-07    0.036016666667    0.016016666667
 2.6561380036e-07 -1.0757236850e-10  9.5430029369e-06      0.0000000000  2.6716688500e-07  2.6718991481e-07    0.036027777778    0.016027777778
 2.6597188669e-07 -1.0009360233e-10  9.5433329464e-06      0.0000000000  2.6741699604e-07  2.6795389485e-07    0.036038888889    0.016038888889
 2.6633076870e-07 -9.2559724323e-11  9.5436629384e-06      0.0000000000  2.6766710709e-07  2.6891438845e-07    0.036050000000    0.016050000000
 2.6669800776e-07 -8.4447005394e-11  9.5439929409e-06      0.0000000000  2.6791721813e-07  2.6854198906e-07    0.036061111111    0.016061111111
 2.6673891797e-07 -9.8937026881e-11  9.5443229399e-06      0.0000000000  2.6816732917e-07  2.6802903193e-07    0.036072222222    0.016072222222
 2.6683992057e-07 -1.0926482721e-10  9.5446529390e-06      0.0000000000  2.6841744021e-07  2.6823765168e-07    0.036083333333    0.016083333333
 2.6727799695e-07 -9.6245655143e-11  9.5449829415e-06      0.0000000000  2.6866755126e-07  2.6892256407e-07    0.036094444444    0.016094444444
 2.6731654385e-07 -1.1093086535e-10  9.5453279232e-06      0.0000000000  2.6891811705e-07  2.6948993623e-07    0.036105555556    0.016105555556
 2.6750871238e-07 -1.1494417710e-10  9.5456729398e-06      0.0000000000  2.6916822809e-07  2.6896348933e-07    0.036116666667    0.016116666667
 2.6783655319e-07 -1.0956032723e-10  9.5460029388e-06      0.0000000000  2.6941833913e-07  2.6915982994e-07    0.036127777778    0.016127777778
 2.6803943403e-07 -1.1283166478e-10  9.5463329448e-06      0.0000000000  2.6966845018e-07  2.6991560292e-07    0.036138888889    0.016138888889
 2.6836295439e-07 -1.0777856249e-10  9.5466629333e-06      0.0000000000  2.6991901597e-07  2.6946819223e-07    0.036150000000    0.016150000000
 2.6881854137e-07 -9.3546541221e-11  9.5469929428e-06      0.0000000000  2.7016912701e-07  2.7040131323e-07    0.036161111111    0.016161111111
 2.6876439564e-07 -1.1465198515e-10  9.5473229383e-06      0.0000000000  2.7041969280e-07  2.6967828989e-07    0.036172222222    0.016172222222
 2.6898359277e-07 -1.1679319679e-10  9.5476529374e-06      0.0000000000  2.7066980384e-07  2.7004120871e-07    0.036183333333    0.016183333333
 2.6969705915e-07 -8.4699497190e-11  9.5479829469e-06      0.0000000000  2.7091991489e-07  2.6971375949e-07    0.036194444444    0.016194444444
 2.6987830853e-07 -8.9500607282e-11  9.5483279181e-06      0.0000000000  2.7117048068e-07  2.7072558654e-07    0.036205555556    0.016205555556
 2.7011919427e-07 -9.0139586267e-11  9.5486729451e-06      0.0000000000  2.7142059172e-07  2.7090754120e-07    0.036216666667    0.016216666667
 2.7078058461e-07 -6.1684362726e-11  9.5490029372e-06      0.0000000000  2.7167115751e-07  2.7171791788e-07    0.036227777778    0.016227777778
 2.7103161889e-07 -6.1620415864e-11  9.5493329397e-06      0.0000000000  2.7192126855e-07  2.7182151239e-07    0.036238888889    0.016238888889
 2.7102522875e-07 -7.9418131306e-11  9.5496629387e-06      0.0000000000  2.7217183434e-07  2.7180514543e-07    0.036250000000    0.016250000000
 2.7139013711e-07 -7.1498343320e-11  9.5499929412e-06      0.0000000000  2.7242240013e-07  2.7269339487e-07    0.036261111111    0.016261111111
 2.7198381680e-07 -4.7701511619e-11  9.5503229402e-06      0.0000000000  2.7267251118e-07  2.7363458143e-07    0.036272222222    0.016272222222
 2.7213621351e-07 -5.4501064527e-11  9.5506529393e-06      0.0000000000  2.7292307697e-07  2.7282425192e-07    0.036283333333    0.016283333333
 2.7211271087e-07 -7.3484054742e-11  9.5509829453e-06      0.0000000000  2.7317364276e-07  2.7178211220e-07    0.036294444444    0.016294444444
 2.7249214536e-07 -6.4558133235e-11  9.5513279199e-06      0.0000000000  2.7342420855e-07  2.7409200725e-07    0.036305555556    0.016305555556
 2.7269880636e-07 -6.7567643262e-11  9.5516729435e-06      0.0000000000  2.7367431959e-07  2.7427308147e-07    0.036316666667    0.016316666667
 2.7296621406e-07 -6.6401110375e-11  9.5520029356e-06      0.0000000000  2.7392488538e-07  2.7456781249e-07    0.036327777778    0.016327777778
 2.7299444649e-07 -8.1800738854e-11  9.5523329416e-06      0.0000000000  2.7417545117e-07  2.7447494062e-07    0.036338888889    0.016338888889
 2.7313609829e-07 -8.9344523732e-11  9.5526629441e-06      0.0000000000  2.7442601696e-07  2.7383114215e-07    0.036350000000    0.016350000000
 2.7335137281e-07 -9.1788927010e-11  9.5529929361e-06      0.0000000000  2.7467658275e-07  2.7438370387e-07    0.036361111111    0.016361111111
 2.7349023892e-07 -9.9525658862e-11  9.5533229456e-06      0.0000000000  2.7492714854e-07  2.7554053807e-07    0.036372222222    0.016372222222
 2.7357498184e-07 -1.1101116201e-10  9.5536529377e-06      0.0000000000  2.7517771433e-07  2.7459905279e-07    0.036383333333    0.016383333333
 2.7381612403e-07 -1.1166387516e-10  9.5539829402e-06      0.0000000000  2.7542828012e-07  2.7663726577e-07    0.036394444444    0.016394444444
 2.7383447430e-07 -1.2774797868e-10  9.5543279218e-06      0.0000000000  2.7567884591e-07  2.7667819102e-07    0.036405555556    0.016405555556
 2.7397605903e-07 -1.3529640865e-10  9.5546729454e-06      0.0000000000  2.7592941170e-07  2.7565367605e-07    0.036416666667    0.016416666667
 2.7464739860e-07 -1.0615206498e-10  9.5550029375e-06      0.0000000000  2.7617997749e-07  2.7519524400e-07    0.036427777778    0.016427777778
 2.7471622309e-07 -1.1874013812e-10  9.5553329400e-06      0.0000000000  2.7643054328e-07  2.7554733013e-07    0.036438888889    0.016438888889
 2.7464496485e-07 -1.4103085683e-10  9.5556629425e-06      0.0000000000  2.7668110908e-07  2.7664412071e-07    0.036450000000    0.016450000000
 2.7523392626e-07 -1.1759232862e-10  9.5559929345e-06      0.0000000000  2.7693167487e-07  2.7693886746e-07    0.036461111111    0.016461111111
 2.7557694669e-07 -1.1118857900e-10  9.5563229440e-06      0.0000000000  2.7718224066e-07  2.7693062895e-07    0.036472222222    0.016472222222
 2.7552604162e-07 -1.3210105993e-10  9.5566529360e-06      0.0000000000  2.7743326119e-07  2.7650228946e-07    0.036483333333    0.016483333333
 2.7599800203e-07 -1.1676645264e-10  9.5569829421e-06      0.0000000000  2.7768382698e-07  2.7766179647e-07    0.036494444444    0.016494444444
 2.7653148107e-07 -9.7170837410e-11  9.5573279272e-06      0.0000000000  2.7793439277e-07  2.7780869031e-07    0.036505555556    0.016505555556
 2.7644208194e-07 -1.2071806175e-10  9.5576729403e-06      0.0000000000  2.7818495856e-07  2.7868901569e-07    0.036516666667    0.016516666667
 2.7677003702e-07 -1.1538929167e-10  9.5580029428e-06      0.0000000000  2.7843597910e-07  2.7858254398e-07    0.036527777778    0.016527777778
 2.7735103894e-07 -9.2502066957e-11  9.5583329384e-06      0.0000000000  2.7868654489e-07  2.7814736528e-07    0.036538888889    0.016538888889
 2.7726391940e-07 -1.1592289555e-10  9.5586629444e-06      0.0000000000  2.7893756543e-07  2.7833287319e-07    0.036550000000    0.016550000000
 2.7768573636e-07 -1.0406140780e-10  9.5589929364e-06      0.0000000000  2.7918813122e-07  2.7982259655e-07    0.036561111111    0.016561111111
 2.7818998863e-07 -8.6521644494e-11  9.5593229459e-06      0.0000000000  2.7943915176e-07  2.7929607104e-07    0.036572222222    0.016572222222
 2.7841123290e-07 -8.8552560891e-11  9.5596529379e-06      0.0000000000  2.7968971755e-07  2.8011056697e-07    0.036583333333    0.016583333333
 2.7826760260e-07 -1.1588753332e-10  9.5599829405e-06      0.0000000000  2.7994073809e-07  2.7867810438e-07    0.036594444444    0.016594444444
 2.7862282785e-07 -1.0863843316e-10  9.5603279256e-06      0.0000000000  2.8019130388e-07  2.7928415350e-07    0.036605555556    0.016605555556
 2.7899508888e-07 -1.0024086979e-10  9.5606729387e-06      0.0000000000  2.8044232441e-07  2.8028511641e-07    0.036616666667    0.016616666667
 2.7901695371e-07 -1.1608154107e-10  9.5610029482e-06      0.0000000000  2.8069289020e-07  2.8068619335e-07    0.036627777778    0.016627777778
 2.7912801928e-07 -1.2577533807e-10  9.5613329333e-06      0.0000000000  2.8094391074e-07  2.8025923743e-07    0.036638888889    0.016638888889
 2.7933897336e-07 -1.2855048891e-10  9.5616629428e-06      0.0000000000  2.8119493128e-07  2.8029747417e-07    0.036650000000    0.016650000000
 2.7968796355e-07 -1.2173325241e-10  9.5619929418e-06      0.0000000000  2.8144549707e-07  2.8081297832e-07    0.036661111111    0.016661111111
 2.7983524359e-07 -1.2891870174e-10  9.5623229373e-06      0.0000000000  2.8169651761e-07  2.8037916746e-07    0.036672222222    0.016672222222
 2.7985040040e-07 -1.4525549314e-10  9.5626529433e-06      0.0000000000  2.8194753815e-07  2.8225765717e-07    0.036683333333    0.016683333333
 2.8012900799e-07 -1.4334471225e-10  9.5629829354e-06      0.0000000000  2.8219855868e-07  2.8329438840e-07    0.036694444444    0.016694444444
 2.8066401267e-07 -1.2364342589e-10  9.5633279240e-06      0.0000000000  2.8244912447e-07  2.8225026767e-07    0.036705555556    0.016705555556
 2.8086047374e-07 -1.2742241547e-10  9.5636729371e-06      0.0000000000  2.8270014501e-07  2.8239275925e-07    0.036716666667    0.016716666667
 2.8118922477e-07 -1.2203851504e-10  9.5640029431e-06      0.0000000000  2.8295116555e-07  2.8261367388e-07    0.036727777778    0.016727777778
 2.8166124205e-07 -1.0673146615e-10  9.5643329352e-06      0.0000000000  2.8320218609e-07  2.8302702998e-07    0.036738888889    0.016738888889
 2.8208152425e-07 -9.5007778992e-11  9.5646629412e-06      0.0000000000  2.8345320662e-07  2.8243234811e-07    0.036750000000    0.016750000000
 2.8234023392e-07 -9.4475201345e-11  9.5649929367e-06      0.0000000000  2.8370422716e-07  2.8325891880e-07    0.036761111111    0.016761111111
 2.8283612886e-07 -7.7514297461e-11  9.5653229392e-06      0.0000000000  2.8395524770e-07  2.8419205552e-07    0.036772222222    0.016772222222
 2.8293406168e-07 -8.8117717477e-11  9.5656529417e-06      0.0000000000  2.8420626824e-07  2.8441712085e-07    0.036783333333    0.016783333333
 2.8309527069e-07 -9.4338394929e-11  9.5659829338e-06      0.0000000000  2.8445728878e-07  2.8413870962e-07    0.036794444444    0.016794444444
 2.8335553912e-07 -9.3697851366e-11  9.5663279294e-06      0.0000000000  2.8470830931e-07  2.8508129547e-07    0.036805555556    0.016805555556
 2.8364094501e-07 -9.1316195475e-11  9.5666729320e-06      0.0000000000  2.8495932985e-07  2.8448524576e-07    0.036816666667    0.016816666667
 2.8377708230e-07 -9.9273432698e-11  9.5670029415e-06      0.0000000000  2.8521035039e-07  2.8461627576e-07    0.036827777778    0.016827777778
 2.8387979054e-07 -1.0954608912e-10  9.5673329405e-06      0.0000000000  2.8546137093e-07  2.8653287642e-07    0.036838888889    0.016838888889
 2.8422809879e-07 -1.0283908126e-10  9.5676629361e-06      0.0000000000  2.8571284621e-07  2.8618362032e-07    0.036850000000    0.016850000000
 2.8463007470e-07 -9.2383355154e-11  9.5679929421e-06      0.0000000000  2.8596386675e-07  2.8694069825e-07    0.036861111111    0.016861111111
 2.8469736443e-07 -1.0510922889e-10  9.5683229376e-06      0.0000000000  2.8621488729e-07  2.8579208683e-07    0.036872222222    0.016872222222
 2.8475510303e-07 -1.1849664832e-10  9.5686529401e-06      0.0000000000  2.8646590782e-07  2.8683282726e-07    0.036883333333    0.016883333333
 2.8514121764e-07 -1.0917103210e-10  9.5689829356e-06      0.0000000000  2.8671738311e-07  2.8740587519e-07    0.036894444444    0.016894444444
 2.8551245134e-07 -1.0084462556e-10  9.5693279278e-06      0.0000000000  2.8696840365e-07  2.8760718406e-07    0.036905555556    0.016905555556
 2.8574141299e-07 -1.0237250543e-10  9.5696729339e-06      0.0000000000  2.8721942418e-07  2.8748494285e-07    0.036916666667    0.016916666667
 2.8580875958e-07 -1.1512593756e-10  9.5700029399e-06      0.0000000000  2.8747089947e-07  2.8858992477e-07    0.036927777778    0.016927777778
 2.8602289745e-07 -1.1768056700e-10  9.5703329389e-06      0.0000000000  2.8772192001e-07  2.8764597107e-07    0.036938888889    0.016938888889
 2.8629871935e-07 -1.1596273309e-10  9.5706629380e-06      0.0000000000  2.8797294055e-07  2.8750399832e-07    0.036950000000    0.016950000000
 2.8655072046e-07 -1.1592631256e-10  9.5709929440e-06      0.0000000000  2.8822441583e-07  2.8704577066e-07    0.036961111111    0.016961111111
 2.8698254379e-07 -1.0340324458e-10  9.5713229325e-06      0.0000000000  2.8847543637e-07  2.8848070166e-07    0.036972222222    0.016972222222
 2.8708849270e-07 -1.1348293800e-10  9.5716529420e-06      0.0000000000  2.8872691165e-07  2.8999897679e-07    0.036983333333    0.016983333333
 2.8717966035e-07 -1.2455493823e-10  9.5719829410e-06      0.0000000000  2.8897793219e-07  2.8884770829e-07    0.036994444444    0.016994444444
 2.8766261273e-07 -1.0852198111e-10  9.5723279227e-06      0.0000000000  2.8922940748e-07  2.8971792420e-07    0.037005555556    0.017005555556
 2.8794432793e-07 -1.0642745337e-10  9.5726729393e-06      0.0000000000  2.8948088276e-07  2.8957073163e-07    0.037016666667    0.017016666667
 2.8782218771e-07 -1.3227394336e-10  9.5730029418e-06      0.0000000000  2.8973190330e-07  2.9006991600e-07    0.037027777778    0.017027777778
 2.8821705749e-07 -1.2234191179e-10  9.5733329373e-06      0.0000000000  2.8998337858e-07  2.9011766475e-07    0.037038888889    0.017038888889
 2.8880732643e-07 -9.8875814101e-11  9.5736629364e-06      0.0000000000  2.9023485387e-07  2.8874260443e-07    0.037050000000    0.017050000000
 2.8880417695e-07 -1.1648056654e-10  9.5739929459e-06      0.0000000000  2.9048587441e-07  2.9005222836e-07    0.037061111111    0.017061111111
 2.8908682116e-07 -1.1432169230e-10  9.5743229344e-06      0.0000000000  2.9073734969e-07  2.9045330531e-07    0.037072222222    0.017072222222
 2.8969579476e-07 -8.9560040629e-11  9.5746529404e-06      0.0000000000  2.9098882498e-07  2.9082142822e-07    0.037083333333    0.017083333333
 2.8983238676e-07 -9.7517280328e-11  9.5749829394e-06      0.0000000000  2.9124030026e-07  2.9056241836e-07    0.037094444444    0.017094444444
 2.8998222084e-07 -1.0452582767e-10  9.5753279246e-06      0.0000000000  2.9149132080e-07  2.9247381493e-07    0.037105555556    0.017105555556
 2.9053650723e-07 -8.3552014154e-11  9.5756729412e-06      0.0000000000  2.9174279608e-07  2.9219784066e-07    0.037116666667    0.017116666667
 2.9098350992e-07 -7.0009064926e-11  9.5760029367e-06      0.0000000000  2.9199427137e-07  2.9269700930e-07    0.037127777778    0.017127777778
 2.9094937638e-07 -8.9791385403e-11  9.5763329427e-06      0.0000000000  2.9224574665e-07  2.9287981297e-07    0.037138888889    0.017138888889
 2.9135976649e-07 -7.8784358267e-11  9.5766629382e-06      0.0000000000  2.9249722194e-07  2.9141766660e-07    0.037150000000    0.017150000000
 2.9180278971e-07 -6.5517042285e-11  9.5769929408e-06      0.0000000000  2.9274869722e-07  2.9207649562e-07    0.037161111111    0.017161111111
 2.9192266759e-07 -7.4631963823e-11  9.5773229398e-06      0.0000000000  2.9300017251e-07  2.9386868540e-07    0.037172222222    0.017172222222
 2.9181650268e-07 -9.9403442212e-11  9.5776529423e-06      0.0000000000  2.9325164779e-07  2.9368064619e-07    0.037183333333    0.017183333333
 2.9206014673e-07 -9.9945862608e-11  9.5779829378e-06      0.0000000000  2.9350312308e-07  2.9332590298e-07    0.037194444444    0.017194444444
 2.9263917379e-07 -7.7258418659e-11  9.5783279230e-06      0.0000000000  2.9375459836e-07  2.9342897866e-07    0.037205555556    0.017205555556
 2.9293664178e-07 -7.4072794848e-11  9.5786729431e-06      0.0000000000  2.9400607365e-07  2.9340366569e-07    0.037216666667    0.017216666667
 2.9280938516e-07 -1.0030516275e-10  9.5790029351e-06      0.0000000000  2.9425754893e-07  2.9398476345e-07    0.037227777778    0.017227777778
 2.9295393638e-07 -1.0771111745e-10  9.5793329446e-06      0.0000000000  2.9450902422e-07  2.9484266877e-07    0.037238888889    0.017238888889
 2.9335397970e-07 -9.7420747858e-11  9.5796629366e-06      0.0000000000  2.9476049950e-07  2.9555206084e-07    0.037250000000    0.017250000000
 2.9367050766e-07 -9.2946456896e-11  9.5799929392e-06      0.0000000000  2.9501242954e-07  2.9646445980e-07    0.037261111111    0.017261111111
 2.9361209835e-07 -1.1441020679e-10  9.5803229417e-06      0.0000000000  2.9526390482e-07  2.9624079376e-07    0.037272222222    0.017272222222
 2.9394050841e-07 -1.0908142068e-10  9.5806529372e-06      0.0000000000  2.9551538011e-07  2.9590117545e-07    0.037283333333    0.017283333333
 2.9421081581e-07 -1.0777703911e-10  9.5809829432e-06      0.0000000000  2.9576685539e-07  2.9562564140e-07    0.037294444444    0.017294444444
 2.9408991766e-07 -1.3360049367e-10  9.5813279214e-06      0.0000000000  2.9601878542e-07  2.9753522990e-07    0.037305555556    0.017305555556
 2.9436068889e-07 -1.3226398512e-10  9.5816729415e-06      0.0000000000  2.9627026071e-07  2.9594348427e-07    0.037316666667    0.017316666667
 2.9490718225e-07 -1.1182994566e-10  9.5820029370e-06      0.0000000000  2.9652173599e-07  2.9667194754e-07    0.037327777778    0.017327777778
 2.9505338251e-07 -1.1915317956e-10  9.5823329395e-06      0.0000000000  2.9677366603e-07  2.9656002019e-07    0.037338888889    0.017338888889
 2.9519753616e-07 -1.2658667167e-10  9.5826629350e-06      0.0000000000  2.9702514131e-07  2.9670189860e-07    0.037350000000    0.017350000000
 2.9566847365e-07 -1.1141740735e-10  9.5829929410e-06      0.0000000000  2.9727707134e-07  2.9806868897e-07    0.037361111111    0.017361111111
 2.9598454664e-07 -1.0694313241e-10  9.5833229366e-06      0.0000000000  2.9752854663e-07  2.9762118395e-07    0.037372222222    0.017372222222
 2.9603796480e-07 -1.2066129941e-10  9.5836529356e-06      0.0000000000  2.9778002191e-07  2.9643988577e-07    0.037383333333    0.017383333333
 2.9655824951e-07 -1.0207406440e-10  9.5839829451e-06      0.0000000000  2.9803195195e-07  2.9831403612e-07    0.037394444444    0.017394444444
 2.9681763722e-07 -1.0155751818e-10  9.5843279163e-06      0.0000000000  2.9828388198e-07  2.9898555307e-07    0.037405555556    0.017405555556
 2.9706390077e-07 -1.0191850254e-10  9.5846729434e-06      0.0000000000  2.9853535726e-07  2.9817220487e-07    0.037416666667    0.017416666667
 2.9750499112e-07 -8.8816561580e-11  9.5850029354e-06      0.0000000000  2.9878728730e-07  2.9803307786e-07    0.037427777778    0.017427777778
 2.9751781722e-07 -1.0534628392e-10  9.5853329379e-06      0.0000000000  2.9903876258e-07  2.9845181100e-07    0.037438888889    0.017438888889
 2.9785185552e-07 -9.9659162258e-11  9.5856629404e-06      0.0000000000  2.9929069261e-07  2.9939573325e-07    0.037450000000    0.017450000000
 2.9843501833e-07 -7.6716759108e-11  9.5859929359e-06      0.0000000000  2.9954262265e-07  2.9971483391e-07    0.037461111111    0.017461111111
 2.9873238745e-07 -7.3537982638e-11  9.5863229420e-06      0.0000000000  2.9979409793e-07  2.9972571377e-07    0.037472222222    0.017472222222
 2.9852798281e-07 -1.0514540487e-10  9.5866529340e-06      0.0000000000  3.0004602796e-07  2.9968209999e-07    0.037483333333    0.017483333333
 2.9873984684e-07 -1.0792052366e-10  9.5869829400e-06      0.0000000000  3.0029795800e-07  2.9879282860e-07    0.037494444444    0.017494444444
 2.9923245000e-07 -9.1219117979e-11  9.5873279217e-06      0.0000000000  3.0054943328e-07  3.0044097027e-07    0.037505555556    0.017505555556
 2.9937563186e-07 -9.8751417857e-11  9.5876729418e-06      0.0000000000  3.0080136331e-07  2.9998370168e-07    0.037516666667    0.017516666667
 2.9936264743e-07 -1.1710037021e-10  9.5880029338e-06      0.0000000000  3.0105329335e-07  3.0121120781e-07    0.037527777778    0.017527777778
 2.9981408458e-07 -1.0328177170e-10  9.5883329398e-06      0.0000000000  3.0130522338e-07  3.0177032574e-07    0.037538888889    0.017538888889
 3.0010355135e-07 -1.0068183863e-10  9.5886629423e-06      0.0000000000  3.0155715341e-07  3.0184670488e-07    0.037550000000    0.017550000000
 3.0010449536e-07 -1.1806605611e-10  9.5889929343e-06      0.0000000000  3.0180908344e-07  3.0183044798e-07    0.037561111111    0.017561111111
 3.0030794519e-07 -1.2139247592e-10  9.5893229438e-06      0.0000000000  3.0206055873e-07  3.0177043580e-07    0.037572222222    0.017572222222
 3.0042191073e-07 -1.3094840573e-10  9.5896529359e-06      0.0000000000  3.0231248876e-07  3.0316846645e-07    0.037583333333    0.017583333333
 3.0068471388e-07 -1.3019529313e-10  9.5899829384e-06      0.0000000000  3.0256441879e-07  3.0320934454e-07    0.037594444444    0.017594444444
 3.0098286983e-07 -1.2699351577e-10  9.5903279236e-06      0.0000000000  3.0281634883e-07  3.0235147067e-07    0.037605555556    0.017605555556
 3.0113988099e-07 -1.3356794663e-10  9.5906729367e-06      0.0000000000  3.0306827886e-07  3.0283842305e-07    0.037616666667    0.017616666667
 3.0121603989e-07 -1.4574250330e-10  9.5910029392e-06      0.0000000000  3.0332020889e-07  3.0269928032e-07    0.037627777778    0.017627777778
 3.0171483480e-07 -1.2864373223e-10  9.5913329382e-06      0.0000000000  3.0357213892e-07  3.0327482810e-07    0.037638888889    0.017638888889
 3.0188099011e-07 -1.3461630278e-10  9.5916629407e-06      0.0000000000  3.0382452370e-07  3.0364574959e-07    0.037650000000    0.017650000000
 3.0200729245e-07 -1.4331773991e-10  9.5919929327e-06      0.0000000000  3.0407645373e-07  3.0418191290e-07    0.037661111111    0.017661111111
 3.0244320927e-07 -1.3057413697e-10  9.5923229422e-06      0.0000000000  3.0432838377e-07  3.0415452458e-07    0.037672222222    0.017672222222
 3.0282977859e-07 -1.2124852323e-10  9.5926529343e-06      0.0000000000  3.0458031380e-07  3.0490064405e-07    0.037683333333    0.017683333333
 3.0297637696e-07 -1.2854418269e-10  9.5929829368e-06      0.0000000000  3.0483224383e-07  3.0514336556e-07    0.037694444444    0.017694444444
 3.0330693355e-07 -1.2309821699e-10  9.5933279254e-06      0.0000000000  3.0508417386e-07  3.0581214683e-07    0.037705555556    0.017705555556
 3.0398311977e-07 -9.3712669277e-11  9.5936729351e-06      0.0000000000  3.0533610390e-07  3.0493062655e-07    0.037716666667    0.017716666667
 3.0403068245e-07 -1.0789940294e-10  9.5940029446e-06      0.0000000000  3.0558848868e-07  3.0542169819e-07    0.037727777778    0.017727777778
 3.0424891381e-07 -1.1023349743e-10  9.5943329331e-06      0.0000000000  3.0584041871e-07  3.0620052012e-07    0.037738888889    0.017738888889
 3.0469955528e-07 -9.6470010768e-11  9.5946629426e-06      0.0000000000  3.0609234874e-07  3.0658243153e-07    0.037750000000    0.017750000000
 3.0510607993e-07 -8.5793715168e-11  9.5949929381e-06      0.0000000000  3.0634473352e-07  3.0539993846e-07    0.037761111111    0.017761111111
 3.0517507556e-07 -9.8464426491e-11  9.5953229371e-06      0.0000000000  3.0659666355e-07  3.0615008285e-07    0.037772222222    0.017772222222
 3.0545777690e-07 -9.6333092142e-11  9.5956529397e-06      0.0000000000  3.0684859359e-07  3.0746764656e-07    0.037783333333    0.017783333333
 3.0603343546e-07 -7.3941957959e-11  9.5959829387e-06      0.0000000000  3.0710097837e-07  3.0742670558e-07    0.037794444444    0.017794444444
 3.0641257673e-07 -6.5130838632e-11  9.5963279238e-06      0.0000000000  3.0735290840e-07  3.0738244719e-07    0.037805555556    0.017805555556
 3.0632907665e-07 -8.8395462743e-11  9.5966729369e-06      0.0000000000  3.0760529318e-07  3.0839910099e-07    0.037816666667    0.017816666667
 3.0680041225e-07 -7.3198623986e-11  9.5970029464e-06      0.0000000000  3.0785722321e-07  3.0857912181e-07    0.037827777778    0.017827777778
 3.0718578778e-07 -6.3955696513e-11  9.5973329315e-06      0.0000000000  3.0810915324e-07  3.0715253938e-07    0.037838888889    0.017838888889
 3.0720390116e-07 -8.0182197621e-11  9.5976629410e-06      0.0000000000  3.0836153802e-07  3.0787262265e-07    0.037850000000    0.017850000000
 3.0745522060e-07 -8.0255987232e-11  9.5979929330e-06      0.0000000000  3.0861392280e-07  3.0758627163e-07    0.037861111111    0.017861111111
 3.0804037314e-07 -5.7175767459e-11  9.5983229355e-06      0.0000000000  3.0886585283e-07  3.0922285738e-07    0.037872222222    0.017872222222
 3.0817071209e-07 -6.5629111240e-11  9.5986529415e-06      0.0000000000  3.0911823761e-07  3.0913144769e-07    0.037883333333    0.017883333333
 3.0807415544e-07 -8.9766583822e-11  9.5989829336e-06      0.0000000000  3.0937016765e-07  3.0913702912e-07    0.037894444444    0.017894444444
 3.0840029193e-07 -8.4658268548e-11  9.5993279292e-06      0.0000000000  3.0962255243e-07  3.0986289821e-07    0.037905555556    0.017905555556
 3.0872244814e-07 -7.9825642038e-11  9.5996729319e-06      0.0000000000  3.0987493721e-07  3.0977942829e-07    0.037916666667    0.017916666667
 3.0863663640e-07 -1.0321888265e-10  9.6000029379e-06      0.0000000000  3.1012686724e-07  3.0997578462e-07    0.037927777778    0.017927777778
 3.0883303697e-07 -1.0709655540e-10  9.6003329369e-06      0.0000000000  3.1037925202e-07  3.1012436075e-07    0.037938888889    0.017938888889
 3.0908952994e-07 -1.0681200699e-10  9.6006629359e-06      0.0000000000  3.1063163680e-07  3.1010799380e-07    0.037950000000    0.017950000000
 3.0927552631e-07 -1.1137881589e-10  9.6009929384e-06      0.0000000000  3.1088356683e-07  3.1064805625e-07    0.037961111111    0.017961111111
 3.0949461075e-07 -1.1368531992e-10  9.6013229374e-06      0.0000000000  3.1113595161e-07  3.1123185825e-07    0.037972222222    0.017972222222
 3.0973876692e-07 -1.1425526418e-10  9.6016529399e-06      0.0000000000  3.1138833639e-07  3.1145816564e-07    0.037983333333    0.017983333333
 3.0990651413e-07 -1.2011757402e-10  9.6019829320e-06      0.0000000000  3.1164072117e-07  3.1031801284e-07    0.037994444444    0.017994444444
 3.1005977854e-07 -1.2695151912e-10  9.6023279276e-06      0.0000000000  3.1189265120e-07  3.1198318181e-07    0.038005555556    0.018005555556
 3.1010385871e-07 -1.4137946425e-10  9.6026729302e-06      0.0000000000  3.1214503598e-07  3.1279623129e-07    0.038016666667    0.018016666667
 3.1042402545e-07 -1.3668463586e-10  9.6030029397e-06      0.0000000000  3.1239742076e-07  3.1263267176e-07    0.038027777778    0.018027777778
 3.1073663107e-07 -1.3251351804e-10  9.6033329388e-06      0.0000000000  3.1264980554e-07  3.1288498391e-07    0.038038888889    0.018038888889
 3.1076986694e-07 -1.4769257950e-10  9.6036629343e-06      0.0000000000  3.1290219032e-07  3.1310863423e-07    0.038050000000    0.018050000000
 3.1089423642e-07 -1.5655939166e-10  9.6039929438e-06      0.0000000000  3.1315457510e-07  3.1323129994e-07    0.038061111111    0.018061111111
 3.1143964999e-07 -1.3626313676e-10  9.6043229323e-06      0.0000000000  3.1340695988e-07  3.1256033327e-07    0.038072222222    0.018072222222
 3.1188039937e-07 -1.2321631012e-10  9.6046529383e-06      0.0000000000  3.1365934466e-07  3.1314801869e-07    0.038083333333    0.018083333333
 3.1174290943e-07 -1.5022047087e-10  9.6049829374e-06      0.0000000000  3.1391172944e-07  3.1419555118e-07    0.038094444444    0.018094444444
 3.1222332292e-07 -1.3442636137e-10  9.6053279225e-06      0.0000000000  3.1416411422e-07  3.1429365859e-07    0.038105555556    0.018105555556
 3.1306097289e-07 -9.3888736465e-11  9.6056729356e-06      0.0000000000  3.1441649900e-07  3.1410549360e-07    0.038116666667    0.018116666667
 3.1300506517e-07 -1.1524221211e-10  9.6060029381e-06      0.0000000000  3.1466888378e-07  3.1420360102e-07    0.038127777778    0.018127777778
 3.1314336334e-07 -1.2314427089e-10  9.6063329372e-06      0.0000000000  3.1492126856e-07  3.1452825166e-07    0.038138888889    0.018138888889
 3.1353436739e-07 -1.1354298936e-10  9.6066629362e-06      0.0000000000  3.1517365334e-07  3.1532480840e-07    0.038150000000    0.018150000000
 3.1390825920e-07 -1.0512696410e-10  9.6069929422e-06      0.0000000000  3.1542603812e-07  3.1518574428e-07    0.038161111111    0.018161111111
 3.1415639484e-07 -1.0542127512e-10  9.6073229307e-06      0.0000000000  3.1567842290e-07  3.1612661640e-07    0.038172222222    0.018172222222
 3.1454069060e-07 -9.6316132207e-11  9.6076529402e-06      0.0000000000  3.1593126242e-07  3.1617310736e-07    0.038183333333    0.018183333333
 3.1466227412e-07 -1.0537590984e-10  9.6079829393e-06      0.0000000000  3.1618364720e-07  3.1633676122e-07    0.038194444444    0.018194444444
 3.1476525343e-07 -1.1572428308e-10  9.6083279209e-06      0.0000000000  3.1643603198e-07  3.1662886662e-07    0.038205555556    0.018205555556
 3.1530061785e-07 -9.6124069677e-11  9.6086729410e-06      0.0000000000  3.1668841676e-07  3.1617029306e-07    0.038216666667    0.018216666667
 3.1547990619e-07 -1.0118699869e-10  9.6090029330e-06      0.0000000000  3.1694080154e-07  3.1688229505e-07    0.038227777778    0.018227777778
 3.1560711822e-07 -1.0988842227e-10  9.6093329425e-06      0.0000000000  3.1719364107e-07  3.1725191159e-07    0.038238888889    0.018238888889
 3.1586321309e-07 -1.0963144829e-10  9.6096629346e-06      0.0000000000  3.1744602585e-07  3.1727915841e-07    0.038250000000    0.018250000000
 3.1611015494e-07 -1.1000844557e-10  9.6099929371e-06      0.0000000000  3.1769841063e-07  3.1733651351e-07    0.038261111111    0.018261111111
 3.1660985980e-07 -9.2909642440e-11  9.6103229361e-06      0.0000000000  3.1795125016e-07  3.1731181371e-07    0.038272222222    0.018272222222
 3.1683690346e-07 -9.4664861472e-11  9.6106529386e-06      0.0000000000  3.1820363494e-07  3.1620165914e-07    0.038283333333    0.018283333333
 3.1712722305e-07 -9.2037356445e-11  9.6109829376e-06      0.0000000000  3.1845601972e-07  3.1887488179e-07    0.038294444444    0.018294444444
 3.1737558176e-07 -9.2347714920e-11  9.6113279193e-06      0.0000000000  3.1870885924e-07  3.1930929010e-07    0.038305555556    0.018305555556
 3.1770354179e-07 -8.7113093959e-11  9.6116729394e-06      0.0000000000  3.1896124402e-07  3.1898515830e-07    0.038316666667    0.018316666667
 3.1802495946e-07 -8.2363119185e-11  9.6120029349e-06      0.0000000000  3.1921408355e-07  3.1886249259e-07    0.038327777778    0.018327777778
 3.1839487153e-07 -7.4222745677e-11  9.6123329409e-06      0.0000000000  3.1946646833e-07  3.1899897824e-07    0.038338888889    0.018338888889
 3.1858490478e-07 -7.8541442723e-11  9.6126629295e-06      0.0000000000  3.1971885311e-07  3.1879169488e-07    0.038350000000    0.018350000000
 3.1873241284e-07 -8.5837088634e-11  9.6129929390e-06      0.0000000000  3.1997169264e-07  3.2023173563e-07    0.038361111111    0.018361111111
 3.1918510118e-07 -7.1963325244e-11  9.6133229345e-06      0.0000000000  3.2022407742e-07  3.2093266909e-07    0.038372222222    0.018372222222
 3.1946234489e-07 -7.0273001638e-11  9.6136529335e-06      0.0000000000  3.2047691694e-07  3.2060811278e-07    0.038383333333    0.018383333333
 3.1956806710e-07 -8.0462889159e-11  9.6139829430e-06      0.0000000000  3.2072975647e-07  3.2083990727e-07    0.038394444444    0.018394444444
 3.1987765512e-07 -7.6500781801e-11  9.6143279142e-06      0.0000000000  3.2098214125e-07  3.2013942976e-07    0.038405555556    0.018405555556
 3.2007713017e-07 -8.0197002482e-11  9.6146729413e-06      0.0000000000  3.2123498078e-07  3.2065458802e-07    0.038416666667    0.018416666667
 3.2025044903e-07 -8.5673399874e-11  9.6150029333e-06      0.0000000000  3.2148736556e-07  3.2074459843e-07    0.038427777778    0.018427777778
 3.2043178397e-07 -9.0626070666e-11  9.6153329358e-06      0.0000000000  3.2174020509e-07  3.2094502685e-07    0.038438888889    0.018438888889
 3.2078265094e-07 -8.3836328447e-11  9.6156629349e-06      0.0000000000  3.2199304461e-07  3.2113602186e-07    0.038450000000    0.018450000000
 3.2092970429e-07 -9.1131971882e-11  9.6159929374e-06      0.0000000000  3.2224542939e-07  3.2177824809e-07    0.038461111111    0.018461111111
 3.2080938372e-07 -1.1697841625e-10  9.6163229364e-06      0.0000000000  3.2249826892e-07  3.2327848969e-07    0.038472222222    0.018472222222
 3.2124103696e-07 -1.0459311928e-10  9.6166529354e-06      0.0000000000  3.2275110845e-07  3.2227873741e-07    0.038483333333    0.018483333333
 3.2140878417e-07 -1.1045542912e-10  9.6169829414e-06      0.0000000000  3.2300349323e-07  3.2410897525e-07    0.038494444444    0.018494444444
 3.2163936749e-07 -1.1199697657e-10  9.6173279161e-06      0.0000000000  3.2325633275e-07  3.2344967455e-07    0.038505555556    0.018505555556
 3.2191074111e-07 -1.1071323699e-10  9.6176729397e-06      0.0000000000  3.2350917228e-07  3.2348442093e-07    0.038516666667    0.018516666667
 3.2205824916e-07 -1.1800888290e-10  9.6180029317e-06      0.0000000000  3.2376201181e-07  3.2339441052e-07    0.038527777778    0.018527777778
 3.2201229093e-07 -1.3867321991e-10  9.6183329377e-06      0.0000000000  3.2401439659e-07  3.2427404411e-07    0.038538888889    0.018538888889
 3.2222426898e-07 -1.4150343698e-10  9.6186629402e-06      0.0000000000  3.2426723611e-07  3.2555039957e-07    0.038550000000    0.018550000000
 3.2267621824e-07 -1.2771236234e-10  9.6189929323e-06      0.0000000000  3.2452007564e-07  3.2367249158e-07    0.038561111111    0.018561111111
 3.2273139917e-07 -1.4140292533e-10  9.6193229418e-06      0.0000000000  3.2477291517e-07  3.2503090194e-07    0.038572222222    0.018572222222
 3.2281204967e-07 -1.5332937262e-10  9.6196529338e-06      0.0000000000  3.2502575470e-07  3.2519310934e-07    0.038583333333    0.018583333333
 3.2321345792e-07 -1.4303895494e-10  9.6199829363e-06      0.0000000000  3.2527859422e-07  3.2552860840e-07    0.038594444444    0.018594444444
 3.2348069607e-07 -1.4201015605e-10  9.6203279180e-06      0.0000000000  3.2553097900e-07  3.2657486738e-07    0.038605555556    0.018605555556
 3.2363775498e-07 -1.4864427476e-10  9.6206729416e-06      0.0000000000  3.2578381853e-07  3.2487128872e-07    0.038616666667    0.018616666667
 3.2431654298e-07 -1.1914151292e-10  9.6210029336e-06      0.0000000000  3.2603665806e-07  3.2535399607e-07    0.038627777778    0.018627777778
 3.2467815486e-07 -1.1160753873e-10  9.6213329361e-06      0.0000000000  3.2628949758e-07  3.2567176032e-07    0.038638888889    0.018638888889
 3.2492992900e-07 -1.1168133082e-10  9.6216629386e-06      0.0000000000  3.2654233711e-07  3.2610810248e-07    0.038650000000    0.018650000000
 3.2533491889e-07 -1.0114283581e-10  9.6219929307e-06      0.0000000000  3.2679517664e-07  3.2669311511e-07    0.038661111111    0.018661111111
 3.2560460149e-07 -9.9976222776e-11  9.6223229402e-06      0.0000000000  3.2704801616e-07  3.2712963022e-07    0.038672222222    0.018672222222
 3.2606649971e-07 -8.5496046514e-11  9.6226529322e-06      0.0000000000  3.2730085569e-07  3.2706273165e-07    0.038683333333    0.018683333333
 3.2642015237e-07 -7.8513357322e-11  9.6229829382e-06      0.0000000000  3.2755369522e-07  3.2737365669e-07    0.038694444444    0.018694444444
 3.2662015885e-07 -8.2172768917e-11  9.6233279234e-06      0.0000000000  3.2780653475e-07  3.2750503258e-07    0.038705555556    0.018705555556
 3.2710795761e-07 -6.5898626256e-11  9.6236729365e-06      0.0000000000  3.2805937427e-07  3.2850146745e-07    0.038716666667    0.018716666667
 3.2728855375e-07 -7.0933967290e-11  9.6240029390e-06      0.0000000000  3.2831266855e-07  3.2907432671e-07    0.038727777778    0.018727777778
 3.2736761234e-07 -8.2970675284e-11  9.6243329345e-06      0.0000000000  3.2856550807e-07  3.2798201699e-07    0.038738888889    0.018738888889
 3.2779369421e-07 -7.0971272257e-11  9.6246629405e-06      0.0000000000  3.2881834760e-07  3.2811831397e-07    0.038750000000    0.018750000000
 3.2815888772e-07 -6.3189220744e-11  9.6249929326e-06      0.0000000000  3.2907118713e-07  3.2841695986e-07    0.038761111111    0.018761111111
 3.2837484551e-07 -6.5743786067e-11  9.6253229421e-06      0.0000000000  3.2932402666e-07  3.3032074682e-07    0.038772222222    0.018772222222
 3.2837112810e-07 -8.3513865436e-11  9.6256529341e-06      0.0000000000  3.2957686618e-07  3.3001529316e-07    0.038783333333    0.018783333333
 3.2873990325e-07 -7.5483736600e-11  9.6259829366e-06      0.0000000000  3.2982970571e-07  3.3032329384e-07    0.038794444444    0.018794444444
 3.2894338258e-07 -7.8934103193e-11  9.6263279218e-06      0.0000000000  3.3008299998e-07  3.2964503200e-07    0.038805555556    0.018805555556
 3.2900552747e-07 -9.2142317253e-11  9.6266729349e-06      0.0000000000  3.3033583951e-07  3.2937419894e-07    0.038816666667    0.018816666667
 3.2919243406e-07 -9.6709075592e-11  9.6270029444e-06      0.0000000000  3.3058867904e-07  3.3152611590e-07    0.038827777778    0.018827777778
 3.2942351434e-07 -9.8216201270e-11  9.6273329294e-06      0.0000000000  3.3084151857e-07  3.3084296441e-07    0.038838888889    0.018838888889
 3.2965385554e-07 -9.9806015697e-11  9.6276629389e-06      0.0000000000  3.3109481284e-07  3.3065753511e-07    0.038850000000    0.018850000000
 3.2995617124e-07 -9.6379113813e-11  9.6279929380e-06      0.0000000000  3.3134765237e-07  3.3131197760e-07    0.038861111111    0.018861111111
 3.3005512802e-07 -1.0703760006e-10  9.6283229335e-06      0.0000000000  3.3160049189e-07  3.3192834057e-07    0.038872222222    0.018872222222
 3.3041082756e-07 -9.9944634137e-11  9.6286529395e-06      0.0000000000  3.3185378617e-07  3.3217939493e-07    0.038883333333    0.018883333333
 3.3059295845e-07 -1.0484217458e-10  9.6289829350e-06      0.0000000000  3.3210662570e-07  3.3309020593e-07    0.038894444444    0.018894444444
 3.3061653495e-07 -1.2072177705e-10  9.6293279202e-06      0.0000000000  3.3235946522e-07  3.3301011632e-07    0.038905555556    0.018905555556
 3.3090116446e-07 -1.1855138327e-10  9.6296729333e-06      0.0000000000  3.3261275950e-07  3.3314069037e-07    0.038916666667    0.018916666667
 3.3119950041e-07 -1.1540013314e-10  9.6300029428e-06      0.0000000000  3.3286559902e-07  3.3251074329e-07    0.038927777778    0.018927777778
 3.3147316275e-07 -1.1395786835e-10  9.6303329313e-06      0.0000000000  3.3311843855e-07  3.3251888746e-07    0.038938888889    0.018938888889
 3.3167047328e-07 -1.1783550904e-10  9.6306629373e-06      0.0000000000  3.3337173283e-07  3.3334802090e-07    0.038950000000    0.018950000000
 3.3182434893e-07 -1.2469011215e-10  9.6309929364e-06      0.0000000000  3.3362457235e-07  3.3325793187e-07    0.038961111111    0.018961111111
 3.3203877169e-07 -1.2738249657e-10  9.6313229354e-06      0.0000000000  3.3387786663e-07  3.3425903628e-07    0.038972222222    0.018972222222
 3.3250663940e-07 -1.1248885193e-10  9.6316529449e-06      0.0000000000  3.3413070615e-07  3.3413078914e-07    0.038983333333    0.018983333333
 3.3252486705e-07 -1.2877043282e-10  9.6319829299e-06      0.0000000000  3.3438400043e-07  3.3342712000e-07    0.038994444444    0.018994444444
 3.3272799080e-07 -1.3221393109e-10  9.6323279256e-06      0.0000000000  3.3463683996e-07  3.3429021369e-07    0.039005555556    0.019005555556
 3.3318481488e-07 -1.1808520850e-10  9.6326729352e-06      0.0000000000  3.3488967948e-07  3.3384033459e-07    0.039016666667    0.019016666667
 3.3338769679e-07 -1.2157695525e-10  9.6330029377e-06      0.0000000000  3.3514297376e-07  3.3483842031e-07    0.039027777778    0.019027777778
 3.3346124115e-07 -1.3402709708e-10  9.6333329367e-06      0.0000000000  3.3539626803e-07  3.3627019111e-07    0.039038888889    0.019038888889
 3.3395298652e-07 -1.1747959745e-10  9.6336629392e-06      0.0000000000  3.3564910756e-07  3.3533211757e-07    0.039050000000    0.019050000000
 3.3415467463e-07 -1.2105403046e-10  9.6339929382e-06      0.0000000000  3.3590240183e-07  3.3492720438e-07    0.039061111111    0.019061111111
 3.3419831471e-07 -1.3554395577e-10  9.6343229338e-06      0.0000000000  3.3615524136e-07  3.3649256792e-07    0.039072222222    0.019072222222
 3.3476453616e-07 -1.1386946558e-10  9.6346529363e-06      0.0000000000  3.3640853564e-07  3.3728219111e-07    0.039083333333    0.019083333333
 3.3522126112e-07 -9.9747608833e-11  9.6349829318e-06      0.0000000000  3.3666137516e-07  3.3596489468e-07    0.039094444444    0.019094444444
 3.3506972510e-07 -1.2778764772e-10  9.6353279240e-06      0.0000000000  3.3691466944e-07  3.3677517702e-07    0.039105555556    0.019105555556
 3.3549848333e-07 -1.1563436706e-10  9.6356729301e-06      0.0000000000  3.3716796371e-07  3.3748805945e-07    0.039116666667    0.019116666667
 3.3585611546e-07 -1.0837604462e-10  9.6360029361e-06      0.0000000000  3.3742080324e-07  3.3756173435e-07    0.039127777778    0.019127777778
 3.3595035396e-07 -1.1939283435e-10  9.6363329351e-06      0.0000000000  3.3767409751e-07  3.3734761177e-07    0.039138888889    0.019138888889
 3.3615278088e-07 -1.2288459713e-10  9.6366629341e-06      0.0000000000  3.3792693704e-07  3.3820932190e-07    0.039150000000    0.019150000000
 3.3644799018e-07 -1.1998140829e-10  9.6369929401e-06      0.0000000000  3.3818023131e-07  3.3982932058e-07    0.039161111111    0.019161111111
 3.3676150549e-07 -1.1581027691e-10  9.6373229287e-06      0.0000000000  3.3843352559e-07  3.3862399867e-07    0.039172222222    0.019172222222
 3.3697274473e-07 -1.1872316423e-10  9.6376529382e-06      0.0000000000  3.3868681986e-07  3.4021390479e-07    0.039183333333    0.019183333333
 3.3707448720e-07 -1.2918870350e-10  9.6379829372e-06      0.0000000000  3.3893965939e-07  3.3943395084e-07    0.039194444444    0.019194444444
 3.3751989463e-07 -1.1588223803e-10  9.6383279189e-06      0.0000000000  3.3919295366e-07  3.3857516507e-07    0.039205555556    0.019205555556
 3.3793750984e-07 -1.0450076377e-10  9.6386729355e-06      0.0000000000  3.3944624794e-07  3.3853947536e-07    0.039216666667    0.019216666667
 3.3817933503e-07 -1.0526365747e-10  9.6390029380e-06      0.0000000000  3.3969908747e-07  3.4017574666e-07    0.039227777778    0.019227777778
 3.3859273912e-07 -9.4173861440e-11  9.6393329370e-06      0.0000000000  3.3995238174e-07  3.4055335015e-07    0.039238888889    0.019238888889
 3.3898584718e-07 -8.4489843074e-11  9.6396629325e-06      0.0000000000  3.4020567602e-07  3.4032438569e-07    0.039250000000    0.019250000000
 3.3937656713e-07 -7.4971234266e-11  9.6399929420e-06      0.0000000000  3.4045897029e-07  3.4005429157e-07    0.039261111111    0.019261111111
 3.3954363267e-07 -8.0943754245e-11  9.6403229306e-06      0.0000000000  3.4071226456e-07  3.3921157404e-07    0.039272222222    0.019272222222
 3.3979102923e-07 -8.1320754006e-11  9.6406529366e-06      0.0000000000  3.4096510409e-07  3.4098845025e-07    0.039283333333    0.019283333333
 3.4010414697e-07 -7.7177160043e-11  9.6409829356e-06      0.0000000000  3.4121839837e-07  3.4037744859e-07    0.039294444444    0.019294444444
 3.4014781106e-07 -9.1696920027e-11  9.6413279173e-06      0.0000000000  3.4147169264e-07  3.4175500876e-07    0.039305555556    0.019305555556
 3.4016885726e-07 -1.0778327767e-10  9.6416729373e-06      0.0000000000  3.4172498691e-07  3.4154744240e-07    0.039316666667    0.019316666667
 3.4043023967e-07 -1.0722306395e-10  9.6420029329e-06      0.0000000000  3.4197828119e-07  3.4147389328e-07    0.039327777778    0.019327777778
 3.4071390784e-07 -1.0511925594e-10  9.6423329389e-06      0.0000000000  3.4223157546e-07  3.4194289075e-07    0.039338888889    0.019338888889
 3.4069307820e-07 -1.2407459157e-10  9.6426629344e-06      0.0000000000  3.4248441499e-07  3.4309922184e-07    0.039350000000    0.019350000000
 3.4097515447e-07 -1.2208104426e-10  9.6429929369e-06      0.0000000000  3.4273770926e-07  3.4230970871e-07    0.039361111111    0.019361111111
 3.4124489420e-07 -1.2094197112e-10  9.6433229359e-06      0.0000000000  3.4299100354e-07  3.4099804088e-07    0.039372222222    0.019372222222
 3.4121178463e-07 -1.4077935783e-10  9.6436529385e-06      0.0000000000  3.4324429781e-07  3.4366228607e-07    0.039383333333    0.019383333333
 3.4141586032e-07 -1.4418841830e-10  9.6439829340e-06      0.0000000000  3.4349759209e-07  3.4469321577e-07    0.039394444444    0.019394444444
 3.4187330611e-07 -1.3004813173e-10  9.6443279191e-06      0.0000000000  3.4375088636e-07  3.4411001121e-07    0.039405555556    0.019405555556
 3.4194857435e-07 -1.4237887073e-10  9.6446729392e-06      0.0000000000  3.4400418064e-07  3.4501772491e-07    0.039416666667    0.019416666667
 3.4226049804e-07 -1.3831798155e-10  9.6450029313e-06      0.0000000000  3.4425747491e-07  3.4522230402e-07    0.039427777778    0.019427777778
 3.4280085182e-07 -1.1843518148e-10  9.6453329408e-06      0.0000000000  3.4451076919e-07  3.4419417291e-07    0.039438888889    0.019438888889
 3.4318361282e-07 -1.0946783916e-10  9.6456629328e-06      0.0000000000  3.4476406346e-07  3.4477228342e-07    0.039450000000    0.019450000000
 3.4332759638e-07 -1.1703910229e-10  9.6459929353e-06      0.0000000000  3.4501735773e-07  3.4498915741e-07    0.039461111111    0.019461111111
 3.4388864430e-07 -9.5722950116e-11  9.6463229378e-06      0.0000000000  3.4527065201e-07  3.4592440093e-07    0.039472222222    0.019472222222
 3.4408117940e-07 -9.9931354401e-11  9.6466529334e-06      0.0000000000  3.4552394628e-07  3.4504223604e-07    0.039483333333    0.019483333333
 3.4433460258e-07 -9.9922425679e-11  9.6469829394e-06      0.0000000000  3.4577724056e-07  3.4548955239e-07    0.039494444444    0.019494444444
 3.4465060567e-07 -9.5578981883e-11  9.6473279175e-06      0.0000000000  3.4603053483e-07  3.4673476188e-07    0.039505555556    0.019505555556
 3.4511843059e-07 -8.0719798505e-11  9.6476729376e-06      0.0000000000  3.4628382911e-07  3.4631170510e-07    0.039516666667    0.019516666667
 3.4509487213e-07 -9.9895639514e-11  9.6480029332e-06      0.0000000000  3.4653712338e-07  3.4647540613e-07    0.039527777778    0.019527777778
 3.4513856908e-07 -1.1441312322e-10  9.6483329392e-06      0.0000000000  3.4679041766e-07  3.4710120251e-07    0.039538888889    0.019538888889
 3.4552928929e-07 -1.0489449590e-10  9.6486629312e-06      0.0000000000  3.4704371193e-07  3.4738478639e-07    0.039550000000    0.019550000000
 3.4599999983e-07 -8.9835444187e-11  9.6489929372e-06      0.0000000000  3.4729700620e-07  3.4740928180e-07    0.039561111111    0.019561111111
 3.4611413624e-07 -9.9474030681e-11  9.6493229397e-06      0.0000000000  3.4755030048e-07  3.4707397141e-07    0.039572222222    0.019572222222
 3.4621354800e-07 -1.1013250090e-10  9.6496529318e-06      0.0000000000  3.4780359475e-07  3.4902645046e-07    0.039583333333    0.019583333333
 3.4659232952e-07 -1.0144079183e-10  9.6499829413e-06      0.0000000000  3.4805688903e-07  3.4826020640e-07    0.039594444444    0.019594444444
 3.4701750692e-07 -8.9535532965e-11  9.6503279125e-06      0.0000000000  3.4831018330e-07  3.4802474861e-07    0.039605555556    0.019605555556
 3.4703436493e-07 -1.0594347754e-10  9.6506729395e-06      0.0000000000  3.4856393232e-07  3.4825338290e-07    0.039616666667    0.019616666667
 3.4731922716e-07 -1.0375696475e-10  9.6510029316e-06      0.0000000000  3.4881722660e-07  3.4841694243e-07    0.039627777778    0.019627777778
 3.4784525440e-07 -8.4866473972e-11  9.6513329341e-06      0.0000000000  3.4907052087e-07  3.4899643651e-07    0.039638888889    0.019638888889
 3.4809310621e-07 -8.5243439197e-11  9.6516629366e-06      0.0000000000  3.4932381515e-07  3.5064363485e-07    0.039650000000    0.019650000000
 3.4849337754e-07 -7.5063266184e-11  9.6519929321e-06      0.0000000000  3.4957710942e-07  3.5097083251e-07    0.039661111111    0.019661111111
 3.4897921057e-07 -5.8956774822e-11  9.6523229381e-06      0.0000000000  3.4983040370e-07  3.4912466793e-07    0.039672222222    0.019672222222
 3.4903922406e-07 -7.2344114103e-11  9.6526529302e-06      0.0000000000  3.5008369797e-07  3.5028233543e-07    0.039683333333    0.019683333333
 3.4935279652e-07 -6.8200522617e-11  9.6529829362e-06      0.0000000000  3.5033744699e-07  3.5058502196e-07    0.039694444444    0.019694444444
 3.4990880423e-07 -4.7233473815e-11  9.6533279178e-06      0.0000000000  3.5059074127e-07  3.5054452120e-07    0.039705555556    0.019705555556
 3.5008051187e-07 -5.2884464854e-11  9.6536729379e-06      0.0000000000  3.5084403554e-07  3.5043220079e-07    0.039716666667    0.019716666667
 3.4989498277e-07 -8.3278989799e-11  9.6540029300e-06      0.0000000000  3.5109732982e-07  3.5183122196e-07    0.039727777778    0.019727777778
 3.5020093697e-07 -7.9631568990e-11  9.6543329360e-06      0.0000000000  3.5135062409e-07  3.5139362201e-07    0.039738888889    0.019738888889
 3.5064265345e-07 -6.6612250181e-11  9.6546629385e-06      0.0000000000  3.5160437311e-07  3.5098454239e-07    0.039750000000    0.019750000000
 3.5064018670e-07 -8.4327201677e-11  9.6549929305e-06      0.0000000000  3.5185766739e-07  3.5168810148e-07    0.039761111111    0.019761111111
 3.5073641493e-07 -9.5206174788e-11  9.6553229400e-06      0.0000000000  3.5211096166e-07  3.5095455988e-07    0.039772222222    0.019772222222
 3.5109808395e-07 -8.7699740491e-11  9.6556529320e-06      0.0000000000  3.5236425594e-07  3.5239441197e-07    0.039783333333    0.019783333333
 3.5123569992e-07 -9.5712046420e-11  9.6559829346e-06      0.0000000000  3.5261755021e-07  3.5295337268e-07    0.039794444444    0.019794444444
 3.5142626929e-07 -1.0008810200e-10  9.6563279197e-06      0.0000000000  3.5287129923e-07  3.5217436207e-07    0.039805555556    0.019805555556
 3.5155635701e-07 -1.0862184223e-10  9.6566729328e-06      0.0000000000  3.5312459351e-07  3.5205484083e-07    0.039816666667    0.019816666667
 3.5152245149e-07 -1.2851435928e-10  9.6570029353e-06      0.0000000000  3.5337788778e-07  3.5414911968e-07    0.039827777778    0.019827777778
 3.5184631414e-07 -1.2362653335e-10  9.6573329344e-06      0.0000000000  3.5363118206e-07  3.5419416419e-07    0.039838888889    0.019838888889
 3.5229081603e-07 -1.1041428607e-10  9.6576629369e-06      0.0000000000  3.5388493108e-07  3.5399777641e-07    0.039850000000    0.019850000000
 3.5232655402e-07 -1.2548303627e-10  9.6579929289e-06      0.0000000000  3.5413822535e-07  3.5343320283e-07    0.039861111111    0.019861111111
 3.5252744619e-07 -1.2911259964e-10  9.6583229384e-06      0.0000000000  3.5439151963e-07  3.5424867355e-07    0.039872222222    0.019872222222
 3.5301885059e-07 -1.1262021433e-10  9.6586529304e-06      0.0000000000  3.5464481390e-07  3.5517448366e-07    0.039883333333    0.019883333333
 3.5351508782e-07 -9.5824586808e-11  9.6589829330e-06      0.0000000000  3.5489856292e-07  3.5562440993e-07    0.039894444444    0.019894444444
 3.5349494561e-07 -1.1476380591e-10  9.6593279181e-06      0.0000000000  3.5515185720e-07  3.5590888998e-07    0.039905555556    0.019905555556
 3.5371908488e-07 -1.1678318922e-10  9.6596729312e-06      0.0000000000  3.5540515147e-07  3.5521674532e-07    0.039916666667    0.019916666667
 3.5412856636e-07 -1.0599658483e-10  9.6600029407e-06      0.0000000000  3.5565890049e-07  3.5528219743e-07    0.039927777778    0.019927777778
 3.5422678433e-07 -1.1673774132e-10  9.6603329293e-06      0.0000000000  3.5591219477e-07  3.5699868412e-07    0.039938888889    0.019938888889
 3.5431385929e-07 -1.2825070420e-10  9.6606629388e-06      0.0000000000  3.5616548904e-07  3.5676954671e-07    0.039950000000    0.019950000000
 3.5464533992e-07 -1.2286672610e-10  9.6609929343e-06      0.0000000000  3.5641923806e-07  3.5573880569e-07    0.039961111111    0.019961111111
 3.5502133548e-07 -1.1436798251e-10  9.6613229333e-06      0.0000000000  3.5667253234e-07  3.5672060306e-07    0.039972222222    0.019972222222
 3.5512273725e-07 -1.2488861759e-10  9.6616529358e-06      0.0000000000  3.5692582661e-07  3.5636619002e-07    0.039983333333    0.019983333333
 3.5504949033e-07 -1.4753756212e-10  9.6619829348e-06      0.0000000000  3.5717957563e-07  3.5703953077e-07    0.039994444444    0.019994444444
