# TEXT EXPORT
# data-description.comment: 
# data-description.name: 
# data-description.probe: 
# data-description.user-name: Yazhini
# data-description.instrument: JPK01814-H-21-02-0019
# data-description.source-software: 8.0.163
# data-description.modification-software: 8.1.62
# index: 2130
# xPosition: 2.0369526503290128E-5
# yPosition: -1.2752553664469046E-5
# quantitative-imaging-settings.type: simple-quantitative-imaging-settings
# quantitative-imaging-settings.relative-setpoint: 0.30087220298747946
# quantitative-imaging-settings.control-settings.control-settings-type: quantitative-imaging-control-settings
# quantitative-imaging-settings.control-settings.next-line-motion-time: 0.05
# quantitative-imaging-settings.control-settings.next-line-additional-delay: 0.01
# quantitative-imaging-settings.control-settings.max-retries-per-position: 5
# quantitative-imaging-settings.control-settings.max-bad-adjecent-pixels: 0
# quantitative-imaging-settings.control-settings.max-pixel-replays: 1
# quantitative-imaging-settings.control-settings.pixelwise-retract-if-required: true
# quantitative-imaging-settings.control-settings.no-data-extend-fraction: 0.2
# quantitative-imaging-settings.control-settings.overscan-delay-factor: 3.4
# quantitative-imaging-settings.control-settings.overscan-distance-factor: 0.383
# quantitative-imaging-settings.control-settings.line-clock.active: false
# quantitative-imaging-settings.control-settings.line-clock.name: pulse-2
# quantitative-imaging-settings.control-settings.frame-clock.active: false
# quantitative-imaging-settings.control-settings.frame-clock.name: pulse-3
# quantitative-imaging-settings.control-settings.closed-loop: false
# quantitative-imaging-settings.control-settings.start-option.type: smooth-xyz-motion
# quantitative-imaging-settings.control-settings.start-option.additional-retract: 3.0E-9
# quantitative-imaging-settings.control-settings.start-option.start-time: 0.0075000000000000015
# quantitative-imaging-settings.control-settings.start-option.motion-time: 0.0075000000000000015
# quantitative-imaging-settings.control-settings.pixel-clock.active: false
# quantitative-imaging-settings.control-settings.pixel-clock.name: pixel-clock
# quantitative-imaging-settings.control-settings.ttl-outputs.pins.list: 
# quantitative-imaging-settings.control-settings.baseline-adjust-settings.enabled: true
# quantitative-imaging-settings.control-settings.baseline-adjust-settings.interval: 1
# quantitative-imaging-settings.control-settings.averager.type: instrumentdefault
# quantitative-imaging-settings.control-settings.averager.value: NaN
# quantitative-imaging-settings.extend.type: z-extend-force
# quantitative-imaging-settings.extend.identifier.type: standard
# quantitative-imaging-settings.extend.identifier.name: extend-spm
# quantitative-imaging-settings.extend.style: extend
# quantitative-imaging-settings.extend.duration: 0.030000000000000006
# quantitative-imaging-settings.extend.num-points: 1800
# quantitative-imaging-settings.extend.z-start: 6.000000000000001E-7
# quantitative-imaging-settings.extend.z-end: 0.0
# quantitative-imaging-settings.extend.setpoint: 0.30087220298747946
# quantitative-imaging-settings.retract.type: z-retract-height
# quantitative-imaging-settings.retract.identifier.type: standard
# quantitative-imaging-settings.retract.identifier.name: retract-spm
# quantitative-imaging-settings.retract.style: retract
# quantitative-imaging-settings.retract.duration: 0.030000000000000006
# quantitative-imaging-settings.retract.num-points: 1800
# quantitative-imaging-settings.retract.z-start: 6.000000000000001E-7
# quantitative-imaging-settings.retract.z-end: 0.0
# quantitative-imaging-settings.retract.setpoint: 0.15000000000000002
# quantitative-imaging-settings.data-description.comment: 
# quantitative-imaging-settings.data-description.name: 
# quantitative-imaging-settings.data-description.probe: 
# quantitative-imaging-settings.data-description.user-name: afm_csec
# quantitative-imaging-settings.data-description.instrument: JPK01814-H-21-02-0019
# quantitative-imaging-settings.data-description.source-software: 8.0.163
# quantitative-imaging-settings.data-description.modification-software: 
# feedbackMode: contact
# date: Wed Oct 02 14:08:33 BST 2024
# segmentIndex: 0
# segment: extend
# columns: verticalTipPosition vDeflection height error smoothedMeasuredHeight measuredHeight seriesTime time
# fancyNames: "Vertical Tip Position" "Vertical Deflection" "Height" "Error Signal" "Height (measured & smoothed)" "Height (measured)" "Series Time" "Segment Time"
# heightMultiplier: 0.788494
# heightOffset: 0.0
# sensitivity: 4.798575435590727E-8
# springConstant: 0.06926368726396598
# calibrationSlots: nominal force nominal volts nominal nominal elapsed elapsed
# units: m N m V m m s s
#
 3.8002822105e-07  2.7595240471e-12  9.6987386559e-06      0.0000000000  3.7998838020e-07  3.8091732053e-07  8.3333333333e-06  8.3333333333e-06
 3.7958937803e-07 -1.1352164969e-11  9.6983986475e-06      0.0000000000  3.7975327582e-07  3.7925633370e-07  2.5000000000e-05  2.5000000000e-05
 3.7944090057e-07 -5.3520652847e-12  9.6980687952e-06      0.0000000000  3.7951817144e-07  3.8040760220e-07  4.1666666667e-05  4.1666666667e-05
 3.7962846922e-07  2.3955324739e-11  9.6977386669e-06      0.0000000000  3.7928261231e-07  3.7898603519e-07  5.8333333333e-05  5.8333333333e-05
 3.7904851348e-07  6.9648262979e-14  9.6973986830e-06      0.0000000000  3.7904750793e-07  3.7787116392e-07  7.5000000000e-05  7.5000000000e-05
 3.7900068841e-07  1.3041303688e-11  9.6970688202e-06      0.0000000000  3.7881240355e-07  3.7849878409e-07  9.1666666667e-05  9.1666666667e-05
 3.7889988365e-07  2.2374888191e-11  9.6967386989e-06      0.0000000000  3.7857684442e-07  3.7803308832e-07  0.00010833333333  0.00010833333333
 3.7877854433e-07  3.0254675585e-11  9.6963986975e-06      0.0000000000  3.7834174004e-07  3.7956368976e-07  0.00012500000000  0.00012500000000
 3.7823936281e-07  9.2246690520e-12  9.6960688207e-06      0.0000000000  3.7810618091e-07  3.7802723961e-07  0.00014166666667  0.00014166666667
 3.7831215324e-07  3.0550599003e-11  9.6957386785e-06      0.0000000000  3.7787107653e-07  3.7651143288e-07  0.00015833333333  0.00015833333333
 3.7785560211e-07  1.5243877898e-11  9.6953986666e-06      0.0000000000  3.7763551741e-07  3.7715081337e-07  0.00017500000000  0.00017500000000
 3.7769171807e-07  2.0208359000e-11  9.6950687968e-06      0.0000000000  3.7739995828e-07  3.7708402486e-07  0.00019166666667  0.00019166666667
 3.7714149138e-07 -1.6181739056e-12  9.6947386546e-06      0.0000000000  3.7716485390e-07  3.7684862996e-07  0.00020833333333  0.00020833333333
 3.7690253193e-07 -1.8536933078e-12  9.6943986601e-06      0.0000000000  3.7692929477e-07  3.7681867889e-07  0.00022500000000  0.00022500000000
 3.7654297620e-07 -1.0442154780e-11  9.6940688008e-06      0.0000000000  3.7669373564e-07  3.7828168999e-07  0.00024166666667  0.00024166666667
 3.7643285304e-07 -1.7539969642e-12  9.6937386796e-06      0.0000000000  3.7645817651e-07  3.7664794998e-07  0.00025833333333  0.00025833333333
 3.7596697208e-07 -1.7738433817e-11  9.6933986886e-06      0.0000000000  3.7622307213e-07  3.7617763184e-07  0.00027500000000  0.00027500000000
 3.7576277226e-07 -1.5566372510e-11  9.6930688328e-06      0.0000000000  3.7598751301e-07  3.7745092144e-07  0.00029166666667  0.00029166666667
 3.7555626181e-07 -1.3554353926e-11  9.6927387045e-06      0.0000000000  3.7575195388e-07  3.7420935184e-07  0.00030833333333  0.00030833333333
 3.7556270441e-07  3.2075780062e-12  9.6923986996e-06      0.0000000000  3.7551639475e-07  3.7470070647e-07  0.00032500000000  0.00032500000000
 3.7497253701e-07 -2.1353898521e-11  9.6920688194e-06      0.0000000000  3.7528083562e-07  3.7462127720e-07  0.00034166666667  0.00034166666667
 3.7507268275e-07  1.8982580735e-12  9.6917386771e-06      0.0000000000  3.7504527650e-07  3.7583944426e-07  0.00035833333333  0.00035833333333
 3.7507989805e-07  1.8713710305e-11  9.6913986687e-06      0.0000000000  3.7480971737e-07  3.7431947112e-07  0.00037500000000  0.00037500000000
 3.7463538180e-07  4.2405697208e-12  9.6910687919e-06      0.0000000000  3.7457415824e-07  3.7483082457e-07  0.00039166666667  0.00039166666667
 3.7452684728e-07  1.3070259450e-11  9.6907386567e-06      0.0000000000  3.7433814436e-07  3.7493140040e-07  0.00040833333333  0.00040833333333
 3.7431338062e-07  1.4600465792e-11  9.6903986728e-06      0.0000000000  3.7410258524e-07  3.7295697296e-07  0.00042500000000  0.00042500000000
 3.7379407538e-07 -5.0528365134e-12  9.6900688134e-06      0.0000000000  3.7386702611e-07  3.7357316299e-07  0.00044166666667  0.00044166666667
 3.7373838240e-07  7.4053563674e-12  9.6897386887e-06      0.0000000000  3.7363146698e-07  3.7385344518e-07  0.00045833333333  0.00045833333333
 3.7318223634e-07 -1.4768179145e-11  9.6893987047e-06      0.0000000000  3.7339545311e-07  3.7330393360e-07  0.00047500000000  0.00047500000000
 3.7311583400e-07 -3.0517568935e-12  9.6890688349e-06      0.0000000000  3.7315989398e-07  3.7481585690e-07  0.00049166666667  0.00049166666667
 3.7272414508e-07 -1.3865881873e-11  9.6887387102e-06      0.0000000000  3.7292433485e-07  3.7345107900e-07  0.00050833333333  0.00050833333333
 3.7226095857e-07 -2.9600695833e-11  9.6883986983e-06      0.0000000000  3.7268832098e-07  3.7524240404e-07  0.00052500000000  0.00052500000000
 3.7244251739e-07 -7.0956864036e-13  9.6880688145e-06      0.0000000000  3.7245276185e-07  3.7095331768e-07  0.00054166666667  0.00054166666667
 3.7192189432e-07 -2.0422650865e-11  9.6877386758e-06      0.0000000000  3.7221674797e-07  3.7403841853e-07  0.00055833333333  0.00055833333333
 3.7188893893e-07 -6.3895694926e-12  9.6873986709e-06      0.0000000000  3.7198118884e-07  3.7283718443e-07  0.00057500000000  0.00057500000000
 3.7169186411e-07 -3.6925066544e-12  9.6870687906e-06      0.0000000000  3.7174517497e-07  3.7157453886e-07  0.00059166666667  0.00059166666667
 3.7157948777e-07  4.8395872995e-12  9.6867386763e-06      0.0000000000  3.7150961584e-07  3.7219967491e-07  0.00060833333333  0.00060833333333
 3.7161328567e-07  2.3527745875e-11  9.6863986784e-06      0.0000000000  3.7127360197e-07  3.7237049815e-07  0.00062500000000  0.00062500000000
 3.7138580930e-07  2.4119084716e-11  9.6860688260e-06      0.0000000000  3.7103758809e-07  3.7161944187e-07  0.00064166666667  0.00064166666667
 3.7121660017e-07  2.8746227994e-11  9.6857387013e-06      0.0000000000  3.7080157422e-07  3.6893397151e-07  0.00065833333333  0.00065833333333
 3.7079635702e-07  1.5954331767e-11  9.6853987104e-06      0.0000000000  3.7056601509e-07  3.6795286592e-07  0.00067500000000  0.00067500000000
 3.7083844012e-07  3.5216353060e-11  9.6850688475e-06      0.0000000000  3.7033000121e-07  3.6943353321e-07  0.00069166666667  0.00069166666667
 3.7015014918e-07  3.8899764726e-12  9.6847387053e-06      0.0000000000  3.7009398734e-07  3.6812101637e-07  0.00070833333333  0.00070833333333
 3.6997279300e-07  7.9528248054e-12  9.6843986934e-06      0.0000000000  3.6985797346e-07  3.7080901803e-07  0.00072500000000  0.00072500000000
 3.6963835543e-07  1.1356364942e-12  9.6840688131e-06      0.0000000000  3.6962195959e-07  3.6995010648e-07  0.00074166666667  0.00074166666667
 3.6943422208e-07  3.3437991657e-12  9.6837386814e-06      0.0000000000  3.6938594571e-07  3.6995299939e-07  0.00075833333333  0.00075833333333
 3.6929935418e-07  1.0349542244e-11  9.6833986695e-06      0.0000000000  3.6914993184e-07  3.6988248469e-07  0.00077500000000  0.00077500000000
 3.6885742450e-07 -3.9129452923e-12  9.6830687997e-06      0.0000000000  3.6891391796e-07  3.6831070643e-07  0.00079166666667  0.00079166666667
 3.6886352798e-07  1.2856995399e-11  9.6827386819e-06      0.0000000000  3.6867790409e-07  3.6810703921e-07  0.00080833333333  0.00080833333333
 3.6859372738e-07  1.0516802379e-11  9.6823986945e-06      0.0000000000  3.6844189021e-07  3.6839587435e-07  0.00082500000000  0.00082500000000
 3.6844612590e-07  1.6640570889e-11  9.6820688282e-06      0.0000000000  3.6820587634e-07  3.6886463598e-07  0.00084166666667  0.00084166666667
 3.6826296323e-07  2.0301239707e-11  9.6817387139e-06      0.0000000000  3.6796986246e-07  3.6869346685e-07  0.00085833333333  0.00085833333333
 3.6798678483e-07  1.7550793933e-11  9.6813987195e-06      0.0000000000  3.6773339384e-07  3.6795542866e-07  0.00087500000000  0.00087500000000
 3.6769100514e-07  1.3411193653e-11  9.6810688462e-06      0.0000000000  3.6749737997e-07  3.6673859800e-07  0.00089166666667  0.00089166666667
 3.6763773762e-07  2.6068880266e-11  9.6807387040e-06      0.0000000000  3.6726136609e-07  3.6646273379e-07  0.00090833333333  0.00090833333333
 3.6699635744e-07 -2.0082848386e-12  9.6803986921e-06      0.0000000000  3.6702535221e-07  3.6781721356e-07  0.00092500000000  0.00092500000000
 3.6685407826e-07  4.5156230096e-12  9.6800688223e-06      0.0000000000  3.6678888359e-07  3.6636428048e-07  0.00094166666667  0.00094166666667
 3.6664350731e-07  6.2778942202e-12  9.6797386766e-06      0.0000000000  3.6655286972e-07  3.6593163307e-07  0.00095833333333  0.00095833333333
 3.6614329964e-07 -1.1989644719e-11  9.6793986682e-06      0.0000000000  3.6631640109e-07  3.6686332334e-07  0.00097500000000  0.00097500000000
 3.6602289696e-07 -3.9819875615e-12  9.6790688158e-06      0.0000000000  3.6608038722e-07  3.6539100462e-07  0.00099166666667  0.00099166666667
 3.6579534197e-07 -3.3645962921e-12  9.6787386946e-06      0.0000000000  3.6584391860e-07  3.6550269613e-07   0.0010083333333   0.0010083333333
 3.6536305586e-07 -1.6959134941e-11  9.6783987001e-06      0.0000000000  3.6560790472e-07  3.6527019414e-07   0.0010250000000   0.0010250000000
 3.6526458486e-07 -7.4009110879e-12  9.6780688478e-06      0.0000000000  3.6537143610e-07  3.6581777187e-07   0.0010416666667   0.0010416666667
 3.6499121031e-07 -9.9571514589e-12  9.6777387195e-06      0.0000000000  3.6513496748e-07  3.6488441503e-07   0.0010583333333   0.0010583333333
 3.6471162454e-07 -1.2975101720e-11  9.6773987286e-06      0.0000000000  3.6489895360e-07  3.6475228447e-07   0.0010750000000   0.0010750000000
 3.6478424940e-07  8.4338526807e-12  9.6770688448e-06      0.0000000000  3.6466248498e-07  3.6777903971e-07   0.0010916666667   0.0010916666667
 3.6426175463e-07 -1.1377373081e-11  9.6767387026e-06      0.0000000000  3.6442601636e-07  3.6580646751e-07   0.0011083333333   0.0011083333333
 3.6409784856e-07 -6.3514229206e-12  9.6763986977e-06      0.0000000000  3.6418954773e-07  3.6579421980e-07   0.0011250000000   0.0011250000000
 3.6374960225e-07 -1.4125055263e-11  9.6760688174e-06      0.0000000000  3.6395353386e-07  3.6369173389e-07   0.0011416666667   0.0011416666667
 3.6353255678e-07 -1.2779736098e-11  9.6757386752e-06      0.0000000000  3.6371706524e-07  3.6224397346e-07   0.0011583333333   0.0011583333333
 3.6339002350e-07 -6.2734277670e-12  9.6753986878e-06      0.0000000000  3.6348059661e-07  3.6413049729e-07   0.0011750000000   0.0011750000000
 3.6314897506e-07 -6.5906430620e-12  9.6750688180e-06      0.0000000000  3.6324412799e-07  3.6221685242e-07   0.0011916666667   0.0011916666667
 3.6309929179e-07  6.3467992267e-12  9.6747387072e-06      0.0000000000  3.6300765937e-07  3.6341098002e-07   0.0012083333333   0.0012083333333
 3.6277830753e-07  4.9293481940e-13  9.6743987127e-06      0.0000000000  3.6277119075e-07  3.5976467017e-07   0.0012250000000   0.0012250000000
 3.6263808836e-07  7.1595264547e-12  9.6740688534e-06      0.0000000000  3.6253472212e-07  3.6132596163e-07   0.0012416666667   0.0012416666667
 3.6229676452e-07 -1.0313215301e-13  9.6737387322e-06      0.0000000000  3.6229825350e-07  3.6071054199e-07   0.0012583333333   0.0012583333333
 3.6234092226e-07  1.9334084063e-11  9.6733987237e-06      0.0000000000  3.6206178488e-07  3.6091134775e-07   0.0012750000000   0.0012750000000
 3.6173933004e-07 -5.9242246658e-12  9.6730688400e-06      0.0000000000  3.6182486151e-07  3.6067467933e-07   0.0012916666667   0.0012916666667
 3.6138485742e-07 -1.4097616675e-11  9.6727387013e-06      0.0000000000  3.6158839289e-07  3.6080662123e-07   0.0013083333333   0.0013083333333
 3.6126060692e-07 -6.3249758551e-12  9.6723986998e-06      0.0000000000  3.6135192427e-07  3.6115719801e-07   0.0013250000000   0.0013250000000
 3.6100190332e-07 -7.8650522754e-12  9.6720688161e-06      0.0000000000  3.6111545564e-07  3.6128105862e-07   0.0013416666667   0.0013416666667
 3.6092924916e-07  3.5128387861e-12  9.6717386808e-06      0.0000000000  3.6087853227e-07  3.6216551897e-07   0.0013583333333   0.0013583333333
 3.6058946699e-07 -3.6430383105e-12  9.6713986934e-06      0.0000000000  3.6064206365e-07  3.6350602158e-07   0.0013750000000   0.0013750000000
 3.6038112165e-07 -1.6951161009e-12  9.6710688341e-06      0.0000000000  3.6040559503e-07  3.5964153279e-07   0.0013916666667   0.0013916666667
 3.5999056142e-07 -1.2336571979e-11  9.6707387093e-06      0.0000000000  3.6016867166e-07  3.6135962316e-07   0.0014083333333   0.0014083333333
 3.5996957051e-07  2.5882093279e-12  9.6703987288e-06      0.0000000000  3.5993220304e-07  3.6076083777e-07   0.0014250000000   0.0014250000000
 3.5921569611e-07 -3.3217725386e-11  9.6700688660e-06      0.0000000000  3.5969527967e-07  3.5958908306e-07   0.0014416666667   0.0014416666667
 3.5941495566e-07 -3.0375859081e-12  9.6697387343e-06      0.0000000000  3.5945881104e-07  3.5835459620e-07   0.0014583333333   0.0014583333333
 3.5900261677e-07 -1.5187511068e-11  9.6693987189e-06      0.0000000000  3.5922188767e-07  3.6156929632e-07   0.0014750000000   0.0014750000000
 3.5859828948e-07 -2.6782523991e-11  9.6690688386e-06      0.0000000000  3.5898496430e-07  3.5872070666e-07   0.0014916666667   0.0014916666667
 3.5869391937e-07 -3.7801562639e-12  9.6687387104e-06      0.0000000000  3.5874849568e-07  3.5692769932e-07   0.0015083333333   0.0015083333333
 3.5809437434e-07 -2.8896669510e-11  9.6683986985e-06      0.0000000000  3.5851157231e-07  3.5728357454e-07   0.0015250000000   0.0015250000000
 3.5798553404e-07 -2.0025164442e-11  9.6680688112e-06      0.0000000000  3.5827464894e-07  3.5580842579e-07   0.0015416666667   0.0015416666667
 3.5804575716e-07  5.2480025012e-13  9.6677386725e-06      0.0000000000  3.5803818032e-07  3.5664840764e-07   0.0015583333333   0.0015583333333
 3.5762569312e-07 -1.2160198364e-11  9.6673986711e-06      0.0000000000  3.5780125695e-07  3.5789740622e-07   0.0015750000000   0.0015750000000
 3.5776293085e-07  1.3755579047e-11  9.6670687873e-06      0.0000000000  3.5756433358e-07  3.5797207162e-07   0.0015916666667   0.0015916666667
 3.5738709660e-07  4.1340994228e-12  9.6667386451e-06      0.0000000000  3.5732741021e-07  3.5866630736e-07   0.0016083333333   0.0016083333333
 3.5727140349e-07  1.2530954197e-11  9.6663986402e-06      0.0000000000  3.5709048684e-07  3.5755827530e-07   0.0016250000000   0.0016250000000
 3.5703590285e-07  1.2629497580e-11  9.6660687669e-06      0.0000000000  3.5685356347e-07  3.5956669444e-07   0.0016416666667   0.0016416666667
 3.5689246695e-07  1.9104784824e-11  9.6657386421e-06      0.0000000000  3.5661664010e-07  3.5740778104e-07   0.0016583333333   0.0016583333333
 3.5655531945e-07  1.2162891915e-11  9.6653986512e-06      0.0000000000  3.5637971673e-07  3.5708353918e-07   0.0016750000000   0.0016750000000
 3.5596797042e-07 -1.2108881494e-11  9.6650687954e-06      0.0000000000  3.5614279336e-07  3.5805433091e-07   0.0016916666667   0.0016916666667
 3.5583647616e-07 -4.8064724376e-12  9.6647386741e-06      0.0000000000  3.5590586999e-07  3.5633309607e-07   0.0017083333333   0.0017083333333
 3.5541924483e-07 -1.7295266965e-11  9.6643986866e-06      0.0000000000  3.5566894662e-07  3.5675769364e-07   0.0017250000000   0.0017250000000
 3.5541714021e-07 -1.0308540854e-12  9.6640688099e-06      0.0000000000  3.5543202325e-07  3.5615280797e-07   0.0017416666667   0.0017416666667
 3.5497721939e-07 -1.5091205966e-11  9.6637386816e-06      0.0000000000  3.5519509988e-07  3.5441487600e-07   0.0017583333333   0.0017583333333
 3.5465171956e-07 -2.1194840735e-11  9.6633986697e-06      0.0000000000  3.5495772176e-07  3.5290683612e-07   0.0017750000000   0.0017750000000
 3.5453726219e-07 -1.2712394195e-11  9.6630687825e-06      0.0000000000  3.5472079839e-07  3.5263402204e-07   0.0017916666667   0.0017916666667
 3.5424368481e-07 -1.6636460238e-11  9.6627386437e-06      0.0000000000  3.5448387502e-07  3.5385280227e-07   0.0018083333333   0.0018083333333
 3.5430856220e-07  4.2988712612e-12  9.6623986423e-06      0.0000000000  3.5424649691e-07  3.5299841876e-07   0.0018250000000   0.0018250000000
 3.5391046330e-07 -6.8647406550e-12  9.6620687725e-06      0.0000000000  3.5400957354e-07  3.5415380651e-07   0.0018416666667   0.0018416666667
 3.5404344288e-07  1.8756101411e-11  9.6617386582e-06      0.0000000000  3.5377265017e-07  3.5468259604e-07   0.0018583333333   0.0018583333333
 3.5375991619e-07  1.5559681188e-11  9.6613986673e-06      0.0000000000  3.5353527205e-07  3.5349708428e-07   0.0018750000000   0.0018750000000
 3.5365083434e-07  2.4414456536e-11  9.6610688010e-06      0.0000000000  3.5329834868e-07  3.5416135324e-07   0.0018916666667   0.0018916666667
 3.5351030671e-07  3.1122678447e-11  9.6607386902e-06      0.0000000000  3.5306097056e-07  3.5126586383e-07   0.0019083333333   0.0019083333333
 3.5284387013e-07  1.4045068049e-12  9.6603986853e-06      0.0000000000  3.5282359245e-07  3.5378505470e-07   0.0019250000000   0.0019250000000
 3.5276940658e-07  1.2657073015e-11  9.6600688190e-06      0.0000000000  3.5258666908e-07  3.5493992362e-07   0.0019416666667   0.0019416666667
 3.5224508386e-07 -7.2177679579e-12  9.6597386768e-06      0.0000000000  3.5234929096e-07  3.5373740028e-07   0.0019583333333   0.0019583333333
 3.5193941168e-07 -1.1948066650e-11  9.6593986649e-06      0.0000000000  3.5211191284e-07  3.5401216393e-07   0.0019750000000   0.0019750000000
 3.5140671807e-07 -3.2434204160e-11  9.6590687811e-06      0.0000000000  3.5187498947e-07  3.5213241644e-07   0.0019916666667   0.0019916666667
 3.5132517508e-07 -2.1640488322e-11  9.6587386529e-06      0.0000000000  3.5163761136e-07  3.5105705541e-07   0.0020083333333   0.0020083333333
 3.5064431817e-07 -5.2357464979e-11  9.6583986445e-06      0.0000000000  3.5140023324e-07  3.5138654853e-07   0.0020250000000   0.0020250000000
 3.5072073188e-07 -3.0623085767e-11  9.6580687886e-06      0.0000000000  3.5116285512e-07  3.4898040130e-07   0.0020416666667   0.0020416666667
 3.5047530793e-07 -3.1211867396e-11  9.6577386604e-06      0.0000000000  3.5092593175e-07  3.5106952322e-07   0.0020583333333   0.0020583333333
 3.5041014535e-07 -1.9283584122e-11  9.6573986799e-06      0.0000000000  3.5068855363e-07  3.4891142738e-07   0.0020750000000   0.0020750000000
 3.5043985405e-07 -7.8416652045e-13  9.6570688136e-06      0.0000000000  3.5045117552e-07  3.4952703569e-07   0.0020916666667   0.0020916666667
 3.5039569768e-07  1.2599084242e-11  9.6567386958e-06      0.0000000000  3.5021379740e-07  3.4985920161e-07   0.0021083333333   0.0021083333333
 3.5027105162e-07  2.0407322274e-11  9.6563986944e-06      0.0000000000  3.4997641928e-07  3.4981871658e-07   0.0021250000000   0.0021250000000
 3.5008027154e-07  2.3634874061e-11  9.6560688141e-06      0.0000000000  3.4973904117e-07  3.4943710389e-07   0.0021416666667   0.0021416666667
 3.4975112141e-07  1.7278405842e-11  9.6557386754e-06      0.0000000000  3.4950166305e-07  3.4949016680e-07   0.0021583333333   0.0021583333333
 3.4924594255e-07 -1.2389634579e-12  9.6553986600e-06      0.0000000000  3.4926383018e-07  3.4904621502e-07   0.0021750000000   0.0021750000000
 3.4893500439e-07 -6.3340033640e-12  9.6550687902e-06      0.0000000000  3.4902645207e-07  3.4875576048e-07   0.0021916666667   0.0021916666667
 3.4876850088e-07 -1.4249666377e-12  9.6547386515e-06      0.0000000000  3.4878907395e-07  3.5121652712e-07   0.0022083333333   0.0022083333333
 3.4837656457e-07 -1.2130236815e-11  9.6543986536e-06      0.0000000000  3.4855169583e-07  3.4946367465e-07   0.0022250000000   0.0022250000000
 3.4828622768e-07 -1.9456197422e-12  9.6540687943e-06      0.0000000000  3.4831431772e-07  3.4883814555e-07   0.0022416666667   0.0022416666667
 3.4810415648e-07  1.9166390863e-12  9.6537386765e-06      0.0000000000  3.4807648485e-07  3.4868243147e-07   0.0022583333333   0.0022583333333
 3.4805392937e-07  1.4879407576e-11  9.6533986855e-06      0.0000000000  3.4783910673e-07  3.4827550581e-07   0.0022750000000   0.0022750000000
 3.4756285027e-07 -2.6928575914e-12  9.6530688262e-06      0.0000000000  3.4760172862e-07  3.4653966492e-07   0.0022916666667   0.0022916666667
 3.4709037799e-07 -1.8944848805e-11  9.6527386980e-06      0.0000000000  3.4736389575e-07  3.4725111662e-07   0.0023083333333   0.0023083333333
 3.4706667368e-07 -4.1450126782e-12  9.6523986966e-06      0.0000000000  3.4712651763e-07  3.4830990630e-07   0.0023250000000   0.0023250000000
 3.4663381823e-07 -1.7652996650e-11  9.6520688128e-06      0.0000000000  3.4688868477e-07  3.4614270722e-07   0.0023416666667   0.0023416666667
 3.4615307818e-07 -3.4509140958e-11  9.6517386741e-06      0.0000000000  3.4665130665e-07  3.4574920845e-07   0.0023583333333   0.0023583333333
 3.4632874257e-07 -5.8687969113e-12  9.6513986657e-06      0.0000000000  3.4641347379e-07  3.4627593835e-07   0.0023750000000   0.0023750000000
 3.4591098802e-07 -1.8362333540e-11  9.6510687854e-06      0.0000000000  3.4617609567e-07  3.4514691697e-07   0.0023916666667   0.0023916666667
 3.4591573689e-07 -1.5602282693e-12  9.6507386571e-06      0.0000000000  3.4593826281e-07  3.4451863645e-07   0.0024083333333   0.0024083333333
 3.4581870343e-07  8.1920580002e-12  9.6503986697e-06      0.0000000000  3.4570042994e-07  3.4551930064e-07   0.0024250000000   0.0024250000000
 3.4559700666e-07  9.2782055895e-12  9.6500688069e-06      0.0000000000  3.4546305183e-07  3.4551381354e-07   0.0024416666667   0.0024416666667
 3.4553290502e-07  2.1311470780e-11  9.6497386856e-06      0.0000000000  3.4522521896e-07  3.4533083692e-07   0.0024583333333   0.0024583333333
 3.4523167021e-07  1.6920018468e-11  9.6493987016e-06      0.0000000000  3.4498738610e-07  3.4455402745e-07   0.0024750000000   0.0024750000000
 3.4511020254e-07  2.4979901064e-11  9.6490688284e-06      0.0000000000  3.4474955323e-07  3.4585077478e-07   0.0024916666667   0.0024916666667
 3.4479451855e-07  1.9587645053e-11  9.6487387071e-06      0.0000000000  3.4451172037e-07  3.4610253664e-07   0.0025083333333   0.0025083333333
 3.4490574694e-07  4.3733417278e-11  9.6483986952e-06      0.0000000000  3.4427434225e-07  3.4499961434e-07   0.0025250000000   0.0025250000000
 3.4432563080e-07  2.0025615245e-11  9.6480688114e-06      0.0000000000  3.4403650939e-07  3.4445815260e-07   0.0025416666667   0.0025416666667
 3.4434473534e-07  3.7822047000e-11  9.6477386692e-06      0.0000000000  3.4379867652e-07  3.4373031822e-07   0.0025583333333   0.0025583333333
 3.4387843987e-07  2.1997885072e-11  9.6473986678e-06      0.0000000000  3.4356084366e-07  3.4323169987e-07   0.0025750000000   0.0025750000000
 3.4362541942e-07  2.0945936615e-11  9.6470687840e-06      0.0000000000  3.4332301079e-07  3.4269850808e-07   0.0025916666667   0.0025916666667
 3.4328652787e-07  1.3946239482e-11  9.6467386698e-06      0.0000000000  3.4308517793e-07  3.4349427870e-07   0.0026083333333   0.0026083333333
 3.4283594004e-07 -7.8995394381e-13  9.6463986753e-06      0.0000000000  3.4284734506e-07  3.4275965227e-07   0.0026250000000   0.0026250000000
 3.4262269933e-07  9.4488699031e-13  9.6460688195e-06      0.0000000000  3.4260905745e-07  3.4245147864e-07   0.0026416666667   0.0026416666667
 3.4241687338e-07  3.1618037371e-12  9.6457386947e-06      0.0000000000  3.4237122459e-07  3.4149458546e-07   0.0026583333333   0.0026583333333
 3.4214087408e-07  5.1825557506e-13  9.6453987073e-06      0.0000000000  3.4213339172e-07  3.4209723855e-07   0.0026750000000   0.0026750000000
 3.4196626380e-07  4.8972850998e-12  9.6450688410e-06      0.0000000000  3.4189555886e-07  3.4221941687e-07   0.0026916666667   0.0026916666667
 3.4193032683e-07  1.8881339312e-11  9.6447387023e-06      0.0000000000  3.4165772599e-07  3.4235351273e-07   0.0027083333333   0.0027083333333
 3.4144555055e-07  1.8086249940e-12  9.6443986904e-06      0.0000000000  3.4141943838e-07  3.4215619734e-07   0.0027250000000   0.0027250000000
 3.4155807447e-07  2.6075627691e-11  9.6440688066e-06      0.0000000000  3.4118160552e-07  3.4148562372e-07   0.0027416666667   0.0027416666667
 3.4119560504e-07  1.7442839665e-11  9.6437386783e-06      0.0000000000  3.4094377265e-07  3.4138622708e-07   0.0027583333333   0.0027583333333
 3.4074456186e-07  2.7066047455e-12  9.6433986664e-06      0.0000000000  3.4070548504e-07  3.4162775370e-07   0.0027750000000   0.0027750000000
 3.4056711914e-07  6.8894486897e-12  9.6430687931e-06      0.0000000000  3.4046765218e-07  3.4045989813e-07   0.0027916666667   0.0027916666667
 3.4028120448e-07  3.5906239935e-12  9.6427386789e-06      0.0000000000  3.4022936456e-07  3.4028607191e-07   0.0028083333333   0.0028083333333
 3.3997533452e-07 -1.1218760926e-12  9.6423986879e-06      0.0000000000  3.3999153170e-07  3.3947750331e-07   0.0028250000000   0.0028250000000
 3.3968131770e-07 -4.9818866717e-12  9.6420688251e-06      0.0000000000  3.3975324409e-07  3.3942662581e-07   0.0028416666667   0.0028416666667
 3.3966287504e-07  1.0213887856e-11  9.6417387108e-06      0.0000000000  3.3951541122e-07  3.3991178584e-07   0.0028583333333   0.0028583333333
 3.3931380362e-07  2.5405929242e-12  9.6413987164e-06      0.0000000000  3.3927712361e-07  3.4000159186e-07   0.0028750000000   0.0028750000000
 3.3903683063e-07 -1.3889900735e-13  9.6410688396e-06      0.0000000000  3.3903883600e-07  3.3893998787e-07   0.0028916666667   0.0028916666667
 3.3858289870e-07 -1.5106717631e-11  9.6407387009e-06      0.0000000000  3.3880100313e-07  3.3818514251e-07   0.0029083333333   0.0029083333333
 3.3831622895e-07 -1.7072568552e-11  9.6403986890e-06      0.0000000000  3.3856271552e-07  3.3830856289e-07   0.0029250000000   0.0029250000000
 3.3798468097e-07 -2.3532125978e-11  9.6400688157e-06      0.0000000000  3.3832442791e-07  3.3915708197e-07   0.0029416666667   0.0029416666667
 3.3784649377e-07 -1.6598802059e-11  9.6397386735e-06      0.0000000000  3.3808614030e-07  3.3814119856e-07   0.0029583333333   0.0029583333333
 3.3766093814e-07 -1.2946390962e-11  9.6393986686e-06      0.0000000000  3.3784785269e-07  3.3738176227e-07   0.0029750000000   0.0029750000000
 3.3732678755e-07 -1.9617711815e-11  9.6390688093e-06      0.0000000000  3.3761001982e-07  3.3685834978e-07   0.0029916666667   0.0029916666667
 3.3705054531e-07 -2.2246588941e-11  9.6387386915e-06      0.0000000000  3.3737173221e-07  3.3666825095e-07   0.0030083333333   0.0030083333333
 3.3692086854e-07 -1.4723801470e-11  9.6383986970e-06      0.0000000000  3.3713344460e-07  3.3618022945e-07   0.0030250000000   0.0030250000000
 3.3649032579e-07 -2.8040101379e-11  9.6380688412e-06      0.0000000000  3.3689515699e-07  3.3757717526e-07   0.0030416666667   0.0030416666667
 3.3633474074e-07 -2.2311816992e-11  9.6377387165e-06      0.0000000000  3.3665686938e-07  3.3716682214e-07   0.0030583333333   0.0030583333333
 3.3629493325e-07 -8.5643521550e-12  9.6373987220e-06      0.0000000000  3.3641858176e-07  3.3604456136e-07   0.0030750000000   0.0030750000000
 3.3610502888e-07 -5.2131500484e-12  9.6370688383e-06      0.0000000000  3.3618029415e-07  3.3624429799e-07   0.0030916666667   0.0030916666667
 3.3595890244e-07  1.2017701369e-12  9.6367386995e-06      0.0000000000  3.3594155179e-07  3.3543855941e-07   0.0031083333333   0.0031083333333
 3.3584879602e-07  1.0080072091e-11  9.6363986911e-06      0.0000000000  3.3570326418e-07  3.3559711923e-07   0.0031250000000   0.0031250000000
 3.3550942615e-07  3.0787419196e-12  9.6360688109e-06      0.0000000000  3.3546497657e-07  3.3621436265e-07   0.0031416666667   0.0031416666667
 3.3532421198e-07  6.7548041036e-12  9.6357386721e-06      0.0000000000  3.3522668896e-07  3.3571157788e-07   0.0031583333333   0.0031583333333
 3.3517934218e-07  1.3225266260e-11  9.6353986812e-06      0.0000000000  3.3498840134e-07  3.3504208911e-07   0.0031750000000   0.0031750000000
 3.3497839280e-07  1.5842947078e-11  9.6350688114e-06      0.0000000000  3.3474965899e-07  3.3360118362e-07   0.0031916666667   0.0031916666667
 3.3487240960e-07  2.5006838682e-11  9.6347387041e-06      0.0000000000  3.3451137137e-07  3.3407049553e-07   0.0032083333333   0.0032083333333
 3.3450042052e-07  1.5746181993e-11  9.6343987097e-06      0.0000000000  3.3427308376e-07  3.3469942066e-07   0.0032250000000   0.0032250000000
 3.3425501930e-07  1.5284965063e-11  9.6340688469e-06      0.0000000000  3.3403434140e-07  3.3378079566e-07   0.0032416666667   0.0032416666667
 3.3423777892e-07  3.0595511355e-11  9.6337387256e-06      0.0000000000  3.3379605379e-07  3.3357882645e-07   0.0032583333333   0.0032583333333
 3.3363538250e-07  5.4074902407e-12  9.6333987207e-06      0.0000000000  3.3355731143e-07  3.3316315917e-07   0.0032750000000   0.0032750000000
 3.3372371235e-07  2.8030219742e-11  9.6330688369e-06      0.0000000000  3.3331902382e-07  3.3323428705e-07   0.0032916666667   0.0032916666667
 3.3315231652e-07  4.9894138121e-12  9.6327386982e-06      0.0000000000  3.3308028146e-07  3.3261696501e-07   0.0033083333333   0.0033083333333
 3.3292041016e-07  5.4314026893e-12  9.6323986933e-06      0.0000000000  3.3284199385e-07  3.3361406022e-07   0.0033250000000   0.0033250000000
 3.3265596949e-07  3.6514433499e-12  9.6320688095e-06      0.0000000000  3.3260325149e-07  3.3286739047e-07   0.0033416666667   0.0033416666667
 3.3248272469e-07  8.1880452934e-12  9.6317386778e-06      0.0000000000  3.3236450913e-07  3.3208396189e-07   0.0033583333333   0.0033583333333
 3.3213983356e-07  9.4282022876e-13  9.6313986903e-06      0.0000000000  3.3212622152e-07  3.3164169241e-07   0.0033750000000   0.0033750000000
 3.3192502708e-07  2.6007073711e-12  9.6310688275e-06      0.0000000000  3.3188747916e-07  3.3169173662e-07   0.0033916666667   0.0033916666667
 3.3177115944e-07  8.4794437224e-12  9.6307387097e-06      0.0000000000  3.3164873680e-07  3.3122075814e-07   0.0034083333333   0.0034083333333
 3.3144268865e-07  2.2330236730e-12  9.6303987223e-06      0.0000000000  3.3141044919e-07  3.3179507958e-07   0.0034250000000   0.0034250000000
 3.3125236126e-07  5.5864235515e-12  9.6300688595e-06      0.0000000000  3.3117170683e-07  3.3076323799e-07   0.0034416666667   0.0034416666667
 3.3117572899e-07  1.6814765561e-11  9.6297387312e-06      0.0000000000  3.3093296447e-07  3.3157131920e-07   0.0034583333333   0.0034583333333
 3.3085504314e-07  1.1139057672e-11  9.6293987158e-06      0.0000000000  3.3069422211e-07  3.3105851930e-07   0.0034750000000   0.0034750000000
 3.3049278280e-07  2.5837466781e-12  9.6290688321e-06      0.0000000000  3.3045547975e-07  3.3074827032e-07   0.0034916666667   0.0034916666667
 3.3020517359e-07 -8.0095185996e-13  9.6287387038e-06      0.0000000000  3.3021673739e-07  3.3023841049e-07   0.0035083333333   0.0035083333333
 3.2964320543e-07 -2.3188762015e-11  9.6283986919e-06      0.0000000000  3.2997799503e-07  3.2996710575e-07   0.0035250000000   0.0035250000000
 3.2956111053e-07 -1.2338781877e-11  9.6280688081e-06      0.0000000000  3.2973925267e-07  3.2919817317e-07   0.0035416666667   0.0035416666667
 3.2911977071e-07 -2.6371429203e-11  9.6277386694e-06      0.0000000000  3.2950051031e-07  3.2939715513e-07   0.0035583333333   0.0035583333333
 3.2898629101e-07 -1.9080549006e-11  9.6273986645e-06      0.0000000000  3.2926176796e-07  3.2935121445e-07   0.0035750000000   0.0035750000000
 3.2883463755e-07 -1.3048450716e-11  9.6270687807e-06      0.0000000000  3.2902302560e-07  3.2861418250e-07   0.0035916666667   0.0035916666667
 3.2881280551e-07  1.9755576217e-12  9.6267386420e-06      0.0000000000  3.2878428324e-07  3.2854525575e-07   0.0036083333333   0.0036083333333
 3.2860419395e-07  4.0940257681e-12  9.6263986371e-06      0.0000000000  3.2854508613e-07  3.2803083644e-07   0.0036250000000   0.0036250000000
 3.2854163733e-07  1.6297299630e-11  9.6260687603e-06      0.0000000000  3.2830634377e-07  3.2855431182e-07   0.0036416666667   0.0036416666667
 3.2844255390e-07  2.5970591930e-11  9.6257386391e-06      0.0000000000  3.2806760141e-07  3.2814259085e-07   0.0036583333333   0.0036583333333
 3.2815457116e-07  2.2560021546e-11  9.6253986481e-06      0.0000000000  3.2782885905e-07  3.2720706433e-07   0.0036750000000   0.0036750000000
 3.2791211027e-07  2.2333960042e-11  9.6250687923e-06      0.0000000000  3.2758966195e-07  3.2857670043e-07   0.0036916666667   0.0036916666667
 3.2785059034e-07  3.4609038455e-11  9.6247386710e-06      0.0000000000  3.2735091959e-07  3.2790570232e-07   0.0037083333333   0.0037083333333
 3.2731643283e-07  1.4147496437e-11  9.6243986801e-06      0.0000000000  3.2711217723e-07  3.2842894186e-07   0.0037250000000   0.0037250000000
 3.2716219963e-07  2.0032409421e-11  9.6240688033e-06      0.0000000000  3.2687298012e-07  3.2758820534e-07   0.0037416666667   0.0037416666667
 3.2695065095e-07  2.1915944217e-11  9.6237386786e-06      0.0000000000  3.2663423776e-07  3.2649081731e-07   0.0037583333333   0.0037583333333
 3.2631973097e-07 -5.2162266275e-12  9.6233986632e-06      0.0000000000  3.2639504066e-07  3.2648205997e-07   0.0037750000000   0.0037750000000
 3.2636331475e-07  1.4338722947e-11  9.6230687794e-06      0.0000000000  3.2615629830e-07  3.2558140560e-07   0.0037916666667   0.0037916666667
 3.2585532464e-07 -4.2788715607e-12  9.6227386407e-06      0.0000000000  3.2591710119e-07  3.2555610835e-07   0.0038083333333   0.0038083333333
 3.2553624346e-07 -9.8119371561e-12  9.6223986358e-06      0.0000000000  3.2567790408e-07  3.2574457207e-07   0.0038250000000   0.0038250000000
 3.2547095085e-07  2.2018319092e-12  9.6220687660e-06      0.0000000000  3.2543916172e-07  3.2573120808e-07   0.0038416666667   0.0038416666667
 3.2476489132e-07 -3.0134780958e-11  9.6217386517e-06      0.0000000000  3.2519996462e-07  3.2461529912e-07   0.0038583333333   0.0038583333333
 3.2478056633e-07 -1.2481398054e-11  9.6213986642e-06      0.0000000000  3.2496076751e-07  3.2456415435e-07   0.0038750000000   0.0038750000000
 3.2440539874e-07 -2.1930712729e-11  9.6210687944e-06      0.0000000000  3.2472202515e-07  3.2367183282e-07   0.0038916666667   0.0038916666667
 3.2421882313e-07 -1.8285953707e-11  9.6207386871e-06      0.0000000000  3.2448282804e-07  3.2375193815e-07   0.0039083333333   0.0039083333333
 3.2416677463e-07 -5.3233511926e-12  9.6203986822e-06      0.0000000000  3.2424363094e-07  3.2424868555e-07   0.0039250000000   0.0039250000000
 3.2369999485e-07 -2.1086566720e-11  9.6200688124e-06      0.0000000000  3.2400443383e-07  3.2409130491e-07   0.0039416666667   0.0039416666667
 3.2386645874e-07  7.0110103031e-12  9.6197386737e-06      0.0000000000  3.2376523673e-07  3.2304704267e-07   0.0039583333333   0.0039583333333
 3.2333055832e-07 -1.3539755202e-11  9.6193986583e-06      0.0000000000  3.2352603962e-07  3.2346462808e-07   0.0039750000000   0.0039750000000
 3.2333877857e-07  3.5972826515e-12  9.6190687745e-06      0.0000000000  3.2328684251e-07  3.2376931134e-07   0.0039916666667   0.0039916666667
 3.2294681076e-07 -6.9841796112e-12  9.6187386498e-06      0.0000000000  3.2304764541e-07  3.2395362436e-07   0.0040083333333   0.0040083333333
 3.2263880205e-07 -1.1750324478e-11  9.6183986379e-06      0.0000000000  3.2280844830e-07  3.2348844742e-07   0.0040250000000   0.0040250000000
 3.2261641153e-07  3.2664989236e-12  9.6180687821e-06      0.0000000000  3.2256925119e-07  3.2266849584e-07   0.0040416666667   0.0040416666667
 3.2244329064e-07  7.8431810920e-12  9.6177386573e-06      0.0000000000  3.2233005409e-07  3.2254322022e-07   0.0040583333333   0.0040583333333
 3.2251510209e-07  2.9384780470e-11  9.6173986733e-06      0.0000000000  3.2209085698e-07  3.2109123048e-07   0.0040750000000   0.0040750000000
 3.2241880749e-07  3.9282735109e-11  9.6170688070e-06      0.0000000000  3.2185165987e-07  3.2171735703e-07   0.0040916666667   0.0040916666667
 3.2206131316e-07  3.1089033278e-11  9.6167386893e-06      0.0000000000  3.2161246277e-07  3.2149211876e-07   0.0041083333333   0.0041083333333
 3.2188623667e-07  3.5561760923e-11  9.6163986913e-06      0.0000000000  3.2137281091e-07  3.2100939569e-07   0.0041250000000   0.0041250000000
 3.2152279690e-07  2.6956256287e-11  9.6160688076e-06      0.0000000000  3.2113361381e-07  3.2005493947e-07   0.0041416666667   0.0041416666667
 3.2106756332e-07  1.1992773207e-11  9.6157386689e-06      0.0000000000  3.2089441670e-07  3.2129296385e-07   0.0041583333333   0.0041583333333
 3.2084762145e-07  1.3326462019e-11  9.6153986570e-06      0.0000000000  3.2065521959e-07  3.2074672252e-07   0.0041750000000   0.0041750000000
 3.2063116390e-07  1.4932985139e-11  9.6150687837e-06      0.0000000000  3.2041556774e-07  3.2042938277e-07   0.0041916666667   0.0041916666667
 3.2009801898e-07 -5.4269246078e-12  9.6147386449e-06      0.0000000000  3.2017637063e-07  3.2091237312e-07   0.0042083333333   0.0042083333333
 3.1987221417e-07 -4.4678268572e-12  9.6143986505e-06      0.0000000000  3.1993671878e-07  3.2036971648e-07   0.0042250000000   0.0042250000000
 3.1956333311e-07 -9.2943948843e-12  9.6140687877e-06      0.0000000000  3.1969752167e-07  3.1811543136e-07   0.0042416666667   0.0042416666667
 3.1940689715e-07 -3.5305547777e-12  9.6137386769e-06      0.0000000000  3.1945786982e-07  3.1907554762e-07   0.0042583333333   0.0042583333333
 3.1934660835e-07  8.8612940827e-12  9.6133986825e-06      0.0000000000  3.1921867271e-07  3.1894340133e-07   0.0042750000000   0.0042750000000
 3.1907644496e-07  6.7479527930e-12  9.6130688197e-06      0.0000000000  3.1897902086e-07  3.1963559317e-07   0.0042916666667   0.0042916666667
 3.1880455481e-07  4.4835118183e-12  9.6127386949e-06      0.0000000000  3.1873982375e-07  3.1819451474e-07   0.0043083333333   0.0043083333333
 3.1883573994e-07  2.3242680338e-11  9.6123986935e-06      0.0000000000  3.1850017190e-07  3.1927990662e-07   0.0043250000000   0.0043250000000
 3.1834413846e-07  5.7917202503e-12  9.6120688062e-06      0.0000000000  3.1826052004e-07  3.1847490698e-07   0.0043416666667   0.0043416666667
 3.1836244046e-07  2.3627057369e-11  9.6117386675e-06      0.0000000000  3.1802132294e-07  3.1885785607e-07   0.0043583333333   0.0043583333333
 3.1795509466e-07  1.2011956701e-11  9.6113986626e-06      0.0000000000  3.1778167108e-07  3.1743770408e-07   0.0043750000000   0.0043750000000
 3.1780991769e-07  1.8555634953e-11  9.6110687788e-06      0.0000000000  3.1754201923e-07  3.1711938954e-07   0.0043916666667   0.0043916666667
 3.1723413480e-07 -4.7260397946e-12  9.6107386506e-06      0.0000000000  3.1730236737e-07  3.1720504486e-07   0.0044083333333   0.0044083333333
 3.1674226780e-07 -2.2226888461e-11  9.6103986666e-06      0.0000000000  3.1706317027e-07  3.1694260753e-07   0.0044250000000   0.0044250000000
 3.1644422937e-07 -2.6270957912e-11  9.6100688003e-06      0.0000000000  3.1682351841e-07  3.1703700447e-07   0.0044416666667   0.0044416666667
 3.1632155858e-07 -1.8168417648e-11  9.6097386790e-06      0.0000000000  3.1658386656e-07  3.1632399626e-07   0.0044583333333   0.0044583333333
 3.1588408483e-07 -3.1870291834e-11  9.6093986986e-06      0.0000000000  3.1634421471e-07  3.1540779249e-07   0.0044750000000   0.0044750000000
 3.1586741899e-07 -1.6425458565e-11  9.6090688218e-06      0.0000000000  3.1610456285e-07  3.1564413074e-07   0.0044916666667   0.0044916666667
 3.1575178135e-07 -7.8357762352e-12  9.6087387040e-06      0.0000000000  3.1586491100e-07  3.1557520399e-07   0.0045083333333   0.0045083333333
 3.1558649030e-07 -2.6852728430e-12  9.6083986921e-06      0.0000000000  3.1562525914e-07  3.1580427852e-07   0.0045250000000   0.0045250000000
 3.1554779172e-07  1.1233491627e-11  9.6080688049e-06      0.0000000000  3.1538560729e-07  3.1588386501e-07   0.0045416666667   0.0045416666667
 3.1489437109e-07 -1.7425659308e-11  9.6077386661e-06      0.0000000000  3.1514595544e-07  3.1532333207e-07   0.0045583333333   0.0045583333333
 3.1512415221e-07  1.5120496831e-11  9.6073986647e-06      0.0000000000  3.1490584884e-07  3.1527561476e-07   0.0045750000000   0.0045750000000
 3.1467585981e-07  6.6928292879e-13  9.6070687775e-06      0.0000000000  3.1466619698e-07  3.1500014361e-07   0.0045916666667   0.0045916666667
 3.1459580608e-07  1.1723637989e-11  9.6067386667e-06      0.0000000000  3.1442654513e-07  3.1451174477e-07   0.0046083333333   0.0046083333333
 3.1444596536e-07  1.7944288290e-11  9.6063986687e-06      0.0000000000  3.1418689327e-07  3.1463165908e-07   0.0046250000000   0.0046250000000
 3.1391227312e-07 -2.3905358392e-12  9.6060688129e-06      0.0000000000  3.1394678667e-07  3.1347985602e-07   0.0046416666667   0.0046416666667
 3.1396737733e-07  1.8025356153e-11  9.6057386917e-06      0.0000000000  3.1370713482e-07  3.1333999006e-07   0.0046583333333   0.0046583333333
 3.1392903624e-07  3.1968882090e-11  9.6053987007e-06      0.0000000000  3.1346748296e-07  3.1282373124e-07   0.0046750000000   0.0046750000000
 3.1368576139e-07  3.1749436889e-11  9.6050688379e-06      0.0000000000  3.1322737636e-07  3.1216924158e-07   0.0046916666667   0.0046916666667
 3.1363173190e-07  4.4606326778e-11  9.6047387027e-06      0.0000000000  3.1298772451e-07  3.1226684588e-07   0.0047083333333   0.0047083333333
 3.1320764821e-07  3.1831897208e-11  9.6043986838e-06      0.0000000000  3.1274807266e-07  3.1273376800e-07   0.0047250000000   0.0047250000000
 3.1288961641e-07  2.6434511046e-11  9.6040688000e-06      0.0000000000  3.1250796605e-07  3.1228910872e-07   0.0047416666667   0.0047416666667
 3.1283952980e-07  3.9564498814e-11  9.6037386753e-06      0.0000000000  3.1226831420e-07  3.1200168859e-07   0.0047583333333   0.0047583333333
 3.1173698023e-07 -2.0171481510e-11  9.6033986634e-06      0.0000000000  3.1202820760e-07  3.1222900221e-07   0.0047750000000   0.0047750000000
 3.1150149493e-07 -1.9851393231e-11  9.6030687866e-06      0.0000000000  3.1178810100e-07  3.1133809569e-07   0.0047916666667   0.0047916666667
 3.1125968004e-07 -2.0001213146e-11  9.6027386758e-06      0.0000000000  3.1154844914e-07  3.1140170829e-07   0.0048083333333   0.0048083333333
 3.1093453787e-07 -2.5891089703e-11  9.6023986883e-06      0.0000000000  3.1130834254e-07  3.1163595546e-07   0.0048250000000   0.0048250000000
 3.1070945394e-07 -2.4882061880e-11  9.6020688185e-06      0.0000000000  3.1106869069e-07  3.1157770419e-07   0.0048416666667   0.0048416666667
 3.1043895464e-07 -2.6987172335e-11  9.6017387078e-06      0.0000000000  3.1082858409e-07  3.1016112117e-07   0.0048583333333   0.0048583333333
 3.1013183795e-07 -3.1628537996e-11  9.6013987133e-06      0.0000000000  3.1058847749e-07  3.1050300349e-07   0.0048750000000   0.0048750000000
 3.0992252144e-07 -2.9495902964e-11  9.6010688331e-06      0.0000000000  3.1034837088e-07  3.1133809569e-07   0.0048916666667   0.0048916666667
 3.0996257310e-07 -1.0091108669e-11  9.6007386978e-06      0.0000000000  3.1010826428e-07  3.1070468970e-07   0.0049083333333   0.0049083333333
 3.0941823460e-07 -3.1194829223e-11  9.6003986824e-06      0.0000000000  3.0986861243e-07  3.1018319533e-07   0.0049250000000   0.0049250000000
 3.0955683963e-07 -4.9638648976e-12  9.6000688091e-06      0.0000000000  3.0962850583e-07  3.0906879573e-07   0.0049416666667   0.0049416666667
 3.0915343558e-07 -1.6274448423e-11  9.5997386739e-06      0.0000000000  3.0938839923e-07  3.0910734691e-07   0.0049583333333   0.0049583333333
 3.0903146503e-07 -8.0919097854e-12  9.5993986620e-06      0.0000000000  3.0914829263e-07  3.0945797086e-07   0.0049750000000   0.0049750000000
 3.0875239679e-07 -1.0790536678e-11  9.5990688027e-06      0.0000000000  3.0890818602e-07  3.0855951762e-07   0.0049916666667   0.0049916666667
 3.0860701268e-07 -4.2297075410e-12  9.5987386849e-06      0.0000000000  3.0866807942e-07  3.0924130127e-07   0.0050083333333   0.0050083333333
 3.0842246837e-07 -3.8125833172e-13  9.5983986940e-06      0.0000000000  3.0842797282e-07  3.0874093773e-07   0.0050250000000   0.0050250000000
 3.0804918560e-07 -9.6055309979e-12  9.5980688347e-06      0.0000000000  3.0818786622e-07  3.0907634245e-07   0.0050416666667   0.0050416666667
 3.0792668736e-07 -1.4595423574e-12  9.5977387099e-06      0.0000000000  3.0794775962e-07  3.0798749165e-07   0.0050583333333   0.0050583333333
 3.0783258672e-07  8.6848661111e-12  9.5973987190e-06      0.0000000000  3.0770719827e-07  3.0790641153e-07   0.0050750000000   0.0050750000000
 3.0756713430e-07  6.9293216812e-12  9.5970688317e-06      0.0000000000  3.0746709167e-07  3.0748863746e-07   0.0050916666667   0.0050916666667
 3.0721964091e-07 -5.0868321739e-13  9.5967386965e-06      0.0000000000  3.0722698507e-07  3.0746153214e-07   0.0051083333333   0.0051083333333
 3.0701501112e-07  1.9485713092e-12  9.5963986916e-06      0.0000000000  3.0698687847e-07  3.0781045808e-07   0.0051250000000   0.0051250000000
 3.0651298737e-07 -1.6161278527e-11  9.5960688043e-06      0.0000000000  3.0674631712e-07  3.0688942756e-07   0.0051416666667   0.0051416666667
 3.0637199688e-07 -9.2961313370e-12  9.5957386691e-06      0.0000000000  3.0650621052e-07  3.0693201938e-07   0.0051583333333   0.0051583333333
 3.0600204913e-07 -1.8289408020e-11  9.5953986781e-06      0.0000000000  3.0626610392e-07  3.0654076890e-07   0.0051750000000   0.0051750000000
 3.0603887045e-07  9.2313806091e-13  9.5950688048e-06      0.0000000000  3.0602554257e-07  3.0640266385e-07   0.0051916666667   0.0051916666667
 3.0566134555e-07 -8.5949595710e-12  9.5947387010e-06      0.0000000000  3.0578543597e-07  3.0646151258e-07   0.0052083333333   0.0052083333333
 3.0570623810e-07  1.1145132370e-11  9.5943987031e-06      0.0000000000  3.0554532936e-07  3.0577237088e-07   0.0052250000000   0.0052250000000
 3.0523205706e-07 -5.0362285701e-12  9.5940688403e-06      0.0000000000  3.0530476802e-07  3.0488979721e-07   0.0052416666667   0.0052416666667
 3.0523420724e-07  1.1743369107e-11  9.5937387260e-06      0.0000000000  3.0506466141e-07  3.0456983182e-07   0.0052583333333   0.0052583333333
 3.0471779870e-07 -7.3628244029e-12  9.5933987176e-06      0.0000000000  3.0482410007e-07  3.0402522562e-07   0.0052750000000   0.0052750000000
 3.0463272362e-07  3.4067278171e-12  9.5930688303e-06      0.0000000000  3.0458353872e-07  3.0473999473e-07   0.0052916666667   0.0052916666667
 3.0426327792e-07 -5.5517754761e-12  9.5927386916e-06      0.0000000000  3.0434343212e-07  3.0407453088e-07   0.0053083333333   0.0053083333333
 3.0401956721e-07 -5.7699112088e-12  9.5923986902e-06      0.0000000000  3.0410287077e-07  3.0387536025e-07   0.0053250000000   0.0053250000000
 3.0381989106e-07 -2.9695493656e-12  9.5920688029e-06      0.0000000000  3.0386276417e-07  3.0463509526e-07   0.0053416666667   0.0053416666667
 3.0366444331e-07  2.9257322250e-12  9.5917386712e-06      0.0000000000  3.0362220282e-07  3.0351681224e-07   0.0053583333333   0.0053583333333
 3.0323996405e-07 -9.8131001324e-12  9.5913986872e-06      0.0000000000  3.0338164147e-07  3.0396272931e-07   0.0053750000000   0.0053750000000
 3.0315498569e-07  9.6315137824e-13  9.5910688244e-06      0.0000000000  3.0314108012e-07  3.0247824149e-07   0.0053916666667   0.0053916666667
 3.0282078130e-07 -5.5229110080e-12  9.5907387067e-06      0.0000000000  3.0290051877e-07  3.0290013482e-07   0.0054083333333   0.0054083333333
 3.0234087880e-07 -2.2132059739e-11  9.5903987192e-06      0.0000000000  3.0266041217e-07  3.0229921118e-07   0.0054250000000   0.0054250000000
 3.0236741610e-07 -3.6318222138e-12  9.5900688599e-06      0.0000000000  3.0241985082e-07  3.0328699877e-07   0.0054416666667   0.0054416666667
 3.0185165469e-07 -2.2693193398e-11  9.5897387875e-06      0.0000000000  3.0217928947e-07  3.0224724884e-07   0.0054583333333   0.0054583333333
 3.0171867091e-07 -1.5241973795e-11  9.5893987826e-06      0.0000000000  3.0193872812e-07  3.0182419206e-07   0.0054750000000   0.0054750000000
 3.0150907620e-07 -1.3097110562e-11  9.5890689128e-06      0.0000000000  3.0169816678e-07  3.0211876586e-07   0.0054916666667   0.0054916666667
 3.0136875709e-07 -6.1539636813e-12  9.5887387846e-06      0.0000000000  3.0145760543e-07  3.0119160363e-07   0.0055083333333   0.0055083333333
 3.0128907677e-07  4.9892498024e-12  9.5883987901e-06      0.0000000000  3.0121704408e-07  3.0133077780e-07   0.0055250000000   0.0055250000000
 3.0097057360e-07 -4.0928823332e-13  9.5880689098e-06      0.0000000000  3.0097648273e-07  3.0052351414e-07   0.0055416666667   0.0055416666667
 3.0084440095e-07  7.5136946767e-12  9.5877387851e-06      0.0000000000  3.0073592138e-07  3.0148144500e-07   0.0055583333333   0.0055583333333
 3.0025414812e-07 -1.6675728890e-11  9.5873987872e-06      0.0000000000  3.0049490529e-07  3.0114137074e-07   0.0055750000000   0.0055750000000
 3.0003188743e-07 -1.5408158125e-11  9.5870689104e-06      0.0000000000  3.0025434394e-07  3.0014907085e-07   0.0055916666667   0.0055916666667
 2.9971290813e-07 -2.0839674436e-11  9.5867387891e-06      0.0000000000  3.0001378259e-07  3.0085590018e-07   0.0056083333333   0.0056083333333
 2.9942954160e-07 -2.3804519334e-11  9.5863987877e-06      0.0000000000  2.9977322124e-07  3.0010341316e-07   0.0056250000000   0.0056250000000
 2.9937245404e-07 -1.1096447788e-11  9.5860689144e-06      0.0000000000  2.9953265989e-07  3.0036616495e-07   0.0056416666667   0.0056416666667
 2.9895685734e-07 -2.3188543991e-11  9.5857387862e-06      0.0000000000  2.9929164379e-07  2.9909449475e-07   0.0056583333333   0.0056583333333
 2.9873091428e-07 -2.2176027434e-11  9.5853987882e-06      0.0000000000  2.9905108245e-07  2.9909091006e-07   0.0056750000000   0.0056750000000
 2.9877987068e-07 -2.1229609591e-12  9.5850689115e-06      0.0000000000  2.9881052110e-07  2.9948231776e-07   0.0056916666667   0.0056916666667
 2.9816707345e-07 -2.7873892943e-11  9.5847387867e-06      0.0000000000  2.9856950500e-07  2.9819843131e-07   0.0057083333333   0.0057083333333
 2.9842832989e-07  6.8838574139e-12  9.5843987888e-06      0.0000000000  2.9832894365e-07  2.9790585425e-07   0.0057250000000   0.0057250000000
 2.9796384874e-07 -8.5941565146e-12  9.5840689120e-06      0.0000000000  2.9808792756e-07  2.9766997195e-07   0.0057416666667   0.0057416666667
 2.9790234219e-07  3.8078388767e-12  9.5837387907e-06      0.0000000000  2.9784736621e-07  2.9717706080e-07   0.0057583333333   0.0057583333333
 2.9757268445e-07 -2.3318080413e-12  9.5833987858e-06      0.0000000000  2.9760635011e-07  2.9636468739e-07   0.0057750000000   0.0057750000000
 2.9745197710e-07  5.9697218030e-12  9.5830689160e-06      0.0000000000  2.9736578876e-07  2.9782719537e-07   0.0057916666667   0.0057916666667
 2.9700549577e-07 -8.2615578373e-12  9.5827387878e-06      0.0000000000  2.9712477267e-07  2.9682104409e-07   0.0058083333333   0.0058083333333
 2.9718260788e-07  2.0699543528e-11  9.5823987898e-06      0.0000000000  2.9688375657e-07  2.9687402838e-07   0.0058250000000   0.0058250000000
 2.9648164529e-07 -1.1189544259e-11  9.5820689131e-06      0.0000000000  2.9664319522e-07  2.9701831231e-07   0.0058416666667   0.0058416666667
 2.9645473613e-07  3.6402917896e-12  9.5817387883e-06      0.0000000000  2.9640217913e-07  2.9653563641e-07   0.0058583333333   0.0058583333333
 2.9609958532e-07 -4.2650993785e-12  9.5813987904e-06      0.0000000000  2.9616116303e-07  2.9566323510e-07   0.0058750000000   0.0058750000000
 2.9588422899e-07 -2.5193065971e-12  9.5810689101e-06      0.0000000000  2.9592060168e-07  2.9596227404e-07   0.0058916666667   0.0058916666667
 2.9559136552e-07 -6.1104471200e-12  9.5807387923e-06      0.0000000000  2.9567958559e-07  2.9576642083e-07   0.0059083333333   0.0059083333333
 2.9536239224e-07 -5.2763175375e-12  9.5803987874e-06      0.0000000000  2.9543856949e-07  2.9511086205e-07   0.0059250000000   0.0059250000000
 2.9522397677e-07  1.8301802174e-12  9.5800689176e-06      0.0000000000  2.9519755339e-07  2.9473379312e-07   0.0059416666667   0.0059416666667
 2.9493302849e-07 -1.6283069482e-12  9.5797387894e-06      0.0000000000  2.9495653730e-07  2.9461111169e-07   0.0059583333333   0.0059583333333
 2.9476019137e-07  3.0940206020e-12  9.5793987914e-06      0.0000000000  2.9471552120e-07  2.9438911222e-07   0.0059750000000   0.0059750000000
 2.9482008686e-07  2.3936266437e-11  9.5790689147e-06      0.0000000000  2.9447450511e-07  2.9319841209e-07   0.0059916666667   0.0059916666667
 2.9431589216e-07  5.7075459761e-12  9.5787387899e-06      0.0000000000  2.9423348901e-07  2.9447372986e-07   0.0060083333333   0.0060083333333
 2.9423112161e-07  1.6529688699e-11  9.5783987920e-06      0.0000000000  2.9399247292e-07  2.9432038986e-07   0.0060250000000   0.0060250000000
 2.9384793171e-07  6.6822064832e-12  9.5780689117e-06      0.0000000000  2.9375145682e-07  2.9432941448e-07   0.0060416666667   0.0060416666667
 2.9358339375e-07  5.0529957909e-12  9.5777387939e-06      0.0000000000  2.9351044072e-07  2.9473368307e-07   0.0060583333333   0.0060583333333
 2.9318729980e-07 -5.6882680297e-12  9.5773987890e-06      0.0000000000  2.9326942463e-07  2.9358818467e-07   0.0060750000000   0.0060750000000
 2.9314499803e-07  8.0754184768e-12  9.5770689157e-06      0.0000000000  2.9302840853e-07  2.9403723048e-07   0.0060916666667   0.0060916666667
 2.9252695406e-07 -1.8038922266e-11  9.5767387910e-06      0.0000000000  2.9278739244e-07  2.9266559763e-07   0.0061083333333   0.0061083333333
 2.9269640053e-07  1.0422725845e-11  9.5763987930e-06      0.0000000000  2.9254592159e-07  2.9263385423e-07   0.0061250000000   0.0061250000000
 2.9234475494e-07  2.7601191908e-12  9.5760689163e-06      0.0000000000  2.9230490550e-07  2.9284635740e-07   0.0061416666667   0.0061416666667
 2.9202549717e-07 -2.6591874257e-12  9.5757387880e-06      0.0000000000  2.9206388940e-07  2.9196068643e-07   0.0061583333333   0.0061583333333
 2.9177984577e-07 -2.9487480391e-12  9.5753987971e-06      0.0000000000  2.9182241856e-07  2.9134732642e-07   0.0061750000000   0.0061750000000
 2.9167720739e-07  6.6358025211e-12  9.5750689133e-06      0.0000000000  2.9158140246e-07  2.9158064598e-07   0.0061916666667   0.0061916666667
 2.9137365752e-07  2.3044829133e-12  9.5747387920e-06      0.0000000000  2.9134038636e-07  2.9209009703e-07   0.0062083333333   0.0062083333333
 2.9119598721e-07  6.7235427895e-12  9.5743987906e-06      0.0000000000  2.9109891552e-07  2.9105559836e-07   0.0062250000000   0.0062250000000
 2.9087696430e-07  1.3205032351e-12  9.5740689173e-06      0.0000000000  2.9085789943e-07  2.9056951071e-07   0.0062416666667   0.0062416666667
 2.9050969331e-07 -7.3928786838e-12  9.5737387926e-06      0.0000000000  2.9061642858e-07  2.9097186117e-07   0.0062583333333   0.0062583333333
 2.9031316556e-07 -4.3114516967e-12  9.5733987912e-06      0.0000000000  2.9037541249e-07  2.8994093148e-07   0.0062750000000   0.0062750000000
 2.8978105247e-07 -2.4442405056e-11  9.5730689214e-06      0.0000000000  2.9013394164e-07  2.9078660481e-07   0.0062916666667   0.0062916666667
 2.8961811649e-07 -1.9034288518e-11  9.5727387896e-06      0.0000000000  2.8989292555e-07  2.9012420682e-07   0.0063083333333   0.0063083333333
 2.8925633004e-07 -2.7367791047e-11  9.5723987952e-06      0.0000000000  2.8965145470e-07  2.8978048498e-07   0.0063250000000   0.0063250000000
 2.8918637413e-07 -1.5488034681e-11  9.5720689149e-06      0.0000000000  2.8940998386e-07  2.8935599746e-07   0.0063416666667   0.0063416666667
 2.8894316087e-07 -1.5640218342e-11  9.5717387971e-06      0.0000000000  2.8916896776e-07  2.8925180550e-07   0.0063583333333   0.0063583333333
 2.8867845399e-07 -1.7249631745e-11  9.5713987922e-06      0.0000000000  2.8892749692e-07  2.8903324922e-07   0.0063750000000   0.0063750000000
 2.8859634696e-07 -6.2115061520e-12  9.5710689154e-06      0.0000000000  2.8868602608e-07  2.8873439895e-07   0.0063916666667   0.0063916666667
 2.8835807452e-07 -6.0214708007e-12  9.5707387977e-06      0.0000000000  2.8844500998e-07  2.8923152368e-07   0.0064083333333   0.0064083333333
 2.8813920350e-07 -4.4561236769e-12  9.5703987893e-06      0.0000000000  2.8820353914e-07  2.8775291602e-07   0.0064250000000   0.0064250000000
 2.8798935666e-07  1.8900926400e-12  9.5700689230e-06      0.0000000000  2.8796206830e-07  2.8795545123e-07   0.0064416666667   0.0064416666667
 2.8776326278e-07  2.9551582056e-12  9.5697387912e-06      0.0000000000  2.8772059745e-07  2.8700207985e-07   0.0064583333333   0.0064583333333
 2.8742671211e-07 -3.6304216670e-12  9.5693988003e-06      0.0000000000  2.8747912661e-07  2.8750442440e-07   0.0064750000000   0.0064750000000
 2.8719422205e-07 -3.0083790816e-12  9.5690689165e-06      0.0000000000  2.8723765577e-07  2.8737120900e-07   0.0064916666667   0.0064916666667
 2.8687541016e-07 -8.3653053482e-12  9.5687387953e-06      0.0000000000  2.8699618492e-07  2.8706916709e-07   0.0065083333333   0.0065083333333
 2.8675181600e-07 -2.0073129138e-13  9.5683987973e-06      0.0000000000  2.8675471408e-07  2.8677659002e-07   0.0065250000000   0.0065250000000
 2.8636981235e-07 -9.9345521227e-12  9.5680689135e-06      0.0000000000  2.8651324324e-07  2.8633743356e-07   0.0065416666667   0.0065416666667
 2.8624403287e-07 -1.9213413205e-12  9.5677387993e-06      0.0000000000  2.8627177239e-07  2.8621872988e-07   0.0065583333333   0.0065583333333
 2.8570276544e-07 -2.2686358481e-11  9.5673987909e-06      0.0000000000  2.8603030155e-07  2.8612527628e-07   0.0065750000000   0.0065750000000
 2.8553445868e-07 -1.7618744349e-11  9.5670689246e-06      0.0000000000  2.8578883071e-07  2.8519133772e-07   0.0065916666667   0.0065916666667
 2.8531652442e-07 -1.5988514040e-11  9.5667387928e-06      0.0000000000  2.8554735986e-07  2.8535330928e-07   0.0066083333333   0.0066083333333
 2.8488192395e-07 -2.9333886226e-11  9.5663987984e-06      0.0000000000  2.8530543427e-07  2.8493037828e-07   0.0066250000000   0.0066250000000
 2.8480398530e-07 -1.8007043414e-11  9.5660689216e-06      0.0000000000  2.8506396343e-07  2.8389556517e-07   0.0066416666667   0.0066416666667
 2.8455851426e-07 -1.8284112256e-11  9.5657387934e-06      0.0000000000  2.8482249258e-07  2.8483786802e-07   0.0066583333333   0.0066583333333
 2.8441122947e-07 -1.1760438763e-11  9.5653987989e-06      0.0000000000  2.8458102174e-07  2.8417333179e-07   0.0066750000000   0.0066750000000
 2.8433370463e-07 -3.7343636000e-13  9.5650689152e-06      0.0000000000  2.8433909615e-07  2.8549848939e-07   0.0066916666667   0.0066916666667
 2.8398333239e-07 -7.9163485674e-12  9.5647388009e-06      0.0000000000  2.8409762531e-07  2.8425791799e-07   0.0067083333333   0.0067083333333
 2.8398179548e-07  8.7023601598e-12  9.5643987925e-06      0.0000000000  2.8385615446e-07  2.8479024505e-07   0.0067250000000   0.0067250000000
 2.8375507873e-07  9.7557807642e-12  9.5640689227e-06      0.0000000000  2.8361422887e-07  2.8457728592e-07   0.0067416666667   0.0067416666667
 2.8360102184e-07  1.5810392875e-11  9.5637387979e-06      0.0000000000  2.8337275803e-07  2.8322161126e-07   0.0067583333333   0.0067583333333
 2.8331603170e-07  1.2827583396e-11  9.5633987965e-06      0.0000000000  2.8313083244e-07  2.8289559277e-07   0.0067750000000   0.0067750000000
 2.8294061045e-07  3.5496844550e-12  9.5630689232e-06      0.0000000000  2.8288936160e-07  2.8260733935e-07   0.0067916666667   0.0067916666667
 2.8278693503e-07  9.6622168904e-12  9.5627387950e-06      0.0000000000  2.8264743601e-07  2.8191217600e-07   0.0068083333333   0.0068083333333
 2.8254720609e-07  9.7828675380e-12  9.5623988005e-06      0.0000000000  2.8240596516e-07  2.8199331900e-07   0.0068250000000   0.0068250000000
 2.8239901227e-07  1.6275075794e-11  9.5620689168e-06      0.0000000000  2.8216403957e-07  2.8266721003e-07   0.0068416666667   0.0068416666667
 2.8178847479e-07 -9.2563430928e-12  9.5617388025e-06      0.0000000000  2.8192211398e-07  2.8126894354e-07   0.0068583333333   0.0068583333333
 2.8169114614e-07  7.2747700769e-13  9.5613987976e-06      0.0000000000  2.8168064314e-07  2.8110326150e-07   0.0068750000000   0.0068750000000
 2.8129188485e-07 -1.0170174244e-11  9.5610689208e-06      0.0000000000  2.8143871755e-07  2.8101171030e-07   0.0068916666667   0.0068916666667
 2.8097258554e-07 -1.5529362764e-11  9.5607387995e-06      0.0000000000  2.8119679196e-07  2.8131556028e-07   0.0069083333333   0.0069083333333
 2.8064690957e-07 -2.1330223302e-11  9.5603987981e-06      0.0000000000  2.8095486637e-07  2.8155884780e-07   0.0069250000000   0.0069250000000
 2.8038749432e-07 -2.2573118883e-11  9.5600689248e-06      0.0000000000  2.8071339552e-07  2.8113899838e-07   0.0069416666667   0.0069416666667
 2.8025609318e-07 -1.4917787928e-11  9.5597387931e-06      0.0000000000  2.8047146993e-07  2.8148470124e-07   0.0069583333333   0.0069583333333
 2.8000792616e-07 -1.5350092329e-11  9.5593988056e-06      0.0000000000  2.8022954434e-07  2.8002706718e-07   0.0069750000000   0.0069750000000
 2.7981890169e-07 -1.1685965562e-11  9.5590689219e-06      0.0000000000  2.7998761875e-07  2.8026257214e-07   0.0069916666667   0.0069916666667
 2.7985716403e-07  7.7208835177e-12  9.5587388006e-06      0.0000000000  2.7974569316e-07  2.8003856021e-07   0.0070083333333   0.0070083333333
 2.7942771385e-07 -5.2677606949e-12  9.5583987992e-06      0.0000000000  2.7950376757e-07  2.7915908384e-07   0.0070250000000   0.0070250000000
 2.7957397675e-07  2.1619605152e-11  9.5580689224e-06      0.0000000000  2.7926184198e-07  2.7862958681e-07   0.0070416666667   0.0070416666667
 2.7919970007e-07  1.2452480608e-11  9.5577388011e-06      0.0000000000  2.7901991639e-07  2.7910795479e-07   0.0070583333333   0.0070583333333
 2.7864355723e-07 -9.3113645552e-12  9.5573987962e-06      0.0000000000  2.7877799080e-07  2.7906930927e-07   0.0070750000000   0.0070750000000
 2.7820975806e-07 -2.2601236265e-11  9.5570689264e-06      0.0000000000  2.7853606521e-07  2.7838255737e-07   0.0070916666667   0.0070916666667
 2.7793297936e-07 -2.5015290773e-11  9.5567387982e-06      0.0000000000  2.7829413962e-07  2.7740800800e-07   0.0071083333333   0.0071083333333
 2.7752541684e-07 -3.6487915122e-11  9.5563988037e-06      0.0000000000  2.7805221402e-07  2.7803196486e-07   0.0071250000000   0.0071250000000
 2.7754713920e-07 -1.8195188467e-11  9.5560689235e-06      0.0000000000  2.7780983369e-07  2.7755845509e-07   0.0071416666667   0.0071416666667
 2.7714218737e-07 -2.9486987488e-11  9.5557388022e-06      0.0000000000  2.7756790810e-07  2.7749352181e-07   0.0071583333333   0.0071583333333
 2.7684071689e-07 -3.3611285769e-11  9.5553988008e-06      0.0000000000  2.7732598251e-07  2.7666515878e-07   0.0071750000000   0.0071750000000
 2.7677772487e-07 -2.1217687187e-11  9.5550689205e-06      0.0000000000  2.7708405691e-07  2.7710162672e-07   0.0071916666667   0.0071916666667
 2.7674254530e-07 -6.8661976353e-12  9.5547388062e-06      0.0000000000  2.7684167658e-07  2.7657612315e-07   0.0072083333333   0.0072083333333
 2.7637618376e-07 -1.5485090726e-11  9.5543987978e-06      0.0000000000  2.7659975099e-07  2.7630293174e-07   0.0072250000000   0.0072250000000
 2.7620347851e-07 -1.0690634472e-11  9.5540689280e-06      0.0000000000  2.7635782540e-07  2.7591050208e-07   0.0072416666667   0.0072416666667
 2.7606711565e-07 -3.3474727346e-12  9.5537387998e-06      0.0000000000  2.7611544506e-07  2.7668012645e-07   0.0072583333333   0.0072583333333
 2.7587276722e-07 -5.2103054309e-14  9.5533988053e-06      0.0000000000  2.7587351947e-07  2.7629933132e-07   0.0072750000000   0.0072750000000
 2.7559485052e-07 -2.5134827235e-12  9.5530689251e-06      0.0000000000  2.7563113913e-07  2.7629249210e-07   0.0072916666667   0.0072916666667
 2.7552636113e-07  9.4993481647e-12  9.5527388003e-06      0.0000000000  2.7538921354e-07  2.7581288206e-07   0.0073083333333   0.0073083333333
 2.7527258875e-07  8.7102928031e-12  9.5523988059e-06      0.0000000000  2.7514683320e-07  2.7579000605e-07   0.0073250000000   0.0073250000000
 2.7537245255e-07  3.2383886784e-11  9.5520689221e-06      0.0000000000  2.7490490761e-07  2.7368572779e-07   0.0073416666667   0.0073416666667
 2.7506240266e-07  2.7696843608e-11  9.5517388078e-06      0.0000000000  2.7466252727e-07  2.7336033820e-07   0.0073583333333   0.0073583333333
 2.7504630743e-07  4.3370184632e-11  9.5513987994e-06      0.0000000000  2.7442014693e-07  2.7427858586e-07   0.0073750000000   0.0073750000000
 2.7421224886e-07  2.3568716169e-12  9.5510689296e-06      0.0000000000  2.7417822134e-07  2.7506401118e-07   0.0073916666667   0.0073916666667
 2.7395854434e-07  1.5725168626e-12  9.5507388014e-06      0.0000000000  2.7393584100e-07  2.7455267345e-07   0.0074083333333   0.0074083333333
 2.7362932301e-07 -4.4424108494e-12  9.5503988034e-06      0.0000000000  2.7369346067e-07  2.7419848053e-07   0.0074250000000   0.0074250000000
 2.7293877516e-07 -3.5515642114e-11  9.5500689267e-06      0.0000000000  2.7345153508e-07  2.7284678362e-07   0.0074416666667   0.0074416666667
 2.7290283919e-07 -2.1216543976e-11  9.5497388019e-06      0.0000000000  2.7320915474e-07  2.7423012960e-07   0.0074583333333   0.0074583333333
 2.7253061471e-07 -3.0210028127e-11  9.5493988075e-06      0.0000000000  2.7296677440e-07  2.7248520119e-07   0.0074750000000   0.0074750000000
 2.7245910419e-07 -1.8374954998e-11  9.5490689237e-06      0.0000000000  2.7272439406e-07  2.7268943442e-07   0.0074916666667   0.0074916666667
 2.7232872845e-07 -1.0617103468e-11  9.5487388094e-06      0.0000000000  2.7248201372e-07  2.7190971631e-07   0.0075083333333   0.0075083333333
 2.7206800333e-07 -1.1887730491e-11  9.5483988010e-06      0.0000000000  2.7223963339e-07  2.7221999673e-07   0.0075250000000   0.0075250000000
 2.7175672357e-07 -1.6659958294e-11  9.5480689277e-06      0.0000000000  2.7199725305e-07  2.7221751260e-07   0.0075416666667   0.0075416666667
 2.7137634269e-07 -2.6218385113e-11  9.5477388065e-06      0.0000000000  2.7175487271e-07  2.7185673201e-07   0.0075583333333   0.0075583333333
 2.7130102128e-07 -1.4647267737e-11  9.5473988050e-06      0.0000000000  2.7151249237e-07  2.7169111286e-07   0.0075750000000   0.0075750000000
 2.7103956861e-07 -1.5968287489e-11  9.5470689283e-06      0.0000000000  2.7127011203e-07  2.7100387357e-07   0.0075916666667   0.0075916666667
 2.7070824238e-07 -2.2129008052e-11  9.5467388000e-06      0.0000000000  2.7102773170e-07  2.7101168757e-07   0.0076083333333   0.0076083333333
 2.7057961751e-07 -1.4249884556e-11  9.5463988126e-06      0.0000000000  2.7078535136e-07  2.6991530577e-07   0.0076250000000   0.0076250000000
 2.7032131925e-07 -1.5352418603e-11  9.5460689253e-06      0.0000000000  2.7054297102e-07  2.7091406755e-07   0.0076416666667   0.0076416666667
 2.7009550554e-07 -1.4204953322e-11  9.5457388075e-06      0.0000000000  2.7030059068e-07  2.7064677201e-07   0.0076583333333   0.0076583333333
 2.6972353862e-07 -2.3180597374e-11  9.5453988061e-06      0.0000000000  2.7005821034e-07  2.7002630550e-07   0.0076750000000   0.0076750000000
 2.6951861964e-07 -2.0554388455e-11  9.5450689293e-06      0.0000000000  2.6981537526e-07  2.7084652437e-07   0.0076916666667   0.0076916666667
 2.6927656712e-07 -2.0531682256e-11  9.5447388081e-06      0.0000000000  2.6957299492e-07  2.6978392988e-07   0.0077083333333   0.0077083333333
 2.6902176473e-07 -2.1392079511e-11  9.5443988032e-06      0.0000000000  2.6933061458e-07  2.7013994659e-07   0.0077250000000   0.0077250000000
 2.6879745254e-07 -2.0109115379e-11  9.5440689334e-06      0.0000000000  2.6908777950e-07  2.6900386588e-07   0.0077416666667   0.0077416666667
 2.6871770866e-07 -8.8443147395e-12  9.5437388016e-06      0.0000000000  2.6884539916e-07  2.6873877147e-07   0.0077583333333   0.0077583333333
 2.6865526244e-07  3.6185855586e-12  9.5433988107e-06      0.0000000000  2.6860301882e-07  2.6818342690e-07   0.0077750000000   0.0077750000000
 2.6831322223e-07 -3.2527269512e-12  9.5430689269e-06      0.0000000000  2.6836018374e-07  2.6818718454e-07   0.0077916666667   0.0077916666667
 2.6825026435e-07  9.1747337293e-12  9.5427388091e-06      0.0000000000  2.6811780340e-07  2.6792089523e-07   0.0078083333333   0.0078083333333
 2.6840572715e-07  3.6762314537e-11  9.5423988077e-06      0.0000000000  2.6787496831e-07  2.6736389982e-07   0.0078250000000   0.0078250000000
 2.6782461433e-07  1.3300453802e-11  9.5420689274e-06      0.0000000000  2.6763258797e-07  2.6777525918e-07   0.0078416666667   0.0078416666667
 2.6744632092e-07  3.9181102111e-12  9.5417388132e-06      0.0000000000  2.6738975289e-07  2.6733475060e-07   0.0078583333333   0.0078583333333
 2.6729117297e-07  9.9601475631e-12  9.5413988013e-06      0.0000000000  2.6714737255e-07  2.6628243852e-07   0.0078750000000   0.0078750000000
 2.6681844887e-07 -5.9628134213e-12  9.5410689350e-06      0.0000000000  2.6690453746e-07  2.6732572597e-07   0.0078916666667   0.0078916666667
 2.6690374474e-07  1.6764746629e-11  9.5407388067e-06      0.0000000000  2.6666170238e-07  2.6674159380e-07   0.0079083333333   0.0079083333333
 2.6646482648e-07  3.1518054754e-12  9.5403988123e-06      0.0000000000  2.6641932204e-07  2.6642961537e-07   0.0079250000000   0.0079250000000
 2.6636851029e-07  1.3300244425e-11  9.5400689285e-06      0.0000000000  2.6617648696e-07  2.6688373949e-07   0.0079416666667   0.0079416666667
 2.6631559055e-07  2.6454481128e-11  9.5397388073e-06      0.0000000000  2.6593365187e-07  2.6656529918e-07   0.0079583333333   0.0079583333333
 2.6596196593e-07  1.8780789765e-11  9.5393988128e-06      0.0000000000  2.6569081679e-07  2.6643491379e-07   0.0079750000000   0.0079750000000
 2.6575906347e-07  2.1515172651e-11  9.5390689256e-06      0.0000000000  2.6544843645e-07  2.6511579357e-07   0.0079916666667   0.0079916666667
 2.6510427389e-07 -7.0183146729e-12  9.5387388148e-06      0.0000000000  2.6520560136e-07  2.6524959070e-07   0.0080083333333   0.0080083333333
 2.6492858538e-07 -2.3674949909e-12  9.5383988064e-06      0.0000000000  2.6496276628e-07  2.6572893347e-07   0.0080250000000   0.0080250000000
 2.6448732517e-07 -1.6111150819e-11  9.5380689366e-06      0.0000000000  2.6471993119e-07  2.6519817865e-07   0.0080416666667   0.0080416666667
 2.6431815789e-07 -1.1008647195e-11  9.5377388083e-06      0.0000000000  2.6447709611e-07  2.6527421189e-07   0.0080583333333   0.0080583333333
 2.6419757528e-07 -2.5409899457e-12  9.5373988104e-06      0.0000000000  2.6423426102e-07  2.6411088436e-07   0.0080750000000   0.0080750000000
 2.6395895551e-07 -2.2490211588e-12  9.5370689336e-06      0.0000000000  2.6399142594e-07  2.6320546612e-07   0.0080916666667   0.0080916666667
 2.6396774037e-07  1.5179103889e-11  9.5367388054e-06      0.0000000000  2.6374859085e-07  2.6305673277e-07   0.0081083333333   0.0081083333333
 2.6355746472e-07  3.5815528651e-12  9.5363988144e-06      0.0000000000  2.6350575576e-07  2.6420598880e-07   0.0081250000000   0.0081250000000
 2.6362019001e-07  2.4745790879e-11  9.5360689272e-06      0.0000000000  2.6326292068e-07  2.6364745260e-07   0.0081416666667   0.0081416666667
 2.6309407267e-07  5.1246178874e-12  9.5357388129e-06      0.0000000000  2.6302008559e-07  2.6297299557e-07   0.0081583333333   0.0081583333333
 2.6285220499e-07  5.1916237541e-12  9.5353988080e-06      0.0000000000  2.6277725051e-07  2.6324263374e-07   0.0081750000000   0.0081750000000
 2.6253185493e-07 -1.4585177980e-13  9.5350689347e-06      0.0000000000  2.6253396068e-07  2.6214917629e-07   0.0081916666667   0.0081916666667
 2.6245273407e-07  1.1193598905e-11  9.5347388134e-06      0.0000000000  2.6229112559e-07  2.6130543680e-07   0.0082083333333   0.0082083333333
 2.6184907197e-07 -1.3798610072e-11  9.5343988085e-06      0.0000000000  2.6204829050e-07  2.6174611833e-07   0.0082250000000   0.0082250000000
 2.6175150054e-07 -3.7371138506e-12  9.5340689352e-06      0.0000000000  2.6180545542e-07  2.6135500935e-07   0.0082416666667   0.0082416666667
 2.6152839731e-07 -2.3389152969e-12  9.5337388070e-06      0.0000000000  2.6156216559e-07  2.6141212862e-07   0.0082583333333   0.0082583333333
 2.6143974537e-07  8.3403776639e-12  9.5333988160e-06      0.0000000000  2.6131933050e-07  2.6105084492e-07   0.0082750000000   0.0082750000000
 2.6130092487e-07  1.5544811487e-11  9.5330689288e-06      0.0000000000  2.6107649542e-07  2.6121275360e-07   0.0082916666667   0.0082916666667
 2.6069702011e-07 -9.4327079459e-12  9.5327388145e-06      0.0000000000  2.6083320558e-07  2.6104284225e-07   0.0083083333333   0.0083083333333
 2.6067866710e-07  6.1157478978e-12  9.5323988096e-06      0.0000000000  2.6059037050e-07  2.6153276615e-07   0.0083250000000   0.0083250000000
 2.6075139819e-07  2.8004522668e-11  9.5320689328e-06      0.0000000000  2.6034708067e-07  2.6012640265e-07   0.0083416666667   0.0083416666667
 2.6010950010e-07  3.6394715199e-13  9.5317388150e-06      0.0000000000  2.6010424558e-07  2.6030500846e-07   0.0083583333333   0.0083583333333
 2.6014760007e-07  1.9854042757e-11  9.5313988101e-06      0.0000000000  2.5986095575e-07  2.6047427519e-07   0.0083750000000   0.0083750000000
 2.5961190009e-07 -4.3085967934e-13  9.5310689368e-06      0.0000000000  2.5961812066e-07  2.6006640619e-07   0.0083916666667   0.0083916666667
 2.5972495365e-07  2.4250797544e-11  9.5307388086e-06      0.0000000000  2.5937483083e-07  2.5896980428e-07   0.0084083333333   0.0084083333333
 2.5932478026e-07  1.3384464062e-11  9.5303988176e-06      0.0000000000  2.5913154100e-07  2.6036414019e-07   0.0084250000000   0.0084250000000
 2.5891517712e-07  1.8334934654e-12  9.5300689304e-06      0.0000000000  2.5888870591e-07  2.5889779595e-07   0.0084416666667   0.0084416666667
 2.5870565739e-07  4.1725352159e-12  9.5297388126e-06      0.0000000000  2.5864541608e-07  2.5771201691e-07   0.0084583333333   0.0084583333333
 2.5821535716e-07 -1.2936315732e-11  9.5293988147e-06      0.0000000000  2.5840212625e-07  2.5713033742e-07   0.0084750000000   0.0084750000000
 2.5806140829e-07 -6.7797286923e-12  9.5290689309e-06      0.0000000000  2.5815929116e-07  2.5715223865e-07   0.0084916666667   0.0084916666667
 2.5750533500e-07 -2.8444263837e-11  9.5287388166e-06      0.0000000000  2.5791600133e-07  2.5849476944e-07   0.0085083333333   0.0085083333333
 2.5748240662e-07 -1.3181217061e-11  9.5283988117e-06      0.0000000000  2.5767271149e-07  2.5798173369e-07   0.0085250000000   0.0085250000000
 2.5721511848e-07 -1.4843428435e-11  9.5280689384e-06      0.0000000000  2.5742942166e-07  2.5821594942e-07   0.0085416666667   0.0085416666667
 2.5690608912e-07 -1.9396790862e-11  9.5277388102e-06      0.0000000000  2.5718613183e-07  2.5725897763e-07   0.0085583333333   0.0085583333333
 2.5687054285e-07 -5.0077054138e-12  9.5273988157e-06      0.0000000000  2.5694284200e-07  2.5753048675e-07   0.0085750000000   0.0085750000000
 2.5663367257e-07 -4.5630639040e-12  9.5270689355e-06      0.0000000000  2.5669955216e-07  2.5707714874e-07   0.0085916666667   0.0085916666667
 2.5658282886e-07  8.7349669658e-12  9.5267388107e-06      0.0000000000  2.5645671708e-07  2.5589548895e-07   0.0086083333333   0.0086083333333
 2.5635415372e-07  9.7472345605e-12  9.5263988163e-06      0.0000000000  2.5621342725e-07  2.5574216468e-07   0.0086250000000   0.0086250000000
 2.5630831537e-07  2.3454949552e-11  9.5260689325e-06      0.0000000000  2.5596968267e-07  2.5590099177e-07   0.0086416666667   0.0086416666667
 2.5613222281e-07  2.8109280955e-11  9.5257388182e-06      0.0000000000  2.5572639283e-07  2.5529176674e-07   0.0086583333333   0.0086583333333
 2.5612551720e-07  4.4495976434e-11  9.5253988098e-06      0.0000000000  2.5548310300e-07  2.5561784812e-07   0.0086750000000   0.0086750000000
 2.5575997494e-07  3.6028322117e-11  9.5250689400e-06      0.0000000000  2.5523981317e-07  2.5523423869e-07   0.0086916666667   0.0086916666667
 2.5566816719e-07  4.6520530129e-11  9.5247388153e-06      0.0000000000  2.5499652333e-07  2.5465095552e-07   0.0087083333333   0.0087083333333
 2.5514130141e-07  2.6879014203e-11  9.5243988138e-06      0.0000000000  2.5475323350e-07  2.5489774913e-07   0.0087250000000   0.0087250000000
 2.5491943071e-07  2.8362582447e-11  9.5240689371e-06      0.0000000000  2.5450994367e-07  2.5408789129e-07   0.0087416666667   0.0087416666667
 2.5446564654e-07  1.3814466095e-11  9.5237388158e-06      0.0000000000  2.5426619909e-07  2.5348388607e-07   0.0087583333333   0.0087583333333
 2.5406341315e-07  2.8054488261e-12  9.5233988179e-06      0.0000000000  2.5402290926e-07  2.5392112440e-07   0.0087750000000   0.0087750000000
 2.5378978413e-07  7.0404528239e-13  9.5230689306e-06      0.0000000000  2.5377961942e-07  2.5414788774e-07   0.0087916666667   0.0087916666667
 2.5329325439e-07 -1.6804787408e-11  9.5227388198e-06      0.0000000000  2.5353587484e-07  2.5360645745e-07   0.0088083333333   0.0088083333333
 2.5330817886e-07  1.0800878334e-12  9.5223988149e-06      0.0000000000  2.5329258501e-07  2.5304592451e-07   0.0088250000000   0.0088250000000
 2.5284864731e-07 -1.3897611423e-11  9.5220689381e-06      0.0000000000  2.5304929518e-07  2.5273187073e-07   0.0088416666667   0.0088416666667
 2.5275097663e-07 -3.7799944715e-12  9.5217388169e-06      0.0000000000  2.5280555060e-07  2.5254872117e-07   0.0088583333333   0.0088583333333
 2.5275276835e-07  1.3195257748e-11  9.5213988189e-06      0.0000000000  2.5256226077e-07  2.5169548538e-07   0.0088750000000   0.0088750000000
 2.5241102460e-07  6.4074738400e-12  9.5210689387e-06      0.0000000000  2.5231851619e-07  2.5178035459e-07   0.0088916666667   0.0088916666667
 2.5234337400e-07  1.8572894464e-11  9.5207388139e-06      0.0000000000  2.5207522635e-07  2.5336236809e-07   0.0089083333333   0.0089083333333
 2.5228213688e-07  3.1214034268e-11  9.5203988195e-06      0.0000000000  2.5183148177e-07  2.5220056562e-07   0.0089250000000   0.0089250000000
 2.5176017637e-07  1.1912276013e-11  9.5200689357e-06      0.0000000000  2.5158819194e-07  2.5219995245e-07   0.0089416666667   0.0089416666667
 2.5148751478e-07  9.9093771705e-12  9.5197388179e-06      0.0000000000  2.5134444736e-07  2.5121518356e-07   0.0089583333333   0.0089583333333
 2.5113761463e-07  2.5566505947e-12  9.5193988165e-06      0.0000000000  2.5110070278e-07  2.5100363944e-07   0.0089750000000   0.0089750000000
 2.5086126565e-07  2.6685263448e-13  9.5190689397e-06      0.0000000000  2.5085741295e-07  2.5097121997e-07   0.0089916666667   0.0089916666667
 2.5051603592e-07 -6.7623833322e-12  9.5187388185e-06      0.0000000000  2.5061366837e-07  2.4993258633e-07   0.0090083333333   0.0090083333333
 2.5020192915e-07 -1.1635928217e-11  9.5183988171e-06      0.0000000000  2.5036992379e-07  2.5072414337e-07   0.0090250000000   0.0090250000000
 2.4984343119e-07 -1.9584169913e-11  9.5180689403e-06      0.0000000000  2.5012617921e-07  2.5071651803e-07   0.0090416666667   0.0090416666667
 2.4957365528e-07 -2.1418693704e-11  9.5177388155e-06      0.0000000000  2.4988288937e-07  2.4999344752e-07   0.0090583333333   0.0090583333333
 2.4922323999e-07 -2.8807100480e-11  9.5173988211e-06      0.0000000000  2.4963914479e-07  2.5011334610e-07   0.0090750000000   0.0090750000000
 2.4899513630e-07 -2.7723754561e-11  9.5170689373e-06      0.0000000000  2.4939540021e-07  2.4828144169e-07   0.0090916666667   0.0090916666667
 2.4888188650e-07 -1.8685204569e-11  9.5167388195e-06      0.0000000000  2.4915165563e-07  2.4925575523e-07   0.0091083333333   0.0091083333333
 2.4845344739e-07 -3.1477829175e-11  9.5163988181e-06      0.0000000000  2.4890791105e-07  2.4846603771e-07   0.0091250000000   0.0091250000000
 2.4840055958e-07 -1.8258385135e-11  9.5160689378e-06      0.0000000000  2.4866416647e-07  2.4873852162e-07   0.0091416666667   0.0091416666667
 2.4831063010e-07 -7.6045843500e-12  9.5157388201e-06      0.0000000000  2.4842042189e-07  2.4744972980e-07   0.0091583333333   0.0091583333333
 2.4794553718e-07 -1.6009617735e-11  9.5153988187e-06      0.0000000000  2.4817667731e-07  2.4758546078e-07   0.0091750000000   0.0091750000000
 2.4810256425e-07  1.1749304200e-11  9.5150689419e-06      0.0000000000  2.4793293273e-07  2.4804170742e-07   0.0091916666667   0.0091916666667
 2.4771336576e-07  1.6746299252e-12  9.5147388171e-06      0.0000000000  2.4768918815e-07  2.4705121559e-07   0.0092083333333   0.0092083333333
 2.4769101177e-07  1.7008958595e-11  9.5143988227e-06      0.0000000000  2.4744544357e-07  2.4729099703e-07   0.0092250000000   0.0092250000000
 2.4738459436e-07  1.2668007317e-11  9.5140689389e-06      0.0000000000  2.4720169899e-07  2.4684291028e-07   0.0092416666667   0.0092416666667
 2.4760130016e-07  4.4591995907e-11  9.5137388211e-06      0.0000000000  2.4695749967e-07  2.4661842668e-07   0.0092583333333   0.0092583333333
 2.4739740544e-07  4.7352144665e-11  9.5133988197e-06      0.0000000000  2.4671375509e-07  2.4704855852e-07   0.0092750000000   0.0092750000000
 2.4711870196e-07  4.4930762233e-11  9.5130689394e-06      0.0000000000  2.4647001051e-07  2.4643085914e-07   0.0092916666667   0.0092916666667
 2.4677614383e-07  3.8086571038e-11  9.5127388217e-06      0.0000000000  2.4622626593e-07  2.4632309821e-07   0.0093083333333   0.0093083333333
 2.4646827660e-07  3.3676697714e-11  9.5123988168e-06      0.0000000000  2.4598206660e-07  2.4577487586e-07   0.0093250000000   0.0093250000000
 2.4618741666e-07  3.1105950711e-11  9.5120689470e-06      0.0000000000  2.4573832202e-07  2.4613867514e-07   0.0093416666667   0.0093416666667
 2.4587714321e-07  2.6497916111e-11  9.5117388187e-06      0.0000000000  2.4549457744e-07  2.4561086039e-07   0.0093583333333   0.0093583333333
 2.4546086637e-07  1.4579192833e-11  9.5113988243e-06      0.0000000000  2.4525037811e-07  2.4529707389e-07   0.0093750000000   0.0093750000000
 2.4520715712e-07  1.3889003337e-11  9.5110689405e-06      0.0000000000  2.4500663353e-07  2.4449789152e-07   0.0093916666667   0.0093916666667
 2.4463623589e-07 -8.7409603697e-12  9.5107388228e-06      0.0000000000  2.4476243420e-07  2.4501067570e-07   0.0094083333333   0.0094083333333
 2.4463937498e-07  8.3591125499e-12  9.5103988213e-06      0.0000000000  2.4451868962e-07  2.4511455322e-07   0.0094250000000   0.0094250000000
 2.4407322677e-07 -1.3940254118e-11  9.5100689376e-06      0.0000000000  2.4427449030e-07  2.4482743181e-07   0.0094416666667   0.0094416666667
 2.4396641457e-07 -4.4558126645e-12  9.5097388268e-06      0.0000000000  2.4403074572e-07  2.4365750089e-07   0.0094583333333   0.0094583333333
 2.4361708907e-07 -1.1737238841e-11  9.5093988184e-06      0.0000000000  2.4378654639e-07  2.4371757596e-07   0.0094750000000   0.0094750000000
 2.4341143653e-07 -9.0988432133e-12  9.5090689451e-06      0.0000000000  2.4354280181e-07  2.4370359880e-07   0.0094916666667   0.0094916666667
 2.4330000061e-07  9.6839527318e-14  9.5087388203e-06      0.0000000000  2.4329860248e-07  2.4330497454e-07   0.0095083333333   0.0095083333333
 2.4291539686e-07 -9.6280881401e-12  9.5083988259e-06      0.0000000000  2.4305440315e-07  2.4296299787e-07   0.0095250000000   0.0095250000000
 2.4281567553e-07  3.4749274578e-13  9.5080689421e-06      0.0000000000  2.4281065857e-07  2.4344889686e-07   0.0095416666667   0.0095416666667
 2.4255582013e-07 -7.3690451818e-13  9.5077388209e-06      0.0000000000  2.4256645925e-07  2.4262885094e-07   0.0095583333333   0.0095583333333
 2.4243258391e-07  7.6414462571e-12  9.5073988264e-06      0.0000000000  2.4232225992e-07  2.4114623408e-07   0.0095750000000   0.0095750000000
 2.4205475254e-07 -1.6144015207e-12  9.5070689392e-06      0.0000000000  2.4207806059e-07  2.4094627733e-07   0.0095916666667   0.0095916666667
 2.4193324181e-07  6.8834631193e-12  9.5067388284e-06      0.0000000000  2.4183386126e-07  2.4206301957e-07   0.0096083333333   0.0096083333333
 2.4163432753e-07  3.0622065373e-12  9.5063988200e-06      0.0000000000  2.4159011668e-07  2.4174558548e-07   0.0096250000000   0.0096250000000
 2.4119578924e-07 -1.0398426957e-11  9.5060689467e-06      0.0000000000  2.4134591736e-07  2.4144838605e-07   0.0096416666667   0.0096416666667
 2.4103404342e-07 -4.6873932010e-12  9.5057388219e-06      0.0000000000  2.4110171803e-07  2.4163449141e-07   0.0096583333333   0.0096583333333
 2.4071561831e-07 -9.8285440658e-12  9.5053988240e-06      0.0000000000  2.4085751870e-07  2.4082537252e-07   0.0096750000000   0.0096750000000
 2.4055470264e-07 -4.0600111495e-12  9.5050689472e-06      0.0000000000  2.4061331937e-07  2.3971754486e-07   0.0096916666667   0.0096916666667
 2.4062776920e-07  1.7914994146e-11  9.5047388190e-06      0.0000000000  2.4036912005e-07  2.4094869857e-07   0.0097083333333   0.0097083333333
 2.4037114542e-07  1.7054430917e-11  9.5043988280e-06      0.0000000000  2.4012492072e-07  2.3877841792e-07   0.0097250000000   0.0097250000000
 2.4015711920e-07  1.9144331521e-11  9.5040689408e-06      0.0000000000  2.3988072139e-07  2.4048177646e-07   0.0097416666667   0.0097416666667
 2.3986819791e-07  1.6046723392e-11  9.5037388300e-06      0.0000000000  2.3963652206e-07  2.3975089194e-07   0.0097583333333   0.0097583333333
 2.3977746701e-07  2.6708010278e-11  9.5033988216e-06      0.0000000000  2.3939186799e-07  2.4000647434e-07   0.0097750000000   0.0097750000000
 2.3925866774e-07  7.6882054705e-12  9.5030689448e-06      0.0000000000  2.3914766866e-07  2.3901318393e-07   0.0097916666667   0.0097916666667
 2.3922868391e-07  2.2525560734e-11  9.5027388270e-06      0.0000000000  2.3890346933e-07  2.3854322740e-07   0.0098083333333   0.0098083333333
 2.3872434023e-07  4.5070037765e-12  9.5023988221e-06      0.0000000000  2.3865927001e-07  2.3940704432e-07   0.0098250000000   0.0098250000000
 2.3883317720e-07  2.8959599219e-11  9.5020689488e-06      0.0000000000  2.3841507068e-07  2.3776181128e-07   0.0098416666667   0.0098416666667
 2.3829715903e-07  8.7786474085e-12  9.5017388206e-06      0.0000000000  2.3817041660e-07  2.3878635770e-07   0.0098583333333   0.0098583333333
 2.3786414455e-07 -4.2993862659e-12  9.5013988331e-06      0.0000000000  2.3792621728e-07  2.3920259099e-07   0.0098750000000   0.0098750000000
 2.3781406855e-07  9.1463116563e-12  9.5010689424e-06      0.0000000000  2.3768201795e-07  2.3839888058e-07   0.0098916666667   0.0098916666667
 2.3727550756e-07 -1.1210764876e-11  9.5007388281e-06      0.0000000000  2.3743736387e-07  2.3749685837e-07   0.0099083333333   0.0099083333333
 2.3706137233e-07 -9.1284148534e-12  9.5003988267e-06      0.0000000000  2.3719316455e-07  2.3707366009e-07   0.0099250000000   0.0099250000000
 2.3659641884e-07 -2.4387164646e-11  9.5000689429e-06      0.0000000000  2.3694851047e-07  2.3670539567e-07   0.0099416666667   0.0099416666667
 2.3653299153e-07 -1.1866227922e-11  9.4997388286e-06      0.0000000000  2.3670431115e-07  2.3654735469e-07   0.0099583333333   0.0099583333333
 2.3619608588e-07 -1.8255912670e-11  9.4993988237e-06      0.0000000000  2.3645965707e-07  2.3659145586e-07   0.0099750000000   0.0099750000000
 2.3604106060e-07 -1.2079389252e-11  9.4990689504e-06      0.0000000000  2.3621545774e-07  2.3576117470e-07   0.0099916666667   0.0099916666667
 2.3571688879e-07 -1.7587080925e-11  9.4987388222e-06      0.0000000000  2.3597080367e-07  2.3562618267e-07    0.010008333333    0.010008333333
 2.3565184874e-07 -5.1778483950e-12  9.4983988312e-06      0.0000000000  2.3572660434e-07  2.3655007466e-07    0.010025000000    0.010025000000
 2.3547676544e-07 -3.5912021900e-13  9.4980689475e-06      0.0000000000  2.3548195027e-07  2.3461482729e-07    0.010041666667    0.010041666667
 2.3504267120e-07 -1.3480444675e-11  9.4977388262e-06      0.0000000000  2.3523729619e-07  2.3484247108e-07    0.010058333333    0.010058333333
 2.3488544430e-07 -7.4564133977e-12  9.4973988283e-06      0.0000000000  2.3499309686e-07  2.3579453751e-07    0.010075000000    0.010075000000
 2.3461616250e-07 -9.1622206160e-12  9.4970689445e-06      0.0000000000  2.3474844279e-07  2.3450992783e-07    0.010091666667    0.010091666667
 2.3422322060e-07 -1.9433181965e-11  9.4967388337e-06      0.0000000000  2.3450378871e-07  2.3492089413e-07    0.010108333333    0.010108333333
 2.3402073251e-07 -1.6512610814e-11  9.4963988218e-06      0.0000000000  2.3425913464e-07  2.3513779956e-07    0.010125000000    0.010125000000
 2.3389427428e-07 -8.3574278451e-12  9.4960689520e-06      0.0000000000  2.3401493531e-07  2.3519919530e-07    0.010141666667    0.010141666667
 2.3367080295e-07 -6.8902326382e-12  9.4957388273e-06      0.0000000000  2.3377028124e-07  2.3448810522e-07    0.010158333333    0.010158333333
 2.3351595342e-07 -6.7003876771e-13  9.4953988293e-06      0.0000000000  2.3352562716e-07  2.3335446146e-07    0.010175000000    0.010175000000
 2.3320476261e-07 -5.2786190134e-12  9.4950689491e-06      0.0000000000  2.3328097309e-07  2.3373060277e-07    0.010191666667    0.010191666667
 2.3333629407e-07  2.0777378692e-11  9.4947388278e-06      0.0000000000  2.3303631901e-07  2.3244380769e-07    0.010208333333    0.010208333333
 2.3281089469e-07  1.3319238646e-12  9.4943988334e-06      0.0000000000  2.3279166494e-07  2.3140534699e-07    0.010225000000    0.010225000000
 2.3278748199e-07  1.6655917041e-11  9.4940689426e-06      0.0000000000  2.3254701086e-07  2.3182002377e-07    0.010241666667    0.010241666667
 2.3249501534e-07  1.3344241738e-11  9.4937388353e-06      0.0000000000  2.3230235679e-07  2.3343197261e-07    0.010258333333    0.010258333333
 2.3216480485e-07  7.4182885514e-12  9.4933988269e-06      0.0000000000  2.3205770271e-07  2.3138151192e-07    0.010275000000    0.010275000000
 2.3220467395e-07  2.7125412925e-11  9.4930689501e-06      0.0000000000  2.3181304864e-07  2.2961688342e-07    0.010291666667    0.010291666667
 2.3156206489e-07 -4.3841626767e-13  9.4927388289e-06      0.0000000000  2.3156839456e-07  2.3113479693e-07    0.010308333333    0.010308333333
 2.3166137259e-07  2.3385644285e-11  9.4923988309e-06      0.0000000000  2.3132374049e-07  2.2970488137e-07    0.010325000000    0.010325000000
 2.3124110787e-07  1.1253700642e-11  9.4920689507e-06      0.0000000000  2.3107863167e-07  2.2954204507e-07    0.010341666667    0.010341666667
 2.3093122760e-07  6.7358939342e-12  9.4917388259e-06      0.0000000000  2.3083397759e-07  2.3163022365e-07    0.010358333333    0.010358333333
 2.3077509023e-07  1.2866887305e-11  9.4913988350e-06      0.0000000000  2.3058932352e-07  2.3104661032e-07    0.010375000000    0.010375000000
 2.3007088264e-07 -1.8963483220e-11  9.4910689477e-06      0.0000000000  2.3034466944e-07  2.2987925786e-07    0.010391666667    0.010391666667
 2.3008537350e-07 -9.8265208676e-13  9.4907388334e-06      0.0000000000  2.3009956062e-07  2.3030599367e-07    0.010408333333    0.010408333333
 2.2995859166e-07  7.1816130081e-12  9.4903988285e-06      0.0000000000  2.2985490655e-07  2.3222253145e-07    0.010425000000    0.010425000000
 2.2954562225e-07 -4.4765271503e-12  9.4900689517e-06      0.0000000000  2.2961025247e-07  2.3005157473e-07    0.010441666667    0.010441666667
 2.2955753797e-07  1.3325939996e-11  9.4897388340e-06      0.0000000000  2.2936514365e-07  2.2995516533e-07    0.010458333333    0.010458333333
 2.2897213997e-07 -1.0275240272e-11  9.4893988291e-06      0.0000000000  2.2912048957e-07  2.2946679794e-07    0.010475000000    0.010475000000
 2.2893344922e-07  4.0220358657e-12  9.4890689523e-06      0.0000000000  2.2887538075e-07  2.2929463829e-07    0.010491666667    0.010491666667
 2.2881777592e-07  1.2955720043e-11  9.4887388275e-06      0.0000000000  2.2863072668e-07  2.2921379401e-07    0.010508333333    0.010508333333
 2.2845337697e-07  4.6932459647e-12  9.4883988366e-06      0.0000000000  2.2838561786e-07  2.2996315228e-07    0.010525000000    0.010525000000
 2.2790640815e-07 -1.6246187689e-11  9.4880689493e-06      0.0000000000  2.2814096378e-07  2.2803584470e-07    0.010541666667    0.010541666667
 2.2789266995e-07 -2.2060560219e-13  9.4877388315e-06      0.0000000000  2.2789585496e-07  2.2430859623e-07    0.010558333333    0.010558333333
 2.2746048743e-07 -1.3209517283e-11  9.4873988336e-06      0.0000000000  2.2765120088e-07  2.2649507090e-07    0.010575000000    0.010575000000
 2.2691995160e-07 -3.3671880795e-11  9.4870689498e-06      0.0000000000  2.2740609206e-07  2.2584779780e-07    0.010591666667    0.010591666667
 2.2688413230e-07 -1.9175717152e-11  9.4867388356e-06      0.0000000000  2.2716098324e-07  2.2577209472e-07    0.010608333333    0.010608333333
 2.2650293592e-07 -2.8633140333e-11  9.4863988307e-06      0.0000000000  2.2691632916e-07  2.2715625827e-07    0.010625000000    0.010625000000
 2.2634717683e-07 -2.2444448714e-11  9.4860689539e-06      0.0000000000  2.2667122034e-07  2.2754115693e-07    0.010641666667    0.010641666667
 2.2604915317e-07 -2.6109525332e-11  9.4857388291e-06      0.0000000000  2.2642611152e-07  2.2621467865e-07    0.010658333333    0.010658333333
 2.2577719837e-07 -2.7968976565e-11  9.4853988347e-06      0.0000000000  2.2618100270e-07  2.2621112540e-07    0.010675000000    0.010675000000
 2.2571484931e-07 -1.5310361724e-11  9.4850689509e-06      0.0000000000  2.2593589388e-07  2.2561548447e-07    0.010691666667    0.010691666667
 2.2551983228e-07 -1.1872316636e-11  9.4847388332e-06      0.0000000000  2.2569123980e-07  2.2671543524e-07    0.010708333333    0.010708333333
 2.2532461401e-07 -8.4167135249e-12  9.4843988352e-06      0.0000000000  2.2544613098e-07  2.2557999914e-07    0.010725000000    0.010725000000
 2.2536013298e-07  1.1020602616e-11  9.4840689514e-06      0.0000000000  2.2520102216e-07  2.2673944326e-07    0.010741666667    0.010741666667
 2.2519657498e-07  1.6669113034e-11  9.4837388372e-06      0.0000000000  2.2495591333e-07  2.2537623759e-07    0.010758333333    0.010758333333
 2.2488805463e-07  1.2276996823e-11  9.4833988288e-06      0.0000000000  2.2471080451e-07  2.2504124165e-07    0.010775000000    0.010775000000
 2.2463149860e-07  1.1484120779e-11  9.4830689555e-06      0.0000000000  2.2446569569e-07  2.2437140699e-07    0.010791666667    0.010791666667
 2.2456199428e-07  2.3647136162e-11  9.4827388342e-06      0.0000000000  2.2422058687e-07  2.2286278538e-07    0.010808333333    0.010808333333
 2.2395090570e-07 -1.7019712442e-12  9.4823988363e-06      0.0000000000  2.2397547805e-07  2.2198651636e-07    0.010825000000    0.010825000000
 2.2387577791e-07  1.0071541459e-11  9.4820689525e-06      0.0000000000  2.2373036922e-07  2.2293274980e-07    0.010841666667    0.010841666667
 2.2309335513e-07 -2.7144804139e-11  9.4817388313e-06      0.0000000000  2.2348526040e-07  2.2412442472e-07    0.010858333333    0.010858333333
 2.2307690492e-07 -1.1275567990e-11  9.4813988368e-06      0.0000000000  2.2323969683e-07  2.2262037831e-07    0.010875000000    0.010875000000
 2.2281125573e-07 -1.2698269887e-11  9.4810689496e-06      0.0000000000  2.2299458801e-07  2.2312003434e-07    0.010891666667    0.010891666667
 2.2236819224e-07 -2.6409339971e-11  9.4807388388e-06      0.0000000000  2.2274947919e-07  2.2257360434e-07    0.010908333333    0.010908333333
 2.2240498596e-07 -6.8837301404e-12  9.4803988339e-06      0.0000000000  2.2250437037e-07  2.2052660257e-07    0.010925000000    0.010925000000
 2.2205070210e-07 -1.4414098374e-11  9.4800689571e-06      0.0000000000  2.2225880680e-07  2.2175621550e-07    0.010941666667    0.010941666667
 2.2209134572e-07  5.3781691327e-12  9.4797388358e-06      0.0000000000  2.2201369797e-07  2.2334601156e-07    0.010958333333    0.010958333333
 2.2175990717e-07 -6.0134584776e-13  9.4793988344e-06      0.0000000000  2.2176858915e-07  2.2183484293e-07    0.010975000000    0.010975000000
 2.2154842599e-07  1.7593259011e-12  9.4790689541e-06      0.0000000000  2.2152302558e-07  2.2375697786e-07    0.010991666667    0.010991666667
 2.2140944381e-07  9.1100483468e-12  9.4787388329e-06      0.0000000000  2.2127791676e-07  2.2252157911e-07    0.011008333333    0.011008333333
 2.2100976661e-07 -1.5959272232e-12  9.4783988384e-06      0.0000000000  2.2103280794e-07  2.2178110396e-07    0.011025000000    0.011025000000
 2.2072029340e-07 -4.6372710524e-12  9.4780689512e-06      0.0000000000  2.2078724437e-07  2.2062458420e-07    0.011041666667    0.011041666667
 2.2049063718e-07 -3.5669670315e-12  9.4777388404e-06      0.0000000000  2.2054213555e-07  2.2007078043e-07    0.011058333333    0.011058333333
 2.2053109557e-07  1.6243968879e-11  9.4773988355e-06      0.0000000000  2.2029657198e-07  2.1917506288e-07    0.011075000000    0.011075000000
 2.2023197084e-07  1.2502627683e-11  9.4770689552e-06      0.0000000000  2.2005146316e-07  2.1790436747e-07    0.011091666667    0.011091666667
 2.1991153952e-07  7.3170111764e-12  9.4767388374e-06      0.0000000000  2.1980589959e-07  2.2034853132e-07    0.011108333333    0.011108333333
 2.1943647289e-07 -8.5792165442e-12  9.4763988360e-06      0.0000000000  2.1956033602e-07  2.1695770953e-07    0.011125000000    0.011125000000
 2.1930598164e-07 -6.4038150876e-13  9.4760689557e-06      0.0000000000  2.1931522719e-07  2.1920831563e-07    0.011141666667    0.011141666667
 2.1917098608e-07  7.0179671422e-12  9.4757388345e-06      0.0000000000  2.1906966363e-07  2.1940784787e-07    0.011158333333    0.011158333333
 2.1865265875e-07 -1.1874657118e-11  9.4753988435e-06      0.0000000000  2.1882410006e-07  2.1768326417e-07    0.011175000000    0.011175000000
 2.1867055463e-07  6.3420186566e-12  9.4750689528e-06      0.0000000000  2.1857899123e-07  2.1848898704e-07    0.011191666667    0.011191666667
 2.1815000965e-07 -1.2704208124e-11  9.4747388385e-06      0.0000000000  2.1833342766e-07  2.1841161739e-07    0.011208333333    0.011208333333
 2.1789948743e-07 -1.3047662480e-11  9.4743988371e-06      0.0000000000  2.1808786409e-07  2.1852969218e-07    0.011225000000    0.011225000000
 2.1805245622e-07  1.4556158504e-11  9.4740689568e-06      0.0000000000  2.1784230053e-07  2.1811416640e-07    0.011241666667    0.011241666667
 2.1742084605e-07 -1.2182852623e-11  9.4737388390e-06      0.0000000000  2.1759673696e-07  2.1916531502e-07    0.011258333333    0.011258333333
 2.1748287528e-07  9.0906613569e-12  9.4733988341e-06      0.0000000000  2.1735162813e-07  2.1951100216e-07    0.011275000000    0.011275000000
 2.1701511220e-07 -6.2996958945e-12  9.4730689608e-06      0.0000000000  2.1710606456e-07  2.1624081790e-07    0.011291666667    0.011291666667
 2.1679951742e-07 -4.2239475677e-12  9.4727388361e-06      0.0000000000  2.1686050099e-07  2.1661038727e-07    0.011308333333    0.011308333333
 2.1654307274e-07 -4.9776131851e-12  9.4723988416e-06      0.0000000000  2.1661493743e-07  2.1654859847e-07    0.011325000000    0.011325000000
 2.1654174769e-07  1.1939247672e-11  9.4720689544e-06      0.0000000000  2.1636937386e-07  2.1695272555e-07    0.011341666667    0.011341666667
 2.1639996026e-07  1.9127165472e-11  9.4717388401e-06      0.0000000000  2.1612381029e-07  2.1649144775e-07    0.011358333333    0.011358333333
 2.1630136621e-07  2.9306816216e-11  9.4713988387e-06      0.0000000000  2.1587824672e-07  2.1590415539e-07    0.011375000000    0.011375000000
 2.1606218226e-07  2.9780189673e-11  9.4710689549e-06      0.0000000000  2.1563222840e-07  2.1573858340e-07    0.011391666667    0.011391666667
 2.1585471502e-07  3.2418881984e-11  9.4707388441e-06      0.0000000000  2.1538666483e-07  2.1338529469e-07    0.011408333333    0.011408333333
 2.1552745628e-07  2.6760373283e-11  9.4703988357e-06      0.0000000000  2.1514110126e-07  2.1559642199e-07    0.011425000000    0.011425000000
 2.1538580725e-07  3.3957877361e-11  9.4700689624e-06      0.0000000000  2.1489553769e-07  2.1446457058e-07    0.011441666667    0.011441666667
 2.1498778628e-07  2.3398115805e-11  9.4697388377e-06      0.0000000000  2.1464997412e-07  2.1374151579e-07    0.011458333333    0.011458333333
 2.1443624097e-07  2.2046923470e-12  9.4693988432e-06      0.0000000000  2.1440441055e-07  2.1435863344e-07    0.011475000000    0.011475000000
 2.1421868738e-07  4.1762640738e-12  9.4690689560e-06      0.0000000000  2.1415839224e-07  2.1386510912e-07    0.011491666667    0.011491666667
 2.1378564573e-07 -8.8091588732e-12  9.4687388382e-06      0.0000000000  2.1391282867e-07  2.1579040424e-07    0.011508333333    0.011508333333
 2.1348774278e-07 -1.2434377343e-11  9.4683988438e-06      0.0000000000  2.1366726510e-07  2.1432335250e-07    0.011525000000    0.011525000000
 2.1327372995e-07 -1.0217559761e-11  9.4680689530e-06      0.0000000000  2.1342124678e-07  2.1514654289e-07    0.011541666667    0.011541666667
 2.1283766268e-07 -2.3412548363e-11  9.4677388457e-06      0.0000000000  2.1317568321e-07  2.1364980737e-07    0.011558333333    0.011558333333
 2.1290856639e-07 -1.4613601290e-12  9.4673988373e-06      0.0000000000  2.1292966489e-07  2.1111407660e-07    0.011575000000    0.011575000000
 2.1244696731e-07 -1.6424776399e-11  9.4670689640e-06      0.0000000000  2.1268410132e-07  2.1358789279e-07    0.011591666667    0.011591666667
 2.1225024625e-07 -1.3010266297e-11  9.4667388393e-06      0.0000000000  2.1243808301e-07  2.1292591930e-07    0.011608333333    0.011608333333
 2.1203937986e-07 -1.0607011488e-11  9.4663988413e-06      0.0000000000  2.1219251944e-07  2.1209002526e-07    0.011625000000    0.011625000000
 2.1188213082e-07 -4.4585245745e-12  9.4660689611e-06      0.0000000000  2.1194650112e-07  2.1133217692e-07    0.011641666667    0.011641666667
 2.1171839107e-07  1.2088948303e-12  9.4657388398e-06      0.0000000000  2.1170093755e-07  2.1190855799e-07    0.011658333333    0.011658333333
 2.1149985930e-07  3.1127148912e-12  9.4653988454e-06      0.0000000000  2.1145491923e-07  2.1013451180e-07    0.011675000000    0.011675000000
 2.1136043113e-07  1.0464043565e-11  9.4650689546e-06      0.0000000000  2.1120935567e-07  2.0993817119e-07    0.011691666667    0.011691666667
 2.1090359779e-07 -4.1377820484e-12  9.4647388473e-06      0.0000000000  2.1096333735e-07  2.1170651017e-07    0.011708333333    0.011708333333
 2.1082720875e-07  7.6113673655e-12  9.4643988389e-06      0.0000000000  2.1071731903e-07  2.1116341331e-07    0.011725000000    0.011725000000
 2.1050539789e-07  2.3616959770e-12  9.4640689621e-06      0.0000000000  2.1047130071e-07  2.1035034811e-07    0.011741666667    0.011741666667
 2.1025824275e-07  2.2514583630e-12  9.4637388444e-06      0.0000000000  2.1022573715e-07  2.1015746641e-07    0.011758333333    0.011758333333
 2.0986847004e-07 -7.7055010595e-12  9.4633988429e-06      0.0000000000  2.0997971883e-07  2.0862151937e-07    0.011775000000    0.011775000000
 2.0977804356e-07  3.0713629067e-12  9.4630689627e-06      0.0000000000  2.0973370051e-07  2.1033525466e-07    0.011791666667    0.011791666667
 2.0906858184e-07 -2.9028436181e-11  9.4627388414e-06      0.0000000000  2.0948768219e-07  2.0958352232e-07    0.011808333333    0.011808333333
 2.0892446875e-07 -2.1970104169e-11  9.4623988470e-06      0.0000000000  2.0924166388e-07  2.0960111562e-07    0.011825000000    0.011825000000
 2.0877827642e-07 -1.5055788401e-11  9.4620689562e-06      0.0000000000  2.0899564556e-07  2.1031274027e-07    0.011841666667    0.011841666667
 2.0854302626e-07 -1.4309946280e-11  9.4617388454e-06      0.0000000000  2.0874962724e-07  2.0996518217e-07    0.011858333333    0.011858333333
 2.0825284820e-07 -1.7400109802e-11  9.4613988440e-06      0.0000000000  2.0850406367e-07  2.0964606579e-07    0.011875000000    0.011875000000
 2.0787445069e-07 -2.6569180826e-11  9.4610689602e-06      0.0000000000  2.0825804536e-07  2.0886641057e-07    0.011891666667    0.011891666667
 2.0779086626e-07 -1.5286913530e-11  9.4607388460e-06      0.0000000000  2.0801157229e-07  2.0875998604e-07    0.011908333333    0.011908333333
 2.0761379250e-07 -1.0511559123e-11  9.4603988446e-06      0.0000000000  2.0776555398e-07  2.0545005570e-07    0.011925000000    0.011925000000
 2.0739351922e-07 -8.7283633066e-12  9.4600689643e-06      0.0000000000  2.0751953566e-07  2.0435472729e-07    0.011941666667    0.011941666667
 2.0726067553e-07 -8.8947140303e-13  9.4597388395e-06      0.0000000000  2.0727351734e-07  2.0593858031e-07    0.011958333333    0.011958333333
 2.0713845037e-07  7.6848989781e-12  9.4593988486e-06      0.0000000000  2.0702749903e-07  2.0565821951e-07    0.011975000000    0.011975000000
 2.0670784380e-07 -5.1003640089e-12  9.4590689613e-06      0.0000000000  2.0678148071e-07  2.0677546486e-07    0.011991666667    0.011991666667
 2.0683194169e-07  2.0535249018e-11  9.4587388470e-06      0.0000000000  2.0653546239e-07  2.0779897360e-07    0.012008333333    0.012008333333
 2.0632326153e-07  2.3738193120e-12  9.4583988456e-06      0.0000000000  2.0628898933e-07  2.0509556405e-07    0.012025000000    0.012025000000
 2.0633361596e-07  2.0131140563e-11  9.4580689618e-06      0.0000000000  2.0604297101e-07  2.0487180368e-07    0.012041666667    0.012041666667
 2.0592945845e-07  9.1778374669e-12  9.4577388476e-06      0.0000000000  2.0579695269e-07  2.0510094109e-07    0.012058333333    0.012058333333
 2.0552918765e-07 -1.4747607906e-12  9.4573988427e-06      0.0000000000  2.0555047963e-07  2.0619071951e-07    0.012075000000    0.012075000000
 2.0545131466e-07  1.0171604479e-11  9.4570689659e-06      0.0000000000  2.0530446131e-07  2.0661069471e-07    0.012091666667    0.012091666667
 2.0480217352e-07 -1.7750169042e-11  9.4567388446e-06      0.0000000000  2.0505844300e-07  2.0683522548e-07    0.012108333333    0.012108333333
 2.0464601747e-07 -1.1494479453e-11  9.4563988467e-06      0.0000000000  2.0481196993e-07  2.0621096989e-07    0.012125000000    0.012125000000
 2.0426312962e-07 -2.0974567822e-11  9.4560689629e-06      0.0000000000  2.0456595162e-07  2.0458704062e-07    0.012141666667    0.012141666667
 2.0375503194e-07 -3.9095653733e-11  9.4557388486e-06      0.0000000000  2.0431947855e-07  2.0438584181e-07    0.012158333333    0.012158333333
 2.0384756627e-07 -1.5646248723e-11  9.4553988472e-06      0.0000000000  2.0407346023e-07  2.0478606975e-07    0.012175000000    0.012175000000
 2.0342989441e-07 -2.7504108588e-11  9.4550689600e-06      0.0000000000  2.0382698717e-07  2.0445220581e-07    0.012191666667    0.012191666667
 2.0337116374e-07 -1.4531875973e-11  9.4547388492e-06      0.0000000000  2.0358096885e-07  2.0441223962e-07    0.012208333333    0.012208333333
 2.0324333348e-07 -6.3142380467e-12  9.4543988443e-06      0.0000000000  2.0333449579e-07  2.0491662808e-07    0.012225000000    0.012225000000
 2.0300268021e-07 -5.9111375971e-12  9.4540689675e-06      0.0000000000  2.0308802273e-07  2.0427988894e-07    0.012241666667    0.012241666667
 2.0286555538e-07  1.6312274168e-12  9.4537388462e-06      0.0000000000  2.0284200441e-07  2.0050278493e-07    0.012258333333    0.012258333333
 2.0247043487e-07 -8.6646428669e-12  9.4533988518e-06      0.0000000000  2.0259553134e-07  2.0316558367e-07    0.012275000000    0.012275000000
 2.0243018490e-07  5.6191287152e-12  9.4530689645e-06      0.0000000000  2.0234905828e-07  2.0218869167e-07    0.012291666667    0.012291666667
 2.0206767885e-07 -2.4492414536e-12  9.4527388468e-06      0.0000000000  2.0210303996e-07  2.0160312876e-07    0.012308333333    0.012308333333
 2.0214327750e-07  1.9858633261e-11  9.4523988488e-06      0.0000000000  2.0185656690e-07  2.0182184226e-07    0.012325000000    0.012325000000
 2.0169216216e-07  5.6843548568e-12  9.4520689616e-06      0.0000000000  2.0161009384e-07  2.0118447424e-07    0.012341666667    0.012341666667
 2.0168186995e-07  2.2043111426e-11  9.4517388508e-06      0.0000000000  2.0136362077e-07  2.0084122407e-07    0.012358333333    0.012358333333
 2.0135035320e-07  1.6152672464e-11  9.4513988459e-06      0.0000000000  2.0111714771e-07  2.0052737467e-07    0.012375000000    0.012375000000
 2.0105081174e-07  1.2476959770e-11  9.4510689691e-06      0.0000000000  2.0087067464e-07  2.0008277828e-07    0.012391666667    0.012391666667
 2.0079953172e-07  1.2112514757e-11  9.4507388478e-06      0.0000000000  2.0062465633e-07  1.9943844526e-07    0.012408333333    0.012408333333
 2.0040853123e-07  2.1020120474e-12  9.4503988499e-06      0.0000000000  2.0037818326e-07  1.9844557936e-07    0.012425000000    0.012425000000
 2.0033112014e-07  1.3811868046e-11  9.4500689661e-06      0.0000000000  2.0013171020e-07  2.0036012040e-07    0.012441666667    0.012441666667
 1.9986214712e-07 -1.5992992794e-12  9.4497388484e-06      0.0000000000  1.9988523713e-07  2.0046124650e-07    0.012458333333    0.012458333333
 1.9940863266e-07 -1.5908252711e-11  9.4493988504e-06      0.0000000000  1.9963830932e-07  2.0051240700e-07    0.012475000000    0.012475000000
 1.9938151544e-07 -7.1485810753e-13  9.4490689632e-06      0.0000000000  1.9939183626e-07  1.9914597825e-07    0.012491666667    0.012491666667
 1.9899228853e-07 -1.0602515814e-11  9.4487388559e-06      0.0000000000  1.9914536319e-07  1.9908744397e-07    0.012508333333    0.012508333333
 1.9862884111e-07 -1.8704590486e-11  9.4483988475e-06      0.0000000000  1.9889889013e-07  1.9819521678e-07    0.012525000000    0.012525000000
 1.9854071130e-07 -7.7371528379e-12  9.4480689672e-06      0.0000000000  1.9865241707e-07  1.9893605354e-07    0.012541666667    0.012541666667
 1.9842880135e-07  1.5831846278e-12  9.4477388494e-06      0.0000000000  1.9840594400e-07  1.9777980106e-07    0.012558333333    0.012558333333
 1.9821187399e-07  3.6296284756e-12  9.4473988515e-06      0.0000000000  1.9815947094e-07  1.9822955438e-07    0.012575000000    0.012575000000
 1.9791067030e-07 -1.2971879444e-13  9.4470689677e-06      0.0000000000  1.9791254313e-07  1.9847142689e-07    0.012591666667    0.012591666667
 1.9769130004e-07  1.7475216988e-12  9.4467388465e-06      0.0000000000  1.9766607006e-07  1.9781251926e-07    0.012608333333    0.012608333333
 1.9708064787e-07 -2.3476866501e-11  9.4463988555e-06      0.0000000000  1.9741959700e-07  1.9805940719e-07    0.012625000000    0.012625000000
 1.9689567542e-07 -1.9185609578e-11  9.4460689648e-06      0.0000000000  1.9717266919e-07  1.9720470923e-07    0.012641666667    0.012641666667
 1.9676916800e-07 -1.0876346823e-11  9.4457388540e-06      0.0000000000  1.9692619612e-07  1.9713785784e-07    0.012658333333    0.012658333333
 1.9620126167e-07 -3.3140000177e-11  9.4453988491e-06      0.0000000000  1.9667972306e-07  1.9689988447e-07    0.012675000000    0.012675000000
 1.9610256938e-07 -2.2872661389e-11  9.4450689688e-06      0.0000000000  1.9643279525e-07  1.9614791629e-07    0.012691666667    0.012691666667
 1.9550867434e-07 -4.6936388231e-11  9.4447388510e-06      0.0000000000  1.9618632218e-07  1.9624556776e-07    0.012708333333    0.012708333333
 1.9543884221e-07 -3.4670088450e-11  9.4443988496e-06      0.0000000000  1.9593939437e-07  1.9616275818e-07    0.012725000000    0.012725000000
 1.9520057091e-07 -3.4102004088e-11  9.4440689728e-06      0.0000000000  1.9569292131e-07  1.9649267581e-07    0.012741666667    0.012741666667
 1.9490668065e-07 -3.7354796155e-11  9.4437388481e-06      0.0000000000  1.9544599349e-07  1.9531348443e-07    0.012758333333    0.012758333333
 1.9501890438e-07 -1.2478636262e-11  9.4433988571e-06      0.0000000000  1.9519906568e-07  1.9508426840e-07    0.012775000000    0.012775000000
 1.9468307097e-07 -1.8668063455e-11  9.4430689664e-06      0.0000000000  1.9495259262e-07  1.9569825731e-07    0.012791666667    0.012791666667
 1.9482381686e-07  8.1836469256e-12  9.4427388556e-06      0.0000000000  1.9470566481e-07  1.9457813477e-07    0.012808333333    0.012808333333
 1.9440249036e-07 -3.8958492019e-12  9.4423988507e-06      0.0000000000  1.9445873700e-07  1.9489206277e-07    0.012825000000    0.012825000000
 1.9446707719e-07  1.7649305720e-11  9.4420689669e-06      0.0000000000  1.9421226393e-07  1.9449153611e-07    0.012841666667    0.012841666667
 1.9426585632e-07  2.0815137334e-11  9.4417388561e-06      0.0000000000  1.9396533612e-07  1.9442036107e-07    0.012858333333    0.012858333333
 1.9384478739e-07  8.7534813068e-12  9.4413988477e-06      0.0000000000  1.9371840831e-07  1.9390534431e-07    0.012875000000    0.012875000000
 1.9371710990e-07  1.7013198141e-11  9.4410689744e-06      0.0000000000  1.9347148050e-07  1.9325487957e-07    0.012891666667    0.012891666667
 1.9308576385e-07 -9.6445236497e-12  9.4407388497e-06      0.0000000000  1.9322500743e-07  1.9296882728e-07    0.012908333333    0.012908333333
 1.9289773693e-07 -5.5648310650e-12  9.4403988587e-06      0.0000000000  1.9297807962e-07  1.9248563254e-07    0.012925000000    0.012925000000
 1.9255938816e-07 -1.1896983539e-11  9.4400689680e-06      0.0000000000  1.9273115181e-07  1.9189068339e-07    0.012941666667    0.012941666667
 1.9269575647e-07  1.4651519168e-11  9.4397388537e-06      0.0000000000  1.9248422400e-07  1.9215852921e-07    0.012958333333    0.012958333333
 1.9227339997e-07  2.5006811473e-12  9.4393988558e-06      0.0000000000  1.9223729619e-07  1.9102802993e-07    0.012975000000    0.012975000000
 1.9222583864e-07  1.6309538866e-11  9.4390689650e-06      0.0000000000  1.9199036837e-07  1.9210048233e-07    0.012991666667    0.012991666667
 1.9171915271e-07 -1.6822663214e-12  9.4387388612e-06      0.0000000000  1.9174344056e-07  1.9214437910e-07    0.013008333333    0.013008333333
 1.9137482003e-07 -8.4288865113e-12  9.4383988493e-06      0.0000000000  1.9149651275e-07  1.9180400612e-07    0.013025000000    0.013025000000
 1.9130760793e-07  4.0188863196e-12  9.4380689760e-06      0.0000000000  1.9124958494e-07  1.9055642256e-07    0.013041666667    0.013041666667
 1.9092331723e-07 -5.4953736924e-12  9.4377388513e-06      0.0000000000  1.9100265713e-07  1.9063027040e-07    0.013058333333    0.013058333333
 1.9070953967e-07 -3.1992654578e-12  9.4373988568e-06      0.0000000000  1.9075572932e-07  1.9078543419e-07    0.013075000000    0.013075000000
 1.9060825647e-07  6.8886174704e-12  9.4370689731e-06      0.0000000000  1.9050880151e-07  1.9117110324e-07    0.013091666667    0.013091666667
 1.9022487842e-07 -2.5309316372e-12  9.4367388518e-06      0.0000000000  1.9026141895e-07  1.9108356124e-07    0.013108333333    0.013108333333
 1.8994698222e-07 -4.6759164182e-12  9.4363988609e-06      0.0000000000  1.9001449113e-07  1.9022115933e-07    0.013125000000    0.013125000000
 1.8951939180e-07 -1.7189274894e-11  9.4360689666e-06      0.0000000000  1.8976756332e-07  1.9032410923e-07    0.013141666667    0.013141666667
 1.8941436532e-07 -7.3606656172e-12  9.4357388593e-06      0.0000000000  1.8952063551e-07  1.8994520079e-07    0.013158333333    0.013158333333
 1.8890116906e-07 -2.5771902697e-11  9.4353988509e-06      0.0000000000  1.8927325295e-07  1.8954660797e-07    0.013175000000    0.013175000000
 1.8871397575e-07 -2.1634470370e-11  9.4350689741e-06      0.0000000000  1.8902632514e-07  1.8984451491e-07    0.013191666667    0.013191666667
 1.8854854827e-07 -1.5989457065e-11  9.4347388564e-06      0.0000000000  1.8877939733e-07  1.8813043373e-07    0.013208333333    0.013208333333
 1.8828950950e-07 -1.6796808957e-11  9.4343988550e-06      0.0000000000  1.8853201477e-07  1.8915678822e-07    0.013225000000    0.013225000000
 1.8823551058e-07 -3.4338426995e-12  9.4340689747e-06      0.0000000000  1.8828508696e-07  1.8865263560e-07    0.013241666667    0.013241666667
 1.8801368476e-07 -1.6636887807e-12  9.4337388499e-06      0.0000000000  1.8803770440e-07  1.8838971087e-07    0.013258333333    0.013258333333
 1.8787741615e-07  6.0009755913e-12  9.4333988625e-06      0.0000000000  1.8779077659e-07  1.8806682113e-07    0.013275000000    0.013275000000
 1.8749968055e-07 -3.0277568868e-12  9.4330689682e-06      0.0000000000  1.8754339403e-07  1.8784312365e-07    0.013291666667    0.013291666667
 1.8723747942e-07 -4.0856429628e-12  9.4327388609e-06      0.0000000000  1.8729646622e-07  1.8772835055e-07    0.013308333333    0.013308333333
 1.8731345469e-07  1.8311312251e-11  9.4323988525e-06      0.0000000000  1.8704908366e-07  1.8767193879e-07    0.013325000000    0.013325000000
 1.8711396546e-07  2.1597083375e-11  9.4320689723e-06      0.0000000000  1.8680215585e-07  1.8707864049e-07    0.013341666667    0.013341666667
 1.8665188734e-07  6.7264769212e-12  9.4317388615e-06      0.0000000000  1.8655477329e-07  1.8714984698e-07    0.013358333333    0.013358333333
 1.8643044439e-07  8.5231504077e-12  9.4313988531e-06      0.0000000000  1.8630739073e-07  1.8622737000e-07    0.013375000000    0.013375000000
 1.8592396099e-07 -9.4546269829e-12  9.4310689763e-06      0.0000000000  1.8606046292e-07  1.8662885573e-07    0.013391666667    0.013391666667
 1.8566948016e-07 -9.9462794296e-12  9.4307388515e-06      0.0000000000  1.8581308036e-07  1.8609863546e-07    0.013408333333    0.013408333333
 1.8513259380e-07 -2.9998380060e-11  9.4303988641e-06      0.0000000000  1.8556569780e-07  1.8538087910e-07    0.013425000000    0.013425000000
 1.8500354344e-07 -2.1802255449e-11  9.4300689698e-06      0.0000000000  1.8531831524e-07  1.8554954839e-07    0.013441666667    0.013441666667
 1.8469119327e-07 -2.6333649700e-11  9.4297388590e-06      0.0000000000  1.8507138743e-07  1.8641794051e-07    0.013458333333    0.013458333333
 1.8447232520e-07 -2.4358630733e-11  9.4293988611e-06      0.0000000000  1.8482400487e-07  1.8496290064e-07    0.013475000000    0.013475000000
 1.8437551144e-07 -1.3929680665e-11  9.4290689704e-06      0.0000000000  1.8457662231e-07  1.8339068216e-07    0.013491666667    0.013491666667
 1.8429647200e-07 -2.2696156500e-12  9.4287388631e-06      0.0000000000  1.8432923975e-07  1.8450703133e-07    0.013508333333    0.013508333333
 1.8402945077e-07 -3.6298625899e-12  9.4283988547e-06      0.0000000000  1.8408185720e-07  1.8380856628e-07    0.013525000000    0.013525000000
 1.8387370045e-07  2.7169246890e-12  9.4280689779e-06      0.0000000000  1.8383447464e-07  1.8228131370e-07    0.013541666667    0.013541666667
 1.8356544939e-07 -1.4990521931e-12  9.4277388566e-06      0.0000000000  1.8358709208e-07  1.8376441795e-07    0.013558333333    0.013558333333
 1.8342743813e-07  6.0764071981e-12  9.4273988622e-06      0.0000000000  1.8333970952e-07  1.8394957997e-07    0.013575000000    0.013575000000
 1.8314179266e-07  3.4261766820e-12  9.4270689749e-06      0.0000000000  1.8309232696e-07  1.8338326121e-07    0.013591666667    0.013591666667
 1.8326446011e-07  2.9057205203e-11  9.4267388572e-06      0.0000000000  1.8284494440e-07  1.8216742105e-07    0.013608333333    0.013608333333
 1.8258774834e-07 -6.7971939989e-13  9.4263988627e-06      0.0000000000  1.8259756184e-07  1.8297163457e-07    0.013625000000    0.013625000000
 1.8259483783e-07  1.6945952899e-11  9.4260689720e-06      0.0000000000  1.8235017928e-07  1.8250620608e-07    0.013641666667    0.013641666667
 1.8198186181e-07 -8.3763982561e-12  9.4257388647e-06      0.0000000000  1.8210279672e-07  1.8206602767e-07    0.013658333333    0.013658333333
 1.8170331248e-07 -1.0503625925e-11  9.4253988528e-06      0.0000000000  1.8185495942e-07  1.8197961768e-07    0.013675000000    0.013675000000
 1.8149530475e-07 -7.7763802532e-12  9.4250689795e-06      0.0000000000  1.8160757686e-07  1.8146438080e-07    0.013691666667    0.013691666667
 1.8110463598e-07 -1.7700911526e-11  9.4247388617e-06      0.0000000000  1.8136019430e-07  1.8006153911e-07    0.013708333333    0.013708333333
 1.8083426717e-07 -1.9293024247e-11  9.4243988603e-06      0.0000000000  1.8111281174e-07  1.8050602544e-07    0.013725000000    0.013725000000
 1.8070247622e-07 -1.1255225750e-11  9.4240689765e-06      0.0000000000  1.8086497444e-07  1.8087221451e-07    0.013741666667    0.013741666667
 1.8060182245e-07 -1.0922486249e-12  9.4237388588e-06      0.0000000000  1.8061759188e-07  1.8033754483e-07    0.013758333333    0.013758333333
 1.8043548567e-07  4.5212809357e-12  9.4233988643e-06      0.0000000000  1.8037020932e-07  1.7992653136e-07    0.013775000000    0.013775000000
 1.8015588684e-07  2.3213604119e-12  9.4230689701e-06      0.0000000000  1.8012237201e-07  1.8032495123e-07    0.013791666667    0.013791666667
 1.8018295574e-07  2.1330880381e-11  9.4227388663e-06      0.0000000000  1.7987498945e-07  1.7923172962e-07    0.013808333333    0.013808333333
 1.7989668098e-07  1.8668560752e-11  9.4223988614e-06      0.0000000000  1.7962715215e-07  1.7955452502e-07    0.013825000000    0.013825000000
 1.7993351234e-07  3.8354264925e-11  9.4220689776e-06      0.0000000000  1.7937976959e-07  1.7987516647e-07    0.013841666667    0.013841666667
 1.7952286624e-07  2.7077527321e-11  9.4217388633e-06      0.0000000000  1.7913193228e-07  1.7974932484e-07    0.013858333333    0.013858333333
 1.7914177023e-07  1.7816040759e-11  9.4213988619e-06      0.0000000000  1.7888454972e-07  1.7786379152e-07    0.013875000000    0.013875000000
 1.7909371662e-07  3.1653796399e-11  9.4210689781e-06      0.0000000000  1.7863671242e-07  1.7812860293e-07    0.013891666667    0.013891666667
 1.7854650110e-07  1.0886259643e-11  9.4207388569e-06      0.0000000000  1.7838932986e-07  1.7892119764e-07    0.013908333333    0.013908333333
 1.7808615321e-07 -3.8330065433e-12  9.4203988659e-06      0.0000000000  1.7814149255e-07  1.7820526507e-07    0.013925000000    0.013925000000
 1.7775487622e-07 -9.6123469562e-12  9.4200689752e-06      0.0000000000  1.7789365524e-07  1.7782887220e-07    0.013941666667    0.013941666667
 1.7749242895e-07 -1.0655784071e-11  9.4197388644e-06      0.0000000000  1.7764627269e-07  1.7869897806e-07    0.013958333333    0.013958333333
 1.7722057479e-07 -1.2319280179e-11  9.4193988630e-06      0.0000000000  1.7739843538e-07  1.7736910375e-07    0.013975000000    0.013975000000
 1.7681795283e-07 -2.3040235748e-11  9.4190689792e-06      0.0000000000  1.7715059807e-07  1.7692188173e-07    0.013991666667    0.013991666667
 1.7656819901e-07 -2.3172980955e-11  9.4187388649e-06      0.0000000000  1.7690276077e-07  1.7755794480e-07    0.014008333333    0.014008333333
 1.7627568470e-07 -2.6298972145e-11  9.4183988600e-06      0.0000000000  1.7665537821e-07  1.7639725862e-07    0.014025000000    0.014025000000
 1.7593875885e-07 -3.2469573339e-11  9.4180689797e-06      0.0000000000  1.7640754090e-07  1.7601476549e-07    0.014041666667    0.014041666667
 1.7584605089e-07 -2.1724743244e-11  9.4177388620e-06      0.0000000000  1.7615970360e-07  1.7610271627e-07    0.014058333333    0.014058333333
 1.7574621011e-07 -1.1473958075e-11  9.4173988675e-06      0.0000000000  1.7591186629e-07  1.7598992419e-07    0.014075000000    0.014075000000
 1.7541615629e-07 -1.7168576519e-11  9.4170689768e-06      0.0000000000  1.7566402898e-07  1.7552762444e-07    0.014091666667    0.014091666667
 1.7517340356e-07 -1.6816400420e-11  9.4167388660e-06      0.0000000000  1.7541619168e-07  1.7609562549e-07    0.014108333333    0.014108333333
 1.7510266046e-07 -4.5502021331e-12  9.4163988646e-06      0.0000000000  1.7516835437e-07  1.7491045962e-07    0.014125000000    0.014125000000
 1.7478384051e-07 -9.4667220271e-12  9.4160689773e-06      0.0000000000  1.7492051706e-07  1.7528763861e-07    0.014141666667    0.014141666667
 1.7499130304e-07  2.2069023478e-11  9.4157388665e-06      0.0000000000  1.7467267976e-07  1.7500219949e-07    0.014158333333    0.014158333333
 1.7456185555e-07  9.4900326025e-12  9.4153988616e-06      0.0000000000  1.7442484245e-07  1.7408145197e-07    0.014175000000    0.014175000000
 1.7453593141e-07  2.4860556333e-11  9.4150689813e-06      0.0000000000  1.7417700515e-07  1.7549001660e-07    0.014191666667    0.014191666667
 1.7404235246e-07  7.8395841377e-12  9.4147388636e-06      0.0000000000  1.7392916784e-07  1.7413695184e-07    0.014208333333    0.014208333333
 1.7396883671e-07  1.9945235551e-11  9.4143988691e-06      0.0000000000  1.7368087579e-07  1.7418812806e-07    0.014225000000    0.014225000000
 1.7345445782e-07  1.4835827527e-12  9.4140689784e-06      0.0000000000  1.7343303848e-07  1.7291884766e-07    0.014241666667    0.014241666667
 1.7327835051e-07  6.4518662088e-12  9.4137388641e-06      0.0000000000  1.7318520117e-07  1.7273299386e-07    0.014258333333    0.014258333333
 1.7291739950e-07 -1.3828054709e-12  9.4133988662e-06      0.0000000000  1.7293736387e-07  1.7205399307e-07    0.014275000000    0.014275000000
 1.7258465806e-07 -7.2635790662e-12  9.4130689789e-06      0.0000000000  1.7268952656e-07  1.7263395883e-07    0.014291666667    0.014291666667
 1.7242782659e-07 -9.2868181176e-13  9.4127388681e-06      0.0000000000  1.7244123451e-07  1.7204856886e-07    0.014308333333    0.014308333333
 1.7192190042e-07 -1.8804868425e-11  9.4123988632e-06      0.0000000000  1.7219339720e-07  1.7171000395e-07    0.014325000000    0.014325000000
 1.7205129524e-07  7.3551175003e-12  9.4120689864e-06      0.0000000000  1.7194510515e-07  1.7224429630e-07    0.014341666667    0.014341666667
 1.7158374053e-07 -7.8633198650e-12  9.4117388652e-06      0.0000000000  1.7169726784e-07  1.7252580483e-07    0.014358333333    0.014358333333
 1.7146226913e-07  8.8924852836e-13  9.4113988672e-06      0.0000000000  1.7144943053e-07  1.7202129060e-07    0.014375000000    0.014375000000
 1.7124752470e-07  3.2128807356e-12  9.4110689800e-06      0.0000000000  1.7120113848e-07  1.7100726243e-07    0.014391666667    0.014391666667
 1.7122041612e-07  1.8501365915e-11  9.4107388657e-06      0.0000000000  1.7095330118e-07  1.7086948754e-07    0.014408333333    0.014408333333
 1.7080210117e-07  6.7249529803e-12  9.4103988678e-06      0.0000000000  1.7070500912e-07  1.7148868054e-07    0.014425000000    0.014425000000
 1.7055976016e-07  7.1056473303e-12  9.4100689770e-06      0.0000000000  1.7045717182e-07  1.7141956512e-07    0.014441666667    0.014441666667
 1.7021828166e-07  6.5121010621e-13  9.4097388732e-06      0.0000000000  1.7020887976e-07  1.6981028908e-07    0.014458333333    0.014458333333
 1.6980125428e-07 -1.1036020835e-11  9.4093988648e-06      0.0000000000  1.6996058771e-07  1.6991437098e-07    0.014475000000    0.014475000000
 1.6966770898e-07 -3.1197348864e-12  9.4090689845e-06      0.0000000000  1.6971275040e-07  1.6900574539e-07    0.014491666667    0.014491666667
 1.6914353070e-07 -2.2228632472e-11  9.4087388668e-06      0.0000000000  1.6946445835e-07  1.6989940331e-07    0.014508333333    0.014508333333
 1.6880401227e-07 -2.8547307276e-11  9.4083988688e-06      0.0000000000  1.6921616629e-07  1.6975480493e-07    0.014525000000    0.014525000000
 1.6859727121e-07 -2.5700829816e-11  9.4080689816e-06      0.0000000000  1.6896832899e-07  1.6842854677e-07    0.014541666667    0.014541666667
 1.6845477965e-07 -1.8372697951e-11  9.4077388673e-06      0.0000000000  1.6872003693e-07  1.6839309289e-07    0.014558333333    0.014558333333
 1.6809388843e-07 -2.6171730924e-11  9.4073988729e-06      0.0000000000  1.6847174488e-07  1.6837188345e-07    0.014575000000    0.014575000000
 1.6799204369e-07 -1.6028249924e-11  9.4070689786e-06      0.0000000000  1.6822345283e-07  1.6884839619e-07    0.014591666667    0.014591666667
 1.6767384201e-07 -2.0901946176e-11  9.4067388713e-06      0.0000000000  1.6797561552e-07  1.6804473295e-07    0.014608333333    0.014608333333
 1.6745020080e-07 -1.9194537670e-11  9.4063988664e-06      0.0000000000  1.6772732347e-07  1.6783479252e-07    0.014625000000    0.014625000000
 1.6732844772e-07 -1.0429981657e-11  9.4060689861e-06      0.0000000000  1.6747903141e-07  1.6805360035e-07    0.014641666667    0.014641666667
 1.6710669285e-07 -8.5919184777e-12  9.4057388684e-06      0.0000000000  1.6723073936e-07  1.6848736405e-07    0.014658333333    0.014658333333
 1.6688382435e-07 -6.8309896722e-12  9.4053988704e-06      0.0000000000  1.6698244731e-07  1.6614841411e-07    0.014675000000    0.014675000000
 1.6650598255e-07 -1.5804082585e-11  9.4050689867e-06      0.0000000000  1.6673415525e-07  1.6692926423e-07    0.014691666667    0.014691666667
 1.6625860609e-07 -1.5740665199e-11  9.4047388654e-06      0.0000000000  1.6648586320e-07  1.6729410118e-07    0.014708333333    0.014708333333
 1.6611891144e-07 -8.2188090948e-12  9.4043988745e-06      0.0000000000  1.6623757115e-07  1.6674550149e-07    0.014725000000    0.014725000000
 1.6551169717e-07 -3.3079084714e-11  9.4040689802e-06      0.0000000000  1.6598927909e-07  1.6586467300e-07    0.014741666667    0.014741666667
 1.6528150909e-07 -3.1825136757e-11  9.4037388729e-06      0.0000000000  1.6574098704e-07  1.6738151740e-07    0.014758333333    0.014758333333
 1.6500404929e-07 -3.3845402332e-11  9.4033988680e-06      0.0000000000  1.6549269499e-07  1.6604612455e-07    0.014775000000    0.014775000000
 1.6478043234e-07 -3.2104816462e-11  9.4030689843e-06      0.0000000000  1.6524394818e-07  1.6560229856e-07    0.014791666667    0.014791666667
 1.6443837458e-07 -3.8599375405e-11  9.4027388735e-06      0.0000000000  1.6499565613e-07  1.6516597212e-07    0.014808333333    0.014808333333
 1.6434503091e-07 -2.7867078574e-11  9.4023988686e-06      0.0000000000  1.6474736408e-07  1.6419936253e-07    0.014825000000    0.014825000000
 1.6418204480e-07 -2.1958474580e-11  9.4020689883e-06      0.0000000000  1.6449907202e-07  1.6540734152e-07    0.014841666667    0.014841666667
 1.6425882999e-07  5.8907168660e-13  9.4017388670e-06      0.0000000000  1.6425032522e-07  1.6415777694e-07    0.014858333333    0.014858333333
 1.6419612969e-07  1.3443840741e-11  9.4013988761e-06      0.0000000000  1.6400203317e-07  1.6466224400e-07    0.014875000000    0.014875000000
 1.6396569339e-07  1.4680596319e-11  9.4010689818e-06      0.0000000000  1.6375374112e-07  1.6315841771e-07    0.014891666667    0.014891666667
 1.6371208368e-07  1.4343772874e-11  9.4007388745e-06      0.0000000000  1.6350499431e-07  1.6354054923e-07    0.014908333333    0.014908333333
 1.6346397967e-07  1.4356797529e-11  9.4003988731e-06      0.0000000000  1.6325670226e-07  1.6397613672e-07    0.014925000000    0.014925000000
 1.6319229431e-07  1.2736490709e-11  9.4000689824e-06      0.0000000000  1.6300841021e-07  1.6348820955e-07    0.014941666667    0.014941666667
 1.6295598572e-07  1.3598007505e-11  9.3997388751e-06      0.0000000000  1.6275966341e-07  1.6316204957e-07    0.014958333333    0.014958333333
 1.6282324380e-07  2.1601435270e-11  9.3993988702e-06      0.0000000000  1.6251137135e-07  1.6275993495e-07    0.014975000000    0.014975000000
 1.6231146264e-07  3.3827060742e-12  9.3990689899e-06      0.0000000000  1.6226262455e-07  1.6343575982e-07    0.014991666667    0.014991666667
 1.6213705644e-07  8.5003126080e-12  9.3987388686e-06      0.0000000000  1.6201433250e-07  1.6157893550e-07    0.015008333333    0.015008333333
 1.6191630773e-07  1.0439563907e-11  9.3983988742e-06      0.0000000000  1.6176558570e-07  1.6208175172e-07    0.015025000000    0.015025000000
 1.6145361330e-07 -4.3792382727e-12  9.3980689869e-06      0.0000000000  1.6151683890e-07  1.6151662786e-07    0.015041666667    0.015041666667
 1.6145363478e-07  1.2819872716e-11  9.3977388727e-06      0.0000000000  1.6126854684e-07  1.6167771898e-07    0.015058333333    0.015058333333
 1.6100396381e-07 -1.0968755301e-12  9.3973988747e-06      0.0000000000  1.6101980004e-07  1.6219459097e-07    0.015075000000    0.015075000000
 1.6094122771e-07  1.1755413676e-11  9.3970689840e-06      0.0000000000  1.6077150799e-07  1.6155398414e-07    0.015091666667    0.015091666667
 1.6064815534e-07  8.6852611402e-12  9.3967388767e-06      0.0000000000  1.6052276119e-07  1.6114594220e-07    0.015108333333    0.015108333333
 1.5998836057e-07 -1.9785436948e-11  9.3963988683e-06      0.0000000000  1.6027401439e-07  1.6105068053e-07    0.015125000000    0.015125000000
 1.5987471413e-07 -1.0427887156e-11  9.3960689915e-06      0.0000000000  1.6002526759e-07  1.6021217658e-07    0.015141666667    0.015141666667
 1.5939081443e-07 -2.6715444038e-11  9.3957388737e-06      0.0000000000  1.5977652079e-07  1.5936785537e-07    0.015158333333    0.015158333333
 1.5908193910e-07 -3.0911665124e-11  9.3953988758e-06      0.0000000000  1.5952822873e-07  1.5988990001e-07    0.015175000000    0.015175000000
 1.5903410153e-07 -1.6995951287e-11  9.3950689885e-06      0.0000000000  1.5927948193e-07  1.5943989514e-07    0.015191666667    0.015191666667
 1.5857967011e-07 -3.1242426774e-11  9.3947388743e-06      0.0000000000  1.5903073513e-07  1.5892679651e-07    0.015208333333    0.015208333333
 1.5865118932e-07 -9.0596217216e-12  9.3943988763e-06      0.0000000000  1.5878198833e-07  1.5893739336e-07    0.015225000000    0.015225000000
 1.5830712439e-07 -1.5661706910e-11  9.3940689821e-06      0.0000000000  1.5853324153e-07  1.5843530037e-07    0.015241666667    0.015241666667
 1.5803278553e-07 -1.7434306781e-11  9.3937388783e-06      0.0000000000  1.5828449473e-07  1.5836849614e-07    0.015258333333    0.015258333333
 1.5777186586e-07 -1.8277444848e-11  9.3933988734e-06      0.0000000000  1.5803574793e-07  1.5802804454e-07    0.015275000000    0.015275000000
 1.5780230968e-07  1.0603269203e-12  9.3930689896e-06      0.0000000000  1.5778700112e-07  1.5689086326e-07    0.015291666667    0.015291666667
 1.5731363001e-07 -1.5558308165e-11  9.3927388753e-06      0.0000000000  1.5753825432e-07  1.5726513362e-07    0.015308333333    0.015308333333
 1.5689588998e-07 -2.7263402193e-11  9.3923988774e-06      0.0000000000  1.5728950752e-07  1.5667950782e-07    0.015325000000    0.015325000000
 1.5668928426e-07 -2.4344555448e-11  9.3920689901e-06      0.0000000000  1.5704076072e-07  1.5736328820e-07    0.015341666667    0.015341666667
 1.5657902442e-07 -1.4752437951e-11  9.3917388724e-06      0.0000000000  1.5679201392e-07  1.5724315378e-07    0.015358333333    0.015358333333
 1.5638228317e-07 -1.1118844296e-11  9.3913988779e-06      0.0000000000  1.5654281237e-07  1.5665571992e-07    0.015375000000    0.015375000000
 1.5611698244e-07 -1.2265430619e-11  9.3910689872e-06      0.0000000000  1.5629406557e-07  1.5639617549e-07    0.015391666667    0.015391666667
 1.5596936831e-07 -5.2606087805e-12  9.3907388799e-06      0.0000000000  1.5604531877e-07  1.5507678799e-07    0.015408333333    0.015408333333
 1.5575582937e-07 -2.8219827335e-12  9.3903988750e-06      0.0000000000  1.5579657197e-07  1.5634339559e-07    0.015425000000    0.015425000000
 1.5547710165e-07 -4.8670742561e-12  9.3900689982e-06      0.0000000000  1.5554737042e-07  1.5545145140e-07    0.015441666667    0.015441666667
 1.5554897836e-07  1.7340492263e-11  9.3897389328e-06      0.0000000000  1.5529862362e-07  1.5497712406e-07    0.015458333333    0.015458333333
 1.5521106460e-07  1.1164459753e-11  9.3893989314e-06      0.0000000000  1.5504987682e-07  1.5515703482e-07    0.015475000000    0.015475000000
 1.5490179024e-07  7.0035952970e-12  9.3890690476e-06      0.0000000000  1.5480067527e-07  1.5560137966e-07    0.015491666667    0.015491666667
 1.5466353440e-07  7.7302379760e-12  9.3887389299e-06      0.0000000000  1.5455192847e-07  1.5496827239e-07    0.015508333333    0.015508333333
 1.5439591956e-07  6.4233683485e-12  9.3883989354e-06      0.0000000000  1.5430318167e-07  1.5452724497e-07    0.015525000000    0.015525000000
 1.5423236075e-07  1.2355299860e-11  9.3880690447e-06      0.0000000000  1.5405398012e-07  1.5401946049e-07    0.015541666667    0.015541666667
 1.5404898557e-07  1.6883179273e-11  9.3877389339e-06      0.0000000000  1.5380523332e-07  1.5320604940e-07    0.015558333333    0.015558333333
 1.5359525438e-07  2.7167021595e-12  9.3873989325e-06      0.0000000000  1.5355603177e-07  1.5298211608e-07    0.015575000000    0.015575000000
 1.5312936860e-07 -1.2291646310e-11  9.3870690452e-06      0.0000000000  1.5330683022e-07  1.5238509158e-07    0.015591666667    0.015591666667
 1.5288549597e-07 -1.1954043653e-11  9.3867389344e-06      0.0000000000  1.5305808342e-07  1.5277480128e-07    0.015608333333    0.015608333333
 1.5251571106e-07 -2.0306091674e-11  9.3863989330e-06      0.0000000000  1.5280888187e-07  1.5250137403e-07    0.015625000000    0.015625000000
 1.5220275600e-07 -2.4753392590e-11  9.3860690492e-06      0.0000000000  1.5256013507e-07  1.5219768127e-07    0.015641666667    0.015641666667
 1.5204208494e-07 -1.8621444688e-11  9.3857389315e-06      0.0000000000  1.5231093353e-07  1.5276588671e-07    0.015658333333    0.015658333333
 1.5181701790e-07 -1.6949799369e-11  9.3853989370e-06      0.0000000000  1.5206173198e-07  1.5185394370e-07    0.015675000000    0.015675000000
 1.5175968478e-07 -3.6917819146e-12  9.3850690463e-06      0.0000000000  1.5181298518e-07  1.5204775301e-07    0.015691666667    0.015691666667
 1.5139927011e-07 -1.1394813022e-11  9.3847389355e-06      0.0000000000  1.5156378363e-07  1.5241227551e-07    0.015708333333    0.015708333333
 1.5156998842e-07  1.7690385144e-11  9.3843989341e-06      0.0000000000  1.5131458208e-07  1.5200475241e-07    0.015725000000    0.015725000000
 1.5135637728e-07  2.0155507772e-11  9.3840690468e-06      0.0000000000  1.5106538053e-07  1.5063827649e-07    0.015741666667    0.015741666667
 1.5114895284e-07  2.3049144418e-11  9.3837389360e-06      0.0000000000  1.5081617898e-07  1.5101690193e-07    0.015758333333    0.015758333333
 1.5089813543e-07  2.2937223893e-11  9.3833989311e-06      0.0000000000  1.5056697743e-07  1.5093218995e-07    0.015775000000    0.015775000000
 1.5060933751e-07  2.0163135588e-11  9.3830690508e-06      0.0000000000  1.5031823063e-07  1.5051073685e-07    0.015791666667    0.015791666667
 1.5028185144e-07  1.4740861326e-11  9.3827389331e-06      0.0000000000  1.5006902909e-07  1.4970878735e-07    0.015808333333    0.015808333333
 1.4993498473e-07  7.9762120745e-12  9.3823989386e-06      0.0000000000  1.4981982754e-07  1.4964171584e-07    0.015825000000    0.015825000000
 1.4974227960e-07  1.1889362317e-11  9.3820690479e-06      0.0000000000  1.4957062599e-07  1.5008334070e-07    0.015841666667    0.015841666667
 1.4922142340e-07 -6.9264410121e-12  9.3817389336e-06      0.0000000000  1.4932142444e-07  1.4929324585e-07    0.015858333333    0.015858333333
 1.4908287806e-07  7.3801589161e-13  9.3813989357e-06      0.0000000000  1.4907222289e-07  1.4927205213e-07    0.015875000000    0.015875000000
 1.4859341467e-07 -1.5903404964e-11  9.3810690449e-06      0.0000000000  1.4882302134e-07  1.4938614917e-07    0.015891666667    0.015891666667
 1.4851460925e-07 -4.0696434553e-12  9.3807389411e-06      0.0000000000  1.4857336505e-07  1.4795082512e-07    0.015908333333    0.015908333333
 1.4814714218e-07 -1.2261149083e-11  9.3803989327e-06      0.0000000000  1.4832416350e-07  1.4817299753e-07    0.015925000000    0.015925000000
 1.4773821337e-07 -2.3324448146e-11  9.3800690524e-06      0.0000000000  1.4807496195e-07  1.4742173686e-07    0.015941666667    0.015941666667
 1.4740654290e-07 -2.9036550007e-11  9.3797389347e-06      0.0000000000  1.4782576040e-07  1.4733062589e-07    0.015958333333    0.015958333333
 1.4731409099e-07 -1.8179492477e-11  9.3793989367e-06      0.0000000000  1.4757655886e-07  1.4717892101e-07    0.015975000000    0.015975000000
 1.4702026696e-07 -2.1270210024e-11  9.3790690495e-06      0.0000000000  1.4732735731e-07  1.4825401476e-07    0.015991666667    0.015991666667
 1.4679217317e-07 -1.9776711098e-11  9.3787389352e-06      0.0000000000  1.4707770101e-07  1.4740923760e-07    0.016008333333    0.016008333333
 1.4667448575e-07 -1.0667557718e-11  9.3783989408e-06      0.0000000000  1.4682849946e-07  1.4688522766e-07    0.016025000000    0.016025000000
 1.4664960959e-07  4.8700462025e-12  9.3780690465e-06      0.0000000000  1.4657929792e-07  1.4715181569e-07    0.016041666667    0.016041666667
 1.4665573263e-07  2.2586266064e-11  9.3777389427e-06      0.0000000000  1.4632964162e-07  1.4607192663e-07    0.016058333333    0.016058333333
 1.4623341698e-07  1.0595744462e-11  9.3773989343e-06      0.0000000000  1.4608044007e-07  1.4602958636e-07    0.016075000000    0.016075000000
 1.4616385888e-07  2.3070009974e-11  9.3770690505e-06      0.0000000000  1.4583078378e-07  1.4494741755e-07    0.016091666667    0.016091666667
 1.4566592060e-07  5.8415869085e-12  9.3767389363e-06      0.0000000000  1.4558158223e-07  1.4526667543e-07    0.016108333333    0.016108333333
 1.4537106978e-07  2.6797495439e-12  9.3763989383e-06      0.0000000000  1.4533238068e-07  1.4568473251e-07    0.016125000000    0.016125000000
 1.4483423682e-07 -1.7211164871e-11  9.3760690511e-06      0.0000000000  1.4508272438e-07  1.4428770808e-07    0.016141666667    0.016141666667
 1.4453557051e-07 -2.0605779307e-11  9.3757389333e-06      0.0000000000  1.4483306809e-07  1.4482998738e-07    0.016158333333    0.016158333333
 1.4431333618e-07 -1.8737929902e-11  9.3753989458e-06      0.0000000000  1.4458386654e-07  1.4448426880e-07    0.016175000000    0.016175000000
 1.4394738989e-07 -2.6792604223e-11  9.3750690481e-06      0.0000000000  1.4433421024e-07  1.4365038722e-07    0.016191666667    0.016191666667
 1.4405458833e-07 -2.1070263924e-12  9.3747389408e-06      0.0000000000  1.4408500870e-07  1.4424879528e-07    0.016208333333    0.016208333333
 1.4360426425e-07 -1.6006017525e-11  9.3743989359e-06      0.0000000000  1.4383535240e-07  1.4371066668e-07    0.016225000000    0.016225000000
 1.4358393795e-07 -1.2177606085e-13  9.3740690521e-06      0.0000000000  1.4358569610e-07  1.4398772579e-07    0.016241666667    0.016241666667
 1.4345032087e-07  7.8840300583e-12  9.3737389414e-06      0.0000000000  1.4333649456e-07  1.4280386488e-07    0.016258333333    0.016258333333
 1.4282798340e-07 -1.7929242352e-11  9.3733989364e-06      0.0000000000  1.4308683826e-07  1.4319546126e-07    0.016275000000    0.016275000000
 1.4313348152e-07  2.0522799582e-11  9.3730690562e-06      0.0000000000  1.4283718196e-07  1.4340298045e-07    0.016291666667    0.016291666667
 1.4219333790e-07 -2.7302898401e-11  9.3727389349e-06      0.0000000000  1.4258752567e-07  1.4194647840e-07    0.016308333333    0.016308333333
 1.4223401624e-07 -7.2247484599e-12  9.3723989440e-06      0.0000000000  1.4233832412e-07  1.4286379845e-07    0.016325000000    0.016325000000
 1.4226715451e-07  1.2362646201e-11  9.3720690497e-06      0.0000000000  1.4208866783e-07  1.4227084604e-07    0.016341666667    0.016341666667
 1.4178297201e-07 -3.8815037978e-12  9.3717389424e-06      0.0000000000  1.4183901153e-07  1.4170292360e-07    0.016358333333    0.016358333333
 1.4171324024e-07  8.5807326017e-12  9.3713989410e-06      0.0000000000  1.4158935523e-07  1.4226576772e-07    0.016375000000    0.016375000000
 1.4118039852e-07 -1.1033734289e-11  9.3710690502e-06      0.0000000000  1.4133969894e-07  1.4137102496e-07    0.016391666667    0.016391666667
 1.4109095507e-07  6.3197780379e-14  9.3707389465e-06      0.0000000000  1.4109004264e-07  1.4043540410e-07    0.016408333333    0.016408333333
 1.4064500856e-07 -1.3532585679e-11  9.3703989346e-06      0.0000000000  1.4084038635e-07  1.3964323390e-07    0.016425000000    0.016425000000
 1.4061867912e-07  1.9358556138e-12  9.3700690578e-06      0.0000000000  1.4059073005e-07  1.4022379710e-07    0.016441666667    0.016441666667
 1.4021842714e-07 -8.4949571664e-12  9.3697389400e-06      0.0000000000  1.4034107376e-07  1.3879193197e-07    0.016458333333    0.016458333333
 1.4011264469e-07  1.4702759481e-12  9.3693989456e-06      0.0000000000  1.4009141746e-07  1.3991401980e-07    0.016475000000    0.016475000000
 1.3964820273e-07 -1.3406571037e-11  9.3690690513e-06      0.0000000000  1.3984176116e-07  1.3933164852e-07    0.016491666667    0.016491666667
 1.3952022990e-07 -4.9783254555e-12  9.3687389405e-06      0.0000000000  1.3959210487e-07  1.3911834351e-07    0.016508333333    0.016508333333
 1.3939384710e-07  3.5600512827e-12  9.3683989461e-06      0.0000000000  1.3934244857e-07  1.3840381023e-07    0.016525000000    0.016525000000
 1.3914594617e-07  3.7131324088e-12  9.3680690484e-06      0.0000000000  1.3909233753e-07  1.3857433475e-07    0.016541666667    0.016541666667
 1.3883368033e-07 -6.2343560368e-13  9.3677389481e-06      0.0000000000  1.3884268123e-07  1.3994755555e-07    0.016558333333    0.016558333333
 1.3866197654e-07  4.7758423018e-12  9.3673989362e-06      0.0000000000  1.3859302494e-07  1.3890134374e-07    0.016575000000    0.016575000000
 1.3818860254e-07 -1.0719671220e-11  9.3670690594e-06      0.0000000000  1.3834336864e-07  1.4003638679e-07    0.016591666667    0.016591666667
 1.3794473186e-07 -1.0287440646e-11  9.3667389416e-06      0.0000000000  1.3809325760e-07  1.3778727431e-07    0.016608333333    0.016608333333
 1.3777766322e-07 -4.5671149671e-12  9.3663989437e-06      0.0000000000  1.3784360130e-07  1.3718569033e-07    0.016625000000    0.016625000000
 1.3745433398e-07 -9.6699744930e-12  9.3660690564e-06      0.0000000000  1.3759394501e-07  1.3726221097e-07    0.016641666667    0.016641666667
 1.3717217547e-07 -1.1889700686e-11  9.3657389386e-06      0.0000000000  1.3734383397e-07  1.3719182205e-07    0.016658333333    0.016658333333
 1.3702982720e-07 -4.4571510567e-12  9.3653989477e-06      0.0000000000  1.3709417767e-07  1.3704881162e-07    0.016675000000    0.016675000000
 1.3648021091e-07 -2.5201988928e-11  9.3650690500e-06      0.0000000000  1.3684406663e-07  1.3637735756e-07    0.016691666667    0.016691666667
 1.3646837286e-07 -8.7298199365e-12  9.3647389497e-06      0.0000000000  1.3659441033e-07  1.3663949617e-07    0.016708333333    0.016708333333
 1.3576060349e-07 -4.0428923332e-11  9.3643989412e-06      0.0000000000  1.3634429929e-07  1.3793272169e-07    0.016725000000    0.016725000000
 1.3569532653e-07 -2.7658130930e-11  9.3640690575e-06      0.0000000000  1.3609464299e-07  1.3527515849e-07    0.016741666667    0.016741666667
 1.3577570279e-07 -4.7673612458e-12  9.3637389467e-06      0.0000000000  1.3584453195e-07  1.3583594299e-07    0.016758333333    0.016758333333
 1.3495276912e-07 -4.4474666357e-11  9.3633989418e-06      0.0000000000  1.3559487565e-07  1.3405052955e-07    0.016775000000    0.016775000000
 1.3514446119e-07 -1.3873753391e-11  9.3630690580e-06      0.0000000000  1.3534476461e-07  1.3554507966e-07    0.016791666667    0.016791666667
 1.3496561037e-07 -8.9380079578e-12  9.3627389403e-06      0.0000000000  1.3509465357e-07  1.3443588415e-07    0.016808333333    0.016808333333
 1.3466283660e-07 -1.2617120170e-11  9.3623989493e-06      0.0000000000  1.3484499727e-07  1.3542922172e-07    0.016825000000    0.016825000000
 1.3433531835e-07 -1.7978628614e-11  9.3620690516e-06      0.0000000000  1.3459488623e-07  1.3438275836e-07    0.016841666667    0.016841666667
 1.3411019722e-07 -1.6247734996e-11  9.3617389478e-06      0.0000000000  1.3434477519e-07  1.3448624281e-07    0.016858333333    0.016858333333
 1.3384836659e-07 -1.7090974556e-11  9.3613989463e-06      0.0000000000  1.3409511889e-07  1.3419866545e-07    0.016875000000    0.016875000000
 1.3367638139e-07 -1.1679690525e-11  9.3610690556e-06      0.0000000000  1.3384500785e-07  1.3404541978e-07    0.016891666667    0.016891666667
 1.3362069850e-07  1.7871203827e-12  9.3607389483e-06      0.0000000000  1.3359489681e-07  1.3283225243e-07    0.016908333333    0.016908333333
 1.3319592701e-07 -1.0310506300e-11  9.3603989434e-06      0.0000000000  1.3334478576e-07  1.3300508813e-07    0.016925000000    0.016925000000
 1.3312779670e-07  2.2941503164e-12  9.3600690596e-06      0.0000000000  1.3309467472e-07  1.3487769768e-07    0.016941666667    0.016941666667
 1.3280345556e-07 -2.8472993838e-12  9.3597389419e-06      0.0000000000  1.3284456368e-07  1.3475533070e-07    0.016958333333    0.016958333333
 1.3289137665e-07  2.0566051984e-11  9.3593989509e-06      0.0000000000  1.3259445263e-07  1.3180717144e-07    0.016975000000    0.016975000000
 1.3265144216e-07  2.1270917778e-11  9.3590690567e-06      0.0000000000  1.3234434159e-07  1.3418792709e-07    0.016991666667    0.016991666667
 1.3223516031e-07  9.7298178642e-12  9.3587389459e-06      0.0000000000  1.3209468529e-07  1.3249621881e-07    0.017008333333    0.017008333333
 1.3205224579e-07  1.4415593847e-11  9.3583989479e-06      0.0000000000  1.3184411950e-07  1.3034721048e-07    0.017025000000    0.017025000000
 1.3154608339e-07 -3.3194674091e-12  9.3580690572e-06      0.0000000000  1.3159400846e-07  1.3112106416e-07    0.017041666667    0.017041666667
 1.3126347413e-07 -5.5704137773e-12  9.3577389499e-06      0.0000000000  1.3134389742e-07  1.3149223721e-07    0.017058333333    0.017058333333
 1.3089741395e-07 -1.3601478506e-11  9.3573989450e-06      0.0000000000  1.3109378638e-07  1.3159102069e-07    0.017075000000    0.017075000000
 1.3053155950e-07 -2.1618293362e-11  9.3570690612e-06      0.0000000000  1.3084367533e-07  1.2991383985e-07    0.017091666667    0.017091666667
 1.3017894121e-07 -2.8718323248e-11  9.3567389469e-06      0.0000000000  1.3059356429e-07  1.3076261048e-07    0.017108333333    0.017108333333
 1.2997433654e-07 -2.5566384240e-11  9.3563989490e-06      0.0000000000  1.3034345325e-07  1.2850961459e-07    0.017125000000    0.017125000000
 1.2967654387e-07 -2.8868989696e-11  9.3560690583e-06      0.0000000000  1.3009334220e-07  1.2890899352e-07    0.017141666667    0.017141666667
 1.2953093874e-07 -2.1599027118e-11  9.3557389475e-06      0.0000000000  1.2984277641e-07  1.2879101306e-07    0.017158333333    0.017158333333
 1.2925680784e-07 -2.3262730694e-11  9.3553989496e-06      0.0000000000  1.2959266537e-07  1.2995377459e-07    0.017175000000    0.017175000000
 1.2893324850e-07 -2.8350030879e-11  9.3550690553e-06      0.0000000000  1.2934255433e-07  1.2843656858e-07    0.017191666667    0.017191666667
 1.2885146095e-07 -1.6691325205e-11  9.3547389515e-06      0.0000000000  1.2909244328e-07  1.2920293843e-07    0.017208333333    0.017208333333
 1.2852975128e-07 -2.1619012795e-11  9.3543989466e-06      0.0000000000  1.2884187749e-07  1.3034271389e-07    0.017225000000    0.017225000000
 1.2845698581e-07 -9.3354039517e-12  9.3540690628e-06      0.0000000000  1.2859176645e-07  1.2849656504e-07    0.017241666667    0.017241666667
 1.2826660689e-07 -5.1666392471e-12  9.3537389486e-06      0.0000000000  1.2834120066e-07  1.2854579170e-07    0.017258333333    0.017258333333
 1.2819049733e-07  6.8853443977e-12  9.3533989506e-06      0.0000000000  1.2809108962e-07  1.2921446290e-07    0.017275000000    0.017275000000
 1.2778190846e-07 -4.0599162435e-12  9.3530690599e-06      0.0000000000  1.2784052383e-07  1.2726682633e-07    0.017291666667    0.017291666667
 1.2774632709e-07  1.0799199727e-11  9.3527389456e-06      0.0000000000  1.2759041278e-07  1.2711304611e-07    0.017308333333    0.017308333333
 1.2725826892e-07 -5.6503979785e-12  9.3523989512e-06      0.0000000000  1.2733984699e-07  1.2757533013e-07    0.017325000000    0.017325000000
 1.2728211626e-07  1.3324969436e-11  9.3520690569e-06      0.0000000000  1.2708973595e-07  1.2753674750e-07    0.017341666667    0.017341666667
 1.2681564383e-07 -1.6295205560e-12  9.3517389531e-06      0.0000000000  1.2683917016e-07  1.2643825891e-07    0.017358333333    0.017358333333
 1.2662880706e-07  2.7530892469e-12  9.3513989482e-06      0.0000000000  1.2658905912e-07  1.2405976728e-07    0.017375000000    0.017375000000
 1.2620074431e-07 -9.5410050927e-12  9.3510690644e-06      0.0000000000  1.2633849333e-07  1.2578942930e-07    0.017391666667    0.017391666667
 1.2575466302e-07 -2.3083129163e-11  9.3507389502e-06      0.0000000000  1.2608792754e-07  1.2536986287e-07    0.017408333333    0.017408333333
 1.2564070006e-07 -1.3653010997e-11  9.3503989487e-06      0.0000000000  1.2583781649e-07  1.2504874976e-07    0.017425000000    0.017425000000
 1.2532566604e-07 -1.8118317987e-11  9.3500690615e-06      0.0000000000  1.2558725070e-07  1.2665189409e-07    0.017441666667    0.017441666667
 1.2508895243e-07 -1.7158865123e-11  9.3497389507e-06      0.0000000000  1.2533668491e-07  1.2548800055e-07    0.017458333333    0.017458333333
 1.2466675608e-07 -2.9078127819e-11  9.3493989528e-06      0.0000000000  1.2508657387e-07  1.2489871145e-07    0.017475000000    0.017475000000
 1.2455783861e-07 -1.9267042871e-11  9.3490690585e-06      0.0000000000  1.2483600808e-07  1.2446233785e-07    0.017491666667    0.017491666667
 1.2439053874e-07 -1.3499738587e-11  9.3487389547e-06      0.0000000000  1.2458544229e-07  1.2683433615e-07    0.017508333333    0.017508333333
 1.2418007113e-07 -1.0722390641e-11  9.3483989498e-06      0.0000000000  1.2433487650e-07  1.2520226271e-07    0.017525000000    0.017525000000
 1.2403223820e-07 -3.6067338238e-12  9.3480690625e-06      0.0000000000  1.2408431071e-07  1.2536215893e-07    0.017541666667    0.017541666667
 1.2373261284e-07 -7.0047808925e-12  9.3477389518e-06      0.0000000000  1.2383374492e-07  1.2404744096e-07    0.017558333333    0.017558333333
 1.2367690584e-07  6.4918577347e-12  9.3473989538e-06      0.0000000000  1.2358317913e-07  1.2322517819e-07    0.017575000000    0.017575000000
 1.2324069950e-07 -6.3662909685e-12  9.3470690631e-06      0.0000000000  1.2333261334e-07  1.2359232632e-07    0.017591666667    0.017591666667
 1.2305537415e-07 -1.8474975807e-12  9.3467389488e-06      0.0000000000  1.2308204755e-07  1.2241879499e-07    0.017608333333    0.017608333333
 1.2269606866e-07 -9.3792105484e-12  9.3463989579e-06      0.0000000000  1.2283148176e-07  1.2274877551e-07    0.017625000000    0.017625000000
 1.2257501637e-07 -4.0862748753e-13  9.3460690601e-06      0.0000000000  1.2258091597e-07  1.2177771649e-07    0.017641666667    0.017641666667
 1.2206500936e-07 -1.8378483005e-11  9.3457389528e-06      0.0000000000  1.2233035018e-07  1.2202267058e-07    0.017658333333    0.017658333333
 1.2209324892e-07  9.3260322036e-13  9.3453989514e-06      0.0000000000  1.2207978439e-07  1.2157453667e-07    0.017675000000    0.017675000000
 1.2144996043e-07 -2.6268819290e-11  9.3450690641e-06      0.0000000000  1.2182921860e-07  1.2081777317e-07    0.017691666667    0.017691666667
 1.2135455271e-07 -1.5521998891e-11  9.3447389534e-06      0.0000000000  1.2157865281e-07  1.2175364559e-07    0.017708333333    0.017708333333
 1.2105730584e-07 -1.8755302631e-11  9.3443989519e-06      0.0000000000  1.2132808701e-07  1.2178010629e-07    0.017725000000    0.017725000000
 1.2072171496e-07 -2.4612956177e-11  9.3440690682e-06      0.0000000000  1.2107706648e-07  1.2088531636e-07    0.017741666667    0.017741666667
 1.2046003944e-07 -2.5382456983e-11  9.3437389504e-06      0.0000000000  1.2082650069e-07  1.1945977160e-07    0.017758333333    0.017758333333
 1.2008837363e-07 -3.3770291179e-11  9.3433989560e-06      0.0000000000  1.2057593490e-07  1.1965210301e-07    0.017775000000    0.017775000000
 1.1992798747e-07 -2.7524117159e-11  9.3430690617e-06      0.0000000000  1.2032536911e-07  1.2096028048e-07    0.017791666667    0.017791666667
 1.1973058683e-07 -2.3810205459e-11  9.3427389544e-06      0.0000000000  1.2007434857e-07  1.2004819598e-07    0.017808333333    0.017808333333
 1.1929505995e-07 -3.6621292570e-11  9.3423989530e-06      0.0000000000  1.1982378278e-07  1.2028995843e-07    0.017825000000    0.017825000000
 1.1909641342e-07 -3.2993675877e-11  9.3420690623e-06      0.0000000000  1.1957276224e-07  1.2043540582e-07    0.017841666667    0.017841666667
 1.1912885689e-07 -1.3391411090e-11  9.3417389585e-06      0.0000000000  1.1932219645e-07  1.1966188231e-07    0.017858333333    0.017858333333
 1.1850586629e-07 -3.9186926388e-11  9.3413989500e-06      0.0000000000  1.1907163066e-07  1.1901437337e-07    0.017875000000    0.017875000000
 1.1843848291e-07 -2.6467539501e-11  9.3410690698e-06      0.0000000000  1.1882061012e-07  1.1826811241e-07    0.017891666667    0.017891666667
 1.1838446908e-07 -1.2853626274e-11  9.3407389520e-06      0.0000000000  1.1857004433e-07  1.1828380330e-07    0.017908333333    0.017908333333
 1.1799664029e-07 -2.2329470467e-11  9.3403989576e-06      0.0000000000  1.1831902379e-07  1.1726919340e-07    0.017925000000    0.017925000000
 1.1780353473e-07 -1.8349562837e-11  9.3400690633e-06      0.0000000000  1.1806845800e-07  1.1732313676e-07    0.017941666667    0.017941666667
 1.1757138701e-07 -1.7042362048e-11  9.3397389560e-06      0.0000000000  1.1781743747e-07  1.1813903198e-07    0.017958333333    0.017958333333
 1.1740732991e-07 -1.1018953176e-11  9.3393989581e-06      0.0000000000  1.1756641693e-07  1.1708929836e-07    0.017975000000    0.017975000000
 1.1722421901e-07 -6.3467793439e-12  9.3390690604e-06      0.0000000000  1.1731585114e-07  1.1720326962e-07    0.017991666667    0.017991666667
 1.1706499345e-07  1.1279453161e-14  9.3387389601e-06      0.0000000000  1.1706483060e-07  1.1616010795e-07    0.018008333333    0.018008333333
 1.1660248814e-07 -1.4636935296e-11  9.3383989517e-06      0.0000000000  1.1681381006e-07  1.1709000587e-07    0.018025000000    0.018025000000
 1.1659893864e-07  2.4723235725e-12  9.3380690714e-06      0.0000000000  1.1656324427e-07  1.1622835864e-07    0.018041666667    0.018041666667
 1.1630856268e-07 -2.5357815325e-13  9.3377389536e-06      0.0000000000  1.1631222373e-07  1.1712986201e-07    0.018058333333    0.018058333333
 1.1641128070e-07  2.4247658729e-11  9.3373989592e-06      0.0000000000  1.1606120320e-07  1.1717040993e-07    0.018075000000    0.018075000000
 1.1577046603e-07 -2.7509204040e-12  9.3370690684e-06      0.0000000000  1.1581018266e-07  1.1639338034e-07    0.018091666667    0.018091666667
 1.1562886816e-07  4.7966000779e-12  9.3367389541e-06      0.0000000000  1.1555961687e-07  1.1648848478e-07    0.018108333333    0.018108333333
 1.1536206661e-07  3.7035486626e-12  9.3363989597e-06      0.0000000000  1.1530859633e-07  1.1522849629e-07    0.018125000000    0.018125000000
 1.1491891924e-07 -9.6038641342e-12  9.3360690620e-06      0.0000000000  1.1505757579e-07  1.1370108648e-07    0.018141666667    0.018141666667
 1.1492296793e-07  8.0631709716e-12  9.3357389582e-06      0.0000000000  1.1480655526e-07  1.1393245647e-07    0.018158333333    0.018158333333
 1.1444964745e-07 -7.3341429122e-12  9.3353989533e-06      0.0000000000  1.1455553472e-07  1.1421479829e-07    0.018175000000    0.018175000000
 1.1432656261e-07  1.5271558023e-12  9.3350690695e-06      0.0000000000  1.1430451418e-07  1.1589089429e-07    0.018191666667    0.018191666667
 1.1411741324e-07  4.4273072583e-12  9.3347389587e-06      0.0000000000  1.1405349364e-07  1.1305725657e-07    0.018208333333    0.018208333333
 1.1367885614e-07 -8.5621668277e-12  9.3343989573e-06      0.0000000000  1.1380247311e-07  1.1354949166e-07    0.018225000000    0.018225000000
 1.1312654248e-07 -2.9430839500e-11  9.3340690700e-06      0.0000000000  1.1355145257e-07  1.1284604263e-07    0.018241666667    0.018241666667
 1.1329254578e-07 -5.4623083776e-13  9.3337389523e-06      0.0000000000  1.1330043203e-07  1.1195611090e-07    0.018258333333    0.018258333333
 1.1255399506e-07 -3.4314369145e-11  9.3333989613e-06      0.0000000000  1.1304941149e-07  1.1226318397e-07    0.018275000000    0.018275000000
 1.1243733179e-07 -2.5008289349e-11  9.3330690636e-06      0.0000000000  1.1279839095e-07  1.1269624016e-07    0.018291666667    0.018291666667
 1.1214019167e-07 -2.8171203979e-11  9.3327389633e-06      0.0000000000  1.1254691567e-07  1.1153970467e-07    0.018308333333    0.018308333333
 1.1170781432e-07 -4.0732645211e-11  9.3323989549e-06      0.0000000000  1.1229589513e-07  1.1304670688e-07    0.018325000000    0.018325000000
 1.1156955276e-07 -3.2922542925e-11  9.3320690676e-06      0.0000000000  1.1204487459e-07  1.1272617549e-07    0.018341666667    0.018341666667
 1.1139309046e-07 -2.7758364344e-11  9.3317389603e-06      0.0000000000  1.1179385406e-07  1.1239545603e-07    0.018358333333    0.018358333333
 1.1111321594e-07 -2.9725400075e-11  9.3313989554e-06      0.0000000000  1.1154237877e-07  1.1060617489e-07    0.018375000000    0.018375000000
 1.1102790381e-07 -1.8247824793e-11  9.3310690716e-06      0.0000000000  1.1129135823e-07  1.1199867128e-07    0.018391666667    0.018391666667
 1.1105393714e-07  9.4194797281e-13  9.3307389539e-06      0.0000000000  1.1104033770e-07  1.1082241998e-07    0.018408333333    0.018408333333
 1.1064705287e-07 -9.8537490084e-12  9.3303989629e-06      0.0000000000  1.1078931716e-07  1.1080476379e-07    0.018425000000    0.018425000000
 1.1088926627e-07  2.4340949820e-11  9.3300690652e-06      0.0000000000  1.1053784187e-07  1.0954636326e-07    0.018441666667    0.018441666667
 1.1042097050e-07  9.2916659363e-12  9.3297389614e-06      0.0000000000  1.1028682134e-07  1.1103056807e-07    0.018458333333    0.018458333333
 1.1012435808e-07  6.1653013033e-12  9.3293989600e-06      0.0000000000  1.1003534605e-07  1.0909484904e-07    0.018475000000    0.018475000000
 1.0999303295e-07  1.4455846363e-11  9.3290690657e-06      0.0000000000  1.0978432551e-07  1.0930637743e-07    0.018491666667    0.018491666667
 1.0947596728e-07 -3.9399227432e-12  9.3287389619e-06      0.0000000000  1.0953285023e-07  1.0971948196e-07    0.018508333333    0.018508333333
 1.0898024400e-07 -2.0888936690e-11  9.3283989570e-06      0.0000000000  1.0928182969e-07  1.0772903346e-07    0.018525000000    0.018525000000
 1.0883998195e-07 -1.3185897992e-11  9.3280690732e-06      0.0000000000  1.0903035440e-07  1.0771640842e-07    0.018541666667    0.018541666667
 1.0840524214e-07 -2.5910972173e-11  9.3277389555e-06      0.0000000000  1.0877933387e-07  1.0861571066e-07    0.018558333333    0.018558333333
 1.0834373173e-07 -1.2753304407e-11  9.3273989645e-06      0.0000000000  1.0852785858e-07  1.0850634605e-07    0.018575000000    0.018575000000
 1.0804042094e-07 -1.6343622677e-11  9.3270690703e-06      0.0000000000  1.0827638330e-07  1.0790394451e-07    0.018591666667    0.018591666667
 1.0804786557e-07  1.5586278544e-12  9.3267389595e-06      0.0000000000  1.0802536276e-07  1.0693400179e-07    0.018608333333    0.018608333333
 1.0758232978e-07 -1.3267992375e-11  9.3263989616e-06      0.0000000000  1.0777388747e-07  1.0745456853e-07    0.018625000000    0.018625000000
 1.0739380181e-07 -8.9080292541e-12  9.3260690673e-06      0.0000000000  1.0752241219e-07  1.0833888738e-07    0.018641666667    0.018641666667
 1.0716002852e-07 -7.7134209640e-12  9.3257389635e-06      0.0000000000  1.0727139165e-07  1.0693228805e-07    0.018658333333    0.018658333333
 1.0696950814e-07 -3.4914595291e-12  9.3253989551e-06      0.0000000000  1.0701991637e-07  1.0877101596e-07    0.018675000000    0.018675000000
 1.0676086263e-07 -5.2491185006e-13  9.3250690748e-06      0.0000000000  1.0676844108e-07  1.0638893963e-07    0.018691666667    0.018691666667
 1.0619010715e-07 -2.2639434987e-11  9.3247389606e-06      0.0000000000  1.0651696580e-07  1.0685119221e-07    0.018708333333    0.018708333333
 1.0598593915e-07 -1.9362758268e-11  9.3243989626e-06      0.0000000000  1.0626549051e-07  1.0693763365e-07    0.018725000000    0.018725000000
 1.0576130070e-07 -1.7535437138e-11  9.3240690719e-06      0.0000000000  1.0601446997e-07  1.0674149743e-07    0.018741666667    0.018741666667
 1.0548999138e-07 -1.8909215520e-11  9.3237389611e-06      0.0000000000  1.0576299469e-07  1.0449697588e-07    0.018758333333    0.018758333333
 1.0555105335e-07  2.7382671161e-12  9.3233989632e-06      0.0000000000  1.0551151940e-07  1.0453052735e-07    0.018775000000    0.018775000000
 1.0482858880e-07 -2.9884185933e-11  9.3230690654e-06      0.0000000000  1.0526004412e-07  1.0552660061e-07    0.018791666667    0.018791666667
 1.0505465051e-07  3.1917868765e-12  9.3227389686e-06      0.0000000000  1.0500856883e-07  1.0495498342e-07    0.018808333333    0.018808333333
 1.0437203818e-07 -2.6670354856e-11  9.3223989602e-06      0.0000000000  1.0475709355e-07  1.0483508484e-07    0.018825000000    0.018825000000
 1.0423760213e-07 -1.8563785681e-11  9.3220690729e-06      0.0000000000  1.0450561826e-07  1.0415397726e-07    0.018841666667    0.018841666667
 1.0397992467e-07 -1.8993371221e-11  9.3217389622e-06      0.0000000000  1.0425414298e-07  1.0411591347e-07    0.018858333333    0.018858333333
 1.0381669980e-07 -1.2880821849e-11  9.3213989642e-06      0.0000000000  1.0400266769e-07  1.0372769740e-07    0.018875000000    0.018875000000
 1.0349020864e-07 -1.8045200307e-11  9.3210690735e-06      0.0000000000  1.0375073766e-07  1.0232402242e-07    0.018891666667    0.018891666667
 1.0345863649e-07 -2.8138985165e-12  9.3207389592e-06      0.0000000000  1.0349926238e-07  1.0422799805e-07    0.018908333333    0.018908333333
 1.0299850855e-07 -1.7265950672e-11  9.3203989683e-06      0.0000000000  1.0324778709e-07  1.0318142463e-07    0.018925000000    0.018925000000
 1.0288390042e-07 -7.7860269146e-12  9.3200690705e-06      0.0000000000  1.0299631181e-07  1.0338157004e-07    0.018941666667    0.018941666667
 1.0285205467e-07  7.4263243968e-12  9.3197389667e-06      0.0000000000  1.0274483652e-07  1.0380533433e-07    0.018958333333    0.018958333333
 1.0242932451e-07 -4.4039222806e-12  9.3193989618e-06      0.0000000000  1.0249290649e-07  1.0205660111e-07    0.018975000000    0.018975000000
 1.0235976377e-07  8.1961498302e-12  9.3190690745e-06      0.0000000000  1.0224143120e-07  1.0133414377e-07    0.018991666667    0.018991666667
 1.0222390201e-07  1.6203969240e-11  9.3187389638e-06      0.0000000000  1.0198995592e-07  1.0111772573e-07    0.019008333333    0.019008333333
 1.0197415572e-07  1.6323725533e-11  9.3183989623e-06      0.0000000000  1.0173848063e-07  1.0105945873e-07    0.019025000000    0.019025000000
 1.0182440955e-07  2.3401356911e-11  9.3180690751e-06      0.0000000000  1.0148655060e-07  1.0024666081e-07    0.019041666667    0.019041666667
 1.0164544793e-07  2.8423920590e-11  9.3177389608e-06      0.0000000000  1.0123507532e-07  1.0078677043e-07    0.019058333333    0.019058333333
 1.0104581193e-07  4.3405232685e-12  9.3173989699e-06      0.0000000000  1.0098314528e-07  1.0170083595e-07    0.019075000000    0.019075000000
 1.0095553809e-07  1.5505929333e-11  9.3170690721e-06      0.0000000000  1.0073167000e-07  1.0026904943e-07    0.019091666667    0.019091666667
 1.0063315760e-07  1.0626270727e-11  9.3167389683e-06      0.0000000000  1.0047973997e-07  1.0021243327e-07    0.019108333333    0.019108333333
 1.0031620239e-07  6.0908898179e-12  9.3163989634e-06      0.0000000000  1.0022826468e-07  9.9628316819e-08    0.019125000000    0.019125000000
 9.9864048839e-08 -7.7773291909e-12  9.3160690727e-06      0.0000000000  9.9976334649e-08  1.0011912117e-07    0.019141666667    0.019141666667
 9.9356092632e-08 -2.5542143559e-11  9.3157389689e-06      0.0000000000  9.9724859364e-08  9.9496752260e-08    0.019158333333    0.019158333333
 9.9201167589e-08 -1.8823220333e-11  9.3153989639e-06      0.0000000000  9.9472929331e-08  9.9459789034e-08    0.019175000000    0.019175000000
 9.8892851325e-08 -2.2760236147e-11  9.3150690767e-06      0.0000000000  9.9221454046e-08  1.0046413225e-07    0.019191666667    0.019191666667
 9.8576329166e-08 -2.7234125010e-11  9.3147389624e-06      0.0000000000  9.8969524014e-08  9.9005256125e-08    0.019208333333    0.019208333333
 9.8276686252e-08 -3.0538895124e-11  9.3143989715e-06      0.0000000000  9.8717593982e-08  9.8532406687e-08    0.019225000000    0.019225000000
 9.7910801699e-08 -3.8463302822e-11  9.3140690737e-06      0.0000000000  9.8466118697e-08  9.9076541224e-08    0.019241666667    0.019241666667
 9.7654422972e-08 -3.8771435814e-11  9.3137389664e-06      0.0000000000  9.8214188664e-08  9.8767927371e-08    0.019258333333    0.019258333333
 9.7520098549e-08 -3.0625637705e-11  9.3133989685e-06      0.0000000000  9.7962258632e-08  9.8773225801e-08    0.019275000000    0.019275000000
 9.7271845293e-08 -3.0402468053e-11  9.3130690743e-06      0.0000000000  9.7710783347e-08  9.8439094587e-08    0.019291666667    0.019291666667
 9.7059805912e-08 -2.7639494460e-11  9.3127389705e-06      0.0000000000  9.7458853314e-08  9.9246248184e-08    0.019308333333    0.019308333333
 9.7113974674e-08 -6.4379632846e-12  9.3123989621e-06      0.0000000000  9.7206923282e-08  9.7313878010e-08    0.019325000000    0.019325000000
 9.6606441630e-08 -2.4141970341e-11  9.3120690818e-06      0.0000000000  9.6954993250e-08  9.6549017513e-08    0.019341666667    0.019341666667
 9.6862320764e-08  1.1030764923e-11  9.3117389640e-06      0.0000000000  9.6703063217e-08  9.7626988452e-08    0.019358333333    0.019358333333
 9.6356674057e-08 -6.5425874598e-12  9.3113989696e-06      0.0000000000  9.6451133185e-08  9.5323995508e-08    0.019375000000    0.019375000000
 9.6334199814e-08  9.3503665865e-12  9.3110690753e-06      0.0000000000  9.6199203152e-08  9.5626430480e-08    0.019391666667    0.019391666667
 9.6048369111e-08  7.0022810861e-12  9.3107389680e-06      0.0000000000  9.5947273120e-08  9.6240749552e-08    0.019408333333    0.019408333333
 9.5741258599e-08  3.1802776181e-12  9.3103989701e-06      0.0000000000  9.5695343088e-08  9.7052572685e-08    0.019425000000    0.019425000000
 9.5333090107e-08 -7.6413741967e-12  9.3100690724e-06      0.0000000000  9.5443413055e-08  9.5251358288e-08    0.019441666667    0.019441666667
 9.4940346563e-08 -1.7394637204e-11  9.3097389756e-06      0.0000000000  9.5191483023e-08  9.4865186122e-08    0.019458333333    0.019458333333
 9.4666196722e-08 -1.8933663067e-11  9.3093989637e-06      0.0000000000  9.4939552990e-08  9.4992238368e-08    0.019475000000    0.019475000000
 9.4284374163e-08 -2.7930498434e-11  9.3090690799e-06      0.0000000000  9.4687622958e-08  9.4358958152e-08    0.019491666667    0.019491666667
 9.4145192554e-08 -2.0121126857e-11  9.3087389691e-06      0.0000000000  9.4435692926e-08  9.3305089563e-08    0.019508333333    0.019508333333
 9.3544526284e-08 -4.4275884579e-11  9.3083989712e-06      0.0000000000  9.4183762893e-08  9.4422272023e-08    0.019525000000    0.019525000000
 9.3475878192e-08 -3.1581101564e-11  9.3080690769e-06      0.0000000000  9.3931832861e-08  9.4253932907e-08    0.019541666667    0.019541666667
 9.3150987215e-08 -3.6634645625e-11  9.3077389661e-06      0.0000000000  9.3679902828e-08  9.4322466596e-08    0.019558333333    0.019558333333
 9.2837756200e-08 -4.0849080254e-11  9.3073989752e-06      0.0000000000  9.3427518049e-08  9.3891847369e-08    0.019575000000    0.019575000000
 9.2964329052e-08 -1.4632574839e-11  9.3070690740e-06      0.0000000000  9.3175588016e-08  9.3098780990e-08    0.019591666667    0.019591666667
 9.2780518467e-08 -9.9143707068e-12  9.3067389737e-06      0.0000000000  9.2923657984e-08  9.1611730432e-08    0.019608333333    0.019608333333
 9.2514093792e-08 -1.0918323116e-11  9.3063989687e-06      0.0000000000  9.2671727952e-08  9.1318807477e-08    0.019625000000    0.019625000000
 9.2603259394e-08  1.2738715677e-11  9.3060690815e-06      0.0000000000  9.2419343172e-08  9.3548817309e-08    0.019641666667    0.019641666667
 9.2053662899e-08 -7.8787610645e-12  9.3057389707e-06      0.0000000000  9.2167413139e-08  9.1603743483e-08    0.019658333333    0.019658333333
 9.1826894056e-08 -6.1360043082e-12  9.3053989693e-06      0.0000000000  9.1915483107e-08  9.1630235629e-08    0.019675000000    0.019675000000
 9.1524539405e-08 -9.5971018534e-12  9.3050690820e-06      0.0000000000  9.1663098327e-08  9.1808668489e-08    0.019691666667    0.019691666667
 9.1320370005e-08 -6.2890243767e-12  9.3047389643e-06      0.0000000000  9.1411168295e-08  9.1046087732e-08    0.019708333333    0.019708333333
 9.1087223090e-08 -4.9565388815e-12  9.3043989768e-06      0.0000000000  9.1158783515e-08  9.0326130244e-08    0.019725000000    0.019725000000
 9.0780704664e-08 -8.7375323273e-12  9.3040690756e-06      0.0000000000  9.0906853483e-08  9.0526102712e-08    0.019741666667    0.019741666667
 9.0214011641e-08 -3.0507680174e-11  9.3037389753e-06      0.0000000000  9.0654468703e-08  9.0808821868e-08    0.019758333333    0.019758333333
 8.9928016618e-08 -3.2867147065e-11  9.3033989704e-06      0.0000000000  9.0402538671e-08  9.1384118086e-08    0.019775000000    0.019775000000
 8.9647356715e-08 -3.4825586316e-11  9.3030690796e-06      0.0000000000  9.0150153891e-08  9.0571131500e-08    0.019791666667    0.019791666667
 8.9009801537e-08 -6.1503908384e-11  9.3027389758e-06      0.0000000000  8.9897769111e-08  9.0255442594e-08    0.019808333333    0.019808333333
 8.8890154741e-08 -5.2341483666e-11  9.3023989674e-06      0.0000000000  8.9645839079e-08  8.9355432844e-08    0.019825000000    0.019825000000
 8.8620165202e-08 -5.3560854212e-11  9.3020690836e-06      0.0000000000  8.9393454299e-08  8.9806019446e-08    0.019841666667    0.019841666667
 8.8438736585e-08 -4.8677666167e-11  9.3017389694e-06      0.0000000000  8.9141524267e-08  8.8512683865e-08    0.019858333333    0.019858333333
 8.8393310955e-08 -3.4342912386e-11  9.3013989784e-06      0.0000000000  8.8889139487e-08  8.9910478686e-08    0.019875000000    0.019875000000
 8.7955218841e-08 -4.7205687089e-11  9.3010690772e-06      0.0000000000  8.8636754707e-08  8.8043356231e-08    0.019891666667    0.019891666667
 8.8081520171e-08 -2.0976490814e-11  9.3007389734e-06      0.0000000000  8.8384369927e-08  8.7847267181e-08    0.019908333333    0.019908333333
 8.7817927941e-08 -2.1784257643e-11  9.3003989754e-06      0.0000000000  8.8132439895e-08  8.8290275614e-08    0.019925000000    0.019925000000
 8.7754843682e-08 -8.6726055698e-12  9.3000690777e-06      0.0000000000  8.7880055115e-08  8.7623381030e-08    0.019941666667    0.019941666667
 8.7588796402e-08 -2.6925519602e-12  9.2997389774e-06      0.0000000000  8.7627670335e-08  8.6716940843e-08    0.019958333333    0.019958333333
 8.7389897464e-08  1.0120746267e-12  9.2993989725e-06      0.0000000000  8.7375285556e-08  8.7272867136e-08    0.019975000000    0.019975000000
 8.7253054212e-08  9.0149068725e-12  9.2990690852e-06      0.0000000000  8.7122900776e-08  8.6498290231e-08    0.019991666667    0.019991666667
 8.6789186074e-08 -5.6332102815e-12  9.2987389710e-06      0.0000000000  8.6870515996e-08  8.5638592567e-08    0.020008333333    0.020008333333
 8.6534151502e-08 -5.8167446497e-12  9.2983989765e-06      0.0000000000  8.6618131217e-08  8.6286227282e-08    0.020025000000    0.020025000000
 8.6033340812e-08 -2.3023639211e-11  9.2980690823e-06      0.0000000000  8.6365746437e-08  8.6513383680e-08    0.020041666667    0.020041666667
 8.5992666294e-08 -8.3598059097e-12  9.2977389715e-06      0.0000000000  8.6113361657e-08  8.5710899618e-08    0.020058333333    0.020058333333
 8.5655744646e-08 -1.4215141102e-11  9.2973989771e-06      0.0000000000  8.5860976877e-08  8.5331456615e-08    0.020075000000    0.020075000000
 8.5465887568e-08 -9.8842418775e-12  9.2970690793e-06      0.0000000000  8.5608592098e-08  8.5853296870e-08    0.020091666667    0.020091666667
 8.5371506944e-08  1.0597085068e-12  9.2967389790e-06      0.0000000000  8.5356207318e-08  8.5892618448e-08    0.020108333333    0.020108333333
 8.5015530351e-08 -6.1154424618e-12  9.2963989706e-06      0.0000000000  8.5103822538e-08  8.4358951146e-08    0.020125000000    0.020125000000
 8.4977230853e-08  8.7128935866e-12  9.2960690868e-06      0.0000000000  8.4851437758e-08  8.4900648720e-08    0.020141666667    0.020141666667
 8.4582454761e-08 -1.1496537669e-12  9.2957389761e-06      0.0000000000  8.4599052979e-08  8.5485063897e-08    0.020158333333    0.020158333333
 8.4492995446e-08  1.0135164668e-11  9.2953989746e-06      0.0000000000  8.4346668199e-08  8.5472737581e-08    0.020175000000    0.020175000000
 8.4306357165e-08  1.4689009623e-11  9.2950690839e-06      0.0000000000  8.4094283419e-08  8.5380620378e-08    0.020191666667    0.020191666667
 8.3922986940e-08  5.6479721839e-12  9.2947389731e-06      0.0000000000  8.3841443892e-08  8.5141750835e-08    0.020208333333    0.020208333333
 8.3595593166e-08  4.5257263951e-13  9.2943989787e-06      0.0000000000  8.3589059112e-08  8.2970904176e-08    0.020225000000    0.020225000000
 8.3210128793e-08 -8.7650106855e-12  9.2940690774e-06      0.0000000000  8.3336674333e-08  8.3632924834e-08    0.020241666667    0.020241666667
 8.2910222312e-08 -1.2025041461e-11  9.2937389806e-06      0.0000000000  8.3083834805e-08  8.2828774204e-08    0.020258333333    0.020258333333
 8.2626604387e-08 -1.4188364266e-11  9.2933989757e-06      0.0000000000  8.2831450026e-08  8.2756467153e-08    0.020275000000    0.020275000000
 8.2416500979e-08 -1.1259800533e-11  9.2930690849e-06      0.0000000000  8.2579065246e-08  8.2740273140e-08    0.020291666667    0.020291666667
 8.1974966907e-08 -2.4329480461e-11  9.2927389777e-06      0.0000000000  8.2326225719e-08  8.1465427034e-08    0.020308333333    0.020308333333
 8.2047220934e-08 -1.8437996842e-12  9.2923989762e-06      0.0000000000  8.2073840939e-08  8.2482049394e-08    0.020325000000    0.020325000000
 8.1317263017e-08 -3.4922276118e-11  9.2920690855e-06      0.0000000000  8.1821456159e-08  8.0527573607e-08    0.020341666667    0.020341666667
 8.1110782599e-08 -3.1711273292e-11  9.2917389747e-06      0.0000000000  8.1568616632e-08  8.0760342881e-08    0.020358333333    0.020358333333
 8.0744505696e-08 -3.9599861702e-11  9.2913989803e-06      0.0000000000  8.1316231853e-08  8.1358546552e-08    0.020375000000    0.020375000000
 8.0199238572e-08 -5.9854475330e-11  9.2910690825e-06      0.0000000000  8.1063392325e-08  8.1645243460e-08    0.020391666667    0.020391666667
 8.0067890012e-08 -5.1471060454e-11  9.2907389787e-06      0.0000000000  8.0811007546e-08  8.2839433952e-08    0.020408333333    0.020408333333
 7.9694977470e-08 -5.9787760225e-11  9.2903989773e-06      0.0000000000  8.0558168019e-08  8.2576446336e-08    0.020425000000    0.020425000000
 7.9507755059e-08 -5.5242876814e-11  9.2900690865e-06      0.0000000000  8.0305328492e-08  8.3220370578e-08    0.020441666667    0.020441666667
 7.9681952255e-08 -2.5696236226e-11  9.2897389793e-06      0.0000000000  8.0052943712e-08  7.9565429162e-08    0.020458333333    0.020458333333
 7.9332472778e-08 -3.2389875534e-11  9.2893989778e-06      0.0000000000  7.9800104185e-08  8.0723190987e-08    0.020475000000    0.020475000000
 7.9454304550e-08 -6.4387598213e-12  9.2890690871e-06      0.0000000000  7.9547264658e-08  8.0407580692e-08    0.020491666667    0.020491666667
 7.9341077920e-08  3.1998467349e-12  9.2887389763e-06      0.0000000000  7.9294879878e-08  7.9234489583e-08    0.020508333333    0.020508333333
 7.9295196676e-08  1.7534540516e-11  9.2883989819e-06      0.0000000000  7.9042040351e-08  7.8516135774e-08    0.020525000000    0.020525000000
 7.9247638568e-08  3.1753088584e-11  9.2880690841e-06      0.0000000000  7.8789200824e-08  8.0302429668e-08    0.020541666667    0.020541666667
 7.9057884625e-08  3.6091131251e-11  9.2877389768e-06      0.0000000000  7.8536816044e-08  7.8857577877e-08    0.020558333333    0.020558333333
 7.8552872098e-08  1.8624699468e-11  9.2873989789e-06      0.0000000000  7.8283976517e-08  7.5611810413e-08    0.020575000000    0.020575000000
 7.8290216770e-08  1.7944820908e-11  9.2870690847e-06      0.0000000000  7.8031136990e-08  7.6611955759e-08    0.020591666667    0.020591666667
 7.7891251399e-08  7.8236061309e-12  9.2867389809e-06      0.0000000000  7.7778297463e-08  7.6489824606e-08    0.020608333333    0.020608333333
 7.7512931268e-08 -8.6764320748e-13  9.2863989794e-06      0.0000000000  7.7525457936e-08  7.5826153102e-08    0.020625000000    0.020625000000
 7.7322490060e-08  3.4542944733e-12  9.2860690887e-06      0.0000000000  7.7272618408e-08  7.8127212198e-08    0.020641666667    0.020641666667
 7.6921867063e-08 -6.7817335618e-12  9.2857389779e-06      0.0000000000  7.7019778881e-08  7.8811747250e-08    0.020658333333    0.020658333333
 7.6506981379e-08 -1.8005647879e-11  9.2853989800e-06      0.0000000000  7.6766939354e-08  7.7860388331e-08    0.020675000000    0.020675000000
 7.6443135845e-08 -4.9152270444e-12  9.2850690857e-06      0.0000000000  7.6514099827e-08  7.7564603910e-08    0.020691666667    0.020691666667
 7.6077372414e-08 -1.2736753004e-11  9.2847389819e-06      0.0000000000  7.6261260300e-08  7.6848231116e-08    0.020708333333    0.020708333333
 7.5561029841e-08 -3.0987945615e-11  9.2843989805e-06      0.0000000000  7.6008420773e-08  7.7541822236e-08    0.020725000000    0.020725000000
 7.5294286558e-08 -3.1950970989e-11  9.2840690863e-06      0.0000000000  7.5755581246e-08  7.5591764427e-08    0.020741666667    0.020741666667
 7.5037431851e-08 -3.2229077173e-11  9.2837389825e-06      0.0000000000  7.5502741719e-08  7.7726292476e-08    0.020758333333    0.020758333333
 7.4601688247e-08 -4.4897687966e-11  9.2833989775e-06      0.0000000000  7.5249902192e-08  7.5836042455e-08    0.020775000000    0.020775000000
 7.4641198765e-08 -2.4648445860e-11  9.2830690903e-06      0.0000000000  7.4997062665e-08  7.6176887109e-08    0.020791666667    0.020791666667
 7.4141693755e-08 -4.1733406708e-11  9.2827389795e-06      0.0000000000  7.4744223138e-08  7.5625032902e-08    0.020808333333    0.020808333333
 7.3986630723e-08 -3.4961046170e-11  9.2823989816e-06      0.0000000000  7.4491383610e-08  7.2716258118e-08    0.020825000000    0.020825000000
 7.3903660714e-08 -2.3163759468e-11  9.2820690873e-06      0.0000000000  7.4238089336e-08  7.3191277239e-08    0.020841666667    0.020841666667
 7.3817934202e-08 -1.1588895839e-11  9.2817389800e-06      0.0000000000  7.3985249809e-08  7.2239776820e-08    0.020858333333    0.020858333333
 7.3557808864e-08 -1.2093537981e-11  9.2813989821e-06      0.0000000000  7.3732410282e-08  7.3905904854e-08    0.020875000000    0.020875000000
 7.2928546829e-08 -3.8165948853e-11  9.2810690844e-06      0.0000000000  7.3479570755e-08  7.1923553354e-08    0.020891666667    0.020891666667
 7.2873072190e-08 -2.4464231481e-11  9.2807389841e-06      0.0000000000  7.3226276480e-08  7.2349157153e-08    0.020908333333    0.020908333333
 7.2384797567e-08 -4.0771334362e-11  9.2803989791e-06      0.0000000000  7.2973436953e-08  7.4246545117e-08    0.020925000000    0.020925000000
 7.2268437312e-08 -3.1318276729e-11  9.2800690919e-06      0.0000000000  7.2720597426e-08  7.1938395244e-08    0.020941666667    0.020941666667
 7.2014474839e-08 -3.1364558626e-11  9.2797389811e-06      0.0000000000  7.2467303152e-08  7.2510609884e-08    0.020958333333    0.020958333333
 7.1516414774e-08 -4.8349437254e-11  9.2793989832e-06      0.0000000000  7.2214463625e-08  7.1336874159e-08    0.020975000000    0.020975000000
 7.1475450504e-08 -3.3642678235e-11  9.2790690889e-06      0.0000000000  7.1961169350e-08  7.2801237377e-08    0.020991666667    0.020991666667
 7.1136564173e-08 -3.9602597166e-11  9.2787389816e-06      0.0000000000  7.1708329823e-08  7.2203458209e-08    0.021008333333    0.021008333333
 7.1090168060e-08 -2.5303565079e-11  9.2783989837e-06      0.0000000000  7.1455490296e-08  7.2764730099e-08    0.021025000000    0.021025000000
 7.0763904364e-08 -3.0357696279e-11  9.2780690860e-06      0.0000000000  7.1202196021e-08  7.2891169174e-08    0.021041666667    0.021041666667
 7.0896295824e-08 -3.6436801919e-12  9.2777389857e-06      0.0000000000  7.0948901747e-08  7.2200015017e-08    0.021058333333    0.021058333333
 7.0496860472e-08 -1.3797447600e-11  9.2773989808e-06      0.0000000000  7.0696062220e-08  7.1755229959e-08    0.021075000000    0.021075000000
 7.0217430308e-08 -1.5607715646e-11  9.2770690900e-06      0.0000000000  7.0442767945e-08  6.9350497740e-08    0.021091666667    0.021091666667
 6.9890405458e-08 -2.0746064663e-11  9.2767389827e-06      0.0000000000  7.0189928418e-08  6.8374061685e-08    0.021108333333    0.021108333333
 6.9648880253e-08 -1.9930895510e-11  9.2763989848e-06      0.0000000000  6.9936634144e-08  6.8527716134e-08    0.021125000000    0.021125000000
 6.9072595111e-08 -4.2302433945e-11  9.2760690905e-06      0.0000000000  6.9683339870e-08  6.7880144309e-08    0.021141666667    0.021141666667
 6.9109891454e-08 -2.2206553777e-11  9.2757389798e-06      0.0000000000  6.9430500342e-08  6.8665380962e-08    0.021158333333    0.021158333333
 6.8573780486e-08 -4.1795480771e-11  9.2753989888e-06      0.0000000000  6.9177206068e-08  6.7237336354e-08    0.021175000000    0.021175000000
 6.8288363473e-08 -4.4020420103e-11  9.2750690876e-06      0.0000000000  6.8923911794e-08  6.9177929313e-08    0.021191666667    0.021191666667
 6.8433984142e-08 -1.6390100210e-11  9.2747389873e-06      0.0000000000  6.8670617519e-08  6.8531222217e-08    0.021208333333    0.021208333333
 6.7806141937e-08 -4.2364168456e-11  9.2743989824e-06      0.0000000000  6.8417777992e-08  6.8310559146e-08    0.021225000000    0.021225000000
 6.7885255324e-08 -1.9340388149e-11  9.2740690916e-06      0.0000000000  6.8164483718e-08  6.9162835865e-08    0.021241666667    0.021241666667
 6.7660680435e-08 -1.7351177562e-11  9.2737389843e-06      0.0000000000  6.7911189443e-08  6.9166735006e-08    0.021258333333    0.021258333333
 6.7401387323e-08 -1.7766679205e-11  9.2733989829e-06      0.0000000000  6.7657895169e-08  7.0509957578e-08    0.021275000000    0.021275000000
 6.7474851851e-08  4.8658403213e-12  9.2730690956e-06      0.0000000000  6.7404600894e-08  6.8165158926e-08    0.021291666667    0.021291666667
 6.7001253726e-08 -1.0393216687e-11  9.2727389814e-06      0.0000000000  6.7151306620e-08  6.8069614254e-08    0.021308333333    0.021308333333
 6.7074914370e-08  1.2252886484e-11  9.2723989904e-06      0.0000000000  6.6898012345e-08  6.7270101715e-08    0.021325000000    0.021325000000
 6.6606169956e-08 -2.6699845740e-12  9.2720690892e-06      0.0000000000  6.6644718071e-08  6.6034592908e-08    0.021341666667    0.021341666667
 6.6533667784e-08  9.8523430362e-12  9.2717389889e-06      0.0000000000  6.6391423796e-08  6.5023001697e-08    0.021358333333    0.021358333333
 6.6211028741e-08  5.0492686782e-12  9.2713989840e-06      0.0000000000  6.6138129522e-08  6.3937452588e-08    0.021375000000    0.021375000000
 6.5948706534e-08  4.4239607982e-12  9.2710690897e-06      0.0000000000  6.5884835248e-08  6.4736807904e-08    0.021391666667    0.021391666667
 6.5504463931e-08 -8.8018244857e-12  9.2707389894e-06      0.0000000000  6.5631540973e-08  6.4065401008e-08    0.021408333333    0.021408333333
 6.5333752522e-08 -3.0818307557e-12  9.2703989810e-06      0.0000000000  6.5378246699e-08  6.4896845624e-08    0.021425000000    0.021425000000
 6.5084675823e-08 -2.7897059436e-12  9.2700690972e-06      0.0000000000  6.5124952424e-08  6.6604747921e-08    0.021441666667    0.021441666667
 6.4807441131e-08 -4.4479074946e-12  9.2697389830e-06      0.0000000000  6.4871658150e-08  6.3121950427e-08    0.021458333333    0.021458333333
 6.4542740429e-08 -5.2379587043e-12  9.2693989920e-06      0.0000000000  6.4618363875e-08  6.4237513487e-08    0.021475000000    0.021475000000
 6.4220371512e-08 -1.0022323165e-11  9.2690690908e-06      0.0000000000  6.4365069601e-08  6.4721840234e-08    0.021491666667    0.021491666667
 6.4140348779e-08  2.0106001267e-12  9.2687389870e-06      0.0000000000  6.4111320579e-08  6.4745785361e-08    0.021508333333    0.021508333333
 6.3776508763e-08 -5.6462054901e-12  9.2683989891e-06      0.0000000000  6.3858026305e-08  6.5017671823e-08    0.021525000000    0.021525000000
 6.3945491425e-08  2.3602252183e-11  9.2680690878e-06      0.0000000000  6.3604732030e-08  6.4549271808e-08    0.021541666667    0.021541666667
 6.3148482915e-08 -1.4057400623e-11  9.2677389910e-06      0.0000000000  6.3351437756e-08  6.5041632672e-08    0.021558333333    0.021558333333
 6.2847276183e-08 -1.7344496611e-11  9.2673989826e-06      0.0000000000  6.3097688734e-08  6.2674413960e-08    0.021575000000    0.021575000000
 6.2554053581e-08 -2.0110079803e-11  9.2670690988e-06      0.0000000000  6.2844394460e-08  6.3123821386e-08    0.021591666667    0.021591666667
 6.2328492180e-08 -1.8157701290e-11  9.2667389846e-06      0.0000000000  6.2590645438e-08  6.2830646874e-08    0.021608333333    0.021608333333
 6.1873495584e-08 -3.2128347759e-11  9.2663989901e-06      0.0000000000  6.2337351163e-08  6.2364699544e-08    0.021625000000    0.021625000000
 6.1603110221e-08 -3.3312139598e-11  9.2660690959e-06      0.0000000000  6.2084056889e-08  6.3806548368e-08    0.021641666667    0.021641666667
 6.1383551967e-08 -3.0943960913e-11  9.2657389851e-06      0.0000000000  6.1830307867e-08  6.1933121254e-08    0.021658333333    0.021658333333
 6.1183227735e-08 -2.7275060501e-11  9.2653989907e-06      0.0000000000  6.1577013593e-08  6.2471485691e-08    0.021675000000    0.021675000000
 6.1141727428e-08 -1.2573931886e-11  9.2650690894e-06      0.0000000000  6.1323264571e-08  6.0100603674e-08    0.021691666667    0.021691666667
 6.0889503004e-08 -1.2499830122e-11  9.2647389961e-06      0.0000000000  6.1069970296e-08  5.9952499212e-08    0.021708333333    0.021708333333
 6.0420145604e-08 -2.7433661407e-11  9.2643989842e-06      0.0000000000  6.0816221275e-08  6.1534103935e-08    0.021725000000    0.021725000000
 6.0584766712e-08  1.5126989723e-12  9.2640690969e-06      0.0000000000  6.0562927000e-08  5.9185311808e-08    0.021741666667    0.021741666667
 6.0180754332e-08 -8.8950952527e-12  9.2637389897e-06      0.0000000000  6.0309177978e-08  5.9165234377e-08    0.021758333333    0.021758333333
 5.9517238322e-08 -3.7277067778e-11  9.2633989882e-06      0.0000000000  6.0055428957e-08  6.0557982327e-08    0.021775000000    0.021775000000
 5.9490002099e-08 -2.1619453639e-11  9.2630690975e-06      0.0000000000  5.9802134682e-08  6.0700694026e-08    0.021791666667    0.021791666667
 5.9057680499e-08 -3.3988048808e-11  9.2627389867e-06      0.0000000000  5.9548385660e-08  6.0228835096e-08    0.021808333333    0.021808333333
 5.8650896593e-08 -4.4587809171e-11  9.2623989958e-06      0.0000000000  5.9294636639e-08  6.0541206588e-08    0.021825000000    0.021825000000
 5.8536961798e-08 -3.4935257806e-11  9.2620690910e-06      0.0000000000  5.9041342364e-08  6.0378197346e-08    0.021841666667    0.021841666667
 5.7825424344e-08 -6.6643372618e-11  9.2617389942e-06      0.0000000000  5.8787593342e-08  5.7468809390e-08    0.021858333333    0.021858333333
 5.7905324802e-08 -4.3533579380e-11  9.2613989893e-06      0.0000000000  5.8533844320e-08  5.9806045595e-08    0.021875000000    0.021875000000
 5.7541879093e-08 -5.1131576369e-11  9.2610690951e-06      0.0000000000  5.8280095299e-08  5.9477873149e-08    0.021891666667    0.021891666667
 5.7064917357e-08 -6.6623609537e-11  9.2607389913e-06      0.0000000000  5.8026801024e-08  5.9373555410e-08    0.021908333333    0.021908333333
 5.7019412992e-08 -5.2199816750e-11  9.2603989898e-06      0.0000000000  5.7773052002e-08  5.9211080727e-08    0.021925000000    0.021925000000
 5.6774886152e-08 -5.1561054394e-11  9.2600690991e-06      0.0000000000  5.7519302981e-08  5.6522072840e-08    0.021941666667    0.021941666667
 5.6671157022e-08 -4.1170123538e-11  9.2597389848e-06      0.0000000000  5.7265553959e-08  5.5574770286e-08    0.021958333333    0.021958333333
 5.6640330552e-08 -2.5729685636e-11  9.2593989974e-06      0.0000000000  5.7011804937e-08  5.5154543527e-08    0.021975000000    0.021975000000
 5.6341775914e-08 -2.8833087815e-11  9.2590690961e-06      0.0000000000  5.6758055915e-08  5.6829601851e-08    0.021991666667    0.021991666667
 5.5928219897e-08 -3.9901909561e-11  9.2587389923e-06      0.0000000000  5.6504306893e-08  5.7254293755e-08    0.022008333333    0.022008333333
 5.6035416136e-08 -1.4901509880e-11  9.2583989909e-06      0.0000000000  5.6250557872e-08  5.6027447959e-08    0.022025000000    0.022025000000
 5.5685956042e-08 -2.1530811648e-11  9.2580690967e-06      0.0000000000  5.5996808850e-08  5.6589490243e-08    0.022041666667    0.022041666667
 5.5622526397e-08 -8.3485898838e-12  9.2577389964e-06      0.0000000000  5.5743059828e-08  5.4255115504e-08    0.022058333333    0.022058333333
 5.5563631709e-08  5.1477397814e-12  9.2573989879e-06      0.0000000000  5.5489310806e-08  5.5676147947e-08    0.022075000000    0.022075000000
 5.5060505666e-08 -1.2125032243e-11  9.2570691007e-06      0.0000000000  5.5235561784e-08  5.5651683983e-08    0.022091666667    0.022091666667
 5.4925940265e-08 -3.8699351804e-12  9.2567389899e-06      0.0000000000  5.4981812763e-08  5.3829653205e-08    0.022108333333    0.022108333333
 5.4826874877e-08  6.8440236259e-12  9.2563989955e-06      0.0000000000  5.4728063741e-08  5.5946257784e-08    0.022125000000    0.022125000000
 5.4333276440e-08 -9.7688312573e-12  9.2560690977e-06      0.0000000000  5.4474314719e-08  5.3731168455e-08    0.022141666667    0.022141666667
 5.4156995199e-08 -4.4031271469e-12  9.2557389939e-06      0.0000000000  5.4220565697e-08  5.5698253560e-08    0.022158333333    0.022158333333
 5.3722203132e-08 -1.6911338534e-11  9.2553989960e-06      0.0000000000  5.3966361928e-08  5.4349669669e-08    0.022175000000    0.022175000000
 5.3110651171e-08 -4.1694089400e-11  9.2550690948e-06      0.0000000000  5.3712612906e-08  5.3836067921e-08    0.022191666667    0.022191666667
 5.2933871092e-08 -3.6362936603e-11  9.2547389980e-06      0.0000000000  5.3458863885e-08  5.3709613124e-08    0.022208333333    0.022208333333
 5.2879353989e-08 -2.2563399264e-11  9.2543989896e-06      0.0000000000  5.3205114863e-08  5.2857116292e-08    0.022225000000    0.022225000000
 5.2466961509e-08 -3.3520132664e-11  9.2540691023e-06      0.0000000000  5.2950911094e-08  5.2440678618e-08    0.022241666667    0.022241666667
 5.2439485826e-08 -1.7847606905e-11  9.2537389915e-06      0.0000000000  5.2697162072e-08  5.2009697777e-08    0.022258333333    0.022258333333
 5.2327030382e-08 -8.0610927143e-12  9.2533989971e-06      0.0000000000  5.2443413050e-08  5.3224248702e-08    0.022275000000    0.022275000000
 5.2324778922e-08  9.3900532174e-12  9.2530690993e-06      0.0000000000  5.2189209281e-08  5.4301197689e-08    0.022291666667    0.022291666667
 5.1981666647e-08  3.2004247840e-12  9.2527389920e-06      0.0000000000  5.1935460259e-08  5.1493328896e-08    0.022308333333    0.022308333333
 5.1827812452e-08  1.0151006322e-11  9.2523989976e-06      0.0000000000  5.1681256490e-08  5.1353871722e-08    0.022325000000    0.022325000000
 5.1339090437e-08 -6.1240895730e-12  9.2520690964e-06      0.0000000000  5.1427507468e-08  5.1577836485e-08    0.022341666667    0.022341666667
 5.1165142803e-08 -5.9675119601e-13  9.2517389996e-06      0.0000000000  5.1173758446e-08  5.1279788046e-08    0.022358333333    0.022358333333
 5.0947942411e-08  1.9662391202e-12  9.2513989912e-06      0.0000000000  5.0919554677e-08  5.0374181143e-08    0.022375000000    0.022375000000
 5.0455454402e-08 -1.4569703465e-11  9.2510691039e-06      0.0000000000  5.0665805655e-08  5.1112580938e-08    0.022391666667    0.022391666667
 5.0306705341e-08 -7.2655215221e-12  9.2507389966e-06      0.0000000000  5.0411601886e-08  5.1757275575e-08    0.022408333333    0.022408333333
 4.9826592284e-08 -2.2912831742e-11  9.2503989952e-06      0.0000000000  5.0157398117e-08  5.0512663532e-08    0.022425000000    0.022425000000
 4.9740173638e-08 -1.1322912924e-11  9.2500691009e-06      0.0000000000  4.9903649095e-08  5.0632609279e-08    0.022441666667    0.022441666667
 4.9611010957e-08 -2.6621061190e-12  9.2497389936e-06      0.0000000000  4.9649445326e-08  4.8946042201e-08    0.022458333333    0.022458333333
 4.9141138689e-08 -1.7631599098e-11  9.2493989992e-06      0.0000000000  4.9395696304e-08  4.8896501101e-08    0.022475000000    0.022475000000
 4.8935973181e-08 -1.4235028260e-11  9.2490690980e-06      0.0000000000  4.9141492535e-08  4.8749324257e-08    0.022491666667    0.022491666667
 4.8694120018e-08 -1.3379579793e-11  9.2487390012e-06      0.0000000000  4.8887288766e-08  4.9081851792e-08    0.022508333333    0.022508333333
 4.8430509109e-08 -1.4062650403e-11  9.2483989962e-06      0.0000000000  4.8633539744e-08  4.8946010756e-08    0.022525000000    0.022525000000
 4.8171718187e-08 -1.4380373572e-11  9.2480691020e-06      0.0000000000  4.8379335975e-08  4.7894028848e-08    0.022541666667    0.022541666667
 4.7844180157e-08 -1.9459774872e-11  9.2477389982e-06      0.0000000000  4.8125132206e-08  4.8411954241e-08    0.022558333333    0.022558333333
 4.7440546320e-08 -2.9809852341e-11  9.2473989968e-06      0.0000000000  4.7870928437e-08  4.8277826941e-08    0.022575000000    0.022575000000
 4.7172533453e-08 -3.0766321412e-11  9.2470691025e-06      0.0000000000  4.7616724668e-08  4.8246712426e-08    0.022591666667    0.022591666667
 4.7022823382e-08 -2.3560200019e-11  9.2467389918e-06      0.0000000000  4.7362975646e-08  4.7772966814e-08    0.022608333333    0.022608333333
 4.6667085412e-08 -3.0592833175e-11  9.2463990043e-06      0.0000000000  4.7108771877e-08  4.6764818796e-08    0.022625000000    0.022625000000
 4.6597609006e-08 -1.7797934826e-11  9.2460690996e-06      0.0000000000  4.6854568108e-08  4.6851197343e-08    0.022641666667    0.022641666667
 4.6604779347e-08  3.0579974159e-13  9.2457389993e-06      0.0000000000  4.6600364339e-08  4.5938641165e-08    0.022658333333    0.022658333333
 4.6450152448e-08  7.2028609801e-12  9.2453989979e-06      0.0000000000  4.6346160569e-08  4.6097531154e-08    0.022675000000    0.022675000000
 4.6159028743e-08  4.6456500773e-12  9.2450691036e-06      0.0000000000  4.6091956800e-08  4.6190858976e-08    0.022691666667    0.022691666667
 4.5758246589e-08 -5.5069093562e-12  9.2447389998e-06      0.0000000000  4.5837753031e-08  4.6150531169e-08    0.022708333333    0.022708333333
 4.5506540653e-08 -5.3339002316e-12  9.2443989949e-06      0.0000000000  4.5583549262e-08  4.5808019947e-08    0.022725000000    0.022725000000
 4.5244386118e-08 -5.8845995601e-12  9.2440691076e-06      0.0000000000  4.5329345493e-08  4.5703214815e-08    0.022741666667    0.022741666667
 4.4821329954e-08 -1.7579939007e-11  9.2437389969e-06      0.0000000000  4.5075141724e-08  4.5672068855e-08    0.022758333333    0.022758333333
 4.4825583686e-08  3.2178048664e-13  9.2433990024e-06      0.0000000000  4.4820937954e-08  4.4166151487e-08    0.022775000000    0.022775000000
 4.4072833977e-08 -3.4209349562e-11  9.2430691012e-06      0.0000000000  4.4566734185e-08  4.4089976740e-08    0.022791666667    0.022791666667
 4.3800724071e-08 -3.5449594662e-11  9.2427390009e-06      0.0000000000  4.4312530416e-08  4.5169001076e-08    0.022808333333    0.022808333333
 4.3562408190e-08 -3.4349140922e-11  9.2423989995e-06      0.0000000000  4.4058326647e-08  4.4473350329e-08    0.022825000000    0.022825000000
 4.3082404413e-08 -4.9988882054e-11  9.2420691017e-06      0.0000000000  4.3804122878e-08  4.4195127763e-08    0.022841666667    0.022841666667
 4.2951933526e-08 -4.1387188941e-11  9.2417390049e-06      0.0000000000  4.3549464361e-08  4.4083263300e-08    0.022858333333    0.022858333333
 4.2514051446e-08 -5.4109426009e-11  9.2413989965e-06      0.0000000000  4.3295260592e-08  4.3433631848e-08    0.022875000000    0.022875000000
 4.2380166509e-08 -4.5775700040e-11  9.2410691092e-06      0.0000000000  4.3041056823e-08  4.2566922019e-08    0.022891666667    0.022891666667
 4.2263508961e-08 -3.6248741577e-11  9.2407389985e-06      0.0000000000  4.2786853054e-08  4.2564123442e-08    0.022908333333    0.022908333333
 4.2117122364e-08 -2.8780926684e-11  9.2403990040e-06      0.0000000000  4.2532649285e-08  4.1594841053e-08    0.022925000000    0.022925000000
 4.2269449769e-08 -5.9158108550e-13  9.2400691028e-06      0.0000000000  4.2277990768e-08  4.1336428639e-08    0.022941666667    0.022941666667
 4.1911445790e-08 -7.7811664075e-12  9.2397389990e-06      0.0000000000  4.2023786999e-08  4.1434158717e-08    0.022958333333    0.022958333333
 4.1555965120e-08 -1.4795977970e-11  9.2393990046e-06      0.0000000000  4.1769583230e-08  4.1061617822e-08    0.022975000000    0.022975000000
 4.1386089289e-08 -8.9236165806e-12  9.2390690998e-06      0.0000000000  4.1514924714e-08  4.1013680401e-08    0.022991666667    0.022991666667
 4.1234668629e-08 -1.8044794091e-12  9.2387390065e-06      0.0000000000  4.1260720944e-08  4.1772314850e-08    0.023008333333    0.023008333333
 4.1014952882e-08  6.1578562648e-13  9.2383989981e-06      0.0000000000  4.1006062428e-08  4.0065041447e-08    0.023025000000    0.023025000000
 4.0804508569e-08  3.6467269463e-12  9.2380691108e-06      0.0000000000  4.0751858659e-08  4.0496100900e-08    0.023041666667    0.023041666667
 4.0617117649e-08  8.2744312375e-12  9.2377390001e-06      0.0000000000  4.0497654890e-08  4.0144565054e-08    0.023058333333    0.023058333333
 4.0256804048e-08  9.5637050718e-13  9.2373990021e-06      0.0000000000  4.0242996373e-08  4.0490582358e-08    0.023075000000    0.023075000000
 3.9908015334e-08 -5.5949315706e-12  9.2370691079e-06      0.0000000000  3.9988792604e-08  4.0788662241e-08    0.023091666667    0.023091666667
 3.9448308325e-08 -1.9797346226e-11  9.2367390006e-06      0.0000000000  3.9734134087e-08  3.9496631614e-08    0.023108333333    0.023108333333
 3.9462089663e-08 -1.2357095907e-12  9.2363990062e-06      0.0000000000  3.9479930318e-08  3.9897299780e-08    0.023125000000    0.023125000000
 3.9070437748e-08 -1.0724377503e-11  9.2360691014e-06      0.0000000000  3.9225271802e-08  4.0195992834e-08    0.023141666667    0.023141666667
 3.8900085790e-08 -4.8849943898e-12  9.2357390046e-06      0.0000000000  3.8970613285e-08  3.8762979966e-08    0.023158333333    0.023158333333
 3.8755501634e-08  2.7076641900e-12  9.2353989997e-06      0.0000000000  3.8716409516e-08  3.9719904594e-08    0.023175000000    0.023175000000
 3.8343394181e-08 -8.1978296693e-12  9.2350691089e-06      0.0000000000  3.8461751000e-08  3.8492697184e-08    0.023191666667    0.023191666667
 3.8209205660e-08  1.4636639958e-13  9.2347390052e-06      0.0000000000  3.8207092483e-08  3.8817788051e-08    0.023208333333    0.023208333333
 3.7829519489e-08 -8.5450074198e-12  9.2343990002e-06      0.0000000000  3.7952888714e-08  3.8289926138e-08    0.023225000000    0.023225000000
 3.7354242716e-08 -2.3825841312e-11  9.2340691095e-06      0.0000000000  3.7698230198e-08  3.8515211578e-08    0.023241666667    0.023241666667
 3.7072069167e-08 -2.5731633959e-11  9.2337389987e-06      0.0000000000  3.7443571681e-08  3.7653438564e-08    0.023258333333    0.023258333333
 3.6759077042e-08 -2.9803532269e-11  9.2333990078e-06      0.0000000000  3.7189367912e-08  3.7037327145e-08    0.023275000000    0.023275000000
 3.6576036126e-08 -2.4843033167e-11  9.2330691030e-06      0.0000000000  3.6934709395e-08  3.7554765145e-08    0.023291666667    0.023291666667
 3.6369601155e-08 -2.1502892604e-11  9.2327390062e-06      0.0000000000  3.6680050879e-08  3.6755645665e-08    0.023308333333    0.023308333333
 3.6142675378e-08 -1.9582020823e-11  9.2323990013e-06      0.0000000000  3.6425392362e-08  3.6766289691e-08    0.023325000000    0.023325000000
 3.5702708915e-08 -3.2417132465e-11  9.2320691071e-06      0.0000000000  3.6170733846e-08  3.5956494740e-08    0.023341666667    0.023341666667
 3.5833283592e-08 -5.7344610337e-12  9.2317390068e-06      0.0000000000  3.5916075329e-08  3.6209278556e-08    0.023358333333    0.023358333333
 3.5407246695e-08 -1.7636257073e-11  9.2313990018e-06      0.0000000000  3.5661871560e-08  3.5451839004e-08    0.023375000000    0.023375000000
 3.5062943448e-08 -2.3845381632e-11  9.2310691111e-06      0.0000000000  3.5407213044e-08  3.5701415462e-08    0.023391666667    0.023391666667
 3.4814342159e-08 -2.3425835690e-11  9.2307390003e-06      0.0000000000  3.5152554527e-08  3.5018342589e-08    0.023408333333    0.023408333333
 3.4532052651e-08 -2.5339660083e-11  9.2303990094e-06      0.0000000000  3.4897896011e-08  3.4919527669e-08    0.023425000000    0.023425000000
 3.4384145167e-08 -1.7945689919e-11  9.2300691046e-06      0.0000000000  3.4643237494e-08  3.4440860964e-08    0.023441666667    0.023441666667
 3.3685763058e-08 -4.8679622094e-11  9.2297390043e-06      0.0000000000  3.4388578978e-08  3.4177181565e-08    0.023458333333    0.023458333333
 3.3842777183e-08 -2.0165657000e-11  9.2293990064e-06      0.0000000000  3.4133920461e-08  3.3788713938e-08    0.023475000000    0.023475000000
 3.3483184451e-08 -2.7433787658e-11  9.2290691052e-06      0.0000000000  3.3879261945e-08  3.2699957472e-08    0.023491666667    0.023491666667
 3.3389182662e-08 -1.6306110350e-11  9.2287390084e-06      0.0000000000  3.3624603428e-08  3.4086133482e-08    0.023508333333    0.023508333333
 3.3320364811e-08 -3.4341006141e-12  9.2283990034e-06      0.0000000000  3.3369944912e-08  3.3496482765e-08    0.023525000000    0.023525000000
 3.3075067491e-08 -2.7542121342e-12  9.2280691127e-06      0.0000000000  3.3114831648e-08  3.2805108495e-08    0.023541666667    0.023541666667
 3.2874555245e-08  9.9615819604e-13  9.2277390019e-06      0.0000000000  3.2860173131e-08  3.3432162664e-08    0.023558333333    0.023558333333
 3.2573210256e-08 -2.2375189861e-12  9.2273990075e-06      0.0000000000  3.2605514615e-08  3.1936732098e-08    0.023575000000    0.023575000000
 3.2027731279e-08 -2.2380816471e-11  9.2270691097e-06      0.0000000000  3.2350856098e-08  3.3195274136e-08    0.023591666667    0.023591666667
 3.1717135757e-08 -2.6255219733e-11  9.2267390059e-06      0.0000000000  3.2096197582e-08  3.2395745875e-08    0.023608333333    0.023608333333
 3.1411928052e-08 -2.9756442895e-11  9.2263990080e-06      0.0000000000  3.1841539065e-08  3.1716037582e-08    0.023625000000    0.023625000000
 3.1291295448e-08 -2.0441816492e-11  9.2260691068e-06      0.0000000000  3.1586425802e-08  3.1799507496e-08    0.023641666667    0.023641666667
 3.0932385378e-08 -2.7662663483e-11  9.2257390100e-06      0.0000000000  3.1331767285e-08  3.1868732969e-08    0.023658333333    0.023658333333
 3.0578509638e-08 -3.4534814246e-11  9.2253990016e-06      0.0000000000  3.1077108769e-08  3.0691098103e-08    0.023675000000    0.023675000000
 3.0325310008e-08 -3.4402268916e-11  9.2250691143e-06      0.0000000000  3.0821995505e-08  3.0606496180e-08    0.023691666667    0.023691666667
 2.9899915367e-08 -4.6228082454e-11  9.2247390070e-06      0.0000000000  3.0567336988e-08  3.0366195904e-08    0.023708333333    0.023708333333
 2.9878220946e-08 -3.0092130198e-11  9.2243990091e-06      0.0000000000  3.0312678472e-08  3.0120738700e-08    0.023725000000    0.023725000000
 2.9475330569e-08 -4.0327717980e-11  9.2240691113e-06      0.0000000000  3.0057565208e-08  2.9923643419e-08    0.023741666667    0.023741666667
 2.9533353401e-08 -1.8670254788e-11  9.2237390075e-06      0.0000000000  2.9802906691e-08  2.9561966662e-08    0.023758333333    0.023758333333
 2.9233553553e-08 -2.1796909876e-11  9.2233990096e-06      0.0000000000  2.9548248175e-08  2.8926296650e-08    0.023775000000    0.023775000000
 2.9097583104e-08 -1.3544639218e-11  9.2230691049e-06      0.0000000000  2.9293134911e-08  2.8685477537e-08    0.023791666667    0.023791666667
 2.9050399083e-08  8.2580936993e-13  9.2227390116e-06      0.0000000000  2.9038476395e-08  2.7935883434e-08    0.023808333333    0.023808333333
 2.8890741475e-08  7.4374200471e-12  9.2223990066e-06      0.0000000000  2.8783363131e-08  2.8709265440e-08    0.023825000000    0.023825000000
 2.8943092471e-08  2.8702030914e-11  9.2220691124e-06      0.0000000000  2.8528704614e-08  2.7620005859e-08    0.023841666667    0.023841666667
 2.8628532908e-08  2.4584561063e-11  9.2217390086e-06      0.0000000000  2.8273591350e-08  2.8167174808e-08    0.023858333333    0.023858333333
 2.8329505496e-08  2.1511407767e-11  9.2213990107e-06      0.0000000000  2.8018932834e-08  2.8027654744e-08    0.023875000000    0.023875000000
 2.8066665775e-08  2.0976244792e-11  9.2210691129e-06      0.0000000000  2.7763819570e-08  2.8115322524e-08    0.023891666667    0.023891666667
 2.7738780281e-08  1.5935771844e-11  9.2207390057e-06      0.0000000000  2.7508706306e-08  2.7283437683e-08    0.023908333333    0.023908333333
 2.7149287391e-08 -7.2560915182e-12  9.2203990112e-06      0.0000000000  2.7254047790e-08  2.7638275221e-08    0.023925000000    0.023925000000
 2.6793794042e-08 -1.4208786301e-11  9.2200691100e-06      0.0000000000  2.6998934526e-08  2.6787099066e-08    0.023941666667    0.023941666667
 2.6452470133e-08 -2.0180053510e-11  9.2197390097e-06      0.0000000000  2.6743821262e-08  2.7611845964e-08    0.023958333333    0.023958333333
 2.6202626159e-08 -1.9846580498e-11  9.2193990083e-06      0.0000000000  2.6489162746e-08  2.6243530533e-08    0.023975000000    0.023975000000
 2.5912716162e-08 -2.2256730576e-11  9.2190691140e-06      0.0000000000  2.6234049482e-08  2.5623897310e-08    0.023991666667    0.023991666667
 2.5627093707e-08 -2.4369909613e-11  9.2187390102e-06      0.0000000000  2.5978936218e-08  2.5718215640e-08    0.024008333333    0.024008333333
 2.5433128601e-08 -2.0166060227e-11  9.2183990088e-06      0.0000000000  2.5724277701e-08  2.5425135462e-08    0.024025000000    0.024025000000
 2.5235469580e-08 -1.6186567534e-11  9.2180691145e-06      0.0000000000  2.5469164438e-08  2.5593961971e-08    0.024041666667    0.024041666667
 2.5082912989e-08 -9.0831141841e-12  9.2177390073e-06      0.0000000000  2.5214051174e-08  2.5717319467e-08    0.024058333333    0.024058333333
 2.4745834407e-08 -1.4760334351e-11  9.2173990128e-06      0.0000000000  2.4958937910e-08  2.5766813399e-08    0.024075000000    0.024075000000
 2.4498943854e-08 -1.4190799104e-11  9.2170691116e-06      0.0000000000  2.4703824646e-08  2.4513271066e-08    0.024091666667    0.024091666667
 2.4051849861e-08 -2.7488092256e-11  9.2167390148e-06      0.0000000000  2.4448711382e-08  2.4697725583e-08    0.024108333333    0.024108333333
 2.3919428245e-08 -1.9021513842e-11  9.2163990099e-06      0.0000000000  2.4194052866e-08  2.4141516288e-08    0.024125000000    0.024125000000
 2.3733324776e-08 -1.4241640979e-11  9.2160691121e-06      0.0000000000  2.3938939602e-08  2.4123105425e-08    0.024141666667    0.024141666667
 2.3473163333e-08 -1.4591296525e-11  9.2157390118e-06      0.0000000000  2.3683826338e-08  2.4028378314e-08    0.024158333333    0.024158333333
 2.3373761909e-08 -3.8061203064e-12  9.2153990104e-06      0.0000000000  2.3428713074e-08  2.3597601864e-08    0.024175000000    0.024175000000
 2.2852885945e-08 -2.2213824830e-11  9.2150691161e-06      0.0000000000  2.3173599810e-08  2.3222655450e-08    0.024191666667    0.024191666667
 2.2601495703e-08 -2.1955954648e-11  9.2147390089e-06      0.0000000000  2.2918486546e-08  2.2608037654e-08    0.024208333333    0.024208333333
 2.2306905665e-08 -2.4690261563e-11  9.2143990179e-06      0.0000000000  2.2663373283e-08  2.3044206868e-08    0.024225000000    0.024225000000
 2.2079150748e-08 -2.2795321628e-11  9.2140691132e-06      0.0000000000  2.2408260019e-08  2.2074547143e-08    0.024241666667    0.024241666667
 2.1868623219e-08 -1.9707149199e-11  9.2137390129e-06      0.0000000000  2.2153146755e-08  2.2198392031e-08    0.024258333333    0.024258333333
 2.1505536962e-08 -2.7185756804e-11  9.2133990115e-06      0.0000000000  2.1898033491e-08  2.1998812621e-08    0.024275000000    0.024275000000
 2.1302953158e-08 -2.3547372743e-11  9.2130691137e-06      0.0000000000  2.1642920227e-08  2.1271575689e-08    0.024291666667    0.024291666667
 2.0766805818e-08 -4.2981331647e-11  9.2127390134e-06      0.0000000000  2.1387352216e-08  2.0869634014e-08    0.024308333333    0.024308333333
 2.0399341976e-08 -5.0763146926e-11  9.2123990085e-06      0.0000000000  2.1132238952e-08  2.0880325206e-08    0.024325000000    0.024325000000
 2.0345724844e-08 -3.6806781902e-11  9.2120691212e-06      0.0000000000  2.0877125688e-08  2.0536147416e-08    0.024341666667    0.024341666667
 2.0067666709e-08 -3.8396028294e-11  9.2117390105e-06      0.0000000000  2.0622012424e-08  2.0402664732e-08    0.024358333333    0.024358333333
 1.9982943180e-08 -2.6594206960e-11  9.2113990160e-06      0.0000000000  2.0366899161e-08  2.0437929945e-08    0.024375000000    0.024375000000
 2.0038020694e-08 -5.0777524403e-12  9.2110691148e-06      0.0000000000  2.0111331149e-08  1.9860841379e-08    0.024391666667    0.024391666667
 1.9734759116e-08 -8.4126822226e-12  9.2107390145e-06      0.0000000000  1.9856217886e-08  2.0001917955e-08    0.024408333333    0.024408333333
 1.9609092450e-08  5.5326645882e-13  9.2103990131e-06      0.0000000000  1.9601104622e-08  2.0021272158e-08    0.024425000000    0.024425000000
 1.9306693350e-08 -2.7219248975e-12  9.2100691118e-06      0.0000000000  1.9345991358e-08  2.0491118628e-08    0.024441666667    0.024441666667
 1.8971046026e-08 -8.2685133782e-12  9.2097390185e-06      0.0000000000  1.9090423347e-08  1.9458915427e-08    0.024458333333    0.024458333333
 1.8731046749e-08 -7.2216629253e-12  9.2093990101e-06      0.0000000000  1.8835310083e-08  1.9042131861e-08    0.024475000000    0.024475000000
 1.8490642150e-08 -6.2028865716e-12  9.2090691193e-06      0.0000000000  1.8580196819e-08  1.9305402479e-08    0.024491666667    0.024491666667
 1.8062099930e-08 -1.8183718073e-11  9.2087390121e-06      0.0000000000  1.8324628808e-08  1.8119529106e-08    0.024508333333    0.024508333333
 1.7749999286e-08 -2.2130874191e-11  9.2083990176e-06      0.0000000000  1.8069515544e-08  1.8283811858e-08    0.024525000000    0.024525000000
 1.7397982302e-08 -2.8842783143e-11  9.2080691164e-06      0.0000000000  1.7814402280e-08  1.7834545933e-08    0.024541666667    0.024541666667
 1.6937107032e-08 -4.3063120885e-11  9.2077390126e-06      0.0000000000  1.7558834269e-08  1.7852123512e-08    0.024558333333    0.024558333333
 1.6514279459e-08 -5.4679632338e-11  9.2073990182e-06      0.0000000000  1.7303721005e-08  1.7523668064e-08    0.024575000000    0.024575000000
 1.6262732852e-08 -5.4401095069e-11  9.2070691134e-06      0.0000000000  1.7048152994e-08  1.7519470198e-08    0.024591666667    0.024591666667
 1.6130905398e-08 -4.5861865293e-11  9.2067390201e-06      0.0000000000  1.6793039730e-08  1.6895969279e-08    0.024608333333    0.024608333333
 1.5986500342e-08 -3.8162309101e-11  9.2063990117e-06      0.0000000000  1.6537471719e-08  1.6560360165e-08    0.024625000000    0.024625000000
 1.5696751191e-08 -4.0561318369e-11  9.2060691210e-06      0.0000000000  1.6282358455e-08  1.6919128289e-08    0.024641666667    0.024641666667
 1.5442443211e-08 -4.0474043998e-11  9.2057390137e-06      0.0000000000  1.6026790444e-08  1.5802118774e-08    0.024658333333    0.024658333333
 1.5367307078e-08 -2.7976666816e-11  9.2053990157e-06      0.0000000000  1.5771222433e-08  1.5166322983e-08    0.024675000000    0.024675000000
 1.5068207198e-08 -3.1023342038e-11  9.2050691215e-06      0.0000000000  1.5516109169e-08  1.4127343452e-08    0.024691666667    0.024691666667
 1.4840760286e-08 -2.9075571018e-11  9.2047390107e-06      0.0000000000  1.5260541157e-08  1.4398207961e-08    0.024708333333    0.024708333333
 1.4781271995e-08 -1.5525864040e-11  9.2043990233e-06      0.0000000000  1.5005427894e-08  1.4347000293e-08    0.024725000000    0.024725000000
 1.4390688973e-08 -2.4877501558e-11  9.2040691150e-06      0.0000000000  1.4749859882e-08  1.4585178053e-08    0.024741666667    0.024741666667
 1.4456411468e-08 -2.6237364346e-12  9.2037390217e-06      0.0000000000  1.4494291871e-08  1.5214857853e-08    0.024758333333    0.024758333333
 1.4050836667e-08 -1.3045257291e-11  9.2033990133e-06      0.0000000000  1.4239178607e-08  1.4725830125e-08    0.024775000000    0.024775000000
 1.3601542332e-08 -2.6463456764e-11  9.2030691191e-06      0.0000000000  1.3983610596e-08  1.4547695990e-08    0.024791666667    0.024791666667
 1.3282037352e-08 -3.0891966947e-11  9.2027390188e-06      0.0000000000  1.3728042585e-08  1.4275557971e-08    0.024808333333    0.024808333333
 1.2737984496e-08 -5.0873491076e-11  9.2023990138e-06      0.0000000000  1.3472474574e-08  1.3576291085e-08    0.024825000000    0.024825000000
 1.2553570982e-08 -4.5976565691e-11  9.2020691231e-06      0.0000000000  1.3217361310e-08  1.2041051549e-08    0.024841666667    0.024841666667
 1.2155559104e-08 -5.5842753145e-11  9.2017390123e-06      0.0000000000  1.2961793299e-08  1.2672130637e-08    0.024858333333    0.024858333333
 1.2051839885e-08 -4.5325145894e-11  9.2013990249e-06      0.0000000000  1.2706225288e-08  1.2470884658e-08    0.024875000000    0.024875000000
 1.1922109250e-08 -3.6609185169e-11  9.2010691166e-06      0.0000000000  1.2450657276e-08  1.2393860905e-08    0.024891666667    0.024891666667
 1.1840023862e-08 -2.4593139066e-11  9.2007390198e-06      0.0000000000  1.2195089265e-08  1.2333156942e-08    0.024908333333    0.024908333333
 1.1295971005e-08 -4.4574663196e-11  9.2003990184e-06      0.0000000000  1.1939521254e-08  1.2100010331e-08    0.024925000000    0.024925000000
 1.1318281024e-08 -2.5327806206e-11  9.2000691172e-06      0.0000000000  1.1683953243e-08  1.2266195487e-08    0.024941666667    0.024941666667
 1.0975745363e-08 -3.1351506323e-11  9.1997390239e-06      0.0000000000  1.1428385232e-08  1.1844003435e-08    0.024958333333    0.024958333333
 1.0533862310e-08 -4.4287870564e-11  9.1993990154e-06      0.0000000000  1.1173271968e-08  1.0648602323e-08    0.024975000000    0.024975000000
 1.0807658225e-08 -7.6221731575e-12  9.1990691247e-06      0.0000000000  1.0917703957e-08  1.1756036932e-08    0.024991666667    0.024991666667
 1.0341359335e-08 -2.2218170847e-11  9.1987390139e-06      0.0000000000  1.0662135945e-08  1.0177906846e-08    0.025008333333    0.025008333333
 1.0350942188e-08 -3.8528442735e-12  9.1983990230e-06      0.0000000000  1.0406567934e-08  9.9272455466e-09    0.025025000000    0.025025000000
 9.7400795940e-09 -2.8461857152e-11  9.1980691217e-06      0.0000000000  1.0150999923e-08  9.9021841333e-09    0.025041666667    0.025041666667
 9.6184511256e-09 -1.9184710544e-11  9.1977390179e-06      0.0000000000  9.8954319117e-09  9.6862063203e-09    0.025058333333    0.025058333333
 9.4486125190e-09 -1.3215278402e-11  9.1973990235e-06      0.0000000000  9.6394091532e-09  9.5520161307e-09    0.025075000000    0.025075000000
 9.2580948002e-09 -8.7096552916e-12  9.1970691188e-06      0.0000000000  9.3838411420e-09  8.6415038568e-09    0.025091666667    0.025091666667
 8.9939693160e-09 -9.3023774272e-12  9.1967390255e-06      0.0000000000  9.1282731308e-09  9.0319524997e-09    0.025108333333    0.025108333333
 8.5887118721e-09 -1.9670419478e-11  9.1963990136e-06      0.0000000000  8.8727051196e-09  8.2073471028e-09    0.025125000000    0.025125000000
 8.4104898126e-09 -1.4313153671e-11  9.1960691263e-06      0.0000000000  8.6171371084e-09  8.1310937438e-09    0.025141666667    0.025141666667
 8.1023953031e-09 -1.7951332621e-11  9.1957390190e-06      0.0000000000  8.3615690972e-09  9.0337448467e-09    0.025158333333    0.025158333333
 7.9773032951e-09 -8.9140835393e-12  9.1953990211e-06      0.0000000000  8.1060010860e-09  8.7334323909e-09    0.025175000000    0.025175000000
 7.6004597476e-09 -1.7282576876e-11  9.1950691233e-06      0.0000000000  7.8499783274e-09  7.6282303550e-09    0.025191666667    0.025191666667
 7.3226382793e-09 -1.8823933372e-11  9.1947390195e-06      0.0000000000  7.5944103162e-09  7.2854990202e-09    0.025208333333    0.025208333333
 6.9142905555e-09 -2.9406019610e-11  9.1943990251e-06      0.0000000000  7.3388423050e-09  6.6675638098e-09    0.025225000000    0.025225000000
 6.8223489209e-09 -1.8072653431e-11  9.1940691169e-06      0.0000000000  7.0832742938e-09  7.0278884454e-09    0.025241666667    0.025241666667
 6.4002233933e-09 -2.9577543677e-11  9.1937390271e-06      0.0000000000  6.8272515353e-09  6.3672985210e-09    0.025258333333    0.025258333333
 6.6124627260e-09  2.8245178911e-12  9.1933990187e-06      0.0000000000  6.5716835241e-09  6.7557347042e-09    0.025275000000    0.025275000000
 6.0369427712e-09 -1.9336533471e-11  9.1930691244e-06      0.0000000000  6.3161155129e-09  6.4650285993e-09    0.025291666667    0.025291666667
 5.9670680158e-09 -6.4432363942e-12  9.1927390241e-06      0.0000000000  6.0600927543e-09  6.1244983924e-09    0.025308333333    0.025308333333
 5.3913420602e-09 -2.8618556135e-11  9.1923990227e-06      0.0000000000  5.8045247431e-09  5.7094285617e-09    0.025325000000    0.025325000000
 5.2288278997e-09 -2.2173303319e-11  9.1920691249e-06      0.0000000000  5.5489567319e-09  5.2566722771e-09    0.025341666667    0.025341666667
 5.0742662202e-09 -1.5145734875e-11  9.1917390177e-06      0.0000000000  5.2929339734e-09  5.7783867541e-09    0.025358333333    0.025358333333
 4.6654036278e-09 -2.5763482806e-11  9.1913990267e-06      0.0000000000  5.0373659622e-09  5.4533430541e-09    0.025375000000    0.025375000000
 4.4197104837e-09 -2.5048015620e-11  9.1910691220e-06      0.0000000000  4.7813432036e-09  4.2285568845e-09    0.025391666667    0.025391666667
 4.2105623790e-09 -2.1832801731e-11  9.1907390252e-06      0.0000000000  4.5257751924e-09  5.0022218931e-09    0.025408333333    0.025408333333
 3.7754937991e-09 -3.4234175506e-11  9.1903990237e-06      0.0000000000  4.2697524339e-09  4.2764628608e-09    0.025425000000    0.025425000000
 3.6934017307e-09 -2.2218592061e-11  9.1900691330e-06      0.0000000000  4.0141844227e-09  4.2509454996e-09    0.025441666667    0.025441666667
 3.5526648191e-09 -1.4233469206e-11  9.1897390816e-06      0.0000000000  3.7581616641e-09  3.8977116403e-09    0.025458333333    0.025458333333
 3.0753057406e-09 -2.9595536333e-11  9.1893990767e-06      0.0000000000  3.5025936529e-09  3.9119089152e-09    0.025475000000    0.025475000000
 2.7444751957e-09 -3.4776999448e-11  9.1890691824e-06      0.0000000000  3.2465708944e-09  3.1178048619e-09    0.025491666667    0.025491666667
 2.6438975565e-09 -2.4041794796e-11  9.1887390751e-06      0.0000000000  2.9910028832e-09  3.2539917889e-09    0.025508333333    0.025508333333
 2.4158630407e-09 -2.2103225902e-11  9.1883990842e-06      0.0000000000  2.7349801247e-09  2.3745154182e-09    0.025525000000    0.025525000000
 1.8507238189e-09 -4.3545269418e-11  9.1880691795e-06      0.0000000000  2.4794121135e-09  3.1403192557e-09    0.025541666667    0.025541666667
 1.7866910981e-09 -3.0247331485e-11  9.1877390792e-06      0.0000000000  2.2233893549e-09  1.8386665557e-09    0.025558333333    0.025558333333
 1.4512772347e-09 -3.5746252146e-11  9.1873990812e-06      0.0000000000  1.9673665964e-09  9.5738211567e-10    0.025575000000    0.025575000000
 1.4935920475e-09 -1.5113789385e-11  9.1870691800e-06      0.0000000000  1.7117985852e-09  1.6841788226e-09    0.025591666667    0.025591666667
 1.1246735212e-09 -2.2933366534e-11  9.1867390832e-06      0.0000000000  1.4557758266e-09  8.2487421670e-10    0.025608333333    0.025608333333
 1.1250458585e-09 -5.1744968021e-12  9.1863990783e-06      0.0000000000  1.1997530681e-09  1.3269810706e-10    0.025625000000    0.025625000000
 8.3449876717e-10 -7.5657793879e-12  9.1860691840e-06      0.0000000000  9.4373030951e-10  6.3142465737e-11    0.025641666667    0.025641666667
 5.3810462524e-10 -1.0393547739e-11  9.1857390802e-06      0.0000000000  6.8816229831e-10  6.7216310817e-10    0.025658333333    0.025658333333
 4.1513241509e-10 -1.1779761646e-12  9.1853990823e-06      0.0000000000  4.3213953976e-10 -4.5091523059e-10    0.025675000000    0.025675000000
 7.4902780713e-11 -7.0104548774e-12  9.1850691811e-06      0.0000000000  1.7611678121e-10 -1.1821661254e-11    0.025691666667    0.025691666667
-3.3984154473e-11  3.1807147774e-12  9.1847390808e-06      0.0000000000 -7.9905977336e-11 -2.0013001473e-11    0.025708333333    0.025708333333
 4.4867621637e-11  2.6343862340e-11  9.1843990828e-06      0.0000000000 -3.3547398853e-10 -5.6042134311e-10    0.025725000000    0.025725000000
-3.2053285893e-10  1.8767958009e-11  9.1840691816e-06      0.0000000000 -5.9149674708e-10 -1.4703380306e-10    0.025741666667    0.025741666667
-4.5188697930e-10  2.7402967575e-11  9.1837390848e-06      0.0000000000 -8.4751950563e-10 -1.5934892735e-09    0.025758333333    0.025758333333
-5.5631911263e-10  3.7902693233e-11  9.1833990799e-06      0.0000000000 -1.1035422642e-09 -8.8183318206e-10    0.025775000000    0.025775000000
-1.0649890455e-09  2.0403418364e-11  9.1830691856e-06      0.0000000000 -1.3595650227e-09 -9.0510224832e-10    0.025791666667    0.025791666667
-1.0960771265e-09  3.5983223522e-11  9.1827390818e-06      0.0000000000 -1.6155877813e-09 -1.3753732220e-09    0.025808333333    0.025808333333
-1.5252229815e-09  2.3992079514e-11  9.1823990839e-06      0.0000000000 -1.8716105398e-09 -3.7576696595e-09    0.025825000000    0.025825000000
-1.6441914007e-09  3.3484968410e-11  9.1820691827e-06      0.0000000000 -2.1276332984e-09 -1.7080737025e-09    0.025841666667    0.025841666667
-1.8265316675e-09  3.8588489476e-11  9.1817390789e-06      0.0000000000 -2.3836560569e-09 -2.4544918923e-09    0.025858333333    0.025858333333
-2.0512186026e-09  4.0758924151e-11  9.1813990844e-06      0.0000000000 -2.6396788155e-09 -2.4756541647e-09    0.025875000000    0.025875000000
-2.3437773417e-09  3.8228307423e-11  9.1810691797e-06      0.0000000000 -2.8957015740e-09 -2.6613507469e-09    0.025891666667    0.025891666667
-2.5641959712e-09  4.0694380683e-11  9.1807390864e-06      0.0000000000 -3.1517243326e-09 -3.5767526693e-09    0.025908333333    0.025908333333
-2.6951511820e-09  4.9357020197e-11  9.1803990815e-06      0.0000000000 -3.4077470911e-09 -3.6243599211e-09    0.025925000000    0.025925000000
-2.8460983615e-09  5.6634942243e-11  9.1800691872e-06      0.0000000000 -3.6637698497e-09 -3.7195272576e-09    0.025941666667    0.025941666667
-2.6400727804e-09  8.8638113942e-11  9.1797390834e-06      0.0000000000 -3.9197926082e-09 -4.3016312505e-09    0.025958333333    0.025958333333
-3.0509358592e-09  7.7913302423e-11  9.1793990820e-06      0.0000000000 -4.1758153668e-09 -4.2327988369e-09    0.025975000000    0.025975000000
-3.0159965253e-09  9.8066409802e-11  9.1790691843e-06      0.0000000000 -4.4318381253e-09 -3.2542717111e-09    0.025991666667    0.025991666667
-3.3555918587e-09  9.2277865112e-11  9.1787390840e-06      0.0000000000 -4.6878608839e-09 -5.3630622860e-09    0.026008333333    0.026008333333
-3.3714422890e-09  1.0891308614e-10  9.1783990860e-06      0.0000000000 -4.9438836424e-09 -4.6001513593e-09    0.026025000000    0.026025000000
-4.0301295317e-09  8.1054556717e-11  9.1780691813e-06      0.0000000000 -5.2003611483e-09 -5.1456065728e-09    0.026041666667    0.026041666667
-4.0947417802e-09  9.4312354425e-11  9.1777390880e-06      0.0000000000 -5.4563839069e-09 -6.0235893210e-09    0.026058333333    0.026058333333
-4.4587387297e-09  8.6833663833e-11  9.1773990831e-06      0.0000000000 -5.7124066654e-09 -5.1264095931e-09    0.026075000000    0.026075000000
-4.5546120753e-09  9.7926202687e-11  9.1770691853e-06      0.0000000000 -5.9684294240e-09 -6.6692901875e-09    0.026091666667    0.026091666667
-4.9433908473e-09  8.8731031690e-11  9.1767390850e-06      0.0000000000 -6.2244521825e-09 -6.3370613772e-09    0.026108333333    0.026108333333
-4.8051935792e-09  1.1606766181e-10  9.1763990836e-06      0.0000000000 -6.4809296884e-09 -6.2487804265e-09    0.026125000000    0.026125000000
-5.1427513478e-09  1.1042024637e-10  9.1760691859e-06      0.0000000000 -6.7369524470e-09 -6.4666606429e-09    0.026141666667    0.026141666667
-5.2597174708e-09  1.2005182169e-10  9.1757390821e-06      0.0000000000 -6.9929752055e-09 -7.2861720010e-09    0.026158333333    0.026158333333
-5.4125008169e-09  1.2723406154e-10  9.1753990911e-06      0.0000000000 -7.2494527114e-09 -7.7577636514e-09    0.026175000000    0.026175000000
-5.8797285080e-09  1.1260522914e-10  9.1750691829e-06      0.0000000000 -7.5054754700e-09 -7.4423263024e-09    0.026191666667    0.026191666667
-5.9339760547e-09  1.2658092432e-10  9.1747390861e-06      0.0000000000 -7.7614982285e-09 -7.4990682350e-09    0.026208333333    0.026208333333
-6.2183445168e-09  1.2464909385e-10  9.1743990847e-06      0.0000000000 -8.0179757344e-09 -8.0871309954e-09    0.026225000000    0.026225000000
-6.3991944168e-09  1.2985584321e-10  9.1740691869e-06      0.0000000000 -8.2739984930e-09 -9.5139020936e-09    0.026241666667    0.026241666667
-6.6679759549e-09  1.2897212310e-10  9.1737390866e-06      0.0000000000 -8.5300212515e-09 -8.6196467213e-09    0.026258333333    0.026258333333
-7.0978344569e-09  1.1696311600e-10  9.1733990852e-06      0.0000000000 -8.7864987574e-09 -8.6461074230e-09    0.026275000000    0.026275000000
-7.4406873291e-09  1.1094894216e-10  9.1730691910e-06      0.0000000000 -9.0425215160e-09 -8.6882904668e-09    0.026291666667    0.026291666667
-7.9279986944e-09  9.4960537918e-11  9.1727390837e-06      0.0000000000 -9.2989990219e-09 -8.4403962994e-09    0.026308333333    0.026308333333
-8.0388684212e-09  1.0501437211e-10  9.1723990892e-06      0.0000000000 -9.5550217804e-09 -9.5424853115e-09    0.026325000000    0.026325000000
-8.0117716083e-09  1.2465577505e-10  9.1720691845e-06      0.0000000000 -9.8114992863e-09 -9.0335530987e-09    0.026341666667    0.026341666667
-8.2644108019e-09  1.2489013323e-10  9.1717390877e-06      0.0000000000 -1.0067522045e-08 -1.0305380516e-08    0.026358333333    0.026358333333
-8.1256983981e-09  1.5226244355e-10  9.1713990863e-06      0.0000000000 -1.0323999551e-08 -1.0727462511e-08    0.026375000000    0.026375000000
-8.3194718458e-09  1.5657406035e-10  9.1710691851e-06      0.0000000000 -1.0580022309e-08 -1.0039405655e-08    0.026391666667    0.026391666667
-8.3028297766e-09  1.7549132918e-10  9.1707390917e-06      0.0000000000 -1.0836499815e-08 -1.1396841225e-08    0.026408333333    0.026408333333
-8.2962176244e-09  1.9371388898e-10  9.1703990833e-06      0.0000000000 -1.1092977321e-08 -1.1299645706e-08    0.026425000000    0.026425000000
-8.5515668915e-09  1.9376053748e-10  9.1700691926e-06      0.0000000000 -1.1349000080e-08 -1.0865017282e-08    0.026441666667    0.026441666667
-8.7965178518e-09  1.9455890854e-10  9.1697390853e-06      0.0000000000 -1.1605477586e-08 -1.1694339381e-08    0.026458333333    0.026458333333
-8.8983748409e-09  2.0523699818e-10  9.1693990908e-06      0.0000000000 -1.1861500344e-08 -1.2190677998e-08    0.026475000000    0.026475000000
-9.2356475818e-09  1.9964082229e-10  9.1690691861e-06      0.0000000000 -1.2117977850e-08 -1.1893258453e-08    0.026491666667    0.026491666667
-9.5255652420e-09  1.9732463390e-10  9.1687390893e-06      0.0000000000 -1.2374455356e-08 -1.1698710192e-08    0.026508333333    0.026508333333
-1.0220971342e-08  1.6689132357e-10  9.1683990914e-06      0.0000000000 -1.2630478114e-08 -1.2956261723e-08    0.026525000000    0.026525000000
-1.0217404048e-08  1.8490298526e-10  9.1680691832e-06      0.0000000000 -1.2886955620e-08 -1.3567121879e-08    0.026541666667    0.026541666667
-1.0581386630e-08  1.7745678730e-10  9.1677390933e-06      0.0000000000 -1.3143433126e-08 -1.3856978978e-08    0.026558333333    0.026558333333
-1.0824811687e-08  1.7836084799e-10  9.1673990849e-06      0.0000000000 -1.3399910632e-08 -1.3171799310e-08    0.026575000000    0.026575000000
-1.0937326215e-08  1.8830075723e-10  9.1670691942e-06      0.0000000000 -1.3655933391e-08 -1.2261161258e-08    0.026591666667    0.026591666667
-1.0984175425e-08  2.0282038591e-10  9.1667390869e-06      0.0000000000 -1.3912410897e-08 -1.3886096755e-08    0.026608333333    0.026608333333
-1.1128203602e-08  2.1060904111e-10  9.1663990925e-06      0.0000000000 -1.4168888403e-08 -1.4424697028e-08    0.026625000000    0.026625000000
-1.1176442984e-08  2.2503238137e-10  9.1660691912e-06      0.0000000000 -1.4425365908e-08 -1.4160042843e-08    0.026641666667    0.026641666667
-1.1269284296e-08  2.3633493003e-10  9.1657390874e-06      0.0000000000 -1.4681388667e-08 -1.4660595048e-08    0.026658333333    0.026658333333
-1.1405072171e-08  2.4469433888e-10  9.1653990930e-06      0.0000000000 -1.4937866173e-08 -1.4964445031e-08    0.026675000000    0.026675000000
-1.1415651605e-08  2.6172614603e-10  9.1650691848e-06      0.0000000000 -1.5194343679e-08 -1.5436068126e-08    0.026691666667    0.026691666667
-1.1814670898e-08  2.5185317630e-10  9.1647390949e-06      0.0000000000 -1.5450821185e-08 -1.4620047128e-08    0.026708333333    0.026708333333
-1.2014062806e-08  2.5580713532e-10  9.1643990865e-06      0.0000000000 -1.5707298691e-08 -1.6370211080e-08    0.026725000000    0.026725000000
-1.2466263182e-08  2.4225064761e-10  9.1640691923e-06      0.0000000000 -1.5963776196e-08 -1.6164201232e-08    0.026741666667    0.026741666667
-1.2814554164e-08  2.3589130777e-10  9.1637390920e-06      0.0000000000 -1.6220253702e-08 -1.5813876006e-08    0.026758333333    0.026758333333
-1.2960642348e-08  2.4353727918e-10  9.1633990906e-06      0.0000000000 -1.6476731208e-08 -1.5840431042e-08    0.026775000000    0.026775000000
-1.2892521708e-08  2.6602014368e-10  9.1630691928e-06      0.0000000000 -1.6733208714e-08 -1.6922395456e-08    0.026791666667    0.026791666667
-1.3064325265e-08  2.7188497358e-10  9.1627390890e-06      0.0000000000 -1.6989686220e-08 -1.6844412639e-08    0.026808333333    0.026808333333
-1.3509119230e-08  2.5884148127e-10  9.1623990946e-06      0.0000000000 -1.7246163726e-08 -1.6881564534e-08    0.026825000000    0.026825000000
-1.3608248037e-08  2.6974003231e-10  9.1620691864e-06      0.0000000000 -1.7502641232e-08 -1.7305265930e-08    0.026841666667    0.026841666667
-1.3854084187e-08  2.7047709190e-10  9.1617390931e-06      0.0000000000 -1.7759118738e-08 -1.7712506034e-08    0.026858333333    0.026858333333
-1.3829188991e-08  2.8996600270e-10  9.1613990916e-06      0.0000000000 -1.8015596244e-08 -1.8606211125e-08    0.026875000000    0.026875000000
-1.3902905416e-08  3.0262470908e-10  9.1610691904e-06      0.0000000000 -1.8272073750e-08 -1.8386082613e-08    0.026891666667    0.026891666667
-1.4401788632e-08  2.8583479578e-10  9.1607390936e-06      0.0000000000 -1.8528551255e-08 -1.8533778295e-08    0.026908333333    0.026908333333
-1.4239128295e-08  3.1486582826e-10  9.1603990922e-06      0.0000000000 -1.8785028761e-08 -1.8600896973e-08    0.026925000000    0.026925000000
-1.4963092960e-08  2.8248594387e-10  9.1600691944e-06      0.0000000000 -1.9041506267e-08 -1.7965730076e-08    0.026941666667    0.026941666667
-1.4901081807e-08  3.0454564268e-10  9.1597390871e-06      0.0000000000 -1.9297983773e-08 -1.9310053212e-08    0.026958333333    0.026958333333
-1.5357206086e-08  2.9071737104e-10  9.1593990962e-06      0.0000000000 -1.9554461279e-08 -2.0138416249e-08    0.026975000000    0.026975000000
-1.5580323628e-08  2.9302800517e-10  9.1590691915e-06      0.0000000000 -1.9810938785e-08 -1.9504507139e-08    0.026991666667    0.026991666667
-1.5693871220e-08  3.0295935553e-10  9.1587390947e-06      0.0000000000 -2.0067871038e-08 -2.0134847277e-08    0.027008333333    0.027008333333
-1.5925708663e-08  3.0466601715e-10  9.1583990932e-06      0.0000000000 -2.0324348544e-08 -2.0443885633e-08    0.027025000000    0.027025000000
-1.6185971284e-08  3.0440384607e-10  9.1580691920e-06      0.0000000000 -2.0580826050e-08 -2.1065798596e-08    0.027041666667    0.027041666667
-1.6259858441e-08  3.1705072692e-10  9.1577390952e-06      0.0000000000 -2.0837303556e-08 -2.1371220813e-08    0.027058333333    0.027058333333
-1.6376591103e-08  3.2672997005e-10  9.1573990903e-06      0.0000000000 -2.1093781062e-08 -2.0940287139e-08    0.027075000000    0.027075000000
-1.6537171816e-08  3.3340363303e-10  9.1570691960e-06      0.0000000000 -2.1350713315e-08 -2.1996561246e-08    0.027091666667    0.027091666667
-1.6858746544e-08  3.2889475941e-10  9.1567390922e-06      0.0000000000 -2.1607190821e-08 -2.1601663180e-08    0.027108333333    0.027108333333
-1.6975479206e-08  3.3857400254e-10  9.1563990978e-06      0.0000000000 -2.1863668327e-08 -2.2157966810e-08    0.027125000000    0.027125000000
-1.7156499425e-08  3.4383194995e-10  9.1560691931e-06      0.0000000000 -2.2120600580e-08 -2.2349496381e-08    0.027141666667    0.027141666667
-1.7244163256e-08  3.5552460752e-10  9.1557390963e-06      0.0000000000 -2.2377078086e-08 -2.2113849918e-08    0.027158333333    0.027158333333
-1.7582607610e-08  3.4984728138e-10  9.1553990948e-06      0.0000000000 -2.2633555592e-08 -2.2332909310e-08    0.027175000000    0.027175000000
-1.7723843213e-08  3.5786085800e-10  9.1550691901e-06      0.0000000000 -2.2890487845e-08 -2.2266859751e-08    0.027191666667    0.027191666667
-1.8008112015e-08  3.5593593040e-10  9.1547390968e-06      0.0000000000 -2.3146965351e-08 -2.3076466034e-08    0.027208333333    0.027208333333
-1.8417112863e-08  3.4537160127e-10  9.1543990919e-06      0.0000000000 -2.3403442857e-08 -2.3032286253e-08    0.027225000000    0.027225000000
-1.8255892722e-08  3.7433437793e-10  9.1540691976e-06      0.0000000000 -2.3660375110e-08 -2.3610553994e-08    0.027241666667    0.027241666667
-1.8682191765e-08  3.6257191213e-10  9.1537390938e-06      0.0000000000 -2.3916852616e-08 -2.3638162427e-08    0.027258333333    0.027258333333
-1.8697209970e-08  3.7929627366e-10  9.1533990994e-06      0.0000000000 -2.4173330122e-08 -2.4102616134e-08    0.027275000000    0.027275000000
-1.8926930554e-08  3.8118105420e-10  9.1530691947e-06      0.0000000000 -2.4430262375e-08 -2.4969215906e-08    0.027291666667    0.027291666667
-1.9000141995e-08  3.9387473755e-10  9.1527390944e-06      0.0000000000 -2.4686739881e-08 -2.4106153661e-08    0.027308333333    0.027308333333
-1.9147457963e-08  4.0146716567e-10  9.1523990964e-06      0.0000000000 -2.4943672134e-08 -2.5169502822e-08    0.027325000000    0.027325000000
-1.9324369326e-08  4.0697821010e-10  9.1520691917e-06      0.0000000000 -2.5200149640e-08 -2.4721557574e-08    0.027341666667    0.027341666667
-1.9723602696e-08  3.9712191009e-10  9.1517391019e-06      0.0000000000 -2.5457081894e-08 -2.6628441832e-08    0.027358333333    0.027358333333
-1.9716990544e-08  4.1534446989e-10  9.1513990935e-06      0.0000000000 -2.5713559399e-08 -2.5669268909e-08    0.027375000000    0.027375000000
-1.9888064475e-08  4.2129133386e-10  9.1510691992e-06      0.0000000000 -2.5970491653e-08 -2.5854949769e-08    0.027391666667    0.027391666667
-2.0123439735e-08  4.2275295319e-10  9.1507390954e-06      0.0000000000 -2.6226969159e-08 -2.6236279454e-08    0.027408333333    0.027408333333
-2.0269983266e-08  4.3039888311e-10  9.1503990975e-06      0.0000000000 -2.6483901412e-08 -2.6215070014e-08    0.027425000000    0.027425000000
-2.0586643959e-08  4.2626187116e-10  9.1500691963e-06      0.0000000000 -2.6740833665e-08 -2.6455543236e-08    0.027441666667    0.027441666667
-2.0567765004e-08  4.4533407497e-10  9.1497390960e-06      0.0000000000 -2.6997311171e-08 -2.6436723593e-08    0.027458333333    0.027458333333
-2.0846408787e-08  4.4383025437e-10  9.1493990980e-06      0.0000000000 -2.7254243424e-08 -2.7556500240e-08    0.027475000000    0.027475000000
-2.0991196307e-08  4.5156631458e-10  9.1490691933e-06      0.0000000000 -2.7510720930e-08 -2.7874327385e-08    0.027491666667    0.027491666667
-2.1203159404e-08  4.5468104417e-10  9.1487391035e-06      0.0000000000 -2.7767653183e-08 -2.7495576164e-08    0.027508333333    0.027508333333
-2.1379573594e-08  4.6025802217e-10  9.1483990951e-06      0.0000000000 -2.8024585437e-08 -2.7340145090e-08    0.027525000000    0.027525000000
-2.1573222593e-08  4.6460975620e-10  9.1480691973e-06      0.0000000000 -2.8281062943e-08 -2.8737672632e-08    0.027541666667    0.027541666667
-2.1547315355e-08  4.8420026225e-10  9.1477390970e-06      0.0000000000 -2.8537995196e-08 -2.9005880066e-08    0.027558333333    0.027558333333
-2.1890335340e-08  4.7823750854e-10  9.1473990991e-06      0.0000000000 -2.8794927449e-08 -2.9147129587e-08    0.027575000000    0.027575000000
-2.2133087355e-08  4.7918818667e-10  9.1470691979e-06      0.0000000000 -2.9051404955e-08 -2.9871190606e-08    0.027591666667    0.027591666667
-2.2171894310e-08  4.9429634910e-10  9.1467390941e-06      0.0000000000 -2.9308337208e-08 -2.9549825934e-08    0.027608333333    0.027608333333
-2.2871043547e-08  4.6366677021e-10  9.1463991066e-06      0.0000000000 -2.9565269461e-08 -3.0551417736e-08    0.027625000000    0.027625000000
-2.2903531540e-08  4.7921260729e-10  9.1460691949e-06      0.0000000000 -2.9822201715e-08 -3.0862075493e-08    0.027641666667    0.027641666667
-2.3175520713e-08  4.7813821200e-10  9.1457391016e-06      0.0000000000 -3.0078679221e-08 -3.0145073805e-08    0.027658333333    0.027658333333
-2.3446439330e-08  4.7716946486e-10  9.1453990967e-06      0.0000000000 -3.0335611474e-08 -2.9952648061e-08    0.027675000000    0.027675000000
-2.3550674401e-08  4.8774583476e-10  9.1450691989e-06      0.0000000000 -3.0592543727e-08 -3.1800384868e-08    0.027691666667    0.027691666667
-2.3766306771e-08  4.9060641696e-10  9.1447391021e-06      0.0000000000 -3.0849475980e-08 -3.0682133288e-08    0.027708333333    0.027708333333
-2.3737747172e-08  5.1038063533e-10  9.1443990972e-06      0.0000000000 -3.1106408234e-08 -3.1328557382e-08    0.027725000000    0.027725000000
-2.3958691685e-08  5.1284178142e-10  9.1440692030e-06      0.0000000000 -3.1362885740e-08 -3.1455122236e-08    0.027741666667    0.027741666667
-2.4205739853e-08  5.1352638960e-10  9.1437390957e-06      0.0000000000 -3.1619817993e-08 -3.1847850618e-08    0.027758333333    0.027758333333
-2.4101215903e-08  5.3856217902e-10  9.1433991047e-06      0.0000000000 -3.1876750246e-08 -3.1222651686e-08    0.027775000000    0.027775000000
-2.4556768463e-08  5.2480500421e-10  9.1430691965e-06      0.0000000000 -3.2133682499e-08 -3.1665298505e-08    0.027791666667    0.027791666667
-2.4704339327e-08  5.3237977730e-10  9.1427391032e-06      0.0000000000 -3.2390614753e-08 -3.2029679504e-08    0.027808333333    0.027808333333
-2.4983755279e-08  5.3082247341e-10  9.1423990983e-06      0.0000000000 -3.2647547006e-08 -3.2376011256e-08    0.027825000000    0.027825000000
-2.5332137431e-08  5.2448831620e-10  9.1420691971e-06      0.0000000000 -3.2904479259e-08 -3.2843971045e-08    0.027841666667    0.027841666667
-2.5523017370e-08  5.2906334310e-10  9.1417391072e-06      0.0000000000 -3.3161411512e-08 -3.3790062979e-08    0.027858333333    0.027858333333
-2.5808613614e-08  5.2707796935e-10  9.1413990953e-06      0.0000000000 -3.3418343766e-08 -3.2624141258e-08    0.027875000000    0.027875000000
-2.6376727873e-08  5.0552435625e-10  9.1410692046e-06      0.0000000000 -3.3675276019e-08 -3.3099050323e-08    0.027891666667    0.027891666667
-2.6247190984e-08  5.3229263405e-10  9.1407390973e-06      0.0000000000 -3.3932208272e-08 -3.3632808114e-08    0.027908333333    0.027908333333
-2.6869346400e-08  5.0699593110e-10  9.1403991063e-06      0.0000000000 -3.4189140525e-08 -3.5063572687e-08    0.027925000000    0.027925000000
-2.6819673985e-08  5.2823250098e-10  9.1400691981e-06      0.0000000000 -3.4446072779e-08 -3.4247661745e-08    0.027941666667    0.027941666667
-2.6983982485e-08  5.3464796367e-10  9.1397391013e-06      0.0000000000 -3.4703005032e-08 -3.4669665128e-08    0.027958333333    0.027958333333
-2.6886153963e-08  5.5922000303e-10  9.1393991069e-06      0.0000000000 -3.4959937285e-08 -3.5347926965e-08    0.027975000000    0.027975000000
-2.7306395947e-08  5.4790856897e-10  9.1390691952e-06      0.0000000000 -3.5216869538e-08 -3.5794237090e-08    0.027991666667    0.027991666667
-2.7418463325e-08  5.5794244438e-10  9.1387391088e-06      0.0000000000 -3.5473801792e-08 -3.4886020278e-08    0.028008333333    0.028008333333
-2.7647923402e-08  5.5984526860e-10  9.1383990969e-06      0.0000000000 -3.5730734045e-08 -3.4712948736e-08    0.028025000000    0.028025000000
-2.7830874578e-08  5.6496947077e-10  9.1380692062e-06      0.0000000000 -3.5987666298e-08 -3.4795679700e-08    0.028041666667    0.028041666667
-2.7915260090e-08  5.7692069427e-10  9.1377391024e-06      0.0000000000 -3.6244598551e-08 -3.5511407878e-08    0.028058333333    0.028058333333
-2.8193388738e-08  5.7545255387e-10  9.1373991045e-06      0.0000000000 -3.6501530805e-08 -3.6334472486e-08    0.028075000000    0.028075000000
-2.8566571683e-08  5.6740060231e-10  9.1370692032e-06      0.0000000000 -3.6758463058e-08 -3.8151456392e-08    0.028091666667    0.028091666667
-2.8703037470e-08  5.7574455390e-10  9.1367390994e-06      0.0000000000 -3.7015395311e-08 -3.7660133202e-08    0.028108333333    0.028108333333
-2.8892009757e-08  5.8048320927e-10  9.1363991085e-06      0.0000000000 -3.7272782312e-08 -3.7799668988e-08    0.028125000000    0.028125000000
-2.9168113397e-08  5.7915532833e-10  9.1360691968e-06      0.0000000000 -3.7529714565e-08 -3.7168118229e-08    0.028141666667    0.028141666667
-2.9010250990e-08  6.0788553596e-10  9.1357391069e-06      0.0000000000 -3.7786646818e-08 -3.7151358213e-08    0.028158333333    0.028158333333
-2.9530176813e-08  5.8966963160e-10  9.1353991020e-06      0.0000000000 -3.8043579071e-08 -3.7326222101e-08    0.028175000000    0.028175000000
-2.9700526401e-08  5.9566666622e-10  9.1350692043e-06      0.0000000000 -3.8300511325e-08 -3.8444269290e-08    0.028191666667    0.028191666667
-2.9601492661e-08  6.2035368092e-10  9.1347391075e-06      0.0000000000 -3.8557898325e-08 -3.8940843742e-08    0.028208333333    0.028208333333
-3.0082792656e-08  6.0481314383e-10  9.1343991026e-06      0.0000000000 -3.8814830578e-08 -3.8594574881e-08    0.028225000000    0.028225000000
-2.9783597900e-08  6.4333255112e-10  9.1340692048e-06      0.0000000000 -3.9071762832e-08 -3.8549420314e-08    0.028241666667    0.028241666667
-3.0339571734e-08  6.2261982854e-10  9.1337390975e-06      0.0000000000 -3.9328695085e-08 -3.9772870085e-08    0.028258333333    0.028258333333
-3.0478073010e-08  6.3085429221e-10  9.1333991101e-06      0.0000000000 -3.9586082086e-08 -3.9403552269e-08    0.028275000000    0.028275000000
-3.0697863338e-08  6.3342687893e-10  9.1330691984e-06      0.0000000000 -3.9843014339e-08 -3.8909650616e-08    0.028291666667    0.028291666667
-3.0958881089e-08  6.3314390227e-10  9.1327391086e-06      0.0000000000 -4.0099946592e-08 -4.0320353480e-08    0.028308333333    0.028308333333
-3.1356432579e-08  6.2343559288e-10  9.1323991036e-06      0.0000000000 -4.0357333593e-08 -4.0528847458e-08    0.028325000000    0.028325000000
-3.1427723010e-08  6.3629383001e-10  9.1320692024e-06      0.0000000000 -4.0614265846e-08 -4.0538736812e-08    0.028341666667    0.028341666667
-3.1796812390e-08  6.2852541389e-10  9.1317391091e-06      0.0000000000 -4.0871198099e-08 -4.1327290878e-08    0.028358333333    0.028358333333
-3.1873770176e-08  6.4102260659e-10  9.1313991007e-06      0.0000000000 -4.1128585100e-08 -4.1334334487e-08    0.028375000000    0.028375000000
-3.2171809834e-08  6.3817535614e-10  9.1310692064e-06      0.0000000000 -4.1385517353e-08 -4.1041851758e-08    0.028391666667    0.028391666667
-3.2235353457e-08  6.5157016574e-10  9.1307391026e-06      0.0000000000 -4.1642449606e-08 -4.1885465466e-08    0.028408333333    0.028408333333
-3.2640887414e-08  6.4130896130e-10  9.1303991117e-06      0.0000000000 -4.1899836607e-08 -4.2703357423e-08    0.028425000000    0.028425000000
-3.2744623647e-08  6.5191988252e-10  9.1300692000e-06      0.0000000000 -4.2156768860e-08 -4.1882682612e-08    0.028441666667    0.028441666667
-3.2864646299e-08  6.6143424382e-10  9.1297391067e-06      0.0000000000 -4.2414155861e-08 -4.2463057147e-08    0.028458333333    0.028458333333
-3.2988271901e-08  6.7066755400e-10  9.1293991087e-06      0.0000000000 -4.2671088114e-08 -4.3000085185e-08    0.028475000000    0.028475000000
-3.2925825356e-08  6.9282040470e-10  9.1290692005e-06      0.0000000000 -4.2928475115e-08 -4.2280520756e-08    0.028491666667    0.028491666667
-3.3192202603e-08  6.9216620961e-10  9.1287391107e-06      0.0000000000 -4.3185407368e-08 -4.3209412447e-08    0.028508333333    0.028508333333
-3.3447670889e-08  6.9226760937e-10  9.1283991023e-06      0.0000000000 -4.3442339621e-08 -4.3343712693e-08    0.028525000000    0.028525000000
-3.3672921769e-08  6.9449347556e-10  9.1280692080e-06      0.0000000000 -4.3699726622e-08 -4.3331653657e-08    0.028541666667    0.028541666667
-3.4056141845e-08  6.8574631529e-10  9.1277391042e-06      0.0000000000 -4.3956658875e-08 -4.4018499893e-08    0.028558333333    0.028558333333
-3.4104001410e-08  7.0025895812e-10  9.1273991098e-06      0.0000000000 -4.4214045876e-08 -4.4269318416e-08    0.028575000000    0.028575000000
-3.4528910608e-08  6.8862425553e-10  9.1270692051e-06      0.0000000000 -4.4470978129e-08 -4.3309013484e-08    0.028591666667    0.028591666667
-3.4676164382e-08  6.9625248892e-10  9.1267391048e-06      0.0000000000 -4.4728365129e-08 -4.4668540126e-08    0.028608333333    0.028608333333
-3.4902732224e-08  6.9838713742e-10  9.1263991103e-06      0.0000000000 -4.4985752130e-08 -4.4705613408e-08    0.028625000000    0.028625000000
-3.5014628069e-08  7.0843289389e-10  9.1260692021e-06      0.0000000000 -4.5242684383e-08 -4.6056901542e-08    0.028641666667    0.028641666667
-3.5239793182e-08  7.1066470061e-10  9.1257391123e-06      0.0000000000 -4.5500071384e-08 -4.6481955060e-08    0.028658333333    0.028658333333
-3.5494746332e-08  7.1080178057e-10  9.1253991039e-06      0.0000000000 -4.5757003637e-08 -4.6471326757e-08    0.028675000000    0.028675000000
-3.5696789654e-08  7.1463508789e-10  9.1250692096e-06      0.0000000000 -4.6014390638e-08 -4.6342167717e-08    0.028691666667    0.028691666667
-3.5681424262e-08  7.3349542678e-10  9.1247391093e-06      0.0000000000 -4.6271322891e-08 -4.6426266524e-08    0.028708333333    0.028708333333
-3.5986788901e-08  7.3017231864e-10  9.1243991079e-06      0.0000000000 -4.6528709892e-08 -4.7067549413e-08    0.028725000000    0.028725000000
-3.6123136119e-08  7.3855598033e-10  9.1240692067e-06      0.0000000000 -4.6786096892e-08 -4.6116897999e-08    0.028741666667    0.028741666667
-3.6648820881e-08  7.1994119058e-10  9.1237391064e-06      0.0000000000 -4.7043029145e-08 -4.7022394846e-08    0.028758333333    0.028758333333
-3.6902426937e-08  7.2020307273e-10  9.1233991119e-06      0.0000000000 -4.7300416146e-08 -4.7524110504e-08    0.028775000000    0.028775000000
-3.7047706469e-08  7.2796804938e-10  9.1230692002e-06      0.0000000000 -4.7557803147e-08 -4.6732584915e-08    0.028791666667    0.028791666667
-3.7347124810e-08  7.2502530627e-10  9.1227391139e-06      0.0000000000 -4.7814735400e-08 -4.8000293078e-08    0.028808333333    0.028808333333
-3.7250008936e-08  7.4957948254e-10  9.1223991090e-06      0.0000000000 -4.8072122400e-08 -4.7281310375e-08    0.028825000000    0.028825000000
-3.7448608222e-08  7.5365133642e-10  9.1220692077e-06      0.0000000000 -4.8329509401e-08 -4.7648505675e-08    0.028841666667    0.028841666667
-3.7673591588e-08  7.5586423416e-10  9.1217391109e-06      0.0000000000 -4.8586441654e-08 -4.8772244352e-08    0.028858333333    0.028858333333
-3.7644972200e-08  7.7567409123e-10  9.1213991095e-06      0.0000000000 -4.8843828655e-08 -4.8401291413e-08    0.028875000000    0.028875000000
-3.8145544156e-08  7.5883020452e-10  9.1210692083e-06      0.0000000000 -4.9101215656e-08 -4.9337839885e-08    0.028891666667    0.028891666667
-3.8316214696e-08  7.6483650633e-10  9.1207391080e-06      0.0000000000 -4.9358602656e-08 -4.8372110746e-08    0.028908333333    0.028908333333
-3.8482071275e-08  7.7114474335e-10  9.1203991135e-06      0.0000000000 -4.9615534909e-08 -4.9304807245e-08    0.028925000000    0.028925000000
-3.8781467500e-08  7.6823502957e-10  9.1200692053e-06      0.0000000000 -4.9872921910e-08 -5.0426454850e-08    0.028941666667    0.028941666667
-3.9150223758e-08  7.6052118413e-10  9.1197391120e-06      0.0000000000 -5.0130308911e-08 -5.0749879149e-08    0.028958333333    0.028958333333
-3.9072163363e-08  7.8375550761e-10  9.1193991106e-06      0.0000000000 -5.0387695911e-08 -5.0343566663e-08    0.028975000000    0.028975000000
-3.9517801698e-08  7.7068502860e-10  9.1190692094e-06      0.0000000000 -5.0644628164e-08 -5.0569087937e-08    0.028991666667    0.028991666667
-3.9889985960e-08  7.6273374698e-10  9.1187391125e-06      0.0000000000 -5.0902015165e-08 -5.1065269331e-08    0.029008333333    0.029008333333
-3.9989604107e-08  7.7366139951e-10  9.1183991076e-06      0.0000000000 -5.1159402166e-08 -5.0860328602e-08    0.029025000000    0.029025000000
-4.0608902024e-08  7.4859411502e-10  9.1180692099e-06      0.0000000000 -5.1416789166e-08 -5.1192195798e-08    0.029041666667    0.029041666667
-4.0578960062e-08  7.6849557842e-10  9.1177391096e-06      0.0000000000 -5.1674176167e-08 -5.0938107028e-08    0.029058333333    0.029058333333
-4.0704071282e-08  7.7765748671e-10  9.1173991151e-06      0.0000000000 -5.1931563167e-08 -5.1218986669e-08    0.029075000000    0.029075000000
-4.1003419146e-08  7.7475112256e-10  9.1170692069e-06      0.0000000000 -5.2188950168e-08 -5.1867879171e-08    0.029091666667    0.029091666667
-4.1022591629e-08  7.9121924100e-10  9.1167391136e-06      0.0000000000 -5.2445882421e-08 -5.2681714764e-08    0.029108333333    0.029108333333
-4.1388984889e-08  7.8366906553e-10  9.1163991122e-06      0.0000000000 -5.2703269422e-08 -5.3123355353e-08    0.029125000000    0.029125000000
-4.1606510603e-08  7.8643000517e-10  9.1160692075e-06      0.0000000000 -5.2960656423e-08 -5.2731475976e-08    0.029141666667    0.029141666667
-4.1637919223e-08  8.0208210111e-10  9.1157391141e-06      0.0000000000 -5.3218043423e-08 -5.3515502008e-08    0.029158333333    0.029158333333
-4.1959249061e-08  7.9765318437e-10  9.1153991127e-06      0.0000000000 -5.3475430424e-08 -5.3966057165e-08    0.029175000000    0.029175000000
-4.2122779307e-08  8.0415404928e-10  9.1150692115e-06      0.0000000000 -5.3732817424e-08 -5.3347037113e-08    0.029191666667    0.029191666667
-4.2135824727e-08  8.2107804811e-10  9.1147391112e-06      0.0000000000 -5.3990204425e-08 -5.4120639232e-08    0.029208333333    0.029208333333
-4.2449686968e-08  8.1716636473e-10  9.1143991167e-06      0.0000000000 -5.4247591426e-08 -5.3882068414e-08    0.029225000000    0.029225000000
-4.2410866396e-08  8.3768279339e-10  9.1140692085e-06      0.0000000000 -5.4504978426e-08 -5.4187867967e-08    0.029241666667    0.029241666667
-4.2566006449e-08  8.4476479401e-10  9.1137391117e-06      0.0000000000 -5.4762365427e-08 -5.4525945489e-08    0.029258333333    0.029258333333
-4.2747253302e-08  8.5003854134e-10  9.1133991138e-06      0.0000000000 -5.5019752427e-08 -5.4690385464e-08    0.029275000000    0.029275000000
-4.3109899271e-08  8.4274791712e-10  9.1130692091e-06      0.0000000000 -5.5277139428e-08 -5.5224158978e-08    0.029291666667    0.029291666667
-4.3296696124e-08  8.4763725101e-10  9.1127391157e-06      0.0000000000 -5.5534526429e-08 -5.5326322756e-08    0.029308333333    0.029308333333
-4.3532534272e-08  8.4912980396e-10  9.1123991108e-06      0.0000000000 -5.5791913429e-08 -5.5223828808e-08    0.029325000000    0.029325000000
-4.3821791301e-08  8.4692236830e-10  9.1120692166e-06      0.0000000000 -5.6049300430e-08 -5.6530496936e-08    0.029341666667    0.029341666667
-4.4043093965e-08  8.4942170249e-10  9.1117391128e-06      0.0000000000 -5.6306687430e-08 -5.4760114051e-08    0.029358333333    0.029358333333
-4.4391719318e-08  8.4310219782e-10  9.1113991149e-06      0.0000000000 -5.6564074431e-08 -5.5643410951e-08    0.029375000000    0.029375000000
-4.4376363873e-08  8.6199334526e-10  9.1110692101e-06      0.0000000000 -5.6821461432e-08 -5.6447986084e-08    0.029391666667    0.029391666667
-4.4889661125e-08  8.4426805768e-10  9.1107391168e-06      0.0000000000 -5.7078848432e-08 -5.7646783223e-08    0.029408333333    0.029408333333
-4.4992369017e-08  8.5498170304e-10  9.1103991154e-06      0.0000000000 -5.7336235433e-08 -5.7334081561e-08    0.029425000000    0.029425000000
-4.5260623310e-08  8.5422899428e-10  9.1100692072e-06      0.0000000000 -5.7593622433e-08 -5.7581629837e-08    0.029441666667    0.029441666667
-4.5501383570e-08  8.5538062366e-10  9.1097391208e-06      0.0000000000 -5.7851009434e-08 -5.7918795463e-08    0.029458333333    0.029458333333
-4.5392422513e-08  8.8075524096e-10  9.1093991124e-06      0.0000000000 -5.8108396435e-08 -5.8240348803e-08    0.029475000000    0.029475000000
-4.5842008590e-08  8.6744282424e-10  9.1090692147e-06      0.0000000000 -5.8365783435e-08 -5.7686780861e-08    0.029491666667    0.029491666667
-4.6032189956e-08  8.7212923177e-10  9.1087391144e-06      0.0000000000 -5.8623625183e-08 -5.8764138629e-08    0.029508333333    0.029508333333
-4.6373605279e-08  8.6630912035e-10  9.1083991165e-06      0.0000000000 -5.8881012184e-08 -5.8993857769e-08    0.029525000000    0.029525000000
-4.6526175264e-08  8.7356913333e-10  9.1080692117e-06      0.0000000000 -5.9138399184e-08 -5.9676600473e-08    0.029541666667    0.029541666667
-4.6953691195e-08  8.6178537630e-10  9.1077391149e-06      0.0000000000 -5.9395786185e-08 -5.9759771663e-08    0.029558333333    0.029558333333
-4.6874600796e-08  8.8509104167e-10  9.1073991205e-06      0.0000000000 -5.9653173186e-08 -5.9780902491e-08    0.029575000000    0.029575000000
-4.7139298034e-08  8.8458470766e-10  9.1070692088e-06      0.0000000000 -5.9910560186e-08 -5.9428690583e-08    0.029591666667    0.029591666667
-4.7416773798e-08  8.8322478330e-10  9.1067391190e-06      0.0000000000 -6.0168401934e-08 -5.9864026513e-08    0.029608333333    0.029608333333
-4.7462058218e-08  8.9791579012e-10  9.1063991140e-06      0.0000000000 -6.0425788935e-08 -6.0586593910e-08    0.029625000000    0.029625000000
-4.7668060443e-08  9.0147488917e-10  9.1060692163e-06      0.0000000000 -6.0683175935e-08 -6.1418384417e-08    0.029641666667    0.029641666667
-4.7934764520e-08  9.0082955413e-10  9.1057391160e-06      0.0000000000 -6.0940562936e-08 -6.0785245702e-08    0.029658333333    0.029658333333
-4.8363988842e-08  8.8892746763e-10  9.1053991181e-06      0.0000000000 -6.1197949936e-08 -6.0840085231e-08    0.029675000000    0.029675000000
-4.8728152223e-08  8.8156323926e-10  9.1050692168e-06      0.0000000000 -6.1455791684e-08 -6.1583657677e-08    0.029691666667    0.029691666667
-4.8894831530e-08  8.8784598859e-10  9.1047391130e-06      0.0000000000 -6.1713178685e-08 -6.3229598224e-08    0.029708333333    0.029708333333
-4.9379934719e-08  8.7207352572e-10  9.1043991221e-06      0.0000000000 -6.1970565686e-08 -6.3248952427e-08    0.029725000000    0.029725000000
-4.9444148239e-08  8.8545343325e-10  9.1040692104e-06      0.0000000000 -6.2227952686e-08 -6.1951560481e-08    0.029741666667    0.029741666667
-4.9788977466e-08  8.7942835976e-10  9.1037391206e-06      0.0000000000 -6.2485794434e-08 -6.2029024461e-08    0.029758333333    0.029758333333
-4.9675123955e-08  9.0514184643e-10  9.1033991156e-06      0.0000000000 -6.2743181435e-08 -6.2986593705e-08    0.029775000000    0.029775000000
-4.9863471025e-08  9.0992380661e-10  9.1030692144e-06      0.0000000000 -6.3000568435e-08 -6.3295506282e-08    0.029791666667    0.029791666667
-4.9955216519e-08  9.2139674809e-10  9.1027391211e-06      0.0000000000 -6.3257955436e-08 -6.2991970746e-08    0.029808333333    0.029808333333
-5.0348845504e-08  9.1199162339e-10  9.1023991162e-06      0.0000000000 -6.3515797184e-08 -6.3972573221e-08    0.029825000000    0.029825000000
-5.0554477675e-08  9.1557635371e-10  9.1020692184e-06      0.0000000000 -6.3773184185e-08 -6.3490840660e-08    0.029841666667    0.029841666667
-5.0692799401e-08  9.2382325363e-10  9.1017391146e-06      0.0000000000 -6.4030571185e-08 -6.3319655799e-08    0.029858333333    0.029858333333
-5.0934758053e-08  9.2492337542e-10  9.1013991237e-06      0.0000000000 -6.4288412933e-08 -6.4960942532e-08    0.029875000000    0.029875000000
-5.1231257174e-08  9.2221432574e-10  9.1010692120e-06      0.0000000000 -6.4545799934e-08 -6.4016470000e-08    0.029891666667    0.029891666667
-5.1127556487e-08  9.4722459046e-10  9.1007391222e-06      0.0000000000 -6.4803186934e-08 -6.4508642196e-08    0.029908333333    0.029908333333
-5.1344794502e-08  9.5003695471e-10  9.1003991207e-06      0.0000000000 -6.5061028682e-08 -6.5074049061e-08    0.029925000000    0.029925000000
-5.1573425025e-08  9.5202873436e-10  9.1000692125e-06      0.0000000000 -6.5318415683e-08 -6.6231559329e-08    0.029941666667    0.029941666667
-5.1699048442e-08  9.6115516602e-10  9.0997391227e-06      0.0000000000 -6.5575802683e-08 -6.6833819365e-08    0.029958333333    0.029958333333
-5.1593375443e-08  9.8633353774e-10  9.0993991178e-06      0.0000000000 -6.5833644431e-08 -6.6224216995e-08    0.029975000000    0.029975000000
-5.2023390905e-08  9.7437665400e-10  9.0990692200e-06      0.0000000000 -6.6091031432e-08 -6.5608325690e-08    0.029991666667    0.029991666667

# index: 2130
# xPosition: 2.0369526503290128E-5
# yPosition: -1.2752553664469046E-5
# quantitative-imaging-settings.type: simple-quantitative-imaging-settings
# quantitative-imaging-settings.relative-setpoint: 0.30087220298747946
# quantitative-imaging-settings.control-settings.control-settings-type: quantitative-imaging-control-settings
# quantitative-imaging-settings.control-settings.next-line-motion-time: 0.05
# quantitative-imaging-settings.control-settings.next-line-additional-delay: 0.01
# quantitative-imaging-settings.control-settings.max-retries-per-position: 5
# quantitative-imaging-settings.control-settings.max-bad-adjecent-pixels: 0
# quantitative-imaging-settings.control-settings.max-pixel-replays: 1
# quantitative-imaging-settings.control-settings.pixelwise-retract-if-required: true
# quantitative-imaging-settings.control-settings.no-data-extend-fraction: 0.2
# quantitative-imaging-settings.control-settings.overscan-delay-factor: 3.4
# quantitative-imaging-settings.control-settings.overscan-distance-factor: 0.383
# quantitative-imaging-settings.control-settings.line-clock.active: false
# quantitative-imaging-settings.control-settings.line-clock.name: pulse-2
# quantitative-imaging-settings.control-settings.frame-clock.active: false
# quantitative-imaging-settings.control-settings.frame-clock.name: pulse-3
# quantitative-imaging-settings.control-settings.closed-loop: false
# quantitative-imaging-settings.control-settings.start-option.type: smooth-xyz-motion
# quantitative-imaging-settings.control-settings.start-option.additional-retract: 3.0E-9
# quantitative-imaging-settings.control-settings.start-option.start-time: 0.0075000000000000015
# quantitative-imaging-settings.control-settings.start-option.motion-time: 0.0075000000000000015
# quantitative-imaging-settings.control-settings.pixel-clock.active: false
# quantitative-imaging-settings.control-settings.pixel-clock.name: pixel-clock
# quantitative-imaging-settings.control-settings.ttl-outputs.pins.list: 
# quantitative-imaging-settings.control-settings.baseline-adjust-settings.enabled: true
# quantitative-imaging-settings.control-settings.baseline-adjust-settings.interval: 1
# quantitative-imaging-settings.control-settings.averager.type: instrumentdefault
# quantitative-imaging-settings.control-settings.averager.value: NaN
# quantitative-imaging-settings.extend.type: z-extend-force
# quantitative-imaging-settings.extend.identifier.type: standard
# quantitative-imaging-settings.extend.identifier.name: extend-spm
# quantitative-imaging-settings.extend.style: extend
# quantitative-imaging-settings.extend.duration: 0.030000000000000006
# quantitative-imaging-settings.extend.num-points: 1800
# quantitative-imaging-settings.extend.z-start: 6.000000000000001E-7
# quantitative-imaging-settings.extend.z-end: 0.0
# quantitative-imaging-settings.extend.setpoint: 0.30087220298747946
# quantitative-imaging-settings.retract.type: z-retract-height
# quantitative-imaging-settings.retract.identifier.type: standard
# quantitative-imaging-settings.retract.identifier.name: retract-spm
# quantitative-imaging-settings.retract.style: retract
# quantitative-imaging-settings.retract.duration: 0.030000000000000006
# quantitative-imaging-settings.retract.num-points: 1800
# quantitative-imaging-settings.retract.z-start: 6.000000000000001E-7
# quantitative-imaging-settings.retract.z-end: 0.0
# quantitative-imaging-settings.retract.setpoint: 0.15000000000000002
# quantitative-imaging-settings.data-description.comment: 
# quantitative-imaging-settings.data-description.name: 
# quantitative-imaging-settings.data-description.probe: 
# quantitative-imaging-settings.data-description.user-name: afm_csec
# quantitative-imaging-settings.data-description.instrument: JPK01814-H-21-02-0019
# quantitative-imaging-settings.data-description.source-software: 8.0.163
# quantitative-imaging-settings.data-description.modification-software: 
# feedbackMode: contact
# date: Wed Oct 02 14:08:33 BST 2024
# segmentIndex: 1
# segment: retract
# columns: verticalTipPosition vDeflection height error smoothedMeasuredHeight measuredHeight seriesTime time
# fancyNames: "Vertical Tip Position" "Vertical Deflection" "Height" "Error Signal" "Height (measured & smoothed)" "Height (measured)" "Series Time" "Segment Time"
# heightMultiplier: 0.788494
# heightOffset: 0.0
# sensitivity: 4.798575435590727E-8
# springConstant: 0.06926368726396598
# calibrationSlots: nominal force nominal volts nominal nominal elapsed elapsed
# units: m N m V m m s s
#
-5.3677576221e-08  9.6516074449e-10  9.0990591443e-06      0.0000000000 -6.7612161321e-08 -6.7350502692e-08    0.030008333333  8.3333333333e-06
-5.3430345165e-08  9.6748106422e-10  9.0993991527e-06      0.0000000000 -6.7398430066e-08 -6.6698575778e-08    0.030025000000  2.5000000000e-05
-5.3560635121e-08  9.4365288666e-10  9.0997292425e-06      0.0000000000 -6.7184698811e-08 -6.7076226435e-08    0.030041666667  4.1666666667e-05
-5.3802387570e-08  9.1210440584e-10  9.1000591472e-06      0.0000000000 -6.6970967556e-08 -6.7354967837e-08    0.030058333333  5.8333333333e-05
-5.4104731730e-08  8.7632762224e-10  9.1003991522e-06      0.0000000000 -6.6756781554e-08 -6.6469847146e-08    0.030075000000  7.5000000000e-05
-5.4348790801e-08  8.4461937629e-10  9.1007292420e-06      0.0000000000 -6.6543050299e-08 -6.6565753432e-08    0.030091666667  9.1666666667e-05
-5.4334948499e-08  8.3074283290e-10  9.1010591537e-06      0.0000000000 -6.6328864297e-08 -6.6289559049e-08    0.030108333333  0.00010833333333
-5.4219619916e-08  8.2389560351e-10  9.1013991446e-06      0.0000000000 -6.6114678294e-08 -6.5015703450e-08    0.030125000000  0.00012500000000
-5.4136578427e-08  8.1481205096e-10  9.1017292484e-06      0.0000000000 -6.5900492292e-08 -6.5399910323e-08    0.030141666667  0.00014166666667
-5.3755980000e-08  8.2630689164e-10  9.1020591462e-06      0.0000000000 -6.5685851542e-08 -6.5104125902e-08    0.030158333333  0.00015833333333
-5.3680564550e-08  8.1669513149e-10  9.1023991511e-06      0.0000000000 -6.5471665540e-08 -6.4955581214e-08    0.030175000000  0.00017500000000
-5.3192672275e-08  8.3562153969e-10  9.1027292444e-06      0.0000000000 -6.5257024790e-08 -6.4718472573e-08    0.030191666667  0.00019166666667
-5.2916991071e-08  8.3984942662e-10  9.1030591491e-06      0.0000000000 -6.5042384041e-08 -6.5136749761e-08    0.030208333333  0.00020833333333
-5.2987125718e-08  8.2012483263e-10  9.1033991506e-06      0.0000000000 -6.4827743291e-08 -6.4127909960e-08    0.030225000000  0.00022500000000
-5.2950639559e-08  8.0778518873e-10  9.1037292404e-06      0.0000000000 -6.4613102542e-08 -6.4046499673e-08    0.030241666667  0.00024166666667
-5.2808088344e-08  8.0279200176e-10  9.1040591521e-06      0.0000000000 -6.4398461792e-08 -6.4031704949e-08    0.030258333333  0.00025833333333
-5.2897852861e-08  7.8167627308e-10  9.1043991465e-06      0.0000000000 -6.4183366295e-08 -6.6089916749e-08    0.030275000000  0.00027500000000
-5.2822334157e-08  7.7200866979e-10  9.1047292468e-06      0.0000000000 -6.3968270798e-08 -6.4701555333e-08    0.030291666667  0.00029166666667
-5.2960217374e-08  7.4756006253e-10  9.1050591516e-06      0.0000000000 -6.3753175301e-08 -6.1721558339e-08    0.030308333333  0.00030833333333
-5.2488621015e-08  7.6532625801e-10  9.1053991495e-06      0.0000000000 -6.3538079804e-08 -6.3990166521e-08    0.030325000000  0.00032500000000
-5.2358688160e-08  7.5942757940e-10  9.1057292463e-06      0.0000000000 -6.3322984307e-08 -6.3937669621e-08    0.030341666667  0.00034166666667
-5.2210108293e-08  7.5478896413e-10  9.1060591475e-06      0.0000000000 -6.3107434063e-08 -6.3278982100e-08    0.030358333333  0.00035833333333
-5.2074813538e-08  7.4926167051e-10  9.1063991525e-06      0.0000000000 -6.2892338566e-08 -6.2148309870e-08    0.030375000000  0.00037500000000
-5.1985239957e-08  7.4053606229e-10  9.1067292388e-06      0.0000000000 -6.2676788322e-08 -6.1927190851e-08    0.030391666667  0.00039166666667
-5.1616622055e-08  7.5113809265e-10  9.1070591505e-06      0.0000000000 -6.2461238077e-08 -6.0893038079e-08    0.030408333333  0.00040833333333
-5.1217186853e-08  7.6387464286e-10  9.1073991484e-06      0.0000000000 -6.2245687833e-08 -6.1545043605e-08    0.030425000000  0.00042500000000
-5.0791907227e-08  7.7840127313e-10  9.1077292452e-06      0.0000000000 -6.2030137589e-08 -6.3716047487e-08    0.030441666667  0.00044166666667
-5.0571591444e-08  7.7869985448e-10  9.1080591500e-06      0.0000000000 -6.1814132597e-08 -6.1861219904e-08    0.030458333333  0.00045833333333
-5.0481419632e-08  7.7001568193e-10  9.1083991479e-06      0.0000000000 -6.1598582353e-08 -6.0283561489e-08    0.030475000000  0.00047500000000
-5.0281661451e-08  7.6889036791e-10  9.1087292482e-06      0.0000000000 -6.1382577361e-08 -6.0960455482e-08    0.030491666667  0.00049166666667
-5.0529602441e-08  7.3675575858e-10  9.1090591459e-06      0.0000000000 -6.1166572369e-08 -6.1105085307e-08    0.030508333333  0.00050833333333
-5.0600431057e-08  7.1688860528e-10  9.1093991508e-06      0.0000000000 -6.0950567378e-08 -6.1207563532e-08    0.030525000000  0.00052500000000
-5.0852589258e-08  6.8443039878e-10  9.1097292442e-06      0.0000000000 -6.0734107639e-08 -5.9860551875e-08    0.030541666667  0.00054166666667
-5.0635025497e-08  6.8453836495e-10  9.1100591489e-06      0.0000000000 -6.0518102647e-08 -6.2370104950e-08    0.030558333333  0.00055833333333
-5.0942818357e-08  6.4822669686e-10  9.1103991503e-06      0.0000000000 -6.0301642908e-08 -6.0401919280e-08    0.030575000000  0.00057500000000
-5.0690271589e-08  6.5075771503e-10  9.1107292436e-06      0.0000000000 -6.0085637916e-08 -5.9697133852e-08    0.030591666667  0.00059166666667
-5.0739220770e-08  6.3237451461e-10  9.1110591518e-06      0.0000000000 -5.9869178177e-08 -5.9766720938e-08    0.030608333333  0.00060833333333
-5.0225117189e-08  6.5295892712e-10  9.1113991463e-06      0.0000000000 -5.9652263691e-08 -5.9621965335e-08    0.030625000000  0.00062500000000
-5.0138898014e-08  6.4393798538e-10  9.1117292501e-06      0.0000000000 -5.9435803952e-08 -5.9057077306e-08    0.030641666667  0.00064166666667
-4.9897462140e-08  6.4566792462e-10  9.1120591478e-06      0.0000000000 -5.9219344213e-08 -5.8743888252e-08    0.030658333333  0.00065833333333
-4.9786096373e-08  6.3835723114e-10  9.1123991492e-06      0.0000000000 -5.9002429726e-08 -5.7867524905e-08    0.030675000000  0.00067500000000
-4.9641788905e-08  6.3332820131e-10  9.1127292461e-06      0.0000000000 -5.8785515240e-08 -5.9010161838e-08    0.030691666667  0.00069166666667
-4.9091100801e-08  6.5644659275e-10  9.1130591473e-06      0.0000000000 -5.8568600754e-08 -5.7637931544e-08    0.030708333333  0.00070833333333
-4.9261960479e-08  6.2958792434e-10  9.1133991522e-06      0.0000000000 -5.8351686267e-08 -5.9964728114e-08    0.030725000000  0.00072500000000
-4.8755166588e-08  6.4966604074e-10  9.1137292420e-06      0.0000000000 -5.8134771781e-08 -5.6168285619e-08    0.030741666667  0.00074166666667
-4.8631598944e-08  6.4320049423e-10  9.1140591537e-06      0.0000000000 -5.7917857295e-08 -5.7675916722e-08    0.030758333333  0.00075833333333
-4.8411625779e-08  6.4338085209e-10  9.1143991447e-06      0.0000000000 -5.7700488061e-08 -5.8402131703e-08    0.030775000000  0.00077500000000
-4.8115787924e-08  6.4881587815e-10  9.1147292485e-06      0.0000000000 -5.7483118827e-08 -5.6091309032e-08    0.030791666667  0.00079166666667
-4.8123092482e-08  6.3325414292e-10  9.1150591462e-06      0.0000000000 -5.7265749593e-08 -5.8568175357e-08    0.030808333333  0.00080833333333
-4.7984233423e-08  6.2781623876e-10  9.1153991476e-06      0.0000000000 -5.7048380360e-08 -5.7281961997e-08    0.030825000000  0.00082500000000
-4.7861454987e-08  6.2126453127e-10  9.1157292479e-06      0.0000000000 -5.6831011126e-08 -5.6969716284e-08    0.030841666667  0.00084166666667
-4.7681537099e-08  6.1867051301e-10  9.1160591457e-06      0.0000000000 -5.6613641892e-08 -5.5888050594e-08    0.030858333333  0.00085833333333
-4.7437418222e-08  6.2049179442e-10  9.1163991541e-06      0.0000000000 -5.6395817911e-08 -5.6179558538e-08    0.030875000000  0.00087500000000
-4.7124129817e-08  6.2710401247e-10  9.1167292404e-06      0.0000000000 -5.6177993930e-08 -5.7196809793e-08    0.030891666667  0.00089166666667
-4.7146944228e-08  6.1043651012e-10  9.1170591521e-06      0.0000000000 -5.5960169949e-08 -5.7110651358e-08    0.030908333333  0.00090833333333
-4.6768407791e-08  6.2156804743e-10  9.1173991466e-06      0.0000000000 -5.5742345968e-08 -5.7845592238e-08    0.030925000000  0.00092500000000
-4.6871987629e-08  5.9930643383e-10  9.1177292469e-06      0.0000000000 -5.5524521987e-08 -5.5584546503e-08    0.030941666667  0.00094166666667
-4.6956120291e-08  5.7839180329e-10  9.1180591481e-06      0.0000000000 -5.5306698006e-08 -5.7515155775e-08    0.030958333333  0.00095833333333
-4.6999694238e-08  5.6025492151e-10  9.1183991495e-06      0.0000000000 -5.5088419277e-08 -5.5863303628e-08    0.030975000000  0.00097500000000
-4.7002155177e-08  5.4499717569e-10  9.1187292498e-06      0.0000000000 -5.4870595296e-08 -5.4405622405e-08    0.030991666667  0.00099166666667
-4.7043778661e-08  5.2699539011e-10  9.1190591441e-06      0.0000000000 -5.4652316568e-08 -5.5601054962e-08    0.031008333333   0.0010083333333
-4.6938772020e-08  5.1914974765e-10  9.1193991525e-06      0.0000000000 -5.4434037839e-08 -5.4078220354e-08    0.031025000000   0.0010250000000
-4.6867936139e-08  5.0893731242e-10  9.1197292423e-06      0.0000000000 -5.4215759111e-08 -5.4499516232e-08    0.031041666667   0.0010416666667
-4.6526102527e-08  5.1749517921e-10  9.1200591505e-06      0.0000000000 -5.3997480383e-08 -5.4533114877e-08    0.031058333333   0.0010583333333
-4.6423730820e-08  5.0943553406e-10  9.1203991485e-06      0.0000000000 -5.3778746907e-08 -5.5555916118e-08    0.031075000000   0.0010750000000
-4.6119852665e-08  5.1536446596e-10  9.1207292453e-06      0.0000000000 -5.3560468178e-08 -5.3298203519e-08    0.031091666667   0.0010916666667
-4.5796104051e-08  5.2263820165e-10  9.1210591500e-06      0.0000000000 -5.3341734703e-08 -5.0992773612e-08    0.031108333333   0.0011083333333
-4.5509358641e-08  5.2734895900e-10  9.1213991479e-06      0.0000000000 -5.3123001227e-08 -5.3319444403e-08    0.031125000000   0.0011250000000
-4.5217369427e-08  5.3242292154e-10  9.1217292482e-06      0.0000000000 -5.2904267751e-08 -5.1578902524e-08    0.031141666667   0.0011416666667
-4.4707460968e-08  5.5259077455e-10  9.1220591460e-06      0.0000000000 -5.2685534275e-08 -5.1616400310e-08    0.031158333333   0.0011583333333
-4.4485923985e-08  5.5275345828e-10  9.1223991509e-06      0.0000000000 -5.2466346052e-08 -5.3489009862e-08    0.031175000000   0.0011750000000
-4.4149177011e-08  5.6092750832e-10  9.1227292442e-06      0.0000000000 -5.2247612576e-08 -5.3714845584e-08    0.031191666667   0.0011916666667
-4.3848373786e-08  5.6658046431e-10  9.1230591489e-06      0.0000000000 -5.2028424353e-08 -5.2089831474e-08    0.031208333333   0.0012083333333
-4.3907457585e-08  5.4733781542e-10  9.1233991504e-06      0.0000000000 -5.1809690877e-08 -5.1975105544e-08    0.031225000000   0.0012250000000
-4.3558506804e-08  5.5632564868e-10  9.1237292437e-06      0.0000000000 -5.1590502654e-08 -5.3844523461e-08    0.031241666667   0.0012416666667
-4.3720858691e-08  5.2989877382e-10  9.1240591519e-06      0.0000000000 -5.1371314431e-08 -5.2175549683e-08    0.031258333333   0.0012583333333
-4.3341788173e-08  5.4094131362e-10  9.1243991463e-06      0.0000000000 -5.1151671461e-08 -5.1622626357e-08    0.031275000000   0.0012750000000
-4.3363097341e-08  5.2428357755e-10  9.1247292466e-06      0.0000000000 -5.0932483238e-08 -5.2579440929e-08    0.031291666667   0.0012916666667
-4.3256705690e-08  5.1643937352e-10  9.1250591444e-06      0.0000000000 -5.0712840267e-08 -5.1829327988e-08    0.031308333333   0.0013083333333
-4.3221344852e-08  5.0370681106e-10  9.1253991493e-06      0.0000000000 -5.0493652044e-08 -5.0204062322e-08    0.031325000000   0.0013250000000
-4.3292814499e-08  4.8354327776e-10  9.1257292461e-06      0.0000000000 -5.0274009073e-08 -4.9835074676e-08    0.031341666667   0.0013416666667
-4.3237779048e-08  4.7214195397e-10  9.1260591473e-06      0.0000000000 -5.0054366103e-08 -4.7888067001e-08    0.031358333333   0.0013583333333
-4.3565817281e-08  4.3420753437e-10  9.1263991522e-06      0.0000000000 -4.9834723133e-08 -4.9190112759e-08    0.031375000000   0.0013750000000
-4.3170731539e-08  4.4632785017e-10  9.1267292421e-06      0.0000000000 -4.9614625415e-08 -4.6970935621e-08    0.031391666667   0.0013916666667
-4.3395877556e-08  4.1552012486e-10  9.1270591503e-06      0.0000000000 -4.9394982444e-08 -4.9961089247e-08    0.031408333333   0.0014083333333
-4.3371708775e-08  4.0194936427e-10  9.1273991447e-06      0.0000000000 -4.9174884726e-08 -4.7708816579e-08    0.031425000000   0.0014250000000
-4.3003778334e-08  4.1222030124e-10  9.1277292450e-06      0.0000000000 -4.8955241756e-08 -4.8207780827e-08    0.031441666667   0.0014416666667
-4.2794653650e-08  4.1146026843e-10  9.1280591497e-06      0.0000000000 -4.8735144038e-08 -4.9032810727e-08    0.031458333333   0.0014583333333
-4.2657697398e-08  4.0570158397e-10  9.1283991477e-06      0.0000000000 -4.8515046320e-08 -4.8531047902e-08    0.031475000000   0.0014750000000
-4.2061355501e-08  4.3176164310e-10  9.1287292480e-06      0.0000000000 -4.8294948602e-08 -4.6914681081e-08    0.031491666667   0.0014916666667
-4.2409853158e-08  3.9234713339e-10  9.1290591457e-06      0.0000000000 -4.8074396137e-08 -4.7948220681e-08    0.031508333333   0.0015083333333
-4.2037280023e-08  4.0290814302e-10  9.1293991541e-06      0.0000000000 -4.7854298419e-08 -5.0288805745e-08    0.031525000000   0.0015250000000
-4.1931979175e-08  3.9492539107e-10  9.1297292405e-06      0.0000000000 -4.7633745954e-08 -4.7742399501e-08    0.031541666667   0.0015416666667
-4.1646520354e-08  3.9945254208e-10  9.1300591487e-06      0.0000000000 -4.7413648236e-08 -4.9589224413e-08    0.031558333333   0.0015583333333
-4.1514001475e-08  3.9335501124e-10  9.1303991466e-06      0.0000000000 -4.7193095771e-08 -4.8842004383e-08    0.031575000000   0.0015750000000
-4.1411903393e-08  3.8515042395e-10  9.1307292434e-06      0.0000000000 -4.6972543306e-08 -4.6488574166e-08    0.031591666667   0.0015916666667
-4.0911632379e-08  4.0452476205e-10  9.1310591516e-06      0.0000000000 -4.6751990841e-08 -4.6670906167e-08    0.031608333333   0.0016083333333
-4.0586559553e-08  4.1173273015e-10  9.1313991461e-06      0.0000000000 -4.6530983628e-08 -4.5962614657e-08    0.031625000000   0.0016250000000
-4.0111980398e-08  4.2932755529e-10  9.1317292499e-06      0.0000000000 -4.6310431163e-08 -4.5300436776e-08    0.031641666667   0.0016416666667
-3.9660051125e-08  4.4532206873e-10  9.1320591406e-06      0.0000000000 -4.6089423951e-08 -4.4288012280e-08    0.031658333333   0.0016583333333
-3.9205393669e-08  4.6153704356e-10  9.1323991525e-06      0.0000000000 -4.5868871485e-08 -4.4856736560e-08    0.031675000000   0.0016750000000
-3.9040330871e-08  4.5766212716e-10  9.1327292424e-06      0.0000000000 -4.5647864273e-08 -4.4298168913e-08    0.031691666667   0.0016916666667
-3.8834898317e-08  4.5658336884e-10  9.1330591506e-06      0.0000000000 -4.5426857060e-08 -4.4474243422e-08    0.031708333333   0.0017083333333
-3.9095134300e-08  4.2325069063e-10  9.1333991485e-06      0.0000000000 -4.5205849848e-08 -4.4461869939e-08    0.031725000000   0.0017250000000
-3.9134944233e-08  4.0515403596e-10  9.1337292418e-06      0.0000000000 -4.4984387888e-08 -4.3980954940e-08    0.031741666667   0.0017416666667
-3.9243313769e-08  3.8234018789e-10  9.1340591535e-06      0.0000000000 -4.4763380675e-08 -4.5304571752e-08    0.031758333333   0.0017583333333
-3.9378976888e-08  3.5760438814e-10  9.1343991410e-06      0.0000000000 -4.4541918716e-08 -4.5403449561e-08    0.031775000000   0.0017750000000
-3.9523950183e-08  3.3225522869e-10  9.1347292483e-06      0.0000000000 -4.4320911503e-08 -4.6165700149e-08    0.031791666667   0.0017916666667
-3.9681144265e-08  3.0602811502e-10  9.1350591460e-06      0.0000000000 -4.4099449543e-08 -4.7253843444e-08    0.031808333333   0.0018083333333
-3.9612090896e-08  2.9547173405e-10  9.1353991509e-06      0.0000000000 -4.3877987583e-08 -4.5934345886e-08    0.031825000000   0.0018250000000
-3.9706298948e-08  2.7360726507e-10  9.1357292442e-06      0.0000000000 -4.3656525623e-08 -4.5114693026e-08    0.031841666667   0.0018416666667
-3.9426860995e-08  2.7762289612e-10  9.1360591455e-06      0.0000000000 -4.3435063664e-08 -4.3486754561e-08    0.031858333333   0.0018583333333
-3.9340099508e-08  2.6826154724e-10  9.1363991504e-06      0.0000000000 -4.3213146956e-08 -4.2133689803e-08    0.031875000000   0.0018750000000
-3.9149201309e-08  2.6614458841e-10  9.1367292437e-06      0.0000000000 -4.2991684996e-08 -4.3474286744e-08    0.031891666667   0.0018916666667
-3.8809872622e-08  2.7427697506e-10  9.1370591519e-06      0.0000000000 -4.2769768289e-08 -4.2320046723e-08    0.031908333333   0.0019083333333
-3.8385007091e-08  2.8833395896e-10  9.1373991429e-06      0.0000000000 -4.2547851582e-08 -4.2947195226e-08    0.031925000000   0.0019250000000
-3.8104186654e-08  2.9241384846e-10  9.1377292467e-06      0.0000000000 -4.2325934875e-08 -3.9921383328e-08    0.031941666667   0.0019416666667
-3.7425836671e-08  3.2402810012e-10  9.1380591479e-06      0.0000000000 -4.2104018167e-08 -4.2597388838e-08    0.031958333333   0.0019583333333
-3.7271093833e-08  3.1937539023e-10  9.1383991493e-06      0.0000000000 -4.1882101460e-08 -4.0055353405e-08    0.031975000000   0.0019750000000
-3.7020320932e-08  3.2137407662e-10  9.1387292461e-06      0.0000000000 -4.1660184753e-08 -4.0606248548e-08    0.031991666667   0.0019916666667
-3.6839353137e-08  3.1850630653e-10  9.1390591439e-06      0.0000000000 -4.1437813298e-08 -4.0981053461e-08    0.032008333333   0.0020083333333
-3.6330026186e-08  3.3841339973e-10  9.1393991523e-06      0.0000000000 -4.1215896591e-08 -4.1226573555e-08    0.032025000000   0.0020250000000
-3.6212153166e-08  3.3117545287e-10  9.1397292421e-06      0.0000000000 -4.0993525137e-08 -4.1974595423e-08    0.032041666667   0.0020416666667
-3.5919975369e-08  3.3601049755e-10  9.1400591503e-06      0.0000000000 -4.0771153682e-08 -4.3171537325e-08    0.032058333333   0.0020583333333
-3.5918765361e-08  3.2069204027e-10  9.1403991448e-06      0.0000000000 -4.0548782227e-08 -4.2417195075e-08    0.032075000000   0.0020750000000
-3.5717621772e-08  3.1922172000e-10  9.1407292451e-06      0.0000000000 -4.0326410773e-08 -4.0989213357e-08    0.032091666667   0.0020916666667
-3.5524165142e-08  3.1721897268e-10  9.1410591498e-06      0.0000000000 -4.0104039318e-08 -4.1157725419e-08    0.032108333333   0.0021083333333
-3.5532542262e-08  3.0120497806e-10  9.1413991442e-06      0.0000000000 -3.9881213116e-08 -4.0509414644e-08    0.032125000000   0.0021250000000
-3.5440146284e-08  2.9220239733e-10  9.1417292515e-06      0.0000000000 -3.9658841662e-08 -3.9671743980e-08    0.032141666667   0.0021416666667
-3.5506748704e-08  2.7215550377e-10  9.1420591423e-06      0.0000000000 -3.9436015460e-08 -3.9617344677e-08    0.032158333333   0.0021583333333
-3.5435041990e-08  2.6168841077e-10  9.1423991507e-06      0.0000000000 -3.9213189258e-08 -3.8587484104e-08    0.032175000000   0.0021750000000
-3.5358751424e-08  2.5153881233e-10  9.1427292440e-06      0.0000000000 -3.8990363056e-08 -3.9662310575e-08    0.032191666667   0.0021916666667
-3.5246050007e-08  2.4391116370e-10  9.1430591452e-06      0.0000000000 -3.8767536854e-08 -3.9024706715e-08    0.032208333333   0.0022083333333
-3.5194170942e-08  2.3207073462e-10  9.1433991501e-06      0.0000000000 -3.8544710652e-08 -3.6845008377e-08    0.032225000000   0.0022250000000
-3.5082554035e-08  2.2436796881e-10  9.1437292435e-06      0.0000000000 -3.8321884450e-08 -3.6347789309e-08    0.032241666667   0.0022416666667
-3.4981745894e-08  2.1591654801e-10  9.1440591517e-06      0.0000000000 -3.8099058248e-08 -3.6962407106e-08    0.032258333333   0.0022583333333
-3.4885635901e-08  2.0710821866e-10  9.1443991426e-06      0.0000000000 -3.7875777299e-08 -3.7903876671e-08    0.032275000000   0.0022750000000
-3.4843749821e-08  1.9454414113e-10  9.1447292499e-06      0.0000000000 -3.7652496350e-08 -3.8344778310e-08    0.032291666667   0.0022916666667
-3.4761079908e-08  1.8483639977e-10  9.1450591442e-06      0.0000000000 -3.7429670148e-08 -3.8641411738e-08    0.032308333333   0.0023083333333
-3.4205065662e-08  2.0788273478e-10  9.1453991491e-06      0.0000000000 -3.7206389198e-08 -3.7608045083e-08    0.032325000000   0.0023250000000
-3.4132713633e-08  1.9742884128e-10  9.1457292459e-06      0.0000000000 -3.6983108249e-08 -3.6783329629e-08    0.032341666667   0.0023416666667
-3.3814883872e-08  2.0394614310e-10  9.1460591436e-06      0.0000000000 -3.6759372552e-08 -3.7378373110e-08    0.032358333333   0.0023583333333
-3.3331228829e-08  2.2198061294e-10  9.1463991520e-06      0.0000000000 -3.6536091603e-08 -3.7194767599e-08    0.032375000000   0.0023750000000
-3.3048124834e-08  2.2612417765e-10  9.1467292419e-06      0.0000000000 -3.6312810654e-08 -3.5610222798e-08    0.032391666667   0.0023916666667
-3.2626633360e-08  2.3982147199e-10  9.1470591536e-06      0.0000000000 -3.6089074957e-08 -3.7767894134e-08    0.032408333333   0.0024083333333
-3.2681995654e-08  2.2049011605e-10  9.1473991410e-06      0.0000000000 -3.5865339261e-08 -3.6995958584e-08    0.032425000000   0.0024250000000
-3.1883189763e-08  2.6035309558e-10  9.1477292483e-06      0.0000000000 -3.5642058311e-08 -3.5790400838e-08    0.032441666667   0.0024416666667
-3.2048986684e-08  2.3337263022e-10  9.1480591460e-06      0.0000000000 -3.5418322615e-08 -3.5007852706e-08    0.032458333333   0.0024583333333
-3.1298933139e-08  2.6979584757e-10  9.1483991475e-06      0.0000000000 -3.5194132171e-08 -3.5285226265e-08    0.032475000000   0.0024750000000
-3.1459071047e-08  2.4320734623e-10  9.1487292478e-06      0.0000000000 -3.4970396474e-08 -3.5293103159e-08    0.032491666667   0.0024916666667
-3.1249232492e-08  2.4224477901e-10  9.1490591420e-06      0.0000000000 -3.4746660777e-08 -3.2878544475e-08    0.032508333333   0.0025083333333
-3.1086488243e-08  2.3802028647e-10  9.1493991539e-06      0.0000000000 -3.4522925081e-08 -3.4364148577e-08    0.032525000000   0.0025250000000
-3.1103625695e-08  2.2130502650e-10  9.1497292403e-06      0.0000000000 -3.4298734637e-08 -3.3853534074e-08    0.032541666667   0.0025416666667
-3.0853305907e-08  2.2311484121e-10  9.1500591485e-06      0.0000000000 -3.4074544193e-08 -3.3098389984e-08    0.032558333333   0.0025583333333
-3.0800001282e-08  2.1131015681e-10  9.1503991429e-06      0.0000000000 -3.3850808496e-08 -3.3506479095e-08    0.032575000000   0.0025750000000
-3.0876316554e-08  1.9049602285e-10  9.1507292467e-06      0.0000000000 -3.3626618052e-08 -3.3059618689e-08    0.032591666667   0.0025916666667
-3.0751964819e-08  1.8358082576e-10  9.1510591479e-06      0.0000000000 -3.3402427608e-08 -3.4024844713e-08    0.032608333333   0.0026083333333
-3.0754915672e-08  1.6781668449e-10  9.1513991459e-06      0.0000000000 -3.3177782417e-08 -3.3588549721e-08    0.032625000000   0.0026250000000
-3.0707194117e-08  1.5559379858e-10  9.1517292497e-06      0.0000000000 -3.2953591973e-08 -3.3911832518e-08    0.032641666667   0.0026416666667
-3.0468687182e-08  1.5658541152e-10  9.1520591404e-06      0.0000000000 -3.2729401529e-08 -3.3166404836e-08    0.032658333333   0.0026583333333
-3.0353958111e-08  1.4897221575e-10  9.1523991488e-06      0.0000000000 -3.2504756338e-08 -3.2707139502e-08    0.032675000000   0.0026750000000
-3.0143360090e-08  1.4799925694e-10  9.1527292421e-06      0.0000000000 -3.2280111146e-08 -3.3260455886e-08    0.032691666667   0.0026916666667
-2.9995688042e-08  1.4269931065e-10  9.1530591469e-06      0.0000000000 -3.2055920702e-08 -3.0957635888e-08    0.032708333333   0.0027083333333
-2.9566287991e-08  1.5688138720e-10  9.1533991448e-06      0.0000000000 -3.1831275511e-08 -3.0611429916e-08    0.032725000000   0.0027250000000
-2.9343957273e-08  1.5672107825e-10  9.1537292451e-06      0.0000000000 -3.1606630320e-08 -3.0781294099e-08    0.032741666667   0.0027416666667
-2.9073659884e-08  1.5988311780e-10  9.1540591498e-06      0.0000000000 -3.1381985128e-08 -3.2746052298e-08    0.032758333333   0.0027583333333
-2.8750668966e-08  1.6666340798e-10  9.1543991443e-06      0.0000000000 -3.1156885190e-08 -3.0956755437e-08    0.032775000000   0.0027750000000
-2.8283451060e-08  1.8346488868e-10  9.1547292481e-06      0.0000000000 -3.0932239998e-08 -3.0618001855e-08    0.032791666667   0.0027916666667
-2.8261130872e-08  1.6945111290e-10  9.1550591423e-06      0.0000000000 -3.0707594807e-08 -3.1095489383e-08    0.032808333333   0.0028083333333
-2.7935307509e-08  1.7642758866e-10  9.1553991472e-06      0.0000000000 -3.0482494868e-08 -3.0959506847e-08    0.032825000000   0.0028250000000
-2.7603065790e-08  1.8384862344e-10  9.1557292440e-06      0.0000000000 -3.0257394930e-08 -2.9940589024e-08    0.032841666667   0.0028416666667
-2.7445888993e-08  1.7914401616e-10  9.1560591453e-06      0.0000000000 -3.0032294991e-08 -2.9685887083e-08    0.032858333333   0.0028583333333
-2.7146588440e-08  1.8428342429e-10  9.1563991502e-06      0.0000000000 -2.9807195052e-08 -3.0180417630e-08    0.032875000000   0.0028750000000
-2.7106630939e-08  1.7145977643e-10  9.1567292435e-06      0.0000000000 -2.9582095113e-08 -2.9510803081e-08    0.032891666667   0.0028916666667
-2.6938622665e-08  1.6750539718e-10  9.1570591482e-06      0.0000000000 -2.9356995175e-08 -3.0424161099e-08    0.032908333333   0.0029083333333
-2.6772452369e-08  1.6342371289e-10  9.1573991427e-06      0.0000000000 -2.9131895236e-08 -3.0270475205e-08    0.032925000000   0.0029250000000
-2.7007553772e-08  1.3151697354e-10  9.1577292465e-06      0.0000000000 -2.8906340550e-08 -2.8893323819e-08    0.032941666667   0.0029416666667
-2.6883594947e-08  1.2451156707e-10  9.1580591477e-06      0.0000000000 -2.8681240611e-08 -2.8445960298e-08    0.032958333333   0.0029583333333
-2.7042970598e-08  9.7849872626e-11  9.1583991456e-06      0.0000000000 -2.8455685925e-08 -2.8195047440e-08    0.032975000000   0.0029750000000
-2.7190010037e-08  7.2074127129e-11  9.1587292459e-06      0.0000000000 -2.8230585987e-08 -2.7934418176e-08    0.032991666667   0.0029916666667
-2.6945019104e-08  7.3420353259e-11  9.1590591437e-06      0.0000000000 -2.8005031301e-08 -2.8520169752e-08    0.033008333333   0.0030083333333
-2.7184993724e-08  4.1176076996e-11  9.1593991486e-06      0.0000000000 -2.7779476615e-08 -2.7719949708e-08    0.033025000000   0.0030250000000
-2.6700417119e-08  5.9116890212e-11  9.1597292419e-06      0.0000000000 -2.7553921928e-08 -2.7331969473e-08    0.033041666667   0.0030416666667
-2.6759100240e-08  3.9398034168e-11  9.1600591466e-06      0.0000000000 -2.7327912495e-08 -2.7052237562e-08    0.033058333333   0.0030583333333
-2.6142613352e-08  6.6475439903e-11  9.1603991446e-06      0.0000000000 -2.7102357809e-08 -2.7654639099e-08    0.033075000000   0.0030750000000
-2.5920627451e-08  6.6228252707e-11  9.1607292449e-06      0.0000000000 -2.6876803123e-08 -2.6209677251e-08    0.033091666667   0.0030916666667
-2.5616550550e-08  7.1635493375e-11  9.1610591496e-06      0.0000000000 -2.6650793690e-08 -2.6286622393e-08    0.033108333333   0.0031083333333
-2.5238830348e-08  8.2143540630e-11  9.1613991440e-06      0.0000000000 -2.6424784256e-08 -2.7701444511e-08    0.033125000000   0.0031250000000
-2.4832309897e-08  9.4677896750e-11  9.1617292478e-06      0.0000000000 -2.6199229570e-08 -2.6817817442e-08    0.033141666667   0.0031416666667
-2.4548736894e-08  9.8664961826e-11  9.1620591421e-06      0.0000000000 -2.5973220137e-08 -2.5844148520e-08    0.033158333333   0.0031583333333
-2.4323202160e-08  9.8632082387e-11  9.1623991505e-06      0.0000000000 -2.5747210703e-08 -2.5664033369e-08    0.033175000000   0.0031750000000
-2.4152293990e-08  9.4815565732e-11  9.1627292403e-06      0.0000000000 -2.5521201270e-08 -2.6224770699e-08    0.033191666667   0.0031916666667
-2.4282913029e-08  7.0082665246e-11  9.1630591485e-06      0.0000000000 -2.5294737089e-08 -2.5701106652e-08    0.033208333333   0.0032083333333
-2.4222181383e-08  5.8634916291e-11  9.1633991464e-06      0.0000000000 -2.5068727656e-08 -2.4431118749e-08    0.033225000000   0.0032250000000
-2.4144694673e-08  4.8316187354e-11  9.1637292433e-06      0.0000000000 -2.4842263475e-08 -2.5040501005e-08    0.033241666667   0.0032416666667
-2.3695722757e-08  6.3759391057e-11  9.1640591480e-06      0.0000000000 -2.4616254042e-08 -2.5344256654e-08    0.033258333333   0.0032583333333
-2.3795734237e-08  4.1146482947e-11  9.1643991424e-06      0.0000000000 -2.4389789861e-08 -2.4212137968e-08    0.033275000000   0.0032750000000
-2.3335450115e-08  5.7341714266e-11  9.1647292497e-06      0.0000000000 -2.4163325680e-08 -2.4109644021e-08    0.033291666667   0.0032916666667
-2.3206701849e-08  5.0605047142e-11  9.1650591439e-06      0.0000000000 -2.3937316247e-08 -2.3819126584e-08    0.033308333333   0.0033083333333
-2.3057448289e-08  4.5257154853e-11  9.1653991489e-06      0.0000000000 -2.3710852066e-08 -2.3389969535e-08    0.033325000000   0.0033250000000
-2.2889910557e-08  4.1144194296e-11  9.1657292422e-06      0.0000000000 -2.3483933138e-08 -2.3665016187e-08    0.033341666667   0.0033416666667
-2.2982772926e-08  1.9026459998e-11  9.1660591469e-06      0.0000000000 -2.3257468957e-08 -2.3750388504e-08    0.033358333333   0.0033583333333
-2.2700646678e-08  2.2881820020e-11  9.1663991483e-06      0.0000000000 -2.3031004777e-08 -2.2614622235e-08    0.033375000000   0.0033750000000
-2.2785275426e-08  1.3343767182e-12  9.1667292451e-06      0.0000000000 -2.2804540596e-08 -2.2578350792e-08    0.033391666667   0.0033916666667
-2.2651979257e-08 -5.1502807786e-12  9.1670591499e-06      0.0000000000 -2.2577621668e-08 -2.3155093466e-08    0.033408333333   0.0034083333333
-2.2514115533e-08 -1.1318572602e-11  9.1673991408e-06      0.0000000000 -2.2350702740e-08 -2.2164098523e-08    0.033425000000   0.0034250000000
-2.2588073917e-08 -3.2126947199e-11  9.1677292481e-06      0.0000000000 -2.2124238559e-08 -2.2467571170e-08    0.033441666667   0.0034416666667
-2.2228800957e-08 -2.2959618909e-11  9.1680591458e-06      0.0000000000 -2.1897319631e-08 -2.2405279251e-08    0.033458333333   0.0034583333333
-2.1915318967e-08 -1.6963942082e-11  9.1683991473e-06      0.0000000000 -2.1670400703e-08 -2.2011450304e-08    0.033475000000   0.0034750000000
-2.1724203355e-08 -1.9443811746e-11  9.1687292441e-06      0.0000000000 -2.1443481775e-08 -1.9969888464e-08    0.033491666667   0.0034916666667
-2.1431012583e-08 -1.4853579474e-11  9.1690591453e-06      0.0000000000 -2.1216562847e-08 -2.0980725003e-08    0.033508333333   0.0035083333333
-2.1112182526e-08 -8.5189732789e-12  9.1693991467e-06      0.0000000000 -2.0989189171e-08 -2.1454093278e-08    0.033525000000   0.0035250000000
-2.0904747692e-08 -9.8685134566e-12  9.1697292435e-06      0.0000000000 -2.0762270243e-08 -1.9613274301e-08    0.033541666667   0.0035416666667
-2.0514891426e-08  1.3856298453e-12  9.1700591483e-06      0.0000000000 -2.0534896568e-08 -2.0417330597e-08    0.033558333333   0.0035583333333
-2.0033516069e-08  1.9010220376e-11  9.1703991427e-06      0.0000000000 -2.0307977639e-08 -1.9735704179e-08    0.033575000000   0.0035750000000
-1.9939555582e-08  9.7695310052e-12  9.1707292465e-06      0.0000000000 -2.0080603964e-08 -2.0086265240e-08    0.033591666667   0.0035916666667
-1.9632245542e-08  1.5306218372e-11  9.1710591442e-06      0.0000000000 -1.9853230289e-08 -2.0820986007e-08    0.033608333333   0.0036083333333
-1.9240284381e-08  2.6706154524e-11  9.1713991457e-06      0.0000000000 -1.9625856613e-08 -1.9658837649e-08    0.033625000000   0.0036250000000
-1.9167616260e-08  1.5990677389e-11  9.1717292495e-06      0.0000000000 -1.9398482938e-08 -2.0155632213e-08    0.033641666667   0.0036416666667
-1.8893090013e-08  1.9256638341e-11  9.1720591437e-06      0.0000000000 -1.9171109262e-08 -1.9393900462e-08    0.033658333333   0.0036583333333
-1.8826872310e-08  8.0943814404e-12  9.1723991486e-06      0.0000000000 -1.8943735587e-08 -1.9358556637e-08    0.033675000000   0.0036750000000
-1.8650397660e-08  4.5689272453e-12  9.1727292419e-06      0.0000000000 -1.8716361911e-08 -1.8725685202e-08    0.033691666667   0.0036916666667
-1.8634240777e-08 -1.0092224031e-11  9.1730591467e-06      0.0000000000 -1.8488533489e-08 -1.8174349833e-08    0.033708333333   0.0037083333333
-1.8506736885e-08 -1.7009573496e-11  9.1733991446e-06      0.0000000000 -1.8261159813e-08 -1.8515273098e-08    0.033725000000   0.0037250000000
-1.8338835658e-08 -2.1160352025e-11  9.1737292449e-06      0.0000000000 -1.8033331390e-08 -1.7800582595e-08    0.033741666667   0.0037416666667
-1.8392446266e-08 -4.0653857098e-11  9.1740591461e-06      0.0000000000 -1.7805502968e-08 -1.7360121181e-08    0.033758333333   0.0037583333333
-1.8297903313e-08 -4.9854202674e-11  9.1743991441e-06      0.0000000000 -1.7578129292e-08 -1.7676203146e-08    0.033775000000   0.0037750000000
-1.8209764227e-08 -5.9529601202e-11  9.1747292513e-06      0.0000000000 -1.7350300869e-08 -1.6971134716e-08    0.033791666667   0.0037916666667
-1.7962158571e-08 -5.8159757098e-11  9.1750591421e-06      0.0000000000 -1.7122472447e-08 -1.6587399513e-08    0.033808333333   0.0038083333333
-1.7862069504e-08 -6.7038953407e-11  9.1753991470e-06      0.0000000000 -1.6894189276e-08 -1.7327513044e-08    0.033825000000   0.0038250000000
-1.7670204312e-08 -6.9529899399e-11  9.1757292438e-06      0.0000000000 -1.6666360854e-08 -1.6916829747e-08    0.033841666667   0.0038416666667
-1.7253369623e-08 -5.6438628460e-11  9.1760591451e-06      0.0000000000 -1.6438532431e-08 -1.5349390854e-08    0.033858333333   0.0038583333333
-1.7144267819e-08 -6.4693569321e-11  9.1763991430e-06      0.0000000000 -1.6210249261e-08 -1.5872127283e-08    0.033875000000   0.0038750000000
-1.6698357886e-08 -4.9588439795e-11  9.1767292433e-06      0.0000000000 -1.5982420838e-08 -1.6785422412e-08    0.033891666667   0.0038916666667
-1.6708928417e-08 -6.6132327844e-11  9.1770591480e-06      0.0000000000 -1.5754137668e-08 -1.5435030451e-08    0.033908333333   0.0039083333333
-1.6034028630e-08 -3.5166516674e-11  9.1773991425e-06      0.0000000000 -1.5526309245e-08 -1.5464981513e-08    0.033925000000   0.0039250000000
-1.5883649171e-08 -4.0562414959e-11  9.1777292497e-06      0.0000000000 -1.5298026075e-08 -1.5559991626e-08    0.033941666667   0.0039416666667
-1.5480811524e-08 -2.8472128301e-11  9.1780591440e-06      0.0000000000 -1.5069742905e-08 -1.5857096724e-08    0.033958333333   0.0039583333333
-1.5219524519e-08 -2.6186160974e-11  9.1783991454e-06      0.0000000000 -1.4841459734e-08 -1.4649086294e-08    0.033975000000   0.0039750000000
-1.4872314584e-08 -1.7948854741e-11  9.1787292457e-06      0.0000000000 -1.4613176564e-08 -1.4638662381e-08    0.033991666667   0.0039916666667
-1.4656324193e-08 -1.8831795460e-11  9.1790591435e-06      0.0000000000 -1.4384438647e-08 -1.4349795790e-08    0.034008333333   0.0040083333333
-1.4469713700e-08 -2.1718198689e-11  9.1793991484e-06      0.0000000000 -1.4156155477e-08 -1.3770474652e-08    0.034025000000   0.0040250000000
-1.4191305912e-08 -1.8246382892e-11  9.1797292417e-06      0.0000000000 -1.3927872307e-08 -1.4212649800e-08    0.034041666667   0.0040416666667
-1.4563151115e-08 -5.9844984266e-11  9.1800591499e-06      0.0000000000 -1.3699134389e-08 -1.4025695430e-08    0.034058333333   0.0040583333333
-1.4276886172e-08 -5.5828952888e-11  9.1803991409e-06      0.0000000000 -1.3470851219e-08 -1.3712962324e-08    0.034075000000   0.0040750000000
-1.4471816184e-08 -8.5173755896e-11  9.1807292481e-06      0.0000000000 -1.3242113301e-08 -1.3537123651e-08    0.034091666667   0.0040916666667
-1.4651063680e-08 -1.1343233000e-10  9.1810591424e-06      0.0000000000 -1.3013375384e-08 -1.2983539986e-08    0.034108333333   0.0041083333333
-1.4434127182e-08 -1.1424973981e-10  9.1813991473e-06      0.0000000000 -1.2784637466e-08 -1.2176543613e-08    0.034125000000   0.0041250000000
-1.4554332589e-08 -1.3841884112e-10  9.1817292476e-06      0.0000000000 -1.2555899549e-08 -1.2112868127e-08    0.034141666667   0.0041416666667
-1.4394751965e-08 -1.4320893029e-10  9.1820591418e-06      0.0000000000 -1.2327161631e-08 -1.2965081957e-08    0.034158333333   0.0041583333333
-1.3847693889e-08 -1.2116090236e-10  9.1823991503e-06      0.0000000000 -1.2098423714e-08 -1.2744355996e-08    0.034175000000   0.0041750000000
-1.3667213931e-08 -1.2450342657e-10  9.1827292401e-06      0.0000000000 -1.1869685796e-08 -1.1814552409e-08    0.034191666667   0.0041916666667
-1.3250107331e-08 -1.1148781456e-10  9.1830591483e-06      0.0000000000 -1.1640493132e-08 -1.2238332417e-08    0.034208333333   0.0042083333333
-1.2997635285e-08 -1.0984390129e-10  9.1833991392e-06      0.0000000000 -1.1411755214e-08 -1.1152107248e-08    0.034225000000   0.0042250000000
-1.2633629881e-08 -1.0050627387e-10  9.1837292465e-06      0.0000000000 -1.1182562549e-08 -1.1304110851e-08    0.034241666667   0.0042416666667
-1.2277278571e-08 -9.1698797222e-11  9.1840591443e-06      0.0000000000 -1.0953369884e-08 -1.1357173756e-08    0.034258333333   0.0042583333333
-1.2113130392e-08 -9.6172520715e-11  9.1843991457e-06      0.0000000000 -1.0724631967e-08 -1.0714208577e-08    0.034275000000   0.0042750000000
-1.1598677836e-08 -7.6414368772e-11  9.1847292495e-06      0.0000000000 -1.0495439302e-08 -1.1609973294e-08    0.034291666667   0.0042916666667
-1.1535946409e-08 -8.7944087898e-11  9.1850591402e-06      0.0000000000 -1.0266246637e-08 -9.5555505777e-09    0.034308333333   0.0043083333333
-1.0824917471e-08 -5.4570330955e-11  9.1853991487e-06      0.0000000000 -1.0037053972e-08 -9.8064319902e-09    0.034325000000   0.0043250000000
-1.1076815877e-08 -8.7892472430e-11  9.1857292420e-06      0.0000000000 -9.8078613075e-09 -9.3037572695e-09    0.034341666667   0.0043416666667
-1.0650214000e-08 -7.4219182546e-11  9.1860591467e-06      0.0000000000 -9.5786686427e-09 -1.0008605587e-08    0.034358333333   0.0043583333333
-1.0587384723e-08 -8.5773621646e-11  9.1863991446e-06      0.0000000000 -9.3490212305e-09 -9.6131100721e-09    0.034375000000   0.0043750000000
-1.0309901013e-08 -8.2428805813e-11  9.1867292449e-06      0.0000000000 -9.1198285656e-09 -8.8141006481e-09    0.034391666667   0.0043916666667
-1.0175063616e-08 -8.8995697051e-11  9.1870591462e-06      0.0000000000 -8.8901811534e-09 -8.8465830068e-09    0.034408333333   0.0044083333333
-9.8881452808e-09 -8.4997404280e-11  9.1873991441e-06      0.0000000000 -8.6609884886e-09 -8.7511326681e-09    0.034425000000   0.0044250000000
-1.0162506269e-08 -1.1990688452e-10  9.1877292479e-06      0.0000000000 -8.4313410764e-09 -8.0727922194e-09    0.034441666667   0.0044416666667
-1.0194837897e-08 -1.3805251881e-10  9.1880591421e-06      0.0000000000 -8.2016936642e-09 -7.4347009665e-09    0.034458333333   0.0044583333333
-9.9409400221e-09 -1.3637284235e-10  9.1883991471e-06      0.0000000000 -7.9720462520e-09 -7.5476974390e-09    0.034475000000   0.0044750000000
-9.8731136143e-09 -1.4754966431e-10  9.1887292439e-06      0.0000000000 -7.7428535871e-09 -7.9583964585e-09    0.034491666667   0.0044916666667
-9.7321073530e-09 -1.5372077474e-10  9.1890591451e-06      0.0000000000 -7.5127514276e-09 -7.5626493863e-09    0.034508333333   0.0045083333333
-9.2320347175e-09 -1.3499012665e-10  9.1893991465e-06      0.0000000000 -7.2831040154e-09 -8.3944084488e-09    0.034525000000   0.0045250000000
-9.1644773061e-09 -1.4621707777e-10  9.1897292433e-06      0.0000000000 -7.0534566032e-09 -7.5285790710e-09    0.034541666667   0.0045416666667
-8.8663816943e-09 -1.4147610308e-10  9.1900591481e-06      0.0000000000 -6.8238091910e-09 -6.6204408707e-09    0.034558333333   0.0045583333333
-8.8043846423e-09 -1.5311968268e-10  9.1903991390e-06      0.0000000000 -6.5937070314e-09 -6.3238074429e-09    0.034575000000   0.0045750000000
-8.5190423803e-09 -1.4926205202e-10  9.1907292463e-06      0.0000000000 -6.3640596192e-09 -6.5473791471e-09    0.034591666667   0.0045916666667
-8.2943308383e-09 -1.4963542607e-10  9.1910591440e-06      0.0000000000 -6.1339574597e-09 -5.6297603745e-09    0.034608333333   0.0046083333333
-8.2018887375e-09 -1.5913877185e-10  9.1913991455e-06      0.0000000000 -5.9043100475e-09 -6.0764950021e-09    0.034625000000   0.0046250000000
-8.0384059395e-09 -1.6375307447e-10  9.1917292458e-06      0.0000000000 -5.6742078879e-09 -5.4477270980e-09    0.034641666667   0.0046416666667
-7.9409019285e-09 -1.7293731116e-10  9.1920591435e-06      0.0000000000 -5.4441057284e-09 -4.7052709384e-09    0.034658333333   0.0046583333333
-7.4367687980e-09 -1.5395691570e-10  9.1923991484e-06      0.0000000000 -5.2140035688e-09 -5.1166774634e-09    0.034675000000   0.0046750000000
-7.2013617772e-09 -1.5358948144e-10  9.1927292417e-06      0.0000000000 -4.9839014093e-09 -4.8454041733e-09    0.034691666667   0.0046916666667
-6.8853165104e-09 -1.4763674494e-10  9.1930591499e-06      0.0000000000 -4.7537992497e-09 -5.4503684515e-09    0.034708333333   0.0047083333333
-6.7105322544e-09 -1.5146826691e-10  9.1933991409e-06      0.0000000000 -4.5236970902e-09 -4.5022168906e-09    0.034725000000   0.0047250000000
-6.1563823305e-09 -1.2902352390e-10  9.1937292447e-06      0.0000000000 -4.2935949306e-09 -3.8303068799e-09    0.034741666667   0.0047416666667
-6.1781949687e-09 -1.4650356915e-10  9.1940591459e-06      0.0000000000 -4.0630380238e-09 -3.2297134128e-09    0.034758333333   0.0047583333333
-5.9114814290e-09 -1.4396772996e-10  9.1943991438e-06      0.0000000000 -3.8329358642e-09 -3.6712439451e-09    0.034775000000   0.0047750000000
-5.6940789826e-09 -1.4487885640e-10  9.1947292511e-06      0.0000000000 -3.6023789573e-09 -3.3180100859e-09    0.034791666667   0.0047916666667
-5.6665198762e-09 -1.5890773509e-10  9.1950591384e-06      0.0000000000 -3.3722767978e-09 -3.1300180417e-09    0.034808333333   0.0048083333333
-5.3303396354e-09 -1.5159187353e-10  9.1953991503e-06      0.0000000000 -3.1417198909e-09 -3.0822850112e-09    0.034825000000   0.0048250000000
-5.1983965496e-09 -1.5842223039e-10  9.1957292401e-06      0.0000000000 -2.9111629840e-09 -2.5768903253e-09    0.034841666667   0.0048416666667
-5.1135055550e-09 -1.6851158858e-10  9.1960591483e-06      0.0000000000 -2.6806060771e-09 -2.6442448388e-09    0.034858333333   0.0048583333333
-4.9297683505e-09 -1.7175449381e-10  9.1963991428e-06      0.0000000000 -2.4500491702e-09 -2.1621506639e-09    0.034875000000   0.0048750000000
-4.8070472095e-09 -1.7922359658e-10  9.1967292466e-06      0.0000000000 -2.2194922633e-09 -1.3871807009e-09    0.034891666667   0.0048916666667
-4.5445260340e-09 -1.7700963347e-10  9.1970591478e-06      0.0000000000 -1.9889353564e-09 -1.5678461336e-09    0.034908333333   0.0049083333333
-4.3934919327e-09 -1.8251767621e-10  9.1973991388e-06      0.0000000000 -1.7583784495e-09 -2.7564709165e-09    0.034925000000   0.0049250000000
-4.2072153870e-09 -1.8558469730e-10  9.1977292495e-06      0.0000000000 -1.5278215426e-09 -2.3479730248e-09    0.034941666667   0.0049416666667
-4.2508790176e-09 -2.0460972033e-10  9.1980591403e-06      0.0000000000 -1.2968098883e-09 -1.7877388098e-09    0.034958333333   0.0049583333333
-4.1178703917e-09 -2.1136627396e-10  9.1983991487e-06      0.0000000000 -1.0662529814e-09 -6.4098448637e-11    0.034975000000   0.0049750000000
-4.2518930504e-09 -2.3664989645e-10  9.1987292420e-06      0.0000000000 -8.3524132716e-10 -4.1346461178e-10    0.034991666667   0.0049916666667
-4.1361981150e-09 -2.4460566012e-10  9.1990591432e-06      0.0000000000 -6.0468442026e-10 -5.5686809381e-10    0.035008333333   0.0050083333333
-3.7982749556e-09 -2.3720057507e-10  9.1993991447e-06      0.0000000000 -3.7367276601e-10 -1.3475465390e-10    0.035025000000   0.0050250000000
-3.6210546386e-09 -2.4092636142e-10  9.1997292415e-06      0.0000000000 -1.4266111176e-10 -2.8023348508e-10    0.035041666667   0.0050416666667
-3.3951267423e-09 -2.4127848124e-10  9.2000591497e-06      0.0000000000  8.8350542492e-11  6.3060895808e-10    0.035058333333   0.0050583333333
-2.9387512218e-09 -2.2566894890e-10  9.2003991371e-06      0.0000000000  3.1936219674e-10  1.5925314281e-10    0.035075000000   0.0050750000000
-2.8061759121e-09 -2.3248701308e-10  9.2007292479e-06      0.0000000000  5.5037385099e-10  1.7368486685e-09    0.035091666667   0.0050916666667
-2.5077923589e-09 -2.2782058694e-10  9.2010591422e-06      0.0000000000  7.8138550524e-10  1.8006970996e-09    0.035108333333   0.0051083333333
-1.9584578177e-09 -2.0577237005e-10  9.2013991436e-06      0.0000000000  1.0123971595e-09  4.4258546926e-10    0.035125000000   0.0051250000000
-1.7763401773e-09 -2.0919044721e-10  9.2017292439e-06      0.0000000000  1.2438635611e-09  1.0500024328e-09    0.035141666667   0.0051416666667
-1.3614678172e-09 -1.9645557678e-10  9.2020591416e-06      0.0000000000  1.4748752153e-09  2.9386597312e-11    0.035158333333   0.0051583333333
-1.1288645314e-09 -1.9634533451e-10  9.2023991466e-06      0.0000000000  1.7058868696e-09  1.6487721082e-09    0.035175000000   0.0051750000000
-1.0302266662e-09 -2.0554552872e-10  9.2027292434e-06      0.0000000000  1.9373532712e-09  1.7387667942e-09    0.035191666667   0.0051916666667
-7.4283083345e-10 -2.0167165009e-10  9.2030591481e-06      0.0000000000  2.1688196728e-09  2.1379098924e-09    0.035208333333   0.0052083333333
-6.3485966716e-10 -2.1019388797e-10  9.2033991390e-06      0.0000000000  2.3998313270e-09  3.1479917587e-09    0.035225000000   0.0052250000000
-4.7462995147e-10 -2.1512800350e-10  9.2037292463e-06      0.0000000000  2.6312977286e-09  2.2697417306e-09    0.035241666667   0.0052416666667
-2.4213080792e-10 -2.1505647198e-10  9.2040591441e-06      0.0000000000  2.8627641303e-09  3.1956933445e-09    0.035258333333   0.0052583333333
-1.1851153186e-10 -2.2252636156e-10  9.2043991420e-06      0.0000000000  3.0942305319e-09  2.7630459354e-09    0.035275000000   0.0052750000000
 3.2000048867e-10 -2.0818561856e-10  9.2047292493e-06      0.0000000000  3.3256969335e-09  3.2340558592e-09    0.035291666667   0.0052916666667
 2.8039735298e-10 -2.2696089422e-10  9.2050591400e-06      0.0000000000  3.5571633351e-09  4.2314026284e-09    0.035308333333   0.0053083333333
 4.1148422678e-10 -2.3391355044e-10  9.2053991484e-06      0.0000000000  3.7886297367e-09  3.9895615627e-09    0.035325000000   0.0053250000000
 8.1503995980e-10 -2.2199400881e-10  9.2057292418e-06      0.0000000000  4.0200961383e-09  4.9790157162e-09    0.035341666667   0.0053416666667
 9.0355017809e-10 -2.3192717866e-10  9.2060591430e-06      0.0000000000  4.2520172872e-09  4.4602098725e-09    0.035358333333   0.0053583333333
 1.0379846326e-09 -2.3864796910e-10  9.2063991409e-06      0.0000000000  4.4834836888e-09  4.5254575921e-09    0.035375000000   0.0053750000000
 1.3000461614e-09 -2.3656033525e-10  9.2067292447e-06      0.0000000000  4.7154048378e-09  4.9190192588e-09    0.035391666667   0.0053916666667
 1.5073902228e-09 -2.3823113748e-10  9.2070591460e-06      0.0000000000  4.9468712394e-09  5.4472585077e-09    0.035408333333   0.0054083333333
 1.5647710670e-09 -2.5032044257e-10  9.2073991404e-06      0.0000000000  5.1787923883e-09  4.8874645183e-09    0.035425000000   0.0054250000000
 2.1418255353e-09 -2.2641523627e-10  9.2077292512e-06      0.0000000000  5.4107135373e-09  4.6037234110e-09    0.035441666667   0.0054416666667
 2.3959710668e-09 -2.2484439611e-10  9.2080591384e-06      0.0000000000  5.6421799389e-09  5.4913753996e-09    0.035458333333   0.0054583333333
 2.6148074179e-09 -2.2575069746e-10  9.2083991434e-06      0.0000000000  5.8741010878e-09  5.2989653773e-09    0.035475000000   0.0054750000000
 3.0301167491e-09 -2.1304855575e-10  9.2087292437e-06      0.0000000000  6.1060222368e-09  6.7558290382e-09    0.035491666667   0.0054916666667
 3.2896424101e-09 -2.1113656546e-10  9.2090591414e-06      0.0000000000  6.3379433857e-09  7.1751753459e-09    0.035508333333   0.0055083333333
 3.5890779979e-09 -2.0646026649e-10  9.2093991463e-06      0.0000000000  6.5698645347e-09  6.1879694873e-09    0.035525000000   0.0055250000000
 3.7048169939e-09 -2.1453896827e-10  9.2097292431e-06      0.0000000000  6.8022404310e-09  7.4706610428e-09    0.035541666667   0.0055416666667
 3.8876384642e-09 -2.1793979306e-10  9.2100591478e-06      0.0000000000  7.0341615799e-09  6.8891073320e-09    0.035558333333   0.0055583333333
 4.2293047613e-09 -2.1033843944e-10  9.2103991388e-06      0.0000000000  7.2660827289e-09  7.0974598091e-09    0.035575000000   0.0055750000000
 4.4591345647e-09 -2.1051479122e-10  9.2107292496e-06      0.0000000000  7.4984586252e-09  7.4069541127e-09    0.035591666667   0.0055916666667
 4.3929325310e-09 -2.3116390211e-10  9.2110591403e-06      0.0000000000  7.7303797741e-09  8.3980119451e-09    0.035608333333   0.0056083333333
 4.7010634993e-09 -2.2591682649e-10  9.2113991452e-06      0.0000000000  7.9627556704e-09  8.3927449605e-09    0.035625000000   0.0056250000000
 4.8780196898e-09 -2.2972390218e-10  9.2117292455e-06      0.0000000000  8.1946768194e-09  8.3918959541e-09    0.035641666667   0.0056416666667
 4.9355053316e-09 -2.4183744608e-10  9.2120591398e-06      0.0000000000  8.4270527157e-09  7.6625050607e-09    0.035658333333   0.0056583333333
 5.3690411231e-09 -2.2790437001e-10  9.2123991482e-06      0.0000000000  8.6594286120e-09  8.8420737746e-09    0.035675000000   0.0056750000000
 5.2907019323e-09 -2.4942564263e-10  9.2127292415e-06      0.0000000000  8.8918045083e-09  8.5551567541e-09    0.035691666667   0.0056916666667
 5.3909817799e-09 -2.5857510203e-10  9.2130591462e-06      0.0000000000  9.1241804046e-09  8.6028583400e-09    0.035708333333   0.0057083333333
 5.8064920959e-09 -2.4589053686e-10  9.2133991372e-06      0.0000000000  9.3565563009e-09  8.2991813029e-09    0.035725000000   0.0057250000000
 6.0415526110e-09 -2.4570459027e-10  9.2137292480e-06      0.0000000000  9.5889321972e-09  1.0298104151e-08    0.035741666667   0.0057416666667
 6.5180308969e-09 -2.2879715870e-10  9.2140591422e-06      0.0000000000  9.8213080935e-09  9.1423076187e-09    0.035758333333   0.0057583333333
 6.8305394501e-09 -2.2324687541e-10  9.2143991436e-06      0.0000000000  1.0053683990e-08  9.6650440479e-09    0.035775000000   0.0057750000000
 7.3816438099e-09 -2.0120206426e-10  9.2147292474e-06      0.0000000000  1.0286514633e-08  9.7821912187e-09    0.035791666667   0.0057916666667
 7.8309393347e-09 -1.8617741096e-10  9.2150591382e-06      0.0000000000  1.0518890530e-08  1.1010530638e-08    0.035808333333   0.0058083333333
 8.0844792752e-09 -1.8471151122e-10  9.2153991466e-06      0.0000000000  1.0751266426e-08  1.0521408576e-08    0.035825000000   0.0058250000000
 8.6199561591e-09 -1.6374911668e-10  9.2157292399e-06      0.0000000000  1.0984097070e-08  1.0303858529e-08    0.035841666667   0.0058416666667
 9.0925445361e-09 -1.4714261202e-10  9.2160591446e-06      0.0000000000  1.1216927713e-08  1.1430914620e-08    0.035858333333   0.0058583333333
 9.2286621198e-09 -1.5380981768e-10  9.2163991426e-06      0.0000000000  1.1449303610e-08  1.1512104794e-08    0.035875000000   0.0058750000000
 9.5498305178e-09 -1.4769121909e-10  9.2167292464e-06      0.0000000000  1.1682134253e-08  1.1583405616e-08    0.035891666667   0.0058916666667
 9.5762269239e-09 -1.6198961556e-10  9.2170591441e-06      0.0000000000  1.1914964897e-08  1.1798141364e-08    0.035908333333   0.0059083333333
 9.7931415229e-09 -1.6309201950e-10  9.2173991420e-06      0.0000000000  1.2147795541e-08  1.2135495657e-08    0.035925000000   0.0059250000000
 9.8995830207e-09 -1.7184619777e-10  9.2177292493e-06      0.0000000000  1.2380626184e-08  1.2097400423e-08    0.035941666667   0.0059416666667
 9.6658674126e-09 -2.0416091145e-10  9.2180591401e-06      0.0000000000  1.2613456828e-08  1.1881171052e-08    0.035958333333   0.0059583333333
 9.9711061467e-09 -1.9914566012e-10  9.2183991450e-06      0.0000000000  1.2846287472e-08  1.3118975321e-08    0.035975000000   0.0059750000000
 1.0013219536e-08 -2.1235544036e-10  9.2187292418e-06      0.0000000000  1.3079118115e-08  1.2570265583e-08    0.035991666667   0.0059916666667
 1.0167258186e-08 -2.1781286439e-10  9.2190591430e-06      0.0000000000  1.3311948759e-08  1.2809952688e-08    0.036008333333   0.0060083333333
 1.0341109583e-08 -2.2192948198e-10  9.2193991445e-06      0.0000000000  1.3545234150e-08  1.3351996153e-08    0.036025000000   0.0060250000000
 1.0458913457e-08 -2.2989666016e-10  9.2197292448e-06      0.0000000000  1.3778064794e-08  1.3151772126e-08    0.036041666667   0.0060416666667
 1.0933561842e-08 -2.1314747171e-10  9.2200591425e-06      0.0000000000  1.4010895437e-08  1.3216972679e-08    0.036058333333   0.0060583333333
 1.1149644216e-08 -2.1433901616e-10  9.2203991404e-06      0.0000000000  1.4244180828e-08  1.4380567493e-08    0.036075000000   0.0060750000000
 1.1570455634e-08 -2.0135027202e-10  9.2207292477e-06      0.0000000000  1.4477466219e-08  1.4547664545e-08    0.036091666667   0.0060916666667
 1.2035334877e-08 -1.8527773044e-10  9.2210591420e-06      0.0000000000  1.4710296863e-08  1.5334929379e-08    0.036108333333   0.0061083333333
 1.2223606601e-08 -1.8839554302e-10  9.2213991434e-06      0.0000000000  1.4943582254e-08  1.4879405963e-08    0.036125000000   0.0061250000000
 1.2710725713e-08 -1.7081408352e-10  9.2217292437e-06      0.0000000000  1.5176867645e-08  1.5393840995e-08    0.036141666667   0.0061416666667
 1.3080912222e-08 -1.6133180733e-10  9.2220591414e-06      0.0000000000  1.5410153036e-08  1.5813548917e-08    0.036158333333   0.0061583333333
 1.3315019803e-08 -1.6127485938e-10  9.2223991429e-06      0.0000000000  1.5643438427e-08  1.5764007817e-08    0.036175000000   0.0061750000000
 1.3794816133e-08 -1.4420060281e-10  9.2227292432e-06      0.0000000000  1.5876723818e-08  1.5720268261e-08    0.036191666667   0.0061916666667
 1.3978424115e-08 -1.4764144334e-10  9.2230591479e-06      0.0000000000  1.6110009209e-08  1.6979847974e-08    0.036208333333   0.0062083333333
 1.4035368557e-08 -1.5985546763e-10  9.2233991388e-06      0.0000000000  1.6343294600e-08  1.6176404849e-08    0.036225000000   0.0062250000000
 1.4446072842e-08 -1.4756678086e-10  9.2237292461e-06      0.0000000000  1.6576579991e-08  1.5800986765e-08    0.036241666667   0.0062416666667
 1.4580260719e-08 -1.5446213760e-10  9.2240591439e-06      0.0000000000  1.6810320129e-08  1.6443920500e-08    0.036258333333   0.0062583333333
 1.4554030780e-08 -1.7243712620e-10  9.2243991418e-06      0.0000000000  1.7043605520e-08  1.6450964109e-08    0.036275000000   0.0062750000000
 1.4996553246e-08 -1.5794459488e-10  9.2247292456e-06      0.0000000000  1.7276890911e-08  1.6780268564e-08    0.036291666667   0.0062916666667
 1.4788372246e-08 -1.8855368240e-10  9.2250591398e-06      0.0000000000  1.7510631050e-08  1.7356775403e-08    0.036308333333   0.0063083333333
 1.5098186344e-08 -1.8325302201e-10  9.2253991447e-06      0.0000000000  1.7743916441e-08  1.7153689910e-08    0.036325000000   0.0063250000000
 1.5266502764e-08 -1.8778450998e-10  9.2257292416e-06      0.0000000000  1.7977656579e-08  1.8438692650e-08    0.036341666667   0.0063416666667
 1.5606968299e-08 -1.8039231545e-10  9.2260591463e-06      0.0000000000  1.8211396717e-08  1.8262649586e-08    0.036358333333   0.0063583333333
 1.5811660836e-08 -1.8240425943e-10  9.2263991407e-06      0.0000000000  1.8445136856e-08  2.0264984182e-08    0.036375000000   0.0063750000000
 1.6420177240e-08 -1.5641437589e-10  9.2267292445e-06      0.0000000000  1.8678422247e-08  1.8373036149e-08    0.036391666667   0.0063916666667
 1.6565647070e-08 -1.6252830294e-10  9.2270591423e-06      0.0000000000  1.8912162385e-08  1.8906290825e-08    0.036408333333   0.0064083333333
 1.6895486862e-08 -1.5587208656e-10  9.2273991402e-06      0.0000000000  1.9145902523e-08  2.0101691938e-08    0.036425000000   0.0064250000000
 1.7184428405e-08 -1.5204863378e-10  9.2277292475e-06      0.0000000000  1.9379642662e-08  1.9873985257e-08    0.036441666667   0.0064416666667
 1.7718167361e-08 -1.3126960948e-10  9.2280591382e-06      0.0000000000  1.9613382800e-08  1.9304364804e-08    0.036458333333   0.0064583333333
 1.7993871739e-08 -1.2839450898e-10  9.2283991466e-06      0.0000000000  1.9847577686e-08  2.0008898675e-08    0.036475000000   0.0064750000000
 1.8274444196e-08 -1.2515072990e-10  9.2287292400e-06      0.0000000000  2.0081317824e-08  1.9266033734e-08    0.036491666667   0.0064916666667
 1.8462225158e-08 -1.2833403189e-10  9.2290591447e-06      0.0000000000  2.0315057963e-08  2.0111345456e-08    0.036508333333   0.0065083333333
 1.8713724036e-08 -1.2713549365e-10  9.2293991426e-06      0.0000000000  2.0549252848e-08  1.9710441455e-08    0.036525000000   0.0065250000000
 1.8752692493e-08 -1.4062609846e-10  9.2297292429e-06      0.0000000000  2.0782992987e-08  2.0521148302e-08    0.036541666667   0.0065416666667
 1.9254693958e-08 -1.2204532979e-10  9.2300591441e-06      0.0000000000  2.1016733125e-08  1.9655774872e-08    0.036558333333   0.0065583333333
 1.9195641873e-08 -1.4235669630e-10  9.2303991386e-06      0.0000000000  2.1250928011e-08  2.0648090492e-08    0.036575000000   0.0065750000000
 1.9812246937e-08 -1.1586955728e-10  9.2307292494e-06      0.0000000000  2.1485122896e-08  2.2894467282e-08    0.036591666667   0.0065916666667
 1.9849854346e-08 -1.2945443332e-10  9.2310591401e-06      0.0000000000  2.1718863035e-08  2.1973248093e-08    0.036608333333   0.0066083333333
 2.0268731188e-08 -1.1666268008e-10  9.2313991450e-06      0.0000000000  2.1953057920e-08  2.2690092557e-08    0.036625000000   0.0066250000000
 2.0310376113e-08 -1.2999940029e-10  9.2317292418e-06      0.0000000000  2.2187252806e-08  2.0885057631e-08    0.036641666667   0.0066416666667
 2.0575252488e-08 -1.2787428723e-10  9.2320591431e-06      0.0000000000  2.2421447692e-08  2.4357792825e-08    0.036658333333   0.0066583333333
 2.0893187575e-08 -1.2207413208e-10  9.2323991410e-06      0.0000000000  2.2655642578e-08  2.2939889128e-08    0.036675000000   0.0066750000000
 2.1084748487e-08 -1.2502711835e-10  9.2327292448e-06      0.0000000000  2.2889837463e-08  2.4537766475e-08    0.036691666667   0.0066916666667
 2.1468543731e-08 -1.1466524594e-10  9.2330591460e-06      0.0000000000  2.3124032349e-08  2.5388879741e-08    0.036708333333   0.0067083333333
 2.1482365449e-08 -1.2992910408e-10  9.2333991370e-06      0.0000000000  2.3358227235e-08  2.4071850590e-08    0.036725000000   0.0067250000000
 2.1894688738e-08 -1.1759127405e-10  9.2337292478e-06      0.0000000000  2.3592422120e-08  2.3354031341e-08    0.036741666667   0.0067416666667
 2.2100665495e-08 -1.1957726319e-10  9.2340591420e-06      0.0000000000  2.3827071753e-08  2.3769855844e-08    0.036758333333   0.0067583333333
 2.2366584432e-08 -1.1737993844e-10  9.2343991434e-06      0.0000000000  2.4061266639e-08  2.3962313033e-08    0.036775000000   0.0067750000000
 2.2643524548e-08 -1.1441924618e-10  9.2347292472e-06      0.0000000000  2.4295461525e-08  2.4203792485e-08    0.036791666667   0.0067916666667
 2.2790210732e-08 -1.2051191899e-10  9.2350591415e-06      0.0000000000  2.4530111158e-08  2.5367811802e-08    0.036808333333   0.0068083333333
 2.2929694841e-08 -1.2707193659e-10  9.2353991429e-06      0.0000000000  2.4764306044e-08  2.4755017798e-08    0.036825000000   0.0068250000000
 2.3002663446e-08 -1.3827056075e-10  9.2357292432e-06      0.0000000000  2.4998955677e-08  2.4327590206e-08    0.036841666667   0.0068416666667
 2.3087773811e-08 -1.4862820186e-10  9.2360591444e-06      0.0000000000  2.5233605310e-08  2.5547769730e-08    0.036858333333   0.0068583333333
 2.3559696807e-08 -1.3216227633e-10  9.2363991389e-06      0.0000000000  2.5467800195e-08  2.4788537831e-08    0.036875000000   0.0068750000000
 2.3507904242e-08 -1.5200231920e-10  9.2367292462e-06      0.0000000000  2.5702449829e-08  2.5472050930e-08    0.036891666667   0.0068916666667
 2.3966783250e-08 -1.3647136589e-10  9.2370591404e-06      0.0000000000  2.5937099462e-08  2.5968908384e-08    0.036908333333   0.0069083333333
 2.4095134824e-08 -1.4383396142e-10  9.2373991418e-06      0.0000000000  2.6171749095e-08  2.5603473988e-08    0.036925000000   0.0069250000000
 2.4284463452e-08 -1.4697306134e-10  9.2377292491e-06      0.0000000000  2.6406398728e-08  2.8422914424e-08    0.036941666667   0.0069416666667
 2.5024698747e-08 -1.1195433419e-10  9.2380591399e-06      0.0000000000  2.6641048361e-08  2.7194276281e-08    0.036958333333   0.0069583333333
 2.5111077179e-08 -1.2222414427e-10  9.2383991448e-06      0.0000000000  2.6875697994e-08  2.9314732833e-08    0.036975000000   0.0069750000000
 2.5479355622e-08 -1.1296852014e-10  9.2387292416e-06      0.0000000000  2.7110347627e-08  2.7683712789e-08    0.036991666667   0.0069916666667
 2.5966737026e-08 -9.5463385800e-11  9.2390591428e-06      0.0000000000  2.7344997260e-08  2.8103515045e-08    0.037008333333   0.0070083333333
 2.6065475777e-08 -1.0487707465e-10  9.2393991408e-06      0.0000000000  2.7579646893e-08  2.6911840128e-08    0.037025000000   0.0070250000000
 2.6478806213e-08 -9.2532480847e-11  9.2397292446e-06      0.0000000000  2.7814751273e-08  2.8100291965e-08    0.037041666667   0.0070416666667
 2.6676703782e-08 -9.5078064329e-11  9.2400591423e-06      0.0000000000  2.8049400906e-08  2.8189123197e-08    0.037058333333   0.0070583333333
 2.6833578920e-08 -1.0049651013e-10  9.2403991402e-06      0.0000000000  2.8284505287e-08  2.6972669869e-08    0.037075000000   0.0070750000000
 2.7031743141e-08 -1.0302362430e-10  9.2407292510e-06      0.0000000000  2.8519154920e-08  2.7935113039e-08    0.037091666667   0.0070916666667
 2.7123955653e-08 -1.1292084200e-10  9.2410591383e-06      0.0000000000  2.8754259300e-08  3.0104969190e-08    0.037108333333   0.0071083333333
 2.7283723025e-08 -1.1810746352e-10  9.2413991467e-06      0.0000000000  2.8988908933e-08  2.8155713221e-08    0.037125000000   0.0071250000000
 2.7452987070e-08 -1.2266780791e-10  9.2417292435e-06      0.0000000000  2.9224013314e-08  2.9490398561e-08    0.037141666667   0.0071416666667
 2.7649489183e-08 -1.2534154324e-10  9.2420591412e-06      0.0000000000  2.9459117694e-08  2.7929625942e-08    0.037158333333   0.0071583333333
 2.8045328785e-08 -1.1420842917e-10  9.2423991426e-06      0.0000000000  2.9694222075e-08  3.0242618295e-08    0.037175000000   0.0071750000000
 2.7969717070e-08 -1.3569827414e-10  9.2427292429e-06      0.0000000000  2.9928871708e-08  3.0762273145e-08    0.037191666667   0.0071916666667
 2.8244806505e-08 -1.3292876179e-10  9.2430591442e-06      0.0000000000  3.0163976088e-08  3.0075694190e-08    0.037208333333   0.0072083333333
 2.8374386129e-08 -1.4023779553e-10  9.2433991386e-06      0.0000000000  3.0399080468e-08  3.0935549077e-08    0.037225000000   0.0072250000000
 2.8529857469e-08 -1.4575347358e-10  9.2437292494e-06      0.0000000000  3.0634184849e-08  2.9972351235e-08    0.037241666667   0.0072416666667
 2.8903350713e-08 -1.3619964802e-10  9.2440591367e-06      0.0000000000  3.0869743977e-08  3.0883445236e-08    0.037258333333   0.0072583333333
 2.9115846883e-08 -1.3776557606e-10  9.2443991451e-06      0.0000000000  3.1104848357e-08  3.0890583179e-08    0.037275000000   0.0072750000000
 2.9507691778e-08 -1.2690915009e-10  9.2447292454e-06      0.0000000000  3.1339952737e-08  3.1645742991e-08    0.037291666667   0.0072916666667
 2.9626330913e-08 -1.3497596244e-10  9.2450591396e-06      0.0000000000  3.1575057118e-08  3.1506836099e-08    0.037308333333   0.0073083333333
 2.9984515168e-08 -1.2648249394e-10  9.2453991445e-06      0.0000000000  3.1810616246e-08  3.2234104476e-08    0.037325000000   0.0073250000000
 3.0292912350e-08 -1.2140596426e-10  9.2457292413e-06      0.0000000000  3.2045720626e-08  3.3330329054e-08    0.037341666667   0.0073416666667
 3.0496029202e-08 -1.2362153843e-10  9.2460591461e-06      0.0000000000  3.2280825006e-08  3.2162536375e-08    0.037358333333   0.0073583333333
 3.1011548947e-08 -1.0423043378e-10  9.2463991370e-06      0.0000000000  3.2516384134e-08  3.3707523763e-08    0.037375000000   0.0073750000000
 3.1117804786e-08 -1.1315495889e-10  9.2467292478e-06      0.0000000000  3.2751488515e-08  3.3748700577e-08    0.037391666667   0.0073916666667
 3.1558281439e-08 -9.8961615475e-11  9.2470591385e-06      0.0000000000  3.2987047642e-08  3.2488319025e-08    0.037408333333   0.0074083333333
 3.1734924704e-08 -1.0304234540e-10  9.2473991435e-06      0.0000000000  3.3222606770e-08  3.3108156639e-08    0.037425000000   0.0074250000000
 3.1944428711e-08 -1.0484701909e-10  9.2477292473e-06      0.0000000000  3.3458165898e-08  3.3165307352e-08    0.037441666667   0.0074416666667
 3.2396504408e-08 -8.9818785686e-11  9.2480591415e-06      0.0000000000  3.3693270278e-08  3.2605717753e-08    0.037458333333   0.0074583333333
 3.2605078339e-08 -9.1687879901e-11  9.2483991464e-06      0.0000000000  3.3928829406e-08  3.3485021178e-08    0.037475000000   0.0074750000000
 3.3148437590e-08 -7.0368508427e-11  9.2487292397e-06      0.0000000000  3.4164388534e-08  3.5234273234e-08    0.037491666667   0.0074916666667
 3.3183939276e-08 -8.4225224496e-11  9.2490591445e-06      0.0000000000  3.4399947662e-08  3.3947635371e-08    0.037508333333   0.0075083333333
 3.3576114207e-08 -7.3377436506e-11  9.2493991389e-06      0.0000000000  3.4635506789e-08  3.2773600922e-08    0.037525000000   0.0075250000000
 3.3764116642e-08 -7.6671388415e-11  9.2497292462e-06      0.0000000000  3.4871065917e-08  3.4463312469e-08    0.037541666667   0.0075416666667
 3.4040643067e-08 -7.3833842317e-11  9.2500591404e-06      0.0000000000  3.5106625045e-08  3.5806723709e-08    0.037558333333   0.0075583333333
 3.3998149517e-08 -9.3092796041e-11  9.2503991419e-06      0.0000000000  3.5342184173e-08  3.6175617021e-08    0.037575000000   0.0075750000000
 3.4351249540e-08 -8.4982977748e-11  9.2507292492e-06      0.0000000000  3.5578198048e-08  3.6444296125e-08    0.037591666667   0.0075916666667
 3.4257644800e-08 -1.0778208093e-10  9.2510591329e-06      0.0000000000  3.5813757175e-08  3.6564131816e-08    0.037608333333   0.0076083333333
 3.4571280770e-08 -1.0237419097e-10  9.2513991448e-06      0.0000000000  3.6049316303e-08  3.6604726903e-08    0.037625000000   0.0076250000000
 3.4913758522e-08 -9.5000110248e-11  9.2517292416e-06      0.0000000000  3.6285330178e-08  3.5952847156e-08    0.037641666667   0.0076416666667
 3.4967768490e-08 -1.0757487449e-10  9.2520591429e-06      0.0000000000  3.6520889306e-08  3.8176976833e-08    0.037658333333   0.0076583333333
 3.5520051833e-08 -8.5668884955e-11  9.2523991408e-06      0.0000000000  3.6756903181e-08  3.7285315647e-08    0.037675000000   0.0076750000000
 3.5551780845e-08 -9.9786910372e-11  9.2527292446e-06      0.0000000000  3.6992462309e-08  3.7046398937e-08    0.037691666667   0.0076916666667
 3.5722638512e-08 -1.0429986961e-10  9.2530591423e-06      0.0000000000  3.7228476184e-08  3.7360484164e-08    0.037708333333   0.0077083333333
 3.6180159859e-08 -8.8957445316e-11  9.2533991368e-06      0.0000000000  3.7464490059e-08  3.8850364744e-08    0.037725000000   0.0077250000000
 3.6257563882e-08 -9.9911851016e-11  9.2537292475e-06      0.0000000000  3.7700049187e-08  3.7333457458e-08    0.037741666667   0.0077416666667
 3.6418539654e-08 -1.0510926678e-10  9.2540591383e-06      0.0000000000  3.7936063062e-08  3.6978997256e-08    0.037758333333   0.0077583333333
 3.6849280623e-08 -9.1621750229e-11  9.2543991432e-06      0.0000000000  3.8172076937e-08  3.8140689667e-08    0.037775000000   0.0077750000000
 3.6938631153e-08 -1.0178019429e-10  9.2547292435e-06      0.0000000000  3.8408090812e-08  3.7292107699e-08    0.037791666667   0.0077916666667
 3.7398409425e-08 -8.6281447048e-11  9.2550591413e-06      0.0000000000  3.8644104687e-08  3.7624320787e-08    0.037808333333   0.0078083333333
 3.7661514595e-08 -8.4405004095e-11  9.2553991427e-06      0.0000000000  3.8880118563e-08  3.9211475496e-08    0.037825000000   0.0078250000000
 3.7818331340e-08 -8.9890489362e-11  9.2557292430e-06      0.0000000000  3.9116132438e-08  3.9310573418e-08    0.037841666667   0.0078416666667
 3.8174850015e-08 -8.1543882606e-11  9.2560591477e-06      0.0000000000  3.9352146313e-08  3.8942183221e-08    0.037858333333   0.0078583333333
 3.8051955274e-08 -1.0640321675e-10  9.2563991352e-06      0.0000000000  3.9588160188e-08  4.0118010018e-08    0.037875000000   0.0078750000000
 3.8321193772e-08 -1.0413345434e-10  9.2567292459e-06      0.0000000000  3.9824628810e-08  4.1816651855e-08    0.037891666667   0.0078916666667
 3.8424890885e-08 -1.1329820113e-10  9.2570591402e-06      0.0000000000  4.0060642685e-08  3.9192121293e-08    0.037908333333   0.0079083333333
 3.8450319163e-08 -1.2788413606e-10  9.2573991416e-06      0.0000000000  4.0296656561e-08  4.1407666571e-08    0.037925000000   0.0079250000000
 3.8629253674e-08 -1.3186916080e-10  9.2577292454e-06      0.0000000000  4.0533125183e-08  4.1683452173e-08    0.037941666667   0.0079416666667
 3.8921621385e-08 -1.2796588633e-10  9.2580591362e-06      0.0000000000  4.0769139058e-08  4.0673275973e-08    0.037958333333   0.0079583333333
 3.8776779197e-08 -1.5437687904e-10  9.2583991446e-06      0.0000000000  4.1005607681e-08  4.1951455216e-08    0.037975000000   0.0079750000000
 3.9336494602e-08 -1.3195611750e-10  9.2587292414e-06      0.0000000000  4.1241621556e-08  4.1900986498e-08    0.037991666667   0.0079916666667
 3.9528761990e-08 -1.3501765798e-10  9.2590591461e-06      0.0000000000  4.1478090178e-08  4.1272690264e-08    0.038008333333   0.0080083333333
 3.9759164057e-08 -1.3540635253e-10  9.2593991371e-06      0.0000000000  4.1714104053e-08  4.0185050084e-08    0.038025000000   0.0080250000000
 4.0500006909e-08 -1.0047153365e-10  9.2597292443e-06      0.0000000000  4.1950572676e-08  4.2405547900e-08    0.038041666667   0.0080416666667
 4.0528082799e-08 -1.1490558267e-10  9.2600591421e-06      0.0000000000  4.2187041298e-08  4.1574496342e-08    0.038058333333   0.0080583333333
 4.1183308383e-08 -8.5900931453e-11  9.2603991365e-06      0.0000000000  4.2423509921e-08  4.0797718310e-08    0.038075000000   0.0080750000000
 4.1603509169e-08 -7.3174964309e-11  9.2607292508e-06      0.0000000000  4.2659978543e-08  4.3579786739e-08    0.038091666667   0.0080916666667
 4.1412298560e-08 -1.0276610738e-10  9.2610591346e-06      0.0000000000  4.2895992418e-08  4.3865194415e-08    0.038108333333   0.0081083333333
 4.1964779949e-08 -8.0877897943e-11  9.2613991465e-06      0.0000000000  4.3132461041e-08  4.3189102261e-08    0.038125000000   0.0081250000000
 4.1895061276e-08 -1.0208555902e-10  9.2617292398e-06      0.0000000000  4.3368929663e-08  4.2448752896e-08    0.038141666667   0.0081416666667
 4.1906790218e-08 -1.1768335546e-10  9.2620591410e-06      0.0000000000  4.3605853033e-08  4.2795367649e-08    0.038158333333   0.0081583333333
 4.2101854515e-08 -1.2055117171e-10  9.2623991389e-06      0.0000000000  4.3842321655e-08  4.4347099922e-08    0.038175000000   0.0081750000000
 4.2373024238e-08 -1.1814764555e-10  9.2627292462e-06      0.0000000000  4.4078790278e-08  4.4095668227e-08    0.038191666667   0.0081916666667
 4.2633095831e-08 -1.1651281673e-10  9.2630591440e-06      0.0000000000  4.4315258900e-08  4.5793917006e-08    0.038208333333   0.0082083333333
 4.2840262879e-08 -1.1854235185e-10  9.2633991349e-06      0.0000000000  4.4551727523e-08  4.5205932857e-08    0.038225000000   0.0082250000000
 4.3149483772e-08 -1.1353475882e-10  9.2637292492e-06      0.0000000000  4.4788650893e-08  4.4836504986e-08    0.038241666667   0.0082416666667
 4.3222091917e-08 -1.2488433968e-10  9.2640591365e-06      0.0000000000  4.5025119515e-08  4.4610166149e-08    0.038258333333   0.0082583333333
 4.3581701734e-08 -1.1635512651e-10  9.2643991414e-06      0.0000000000  4.5261588138e-08  4.5759516522e-08    0.038275000000   0.0082750000000
 4.3671769781e-08 -1.2652686766e-10  9.2647292452e-06      0.0000000000  4.5498511507e-08  4.5819528701e-08    0.038291666667   0.0082916666667
 4.4021726681e-08 -1.1866625110e-10  9.2650591394e-06      0.0000000000  4.5734980130e-08  4.4514904479e-08    0.038308333333   0.0083083333333
 4.3992702188e-08 -1.3708678071e-10  9.2653991408e-06      0.0000000000  4.5971903500e-08  4.6027771122e-08    0.038325000000   0.0083250000000
 4.4327480278e-08 -1.3030900191e-10  9.2657292446e-06      0.0000000000  4.6208826869e-08  4.5399270498e-08    0.038341666667   0.0083416666667
 4.4583109895e-08 -1.2898184079e-10  9.2660591459e-06      0.0000000000  4.6445295492e-08  4.4791161751e-08    0.038358333333   0.0083583333333
 4.4952702932e-08 -1.1979265048e-10  9.2663991333e-06      0.0000000000  4.6682218862e-08  4.7112628447e-08    0.038375000000   0.0083750000000
 4.5240647490e-08 -1.1625873484e-10  9.2667292476e-06      0.0000000000  4.6919142231e-08  4.7443866750e-08    0.038391666667   0.0083916666667
 4.5499532836e-08 -1.1473756740e-10  9.2670591383e-06      0.0000000000  4.7156065601e-08  4.7263641543e-08    0.038408333333   0.0084083333333
 4.5889726492e-08 -1.0412150220e-10  9.2673991398e-06      0.0000000000  4.7392988971e-08  4.7004112842e-08    0.038425000000   0.0084250000000
 4.6271188698e-08 -9.4078712003e-11  9.2677292471e-06      0.0000000000  4.7629457594e-08  4.7229980009e-08    0.038441666667   0.0084416666667
 4.6457216271e-08 -9.7603942553e-11  9.2680591378e-06      0.0000000000  4.7866380963e-08  5.0052030354e-08    0.038458333333   0.0084583333333
 4.6352940608e-08 -1.2126814312e-10  9.2683991427e-06      0.0000000000  4.8103759081e-08  4.9118170402e-08    0.038475000000   0.0084750000000
 4.6469531466e-08 -1.2960281663e-10  9.2687292430e-06      0.0000000000  4.8340682450e-08  5.0126035418e-08    0.038491666667   0.0084916666667
 4.6653595485e-08 -1.3326405018e-10  9.2690591408e-06      0.0000000000  4.8577605820e-08  4.8382836463e-08    0.038508333333   0.0085083333333
 4.6711350254e-08 -1.4567392810e-10  9.2693991387e-06      0.0000000000  4.8814529190e-08  4.8663511714e-08    0.038525000000   0.0085250000000
 4.7039513606e-08 -1.3935431047e-10  9.2697292460e-06      0.0000000000  4.9051452560e-08  4.8556096673e-08    0.038541666667   0.0085416666667
 4.7247879848e-08 -1.4133228247e-10  9.2700591402e-06      0.0000000000  4.9288375930e-08  4.8012119360e-08    0.038558333333   0.0085583333333
 4.7788654043e-08 -1.2031795138e-10  9.2703991382e-06      0.0000000000  4.9525754047e-08  5.1186224388e-08    0.038575000000   0.0085750000000
 4.8099967007e-08 -1.1516545381e-10  9.2707292489e-06      0.0000000000  4.9762677417e-08  4.7882708762e-08    0.038591666667   0.0085916666667
 4.8406040175e-08 -1.1037588383e-10  9.2710591362e-06      0.0000000000  4.9999600786e-08  4.9231072540e-08    0.038608333333   0.0086083333333
 4.8849735066e-08 -9.6085623355e-11  9.2713991446e-06      0.0000000000  5.0236978904e-08  5.0262065122e-08    0.038625000000   0.0086250000000
 4.8766711363e-08 -1.1824633732e-10  9.2717292414e-06      0.0000000000  5.0473902273e-08  4.9205146398e-08    0.038641666667   0.0086416666667
 4.9100116977e-08 -1.1159511882e-10  9.2720591392e-06      0.0000000000  5.0711280391e-08  4.9651157798e-08    0.038658333333   0.0086583333333
 4.9368193334e-08 -1.0946884551e-10  9.2723991406e-06      0.0000000000  5.0948658508e-08  5.0500290049e-08    0.038675000000   0.0086750000000
 4.9476318919e-08 -1.1838985500e-10  9.2727292444e-06      0.0000000000  5.1185581877e-08  5.2198711773e-08    0.038691666667   0.0086916666667
 5.0057878879e-08 -9.4550551485e-11  9.2730591421e-06      0.0000000000  5.1422959995e-08  5.0169319026e-08    0.038708333333   0.0087083333333
 4.9959525674e-08 -1.1780454079e-10  9.2733991366e-06      0.0000000000  5.1660338112e-08  5.2744968826e-08    0.038725000000   0.0087250000000
 5.0300746228e-08 -1.1061203071e-10  9.2737292508e-06      0.0000000000  5.1897716229e-08  5.4012472599e-08    0.038741666667   0.0087416666667
 5.0499858195e-08 -1.1323098788e-10  9.2740591346e-06      0.0000000000  5.2134639599e-08  5.1381322931e-08    0.038758333333   0.0087583333333
 5.0650770031e-08 -1.1921996136e-10  9.2743991395e-06      0.0000000000  5.2372017716e-08  5.2421057135e-08    0.038775000000   0.0087750000000
 5.1076838356e-08 -1.0615058184e-10  9.2747292433e-06      0.0000000000  5.2609395833e-08  5.3052183390e-08    0.038791666667   0.0087916666667
 5.1084693419e-08 -1.2204819482e-10  9.2750591376e-06      0.0000000000  5.2846773950e-08  5.2614331886e-08    0.038808333333   0.0088083333333
 5.1168911210e-08 -1.3265664381e-10  9.2753991425e-06      0.0000000000  5.3084152067e-08  5.2891422442e-08    0.038825000000   0.0088250000000
 5.1586626747e-08 -1.2016580911e-10  9.2757292428e-06      0.0000000000  5.3321530185e-08  5.5451035454e-08    0.038841666667   0.0088416666667
 5.1681828906e-08 -1.3004493775e-10  9.2760591405e-06      0.0000000000  5.3559363049e-08  5.3106881418e-08    0.038858333333   0.0088583333333
 5.1919004601e-08 -1.3005895825e-10  9.2763991350e-06      0.0000000000  5.3796741166e-08  5.2123558978e-08    0.038875000000   0.0088750000000
 5.2019168353e-08 -1.3956293110e-10  9.2767292492e-06      0.0000000000  5.4034119283e-08  5.3528413131e-08    0.038891666667   0.0088916666667
 5.2591635152e-08 -1.1635345343e-10  9.2770591365e-06      0.0000000000  5.4271497401e-08  5.3579872357e-08    0.038908333333   0.0089083333333
 5.2694848900e-08 -1.2567766983e-10  9.2773991414e-06      0.0000000000  5.4509330265e-08  5.3022122272e-08    0.038925000000   0.0089250000000
 5.2987690514e-08 -1.2183606351e-10  9.2777292452e-06      0.0000000000  5.4746708382e-08  5.4800130492e-08    0.038941666667   0.0089416666667
 5.3289712660e-08 -1.1735857976e-10  9.2780591360e-06      0.0000000000  5.4984086499e-08  5.5841279706e-08    0.038958333333   0.0089583333333
 5.3688799475e-08 -1.0618953653e-10  9.2783991409e-06      0.0000000000  5.5221919364e-08  5.4132434069e-08    0.038975000000   0.0089750000000
 5.4160043974e-08 -8.9991088599e-11  9.2787292412e-06      0.0000000000  5.5459297481e-08  5.5289692779e-08    0.038991666667   0.0089916666667
 5.4411326379e-08 -8.9059523805e-11  9.2790591424e-06      0.0000000000  5.5697130346e-08  5.4401710622e-08    0.039008333333   0.0090083333333
 5.4760259274e-08 -8.1332828573e-11  9.2793991368e-06      0.0000000000  5.5934508463e-08  5.5757401011e-08    0.039025000000   0.0090250000000
 5.5159117378e-08 -7.0179626758e-11  9.2797292476e-06      0.0000000000  5.6172341327e-08  5.5180957062e-08    0.039041666667   0.0090416666667
 5.5300155394e-08 -7.6883994871e-11  9.2800591384e-06      0.0000000000  5.6410174192e-08  5.8043429548e-08    0.039058333333   0.0090583333333
 5.5488662786e-08 -8.0268961482e-11  9.2803991398e-06      0.0000000000  5.6647552309e-08  5.6895934412e-08    0.039075000000   0.0090750000000
 5.5845740657e-08 -7.2009612643e-11  9.2807292471e-06      0.0000000000  5.6885385174e-08  5.6885824946e-08    0.039091666667   0.0090916666667
 5.6098342697e-08 -7.0986645097e-11  9.2810591344e-06      0.0000000000  5.7123218038e-08  5.6538612744e-08    0.039108333333   0.0091083333333
 5.5949201391e-08 -9.7789903000e-11  9.2813991428e-06      0.0000000000  5.7361050903e-08  5.7297640252e-08    0.039125000000   0.0091250000000
 5.6118043110e-08 -1.0256848414e-10  9.2817292396e-06      0.0000000000  5.7598883767e-08  5.6904597423e-08    0.039141666667   0.0091416666667
 5.6266355548e-08 -1.0876899897e-10  9.2820591408e-06      0.0000000000  5.7836716632e-08  5.6205770762e-08    0.039158333333   0.0091583333333
 5.6333518612e-08 -1.2059021866e-10  9.2823991387e-06      0.0000000000  5.8074549496e-08  5.8518354335e-08    0.039175000000   0.0091750000000
 5.6389798365e-08 -1.3316525660e-10  9.2827292460e-06      0.0000000000  5.8312382361e-08  5.9089719968e-08    0.039191666667   0.0091916666667
 5.6703976224e-08 -1.2787732076e-10  9.2830591403e-06      0.0000000000  5.8550215225e-08  5.7685101650e-08    0.039208333333   0.0092083333333
 5.6687450039e-08 -1.4549516645e-10  9.2833991382e-06      0.0000000000  5.8788048090e-08  5.8908409920e-08    0.039225000000   0.0092250000000
 5.6796985154e-08 -1.5438154164e-10  9.2837292490e-06      0.0000000000  5.9025880954e-08  5.9507934267e-08    0.039241666667   0.0092416666667
 5.7010724699e-08 -1.5608183126e-10  9.2840591362e-06      0.0000000000  5.9264168566e-08  5.8954382048e-08    0.039258333333   0.0092583333333
 5.7310414633e-08 -1.5179738254e-10  9.2843991412e-06      0.0000000000  5.9502001431e-08  5.8594183191e-08    0.039275000000   0.0092750000000
 5.7602987518e-08 -1.4800588686e-10  9.2847292415e-06      0.0000000000  5.9739834295e-08  6.0104282702e-08    0.039291666667   0.0092916666667
 5.8000951082e-08 -1.3691464423e-10  9.2850591392e-06      0.0000000000  5.9977667160e-08  6.1635654542e-08    0.039308333333   0.0093083333333
 5.8348992229e-08 -1.2931270970e-10  9.2853991406e-06      0.0000000000  6.0215954771e-08  6.0144091672e-08    0.039325000000   0.0093250000000
 5.8738129550e-08 -1.1883280510e-10  9.2857292444e-06      0.0000000000  6.0453787636e-08  6.0843295669e-08    0.039341666667   0.0093416666667
 5.9069854681e-08 -1.1236097798e-10  9.2860591422e-06      0.0000000000  6.0692075248e-08  6.0738883595e-08    0.039358333333   0.0093583333333
 5.9413320465e-08 -1.0504445252e-10  9.2863991366e-06      0.0000000000  6.0929908112e-08  6.0835937613e-08    0.039375000000   0.0093750000000
 5.9623657389e-08 -1.0698042022e-10  9.2867292474e-06      0.0000000000  6.1168195724e-08  6.0616296494e-08    0.039391666667   0.0093916666667
 5.9949234557e-08 -1.0093442370e-10  9.2870591381e-06      0.0000000000  6.1406483336e-08  6.1126407883e-08    0.039408333333   0.0094083333333
 5.9995024565e-08 -1.1423602006e-10  9.2873991396e-06      0.0000000000  6.1644316201e-08  6.1135228116e-08    0.039425000000   0.0094250000000
 6.0403028793e-08 -1.0248082143e-10  9.2877292433e-06      0.0000000000  6.1882603812e-08  6.1392822969e-08    0.039441666667   0.0094416666667
 6.0623898212e-08 -1.0368726970e-10  9.2880591376e-06      0.0000000000  6.2120891424e-08  6.2412338240e-08    0.039458333333   0.0094583333333
 6.0782990292e-08 -1.0914114674e-10  9.2883991390e-06      0.0000000000  6.2358724289e-08  6.2232285979e-08    0.039475000000   0.0094750000000
 6.1143275532e-08 -1.0069114123e-10  9.2887292428e-06      0.0000000000  6.2597011901e-08  6.1846601206e-08    0.039491666667   0.0094916666667
 6.1208949892e-08 -1.1264697146e-10  9.2890591440e-06      0.0000000000  6.2835299513e-08  6.3185484412e-08    0.039508333333   0.0095083333333
 6.1477164506e-08 -1.1057411696e-10  9.2893991350e-06      0.0000000000  6.3073587124e-08  6.1639223514e-08    0.039525000000   0.0095250000000
 6.1615576940e-08 -1.1749184004e-10  9.2897292458e-06      0.0000000000  6.3311874736e-08  6.2557596959e-08    0.039541666667   0.0095416666667
 6.1925011764e-08 -1.1256392182e-10  9.2900591400e-06      0.0000000000  6.3550162348e-08  6.2652386959e-08    0.039558333333   0.0095583333333
 6.2497082446e-08 -8.9444875615e-11  9.2903991380e-06      0.0000000000  6.3788449960e-08  6.5976200129e-08    0.039575000000   0.0095750000000
 6.2722901764e-08 -9.0308475651e-11  9.2907292487e-06      0.0000000000  6.4026737572e-08  6.4513644981e-08    0.039591666667   0.0095916666667
 6.3117973093e-08 -7.9449057308e-11  9.2910591360e-06      0.0000000000  6.4265025184e-08  6.3858935212e-08    0.039608333333   0.0096083333333
 6.3591101973e-08 -6.3214582625e-11  9.2913991409e-06      0.0000000000  6.4503767543e-08  6.4852760177e-08    0.039625000000   0.0096250000000
 6.3736290258e-08 -6.9662985238e-11  9.2917292412e-06      0.0000000000  6.4742055155e-08  6.3309628025e-08    0.039641666667   0.0096416666667
 6.4123668751e-08 -5.9336401083e-11  9.2920591424e-06      0.0000000000  6.4980342767e-08  6.5260471951e-08    0.039658333333   0.0096583333333
 6.4455229563e-08 -5.2875955353e-11  9.2923991369e-06      0.0000000000  6.5218630379e-08  6.5288709278e-08    0.039675000000   0.0096750000000
 6.4422727878e-08 -7.1663317972e-11  9.2927292477e-06      0.0000000000  6.5457372738e-08  6.6542927672e-08    0.039691666667   0.0096916666667
 6.4773749759e-08 -6.3854926847e-11  9.2930591384e-06      0.0000000000  6.5695660350e-08  6.5334539905e-08    0.039708333333   0.0097083333333
 6.4792382509e-08 -7.9100529954e-11  9.2933991363e-06      0.0000000000  6.5934402709e-08  6.5528773719e-08    0.039725000000   0.0097250000000
 6.4885087869e-08 -8.9184093516e-11  9.2937292506e-06      0.0000000000  6.6172690321e-08  6.7925204542e-08    0.039741666667   0.0097416666667
 6.5018458553e-08 -9.6482524294e-11  9.2940591344e-06      0.0000000000  6.6411432680e-08  6.5475695092e-08    0.039758333333   0.0097583333333
 6.5311908405e-08 -9.2661784143e-11  9.2943991428e-06      0.0000000000  6.6649720292e-08  6.6051242868e-08    0.039775000000   0.0097750000000
 6.5474853170e-08 -9.7911805021e-11  9.2947292431e-06      0.0000000000  6.6888462651e-08  6.6608615617e-08    0.039791666667   0.0097916666667
 6.5464080641e-08 -1.1516262874e-10  9.2950591408e-06      0.0000000000  6.7126750263e-08  6.7179163688e-08    0.039808333333   0.0098083333333
 6.5817727155e-08 -1.0720394325e-10  9.2953991353e-06      0.0000000000  6.7365492622e-08  6.7615065622e-08    0.039825000000   0.0098250000000
 6.5835889657e-08 -1.2248211749e-10  9.2957292461e-06      0.0000000000  6.7604234981e-08  6.7664370887e-08    0.039841666667   0.0098416666667
 6.6220907083e-08 -1.1235056704e-10  9.2960591403e-06      0.0000000000  6.7842977340e-08  6.8247984224e-08    0.039858333333   0.0098583333333
 6.6514357202e-08 -1.0852980838e-10  9.2963991347e-06      0.0000000000  6.8081264952e-08  6.7603619757e-08    0.039875000000   0.0098750000000
 6.6677913290e-08 -1.1373748679e-10  9.2967292490e-06      0.0000000000  6.8320007312e-08  6.8795247507e-08    0.039891666667   0.0098916666667
 6.6969810314e-08 -1.1005579870e-10  9.2970591363e-06      0.0000000000  6.8558749671e-08  6.8278831460e-08    0.039908333333   0.0099083333333
 6.7045609236e-08 -1.2134186194e-10  9.2973991412e-06      0.0000000000  6.8797492030e-08  6.8532967397e-08    0.039925000000   0.0099250000000
 6.7411499843e-08 -1.1253510548e-10  9.2977292450e-06      0.0000000000  6.9036234389e-08  6.8716635797e-08    0.039941666667   0.0099416666667
 6.7496427195e-08 -1.2318890003e-10  9.2980591392e-06      0.0000000000  6.9274976748e-08  6.9272593535e-08    0.039958333333   0.0099583333333
 6.7903377433e-08 -1.1153820215e-10  9.2983991372e-06      0.0000000000  6.9513719108e-08  6.9816224957e-08    0.039975000000   0.0099750000000
 6.8131132845e-08 -1.1229919863e-10  9.2987292445e-06      0.0000000000  6.9752461467e-08  6.8654658324e-08    0.039991666667   0.0099916666667
 6.8626893497e-08 -9.4497163958e-11  9.2990591422e-06      0.0000000000  6.9991203826e-08  7.0880564625e-08    0.040008333333    0.010008333333
 6.8748468488e-08 -1.0264410538e-10  9.2993991331e-06      0.0000000000  7.0230400933e-08  7.1515935913e-08    0.040025000000    0.010025000000
 6.9059430076e-08 -9.7641935293e-11  9.2997292474e-06      0.0000000000  7.0469143292e-08  6.9502281230e-08    0.040041666667    0.010041666667
 6.9237912275e-08 -1.0181577620e-10  9.3000591347e-06      0.0000000000  7.0707885651e-08  7.0137495294e-08    0.040058333333    0.010058333333
 6.9236459542e-08 -1.1845257399e-10  9.3003991396e-06      0.0000000000  7.0946628010e-08  7.0712870125e-08    0.040075000000    0.010075000000
 6.9597027852e-08 -1.1004595686e-10  9.3007292469e-06      0.0000000000  7.1185825117e-08  7.1280258005e-08    0.040091666667    0.010091666667
 6.9692368267e-08 -1.1997850430e-10  9.3010591376e-06      0.0000000000  7.1424567476e-08  7.1143662298e-08    0.040108333333    0.010108333333
 7.0147412149e-08 -1.0502816072e-10  9.3013991391e-06      0.0000000000  7.1663764583e-08  7.1263513711e-08    0.040125000000    0.010125000000
 7.0578950499e-08 -9.1674399518e-11  9.3017292429e-06      0.0000000000  7.1902506942e-08  7.1863556896e-08    0.040141666667    0.010141666667
 7.0755506076e-08 -9.6013182843e-11  9.3020591406e-06      0.0000000000  7.2141704048e-08  7.1219522598e-08    0.040158333333    0.010158333333
 7.0997910527e-08 -9.5759532885e-11  9.3023991350e-06      0.0000000000  7.2380446408e-08  7.2124988000e-08    0.040175000000    0.010175000000
 7.1246689575e-08 -9.5095852249e-11  9.3027292458e-06      0.0000000000  7.2619643514e-08  7.2819946964e-08    0.040191666667    0.010191666667
 7.1404635814e-08 -1.0069208951e-10  9.3030591366e-06      0.0000000000  7.2858385873e-08  7.3553818725e-08    0.040208333333    0.010208333333
 7.1724232131e-08 -9.5123343711e-11  9.3033991380e-06      0.0000000000  7.3097582980e-08  7.3059492568e-08    0.040225000000    0.010225000000
 7.1758750787e-08 -1.0930012788e-10  9.3037292488e-06      0.0000000000  7.3336780087e-08  7.3797059079e-08    0.040241666667    0.010241666667
 7.2204346090e-08 -9.4972730276e-11  9.3040591360e-06      0.0000000000  7.3575522446e-08  7.5388553155e-08    0.040258333333    0.010258333333
 7.2275192503e-08 -1.0663332010e-10  9.3043991409e-06      0.0000000000  7.3814719552e-08  7.4034780891e-08    0.040275000000    0.010275000000
 7.2685040974e-08 -9.4813377372e-11  9.3047292413e-06      0.0000000000  7.4053916659e-08  7.5164116722e-08    0.040291666667    0.010291666667
 7.2980048911e-08 -9.0947713401e-11  9.3050591390e-06      0.0000000000  7.4293113765e-08  7.4649933247e-08    0.040308333333    0.010308333333
 7.3068663232e-08 -1.0137763243e-10  9.3053991369e-06      0.0000000000  7.4532310872e-08  7.5267554011e-08    0.040325000000    0.010325000000
 7.3451183859e-08 -9.1450516905e-11  9.3057292442e-06      0.0000000000  7.4771507979e-08  7.5741661236e-08    0.040341666667    0.010341666667
 7.3291727730e-08 -1.1906270996e-10  9.3060591385e-06      0.0000000000  7.5010705085e-08  7.5214679774e-08    0.040358333333    0.010358333333
 7.3633984408e-08 -1.1192442401e-10  9.3063991364e-06      0.0000000000  7.5249902192e-08  7.4183875861e-08    0.040375000000    0.010375000000
 7.3800908977e-08 -1.1693028642e-10  9.3067292507e-06      0.0000000000  7.5489099298e-08  7.3727534883e-08    0.040391666667    0.010391666667
 7.4034984749e-08 -1.1728500900e-10  9.3070591309e-06      0.0000000000  7.5728296405e-08  7.3326112045e-08    0.040408333333    0.010408333333
 7.4252094172e-08 -1.1881488339e-10  9.3073991428e-06      0.0000000000  7.5967493511e-08  7.5827096443e-08    0.040425000000    0.010425000000
 7.4527106400e-08 -1.1633419598e-10  9.3077292431e-06      0.0000000000  7.6206690618e-08  7.5640377908e-08    0.040441666667    0.010441666667
 7.4993516133e-08 -1.0059661171e-10  9.3080591374e-06      0.0000000000  7.6445887725e-08  7.7012293755e-08    0.040458333333    0.010458333333
 7.4957438277e-08 -1.1969466811e-10  9.3083991388e-06      0.0000000000  7.6685539578e-08  7.6779351535e-08    0.040475000000    0.010475000000
 7.5648015413e-08 -8.8430422908e-11  9.3087292426e-06      0.0000000000  7.6924736685e-08  7.7590797332e-08    0.040491666667    0.010491666667
 7.5743408791e-08 -9.8390799390e-11  9.3090591438e-06      0.0000000000  7.7163933792e-08  7.7110196779e-08    0.040508333333    0.010508333333
 7.5916425008e-08 -1.0300622933e-10  9.3093991313e-06      0.0000000000  7.7403585646e-08  7.8825865913e-08    0.040525000000    0.010525000000
 7.6199291186e-08 -9.9981548409e-11  9.3097292491e-06      0.0000000000  7.7642782752e-08  7.7151986764e-08    0.040541666667    0.010541666667
 7.6685340261e-08 -8.2915168319e-11  9.3100591328e-06      0.0000000000  7.7882434606e-08  7.9839045081e-08    0.040558333333    0.010558333333
 7.6861763848e-08 -8.7263093770e-11  9.3103991412e-06      0.0000000000  7.8121631713e-08  7.9274219942e-08    0.040575000000    0.010575000000
 7.7201913554e-08 -8.0302242001e-11  9.3107292450e-06      0.0000000000  7.8361283566e-08  7.8209628715e-08    0.040591666667    0.010591666667
 7.7595401121e-08 -6.9615515746e-11  9.3110591358e-06      0.0000000000  7.8600480673e-08  7.8455258866e-08    0.040608333333    0.010608333333
 7.7752967007e-08 -7.5301092592e-11  9.3113991407e-06      0.0000000000  7.8840132527e-08  7.9487760792e-08    0.040625000000    0.010625000000
 7.8090536965e-08 -6.8487426129e-11  9.3117292410e-06      0.0000000000  7.9079329634e-08  7.7885276799e-08    0.040641666667    0.010641666667
 7.8159830283e-08 -8.0287086527e-11  9.3120591422e-06      0.0000000000  7.9318981487e-08  7.8043868063e-08    0.040658333333    0.010658333333
 7.8309413702e-08 -8.6525558421e-11  9.3123991332e-06      0.0000000000  7.9558633341e-08  7.8463937598e-08    0.040675000000    0.010675000000
 7.8493885543e-08 -9.0347529556e-11  9.3127292475e-06      0.0000000000  7.9798285195e-08  7.7808363101e-08    0.040691666667    0.010691666667
 7.8566409086e-08 -1.0189195516e-10  9.3130591347e-06      0.0000000000  8.0037482302e-08  8.0581249683e-08    0.040708333333    0.010708333333
 7.8610930467e-08 -1.1540741123e-10  9.3133991396e-06      0.0000000000  8.0277134156e-08  7.8387259736e-08    0.040725000000    0.010725000000
 7.9116478819e-08 -9.6990439342e-11  9.3137292469e-06      0.0000000000  8.0516786010e-08  7.9736173796e-08    0.040741666667    0.010741666667
 7.9237385904e-08 -1.0521513988e-10  9.3140591342e-06      0.0000000000  8.0756437864e-08  7.9881369625e-08    0.040758333333    0.010758333333
 8.0001118519e-08 -6.8915373931e-11  9.3143991426e-06      0.0000000000  8.0996089718e-08  8.1083311232e-08    0.040775000000    0.010775000000
 7.9956491494e-08 -8.8605577294e-11  9.3147292394e-06      0.0000000000  8.1235741571e-08  8.1935823786e-08    0.040791666667    0.010791666667
 8.0443715656e-08 -7.1457806374e-11  9.3150591406e-06      0.0000000000  8.1475393425e-08  8.3128001818e-08    0.040808333333    0.010808333333
 8.0747286717e-08 -6.7030526394e-11  9.3153991351e-06      0.0000000000  8.1715045279e-08  8.4760531207e-08    0.040825000000    0.010825000000
 8.0795136174e-08 -8.0315467644e-11  9.3157292458e-06      0.0000000000  8.1954697133e-08  8.3602958050e-08    0.040841666667    0.010841666667
 8.1302928359e-08 -6.1743079614e-11  9.3160591401e-06      0.0000000000  8.2194348987e-08  8.3488971070e-08    0.040858333333    0.010858333333
 8.1456374227e-08 -6.7714024034e-11  9.3163991345e-06      0.0000000000  8.2434000841e-08  8.3444822733e-08    0.040875000000    0.010875000000
 8.1985263792e-08 -4.7711851147e-11  9.3167292488e-06      0.0000000000  8.2674107442e-08  8.1502610373e-08    0.040891666667    0.010891666667
 8.2246800793e-08 -4.6196005155e-11  9.3170591326e-06      0.0000000000  8.2913759296e-08  8.2825283844e-08    0.040908333333    0.010908333333
 8.2488055928e-08 -4.6084955997e-11  9.3173991410e-06      0.0000000000  8.3153411150e-08  8.2159930050e-08    0.040925000000    0.010925000000
 8.2564262966e-08 -5.7405746657e-11  9.3177292413e-06      0.0000000000  8.3393063004e-08  8.2850926984e-08    0.040941666667    0.010941666667
 8.2679525795e-08 -6.6052886654e-11  9.3180591390e-06      0.0000000000  8.3633169605e-08  8.1177739618e-08    0.040958333333    0.010958333333
 8.3088416462e-08 -5.4330782399e-11  9.3183991370e-06      0.0000000000  8.3872821459e-08  8.3302724206e-08    0.040975000000    0.010975000000
 8.2903132062e-08 -8.3794931727e-11  9.3187292442e-06      0.0000000000  8.4112928060e-08  8.3014062005e-08    0.040991666667    0.010991666667
 8.3469925189e-08 -6.1135920883e-11  9.3190591420e-06      0.0000000000  8.4352579914e-08  8.2604730829e-08    0.041008333333    0.011008333333
 8.3164952422e-08 -9.8890127779e-11  9.3193991329e-06      0.0000000000  8.4592686516e-08  8.5167299641e-08    0.041025000000    0.011025000000
 8.3634981257e-08 -8.2933368595e-11  9.3197292472e-06      0.0000000000  8.4832338370e-08  8.4236725659e-08    0.041041666667    0.011041666667
 8.3253935394e-08 -1.2595667862e-10  9.3200591345e-06      0.0000000000  8.5072444971e-08  8.5352697499e-08    0.041058333333    0.011058333333
 8.3775098397e-08 -1.0645817843e-10  9.3203991394e-06      0.0000000000  8.5312096825e-08  8.6372857386e-08    0.041075000000    0.011075000000
 8.3834588432e-08 -1.1896834779e-10  9.3207292467e-06      0.0000000000  8.5552203426e-08  8.7435907823e-08    0.041091666667    0.011091666667
 8.4006421874e-08 -1.2369719853e-10  9.3210591339e-06      0.0000000000  8.5792310027e-08  8.7003653473e-08    0.041108333333    0.011108333333
 8.4395742460e-08 -1.1333059025e-10  9.3213991388e-06      0.0000000000  8.6031961881e-08  8.6373690671e-08    0.041125000000    0.011125000000
 8.4602734450e-08 -1.1562423034e-10  9.3217292426e-06      0.0000000000  8.6272068482e-08  8.6918391212e-08    0.041141666667    0.011141666667
 8.4996327945e-08 -1.0499316215e-10  9.3220591439e-06      0.0000000000  8.6512175084e-08  8.5632366520e-08    0.041158333333    0.011158333333
 8.5322500112e-08 -9.9031943702e-11  9.3223991313e-06      0.0000000000  8.6752281685e-08  8.7017913637e-08    0.041175000000    0.011175000000
 8.5598696633e-08 -9.6532222821e-11  9.3227292491e-06      0.0000000000  8.6992388286e-08  8.7072092828e-08    0.041191666667    0.011191666667
 8.5915103131e-08 -9.1247410650e-11  9.3230591364e-06      0.0000000000  8.7232494888e-08  8.8564724817e-08    0.041208333333    0.011208333333
 8.6396610301e-08 -7.4495619625e-11  9.3233991343e-06      0.0000000000  8.7472146741e-08  8.6205084274e-08    0.041225000000    0.011225000000
 8.6413354491e-08 -8.9966523829e-11  9.3237292486e-06      0.0000000000  8.7712253343e-08  8.5643183491e-08    0.041241666667    0.011241666667
 8.6812307214e-08 -7.8964255724e-11  9.3240591323e-06      0.0000000000  8.7952359944e-08  8.7929384974e-08    0.041258333333    0.011258333333
 8.7131209563e-08 -7.3538069234e-11  9.3243991407e-06      0.0000000000  8.8192921293e-08  8.6139773665e-08    0.041275000000    0.011275000000
 8.7387336898e-08 -7.2428414150e-11  9.3247292410e-06      0.0000000000  8.8433027894e-08  8.7962763506e-08    0.041291666667    0.011291666667
 8.7691624346e-08 -6.7983011993e-11  9.3250591388e-06      0.0000000000  8.8673134495e-08  9.0372919934e-08    0.041308333333    0.011308333333
 8.7772136622e-08 -7.9037103484e-11  9.3253991332e-06      0.0000000000  8.8913241096e-08  8.8990957510e-08    0.041325000000    0.011325000000
 8.8240753971e-08 -6.3209606517e-11  9.3257292440e-06      0.0000000000  8.9153347698e-08  9.0321775155e-08    0.041341666667    0.011341666667
 8.8397185442e-08 -6.9005254520e-11  9.3260591382e-06      0.0000000000  8.9393454299e-08  9.0058677483e-08    0.041358333333    0.011358333333
 8.8662784068e-08 -6.7271080418e-11  9.3263991327e-06      0.0000000000  8.9634015648e-08  9.0923469186e-08    0.041375000000    0.011375000000
 8.8921985384e-08 -6.5948510032e-11  9.3267292504e-06      0.0000000000  8.9874122249e-08  8.9866047348e-08    0.041391666667    0.011391666667
 8.9390834651e-08 -5.0104949574e-11  9.3270591307e-06      0.0000000000  9.0114228850e-08  9.0785741469e-08    0.041408333333    0.011408333333
 8.9299016452e-08 -7.3126782641e-11  9.3273991391e-06      0.0000000000  9.0354790199e-08  9.1687653622e-08    0.041425000000    0.011425000000
 8.9445897339e-08 -7.9583939330e-11  9.3277292394e-06      0.0000000000  9.0594896800e-08  9.1266845137e-08    0.041441666667    0.011441666667
 8.9906297365e-08 -6.4325604474e-11  9.3280591372e-06      0.0000000000  9.0835003401e-08  9.0907542453e-08    0.041458333333    0.011458333333
 9.0005032894e-08 -7.4148983674e-11  9.3283991351e-06      0.0000000000  9.1075564750e-08  8.9899771771e-08    0.041475000000    0.011475000000
 9.0338073627e-08 -6.7712023057e-11  9.3287292459e-06      0.0000000000  9.1315671351e-08  8.8804663479e-08    0.041491666667    0.011491666667
 9.0785297139e-08 -5.3397839549e-11  9.3290591401e-06      0.0000000000  9.1556232700e-08  9.0194487073e-08    0.041508333333    0.011508333333
 9.0811931301e-08 -6.8215225320e-11  9.3293991311e-06      0.0000000000  9.1796794048e-08  8.9601613276e-08    0.041525000000    0.011525000000
 9.1302661813e-08 -5.0856089150e-11  9.3297292488e-06      0.0000000000  9.2036900650e-08  9.1956930175e-08    0.041541666667    0.011541666667
 9.1480181046e-08 -5.5222618524e-11  9.3300591326e-06      0.0000000000  9.2277461998e-08  9.3133841813e-08    0.041558333333    0.011558333333
 9.1482094838e-08 -7.1752228245e-11  9.3303991375e-06      0.0000000000  9.2518023347e-08  9.2390976872e-08    0.041575000000    0.011575000000
 9.1940572724e-08 -5.6627027911e-11  9.3307292448e-06      0.0000000000  9.2758129948e-08  9.2555039512e-08    0.041591666667    0.011591666667
 9.2098586001e-08 -6.2344611742e-11  9.3310591356e-06      0.0000000000  9.2998691297e-08  9.2221442858e-08    0.041608333333    0.011608333333
 9.2246762536e-08 -6.8743524536e-11  9.3313991370e-06      0.0000000000  9.3239252645e-08  9.3737501137e-08    0.041625000000    0.011625000000
 9.2157322832e-08 -9.1600614274e-11  9.3317292443e-06      0.0000000000  9.3479813994e-08  9.3892004592e-08    0.041641666667    0.011641666667
 9.2512987381e-08 -8.3628142149e-11  9.3320591385e-06      0.0000000000  9.3720375343e-08  9.5051401541e-08    0.041658333333    0.011658333333
 9.2578049325e-08 -9.5752380548e-11  9.3323991330e-06      0.0000000000  9.3960481944e-08  9.5575552981e-08    0.041675000000    0.011675000000
 9.2858161526e-08 -9.3012942722e-11  9.3327292472e-06      0.0000000000  9.4201043293e-08  9.4612119304e-08    0.041691666667    0.011691666667
 9.3206583716e-08 -8.5542103117e-11  9.3330591345e-06      0.0000000000  9.4441604641e-08  9.5526908055e-08    0.041708333333    0.011708333333
 9.3388235791e-08 -8.9622376613e-11  9.3333991359e-06      0.0000000000  9.4682165990e-08  9.5371649927e-08    0.041725000000    0.011725000000
 9.3864244917e-08 -7.3314395378e-11  9.3337292467e-06      0.0000000000  9.4922727338e-08  9.4925214024e-08    0.041741666667    0.011741666667
 9.3892137795e-08 -8.8044597839e-11  9.3340591340e-06      0.0000000000  9.5163288687e-08  9.4190053031e-08    0.041758333333    0.011758333333
 9.4519471308e-08 -6.1286829093e-11  9.3343991389e-06      0.0000000000  9.5404304783e-08  9.4940228860e-08    0.041775000000    0.011775000000
 9.4579947856e-08 -7.3760166378e-11  9.3347292427e-06      0.0000000000  9.5644866132e-08  9.5324592957e-08    0.041791666667    0.011791666667
 9.5030325774e-08 -5.9227497165e-11  9.3350591369e-06      0.0000000000  9.5885427480e-08  9.4787454862e-08    0.041808333333    0.011808333333
 9.5335322931e-08 -5.4764435491e-11  9.3353991349e-06      0.0000000000  9.6125988829e-08  9.6896449828e-08    0.041825000000    0.011825000000
 9.5535689021e-08 -5.7548507284e-11  9.3357292456e-06      0.0000000000  9.6366550177e-08  9.4323205546e-08    0.041841666667    0.011841666667
 9.5487155910e-08 -7.7603753025e-11  9.3360591364e-06      0.0000000000  9.6607566273e-08  9.6201113527e-08    0.041858333333    0.011858333333
 9.5889232372e-08 -6.6416620731e-11  9.3363991343e-06      0.0000000000  9.6848127622e-08  9.5865708804e-08    0.041875000000    0.011875000000
 9.6055221435e-08 -7.1581772173e-11  9.3367292486e-06      0.0000000000  9.7088688971e-08  9.7917678835e-08    0.041891666667    0.011891666667
 9.6100291264e-08 -8.5153733123e-11  9.3370591324e-06      0.0000000000  9.7329705067e-08  9.8093863400e-08    0.041908333333    0.011908333333
 9.6298423675e-08 -8.8092517817e-11  9.3373991408e-06      0.0000000000  9.7570266415e-08  9.8651550595e-08    0.041925000000    0.011925000000
 9.6409681765e-08 -9.7080035738e-11  9.3377292411e-06      0.0000000000  9.7811282511e-08  1.0031782013e-07    0.041941666667    0.011941666667
 9.6576176613e-08 -1.0221015470e-10  9.3380591353e-06      0.0000000000  9.8051843860e-08  9.8924993569e-08    0.041958333333    0.011958333333
 9.6654509568e-08 -1.1347818888e-10  9.3383991368e-06      0.0000000000  9.8292859956e-08  9.9152637360e-08    0.041975000000    0.011975000000
 9.6906779056e-08 -1.1266723995e-10  9.3387292440e-06      0.0000000000  9.8533421304e-08  1.0004588650e-07    0.041991666667    0.011991666667
 9.7363068270e-08 -9.7756630035e-11  9.3390591383e-06      0.0000000000  9.8774437400e-08  9.8829716176e-08    0.042008333333    0.012008333333
 9.7508412361e-08 -1.0435172841e-10  9.3393991327e-06      0.0000000000  9.9014998749e-08  9.9615047162e-08    0.042025000000    0.012025000000
 9.7855222942e-08 -9.7024012263e-11  9.3397292505e-06      0.0000000000  9.9256014845e-08  9.8765301740e-08    0.042041666667    0.012041666667
 9.8312960842e-08 -8.2013061034e-11  9.3400591308e-06      0.0000000000  9.9497030941e-08  1.0044617733e-07    0.042058333333    0.012058333333
 9.8525513312e-08 -8.3953059219e-11  9.3403991392e-06      0.0000000000  9.9737592290e-08  9.7767388967e-08    0.042075000000    0.012075000000
 9.8897237706e-08 -7.4899720540e-11  9.3407292430e-06      0.0000000000  9.9978608386e-08  9.8395858146e-08    0.042091666667    0.012091666667
 9.8849557455e-08 -9.4895894083e-11  9.3410591337e-06      0.0000000000  1.0021962448e-07  1.0063501838e-07    0.042108333333    0.012108333333
 9.9069003132e-08 -9.6389940807e-11  9.3413991386e-06      0.0000000000  1.0046064058e-07  9.8850815559e-08    0.042125000000    0.012125000000
 9.9414944823e-08 -8.9122407237e-11  9.3417292424e-06      0.0000000000  1.0070165667e-07  9.9423438979e-08    0.042141666667    0.012141666667
 9.9543687870e-08 -9.6898852563e-11  9.3420591402e-06      0.0000000000  1.0094267277e-07  1.0067916672e-07    0.042158333333    0.012158333333
 9.9611720515e-08 -1.0888032419e-10  9.3423991311e-06      0.0000000000  1.0118368887e-07  1.0192508372e-07    0.042175000000    0.012175000000
 1.0007273466e-07 -9.3642448368e-11  9.3427292489e-06      0.0000000000  1.0142470496e-07  1.0197718756e-07    0.042191666667    0.012191666667
 1.0040390868e-07 -8.7397778040e-11  9.3430591327e-06      0.0000000000  1.0166572106e-07  1.0216062012e-07    0.042208333333    0.012208333333
 1.0064343984e-07 -8.7500630082e-11  9.3433991376e-06      0.0000000000  1.0190673715e-07  1.0305001729e-07    0.042225000000    0.012225000000
 1.0115761262e-07 -6.8580790811e-11  9.3437292449e-06      0.0000000000  1.0214775325e-07  1.0069286088e-07    0.042241666667    0.012241666667
 1.0137125180e-07 -7.0477017050e-11  9.3440591356e-06      0.0000000000  1.0238876935e-07  1.0278877485e-07    0.042258333333    0.012258333333
 1.0157833716e-07 -7.2827185002e-11  9.3443991370e-06      0.0000000000  1.0262978544e-07  1.0288771555e-07    0.042275000000    0.012275000000
 1.0225179295e-07 -4.2874816946e-11  9.3447292408e-06      0.0000000000  1.0287080154e-07  1.0272154612e-07    0.042291666667    0.012291666667
 1.0224949808e-07 -5.9727431631e-11  9.3450591386e-06      0.0000000000  1.0311181763e-07  1.0311980877e-07    0.042308333333    0.012308333333
 1.0269008079e-07 -4.5936209477e-11  9.3453991330e-06      0.0000000000  1.0335328848e-07  1.0279864849e-07    0.042325000000    0.012325000000
 1.0314779572e-07 -3.0926849793e-11  9.3457292473e-06      0.0000000000  1.0359430457e-07  1.0335163470e-07    0.042341666667    0.012341666667
 1.0297060666e-07 -5.9893280981e-11  9.3460591345e-06      0.0000000000  1.0383532067e-07  1.0230798563e-07    0.042358333333    0.012358333333
 1.0333554264e-07 -5.1310132571e-11  9.3463991360e-06      0.0000000000  1.0407633676e-07  1.0434267681e-07    0.042375000000    0.012375000000
 1.0321534053e-07 -7.6360934932e-11  9.3467292467e-06      0.0000000000  1.0431780761e-07  1.0536154747e-07    0.042391666667    0.012391666667
 1.0345506807e-07 -7.6450184823e-11  9.3470591340e-06      0.0000000000  1.0455882370e-07  1.0478126727e-07    0.042408333333    0.012408333333
 1.0348390050e-07 -9.1178305613e-11  9.3473991389e-06      0.0000000000  1.0480029455e-07  1.0596703058e-07    0.042425000000    0.012425000000
 1.0365826325e-07 -9.5794962031e-11  9.3477292392e-06      0.0000000000  1.0504131064e-07  1.0565215924e-07    0.042441666667    0.012441666667
 1.0412049609e-07 -8.0504172140e-11  9.3480591370e-06      0.0000000000  1.0528278149e-07  1.0560525949e-07    0.042458333333    0.012458333333
 1.0403454083e-07 -1.0315141415e-10  9.3483991349e-06      0.0000000000  1.0552379758e-07  1.0470344167e-07    0.042475000000    0.012475000000
 1.0461354516e-07 -7.9772600266e-11  9.3487292457e-06      0.0000000000  1.0576526843e-07  1.0528469666e-07    0.042491666667    0.012491666667
 1.0478366605e-07 -8.4683063144e-11  9.3490591329e-06      0.0000000000  1.0600628452e-07  1.0655908682e-07    0.042508333333    0.012508333333
 1.0485369919e-07 -9.6557471182e-11  9.3493991344e-06      0.0000000000  1.0624775536e-07  1.0512788202e-07    0.042525000000    0.012525000000
 1.0517210843e-07 -9.1228433951e-11  9.3497292486e-06      0.0000000000  1.0648922621e-07  1.0617143675e-07    0.042541666667    0.012541666667
 1.0547123930e-07 -8.7203190498e-11  9.3500591324e-06      0.0000000000  1.0673024230e-07  1.0711059513e-07    0.042558333333    0.012558333333
 1.0569577521e-07 -8.8376166461e-11  9.3503991373e-06      0.0000000000  1.0697171315e-07  1.0636414550e-07    0.042575000000    0.012575000000
 1.0599934598e-07 -8.4074896648e-11  9.3507292411e-06      0.0000000000  1.0721318399e-07  1.0685966655e-07    0.042591666667    0.012591666667
 1.0622132651e-07 -8.5424867129e-11  9.3510591354e-06      0.0000000000  1.0745465483e-07  1.0664548109e-07    0.042608333333    0.012608333333
 1.0662585854e-07 -7.4130648261e-11  9.3513991333e-06      0.0000000000  1.0769612568e-07  1.0738487139e-07    0.042625000000    0.012625000000
 1.0682439473e-07 -7.7072963182e-11  9.3517292441e-06      0.0000000000  1.0793714177e-07  1.0723087105e-07    0.042641666667    0.012641666667
 1.0707859556e-07 -7.6191237093e-11  9.3520591383e-06      0.0000000000  1.0817861262e-07  1.0812430886e-07    0.042658333333    0.012658333333
 1.0743033927e-07 -6.8553331905e-11  9.3523991328e-06      0.0000000000  1.0842008346e-07  1.0904716317e-07    0.042675000000    0.012675000000
 1.0767479635e-07 -6.8346494577e-11  9.3527292470e-06      0.0000000000  1.0866155430e-07  1.0865956027e-07    0.042691666667    0.012691666667
 1.0809133788e-07 -5.6220453288e-11  9.3530591343e-06      0.0000000000  1.0890302515e-07  1.0815691700e-07    0.042708333333    0.012708333333
 1.0790927379e-07 -8.5556044221e-11  9.3533991357e-06      0.0000000000  1.0914449599e-07  1.0794526283e-07    0.042725000000    0.012725000000
 1.0836240652e-07 -7.0895561346e-11  9.3537292465e-06      0.0000000000  1.0938596683e-07  1.0938508347e-07    0.042741666667    0.012741666667
 1.0854889960e-07 -7.4703523774e-11  9.3540591338e-06      0.0000000000  1.0962743768e-07  1.0919367968e-07    0.042758333333    0.012758333333
 1.0875972837e-07 -7.6857404652e-11  9.3543991352e-06      0.0000000000  1.0986936327e-07  1.0936832345e-07    0.042775000000    0.012775000000
 1.0894568360e-07 -8.0702620317e-11  9.3547292425e-06      0.0000000000  1.1011083411e-07  1.0942262842e-07    0.042791666667    0.012791666667
 1.0920519557e-07 -7.9453025445e-11  9.3550591402e-06      0.0000000000  1.1035230495e-07  1.1043071355e-07    0.042808333333    0.012808333333
 1.0941531142e-07 -8.1624787917e-11  9.3553991312e-06      0.0000000000  1.1059377580e-07  1.1083473058e-07    0.042825000000    0.012825000000
 1.0969758956e-07 -7.8798324376e-11  9.3557292454e-06      0.0000000000  1.1083524664e-07  1.1112133315e-07    0.042841666667    0.012841666667
 1.0987694161e-07 -8.3132398714e-11  9.3560591327e-06      0.0000000000  1.1107717223e-07  1.1225708370e-07    0.042858333333    0.012858333333
 1.1018259189e-07 -7.8687094152e-11  9.3563991341e-06      0.0000000000  1.1131864307e-07  1.1031944654e-07    0.042875000000    0.012875000000
 1.1034707761e-07 -8.4019367278e-11  9.3567292484e-06      0.0000000000  1.1156011392e-07  1.1277868812e-07    0.042891666667    0.012891666667
 1.1069366308e-07 -7.6770238543e-11  9.3570591322e-06      0.0000000000  1.1180203951e-07  1.1145681649e-07    0.042908333333    0.012908333333
 1.1088292101e-07 -8.0386697490e-11  9.3573991371e-06      0.0000000000  1.1204351035e-07  1.1275556055e-07    0.042925000000    0.012925000000
 1.1090591253e-07 -9.5550878400e-11  9.3577292409e-06      0.0000000000  1.1228543594e-07  1.1330922283e-07    0.042941666667    0.012941666667
 1.1118000567e-07 -9.3291337704e-11  9.3580591386e-06      0.0000000000  1.1252690679e-07  1.1317369624e-07    0.042958333333    0.012958333333
 1.1110886629e-07 -1.1497537191e-10  9.3583991296e-06      0.0000000000  1.1276883238e-07  1.1249255721e-07    0.042975000000    0.012975000000
 1.1141996905e-07 -1.1015240872e-10  9.3587292473e-06      0.0000000000  1.1301030322e-07  1.1253115556e-07    0.042991666667    0.012991666667
 1.1140183094e-07 -1.2816537969e-10  9.3590591346e-06      0.0000000000  1.1325222881e-07  1.1309692404e-07    0.043008333333    0.013008333333
 1.1189571737e-07 -1.1068214515e-10  9.3593991325e-06      0.0000000000  1.1349369965e-07  1.1296987180e-07    0.043025000000    0.013025000000
 1.1179822858e-07 -1.3419123639e-10  9.3597292503e-06      0.0000000000  1.1373562524e-07  1.1407411477e-07    0.043041666667    0.013041666667
 1.1216518916e-07 -1.2553085211e-10  9.3600591306e-06      0.0000000000  1.1397755084e-07  1.1481908650e-07    0.043058333333    0.013058333333
 1.1241850620e-07 -1.2474183824e-10  9.3603991390e-06      0.0000000000  1.1421947643e-07  1.1404630195e-07    0.043075000000    0.013075000000
 1.1266896643e-07 -1.2411920074e-10  9.3607292428e-06      0.0000000000  1.1446094727e-07  1.1416033609e-07    0.043091666667    0.013091666667
 1.1313635389e-07 -1.0850288006e-10  9.3610591370e-06      0.0000000000  1.1470287286e-07  1.1528053724e-07    0.043108333333    0.013108333333
 1.1330932953e-07 -1.1327860791e-10  9.3613991314e-06      0.0000000000  1.1494479845e-07  1.1454649254e-07    0.043125000000    0.013125000000
 1.1391526392e-07 -8.8066016042e-11  9.3617292457e-06      0.0000000000  1.1518672404e-07  1.1460093901e-07    0.043141666667    0.013141666667
 1.1393596085e-07 -1.0338912930e-10  9.3620591365e-06      0.0000000000  1.1542864963e-07  1.1544826319e-07    0.043158333333    0.013158333333
 1.1440068927e-07 -8.7956983591e-11  9.3623991344e-06      0.0000000000  1.1567057522e-07  1.1570763467e-07    0.043175000000    0.013175000000
 1.1487245907e-07 -7.2005628837e-11  9.3627292487e-06      0.0000000000  1.1591204607e-07  1.1581954630e-07    0.043191666667    0.013191666667
 1.1495424900e-07 -8.3097214729e-11  9.3630591290e-06      0.0000000000  1.1615397166e-07  1.1732114002e-07    0.043208333333    0.013208333333
 1.1541769012e-07 -6.7754232512e-11  9.3633991374e-06      0.0000000000  1.1639589725e-07  1.1657484761e-07    0.043225000000    0.013225000000
 1.1562837520e-07 -6.9949563083e-11  9.3637292446e-06      0.0000000000  1.1663827759e-07  1.1629583893e-07    0.043241666667    0.013241666667
 1.1566753204e-07 -8.3994074151e-11  9.3640591354e-06      0.0000000000  1.1688020318e-07  1.1588850449e-07    0.043258333333    0.013258333333
 1.1594685703e-07 -8.1403654340e-11  9.3643991333e-06      0.0000000000  1.1712212877e-07  1.1604200171e-07    0.043275000000    0.013275000000
 1.1610804813e-07 -8.6995622282e-11  9.3647292441e-06      0.0000000000  1.1736405436e-07  1.1761563521e-07    0.043291666667    0.013291666667
 1.1629924536e-07 -9.0509255592e-11  9.3650591384e-06      0.0000000000  1.1760597995e-07  1.1762296182e-07    0.043308333333    0.013308333333
 1.1662517891e-07 -8.4690554954e-11  9.3653991293e-06      0.0000000000  1.1784790554e-07  1.1799352170e-07    0.043325000000    0.013325000000
 1.1664134648e-07 -1.0032738747e-10  9.3657292471e-06      0.0000000000  1.1808983113e-07  1.1843118454e-07    0.043341666667    0.013341666667
 1.1718969181e-07 -7.9135124270e-11  9.3660591308e-06      0.0000000000  1.1833221147e-07  1.1758771233e-07    0.043358333333    0.013358333333
 1.1740206571e-07 -8.1181983054e-11  9.3663991358e-06      0.0000000000  1.1857413706e-07  1.1846464168e-07    0.043375000000    0.013375000000
 1.1774473342e-07 -7.4204212603e-11  9.3667292465e-06      0.0000000000  1.1881606265e-07  1.1907422833e-07    0.043391666667    0.013391666667
 1.1789370454e-07 -8.0674079240e-11  9.3670591338e-06      0.0000000000  1.1905844299e-07  1.1909982430e-07    0.043408333333    0.013408333333
 1.1818204226e-07 -7.7459403980e-11  9.3673991387e-06      0.0000000000  1.1930036858e-07  1.1955149574e-07    0.043425000000    0.013425000000
 1.1821875067e-07 -9.1705000325e-11  9.3677292425e-06      0.0000000000  1.1954274892e-07  1.1905168249e-07    0.043441666667    0.013441666667
 1.1855857658e-07 -8.4924063175e-11  9.3680591368e-06      0.0000000000  1.1978467451e-07  1.2057220591e-07    0.043458333333    0.013458333333
 1.1879818621e-07 -8.5115972729e-11  9.3683991312e-06      0.0000000000  1.2002705484e-07  1.2020879970e-07    0.043475000000    0.013475000000
 1.1900257391e-07 -8.7715985650e-11  9.3687292455e-06      0.0000000000  1.2026898043e-07  1.2048590598e-07    0.043491666667    0.013491666667
 1.1924295945e-07 -8.7854152828e-11  9.3690591362e-06      0.0000000000  1.2051136077e-07  1.2094988802e-07    0.043508333333    0.013508333333
 1.1947541857e-07 -8.8509835437e-11  9.3693991342e-06      0.0000000000  1.2075328636e-07  1.2096572041e-07    0.043525000000    0.013525000000
 1.1974909582e-07 -8.6342095670e-11  9.3697292484e-06      0.0000000000  1.2099566670e-07  1.2088717159e-07    0.043541666667    0.013541666667
 1.1994594218e-07 -8.9464449692e-11  9.3700591287e-06      0.0000000000  1.2123759229e-07  1.2115196728e-07    0.043558333333    0.013558333333
 1.2004006150e-07 -9.9733554379e-11  9.3703991406e-06      0.0000000000  1.2147997263e-07  1.2212415830e-07    0.043575000000    0.013575000000
 1.2040697164e-07 -9.1108161087e-11  9.3707292409e-06      0.0000000000  1.2172235297e-07  1.2160511662e-07    0.043591666667    0.013591666667
 1.2075644278e-07 -8.3690657300e-11  9.3710591352e-06      0.0000000000  1.2196473331e-07  1.2139986145e-07    0.043608333333    0.013608333333
 1.2097834402e-07 -8.5077617450e-11  9.3713991331e-06      0.0000000000  1.2220665890e-07  1.2329138498e-07    0.043625000000    0.013625000000
 1.2136553282e-07 -7.5047649400e-11  9.3717292439e-06      0.0000000000  1.2244903923e-07  1.2201581564e-07    0.043641666667    0.013641666667
 1.2188527903e-07 -5.5836266505e-11  9.3720591381e-06      0.0000000000  1.2269141957e-07  1.2325338407e-07    0.043658333333    0.013658333333
 1.2213724898e-07 -5.5172054830e-11  9.3723991291e-06      0.0000000000  1.2293379991e-07  1.2373687754e-07    0.043675000000    0.013675000000
 1.2222495929e-07 -6.5885070801e-11  9.3727292503e-06      0.0000000000  1.2317618025e-07  1.2419980618e-07    0.043691666667    0.013691666667
 1.2251629865e-07 -6.2493988745e-11  9.3730591271e-06      0.0000000000  1.2341856059e-07  1.2286345427e-07    0.043708333333    0.013708333333
 1.2285427515e-07 -5.5872645685e-11  9.3733991390e-06      0.0000000000  1.2366094093e-07  1.2324112065e-07    0.043725000000    0.013725000000
 1.2297549334e-07 -6.4264783092e-11  9.3737292428e-06      0.0000000000  1.2390332126e-07  1.2366920858e-07    0.043741666667    0.013741666667
 1.2323383969e-07 -6.3158917906e-11  9.3740591336e-06      0.0000000000  1.2414570160e-07  1.2423788569e-07    0.043758333333    0.013758333333
 1.2319817661e-07 -8.2417230718e-11  9.3743991350e-06      0.0000000000  1.2438808194e-07  1.2395746200e-07    0.043775000000    0.013775000000
 1.2339524613e-07 -8.5555625245e-11  9.3747292423e-06      0.0000000000  1.2463046228e-07  1.2464040909e-07    0.043791666667    0.013791666667
 1.2363980004e-07 -8.5405075203e-11  9.3750591400e-06      0.0000000000  1.2487284262e-07  1.2393361120e-07    0.043808333333    0.013808333333
 1.2373134422e-07 -9.5852543878e-11  9.3753991275e-06      0.0000000000  1.2511522295e-07  1.2485111992e-07    0.043825000000    0.013825000000
 1.2409790034e-07 -8.7251671469e-11  9.3757292487e-06      0.0000000000  1.2535760329e-07  1.2530782251e-07    0.043841666667    0.013841666667
 1.2427050230e-07 -9.2116276250e-11  9.3760591290e-06      0.0000000000  1.2560043838e-07  1.2508050889e-07    0.043858333333    0.013858333333
 1.2465148222e-07 -8.2516358244e-11  9.3763991374e-06      0.0000000000  1.2584281871e-07  1.2594328813e-07    0.043875000000    0.013875000000
 1.2480155709e-07 -8.8909775241e-11  9.3767292447e-06      0.0000000000  1.2608519905e-07  1.2632194502e-07    0.043891666667    0.013891666667
 1.2544454023e-07 -6.1194045528e-11  9.3770591319e-06      0.0000000000  1.2632803414e-07  1.2696752011e-07    0.043908333333    0.013908333333
 1.2554844473e-07 -7.0785392973e-11  9.3773991369e-06      0.0000000000  1.2657041448e-07  1.2616119980e-07    0.043925000000    0.013925000000
 1.2599495616e-07 -5.6646520491e-11  9.3777292407e-06      0.0000000000  1.2681279481e-07  1.2619075780e-07    0.043941666667    0.013941666667
 1.2635154548e-07 -4.8767482916e-11  9.3780591384e-06      0.0000000000  1.2705562990e-07  1.2769176980e-07    0.043958333333    0.013958333333
 1.2654866683e-07 -5.1902287215e-11  9.3783991293e-06      0.0000000000  1.2729801024e-07  1.2735304766e-07    0.043975000000    0.013975000000
 1.2667116116e-07 -6.0237531690e-11  9.3787292471e-06      0.0000000000  1.2754084532e-07  1.2726868157e-07    0.043991666667    0.013991666667
 1.2673478568e-07 -7.2618819083e-11  9.3790591309e-06      0.0000000000  1.2778322566e-07  1.2801634183e-07    0.044008333333    0.014008333333
 1.2688961626e-07 -7.8714335241e-11  9.3793991323e-06      0.0000000000  1.2802606075e-07  1.2688015105e-07    0.044025000000    0.014025000000
 1.2691243551e-07 -9.3921946021e-11  9.3797292466e-06      0.0000000000  1.2826844108e-07  1.2786106798e-07    0.044041666667    0.014041666667
 1.2732886260e-07 -8.1898323814e-11  9.3800591303e-06      0.0000000000  1.2851127617e-07  1.2861015896e-07    0.044058333333    0.014058333333
 1.2741236452e-07 -9.2934326242e-11  9.3803991388e-06      0.0000000000  1.2875411125e-07  1.2867361434e-07    0.044075000000    0.014075000000
 1.2786251317e-07 -7.8543527120e-11  9.3807292391e-06      0.0000000000  1.2899649159e-07  1.2934192393e-07    0.044091666667    0.014091666667
 1.2819640979e-07 -7.2236268973e-11  9.3810591333e-06      0.0000000000  1.2923932668e-07  1.2975340907e-07    0.044108333333    0.014108333333
 1.2854153681e-07 -6.5151152859e-11  9.3813991312e-06      0.0000000000  1.2948216176e-07  1.2907591763e-07    0.044125000000    0.014125000000
 1.2888509457e-07 -5.8143231119e-11  9.3817292455e-06      0.0000000000  1.2972454210e-07  1.2909637239e-07    0.044141666667    0.014141666667
 1.2916464171e-07 -5.5600419126e-11  9.3820591363e-06      0.0000000000  1.2996737719e-07  1.3051825384e-07    0.044158333333    0.014158333333
 1.2936479328e-07 -5.8556836452e-11  9.3823991307e-06      0.0000000000  1.3021021227e-07  1.3003304664e-07    0.044175000000    0.014175000000
 1.2965559939e-07 -5.5234186314e-11  9.3827292485e-06      0.0000000000  1.3045304736e-07  1.3047987560e-07    0.044191666667    0.014191666667
 1.2993041466e-07 -5.3019121386e-11  9.3830591287e-06      0.0000000000  1.3069588244e-07  1.3061011949e-07    0.044208333333    0.014208333333
 1.3005846513e-07 -6.0969526775e-11  9.3833991372e-06      0.0000000000  1.3093871753e-07  1.3055535857e-07    0.044225000000    0.014225000000
 1.3015332596e-07 -7.1218769692e-11  9.3837292444e-06      0.0000000000  1.3118155261e-07  1.3096726821e-07    0.044241666667    0.014241666667
 1.3027027483e-07 -7.9938112999e-11  9.3840591317e-06      0.0000000000  1.3142438770e-07  1.3115342074e-07    0.044258333333    0.014258333333
 1.3030150303e-07 -9.4594785921e-11  9.3843991331e-06      0.0000000000  1.3166722278e-07  1.3181685641e-07    0.044275000000    0.014275000000
 1.3046555235e-07 -1.0005177825e-10  9.3847292439e-06      0.0000000000  1.3191005787e-07  1.3227766253e-07    0.044291666667    0.014291666667
 1.3071957436e-07 -9.9276931270e-11  9.3850591382e-06      0.0000000000  1.3215289296e-07  1.3226676695e-07    0.044308333333    0.014308333333
 1.3102839312e-07 -9.4706658540e-11  9.3853991291e-06      0.0000000000  1.3239572804e-07  1.3291069119e-07    0.044325000000    0.014325000000
 1.3139611263e-07 -8.6056702870e-11  9.3857292469e-06      0.0000000000  1.3263856313e-07  1.3178278609e-07    0.044341666667    0.014341666667
 1.3165118066e-07 -8.5209403614e-11  9.3860591306e-06      0.0000000000  1.3288139821e-07  1.3200124804e-07    0.044358333333    0.014358333333
 1.3187296259e-07 -8.6667622669e-11  9.3863991321e-06      0.0000000000  1.3312423330e-07  1.3303522786e-07    0.044375000000    0.014375000000
 1.3225790768e-07 -7.6856057338e-11  9.3867292463e-06      0.0000000000  1.3336752313e-07  1.3327879838e-07    0.044391666667    0.014391666667
 1.3261234054e-07 -6.9126384334e-11  9.3870591301e-06      0.0000000000  1.3361035822e-07  1.3454801589e-07    0.044408333333    0.014408333333
 1.3295952729e-07 -6.1898602939e-11  9.3873991350e-06      0.0000000000  1.3385319330e-07  1.3381588931e-07    0.044425000000    0.014425000000
 1.3325650227e-07 -5.8180171995e-11  9.3877292423e-06      0.0000000000  1.3409648313e-07  1.3373977745e-07    0.044441666667    0.014441666667
 1.3381890247e-07 -3.6045913720e-11  9.3880591365e-06      0.0000000000  1.3433931822e-07  1.3435302741e-07    0.044458333333    0.014458333333
 1.3379476721e-07 -5.4537264309e-11  9.3883991275e-06      0.0000000000  1.3458215330e-07  1.3453130304e-07    0.044475000000    0.014475000000
 1.3423567132e-07 -4.0849770705e-11  9.3887292488e-06      0.0000000000  1.3482544314e-07  1.3511953875e-07    0.044491666667    0.014491666667
 1.3419269326e-07 -6.0646243047e-11  9.3890591325e-06      0.0000000000  1.3506827822e-07  1.3482051553e-07    0.044508333333    0.014508333333
 1.3463303761e-07 -4.6997520199e-11  9.3893991305e-06      0.0000000000  1.3531156805e-07  1.3469711086e-07    0.044525000000    0.014525000000
 1.3455628744e-07 -6.9133173863e-11  9.3897292482e-06      0.0000000000  1.3555440314e-07  1.3521522492e-07    0.044541666667    0.014541666667
 1.3483834993e-07 -6.6447636590e-11  9.3900591285e-06      0.0000000000  1.3579769297e-07  1.3582886793e-07    0.044558333333    0.014558333333
 1.3499781567e-07 -7.2222104974e-11  9.3903991369e-06      0.0000000000  1.3604052806e-07  1.3615700894e-07    0.044575000000    0.014575000000
 1.3496983538e-07 -9.1011273416e-11  9.3907292407e-06      0.0000000000  1.3628381789e-07  1.3621428543e-07    0.044591666667    0.014591666667
 1.3525019189e-07 -8.8443899045e-11  9.3910591349e-06      0.0000000000  1.3652710772e-07  1.3647456880e-07    0.044608333333    0.014608333333
 1.3513232490e-07 -1.1342745447e-10  9.3913991294e-06      0.0000000000  1.3676994281e-07  1.3635828636e-07    0.044625000000    0.014625000000
 1.3558858262e-07 -9.8676513252e-11  9.3917292471e-06      0.0000000000  1.3701323264e-07  1.3691342654e-07    0.044641666667    0.014641666667
 1.3565224867e-07 -1.1111791874e-10  9.3920591344e-06      0.0000000000  1.3725652247e-07  1.3712025395e-07    0.044658333333    0.014658333333
 1.3601076601e-07 -1.0310533951e-10  9.3923991323e-06      0.0000000000  1.3749935756e-07  1.3665103637e-07    0.044675000000    0.014675000000
 1.3639474522e-07 -9.3360674549e-11  9.3927292501e-06      0.0000000000  1.3774264739e-07  1.3785440871e-07    0.044691666667    0.014691666667
 1.3669575044e-07 -8.9363094157e-11  9.3930591269e-06      0.0000000000  1.3798593723e-07  1.3784189372e-07    0.044708333333    0.014708333333
 1.3674494459e-07 -1.0280687638e-10  9.3933991353e-06      0.0000000000  1.3822922706e-07  1.3793899491e-07    0.044725000000    0.014725000000
 1.3717482405e-07 -8.9882990875e-11  9.3937292426e-06      0.0000000000  1.3847251689e-07  1.3885180264e-07    0.044741666667    0.014741666667
 1.3757541933e-07 -7.8987435901e-11  9.3940591333e-06      0.0000000000  1.3871580672e-07  1.3961848693e-07    0.044758333333    0.014758333333
 1.3770778733e-07 -8.6670290828e-11  9.3943991313e-06      0.0000000000  1.3895909656e-07  1.3871347748e-07    0.044775000000    0.014775000000
 1.3790620225e-07 -8.9778492573e-11  9.3947292455e-06      0.0000000000  1.3920238639e-07  1.3879171185e-07    0.044791666667    0.014791666667
 1.3831603551e-07 -7.8243081317e-11  9.3950591328e-06      0.0000000000  1.3944567622e-07  1.3938037206e-07    0.044808333333    0.014808333333
 1.3849295206e-07 -8.2840339205e-11  9.3953991307e-06      0.0000000000  1.3968896605e-07  1.3984078513e-07    0.044825000000    0.014825000000
 1.3898231527e-07 -6.5796389949e-11  9.3957292485e-06      0.0000000000  1.3993225589e-07  1.4017134737e-07    0.044841666667    0.014841666667
 1.3907905447e-07 -7.5947026670e-11  9.3960591288e-06      0.0000000000  1.4017554572e-07  1.4026778822e-07    0.044858333333    0.014858333333
 1.3967029673e-07 -5.1846559122e-11  9.3963991337e-06      0.0000000000  1.4041883555e-07  1.3946505260e-07    0.044875000000    0.014875000000
 1.3972709982e-07 -6.4763318146e-11  9.3967292445e-06      0.0000000000  1.4066212539e-07  1.4071867354e-07    0.044891666667    0.014891666667
 1.4029470788e-07 -4.2331339614e-11  9.3970591317e-06      0.0000000000  1.4090586997e-07  1.4170738875e-07    0.044908333333    0.014908333333
 1.4021875451e-07 -6.4443300697e-11  9.3973991367e-06      0.0000000000  1.4114915980e-07  1.4102291658e-07    0.044925000000    0.014925000000
 1.4045264059e-07 -6.5094639382e-11  9.3977292439e-06      0.0000000000  1.4139244963e-07  1.4164094613e-07    0.044941666667    0.014941666667
 1.4043224734e-07 -8.3358302140e-11  9.3980591347e-06      0.0000000000  1.4163573946e-07  1.4197636657e-07    0.044958333333    0.014958333333
 1.4071854373e-07 -8.0411006886e-11  9.3983991291e-06      0.0000000000  1.4187948404e-07  1.4333836162e-07    0.044975000000    0.014975000000
 1.4107339292e-07 -7.2683994313e-11  9.3987292469e-06      0.0000000000  1.4212277388e-07  1.4235143877e-07    0.044991666667    0.014991666667
 1.4103066100e-07 -9.2494915616e-11  9.3990591307e-06      0.0000000000  1.4236606371e-07  1.4224466834e-07    0.045008333333    0.015008333333
 1.4166561931e-07 -6.5398010034e-11  9.3993991321e-06      0.0000000000  1.4260980829e-07  1.4311428680e-07    0.045025000000    0.015025000000
 1.4216500923e-07 -4.7659573816e-11  9.3997292464e-06      0.0000000000  1.4285309812e-07  1.4278446351e-07    0.045041666667    0.015041666667
 1.4224187703e-07 -5.9218074940e-11  9.4000591301e-06      0.0000000000  1.4309684270e-07  1.4246512702e-07    0.045058333333    0.015058333333
 1.4279706833e-07 -3.7614629183e-11  9.4003991351e-06      0.0000000000  1.4334013253e-07  1.4390469611e-07    0.045075000000    0.015075000000
 1.4251699543e-07 -7.3896159200e-11  9.4007292423e-06      0.0000000000  1.4358387711e-07  1.4327550370e-07    0.045091666667    0.015091666667
 1.4303026976e-07 -5.5227534949e-11  9.4010591331e-06      0.0000000000  1.4382762169e-07  1.4307197798e-07    0.045108333333    0.015108333333
 1.4300272740e-07 -7.3986371519e-11  9.4013991310e-06      0.0000000000  1.4407091153e-07  1.4360477671e-07    0.045125000000    0.015125000000
 1.4296392051e-07 -9.3556928156e-11  9.4017292453e-06      0.0000000000  1.4431465611e-07  1.4287992957e-07    0.045141666667    0.015141666667
 1.4326843415e-07 -8.9316341175e-11  9.4020591326e-06      0.0000000000  1.4455794594e-07  1.4437576892e-07    0.045158333333    0.015158333333
 1.4335696678e-07 -1.0006689304e-10  9.4023991305e-06      0.0000000000  1.4480169052e-07  1.4520842416e-07    0.045175000000    0.015175000000
 1.4392028703e-07 -7.7931904058e-11  9.4027292483e-06      0.0000000000  1.4504543510e-07  1.4595226388e-07    0.045191666667    0.015191666667
 1.4373050850e-07 -1.0795931314e-10  9.4030591285e-06      0.0000000000  1.4528917968e-07  1.4608610818e-07    0.045208333333    0.015208333333
 1.4429903034e-07 -8.5464042969e-11  9.4033991369e-06      0.0000000000  1.4553292426e-07  1.4530101303e-07    0.045225000000    0.015225000000
 1.4443834786e-07 -9.2665548312e-11  9.4037292407e-06      0.0000000000  1.4577621409e-07  1.4624092608e-07    0.045241666667    0.015241666667
 1.4483408735e-07 -8.2137820628e-11  9.4040591315e-06      0.0000000000  1.4601995867e-07  1.4568737386e-07    0.045258333333    0.015258333333
 1.4503772476e-07 -8.4915790979e-11  9.4043991329e-06      0.0000000000  1.4626370325e-07  1.4679704104e-07    0.045275000000    0.015275000000
 1.4546055990e-07 -7.2511318090e-11  9.4047292437e-06      0.0000000000  1.4650744783e-07  1.4708049915e-07    0.045291666667    0.015291666667
 1.4574190292e-07 -6.9907111647e-11  9.4050591344e-06      0.0000000000  1.4675119241e-07  1.4738085877e-07    0.045308333333    0.015308333333
 1.4584356831e-07 -7.9748040492e-11  9.4053991289e-06      0.0000000000  1.4699493699e-07  1.4779908879e-07    0.045325000000    0.015325000000
 1.4620999369e-07 -7.1250716051e-11  9.4057292501e-06      0.0000000000  1.4723868157e-07  1.4705427428e-07    0.045341666667    0.015341666667
 1.4651427067e-07 -6.7058018964e-11  9.4060591269e-06      0.0000000000  1.4748242615e-07  1.4720099518e-07    0.045358333333    0.015358333333
 1.4684305560e-07 -6.1167810458e-11  9.4063991353e-06      0.0000000000  1.4772617073e-07  1.4722564781e-07    0.045375000000    0.015375000000
 1.4703302562e-07 -6.4892434993e-11  9.4067292426e-06      0.0000000000  1.4796991531e-07  1.4837205810e-07    0.045391666667    0.015391666667
 1.4742981114e-07 -5.4292255036e-11  9.4070591334e-06      0.0000000000  1.4821365989e-07  1.4813326717e-07    0.045408333333    0.015408333333
 1.4784068039e-07 -4.2748081325e-11  9.4073991313e-06      0.0000000000  1.4845785922e-07  1.4882662246e-07    0.045425000000    0.015425000000
 1.4789317517e-07 -5.5994748173e-11  9.4077292421e-06      0.0000000000  1.4870160380e-07  1.4950796587e-07    0.045441666667    0.015441666667
 1.4835790998e-07 -4.0688149979e-11  9.4080591363e-06      0.0000000000  1.4894534838e-07  1.4949617412e-07    0.045458333333    0.015458333333
 1.4826258404e-07 -6.4173424151e-11  9.4083991273e-06      0.0000000000  1.4918909296e-07  1.4970436937e-07    0.045475000000    0.015475000000
 1.4855715419e-07 -6.0684555241e-11  9.4087292485e-06      0.0000000000  1.4943329229e-07  1.5028961783e-07    0.045491666667    0.015491666667
 1.4870945491e-07 -6.7018294394e-11  9.4090591288e-06      0.0000000000  1.4967703687e-07  1.4987979926e-07    0.045508333333    0.015508333333
 1.4858606102e-07 -9.2447658297e-11  9.4093991337e-06      0.0000000000  1.4992078145e-07  1.4921656799e-07    0.045525000000    0.015525000000
 1.4915355425e-07 -7.0055130775e-11  9.4097292445e-06      0.0000000000  1.5016498078e-07  1.4984728546e-07    0.045541666667    0.015541666667
 1.4914340152e-07 -8.7640994798e-11  9.4100591318e-06      0.0000000000  1.5040872536e-07  1.5062692496e-07    0.045558333333    0.015558333333
 1.4944817873e-07 -8.3445147155e-11  9.4103991332e-06      0.0000000000  1.5065292468e-07  1.4980661176e-07    0.045575000000    0.015575000000
 1.4985966753e-07 -7.1826563981e-11  9.4107292405e-06      0.0000000000  1.5089666926e-07  1.5083681823e-07    0.045591666667    0.015591666667
 1.4963084963e-07 -1.0458948142e-10  9.4110591347e-06      0.0000000000  1.5114086859e-07  1.5158219874e-07    0.045608333333    0.015608333333
 1.5034357420e-07 -7.2106198109e-11  9.4113991292e-06      0.0000000000  1.5138461317e-07  1.5180457555e-07    0.045625000000    0.015625000000
 1.5016787592e-07 -1.0118985402e-10  9.4117292469e-06      0.0000000000  1.5162881250e-07  1.5180971675e-07    0.045641666667    0.015641666667
 1.5063691250e-07 -8.5616797240e-11  9.4120591307e-06      0.0000000000  1.5187301183e-07  1.5099394731e-07    0.045658333333    0.015658333333
 1.5096852988e-07 -7.9530403153e-11  9.4123991321e-06      0.0000000000  1.5211675641e-07  1.5157598842e-07    0.045675000000    0.015675000000
 1.5126240802e-07 -7.6089465632e-11  9.4127292464e-06      0.0000000000  1.5236095573e-07  1.5224824432e-07    0.045691666667    0.015691666667
 1.5156907156e-07 -7.1762963315e-11  9.4130591302e-06      0.0000000000  1.5260515506e-07  1.5254983028e-07    0.045708333333    0.015708333333
 1.5173846073e-07 -7.6913093264e-11  9.4133991351e-06      0.0000000000  1.5284889964e-07  1.5261688607e-07    0.045725000000    0.015725000000
 1.5236213849e-07 -5.0629018129e-11  9.4137292424e-06      0.0000000000  1.5309309897e-07  1.5237949443e-07    0.045741666667    0.015741666667
 1.5274998053e-07 -4.0679793769e-11  9.4140591331e-06      0.0000000000  1.5333729830e-07  1.5294848599e-07    0.045758333333    0.015758333333
 1.5292085505e-07 -4.5758540331e-11  9.4143991276e-06      0.0000000000  1.5358149762e-07  1.5352186408e-07    0.045775000000    0.015775000000
 1.5322812351e-07 -4.1390139688e-11  9.4147292453e-06      0.0000000000  1.5382569695e-07  1.5311416803e-07    0.045791666667    0.015791666667
 1.5347247087e-07 -4.1379886700e-11  9.4150591326e-06      0.0000000000  1.5406989628e-07  1.5408458243e-07    0.045808333333    0.015808333333
 1.5360271934e-07 -4.9241045614e-11  9.4153991305e-06      0.0000000000  1.5431364086e-07  1.5465434438e-07    0.045825000000    0.015825000000
 1.5379597742e-07 -5.2769424569e-11  9.4157292483e-06      0.0000000000  1.5455784019e-07  1.5496037977e-07    0.045841666667    0.015841666667
 1.5377683285e-07 -7.1009593835e-11  9.4160591286e-06      0.0000000000  1.5480203951e-07  1.5481578139e-07    0.045858333333    0.015858333333
 1.5378007157e-07 -8.7699414000e-11  9.4163991335e-06      0.0000000000  1.5504623884e-07  1.5504683693e-07    0.045875000000    0.015875000000
 1.5400605365e-07 -8.8992705245e-11  9.4167292443e-06      0.0000000000  1.5529089292e-07  1.5411700190e-07    0.045891666667    0.015891666667
 1.5421163036e-07 -9.1667849958e-11  9.4170591315e-06      0.0000000000  1.5553509224e-07  1.5637257626e-07    0.045908333333    0.015908333333
 1.5429727102e-07 -1.0265020761e-10  9.4173991295e-06      0.0000000000  1.5577929157e-07  1.5605501639e-07    0.045925000000    0.015925000000
 1.5457573089e-07 -1.0027719623e-10  9.4177292437e-06      0.0000000000  1.5602349090e-07  1.5584123971e-07    0.045941666667    0.015941666667
 1.5471343901e-07 -1.0765317027e-10  9.4180591345e-06      0.0000000000  1.5626769023e-07  1.5616958510e-07    0.045958333333    0.015958333333
 1.5497135036e-07 -1.0670342505e-10  9.4183991289e-06      0.0000000000  1.5651188955e-07  1.5623311908e-07    0.045975000000    0.015975000000
 1.5548348472e-07 -8.8176753876e-11  9.4187292502e-06      0.0000000000  1.5675654363e-07  1.5646167477e-07    0.045991666667    0.015991666667
 1.5562951356e-07 -9.4976403856e-11  9.4190591270e-06      0.0000000000  1.5700074296e-07  1.5766015746e-07    0.046008333333    0.016008333333
 1.5601875246e-07 -8.4930428415e-11  9.4193991319e-06      0.0000000000  1.5724494228e-07  1.5707808491e-07    0.046025000000    0.016025000000
 1.5640437131e-07 -7.5166688497e-11  9.4197292462e-06      0.0000000000  1.5748959636e-07  1.5714764055e-07    0.046041666667    0.016041666667
 1.5667099294e-07 -7.3613636989e-11  9.4200591299e-06      0.0000000000  1.5773379568e-07  1.5777768197e-07    0.046058333333    0.016058333333
 1.5703602634e-07 -6.5244223804e-11  9.4203991348e-06      0.0000000000  1.5797799501e-07  1.5778109372e-07    0.046075000000    0.016075000000
 1.5736301456e-07 -5.9541456930e-11  9.4207292421e-06      0.0000000000  1.5822264909e-07  1.5822163374e-07    0.046091666667    0.016091666667
 1.5758655236e-07 -6.0972550772e-11  9.4210591364e-06      0.0000000000  1.5846684841e-07  1.5833852935e-07    0.046108333333    0.016108333333
 1.5777075741e-07 -6.5159472919e-11  9.4213991273e-06      0.0000000000  1.5871150249e-07  1.5818682448e-07    0.046125000000    0.016125000000
 1.5818786788e-07 -5.3183009898e-11  9.4217292486e-06      0.0000000000  1.5895570182e-07  1.5928811165e-07    0.046141666667    0.016141666667
 1.5808618169e-07 -7.7171813780e-11  9.4220591289e-06      0.0000000000  1.5920035589e-07  1.5995256927e-07    0.046158333333    0.016158333333
 1.5843190203e-07 -7.0140093484e-11  9.4223991338e-06      0.0000000000  1.5944455522e-07  1.5987846987e-07    0.046175000000    0.016175000000
 1.5842138177e-07 -8.7814408792e-11  9.4227292480e-06      0.0000000000  1.5968920929e-07  1.5952422978e-07    0.046191666667    0.016191666667
 1.5861593897e-07 -9.1284303270e-11  9.4230591283e-06      0.0000000000  1.5993386337e-07  1.6060616275e-07    0.046208333333    0.016208333333
 1.5858183944e-07 -1.1056030871e-10  9.4233991367e-06      0.0000000000  1.6017806270e-07  1.5954602095e-07    0.046225000000    0.016225000000
 1.5912876924e-07 -8.9623576983e-11  9.4237292405e-06      0.0000000000  1.6042271677e-07  1.6032459133e-07    0.046241666667    0.016241666667
 1.5901359601e-07 -1.1454654328e-10  9.4240591348e-06      0.0000000000  1.6066737085e-07  1.6117850317e-07    0.046258333333    0.016258333333
 1.5967392808e-07 -8.5755152352e-11  9.4243991257e-06      0.0000000000  1.6091202492e-07  1.6201642539e-07    0.046275000000    0.016275000000
 1.5996547721e-07 -8.2507027779e-11  9.4247292470e-06      0.0000000000  1.6115667900e-07  1.6030767409e-07    0.046291666667    0.016291666667
 1.6017012064e-07 -8.5246815095e-11  9.4250591307e-06      0.0000000000  1.6140087832e-07  1.6224053165e-07    0.046308333333    0.016308333333
 1.6074135588e-07 -6.2626599741e-11  9.4253991287e-06      0.0000000000  1.6164553240e-07  1.6078340071e-07    0.046325000000    0.016325000000
 1.6083100493e-07 -7.3362818748e-11  9.4257292499e-06      0.0000000000  1.6189018647e-07  1.6125786955e-07    0.046341666667    0.016341666667
 1.6137731380e-07 -5.2469095724e-11  9.4260591232e-06      0.0000000000  1.6213484055e-07  1.6143081532e-07    0.046358333333    0.016358333333
 1.6145542708e-07 -6.4004325432e-11  9.4263991351e-06      0.0000000000  1.6237949462e-07  1.6241325730e-07    0.046375000000    0.016375000000
 1.6174623583e-07 -6.0807481893e-11  9.4267292424e-06      0.0000000000  1.6262414870e-07  1.6172274776e-07    0.046391666667    0.016391666667
 1.6173216547e-07 -7.8727690778e-11  9.4270591332e-06      0.0000000000  1.6286880277e-07  1.6231546434e-07    0.046408333333    0.016408333333
 1.6176341288e-07 -9.3509022906e-11  9.4273991276e-06      0.0000000000  1.6311345685e-07  1.6390996138e-07    0.046425000000    0.016425000000
 1.6191098452e-07 -1.0023331064e-10  9.4277292454e-06      0.0000000000  1.6335811092e-07  1.6275542263e-07    0.046441666667    0.016441666667
 1.6222266275e-07 -9.5622468139e-11  9.4280591326e-06      0.0000000000  1.6360321974e-07  1.6288519485e-07    0.046458333333    0.016458333333
 1.6252815287e-07 -9.1408738902e-11  9.4283991271e-06      0.0000000000  1.6384787382e-07  1.6403875881e-07    0.046475000000    0.016475000000
 1.6267263449e-07 -9.8347052315e-11  9.4287292483e-06      0.0000000000  1.6409252789e-07  1.6406355294e-07    0.046491666667    0.016491666667
 1.6288214292e-07 -1.0078136970e-10  9.4290591251e-06      0.0000000000  1.6433718197e-07  1.6366126537e-07    0.046508333333    0.016508333333
 1.6332848820e-07 -8.6811493108e-11  9.4293991335e-06      0.0000000000  1.6458183604e-07  1.6450269368e-07    0.046525000000    0.016525000000
 1.6335822393e-07 -1.0172902733e-10  9.4297292443e-06      0.0000000000  1.6482694486e-07  1.6604277569e-07    0.046541666667    0.016541666667
 1.6397983693e-07 -7.5619462382e-11  9.4300591316e-06      0.0000000000  1.6507159894e-07  1.6450546081e-07    0.046558333333    0.016558333333
 1.6443313494e-07 -6.1168014125e-11  9.4303991330e-06      0.0000000000  1.6531625301e-07  1.6482641670e-07    0.046575000000    0.016575000000
 1.6450236539e-07 -7.3349998494e-11  9.4307292438e-06      0.0000000000  1.6556136184e-07  1.6514320617e-07    0.046591666667    0.016591666667
 1.6513031953e-07 -4.6801222872e-11  9.4310591345e-06      0.0000000000  1.6580601591e-07  1.6500367038e-07    0.046608333333    0.016608333333
 1.6480615007e-07 -8.6231535595e-11  9.4313991255e-06      0.0000000000  1.6605112473e-07  1.6579922089e-07    0.046625000000    0.016625000000
 1.6544376995e-07 -5.9013275061e-11  9.4317292467e-06      0.0000000000  1.6629577881e-07  1.6650372332e-07    0.046641666667    0.016641666667
 1.6540316534e-07 -7.8802840643e-11  9.4320591270e-06      0.0000000000  1.6654088763e-07  1.6639192174e-07    0.046658333333    0.016658333333
 1.6569861273e-07 -7.5284708748e-11  9.4323991319e-06      0.0000000000  1.6678554170e-07  1.6731787336e-07    0.046675000000    0.016675000000
 1.6589807633e-07 -7.8446264818e-11  9.4327292462e-06      0.0000000000  1.6703065053e-07  1.6787191297e-07    0.046691666667    0.016691666667
 1.6595437415e-07 -9.1524010970e-11  9.4330591265e-06      0.0000000000  1.6727575935e-07  1.6676844039e-07    0.046708333333    0.016708333333
 1.6607497544e-07 -1.0011636444e-10  9.4333991349e-06      0.0000000000  1.6752041342e-07  1.6738761767e-07    0.046725000000    0.016725000000
 1.6596359845e-07 -1.2480788612e-10  9.4337292422e-06      0.0000000000  1.6776552225e-07  1.6762261951e-07    0.046741666667    0.016741666667
 1.6634489962e-07 -1.1537470174e-10  9.4340591329e-06      0.0000000000  1.6801063107e-07  1.6837274818e-07    0.046758333333    0.016758333333
 1.6658421084e-07 -1.1574476782e-10  9.4343991274e-06      0.0000000000  1.6825528514e-07  1.6867799745e-07    0.046775000000    0.016775000000
 1.6706305141e-07 -9.9555644928e-11  9.4347292451e-06      0.0000000000  1.6850039396e-07  1.6912196494e-07    0.046791666667    0.016791666667
 1.6718245390e-07 -1.0826252958e-10  9.4350591324e-06      0.0000000000  1.6874550279e-07  1.6960302144e-07    0.046808333333    0.016808333333
 1.6745981628e-07 -1.0602852878e-10  9.4353991268e-06      0.0000000000  1.6899061161e-07  1.6867166134e-07    0.046825000000    0.016825000000
 1.6769811492e-07 -1.0650022712e-10  9.4357292481e-06      0.0000000000  1.6923572043e-07  1.6947986834e-07    0.046841666667    0.016841666667
 1.6818629687e-07 -8.9664086001e-11  9.4360591249e-06      0.0000000000  1.6948082925e-07  1.6946903564e-07    0.046858333333    0.016858333333
 1.6857567376e-07 -7.9671547872e-11  9.4363991368e-06      0.0000000000  1.6972593808e-07  1.6938966926e-07    0.046875000000    0.016875000000
 1.6889059156e-07 -7.4804822861e-11  9.4367292406e-06      0.0000000000  1.6997059215e-07  1.6992220071e-07    0.046891666667    0.016891666667
 1.6913972836e-07 -7.4525830525e-11  9.4370591313e-06      0.0000000000  1.7021570097e-07  1.6932352537e-07    0.046908333333    0.016908333333
 1.6960835712e-07 -5.9075512772e-11  9.4373991293e-06      0.0000000000  1.7046126454e-07  1.7043294099e-07    0.046925000000    0.016925000000
 1.6969574183e-07 -7.0000066196e-11  9.4377292435e-06      0.0000000000  1.7070637336e-07  1.7055757200e-07    0.046941666667    0.016941666667
 1.6985072822e-07 -7.6242278115e-11  9.4380591343e-06      0.0000000000  1.7095148219e-07  1.7072672868e-07    0.046958333333    0.016958333333
 1.7043786914e-07 -5.2551874359e-11  9.4383991252e-06      0.0000000000  1.7119659101e-07  1.7128583088e-07    0.046975000000    0.016975000000
 1.7048292642e-07 -6.6408181720e-11  9.4387292500e-06      0.0000000000  1.7144169983e-07  1.7043198193e-07    0.046991666667    0.016991666667
 1.7085869122e-07 -5.7358466965e-11  9.4390591233e-06      0.0000000000  1.7168680865e-07  1.7215090559e-07    0.047008333333    0.017008333333
 1.7119373465e-07 -5.1129264610e-11  9.4393991317e-06      0.0000000000  1.7193191747e-07  1.7241373598e-07    0.047025000000    0.017025000000
 1.7116413632e-07 -7.0187992323e-11  9.4397292425e-06      0.0000000000  1.7217748104e-07  1.7302000521e-07    0.047041666667    0.017041666667
 1.7148471453e-07 -6.4960704046e-11  9.4400591297e-06      0.0000000000  1.7242258987e-07  1.7225494033e-07    0.047058333333    0.017058333333
 1.7152465732e-07 -7.9171259533e-11  9.4403991311e-06      0.0000000000  1.7266769869e-07  1.7386176368e-07    0.047075000000    0.017075000000
 1.7199117451e-07 -6.3867197288e-11  9.4407292419e-06      0.0000000000  1.7291326226e-07  1.7227979735e-07    0.047091666667    0.017091666667
 1.7207674743e-07 -7.4917242120e-11  9.4410591362e-06      0.0000000000  1.7315837108e-07  1.7333182642e-07    0.047108333333    0.017108333333
 1.7215454335e-07 -8.6505950634e-11  9.4413991236e-06      0.0000000000  1.7340347990e-07  1.7377631276e-07    0.047125000000    0.017125000000
 1.7254543445e-07 -7.6440030435e-11  9.4417292484e-06      0.0000000000  1.7364904347e-07  1.7356723705e-07    0.047141666667    0.017141666667
 1.7268500283e-07 -8.3750149997e-11  9.4420591286e-06      0.0000000000  1.7389415229e-07  1.7420042293e-07    0.047158333333    0.017158333333
 1.7300299127e-07 -7.8733736845e-11  9.4423991301e-06      0.0000000000  1.7413971586e-07  1.7379307277e-07    0.047175000000    0.017175000000
 1.7333334798e-07 -7.2829153986e-11  9.4427292443e-06      0.0000000000  1.7438482468e-07  1.7456246130e-07    0.047191666667    0.017191666667
 1.7365576583e-07 -6.7505942932e-11  9.4430591281e-06      0.0000000000  1.7463038825e-07  1.7455939545e-07    0.047208333333    0.017208333333
 1.7388362742e-07 -6.8732047245e-11  9.4433991330e-06      0.0000000000  1.7487595182e-07  1.7492630774e-07    0.047225000000    0.017225000000
 1.7434989847e-07 -5.3413536039e-11  9.4437292438e-06      0.0000000000  1.7512106065e-07  1.7601297314e-07    0.047241666667    0.017241666667
 1.7467210685e-07 -4.8104833946e-11  9.4440591311e-06      0.0000000000  1.7536662422e-07  1.7518198447e-07    0.047258333333    0.017258333333
 1.7473078803e-07 -6.1048996943e-11  9.4443991255e-06      0.0000000000  1.7561218779e-07  1.7556127025e-07    0.047275000000    0.017275000000
 1.7492622807e-07 -6.4489239802e-11  9.4447292468e-06      0.0000000000  1.7585729661e-07  1.7640266711e-07    0.047291666667    0.017291666667
 1.7523498200e-07 -6.0112442350e-11  9.4450591305e-06      0.0000000000  1.7610286018e-07  1.7725626450e-07    0.047308333333    0.017308333333
 1.7529031534e-07 -7.3288489633e-11  9.4453991285e-06      0.0000000000  1.7634842375e-07  1.7781009973e-07    0.047325000000    0.017325000000
 1.7554159049e-07 -7.2892884446e-11  9.4457292462e-06      0.0000000000  1.7659398732e-07  1.7631273531e-07    0.047341666667    0.017341666667
 1.7572337843e-07 -7.7310219917e-11  9.4460591265e-06      0.0000000000  1.7683955089e-07  1.7666625217e-07    0.047358333333    0.017358333333
 1.7601767623e-07 -7.3934707327e-11  9.4463991314e-06      0.0000000000  1.7708511445e-07  1.7653045831e-07    0.047375000000    0.017375000000
 1.7625243898e-07 -7.4682811701e-11  9.4467292422e-06      0.0000000000  1.7733067802e-07  1.7690109680e-07    0.047391666667    0.017391666667
 1.7639949587e-07 -8.1505747704e-11  9.4470591295e-06      0.0000000000  1.7757624159e-07  1.7698907902e-07    0.047408333333    0.017408333333
 1.7677825536e-07 -7.2280107317e-11  9.4473991274e-06      0.0000000000  1.7782180516e-07  1.7840541049e-07    0.047425000000    0.017425000000
 1.7680405282e-07 -8.7501918096e-11  9.4477292452e-06      0.0000000000  1.7806736873e-07  1.7814552017e-07    0.047441666667    0.017441666667
 1.7722831392e-07 -7.5124668598e-11  9.4480591324e-06      0.0000000000  1.7831293230e-07  1.7833566618e-07    0.047458333333    0.017458333333
 1.7729420487e-07 -8.7569456847e-11  9.4483991269e-06      0.0000000000  1.7855849587e-07  1.7878370576e-07    0.047475000000    0.017475000000
 1.7755594117e-07 -8.6449273408e-11  9.4487292516e-06      0.0000000000  1.7880405944e-07  1.7941601119e-07    0.047491666667    0.017491666667
 1.7779190172e-07 -8.7114413915e-11  9.4490591249e-06      0.0000000000  1.7904962301e-07  1.7878013679e-07    0.047508333333    0.017508333333
 1.7812559779e-07 -8.1010032260e-11  9.4493991298e-06      0.0000000000  1.7929518658e-07  1.7879593774e-07    0.047525000000    0.017525000000
 1.7855260883e-07 -6.8473808925e-11  9.4497292441e-06      0.0000000000  1.7954120490e-07  1.7930365933e-07    0.047541666667    0.017541666667
 1.7874117235e-07 -7.2421842431e-11  9.4500591279e-06      0.0000000000  1.7978676847e-07  1.8008178949e-07    0.047558333333    0.017558333333
 1.7889332742e-07 -7.8891659195e-11  9.4503991293e-06      0.0000000000  1.8003233204e-07  1.8030765665e-07    0.047575000000    0.017575000000
 1.7923226703e-07 -7.2424090858e-11  9.4507292436e-06      0.0000000000  1.8027789561e-07  1.7957345472e-07    0.047591666667    0.017591666667
 1.7954623997e-07 -6.7717302594e-11  9.4510591308e-06      0.0000000000  1.8052391392e-07  1.8033922712e-07    0.047608333333    0.017608333333
 1.7973573357e-07 -7.1600915573e-11  9.4513991253e-06      0.0000000000  1.8076947749e-07  1.7979608309e-07    0.047625000000    0.017625000000
 1.7983267139e-07 -8.1926780331e-11  9.4517292500e-06      0.0000000000  1.8101549581e-07  1.7970652863e-07    0.047641666667    0.017641666667
 1.8017311445e-07 -7.5355076888e-11  9.4520591268e-06      0.0000000000  1.8126105938e-07  1.8028638432e-07    0.047658333333    0.017658333333
 1.8039087378e-07 -7.7312398743e-11  9.4523991282e-06      0.0000000000  1.8150707769e-07  1.8204830859e-07    0.047675000000    0.017675000000
 1.8064192369e-07 -7.6932394389e-11  9.4527292460e-06      0.0000000000  1.8175264126e-07  1.8161235949e-07    0.047691666667    0.017691666667
 1.8091323149e-07 -7.5180752060e-11  9.4530591263e-06      0.0000000000  1.8199865958e-07  1.8202279123e-07    0.047708333333    0.017708333333
 1.8130280615e-07 -6.5206012537e-11  9.4533991312e-06      0.0000000000  1.8224422315e-07  1.8219378742e-07    0.047725000000    0.017725000000
 1.8134301252e-07 -7.9461307362e-11  9.4537292420e-06      0.0000000000  1.8249024147e-07  1.8207330711e-07    0.047741666667    0.017741666667
 1.8180585081e-07 -6.4412058744e-11  9.4540591327e-06      0.0000000000  1.8273580504e-07  1.8276177275e-07    0.047758333333    0.017758333333
 1.8216858558e-07 -5.6327847159e-11  9.4543991237e-06      0.0000000000  1.8298182335e-07  1.8301395912e-07    0.047775000000    0.017775000000
 1.8218774084e-07 -7.2041218535e-11  9.4547292484e-06      0.0000000000  1.8322784167e-07  1.8289784962e-07    0.047791666667    0.017791666667
 1.8253380557e-07 -6.5111635244e-11  9.4550591287e-06      0.0000000000  1.8347385999e-07  1.8506599204e-07    0.047808333333    0.017808333333
 1.8267591790e-07 -7.2277049349e-11  9.4553991266e-06      0.0000000000  1.8371942356e-07  1.8388794839e-07    0.047825000000    0.017825000000
 1.8318267505e-07 -5.4217316395e-11  9.4557292479e-06      0.0000000000  1.8396544187e-07  1.8376742092e-07    0.047841666667    0.017841666667
 1.8317555546e-07 -7.1750581536e-11  9.4560591247e-06      0.0000000000  1.8421146019e-07  1.8374412040e-07    0.047858333333    0.017858333333
 1.8331606339e-07 -7.9058619428e-11  9.4563991331e-06      0.0000000000  1.8445747851e-07  1.8508270489e-07    0.047875000000    0.017875000000
 1.8338681613e-07 -9.1198159826e-11  9.4567292404e-06      0.0000000000  1.8470349682e-07  1.8424522289e-07    0.047891666667    0.017891666667
 1.8357725109e-07 -9.5048068301e-11  9.4570591311e-06      0.0000000000  1.8494951514e-07  1.8502189087e-07    0.047908333333    0.017908333333
 1.8360857697e-07 -1.0991845794e-10  9.4573991256e-06      0.0000000000  1.8519553346e-07  1.8513656963e-07    0.047925000000    0.017925000000
 1.8374389908e-07 -1.1758568515e-10  9.4577292468e-06      0.0000000000  1.8544155177e-07  1.8504350909e-07    0.047941666667    0.017941666667
 1.8433893895e-07 -9.3411165403e-11  9.4580591306e-06      0.0000000000  1.8568757009e-07  1.8543199244e-07    0.047958333333    0.017958333333
 1.8449901724e-07 -9.9363688812e-11  9.4583991285e-06      0.0000000000  1.8593358841e-07  1.8594169505e-07    0.047975000000    0.017975000000
 1.8492861919e-07 -8.6648009617e-11  9.4587292498e-06      0.0000000000  1.8617960672e-07  1.8663067952e-07    0.047991666667    0.017991666667
 1.8529633030e-07 -7.8219117677e-11  9.4590591231e-06      0.0000000000  1.8642562504e-07  1.8667987473e-07    0.048008333333    0.018008333333
 1.8536344930e-07 -9.0610344133e-11  9.4593991315e-06      0.0000000000  1.8667164336e-07  1.8683332479e-07    0.048025000000    0.018025000000
 1.8589464179e-07 -7.0889626769e-11  9.4597292422e-06      0.0000000000  1.8691811642e-07  1.8693245415e-07    0.048041666667    0.018041666667
 1.8615194767e-07 -7.0107808546e-11  9.4600591295e-06      0.0000000000  1.8716413474e-07  1.8667808238e-07    0.048058333333    0.018058333333
 1.8654249282e-07 -6.0097347330e-11  9.4603991309e-06      0.0000000000  1.8741015306e-07  1.8731482151e-07    0.048075000000    0.018075000000
 1.8664652819e-07 -6.9931609998e-11  9.4607292452e-06      0.0000000000  1.8765617137e-07  1.8789560483e-07    0.048091666667    0.018091666667
 1.8682834163e-07 -7.4410173946e-11  9.4610591290e-06      0.0000000000  1.8790264444e-07  1.8712340200e-07    0.048108333333    0.018108333333
 1.8716764333e-07 -6.7949022824e-11  9.4613991269e-06      0.0000000000  1.8814866275e-07  1.8722564439e-07    0.048125000000    0.018125000000
 1.8730520720e-07 -7.5492475230e-11  9.4617292482e-06      0.0000000000  1.8839513582e-07  1.8740648277e-07    0.048141666667    0.018141666667
 1.8782120900e-07 -5.6792423335e-11  9.4620591249e-06      0.0000000000  1.8864115414e-07  1.8807125483e-07    0.048158333333    0.018158333333
 1.8799158733e-07 -6.2031527810e-11  9.4623991299e-06      0.0000000000  1.8888717245e-07  1.8866389280e-07    0.048175000000    0.018175000000
 1.8820857562e-07 -6.4073752215e-11  9.4627292441e-06      0.0000000000  1.8913364552e-07  1.8947906479e-07    0.048191666667    0.018191666667
 1.8850707077e-07 -6.0470510300e-11  9.4630591279e-06      0.0000000000  1.8938011858e-07  1.8959860175e-07    0.048208333333    0.018208333333
 1.8888113585e-07 -5.1601519380e-11  9.4633991293e-06      0.0000000000  1.8962613690e-07  1.8899365320e-07    0.048225000000    0.018225000000
 1.8890200171e-07 -6.7227906535e-11  9.4637292436e-06      0.0000000000  1.8987260996e-07  1.8944145695e-07    0.048241666667    0.018241666667
 1.8936680843e-07 -5.2073815089e-11  9.4640591309e-06      0.0000000000  1.9011862828e-07  1.8951475450e-07    0.048258333333    0.018258333333
 1.8911713638e-07 -8.6438654867e-11  9.4643991253e-06      0.0000000000  1.9036510134e-07  1.9014976418e-07    0.048275000000    0.018275000000
 1.8943920274e-07 -8.1202784718e-11  9.4647292466e-06      0.0000000000  1.9061157441e-07  1.9070446413e-07    0.048291666667    0.018291666667
 1.8964529723e-07 -8.3968055830e-11  9.4650591303e-06      0.0000000000  1.9085759272e-07  1.9188599814e-07    0.048308333333    0.018308333333
 1.8966574815e-07 -9.9623183311e-11  9.4653991283e-06      0.0000000000  1.9110406579e-07  1.9160219414e-07    0.048325000000    0.018325000000
 1.9017695188e-07 -8.1286961339e-11  9.4657292460e-06      0.0000000000  1.9135053885e-07  1.9160956792e-07    0.048341666667    0.018341666667
 1.8992037920e-07 -1.1612976404e-10  9.4660591263e-06      0.0000000000  1.9159701192e-07  1.9124936906e-07    0.048358333333    0.018358333333
 1.9055806932e-07 -8.9032628007e-11  9.4663991312e-06      0.0000000000  1.9184348498e-07  1.9145564619e-07    0.048375000000    0.018375000000
 1.9048752103e-07 -1.1099069611e-10  9.4667292420e-06      0.0000000000  1.9208995804e-07  1.9194505125e-07    0.048391666667    0.018391666667
 1.9087939416e-07 -1.0091975174e-10  9.4670591328e-06      0.0000000000  1.9233643111e-07  1.9264439675e-07    0.048408333333    0.018408333333
 1.9112747949e-07 -1.0080808018e-10  9.4673991272e-06      0.0000000000  1.9258290417e-07  1.9202892995e-07    0.048425000000    0.018425000000
 1.9141286727e-07 -9.8112703181e-11  9.4677292450e-06      0.0000000000  1.9282937724e-07  1.9278066229e-07    0.048441666667    0.018441666667
 1.9187162735e-07 -8.3408921728e-11  9.4680591287e-06      0.0000000000  1.9307585030e-07  1.9451733647e-07    0.048458333333    0.018458333333
 1.9217739372e-07 -7.9302048610e-11  9.4683991267e-06      0.0000000000  1.9332232337e-07  1.9303593023e-07    0.048475000000    0.018475000000
 1.9273958333e-07 -5.7434356644e-11  9.4687292479e-06      0.0000000000  1.9356879643e-07  1.9346464706e-07    0.048491666667    0.018491666667
 1.9297664748e-07 -5.8086052594e-11  9.4690591247e-06      0.0000000000  1.9381526949e-07  1.9364425909e-07    0.048508333333    0.018508333333
 1.9365193370e-07 -2.8384872672e-11  9.4693991331e-06      0.0000000000  1.9406174256e-07  1.9383828852e-07    0.048525000000    0.018525000000
 1.9343866315e-07 -6.0228410357e-11  9.4697292404e-06      0.0000000000  1.9430821562e-07  1.9578818910e-07    0.048541666667    0.018541666667
 1.9413079180e-07 -2.9392158848e-11  9.4700591311e-06      0.0000000000  1.9455514343e-07  1.9579317309e-07    0.048558333333    0.018558333333
 1.9401219000e-07 -5.4678590002e-11  9.4703991256e-06      0.0000000000  1.9480161650e-07  1.9563975447e-07    0.048575000000    0.018575000000
 1.9439729663e-07 -4.5076318376e-11  9.4707292434e-06      0.0000000000  1.9504808956e-07  1.9510977004e-07    0.048591666667    0.018591666667
 1.9450243794e-07 -5.4865476643e-11  9.4710591306e-06      0.0000000000  1.9529456263e-07  1.9501983825e-07    0.048608333333    0.018608333333
 1.9475921865e-07 -5.4183028438e-11  9.4713991251e-06      0.0000000000  1.9554149044e-07  1.9516454668e-07    0.048625000000    0.018625000000
 1.9496167386e-07 -5.7231867528e-11  9.4717292498e-06      0.0000000000  1.9578796350e-07  1.9592874684e-07    0.048641666667    0.018641666667
 1.9509001130e-07 -6.5445873734e-11  9.4720591266e-06      0.0000000000  1.9603489131e-07  1.9599250094e-07    0.048658333333    0.018658333333
 1.9505329604e-07 -8.5060541076e-11  9.4723991315e-06      0.0000000000  1.9628136438e-07  1.9615642208e-07    0.048675000000    0.018675000000
 1.9527041772e-07 -8.7125024113e-11  9.4727292423e-06      0.0000000000  1.9652829219e-07  1.9584802834e-07    0.048691666667    0.018691666667
 1.9536065590e-07 -9.7946428329e-11  9.4730591295e-06      0.0000000000  1.9677476525e-07  1.9680375807e-07    0.048708333333    0.018708333333
 1.9549615180e-07 -1.0566461300e-10  9.4733991275e-06      0.0000000000  1.9702169306e-07  1.9687777885e-07    0.048725000000    0.018725000000
 1.9585941886e-07 -9.7575030099e-11  9.4737292452e-06      0.0000000000  1.9726816613e-07  1.9694994440e-07    0.048741666667    0.018741666667
 1.9631594639e-07 -8.3057380809e-11  9.4740591325e-06      0.0000000000  1.9751509394e-07  1.9731875910e-07    0.048758333333    0.018758333333
 1.9642646436e-07 -9.2505629531e-11  9.4743991235e-06      0.0000000000  1.9776202175e-07  1.9739983922e-07    0.048775000000    0.018775000000
 1.9672110642e-07 -8.9169267369e-11  9.4747292482e-06      0.0000000000  1.9800849482e-07  1.9853315281e-07    0.048791666667    0.018791666667
 1.9718729034e-07 -7.3982780888e-11  9.4750591250e-06      0.0000000000  1.9825542263e-07  1.9830447134e-07    0.048808333333    0.018808333333
 1.9758647161e-07 -6.3437144723e-11  9.4753991299e-06      0.0000000000  1.9850235044e-07  1.9924971427e-07    0.048825000000    0.018825000000
 1.9804399014e-07 -4.8850855464e-11  9.4757292442e-06      0.0000000000  1.9874927825e-07  1.9941014505e-07    0.048841666667    0.018841666667
 1.9827416622e-07 -4.9979644543e-11  9.4760591279e-06      0.0000000000  1.9899575131e-07  1.9871191583e-07    0.048858333333    0.018858333333
 1.9864682415e-07 -4.1271113029e-11  9.4763991294e-06      0.0000000000  1.9924267913e-07  1.9991101170e-07    0.048875000000    0.018875000000
 1.9872537591e-07 -5.2933458804e-11  9.4767292401e-06      0.0000000000  1.9948960694e-07  1.9948130437e-07    0.048891666667    0.018891666667
 1.9902184799e-07 -4.9501840092e-11  9.4770591309e-06      0.0000000000  1.9973653475e-07  1.9973827032e-07    0.048908333333    0.018908333333
 1.9933270486e-07 -4.5073877706e-11  9.4773991218e-06      0.0000000000  1.9998346256e-07  1.9933796377e-07    0.048925000000    0.018925000000
 1.9950844869e-07 -5.0004343191e-11  9.4777292466e-06      0.0000000000  2.0023039037e-07  2.0015771097e-07    0.048941666667    0.018941666667
 1.9986480690e-07 -4.2424790201e-11  9.4780591269e-06      0.0000000000  2.0047731818e-07  2.0002834754e-07    0.048958333333    0.018958333333
 1.9981567180e-07 -6.2931198972e-11  9.4783991283e-06      0.0000000000  2.0072424600e-07  2.0013772787e-07    0.048975000000    0.018975000000
 2.0006771743e-07 -6.2576719907e-11  9.4787292461e-06      0.0000000000  2.0097117381e-07  2.0131006431e-07    0.048991666667    0.018991666667
 2.0006194297e-07 -8.0079810772e-11  9.4790591263e-06      0.0000000000  2.0121810162e-07  2.0101497167e-07    0.049008333333    0.019008333333
 2.0033926452e-07 -7.8006126391e-11  9.4793991313e-06      0.0000000000  2.0146548418e-07  2.0111553177e-07    0.049025000000    0.019025000000
 2.0039761831e-07 -9.1067458012e-11  9.4797292420e-06      0.0000000000  2.0171241199e-07  2.0243987181e-07    0.049041666667    0.019041666667
 2.0060768145e-07 -9.3620841215e-11  9.4800591293e-06      0.0000000000  2.0195933980e-07  2.0273348655e-07    0.049058333333    0.019058333333
 2.0085390455e-07 -9.3669652045e-11  9.4803991237e-06      0.0000000000  2.0220626761e-07  2.0226441047e-07    0.049075000000    0.019075000000
 2.0109633073e-07 -9.4012949588e-11  9.4807292450e-06      0.0000000000  2.0245365017e-07  2.0314992422e-07    0.049091666667    0.019091666667
 2.0146036574e-07 -8.5901672789e-11  9.4810591288e-06      0.0000000000  2.0270057798e-07  2.0248403587e-07    0.049108333333    0.019108333333
 2.0205138805e-07 -6.2068419272e-11  9.4813991267e-06      0.0000000000  2.0294750579e-07  2.0331099961e-07    0.049125000000    0.019125000000
 2.0230092780e-07 -6.1919004344e-11  9.4817292514e-06      0.0000000000  2.0319488835e-07  2.0341424823e-07    0.049141666667    0.019141666667
 2.0273149575e-07 -4.9199411352e-11  9.4820591212e-06      0.0000000000  2.0344181616e-07  2.0419192244e-07    0.049158333333    0.019158333333
 2.0296710145e-07 -5.0015119924e-11  9.4823991297e-06      0.0000000000  2.0368919872e-07  2.0406312501e-07    0.049175000000    0.019175000000
 2.0328691922e-07 -4.4966492318e-11  9.4827292439e-06      0.0000000000  2.0393612653e-07  2.0439038556e-07    0.049191666667    0.019191666667
 2.0351613890e-07 -4.6224520629e-11  9.4830591277e-06      0.0000000000  2.0418350909e-07  2.0414786844e-07    0.049208333333    0.019208333333
 2.0346056621e-07 -6.7176820860e-11  9.4833991256e-06      0.0000000000  2.0443043691e-07  2.0421119803e-07    0.049225000000    0.019225000000
 2.0366460809e-07 -7.0178755954e-11  9.4837292434e-06      0.0000000000  2.0467781946e-07  2.0386944148e-07    0.049241666667    0.019241666667
 2.0389604401e-07 -7.1251780988e-11  9.4840591307e-06      0.0000000000  2.0492474728e-07  2.0436912896e-07    0.049258333333    0.019258333333
 2.0393079594e-07 -8.5979362360e-11  9.4843991216e-06      0.0000000000  2.0517212983e-07  2.0528432649e-07    0.049275000000    0.019275000000
 2.0420672999e-07 -8.4001781339e-11  9.4847292498e-06      0.0000000000  2.0541951239e-07  2.0461886264e-07    0.049291666667    0.019291666667
 2.0450166180e-07 -8.0708344895e-11  9.4850591231e-06      0.0000000000  2.0566689495e-07  2.0548455052e-07    0.049308333333    0.019308333333
 2.0461063489e-07 -9.0263597204e-11  9.4853991281e-06      0.0000000000  2.0591382276e-07  2.0517939558e-07    0.049325000000    0.019325000000
 2.0502299814e-07 -7.8836426143e-11  9.4857292458e-06      0.0000000000  2.0616120532e-07  2.0581621332e-07    0.049341666667    0.019341666667
 2.0499455190e-07 -9.7941346232e-11  9.4860591261e-06      0.0000000000  2.0640858788e-07  2.0602852783e-07    0.049358333333    0.019358333333
 2.0552731851e-07 -7.8174594669e-11  9.4863991310e-06      0.0000000000  2.0665597044e-07  2.0665281487e-07    0.049375000000    0.019375000000
 2.0569033656e-07 -8.4017991327e-11  9.4867292418e-06      0.0000000000  2.0690335300e-07  2.0693661886e-07    0.049391666667    0.019391666667
 2.0574462998e-07 -9.7392056900e-11  9.4870591325e-06      0.0000000000  2.0715073556e-07  2.0683877873e-07    0.049408333333    0.019408333333
 2.0628872664e-07 -7.6840544508e-11  9.4873991200e-06      0.0000000000  2.0739811812e-07  2.0693746787e-07    0.049425000000    0.019425000000
 2.0631909751e-07 -9.1871574137e-11  9.4877292482e-06      0.0000000000  2.0764550068e-07  2.0831556260e-07    0.049441666667    0.019441666667
 2.0663118564e-07 -8.7389827882e-11  9.4880591250e-06      0.0000000000  2.0789288324e-07  2.0780777811e-07    0.049458333333    0.019458333333
 2.0693193998e-07 -8.3693101544e-11  9.4883991299e-06      0.0000000000  2.0814026579e-07  2.0802814246e-07    0.049475000000    0.019475000000
 2.0708356359e-07 -9.0325719055e-11  9.4887292477e-06      0.0000000000  2.0838764835e-07  2.0791649811e-07    0.049491666667    0.019491666667
 2.0735422551e-07 -8.8713304893e-11  9.4890591210e-06      0.0000000000  2.0863503091e-07  2.0792501962e-07    0.049508333333    0.019508333333
 2.0767403533e-07 -8.3696725766e-11  9.4893991329e-06      0.0000000000  2.0888241347e-07  2.0814021132e-07    0.049525000000    0.019525000000
 2.0768906862e-07 -9.9790092633e-11  9.4897292402e-06      0.0000000000  2.0912979603e-07  2.0925799122e-07    0.049541666667    0.019541666667
 2.0842020262e-07 -6.6315181444e-11  9.4900591309e-06      0.0000000000  2.0937763334e-07  2.0961693229e-07    0.049558333333    0.019558333333
 2.0868361871e-07 -6.5204640384e-11  9.4903991254e-06      0.0000000000  2.0962501589e-07  2.1053209838e-07    0.049575000000    0.019575000000
 2.0898559302e-07 -6.1423414154e-11  9.4907292466e-06      0.0000000000  2.0987239845e-07  2.0896942336e-07    0.049591666667    0.019591666667
 2.0931416609e-07 -5.5831357778e-11  9.4910591269e-06      0.0000000000  2.1012023576e-07  2.0981009699e-07    0.049608333333    0.019608333333
 2.0958041488e-07 -5.4524612631e-11  9.4913991248e-06      0.0000000000  2.1036761832e-07  2.1047485333e-07    0.049625000000    0.019625000000
 2.0981864062e-07 -5.5158848152e-11  9.4917292496e-06      0.0000000000  2.1061500088e-07  2.1081315097e-07    0.049641666667    0.019641666667
 2.0993131196e-07 -6.4520940957e-11  9.4920591194e-06      0.0000000000  2.1086283818e-07  2.1033292775e-07    0.049658333333    0.019658333333
 2.1001112705e-07 -7.6127282103e-11  9.4923991313e-06      0.0000000000  2.1111022074e-07  2.1187933015e-07    0.049675000000    0.019675000000
 2.1019468593e-07 -8.0579442584e-11  9.4927292421e-06      0.0000000000  2.1135805805e-07  2.1098911542e-07    0.049691666667    0.019691666667
 2.1055824274e-07 -7.2532785401e-11  9.4930591293e-06      0.0000000000  2.1160544061e-07  2.1194105607e-07    0.049708333333    0.019708333333
 2.1059679760e-07 -8.7028459499e-11  9.4933991273e-06      0.0000000000  2.1185327791e-07  2.1111766129e-07    0.049725000000    0.019725000000
 2.1063229103e-07 -1.0173617910e-10  9.4937292450e-06      0.0000000000  2.1210111522e-07  2.1133208259e-07    0.049741666667    0.019741666667
 2.1115936363e-07 -8.2363815889e-11  9.4940591288e-06      0.0000000000  2.1234849778e-07  2.1299031801e-07    0.049758333333    0.019758333333
 2.1140932987e-07 -8.2216358151e-11  9.4943991232e-06      0.0000000000  2.1259633509e-07  2.1338703987e-07    0.049775000000    0.019775000000
 2.1164089737e-07 -8.3343264648e-11  9.4947292480e-06      0.0000000000  2.1284417239e-07  2.1368153506e-07    0.049791666667    0.019791666667
 2.1237489128e-07 -4.9638768438e-11  9.4950591248e-06      0.0000000000  2.1309155495e-07  2.1309528036e-07    0.049808333333    0.019808333333
 2.1223808517e-07 -7.6280589594e-11  9.4953991297e-06      0.0000000000  2.1333939226e-07  2.1308812670e-07    0.049825000000    0.019825000000
 2.1284348544e-07 -5.1514460145e-11  9.4957292440e-06      0.0000000000  2.1358722956e-07  2.1372643806e-07    0.049841666667    0.019841666667
 2.1318118400e-07 -4.5290338651e-11  9.4960591242e-06      0.0000000000  2.1383506687e-07  2.1366475932e-07    0.049858333333    0.019858333333
 2.1328179721e-07 -5.5487622026e-11  9.4963991292e-06      0.0000000000  2.1408290418e-07  2.1414084756e-07    0.049875000000    0.019875000000
 2.1352395466e-07 -5.5881030224e-11  9.4967292434e-06      0.0000000000  2.1433074148e-07  2.1390438353e-07    0.049891666667    0.019891666667
 2.1376402184e-07 -5.6387720134e-11  9.4970591342e-06      0.0000000000  2.1457812404e-07  2.1461603962e-07    0.049908333333    0.019908333333
 2.1420248180e-07 -4.3184492317e-11  9.4973991216e-06      0.0000000000  2.1482596135e-07  2.1573221585e-07    0.049925000000    0.019925000000
 2.1451368266e-07 -3.8795698865e-11  9.4977292464e-06      0.0000000000  2.1507379865e-07  2.1467826865e-07    0.049941666667    0.019941666667
 2.1469720473e-07 -4.3281906508e-11  9.4980591267e-06      0.0000000000  2.1532209071e-07  2.1590591629e-07    0.049958333333    0.019958333333
 2.1476228240e-07 -5.5940512969e-11  9.4983991246e-06      0.0000000000  2.1556992801e-07  2.1455879458e-07    0.049975000000    0.019975000000
 2.1513797222e-07 -4.7084976732e-11  9.4987292459e-06      0.0000000000  2.1581776532e-07  2.1563374683e-07    0.049991666667    0.019991666667
 2.1499698491e-07 -7.4016403410e-11  9.4990591226e-06      0.0000000000  2.1606560263e-07  2.1574289132e-07    0.050008333333    0.020008333333
 2.1524463384e-07 -7.4029451053e-11  9.4993991310e-06      0.0000000000  2.1631343993e-07  2.1657337688e-07    0.050025000000    0.020025000000
 2.1539709888e-07 -8.0635285427e-11  9.4997292418e-06      0.0000000000  2.1656127724e-07  2.1674846088e-07    0.050041666667    0.020041666667
 2.1546279622e-07 -9.3282469003e-11  9.5000591291e-06      0.0000000000  2.1680956929e-07  2.1736510686e-07    0.050058333333    0.020058333333
 2.1614150848e-07 -6.3438480813e-11  9.5003991235e-06      0.0000000000  2.1705740660e-07  2.1817089261e-07    0.050075000000    0.020075000000
 2.1624792846e-07 -7.3233566168e-11  9.5007292448e-06      0.0000000000  2.1730524390e-07  2.1721689234e-07    0.050091666667    0.020091666667
 2.1677914658e-07 -5.3637063858e-11  9.5010591286e-06      0.0000000000  2.1755353596e-07  2.1875724164e-07    0.050108333333    0.020108333333
 2.1682928905e-07 -6.7330137028e-11  9.5013991230e-06      0.0000000000  2.1780137326e-07  2.1873420840e-07    0.050125000000    0.020125000000
 2.1696277931e-07 -7.5250235280e-11  9.5017292477e-06      0.0000000000  2.1804921057e-07  2.1758775094e-07    0.050141666667    0.020141666667
 2.1731551438e-07 -6.8016126467e-11  9.5020591210e-06      0.0000000000  2.1829750262e-07  2.1839301786e-07    0.050158333333    0.020158333333
 2.1730205309e-07 -8.6114630959e-11  9.5023991294e-06      0.0000000000  2.1854533993e-07  2.1917775140e-07    0.050175000000    0.020175000000
 2.1744853589e-07 -9.3166315300e-11  9.5027292402e-06      0.0000000000  2.1879363198e-07  2.1898911474e-07    0.050191666667    0.020191666667
 2.1775634775e-07 -8.9012256110e-11  9.5030591275e-06      0.0000000000  2.1904146929e-07  2.1955945842e-07    0.050208333333    0.020208333333
 2.1798694142e-07 -9.0238111461e-11  9.5033991254e-06      0.0000000000  2.1928976134e-07  2.1905165821e-07    0.050225000000    0.020225000000
 2.1818408841e-07 -9.3780607427e-11  9.5037292432e-06      0.0000000000  2.1953805340e-07  2.1883928082e-07    0.050241666667    0.020241666667
 2.1842604333e-07 -9.4188043420e-11  9.5040591304e-06      0.0000000000  2.1978589070e-07  2.1756163613e-07    0.050258333333    0.020258333333
 2.1887500137e-07 -8.0289176768e-11  9.5043991214e-06      0.0000000000  2.2003418276e-07  2.2047813059e-07    0.050275000000    0.020275000000
 2.1913386899e-07 -7.9556674010e-11  9.5047292496e-06      0.0000000000  2.2028247481e-07  2.2141148742e-07    0.050291666667    0.020291666667
 2.1932981091e-07 -8.3151140225e-11  9.5050591229e-06      0.0000000000  2.2053031212e-07  2.1981249379e-07    0.050308333333    0.020308333333
 2.1964151895e-07 -7.8758715052e-11  9.5053991278e-06      0.0000000000  2.2077860417e-07  2.2059191318e-07    0.050325000000    0.020325000000
 2.1974602834e-07 -8.8717632446e-11  9.5057292421e-06      0.0000000000  2.2102689622e-07  2.2117543218e-07    0.050341666667    0.020341666667
 2.2031334550e-07 -6.6620777206e-11  9.5060591259e-06      0.0000000000  2.2127518828e-07  2.2375510690e-07    0.050358333333    0.020358333333
 2.2040411402e-07 -7.7531438023e-11  9.5063991273e-06      0.0000000000  2.2152348033e-07  2.2112251078e-07    0.050375000000    0.020375000000
 2.2047027145e-07 -9.0146753702e-11  9.5067292416e-06      0.0000000000  2.2177177238e-07  2.2230693769e-07    0.050391666667    0.020391666667
 2.2084573128e-07 -8.1338644702e-11  9.5070591288e-06      0.0000000000  2.2202006444e-07  2.2279230212e-07    0.050408333333    0.020408333333
 2.2121692280e-07 -7.2826174287e-11  9.5073991198e-06      0.0000000000  2.2226835649e-07  2.2237268853e-07    0.050425000000    0.020425000000
 2.2150176630e-07 -7.0294486345e-11  9.5077292480e-06      0.0000000000  2.2251664854e-07  2.2235938743e-07    0.050441666667    0.020441666667
 2.2157871353e-07 -8.2162460990e-11  9.5080591248e-06      0.0000000000  2.2276494060e-07  2.2229594778e-07    0.050458333333    0.020458333333
 2.2184123786e-07 -8.1176680630e-11  9.5083991262e-06      0.0000000000  2.2301323265e-07  2.2196453653e-07    0.050475000000    0.020475000000
 2.2223558538e-07 -7.1060340814e-11  9.5087292440e-06      0.0000000000  2.2326152471e-07  2.2124105724e-07    0.050491666667    0.020491666667
 2.2251254954e-07 -6.9074404477e-11  9.5090591243e-06      0.0000000000  2.2350981676e-07  2.2249875027e-07    0.050508333333    0.020508333333
 2.2266634717e-07 -7.5650934372e-11  9.5093991292e-06      0.0000000000  2.2375856356e-07  2.2269623861e-07    0.050525000000    0.020525000000
 2.2295891584e-07 -7.2584172975e-11  9.5097292435e-06      0.0000000000  2.2400685561e-07  2.2297765281e-07    0.050541666667    0.020541666667
 2.2312521720e-07 -7.8263150455e-11  9.5100591272e-06      0.0000000000  2.2425514767e-07  2.2554556722e-07    0.050558333333    0.020558333333
 2.2357211524e-07 -6.4506967590e-11  9.5103991217e-06      0.0000000000  2.2450343972e-07  2.2400105150e-07    0.050575000000    0.020575000000
 2.2348963256e-07 -8.7449142790e-11  9.5107292464e-06      0.0000000000  2.2475218652e-07  2.2519205035e-07    0.050591666667    0.020591666667
 2.2411178228e-07 -6.1554381955e-11  9.5110591267e-06      0.0000000000  2.2500047858e-07  2.2543538504e-07    0.050608333333    0.020608333333
 2.2415980496e-07 -7.5425777618e-11  9.5113991246e-06      0.0000000000  2.2524877063e-07  2.2669955568e-07    0.050625000000    0.020625000000
 2.2450680841e-07 -6.8620159838e-11  9.5117292494e-06      0.0000000000  2.2549751743e-07  2.2582144715e-07    0.050641666667    0.020641666667
 2.2488281544e-07 -5.9774149878e-11  9.5120591227e-06      0.0000000000  2.2574580948e-07  2.2586465215e-07    0.050658333333    0.020658333333
 2.2472168451e-07 -8.8163792196e-11  9.5123991276e-06      0.0000000000  2.2599455628e-07  2.2726820135e-07    0.050675000000    0.020675000000
 2.2482740105e-07 -9.8039098001e-11  9.5127292419e-06      0.0000000000  2.2624284834e-07  2.2649775942e-07    0.050691666667    0.020691666667
 2.2513259889e-07 -9.4129091299e-11  9.5130591256e-06      0.0000000000  2.2649159514e-07  2.2684847770e-07    0.050708333333    0.020708333333
 2.2517103443e-07 -1.0869602430e-10  9.5133991236e-06      0.0000000000  2.2674034194e-07  2.2591765216e-07    0.050725000000    0.020725000000
 2.2548360789e-07 -1.0424365713e-10  9.5137292448e-06      0.0000000000  2.2698863399e-07  2.2615491803e-07    0.050741666667    0.020741666667
 2.2598314148e-07 -8.6873239497e-11  9.5140591286e-06      0.0000000000  2.2723738079e-07  2.2581000129e-07    0.050758333333    0.020758333333
 2.2625281659e-07 -8.5423667576e-11  9.5143991230e-06      0.0000000000  2.2748612760e-07  2.2715177740e-07    0.050775000000    0.020775000000
 2.2663119864e-07 -7.6413154869e-11  9.5147292513e-06      0.0000000000  2.2773441965e-07  2.2922536565e-07    0.050791666667    0.020791666667
 2.2709247672e-07 -6.1692454733e-11  9.5150591211e-06      0.0000000000  2.2798316645e-07  2.2906930569e-07    0.050808333333    0.020808333333
 2.2740773012e-07 -5.7085962386e-11  9.5153991260e-06      0.0000000000  2.2823191325e-07  2.2699576460e-07    0.050825000000    0.020825000000
 2.2786707003e-07 -4.2499507151e-11  9.5157292438e-06      0.0000000000  2.2848066005e-07  2.2773413295e-07    0.050841666667    0.020841666667
 2.2801686360e-07 -4.9353372874e-11  9.5160591240e-06      0.0000000000  2.2872940685e-07  2.2886114188e-07    0.050858333333    0.020858333333
 2.2833057186e-07 -4.4853902620e-11  9.5163991289e-06      0.0000000000  2.2897815365e-07  2.3008474887e-07    0.050875000000    0.020875000000
 2.2832975049e-07 -6.2139914843e-11  9.5167292432e-06      0.0000000000  2.2922690045e-07  2.2923467328e-07    0.050891666667    0.020891666667
 2.2858460609e-07 -6.1716796391e-11  9.5170591270e-06      0.0000000000  2.2947564726e-07  2.3075208368e-07    0.050908333333    0.020908333333
 2.2858930853e-07 -7.8620208793e-11  9.5173991214e-06      0.0000000000  2.2972439406e-07  2.3016504287e-07    0.050925000000    0.020925000000
 2.2863839467e-07 -9.2449442561e-11  9.5177292497e-06      0.0000000000  2.2997314086e-07  2.3177672444e-07    0.050941666667    0.020941666667
 2.2861957079e-07 -1.1098237413e-10  9.5180591230e-06      0.0000000000  2.3022188766e-07  2.3017999482e-07    0.050958333333    0.020958333333
 2.2886787285e-07 -1.1101317889e-10  9.5183991279e-06      0.0000000000  2.3047063446e-07  2.3048670627e-07    0.050975000000    0.020975000000
 2.2889532863e-07 -1.2634061093e-10  9.5187292456e-06      0.0000000000  2.3071938126e-07  2.2981542515e-07    0.050991666667    0.020991666667
 2.2908482639e-07 -1.3044441784e-10  9.5190591224e-06      0.0000000000  2.3096812806e-07  2.2979649545e-07    0.051008333333    0.021008333333
 2.2979483487e-07 -9.8495733044e-11  9.5193991273e-06      0.0000000000  2.3121687486e-07  2.3103780580e-07    0.051025000000    0.021025000000
 2.2990648334e-07 -1.0802316644e-10  9.5197292416e-06      0.0000000000  2.3146607641e-07  2.3035875785e-07    0.051041666667    0.021041666667
 2.3045592471e-07 -8.7195951845e-11  9.5200591289e-06      0.0000000000  2.3171482321e-07  2.3034566114e-07    0.051058333333    0.021058333333
 2.3091203327e-07 -7.2833312138e-11  9.5203991233e-06      0.0000000000  2.3196357001e-07  2.3255318802e-07    0.051075000000    0.021075000000
 2.3096031951e-07 -8.6749447140e-11  9.5207292481e-06      0.0000000000  2.3221277156e-07  2.3139838200e-07    0.051091666667    0.021091666667
 2.3136840662e-07 -7.5712949721e-11  9.5210591249e-06      0.0000000000  2.3246151836e-07  2.3196778234e-07    0.051108333333    0.021108333333
 2.3171578847e-07 -6.8912620269e-11  9.5213991263e-06      0.0000000000  2.3271071991e-07  2.3065073746e-07    0.051125000000    0.021125000000
 2.3161989943e-07 -9.2783368970e-11  9.5217292475e-06      0.0000000000  2.3295946671e-07  2.3267038236e-07    0.051141666667    0.021141666667
 2.3203806162e-07 -8.1049034943e-11  9.5220591208e-06      0.0000000000  2.3320821351e-07  2.3304240442e-07    0.051158333333    0.021158333333
 2.3217789426e-07 -8.8624328360e-11  9.5223991292e-06      0.0000000000  2.3345741506e-07  2.3321511435e-07    0.051175000000    0.021175000000
 2.3235462725e-07 -9.3643768369e-11  9.5227292400e-06      0.0000000000  2.3370661661e-07  2.3610961324e-07    0.051191666667    0.021191666667
 2.3301228506e-07 -6.5321083890e-11  9.5230591273e-06      0.0000000000  2.3395536341e-07  2.3436905564e-07    0.051208333333    0.021208333333
 2.3286989226e-07 -9.2444352226e-11  9.5233991252e-06      0.0000000000  2.3420456496e-07  2.3346472225e-07    0.051225000000    0.021225000000
 2.3332994048e-07 -7.7808836716e-11  9.5237292465e-06      0.0000000000  2.3445331176e-07  2.3501200510e-07    0.051241666667    0.021241666667
 2.3356136790e-07 -7.9039938903e-11  9.5240591232e-06      0.0000000000  2.3470251331e-07  2.3467325152e-07    0.051258333333    0.021258333333
 2.3394763287e-07 -6.9546420585e-11  9.5243991247e-06      0.0000000000  2.3495171485e-07  2.3470320258e-07    0.051275000000    0.021275000000
 2.3410506910e-07 -7.5902424598e-11  9.5247292494e-06      0.0000000000  2.3520091640e-07  2.3606480457e-07    0.051291666667    0.021291666667
 2.3458683505e-07 -5.9762659249e-11  9.5250591192e-06      0.0000000000  2.3544966320e-07  2.3791897181e-07    0.051308333333    0.021308333333
 2.3474829806e-07 -6.5839754396e-11  9.5253991276e-06      0.0000000000  2.3569886475e-07  2.3478087095e-07    0.051325000000    0.021325000000
 2.3492105584e-07 -7.1134531550e-11  9.5257292419e-06      0.0000000000  2.3594806630e-07  2.3631956940e-07    0.051341666667    0.021341666667
 2.3501199815e-07 -8.2096149832e-11  9.5260591257e-06      0.0000000000  2.3619726785e-07  2.3765104738e-07    0.051358333333    0.021358333333
 2.3508719729e-07 -9.4148197957e-11  9.5263991236e-06      0.0000000000  2.3644646940e-07  2.3487427738e-07    0.051375000000    0.021375000000
 2.3526335075e-07 -9.9207778192e-11  9.5267292449e-06      0.0000000000  2.3669567095e-07  2.3675973209e-07    0.051391666667    0.021391666667
 2.3560865976e-07 -9.2551020830e-11  9.5270591251e-06      0.0000000000  2.3694487249e-07  2.3687532275e-07    0.051408333333    0.021408333333
 2.3549433518e-07 -1.1773018093e-10  9.5273991231e-06      0.0000000000  2.3719407404e-07  2.3845147182e-07    0.051425000000    0.021425000000
 2.3608718000e-07 -9.3928180700e-11  9.5277292478e-06      0.0000000000  2.3744327559e-07  2.3743409478e-07    0.051441666667    0.021441666667
 2.3631089828e-07 -9.5693245961e-11  9.5280591246e-06      0.0000000000  2.3769247714e-07  2.3815529434e-07    0.051458333333    0.021458333333
 2.3659364636e-07 -9.3369689725e-11  9.5283991260e-06      0.0000000000  2.3794167869e-07  2.3899090537e-07    0.051475000000    0.021475000000
 2.3712569267e-07 -7.3810316172e-11  9.5287292438e-06      0.0000000000  2.3819133498e-07  2.3638881059e-07    0.051491666667    0.021491666667
 2.3737100924e-07 -7.4079403923e-11  9.5290591241e-06      0.0000000000  2.3844053653e-07  2.3858713991e-07    0.051508333333    0.021508333333
 2.3791254969e-07 -5.3830933230e-11  9.5293991255e-06      0.0000000000  2.3868973808e-07  2.3890806435e-07    0.051525000000    0.021525000000
 2.3827483120e-07 -4.5998598411e-11  9.5297292433e-06      0.0000000000  2.3893893963e-07  2.3861044042e-07    0.051541666667    0.021541666667
 2.3855291987e-07 -4.4029267314e-11  9.5300591270e-06      0.0000000000  2.3918859592e-07  2.4017654291e-07    0.051558333333    0.021558333333
 2.3895746789e-07 -3.3269398001e-11  9.5303991215e-06      0.0000000000  2.3943779747e-07  2.4064024195e-07    0.051575000000    0.021575000000
 2.3916067559e-07 -3.6455101512e-11  9.5307292462e-06      0.0000000000  2.3968699902e-07  2.4180792457e-07    0.051591666667    0.021591666667
 2.3916394229e-07 -5.3520953497e-11  9.5310591230e-06      0.0000000000  2.3993665532e-07  2.3791112636e-07    0.051608333333    0.021608333333
 2.3914592431e-07 -7.2029563275e-11  9.5313991244e-06      0.0000000000  2.4018585686e-07  2.4079545291e-07    0.051625000000    0.021625000000
 2.3970853329e-07 -5.0353306410e-11  9.5317292457e-06      0.0000000000  2.4043551316e-07  2.4160938283e-07    0.051641666667    0.021641666667
 2.3971161824e-07 -6.7400249409e-11  9.5320591225e-06      0.0000000000  2.4068471471e-07  2.4115591904e-07    0.051658333333    0.021658333333
 2.4002443449e-07 -6.3025558361e-11  9.5323991274e-06      0.0000000000  2.4093437100e-07  2.4100080242e-07    0.051675000000    0.021675000000
 2.4032269381e-07 -5.9627635774e-11  9.5327292417e-06      0.0000000000  2.4118357255e-07  2.4178559884e-07    0.051691666667    0.021691666667
 2.4022060857e-07 -8.3990551299e-11  9.5330591289e-06      0.0000000000  2.4143322885e-07  2.4137197547e-07    0.051708333333    0.021708333333
 2.4057648802e-07 -7.6601646599e-11  9.5333991199e-06      0.0000000000  2.4168243040e-07  2.4088356091e-07    0.051725000000    0.021725000000
 2.4078409421e-07 -7.9514192232e-11  9.5337292446e-06      0.0000000000  2.4193208669e-07  2.3958632619e-07    0.051741666667    0.021741666667
 2.4105972076e-07 -7.7715396944e-11  9.5340591249e-06      0.0000000000  2.4218174299e-07  2.4175613517e-07    0.051758333333    0.021758333333
 2.4138026217e-07 -7.2805632442e-11  9.5343991228e-06      0.0000000000  2.4243139928e-07  2.4064027339e-07    0.051775000000    0.021775000000
 2.4154289678e-07 -7.8801577342e-11  9.5347292511e-06      0.0000000000  2.4268060083e-07  2.4349945991e-07    0.051791666667    0.021791666667
 2.4186664443e-07 -7.3669736907e-11  9.5350591209e-06      0.0000000000  2.4293025713e-07  2.4372903755e-07    0.051808333333    0.021808333333
 2.4219671372e-07 -6.8100036757e-11  9.5353991293e-06      0.0000000000  2.4317991342e-07  2.4369026625e-07    0.051825000000    0.021825000000
 2.4240749034e-07 -7.0792986304e-11  9.5357292401e-06      0.0000000000  2.4342956972e-07  2.4376912952e-07    0.051841666667    0.021841666667
 2.4279711097e-07 -6.1098540305e-11  9.5360591273e-06      0.0000000000  2.4367922601e-07  2.4198711210e-07    0.051858333333    0.021858333333
 2.4319438917e-07 -5.0873702953e-11  9.5363991218e-06      0.0000000000  2.4392888231e-07  2.4324945895e-07    0.051875000000    0.021875000000
 2.4329260383e-07 -6.1363109295e-11  9.5367292430e-06      0.0000000000  2.4417853860e-07  2.4320913114e-07    0.051891666667    0.021891666667
 2.4350483582e-07 -6.3955254875e-11  9.5370591268e-06      0.0000000000  2.4442819490e-07  2.4508557694e-07    0.051908333333    0.021908333333
 2.4369559482e-07 -6.8034698497e-11  9.5373991212e-06      0.0000000000  2.4467785120e-07  2.4640078230e-07    0.051925000000    0.021925000000
 2.4373777003e-07 -8.2405603516e-11  9.5377292495e-06      0.0000000000  2.4492750749e-07  2.4587834460e-07    0.051941666667    0.021941666667
 2.4399136357e-07 -8.2132895534e-11  9.5380591193e-06      0.0000000000  2.4517716379e-07  2.4489703462e-07    0.051958333333    0.021958333333
 2.4413680185e-07 -8.9351419483e-11  9.5383991277e-06      0.0000000000  2.4542682008e-07  2.4414948442e-07    0.051975000000    0.021975000000
 2.4411672526e-07 -1.0803411381e-10  9.5387292419e-06      0.0000000000  2.4567647638e-07  2.4570593339e-07    0.051991666667    0.021991666667
 2.4432899418e-07 -1.1065519880e-10  9.5390591257e-06      0.0000000000  2.4592658742e-07  2.4470830362e-07    0.052008333333    0.022008333333
 2.4484111932e-07 -9.2475638539e-11  9.5393991236e-06      0.0000000000  2.4617624372e-07  2.4621376504e-07    0.052025000000    0.022025000000
 2.4498943494e-07 -9.9494867845e-11  9.5397292449e-06      0.0000000000  2.4642590001e-07  2.4788442111e-07    0.052041666667    0.022041666667
 2.4551567822e-07 -8.0337433224e-11  9.5400591287e-06      0.0000000000  2.4667555631e-07  2.4549188943e-07    0.052058333333    0.022058333333
 2.4616473628e-07 -5.2704891783e-11  9.5403991196e-06      0.0000000000  2.4692566735e-07  2.4621472410e-07    0.052075000000    0.022075000000
 2.4623533373e-07 -6.5107167681e-11  9.5407292479e-06      0.0000000000  2.4717532365e-07  2.4691796874e-07    0.052091666667    0.022091666667
 2.4690824674e-07 -3.5822344285e-11  9.5410591211e-06      0.0000000000  2.4742543469e-07  2.4737298905e-07    0.052108333333    0.022108333333
 2.4695351544e-07 -4.9978983041e-11  9.5413991261e-06      0.0000000000  2.4767509099e-07  2.4733773955e-07    0.052125000000    0.022125000000
 2.4714744167e-07 -5.3839052655e-11  9.5417292473e-06      0.0000000000  2.4792474728e-07  2.4777763496e-07    0.052141666667    0.022141666667
 2.4736278457e-07 -5.6247222349e-11  9.5420591241e-06      0.0000000000  2.4817485832e-07  2.5086179247e-07    0.052158333333    0.022158333333
 2.4754653106e-07 -6.0843876339e-11  9.5423991255e-06      0.0000000000  2.4842496937e-07  2.4778194288e-07    0.052175000000    0.022175000000
 2.4786410803e-07 -5.6139439543e-11  9.5427292433e-06      0.0000000000  2.4867462566e-07  2.4953825427e-07    0.052191666667    0.022191666667
 2.4804026188e-07 -6.1261987849e-11  9.5430591271e-06      0.0000000000  2.4892473671e-07  2.5056017506e-07    0.052208333333    0.022208333333
 2.4865822150e-07 -3.5751941619e-11  9.5433991180e-06      0.0000000000  2.4917439300e-07  2.4903881835e-07    0.052225000000    0.022225000000
 2.4861798387e-07 -5.5862561204e-11  9.5437292463e-06      0.0000000000  2.4942450404e-07  2.4903633422e-07    0.052241666667    0.022241666667
 2.4865568029e-07 -7.0575181083e-11  9.5440591230e-06      0.0000000000  2.4967461509e-07  2.4932367575e-07    0.052258333333    0.022258333333
 2.4896277212e-07 -6.6628481397e-11  9.5443991245e-06      0.0000000000  2.4992472613e-07  2.4993892244e-07    0.052275000000    0.022275000000
 2.4891960046e-07 -8.6910825678e-11  9.5447292492e-06      0.0000000000  2.5017438243e-07  2.4960579745e-07    0.052291666667    0.022291666667
 2.4918251727e-07 -8.6023851184e-11  9.5450591190e-06      0.0000000000  2.5042449347e-07  2.5179246079e-07    0.052308333333    0.022308333333
 2.4935081369e-07 -9.1690633576e-11  9.5453991274e-06      0.0000000000  2.5067460451e-07  2.5168852039e-07    0.052325000000    0.022325000000
 2.4963918456e-07 -8.9040616756e-11  9.5457292417e-06      0.0000000000  2.5092471555e-07  2.5062655479e-07    0.052341666667    0.022341666667
 2.4984705960e-07 -9.1966038312e-11  9.5460591255e-06      0.0000000000  2.5117482660e-07  2.4959156873e-07    0.052358333333    0.022358333333
 2.5022573766e-07 -8.3061012255e-11  9.5463991234e-06      0.0000000000  2.5142493764e-07  2.5170524896e-07    0.052375000000    0.022375000000
 2.5069283311e-07 -6.8031872217e-11  9.5467292447e-06      0.0000000000  2.5167504868e-07  2.5172988587e-07    0.052391666667    0.022391666667
 2.5084352594e-07 -7.4917944014e-11  9.5470591249e-06      0.0000000000  2.5192515973e-07  2.5206217757e-07    0.052408333333    0.022408333333
 2.5123224675e-07 -6.5317320616e-11  9.5473991194e-06      0.0000000000  2.5217527077e-07  2.5277792147e-07    0.052425000000    0.022425000000
 2.5155414152e-07 -6.0345314852e-11  9.5477292511e-06      0.0000000000  2.5242538181e-07  2.5403358632e-07    0.052441666667    0.022441666667
 2.5182402709e-07 -5.8975658318e-11  9.5480591174e-06      0.0000000000  2.5267549286e-07  2.5186393456e-07    0.052458333333    0.022458333333
 2.5205232213e-07 -6.0486715268e-11  9.5483991293e-06      0.0000000000  2.5292560390e-07  2.5311548015e-07    0.052475000000    0.022475000000
 2.5229150956e-07 -6.1243324755e-11  9.5487292436e-06      0.0000000000  2.5317571494e-07  2.5455997033e-07    0.052491666667    0.022491666667
 2.5252075766e-07 -6.2688369635e-11  9.5490591239e-06      0.0000000000  2.5342582598e-07  2.5282810718e-07    0.052508333333    0.022508333333
 2.5257543465e-07 -7.6256350155e-11  9.5493991253e-06      0.0000000000  2.5367639177e-07  2.5347162265e-07    0.052525000000    0.022525000000
 2.5291879893e-07 -6.9797286932e-11  9.5497292430e-06      0.0000000000  2.5392650282e-07  2.5334997888e-07    0.052541666667    0.022541666667
 2.5277992751e-07 -9.6739646951e-11  9.5500591268e-06      0.0000000000  2.5417661386e-07  2.5358439900e-07    0.052558333333    0.022558333333
 2.5326129024e-07 -8.0753799313e-11  9.5503991178e-06      0.0000000000  2.5442717965e-07  2.5406576995e-07    0.052575000000    0.022575000000
 2.5319177752e-07 -1.0289212022e-10  9.5507292495e-06      0.0000000000  2.5467729069e-07  2.5343434497e-07    0.052591666667    0.022591666667
 2.5337102137e-07 -1.0780064284e-10  9.5510591193e-06      0.0000000000  2.5492740174e-07  2.5488800128e-07    0.052608333333    0.022608333333
 2.5363685244e-07 -1.0674331312e-10  9.5513991242e-06      0.0000000000  2.5517796753e-07  2.5340198839e-07    0.052625000000    0.022625000000
 2.5408637316e-07 -9.2931463804e-11  9.5517292455e-06      0.0000000000  2.5542807857e-07  2.5544774810e-07    0.052641666667    0.022641666667
 2.5444410493e-07 -8.5508753107e-11  9.5520591188e-06      0.0000000000  2.5567864436e-07  2.5641199934e-07    0.052658333333    0.022658333333
 2.5470716308e-07 -8.4611988766e-11  9.5523991272e-06      0.0000000000  2.5592875540e-07  2.5630972550e-07    0.052675000000    0.022675000000
 2.5492232676e-07 -8.7064069495e-11  9.5527292414e-06      0.0000000000  2.5617932119e-07  2.5590105466e-07    0.052691666667    0.022691666667
 2.5529161408e-07 -7.8840978629e-11  9.5530591287e-06      0.0000000000  2.5642988698e-07  2.5672932337e-07    0.052708333333    0.022708333333
 2.5533424811e-07 -9.3211601572e-11  9.5533991162e-06      0.0000000000  2.5667999803e-07  2.5596422703e-07    0.052725000000    0.022725000000
 2.5569289018e-07 -8.5725839816e-11  9.5537292479e-06      0.0000000000  2.5693056382e-07  2.5755293826e-07    0.052741666667    0.022741666667
 2.5585045992e-07 -9.2167089037e-11  9.5540591212e-06      0.0000000000  2.5718112961e-07  2.5768914091e-07    0.052758333333    0.022758333333
 2.5587893119e-07 -1.0751867690e-10  9.5543991226e-06      0.0000000000  2.5743124065e-07  2.5716025704e-07    0.052775000000    0.022775000000
 2.5652473979e-07 -8.0142702701e-11  9.5547292474e-06      0.0000000000  2.5768180644e-07  2.5810919472e-07    0.052791666667    0.022791666667
 2.5668226144e-07 -8.6587283061e-11  9.5550591172e-06      0.0000000000  2.5793237223e-07  2.5874332394e-07    0.052808333333    0.022808333333
 2.5675470634e-07 -9.8924592786e-11  9.5553991291e-06      0.0000000000  2.5818293802e-07  2.5764865587e-07    0.052825000000    0.022825000000
 2.5729794735e-07 -7.8652827691e-11  9.5557292398e-06      0.0000000000  2.5843350381e-07  2.5815048159e-07    0.052841666667    0.022841666667
 2.5744505133e-07 -8.5787476481e-11  9.5560591236e-06      0.0000000000  2.5868361486e-07  2.5800726677e-07    0.052858333333    0.022858333333
 2.5786049300e-07 -7.4367565546e-11  9.5563991215e-06      0.0000000000  2.5893418065e-07  2.5826637097e-07    0.052875000000    0.022875000000
 2.5809340829e-07 -7.5590104366e-11  9.5567292463e-06      0.0000000000  2.5918474644e-07  2.5955888899e-07    0.052891666667    0.022891666667
 2.5845498647e-07 -6.7900976574e-11  9.5570591231e-06      0.0000000000  2.5943531223e-07  2.6004598287e-07    0.052908333333    0.022908333333
 2.5889489094e-07 -5.4786681789e-11  9.5573991210e-06      0.0000000000  2.5968587802e-07  2.6079163067e-07    0.052925000000    0.022925000000
 2.5908139111e-07 -5.9224102853e-11  9.5577292493e-06      0.0000000000  2.5993644381e-07  2.6055147189e-07    0.052941666667    0.022941666667
 2.5963121005e-07 -3.8528223764e-11  9.5580591191e-06      0.0000000000  2.6018746434e-07  2.6164129748e-07    0.052958333333    0.022958333333
 2.5971498526e-07 -5.0080754154e-11  9.5583991275e-06      0.0000000000  2.6043803014e-07  2.5974273034e-07    0.052975000000    0.022975000000
 2.6000197671e-07 -4.7557778793e-11  9.5587292417e-06      0.0000000000  2.6068859593e-07  2.6093927918e-07    0.052991666667    0.022991666667
 2.6047865967e-07 -3.1896069485e-11  9.5590591220e-06      0.0000000000  2.6093916172e-07  2.6154874005e-07    0.053008333333    0.023008333333
 2.6060543803e-07 -4.0470043436e-11  9.5593991234e-06      0.0000000000  2.6118972751e-07  2.6192774283e-07    0.053025000000    0.023025000000
 2.6100363948e-07 -3.0244253299e-11  9.5597292447e-06      0.0000000000  2.6144029330e-07  2.6184576653e-07    0.053041666667    0.023041666667
 2.6110227754e-07 -4.0798825484e-11  9.5600591250e-06      0.0000000000  2.6169131383e-07  2.6204047202e-07    0.053058333333    0.023058333333
 2.6139875171e-07 -3.7619042045e-11  9.5603991194e-06      0.0000000000  2.6194187962e-07  2.6215331127e-07    0.053075000000    0.023075000000
 2.6168537310e-07 -3.5121697948e-11  9.5607292476e-06      0.0000000000  2.6219244541e-07  2.6134384649e-07    0.053091666667    0.023091666667
 2.6169370745e-07 -5.1931038788e-11  9.5610591209e-06      0.0000000000  2.6244346595e-07  2.6251123039e-07    0.053108333333    0.023108333333
 2.6182666610e-07 -6.0076942871e-11  9.5613991224e-06      0.0000000000  2.6269403174e-07  2.6217444210e-07    0.053125000000    0.023125000000
 2.6194868192e-07 -6.9012285403e-11  9.5617292436e-06      0.0000000000  2.6294505228e-07  2.6228401110e-07    0.053141666667    0.023141666667
 2.6225037397e-07 -6.5471091889e-11  9.5620591204e-06      0.0000000000  2.6319561807e-07  2.6280465646e-07    0.053158333333    0.023158333333
 2.6244172658e-07 -6.9603912824e-11  9.5623991253e-06      0.0000000000  2.6344663861e-07  2.6352744397e-07    0.053175000000    0.023175000000
 2.6280469814e-07 -6.1818274533e-11  9.5627292431e-06      0.0000000000  2.6369720440e-07  2.6371678813e-07    0.053191666667    0.023191666667
 2.6289170022e-07 -7.3178797292e-11  9.5630591269e-06      0.0000000000  2.6394822494e-07  2.6438321104e-07    0.053208333333    0.023208333333
 2.6341349123e-07 -5.4392738695e-11  9.5633991178e-06      0.0000000000  2.6419879073e-07  2.6382267810e-07    0.053225000000    0.023225000000
 2.6352683257e-07 -6.3928907664e-11  9.5637292460e-06      0.0000000000  2.6444981126e-07  2.6499589499e-07    0.053241666667    0.023241666667
 2.6362675820e-07 -7.4394297856e-11  9.5640591228e-06      0.0000000000  2.6470083180e-07  2.6361369673e-07    0.053258333333    0.023258333333
 2.6392245993e-07 -7.1268016210e-11  9.5643991208e-06      0.0000000000  2.6495139759e-07  2.6480538737e-07    0.053275000000    0.023275000000
 2.6411298827e-07 -7.5457929166e-11  9.5647292490e-06      0.0000000000  2.6520241813e-07  2.6553900758e-07    0.053291666667    0.023291666667
 2.6457606028e-07 -6.0770462496e-11  9.5650591188e-06      0.0000000000  2.6545343867e-07  2.6613706975e-07    0.053308333333    0.023308333333
 2.6470895914e-07 -6.8952005286e-11  9.5653991272e-06      0.0000000000  2.6570445921e-07  2.6693376799e-07    0.053325000000    0.023325000000
 2.6486412420e-07 -7.5559811457e-11  9.5657292415e-06      0.0000000000  2.6595502500e-07  2.6552397702e-07    0.053341666667    0.023341666667
 2.6509867660e-07 -7.6700455295e-11  9.5660591253e-06      0.0000000000  2.6620604553e-07  2.6632036081e-07    0.053358333333    0.023358333333
 2.6533638020e-07 -7.7622835504e-11  9.5663991197e-06      0.0000000000  2.6645706607e-07  2.6574745439e-07    0.053375000000    0.023375000000
 2.6568958723e-07 -7.0545022756e-11  9.5667292444e-06      0.0000000000  2.6670808661e-07  2.6584248022e-07    0.053391666667    0.023391666667
 2.6606027921e-07 -6.2256137414e-11  9.5670591247e-06      0.0000000000  2.6695910715e-07  2.6644191024e-07    0.053408333333    0.023408333333
 2.6611000422e-07 -7.6198607502e-11  9.5673991192e-06      0.0000000000  2.6721012768e-07  2.6644901674e-07    0.053425000000    0.023425000000
 2.6625649914e-07 -8.3438437297e-11  9.5677292509e-06      0.0000000000  2.6746114822e-07  2.6711036133e-07    0.053441666667    0.023441666667
 2.6656146322e-07 -7.9702108583e-11  9.5680591172e-06      0.0000000000  2.6771216876e-07  2.6741059518e-07    0.053458333333    0.023458333333
 2.6659213249e-07 -9.4964449966e-11  9.5683991256e-06      0.0000000000  2.6796318930e-07  2.6781774095e-07    0.053475000000    0.023475000000
 2.6700398643e-07 -8.3824535289e-11  9.5687292399e-06      0.0000000000  2.6821420984e-07  2.6789138440e-07    0.053491666667    0.023491666667
 2.6721457487e-07 -8.6625011664e-11  9.5690591237e-06      0.0000000000  2.6846523037e-07  2.6902075167e-07    0.053508333333    0.023508333333
 2.6734741421e-07 -9.4842174653e-11  9.5693991216e-06      0.0000000000  2.6871670566e-07  2.6891146567e-07    0.053525000000    0.023525000000
 2.6758311845e-07 -9.5903037713e-11  9.5697292463e-06      0.0000000000  2.6896772620e-07  2.6917797509e-07    0.053541666667    0.023541666667
 2.6777647015e-07 -9.9897394304e-11  9.5700591231e-06      0.0000000000  2.6921874673e-07  2.7023961052e-07    0.053558333333    0.023558333333
 2.6811408550e-07 -9.3899518312e-11  9.5703991176e-06      0.0000000000  2.6946976727e-07  2.6919795819e-07    0.053575000000    0.023575000000
 2.6827032210e-07 -1.0049610069e-10  9.5707292493e-06      0.0000000000  2.6972124256e-07  2.6905068701e-07    0.053591666667    0.023591666667
 2.6864119123e-07 -9.2194945648e-11  9.5710591191e-06      0.0000000000  2.6997226309e-07  2.7010740134e-07    0.053608333333    0.023608333333
 2.6883795142e-07 -9.5953217016e-11  9.5713991240e-06      0.0000000000  2.7022328363e-07  2.7108391601e-07    0.053625000000    0.023625000000
 2.6933563965e-07 -7.8899600823e-11  9.5717292453e-06      0.0000000000  2.7047475892e-07  2.6989714646e-07    0.053641666667    0.023641666667
 2.6983577631e-07 -6.1644899354e-11  9.5720591220e-06      0.0000000000  2.7072577945e-07  2.7020612193e-07    0.053658333333    0.023658333333
 2.7009968563e-07 -6.0783672226e-11  9.5723991235e-06      0.0000000000  2.7097725474e-07  2.7106624410e-07    0.053675000000    0.023675000000
 2.7046744177e-07 -5.2698134413e-11  9.5727292447e-06      0.0000000000  2.7122827528e-07  2.7117993235e-07    0.053691666667    0.023691666667
 2.7064146925e-07 -5.8062454447e-11  9.5730591250e-06      0.0000000000  2.7147975056e-07  2.7151846582e-07    0.053708333333    0.023708333333
 2.7106869631e-07 -4.5857741190e-11  9.5733991160e-06      0.0000000000  2.7173077110e-07  2.7121166004e-07    0.053725000000    0.023725000000
 2.7117753588e-07 -5.5737216564e-11  9.5737292477e-06      0.0000000000  2.7198224638e-07  2.7081860149e-07    0.053741666667    0.023741666667
 2.7119151908e-07 -7.2155296622e-11  9.5740591210e-06      0.0000000000  2.7223326692e-07  2.7248872300e-07    0.053758333333    0.023758333333
 2.7162512421e-07 -5.9540312104e-11  9.5743991224e-06      0.0000000000  2.7248474221e-07  2.7347042604e-07    0.053775000000    0.023775000000
 2.7162907889e-07 -7.6684501957e-11  9.5747292437e-06      0.0000000000  2.7273621749e-07  2.7344407539e-07    0.053791666667    0.023791666667
 2.7190785788e-07 -7.4761848881e-11  9.5750591204e-06      0.0000000000  2.7298723803e-07  2.7391019567e-07    0.053808333333    0.023808333333
 2.7216455691e-07 -7.4400033513e-11  9.5753991219e-06      0.0000000000  2.7323871332e-07  2.7279279309e-07    0.053825000000    0.023825000000
 2.7257610979e-07 -6.3312468756e-11  9.5757292431e-06      0.0000000000  2.7349018860e-07  2.7352095764e-07    0.053841666667    0.023841666667
 2.7278610727e-07 -6.6185374416e-11  9.5760591234e-06      0.0000000000  2.7374166389e-07  2.7286940807e-07    0.053858333333    0.023858333333
 2.7305831642e-07 -6.4717773434e-11  9.5763991178e-06      0.0000000000  2.7399268442e-07  2.7410499548e-07    0.053875000000    0.023875000000
 2.7317457549e-07 -7.4083346592e-11  9.5767292461e-06      0.0000000000  2.7424415971e-07  2.7441225722e-07    0.053891666667    0.023891666667
 2.7359540536e-07 -6.2353223629e-11  9.5770591229e-06      0.0000000000  2.7449563499e-07  2.7462672568e-07    0.053908333333    0.023908333333
 2.7370584164e-07 -7.2122105188e-11  9.5773991208e-06      0.0000000000  2.7474711028e-07  2.7471483369e-07    0.053925000000    0.023925000000
 2.7401918850e-07 -6.7836652235e-11  9.5777292490e-06      0.0000000000  2.7499858556e-07  2.7474934423e-07    0.053941666667    0.023941666667
 2.7408868484e-07 -8.0441184371e-11  9.5780591188e-06      0.0000000000  2.7525006085e-07  2.7472187730e-07    0.053958333333    0.023958333333
 2.7440435275e-07 -7.5994966949e-11  9.5783991238e-06      0.0000000000  2.7550153613e-07  2.7588518911e-07    0.053975000000    0.023975000000
 2.7479786412e-07 -6.6157023467e-11  9.5787292415e-06      0.0000000000  2.7575301142e-07  2.7613344489e-07    0.053991666667    0.023991666667
 2.7488685040e-07 -7.7411611524e-11  9.5790591218e-06      0.0000000000  2.7600448670e-07  2.7653117298e-07    0.054008333333    0.024008333333
 2.7524371901e-07 -7.0111681350e-11  9.5793991232e-06      0.0000000000  2.7625596199e-07  2.7543485407e-07    0.054025000000    0.024025000000
 2.7549309204e-07 -7.0257290983e-11  9.5797292445e-06      0.0000000000  2.7650743727e-07  2.7692937274e-07    0.054041666667    0.024041666667
 2.7585574176e-07 -6.2556939394e-11  9.5800591213e-06      0.0000000000  2.7675891256e-07  2.7673661682e-07    0.054058333333    0.024058333333
 2.7597204098e-07 -7.1951229893e-11  9.5803991192e-06      0.0000000000  2.7701084259e-07  2.7720888453e-07    0.054075000000    0.024075000000
 2.7665362010e-07 -4.2160652129e-11  9.5807292509e-06      0.0000000000  2.7726231788e-07  2.7665775355e-07    0.054091666667    0.024091666667
 2.7659307648e-07 -6.3772232489e-11  9.5810591172e-06      0.0000000000  2.7751379316e-07  2.7730413048e-07    0.054108333333    0.024108333333
 2.7677303925e-07 -6.8725452959e-11  9.5813991222e-06      0.0000000000  2.7776526845e-07  2.7763719258e-07    0.054125000000    0.024125000000
 2.7711619697e-07 -6.2406686788e-11  9.5817292434e-06      0.0000000000  2.7801719848e-07  2.7766153076e-07    0.054141666667    0.024141666667
 2.7706698366e-07 -8.3233487814e-11  9.5820591202e-06      0.0000000000  2.7826867376e-07  2.7846558706e-07    0.054158333333    0.024158333333
 2.7754050192e-07 -6.7853972537e-11  9.5823991216e-06      0.0000000000  2.7852014905e-07  2.7858540703e-07    0.054175000000    0.024175000000
 2.7780120987e-07 -6.7245981516e-11  9.5827292429e-06      0.0000000000  2.7877207908e-07  2.7930391806e-07    0.054191666667    0.024191666667
 2.7783805147e-07 -8.2112301511e-11  9.5830591232e-06      0.0000000000  2.7902355437e-07  2.7974420653e-07    0.054208333333    0.024208333333
 2.7823091098e-07 -7.2351006758e-11  9.5833991176e-06      0.0000000000  2.7927548440e-07  2.7924192486e-07    0.054225000000    0.024225000000
 2.7856064171e-07 -6.6930745787e-11  9.5837292493e-06      0.0000000000  2.7952695968e-07  2.7942004328e-07    0.054241666667    0.024241666667
 2.7882381873e-07 -6.6151737791e-11  9.5840591191e-06      0.0000000000  2.7977888972e-07  2.7961396264e-07    0.054258333333    0.024258333333
 2.7911579627e-07 -6.3346402426e-11  9.5843991240e-06      0.0000000000  2.8003036500e-07  2.7986596034e-07    0.054275000000    0.024275000000
 2.7931204733e-07 -6.7202933432e-11  9.5847292453e-06      0.0000000000  2.8028229503e-07  2.8130955435e-07    0.054291666667    0.024291666667
 2.7996646640e-07 -3.9293560897e-11  9.5850591186e-06      0.0000000000  2.8053377032e-07  2.8107673791e-07    0.054308333333    0.024308333333
 2.8003641463e-07 -5.1898292122e-11  9.5853991235e-06      0.0000000000  2.8078570035e-07  2.8033819661e-07    0.054325000000    0.024325000000
 2.8057207360e-07 -3.2246179462e-11  9.5857292413e-06      0.0000000000  2.8103763038e-07  2.8021395866e-07    0.054341666667    0.024341666667
 2.8048666479e-07 -5.5580014202e-11  9.5860591250e-06      0.0000000000  2.8128910567e-07  2.8094805054e-07    0.054358333333    0.024358333333
 2.8093746290e-07 -4.1805677794e-11  9.5863991195e-06      0.0000000000  2.8154103570e-07  2.8198613389e-07    0.054375000000    0.024375000000
 2.8090131587e-07 -6.1758957162e-11  9.5867292477e-06      0.0000000000  2.8179296573e-07  2.8123833214e-07    0.054391666667    0.024391666667
 2.8116934868e-07 -6.0612121878e-11  9.5870591175e-06      0.0000000000  2.8204444102e-07  2.8154021683e-07    0.054408333333    0.024408333333
 2.8136573200e-07 -6.4459492251e-11  9.5873991224e-06      0.0000000000  2.8229637105e-07  2.8164422012e-07    0.054425000000    0.024425000000
 2.8142453988e-07 -7.7835844812e-11  9.5877292472e-06      0.0000000000  2.8254830108e-07  2.8321397020e-07    0.054441666667    0.024441666667
 2.8188596373e-07 -6.3325530255e-11  9.5880591205e-06      0.0000000000  2.8280023112e-07  2.8353275641e-07    0.054458333333    0.024458333333
 2.8189488333e-07 -8.0157328815e-11  9.5883991254e-06      0.0000000000  2.8305216115e-07  2.8352046153e-07    0.054475000000    0.024475000000
 2.8206121564e-07 -8.6086142884e-11  9.5887292397e-06      0.0000000000  2.8330409118e-07  2.8326079133e-07    0.054491666667    0.024491666667
 2.8251090679e-07 -7.2388478191e-11  9.5890591234e-06      0.0000000000  2.8355602121e-07  2.8381387188e-07    0.054508333333    0.024508333333
 2.8279303937e-07 -7.0296538774e-11  9.5893991179e-06      0.0000000000  2.8380795124e-07  2.8388611604e-07    0.054525000000    0.024525000000
 2.8302675747e-07 -7.1557964451e-11  9.5897292461e-06      0.0000000000  2.8405988128e-07  2.8300042935e-07    0.054541666667    0.024541666667
 2.8312580738e-07 -8.2147004963e-11  9.5900591194e-06      0.0000000000  2.8431181131e-07  2.8425978895e-07    0.054558333333    0.024558333333
 2.8347540617e-07 -7.5382106749e-11  9.5903991208e-06      0.0000000000  2.8456374134e-07  2.8430730187e-07    0.054575000000    0.024575000000
 2.8345412995e-07 -9.4305379433e-11  9.5907292491e-06      0.0000000000  2.8481567137e-07  2.8446295305e-07    0.054591666667    0.024591666667
 2.8390937351e-07 -8.0223134744e-11  9.5910591189e-06      0.0000000000  2.8506760141e-07  2.8441583319e-07    0.054608333333    0.024608333333
 2.8377074306e-07 -1.0727479372e-10  9.5913991238e-06      0.0000000000  2.8531953144e-07  2.8485987930e-07    0.054625000000    0.024625000000
 2.8405797382e-07 -1.0482973506e-10  9.5917292416e-06      0.0000000000  2.8557146147e-07  2.8592170339e-07    0.054641666667    0.024641666667
 2.8453992221e-07 -8.8929313213e-11  9.5920591218e-06      0.0000000000  2.8582384625e-07  2.8606809412e-07    0.054658333333    0.024658333333
 2.8463047105e-07 -1.0010716955e-10  9.5923991198e-06      0.0000000000  2.8607577628e-07  2.8503348540e-07    0.054675000000    0.024675000000
 2.8521165996e-07 -7.7301486114e-11  9.5927292445e-06      0.0000000000  2.8632770632e-07  2.8594613591e-07    0.054691666667    0.024691666667
 2.8546614620e-07 -7.7124433441e-11  9.5930591248e-06      0.0000000000  2.8657963635e-07  2.8681532987e-07    0.054708333333    0.024708333333
 2.8578092235e-07 -7.2802976719e-11  9.5933991192e-06      0.0000000000  2.8683202113e-07  2.8712894343e-07    0.054725000000    0.024725000000
 2.8598093941e-07 -7.6398661035e-11  9.5937292475e-06      0.0000000000  2.8708395116e-07  2.8743287202e-07    0.054741666667    0.024741666667
 2.8625866554e-07 -7.4611927975e-11  9.5940591173e-06      0.0000000000  2.8733588119e-07  2.8824900308e-07    0.054758333333    0.024758333333
 2.8666434071e-07 -6.3994470499e-11  9.5943991222e-06      0.0000000000  2.8758826597e-07  2.8807806978e-07    0.054775000000    0.024775000000
 2.8704105466e-07 -5.5351476119e-11  9.5947292469e-06      0.0000000000  2.8784019600e-07  2.8735061273e-07    0.054791666667    0.024791666667
 2.8732356536e-07 -5.3264843537e-11  9.5950591202e-06      0.0000000000  2.8809258078e-07  2.8831956495e-07    0.054808333333    0.024808333333
 2.8753539901e-07 -5.6042067002e-11  9.5953991217e-06      0.0000000000  2.8834451082e-07  2.8846576701e-07    0.054825000000    0.024825000000
 2.8776345682e-07 -5.7727042522e-11  9.5957292429e-06      0.0000000000  2.8859689560e-07  2.8855827727e-07    0.054841666667    0.024841666667
 2.8805402608e-07 -5.5050747299e-11  9.5960591267e-06      0.0000000000  2.8884882563e-07  2.8779335388e-07    0.054858333333    0.024858333333
 2.8821146648e-07 -6.1626945244e-11  9.5963991176e-06      0.0000000000  2.8910121041e-07  2.8933195800e-07    0.054875000000    0.024875000000
 2.8823259811e-07 -7.7612893587e-11  9.5967292459e-06      0.0000000000  2.8935314044e-07  2.8951705713e-07    0.054891666667    0.024891666667
 2.8855035500e-07 -7.3084980272e-11  9.5970591192e-06      0.0000000000  2.8960552522e-07  2.8979994923e-07    0.054908333333    0.024908333333
 2.8864367650e-07 -8.4102289740e-11  9.5973991206e-06      0.0000000000  2.8985791000e-07  2.8913016174e-07    0.054925000000    0.024925000000
 2.8907976144e-07 -7.1347041282e-11  9.5977292488e-06      0.0000000000  2.9010984003e-07  2.9068730250e-07    0.054941666667    0.024941666667
 2.8919938425e-07 -8.0542624858e-11  9.5980591186e-06      0.0000000000  2.9036222481e-07  2.8978576768e-07    0.054958333333    0.024958333333
 2.8951081256e-07 -7.6453052423e-11  9.5983991235e-06      0.0000000000  2.9061460959e-07  2.9015591878e-07    0.054975000000    0.024975000000
 2.8959313393e-07 -8.8200774115e-11  9.5987292413e-06      0.0000000000  2.9086653963e-07  2.9020616739e-07    0.054991666667    0.024991666667
 2.9025733135e-07 -5.9677112081e-11  9.5990591251e-06      0.0000000000  2.9111892440e-07  2.9125396715e-07    0.055008333333    0.025008333333
 2.9044386997e-07 -6.4237859896e-11  9.5993991160e-06      0.0000000000  2.9137130918e-07  2.9113760610e-07    0.055025000000    0.025025000000
 2.9075648592e-07 -6.0066026834e-11  9.5997292443e-06      0.0000000000  2.9162369396e-07  2.9270784357e-07    0.055041666667    0.025041666667
 2.9115788343e-07 -4.9744855666e-11  9.6000591211e-06      0.0000000000  2.9187607874e-07  2.9221350169e-07    0.055058333333    0.025058333333
 2.9110777490e-07 -7.0696657973e-11  9.6003991190e-06      0.0000000000  2.9212846352e-07  2.9336965983e-07    0.055075000000    0.025075000000
 2.9136525262e-07 -7.0343901744e-11  9.6007292507e-06      0.0000000000  2.9238084830e-07  2.9288956240e-07    0.055091666667    0.025091666667
 2.9160786162e-07 -7.0989510859e-11  9.6010591135e-06      0.0000000000  2.9263277834e-07  2.9258976878e-07    0.055108333333    0.025108333333
 2.9180959274e-07 -7.4497970372e-11  9.6013991254e-06      0.0000000000  2.9288516312e-07  2.9309036815e-07    0.055125000000    0.025125000000
 2.9207178604e-07 -7.3818595964e-11  9.6017292397e-06      0.0000000000  2.9313754790e-07  2.9244012353e-07    0.055141666667    0.025141666667
 2.9233511275e-07 -7.3060717714e-11  9.6020591235e-06      0.0000000000  2.9338993268e-07  2.9272196223e-07    0.055158333333    0.025158333333
 2.9258937488e-07 -7.2930685140e-11  9.6023991179e-06      0.0000000000  2.9364231745e-07  2.9453007874e-07    0.055175000000    0.025175000000
 2.9298853343e-07 -6.2796090287e-11  9.6027292462e-06      0.0000000000  2.9389515698e-07  2.9409716405e-07    0.055191666667    0.025191666667
 2.9312024296e-07 -7.1154503114e-11  9.6030591229e-06      0.0000000000  2.9414754176e-07  2.9307698844e-07    0.055208333333    0.025208333333
 2.9347132710e-07 -6.4318221513e-11  9.6033991174e-06      0.0000000000  2.9439992654e-07  2.9389649980e-07    0.055225000000    0.025225000000
 2.9352479638e-07 -7.8095842297e-11  9.6037292491e-06      0.0000000000  2.9465231132e-07  2.9434994786e-07    0.055241666667    0.025241666667
 2.9387247202e-07 -7.1495645919e-11  9.6040591154e-06      0.0000000000  2.9490469610e-07  2.9417231684e-07    0.055258333333    0.025258333333
 2.9390116001e-07 -8.6989710096e-11  9.6043991238e-06      0.0000000000  2.9515708088e-07  2.9549050945e-07    0.055275000000    0.025275000000
 2.9443607179e-07 -6.7452346212e-11  9.6047292416e-06      0.0000000000  2.9540992041e-07  2.9563826802e-07    0.055291666667    0.025291666667
 2.9462541400e-07 -7.1818907130e-11  9.6050591219e-06      0.0000000000  2.9566230519e-07  2.9531432488e-07    0.055308333333    0.025308333333
 2.9505967225e-07 -5.9221679724e-11  9.6053991198e-06      0.0000000000  2.9591468997e-07  2.9587304975e-07    0.055325000000    0.025325000000
 2.9528670006e-07 -6.0977997138e-11  9.6057292446e-06      0.0000000000  2.9616707475e-07  2.9657264681e-07    0.055341666667    0.025341666667
 2.9538942872e-07 -7.1375229107e-11  9.6060591248e-06      0.0000000000  2.9641991427e-07  2.9687045941e-07    0.055358333333    0.025358333333
 2.9582523211e-07 -5.8670979607e-11  9.6063991123e-06      0.0000000000  2.9667229905e-07  2.9716833490e-07    0.055375000000    0.025375000000
 2.9599168178e-07 -6.4623162687e-11  9.6067292475e-06      0.0000000000  2.9692468383e-07  2.9698834553e-07    0.055391666667    0.025391666667
 2.9633936202e-07 -5.8054144991e-11  9.6070591173e-06      0.0000000000  2.9717752336e-07  2.9707400085e-07    0.055408333333    0.025408333333
 2.9654057827e-07 -6.1598266197e-11  9.6073991222e-06      0.0000000000  2.9742990814e-07  2.9703167631e-07    0.055425000000    0.025425000000
 2.9686975985e-07 -5.6310534102e-11  9.6077292470e-06      0.0000000000  2.9768274767e-07  2.9740023945e-07    0.055441666667    0.025441666667
 2.9738379975e-07 -3.8187335735e-11  9.6080591168e-06      0.0000000000  2.9793513245e-07  2.9841783659e-07    0.055458333333    0.025458333333
 2.9769362339e-07 -3.4240405593e-11  9.6083991217e-06      0.0000000000  2.9818797197e-07  2.9803185310e-07    0.055475000000    0.025475000000
 2.9788773889e-07 -3.8276350965e-11  9.6087292430e-06      0.0000000000  2.9844035675e-07  2.9875393310e-07    0.055491666667    0.025491666667
 2.9788612986e-07 -5.5900396454e-11  9.6090591232e-06      0.0000000000  2.9869319628e-07  2.9932976388e-07    0.055508333333    0.025508333333
 2.9803095237e-07 -6.3350555728e-11  9.6093991177e-06      0.0000000000  2.9894558106e-07  2.9980028641e-07    0.055525000000    0.025525000000
 2.9823749718e-07 -6.6557098528e-11  9.6097292459e-06      0.0000000000  2.9919842059e-07  2.9942436521e-07    0.055541666667    0.025541666667
 2.9839103484e-07 -7.3435111692e-11  9.6100591192e-06      0.0000000000  2.9945126012e-07  2.9926184336e-07    0.055558333333    0.025558333333
 2.9842564530e-07 -8.8518964608e-11  9.6103991171e-06      0.0000000000  2.9970364489e-07  2.9963724572e-07    0.055575000000    0.025575000000
 2.9882008827e-07 -7.8710987934e-11  9.6107292489e-06      0.0000000000  2.9995648442e-07  2.9996552822e-07    0.055591666667    0.025591666667
 2.9869714607e-07 -1.0473901594e-10  9.6110591152e-06      0.0000000000  3.0020932395e-07  3.0033954702e-07    0.055608333333    0.025608333333
 2.9913597968e-07 -9.1856379471e-11  9.6113991236e-06      0.0000000000  3.0046216348e-07  3.0059500363e-07    0.055625000000    0.025625000000
 2.9942237849e-07 -8.9500442807e-11  9.6117292414e-06      0.0000000000  3.0071454826e-07  3.0121441674e-07    0.055641666667    0.025641666667
 2.9966530262e-07 -9.0187219539e-11  9.6120591216e-06      0.0000000000  3.0096738778e-07  3.0158713059e-07    0.055658333333    0.025658333333
 3.0009100348e-07 -7.8214206088e-11  9.6123991196e-06      0.0000000000  3.0122022731e-07  3.0181104818e-07    0.055675000000    0.025675000000
 3.0034331976e-07 -7.8250448387e-11  9.6127292443e-06      0.0000000000  3.0147306684e-07  3.0219734613e-07    0.055691666667    0.025691666667
 3.0052035488e-07 -8.3500941063e-11  9.6130591211e-06      0.0000000000  3.0172590636e-07  3.0150174255e-07    0.055708333333    0.025708333333
 3.0104911729e-07 -6.4358007023e-11  9.6133991155e-06      0.0000000000  3.0197829114e-07  3.0116684094e-07    0.055725000000    0.025725000000
 3.0131113832e-07 -6.3722062486e-11  9.6137292508e-06      0.0000000000  3.0223113067e-07  3.0198764153e-07    0.055741666667    0.025741666667
 3.0164069663e-07 -5.8408236469e-11  9.6140591136e-06      0.0000000000  3.0248397020e-07  3.0318730339e-07    0.055758333333    0.025758333333
 3.0209343571e-07 -4.4562456674e-11  9.6143991255e-06      0.0000000000  3.0273680973e-07  3.0171930832e-07    0.055775000000    0.025775000000
 3.0221839964e-07 -5.3419592047e-11  9.6147292432e-06      0.0000000000  3.0298964925e-07  3.0290887644e-07    0.055791666667    0.025791666667
 3.0261136854e-07 -4.3713714783e-11  9.6150591165e-06      0.0000000000  3.0324248878e-07  3.0341378373e-07    0.055808333333    0.025808333333
 3.0269510291e-07 -5.5426561592e-11  9.6153991215e-06      0.0000000000  3.0349532831e-07  3.0342438059e-07    0.055825000000    0.025825000000
 3.0292702804e-07 -5.6875169813e-11  9.6157292427e-06      0.0000000000  3.0374816783e-07  3.0400047865e-07    0.055841666667    0.025841666667
 3.0315612741e-07 -5.8519500956e-11  9.6160591265e-06      0.0000000000  3.0400100736e-07  3.0367977432e-07    0.055858333333    0.025858333333
 3.0342088763e-07 -5.7693829547e-11  9.6163991139e-06      0.0000000000  3.0425384689e-07  3.0435478163e-07    0.055875000000    0.025875000000
 3.0375676897e-07 -5.1973544572e-11  9.6167292492e-06      0.0000000000  3.0450714116e-07  3.0456582263e-07    0.055891666667    0.025891666667
 3.0378065301e-07 -6.7831845811e-11  9.6170591155e-06      0.0000000000  3.0475998069e-07  3.0562351174e-07    0.055908333333    0.025908333333
 3.0444995349e-07 -3.8986224712e-11  9.6173991204e-06      0.0000000000  3.0501282022e-07  3.0496447833e-07    0.055925000000    0.025925000000
 3.0428482200e-07 -6.7936438888e-11  9.6177292451e-06      0.0000000000  3.0526565974e-07  3.0521754515e-07    0.055941666667    0.025941666667
 3.0465965294e-07 -5.9486863684e-11  9.6180591184e-06      0.0000000000  3.0551849927e-07  3.0549663244e-07    0.055958333333    0.025958333333
 3.0464270285e-07 -7.8173486993e-11  9.6183991233e-06      0.0000000000  3.0577133880e-07  3.0648709283e-07    0.055975000000    0.025975000000
 3.0481633996e-07 -8.3690836434e-11  9.6187292411e-06      0.0000000000  3.0602463307e-07  3.0596454507e-07    0.055991666667    0.025991666667
 3.0491955143e-07 -9.4054627469e-11  9.6190591214e-06      0.0000000000  3.0627747260e-07  3.0675231301e-07    0.056008333333    0.026008333333
 3.0517529918e-07 -9.3853193001e-11  9.6193991158e-06      0.0000000000  3.0653031213e-07  3.0661482113e-07    0.056025000000    0.026025000000
 3.0561954178e-07 -8.0627407717e-11  9.6197292476e-06      0.0000000000  3.0678360640e-07  3.0651121090e-07    0.056041666667    0.026041666667
 3.0573411563e-07 -9.0204198657e-11  9.6200591174e-06      0.0000000000  3.0703644593e-07  3.0596720214e-07    0.056058333333    0.026058333333
 3.0640315881e-07 -6.1376399152e-11  9.6203991188e-06      0.0000000000  3.0728928546e-07  3.0613811972e-07    0.056075000000    0.026075000000
 3.0651385209e-07 -7.1253469286e-11  9.6207292470e-06      0.0000000000  3.0754257973e-07  3.0805784913e-07    0.056091666667    0.026091666667
 3.0683708557e-07 -6.6377725060e-11  9.6210591168e-06      0.0000000000  3.0779541926e-07  3.0774168856e-07    0.056108333333    0.026108333333
 3.0719088284e-07 -5.9416516784e-11  9.6213991252e-06      0.0000000000  3.0804871353e-07  3.0855410914e-07    0.056125000000    0.026125000000
 3.0699666942e-07 -9.0381052205e-11  9.6217292395e-06      0.0000000000  3.0830155306e-07  3.0808215587e-07    0.056141666667    0.026141666667
 3.0759216602e-07 -6.6647359996e-11  9.6220591198e-06      0.0000000000  3.0855439259e-07  3.0919462163e-07    0.056158333333    0.026158333333
 3.0757052126e-07 -8.5690651279e-11  9.6223991177e-06      0.0000000000  3.0880768686e-07  3.0919982573e-07    0.056175000000    0.026175000000
 3.0795801150e-07 -7.6364246266e-11  9.6227292460e-06      0.0000000000  3.0906052639e-07  3.0998446493e-07    0.056191666667    0.026191666667
 3.0836083484e-07 -6.6007311911e-11  9.6230591227e-06      0.0000000000  3.0931382066e-07  3.0876821599e-07    0.056208333333    0.026208333333
 3.0866467624e-07 -6.2506231736e-11  9.6233991172e-06      0.0000000000  3.0956711494e-07  3.0889685620e-07    0.056225000000    0.026225000000
 3.0911050747e-07 -4.9138914538e-11  9.6237292489e-06      0.0000000000  3.0981995446e-07  3.0910439111e-07    0.056241666667    0.026241666667
 3.0941816670e-07 -4.5373397446e-11  9.6240591152e-06      0.0000000000  3.1007324874e-07  3.1077605341e-07    0.056258333333    0.026258333333
 3.0967185418e-07 -4.5314665271e-11  9.6243991201e-06      0.0000000000  3.1032608826e-07  3.1028625529e-07    0.056275000000    0.026275000000
 3.0996286527e-07 -4.2702258955e-11  9.6247292414e-06      0.0000000000  3.1057938254e-07  3.1039620162e-07    0.056291666667    0.026291666667
 3.1053343690e-07 -2.0726459832e-11  9.6250591182e-06      0.0000000000  3.1083267681e-07  3.1120516329e-07    0.056308333333    0.026308333333
 3.1076523672e-07 -2.2183747521e-11  9.6253991196e-06      0.0000000000  3.1108551634e-07  3.1149593229e-07    0.056325000000    0.026325000000
 3.1074846491e-07 -4.0889520399e-11  9.6257292443e-06      0.0000000000  3.1133881061e-07  3.1186973097e-07    0.056341666667    0.026341666667
 3.1071731178e-07 -6.0591396368e-11  9.6260591211e-06      0.0000000000  3.1159210489e-07  3.1225799421e-07    0.056358333333    0.026358333333
 3.1088493318e-07 -6.6525415778e-11  9.6263991156e-06      0.0000000000  3.1184539916e-07  3.1215053200e-07    0.056375000000    0.026375000000
 3.1103036867e-07 -7.3964614825e-11  9.6267292473e-06      0.0000000000  3.1209823869e-07  3.1310534983e-07    0.056391666667    0.026391666667
 3.1101242872e-07 -9.2751297367e-11  9.6270591171e-06      0.0000000000  3.1235153297e-07  3.1247653476e-07    0.056408333333    0.026408333333
 3.1145944312e-07 -7.9333527439e-11  9.6273991185e-06      0.0000000000  3.1260482724e-07  3.1261750128e-07    0.056425000000    0.026425000000
 3.1144049855e-07 -9.8189793774e-11  9.6277292433e-06      0.0000000000  3.1285812151e-07  3.1283961081e-07    0.056441666667    0.026441666667
 3.1184695910e-07 -8.7580932779e-11  9.6280591166e-06      0.0000000000  3.1311141579e-07  3.1337094736e-07    0.056458333333    0.026458333333
 3.1208590943e-07 -8.8574447413e-11  9.6283991215e-06      0.0000000000  3.1336471006e-07  3.1358058907e-07    0.056475000000    0.026475000000
 3.1236098252e-07 -8.7034468765e-11  9.6287292427e-06      0.0000000000  3.1361754959e-07  3.1288077190e-07    0.056491666667    0.026491666667
 3.1264395344e-07 -8.4978954864e-11  9.6290591230e-06      0.0000000000  3.1387084386e-07  3.1511710211e-07    0.056508333333    0.026508333333
 3.1294496212e-07 -8.1674078775e-11  9.6293991140e-06      0.0000000000  3.1412413814e-07  3.1438046322e-07    0.056525000000    0.026525000000
 3.1346304441e-07 -6.3333884753e-11  9.6297292457e-06      0.0000000000  3.1437743241e-07  3.1435791738e-07    0.056541666667    0.026541666667
 3.1363762174e-07 -6.8786110427e-11  9.6300591190e-06      0.0000000000  3.1463072669e-07  3.1418931098e-07    0.056558333333    0.026558333333
 3.1398008897e-07 -6.2609662980e-11  9.6303991169e-06      0.0000000000  3.1488402096e-07  3.1403419436e-07    0.056575000000    0.026575000000
 3.1419082279e-07 -6.5557556863e-11  9.6307292487e-06      0.0000000000  3.1513731524e-07  3.1465000705e-07    0.056591666667    0.026591666667
 3.1421850976e-07 -8.1183950827e-11  9.6310591150e-06      0.0000000000  3.1539060951e-07  3.1363426514e-07    0.056608333333    0.026608333333
 3.1481384664e-07 -5.7492818692e-11  9.6313991199e-06      0.0000000000  3.1564390379e-07  3.1560422744e-07    0.056625000000    0.026625000000
 3.1485403179e-07 -7.2253542163e-11  9.6317292411e-06      0.0000000000  3.1589719806e-07  3.1675060629e-07    0.056641666667    0.026641666667
 3.1517870225e-07 -6.7309764195e-11  9.6320591214e-06      0.0000000000  3.1615049233e-07  3.1672137845e-07    0.056658333333    0.026658333333
 3.1536222933e-07 -7.2173595203e-11  9.6323991159e-06      0.0000000000  3.1640424136e-07  3.1660166854e-07    0.056675000000    0.026675000000
 3.1564081572e-07 -7.0421770140e-11  9.6327292476e-06      0.0000000000  3.1665753563e-07  3.1587446305e-07    0.056691666667    0.026691666667
 3.1565318114e-07 -8.7109390963e-11  9.6330591209e-06      0.0000000000  3.1691082991e-07  3.1568095246e-07    0.056708333333    0.026708333333
 3.1578655402e-07 -9.5415588478e-11  9.6333991153e-06      0.0000000000  3.1716412418e-07  3.1706410979e-07    0.056725000000    0.026725000000
 3.1600115056e-07 -9.8095936380e-11  9.6337292506e-06      0.0000000000  3.1741741845e-07  3.1674865671e-07    0.056741666667    0.026741666667
 3.1631080541e-07 -9.4192195526e-11  9.6340591134e-06      0.0000000000  3.1767071273e-07  3.1932484107e-07    0.056758333333    0.026758333333
 3.1657982390e-07 -9.3134575348e-11  9.6343991218e-06      0.0000000000  3.1792446175e-07  3.1670298331e-07    0.056775000000    0.026775000000
 3.1688013737e-07 -8.9877852725e-11  9.6347292395e-06      0.0000000000  3.1817775602e-07  3.1812473898e-07    0.056791666667    0.026791666667
 3.1722227008e-07 -8.3724575200e-11  9.6350591198e-06      0.0000000000  3.1843105030e-07  3.1849839616e-07    0.056808333333    0.026808333333
 3.1727401399e-07 -9.7684696426e-11  9.6353991177e-06      0.0000000000  3.1868434457e-07  3.1896193797e-07    0.056825000000    0.026825000000
 3.1760481431e-07 -9.2347839576e-11  9.6357292460e-06      0.0000000000  3.1893809360e-07  3.1889057426e-07    0.056841666667    0.026841666667
 3.1789425488e-07 -8.9844213454e-11  9.6360591193e-06      0.0000000000  3.1919138787e-07  3.1889852977e-07    0.056858333333    0.026858333333
 3.1818187351e-07 -8.7466781981e-11  9.6363991137e-06      0.0000000000  3.1944468214e-07  3.2171061215e-07    0.056875000000    0.026875000000
 3.1872757788e-07 -6.7244878578e-11  9.6367292489e-06      0.0000000000  3.1969843117e-07  3.1986215211e-07    0.056891666667    0.026891666667
 3.1877378889e-07 -8.1588228839e-11  9.6370591153e-06      0.0000000000  3.1995172544e-07  3.2000505248e-07    0.056908333333    0.026908333333
 3.1924552366e-07 -6.6458234961e-11  9.6373991202e-06      0.0000000000  3.2020501971e-07  3.2133355894e-07    0.056925000000    0.026925000000
 3.1926073548e-07 -8.2980201164e-11  9.6377292449e-06      0.0000000000  3.2045876874e-07  3.1972546207e-07    0.056941666667    0.026941666667
 3.1965280803e-07 -7.3367905918e-11  9.6380591182e-06      0.0000000000  3.2071206301e-07  3.2034853849e-07    0.056958333333    0.026958333333
 3.2004671648e-07 -6.3659946984e-11  9.6383991161e-06      0.0000000000  3.2096581203e-07  3.2131422046e-07    0.056975000000    0.026975000000
 3.2018295093e-07 -7.1767941728e-11  9.6387292444e-06      0.0000000000  3.2121910631e-07  3.2105098129e-07    0.056991666667    0.026991666667
 3.2062961912e-07 -5.8405649290e-11  9.6390591212e-06      0.0000000000  3.2147285533e-07  3.2105958141e-07    0.057008333333    0.027008333333
 3.2097105634e-07 -5.2300543736e-11  9.6393991156e-06      0.0000000000  3.2172614960e-07  3.2227175826e-07    0.057025000000    0.027025000000
 3.2104077876e-07 -6.5046904469e-11  9.6397292473e-06      0.0000000000  3.2197989863e-07  3.2200950959e-07    0.057041666667    0.027041666667
 3.2149962552e-07 -5.0809581817e-11  9.6400591171e-06      0.0000000000  3.2223319290e-07  3.2035647827e-07    0.057058333333    0.027058333333
 3.2158221057e-07 -6.2665029425e-11  9.6403991186e-06      0.0000000000  3.2248694192e-07  3.2122689857e-07    0.057075000000    0.027075000000
 3.2162099540e-07 -7.7522744560e-11  9.6407292468e-06      0.0000000000  3.2274023620e-07  3.2293058728e-07    0.057091666667    0.027091666667
 3.2189679295e-07 -7.5995581835e-11  9.6410591166e-06      0.0000000000  3.2299398522e-07  3.2344612288e-07    0.057108333333    0.027108333333
 3.2211720294e-07 -7.8273269058e-11  9.6413991180e-06      0.0000000000  3.2324727949e-07  3.2318543073e-07    0.057125000000    0.027125000000
 3.2252998625e-07 -6.7257967612e-11  9.6417292428e-06      0.0000000000  3.2350102851e-07  3.2369255487e-07    0.057141666667    0.027141666667
 3.2275366660e-07 -6.9309137384e-11  9.6420591196e-06      0.0000000000  3.2375432279e-07  3.2485036386e-07    0.057158333333    0.027158333333
 3.2327838773e-07 -5.0540609925e-11  9.6423991175e-06      0.0000000000  3.2400807181e-07  3.2400294535e-07    0.057175000000    0.027175000000
 3.2338425729e-07 -6.0783286588e-11  9.6427292457e-06      0.0000000000  3.2426182083e-07  3.2541474877e-07    0.057191666667    0.027191666667
 3.2371322492e-07 -5.5541871351e-11  9.6430591155e-06      0.0000000000  3.2451511511e-07  3.2562212647e-07    0.057208333333    0.027208333333
 3.2418464233e-07 -4.0465356279e-11  9.6433991170e-06      0.0000000000  3.2476886413e-07  3.2407872703e-07    0.057225000000    0.027225000000
 3.2425056669e-07 -5.3474784461e-11  9.6437292487e-06      0.0000000000  3.2502261315e-07  3.2504970744e-07    0.057241666667    0.027241666667
 3.2457570393e-07 -4.8498675938e-11  9.6440591150e-06      0.0000000000  3.2527590742e-07  3.2543899263e-07    0.057258333333    0.027258333333
 3.2468661450e-07 -5.8392193716e-11  9.6443991234e-06      0.0000000000  3.2552965645e-07  3.2580893933e-07    0.057275000000    0.027275000000
 3.2510839452e-07 -4.6753747202e-11  9.6447292412e-06      0.0000000000  3.2578340547e-07  3.2510596198e-07    0.057291666667    0.027291666667
 3.2503075045e-07 -6.9707254502e-11  9.6450591180e-06      0.0000000000  3.2603715449e-07  3.2504605985e-07    0.057308333333    0.027308333333
 3.2502738847e-07 -8.7484213296e-11  9.6453991159e-06      0.0000000000  3.2629044876e-07  3.2576839141e-07    0.057325000000    0.027325000000
 3.2522558970e-07 -9.1331658277e-11  9.6457292441e-06      0.0000000000  3.2654419779e-07  3.2405753332e-07    0.057341666667    0.027341666667
 3.2529247032e-07 -1.0427485231e-10  9.6460591209e-06      0.0000000000  3.2679794681e-07  3.2653134951e-07    0.057358333333    0.027358333333
 3.2547342225e-07 -1.0931704731e-10  9.6463991154e-06      0.0000000000  3.2705169583e-07  3.2807661990e-07    0.057375000000    0.027375000000
 3.2604146502e-07 -8.7547903866e-11  9.6467292506e-06      0.0000000000  3.2730544485e-07  3.2631523019e-07    0.057391666667    0.027391666667
 3.2635966583e-07 -8.3052238118e-11  9.6470591134e-06      0.0000000000  3.2755873913e-07  3.2749781760e-07    0.057408333333    0.027408333333
 3.2672679363e-07 -7.5199205427e-11  9.6473991218e-06      0.0000000000  3.2781248815e-07  3.2824484896e-07    0.057425000000    0.027425000000
 3.2731762581e-07 -5.1851583266e-11  9.6477292431e-06      0.0000000000  3.2806623717e-07  3.2978225818e-07    0.057441666667    0.027441666667
 3.2719504710e-07 -7.7917429249e-11  9.6480591199e-06      0.0000000000  3.2831998619e-07  3.2900329474e-07    0.057458333333    0.027458333333
 3.2775556135e-07 -5.6669738605e-11  9.6483991178e-06      0.0000000000  3.2857373521e-07  3.2994941812e-07    0.057475000000    0.027475000000
 3.2793377382e-07 -6.1901678978e-11  9.6487292425e-06      0.0000000000  3.2882748424e-07  3.2920012274e-07    0.057491666667    0.027491666667
 3.2822870727e-07 -5.9049093059e-11  9.6490591193e-06      0.0000000000  3.2908123326e-07  3.2859539430e-07    0.057508333333    0.027508333333
 3.2845987265e-07 -6.0613319854e-11  9.6493991138e-06      0.0000000000  3.2933498228e-07  3.2962624538e-07    0.057525000000    0.027525000000
 3.2883090806e-07 -5.2489632120e-11  9.6497292490e-06      0.0000000000  3.2958873130e-07  3.2886501674e-07    0.057541666667    0.027541666667
 3.2886889967e-07 -6.7433785830e-11  9.6500591118e-06      0.0000000000  3.2984248032e-07  3.2926761876e-07    0.057558333333    0.027558333333
 3.2912015053e-07 -6.7606817942e-11  9.6503991202e-06      0.0000000000  3.3009622934e-07  3.2882185891e-07    0.057575000000    0.027575000000
 3.2922489363e-07 -7.7927517284e-11  9.6507292450e-06      0.0000000000  3.3034997837e-07  3.2933307087e-07    0.057591666667    0.027591666667
 3.2965715778e-07 -6.5562900975e-11  9.6510591148e-06      0.0000000000  3.3060372739e-07  3.3009304171e-07    0.057608333333    0.027608333333
 3.2983913972e-07 -7.0533754076e-11  9.6513991197e-06      0.0000000000  3.3085747641e-07  3.3011766290e-07    0.057625000000    0.027625000000
 3.3017838928e-07 -6.4611671623e-11  9.6517292409e-06      0.0000000000  3.3111122543e-07  3.3149885493e-07    0.057641666667    0.027641666667
 3.3058936080e-07 -5.3721861585e-11  9.6520591212e-06      0.0000000000  3.3136497445e-07  3.3197832347e-07    0.057658333333    0.027658333333
 3.3098713197e-07 -4.3746356671e-11  9.6523991156e-06      0.0000000000  3.3161872347e-07  3.3058818543e-07    0.057675000000    0.027675000000
 3.3109193946e-07 -5.4062595987e-11  9.6527292474e-06      0.0000000000  3.3187247250e-07  3.2894177322e-07    0.057691666667    0.027691666667
 3.3150122130e-07 -4.3289819966e-11  9.6530591137e-06      0.0000000000  3.3212622152e-07  3.3295883161e-07    0.057708333333    0.027708333333
 3.3134149404e-07 -7.1928711735e-11  9.6533991186e-06      0.0000000000  3.3237997054e-07  3.3306440714e-07    0.057725000000    0.027725000000
 3.3154775842e-07 -7.5217672757e-11  9.6537292468e-06      0.0000000000  3.3263371956e-07  3.3370029727e-07    0.057741666667    0.027741666667
 3.3193051718e-07 -6.6281982880e-11  9.6540591166e-06      0.0000000000  3.3288746858e-07  3.3405463169e-07    0.057758333333    0.027758333333
 3.3210786396e-07 -7.1573883755e-11  9.6543991216e-06      0.0000000000  3.3314121761e-07  3.3290595738e-07    0.057775000000    0.027775000000
 3.3225337332e-07 -7.9070961633e-11  9.6547292393e-06      0.0000000000  3.3339496663e-07  3.3366108575e-07    0.057791666667    0.027791666667
 3.3254644455e-07 -7.6378858107e-11  9.6550591196e-06      0.0000000000  3.3364917040e-07  3.3257283239e-07    0.057808333333    0.027808333333
 3.3289451714e-07 -6.9845659699e-11  9.6553991140e-06      0.0000000000  3.3390291942e-07  3.3362129250e-07    0.057825000000    0.027825000000
 3.3311731023e-07 -7.1989782274e-11  9.6557292458e-06      0.0000000000  3.3415666844e-07  3.3258287897e-07    0.057841666667    0.027841666667
 3.3354456917e-07 -5.9971845003e-11  9.6560591191e-06      0.0000000000  3.3441041746e-07  3.3364938832e-07    0.057858333333    0.027858333333
 3.3392276973e-07 -5.1351873077e-11  9.6563991170e-06      0.0000000000  3.3466416648e-07  3.3453913138e-07    0.057875000000    0.027875000000
 3.3443797581e-07 -3.3242392962e-11  9.6567292487e-06      0.0000000000  3.3491791551e-07  3.3327362435e-07    0.057891666667    0.027891666667
 3.3446847237e-07 -4.8737179467e-11  9.6570591116e-06      0.0000000000  3.3517211927e-07  3.3374711840e-07    0.057908333333    0.027908333333
 3.3497877317e-07 -3.0967457024e-11  9.6573991200e-06      0.0000000000  3.3542586830e-07  3.3563757281e-07    0.057925000000    0.027925000000
 3.3498946259e-07 -4.7802661330e-11  9.6577292412e-06      0.0000000000  3.3567961732e-07  3.3509499479e-07    0.057941666667    0.027941666667
 3.3524720261e-07 -4.7526230260e-11  9.6580591180e-06      0.0000000000  3.3593336634e-07  3.3582795465e-07    0.057958333333    0.027958333333
 3.3563261346e-07 -3.8406846573e-11  9.6583991159e-06      0.0000000000  3.3618711536e-07  3.3585609764e-07    0.057975000000    0.027975000000
 3.3546570963e-07 -6.7574311594e-11  9.6587292442e-06      0.0000000000  3.3644131913e-07  3.3763509637e-07    0.057991666667    0.027991666667
 3.3592287130e-07 -5.3485201639e-11  9.6590591210e-06      0.0000000000  3.3669506815e-07  3.3843353979e-07    0.058008333333    0.028008333333
 3.3594416989e-07 -6.9585575189e-11  9.6593991119e-06      0.0000000000  3.3694881717e-07  3.3865913968e-07    0.058025000000    0.028025000000
 3.3623498126e-07 -6.7049998183e-11  9.6597292471e-06      0.0000000000  3.3720302094e-07  3.3742369376e-07    0.058041666667    0.028041666667
 3.3638918834e-07 -7.3944639574e-11  9.6600591134e-06      0.0000000000  3.3745676997e-07  3.3734130869e-07    0.058058333333    0.028058333333
 3.3678026408e-07 -6.4432884726e-11  9.6603991184e-06      0.0000000000  3.3771051899e-07  3.3616087525e-07    0.058075000000    0.028075000000
 3.3682130697e-07 -7.9165696174e-11  9.6607292466e-06      0.0000000000  3.3796426801e-07  3.3788039635e-07    0.058091666667    0.028091666667
 3.3705867674e-07 -8.0331680821e-11  9.6610591164e-06      0.0000000000  3.3821847178e-07  3.3968975492e-07    0.058108333333    0.028108333333
 3.3738099869e-07 -7.5582066763e-11  9.6613991178e-06      0.0000000000  3.3847222080e-07  3.3793328631e-07    0.058125000000    0.028125000000
 3.3762231609e-07 -7.6443127128e-11  9.6617292426e-06      0.0000000000  3.3872596982e-07  3.3790291075e-07    0.058141666667    0.028141666667
 3.3820326189e-07 -5.3811769395e-11  9.6620591229e-06      0.0000000000  3.3898017359e-07  3.3940874950e-07    0.058158333333    0.028158333333
 3.3833039522e-07 -6.2581638471e-11  9.6623991103e-06      0.0000000000  3.3923392261e-07  3.3713962248e-07    0.058175000000    0.028175000000
 3.3860116460e-07 -6.1402746328e-11  9.6627292490e-06      0.0000000000  3.3948767163e-07  3.3838961157e-07    0.058191666667    0.028191666667
 3.3898012990e-07 -5.2761302581e-11  9.6630591153e-06      0.0000000000  3.3974187540e-07  3.3939026003e-07    0.058208333333    0.028208333333
 3.3908872289e-07 -6.2815344246e-11  9.6633991168e-06      0.0000000000  3.3999562443e-07  3.4010023383e-07    0.058225000000    0.028225000000
 3.3935639082e-07 -6.1882766844e-11  9.6637292485e-06      0.0000000000  3.4024982819e-07  3.3975978223e-07    0.058241666667    0.028241666667
 3.3941065356e-07 -7.5699922207e-11  9.6640591113e-06      0.0000000000  3.4050357722e-07  3.4021219263e-07    0.058258333333    0.028258333333
 3.3967812719e-07 -7.4749305617e-11  9.6643991197e-06      0.0000000000  3.4075732624e-07  3.4300088016e-07    0.058275000000    0.028275000000
 3.3985644098e-07 -8.0005725381e-11  9.6647292410e-06      0.0000000000  3.4101153001e-07  3.4116548539e-07    0.058291666667    0.028291666667
 3.3997173261e-07 -8.9595794903e-11  9.6650591212e-06      0.0000000000  3.4126527903e-07  3.4141188594e-07    0.058308333333    0.028308333333
 3.4029141989e-07 -8.5060165031e-11  9.6653991122e-06      0.0000000000  3.4151948280e-07  3.4159863592e-07    0.058325000000    0.028325000000
 3.4063993976e-07 -7.8495987030e-11  9.6657292474e-06      0.0000000000  3.4177323182e-07  3.4207898491e-07    0.058341666667    0.028341666667
 3.4086447783e-07 -8.0519244779e-11  9.6660591172e-06      0.0000000000  3.4202698084e-07  3.4268822567e-07    0.058358333333    0.028358333333
 3.4143446017e-07 -5.8647257193e-11  9.6663991117e-06      0.0000000000  3.4228118461e-07  3.4294188994e-07    0.058375000000    0.028375000000
 3.4149949908e-07 -7.1718015345e-11  9.6667292504e-06      0.0000000000  3.4253493363e-07  3.4286519635e-07    0.058391666667    0.028391666667
 3.4193175180e-07 -5.9385688097e-11  9.6670591097e-06      0.0000000000  3.4278913740e-07  3.4078112130e-07    0.058408333333    0.028408333333
 3.4214128682e-07 -6.2448113161e-11  9.6673991216e-06      0.0000000000  3.4304288642e-07  3.4269449888e-07    0.058425000000    0.028425000000
 3.4254556110e-07 -5.2053676024e-11  9.6677292429e-06      0.0000000000  3.4329709019e-07  3.4267250333e-07    0.058441666667    0.028441666667
 3.4294320696e-07 -4.2086850577e-11  9.6680591196e-06      0.0000000000  3.4355083921e-07  3.4253499572e-07    0.058458333333    0.028458333333
 3.4305714775e-07 -5.1801981381e-11  9.6683991141e-06      0.0000000000  3.4380504298e-07  3.4290315008e-07    0.058475000000    0.028475000000
 3.4348200175e-07 -3.9950619565e-11  9.6687292458e-06      0.0000000000  3.4405879201e-07  3.4417360966e-07    0.058491666667    0.028491666667
 3.4381606448e-07 -3.4419293742e-11  9.6690591191e-06      0.0000000000  3.4431299577e-07  3.4538638396e-07    0.058508333333    0.028508333333
 3.4377942474e-07 -5.4532690440e-11  9.6693991136e-06      0.0000000000  3.4456674480e-07  3.4408262446e-07    0.058525000000    0.028525000000
 3.4431520371e-07 -3.5029753389e-11  9.6697292488e-06      0.0000000000  3.4482094857e-07  3.4563553591e-07    0.058541666667    0.028541666667
 3.4435757291e-07 -4.9670699426e-11  9.6700591116e-06      0.0000000000  3.4507469759e-07  3.4680274687e-07    0.058558333333    0.028558333333
 3.4455185537e-07 -5.3821070006e-11  9.6703991200e-06      0.0000000000  3.4532890136e-07  3.4311018189e-07    0.058575000000    0.028575000000
 3.4492441989e-07 -4.5591470557e-11  9.6707292447e-06      0.0000000000  3.4558265038e-07  3.4464902184e-07    0.058591666667    0.028591666667
 3.4519875760e-07 -4.4196919696e-11  9.6710591145e-06      0.0000000000  3.4583685415e-07  3.4602140935e-07    0.058608333333    0.028608333333
 3.4541576021e-07 -4.6742111406e-11  9.6713991160e-06      0.0000000000  3.4609060317e-07  3.4668910578e-07    0.058625000000    0.028625000000
 3.4560550077e-07 -5.1207071051e-11  9.6717292442e-06      0.0000000000  3.4634480694e-07  3.4707875258e-07    0.058641666667    0.028641666667
 3.4589760152e-07 -4.8550689219e-11  9.6720591210e-06      0.0000000000  3.4659855596e-07  3.4661337126e-07    0.058658333333    0.028658333333
 3.4617325566e-07 -4.7064957680e-11  9.6723991119e-06      0.0000000000  3.4685275973e-07  3.4645303481e-07    0.058675000000    0.028675000000
 3.4648366483e-07 -4.3140466751e-11  9.6727292472e-06      0.0000000000  3.4710650875e-07  3.4581332416e-07    0.058691666667    0.028691666667
 3.4637287178e-07 -6.8421491906e-11  9.6730591135e-06      0.0000000000  3.4736071252e-07  3.4781045466e-07    0.058708333333    0.028708333333
 3.4652163548e-07 -7.5693162712e-11  9.6733991149e-06      0.0000000000  3.4761446154e-07  3.4734530917e-07    0.058725000000    0.028725000000
 3.4665393627e-07 -8.4136612697e-11  9.6737292466e-06      0.0000000000  3.4786866531e-07  3.4679795155e-07    0.058741666667    0.028741666667
 3.4698493644e-07 -7.8785913114e-11  9.6740591129e-06      0.0000000000  3.4812241433e-07  3.4763246202e-07    0.058758333333    0.028758333333
 3.4742693880e-07 -6.5778289966e-11  9.6743991179e-06      0.0000000000  3.4837661810e-07  3.4858911937e-07    0.058775000000    0.028775000000
 3.4759411546e-07 -7.1806108989e-11  9.6747292426e-06      0.0000000000  3.4863082187e-07  3.4930984726e-07    0.058791666667    0.028791666667
 3.4799298423e-07 -6.1754580080e-11  9.6750591194e-06      0.0000000000  3.4888457089e-07  3.4812312488e-07    0.058808333333    0.028808333333
 3.4834099730e-07 -5.5257001872e-11  9.6753991138e-06      0.0000000000  3.4913877466e-07  3.4904984688e-07    0.058825000000    0.028825000000
 3.4849881862e-07 -6.1901308167e-11  9.6757292456e-06      0.0000000000  3.4939252368e-07  3.4928554051e-07    0.058841666667    0.028841666667
 3.4867116827e-07 -6.7570826179e-11  9.6760591154e-06      0.0000000000  3.4964672745e-07  3.4851248868e-07    0.058858333333    0.028858333333
 3.4918043907e-07 -4.9872445629e-11  9.6763991133e-06      0.0000000000  3.4990047648e-07  3.5031461497e-07    0.058875000000    0.028875000000
 3.4936731485e-07 -5.4535830120e-11  9.6767292485e-06      0.0000000000  3.5015468024e-07  3.5038792825e-07    0.058891666667    0.028891666667
 3.4954460072e-07 -5.9831950438e-11  9.6770591113e-06      0.0000000000  3.5040842927e-07  3.5084579430e-07    0.058908333333    0.028908333333
 3.4959210530e-07 -7.4148698144e-11  9.6773991198e-06      0.0000000000  3.5066263304e-07  3.5136533909e-07    0.058925000000    0.028925000000
 3.4979367501e-07 -7.7794327140e-11  9.6777292410e-06      0.0000000000  3.5091683680e-07  3.5198635588e-07    0.058941666667    0.028941666667
 3.4998845518e-07 -8.1878727142e-11  9.6780591143e-06      0.0000000000  3.5117058583e-07  3.5048295409e-07    0.058958333333    0.028958333333
 3.4991647740e-07 -1.0447126404e-10  9.6783991157e-06      0.0000000000  3.5142478960e-07  3.5131078256e-07    0.058975000000    0.028975000000
 3.5008250669e-07 -1.1054705594e-10  9.6787292440e-06      0.0000000000  3.5167853862e-07  3.5247302526e-07    0.058991666667    0.028991666667
 3.5043539966e-07 -1.0371147817e-10  9.6790591173e-06      0.0000000000  3.5193274239e-07  3.5267170849e-07    0.059008333333    0.029008333333
 3.5094750291e-07 -8.5816912035e-11  9.6793991117e-06      0.0000000000  3.5218649141e-07  3.5278437480e-07    0.059025000000    0.029025000000
 3.5126016987e-07 -8.1767535926e-11  9.6797292504e-06      0.0000000000  3.5244069518e-07  3.5301962820e-07    0.059041666667    0.029041666667
 3.5151760883e-07 -8.1543454776e-11  9.6800591097e-06      0.0000000000  3.5269489895e-07  3.5178819148e-07    0.059058333333    0.029058333333
 3.5191409242e-07 -7.1657131854e-11  9.6803991181e-06      0.0000000000  3.5294864797e-07  3.5255802024e-07    0.059075000000    0.029075000000
 3.5234426216e-07 -5.9469079937e-11  9.6807292429e-06      0.0000000000  3.5320285174e-07  3.5211188306e-07    0.059091666667    0.029091666667
 3.5290244627e-07 -3.8382782978e-11  9.6810591127e-06      0.0000000000  3.5345660076e-07  3.5389512682e-07    0.059108333333    0.029108333333
 3.5306454050e-07 -4.4762629368e-11  9.6813991176e-06      0.0000000000  3.5371080453e-07  3.5305839950e-07    0.059125000000    0.029125000000
 3.5355348108e-07 -2.8472395296e-11  9.6817292424e-06      0.0000000000  3.5396455355e-07  3.5343884873e-07    0.059141666667    0.029141666667
 3.5368569209e-07 -3.6922063408e-11  9.6820591191e-06      0.0000000000  3.5421875732e-07  3.5518539654e-07    0.059158333333    0.029158333333
 3.5417069787e-07 -2.0935865314e-11  9.6823991101e-06      0.0000000000  3.5447296109e-07  3.5464810123e-07    0.059175000000    0.029175000000
 3.5416753019e-07 -3.8730863297e-11  9.6827292488e-06      0.0000000000  3.5472671011e-07  3.5476584585e-07    0.059191666667    0.029191666667
 3.5450653373e-07 -3.2857318461e-11  9.6830591116e-06      0.0000000000  3.5498091388e-07  3.5411176497e-07    0.059208333333    0.029208333333
 3.5457006357e-07 -4.6032600352e-11  9.6833991165e-06      0.0000000000  3.5523466290e-07  3.5637726013e-07    0.059225000000    0.029225000000
 3.5474190744e-07 -5.1737150842e-11  9.6837292448e-06      0.0000000000  3.5548886667e-07  3.5645235003e-07    0.059241666667    0.029241666667
 3.5503027452e-07 -4.9339376434e-11  9.6840591146e-06      0.0000000000  3.5574261569e-07  3.5701843296e-07    0.059258333333    0.029258333333
 3.5517897869e-07 -5.6646667440e-11  9.6843991195e-06      0.0000000000  3.5599681946e-07  3.5569891968e-07    0.059275000000    0.029275000000
 3.5545728005e-07 -5.4946081918e-11  9.6847292408e-06      0.0000000000  3.5625056848e-07  3.5650841591e-07    0.059291666667    0.029291666667
 3.5562142173e-07 -6.1184114318e-11  9.6850591175e-06      0.0000000000  3.5650477225e-07  3.5685020390e-07    0.059308333333    0.029308333333
 3.5585149731e-07 -6.2855321713e-11  9.6853991120e-06      0.0000000000  3.5675897602e-07  3.5751423702e-07    0.059325000000    0.029325000000
 3.5598104147e-07 -7.1458208193e-11  9.6857292472e-06      0.0000000000  3.5701272504e-07  3.5735814561e-07    0.059341666667    0.029341666667
 3.5654294782e-07 -5.0145592870e-11  9.6860591170e-06      0.0000000000  3.5726692881e-07  3.5662550019e-07    0.059358333333    0.029358333333
 3.5661085525e-07 -6.3017667088e-11  9.6863991149e-06      0.0000000000  3.5752067783e-07  3.5581883398e-07    0.059375000000    0.029375000000
 3.5716198783e-07 -4.2451282419e-11  9.6867292467e-06      0.0000000000  3.5777488160e-07  3.5788034748e-07    0.059391666667    0.029391666667
 3.5738908476e-07 -4.4297305066e-11  9.6870591130e-06      0.0000000000  3.5802863062e-07  3.5680611845e-07    0.059408333333    0.029408333333
 3.5736603311e-07 -6.3501037249e-11  9.6873991179e-06      0.0000000000  3.5828283439e-07  3.5881428604e-07    0.059425000000    0.029425000000
 3.5776983602e-07 -5.3107751985e-11  9.6877292392e-06      0.0000000000  3.5853658342e-07  3.5830148613e-07    0.059441666667    0.029441666667
 3.5779354096e-07 -6.9072950836e-11  9.6880591159e-06      0.0000000000  3.5879078718e-07  3.5876144325e-07    0.059458333333    0.029458333333
 3.5811483317e-07 -6.4394660165e-11  9.6883991139e-06      0.0000000000  3.5904453621e-07  3.5877902083e-07    0.059475000000    0.029475000000
 3.5824900079e-07 -7.2708806439e-11  9.6887292456e-06      0.0000000000  3.5929873998e-07  3.5900518672e-07    0.059491666667    0.029491666667
 3.5827530834e-07 -8.8462241862e-11  9.6890591189e-06      0.0000000000  3.5955248900e-07  3.6132701503e-07    0.059508333333    0.029508333333
 3.5891018174e-07 -6.2095659467e-11  9.6893991133e-06      0.0000000000  3.5980669277e-07  3.6080036373e-07    0.059525000000    0.029525000000
 3.5894877826e-07 -7.6997914852e-11  9.6897292486e-06      0.0000000000  3.6006044179e-07  3.6156748825e-07    0.059541666667    0.029541666667
 3.5946618469e-07 -5.8767528417e-11  9.6900591114e-06      0.0000000000  3.6031464556e-07  3.6155168729e-07    0.059558333333    0.029558333333
 3.5943726984e-07 -7.8345870167e-11  9.6903991163e-06      0.0000000000  3.6056839458e-07  3.5959823346e-07    0.059575000000    0.029575000000
 3.5986515433e-07 -6.6316102871e-11  9.6907292445e-06      0.0000000000  3.6082259835e-07  3.5986991553e-07    0.059591666667    0.029591666667
 3.6020648688e-07 -6.0249745087e-11  9.6910591143e-06      0.0000000000  3.6107634737e-07  3.6050354164e-07    0.059608333333    0.029608333333
 3.6044557520e-07 -6.1296697034e-11  9.6913991158e-06      0.0000000000  3.6133055114e-07  3.6289571171e-07    0.059625000000    0.029625000000
 3.6066835225e-07 -6.3441929988e-11  9.6917292440e-06      0.0000000000  3.6158430016e-07  3.6033589430e-07    0.059641666667    0.029641666667
 3.6081282712e-07 -7.1042157656e-11  9.6920591173e-06      0.0000000000  3.6183850393e-07  3.6210739347e-07    0.059658333333    0.029658333333
 3.6125205630e-07 -5.8195118395e-11  9.6923991117e-06      0.0000000000  3.6209225295e-07  3.6106292685e-07    0.059675000000    0.029675000000
 3.6112380575e-07 -8.4653816703e-11  9.6927292505e-06      0.0000000000  3.6234600197e-07  3.6051374544e-07    0.059691666667    0.029691666667
 3.6142746692e-07 -8.1228214877e-11  9.6930591133e-06      0.0000000000  3.6260020574e-07  3.6242628974e-07    0.059708333333    0.029708333333
 3.6158550092e-07 -8.7857790135e-11  9.6933991147e-06      0.0000000000  3.6285395477e-07  3.6253727375e-07    0.059725000000    0.029725000000
 3.6171596694e-07 -9.6428323073e-11  9.6937292464e-06      0.0000000000  3.6310815853e-07  3.6288703297e-07    0.059741666667    0.029741666667
 3.6218167457e-07 -8.1747288226e-11  9.6940591127e-06      0.0000000000  3.6336190756e-07  3.6332203873e-07    0.059758333333    0.029758333333
 3.6258891356e-07 -7.1147504875e-11  9.6943991142e-06      0.0000000000  3.6361611133e-07  3.6527365305e-07    0.059775000000    0.029775000000
 3.6275336565e-07 -7.7332539635e-11  9.6947292424e-06      0.0000000000  3.6386986035e-07  3.6562306639e-07    0.059791666667    0.029791666667
 3.6316763666e-07 -6.6214194955e-11  9.6950591192e-06      0.0000000000  3.6412360937e-07  3.6433128732e-07    0.059808333333    0.029808333333
 3.6333024602e-07 -7.2558361146e-11  9.6953991101e-06      0.0000000000  3.6437781314e-07  3.6474873122e-07    0.059825000000    0.029825000000
 3.6354206281e-07 -7.5462742171e-11  9.6957292489e-06      0.0000000000  3.6463156216e-07  3.6469114028e-07    0.059841666667    0.029841666667
 3.6375420851e-07 -7.8344341907e-11  9.6960591152e-06      0.0000000000  3.6488531118e-07  3.6546655047e-07    0.059858333333    0.029858333333
 3.6397913407e-07 -8.0372258769e-11  9.6963991131e-06      0.0000000000  3.6513951495e-07  3.6501206473e-07    0.059875000000    0.029875000000
 3.6434170394e-07 -7.2834925523e-11  9.6967292483e-06      0.0000000000  3.6539326397e-07  3.6584016048e-07    0.059891666667    0.029891666667
 3.6464540859e-07 -6.9374813877e-11  9.6970591111e-06      0.0000000000  3.6564701299e-07  3.6658247514e-07    0.059908333333    0.029908333333
 3.6487599931e-07 -7.1010341071e-11  9.6973991195e-06      0.0000000000  3.6590121676e-07  3.6540930542e-07    0.059925000000    0.029925000000
 3.6523491594e-07 -6.3726044845e-11  9.6977292408e-06      0.0000000000  3.6615496579e-07  3.6630623359e-07    0.059941666667    0.029941666667
 3.6554150140e-07 -6.0066397972e-11  9.6980591176e-06      0.0000000000  3.6640871481e-07  3.6566307975e-07    0.059958333333    0.029958333333
 3.6579655519e-07 -6.0007522810e-11  9.6983991120e-06      0.0000000000  3.6666291858e-07  3.6625837478e-07    0.059975000000    0.029975000000
 3.6604933141e-07 -6.0074902297e-11  9.6987292473e-06      0.0000000000  3.6691666760e-07  3.6757512093e-07    0.059991666667    0.029991666667
