# TEXT EXPORT
# data-description.comment: 
# data-description.name: 
# data-description.probe: 
# data-description.user-name: Yazhini
# data-description.instrument: JPK01814-H-21-02-0019
# data-description.source-software: 8.0.163
# data-description.modification-software: 8.1.62
# index: 3405
# xPosition: 1.997890150329013E-5
# yPosition: -1.1971303664469046E-5
# quantitative-imaging-settings.type: simple-quantitative-imaging-settings
# quantitative-imaging-settings.relative-setpoint: 0.30087220298747946
# quantitative-imaging-settings.control-settings.control-settings-type: quantitative-imaging-control-settings
# quantitative-imaging-settings.control-settings.next-line-motion-time: 0.05
# quantitative-imaging-settings.control-settings.next-line-additional-delay: 0.01
# quantitative-imaging-settings.control-settings.max-retries-per-position: 5
# quantitative-imaging-settings.control-settings.max-bad-adjecent-pixels: 0
# quantitative-imaging-settings.control-settings.max-pixel-replays: 1
# quantitative-imaging-settings.control-settings.pixelwise-retract-if-required: true
# quantitative-imaging-settings.control-settings.no-data-extend-fraction: 0.2
# quantitative-imaging-settings.control-settings.overscan-delay-factor: 3.4
# quantitative-imaging-settings.control-settings.overscan-distance-factor: 0.383
# quantitative-imaging-settings.control-settings.line-clock.active: false
# quantitative-imaging-settings.control-settings.line-clock.name: pulse-2
# quantitative-imaging-settings.control-settings.frame-clock.active: false
# quantitative-imaging-settings.control-settings.frame-clock.name: pulse-3
# quantitative-imaging-settings.control-settings.closed-loop: false
# quantitative-imaging-settings.control-settings.start-option.type: smooth-xyz-motion
# quantitative-imaging-settings.control-settings.start-option.additional-retract: 3.0E-9
# quantitative-imaging-settings.control-settings.start-option.start-time: 0.01
# quantitative-imaging-settings.control-settings.start-option.motion-time: 0.01
# quantitative-imaging-settings.control-settings.pixel-clock.active: false
# quantitative-imaging-settings.control-settings.pixel-clock.name: pixel-clock
# quantitative-imaging-settings.control-settings.ttl-outputs.pins.list: 
# quantitative-imaging-settings.control-settings.baseline-adjust-settings.enabled: true
# quantitative-imaging-settings.control-settings.baseline-adjust-settings.interval: 1
# quantitative-imaging-settings.control-settings.averager.type: instrumentdefault
# quantitative-imaging-settings.control-settings.averager.value: NaN
# quantitative-imaging-settings.extend.type: z-extend-force
# quantitative-imaging-settings.extend.identifier.type: standard
# quantitative-imaging-settings.extend.identifier.name: extend-spm
# quantitative-imaging-settings.extend.style: extend
# quantitative-imaging-settings.extend.duration: 0.045000000000000005
# quantitative-imaging-settings.extend.num-points: 2700
# quantitative-imaging-settings.extend.z-start: 9.000000000000001E-7
# quantitative-imaging-settings.extend.z-end: 0.0
# quantitative-imaging-settings.extend.setpoint: 0.30087220298747946
# quantitative-imaging-settings.retract.type: z-retract-height
# quantitative-imaging-settings.retract.identifier.type: standard
# quantitative-imaging-settings.retract.identifier.name: retract-spm
# quantitative-imaging-settings.retract.style: retract
# quantitative-imaging-settings.retract.duration: 0.045000000000000005
# quantitative-imaging-settings.retract.num-points: 2700
# quantitative-imaging-settings.retract.z-start: 9.000000000000001E-7
# quantitative-imaging-settings.retract.z-end: 0.0
# quantitative-imaging-settings.retract.setpoint: 0.15000000000000002
# quantitative-imaging-settings.data-description.comment: 
# quantitative-imaging-settings.data-description.name: 
# quantitative-imaging-settings.data-description.probe: 
# quantitative-imaging-settings.data-description.user-name: afm_csec
# quantitative-imaging-settings.data-description.instrument: JPK01814-H-21-02-0019
# quantitative-imaging-settings.data-description.source-software: 8.0.163
# quantitative-imaging-settings.data-description.modification-software: 
# feedbackMode: contact
# date: Wed Oct 02 14:10:48 BST 2024
# segmentIndex: 0
# segment: extend
# columns: verticalTipPosition vDeflection height error smoothedMeasuredHeight measuredHeight seriesTime time
# fancyNames: "Vertical Tip Position" "Vertical Deflection" "Height" "Error Signal" "Height (measured & smoothed)" "Height (measured)" "Series Time" "Segment Time"
# heightMultiplier: 0.788494
# heightOffset: 0.0
# sensitivity: 4.798575435590727E-8
# springConstant: 0.06926368726396598
# calibrationSlots: nominal force nominal volts nominal nominal elapsed elapsed
# units: m N m V m m s s
#
 6.2421788367e-07 -7.4331746928e-12  1.0405022121e-05      0.0000000000  6.2432520072e-07  6.2417122014e-07  8.3333333333e-06  8.3333333333e-06
 6.2376824809e-07 -2.2040416767e-11  1.0404692300e-05      0.0000000000  6.2408645836e-07  6.2429486064e-07  2.5000000000e-05  2.5000000000e-05
 6.2372139347e-07 -8.7810613716e-12  1.0404362130e-05      0.0000000000  6.2384817075e-07  6.2339502384e-07  4.1666666667e-05  4.1666666667e-05
 6.2345213168e-07 -1.0926447225e-11  1.0404022136e-05      0.0000000000  6.2360988313e-07  6.2311030794e-07  5.8333333333e-05  5.8333333333e-05
 6.2341267386e-07  2.8452373474e-12  1.0403692308e-05      0.0000000000  6.2337159552e-07  6.2259327872e-07  7.5000000000e-05  7.5000000000e-05
 6.2297592456e-07 -1.0900951097e-11  1.0403362141e-05      0.0000000000  6.2313330791e-07  6.2255840657e-07  9.1666666667e-05  9.1666666667e-05
 6.2294182503e-07  3.2733659306e-12  1.0403022143e-05      0.0000000000  6.2289456555e-07  6.2379632089e-07  0.00010833333333  0.00010833333333
 6.2258687517e-07 -4.8070917656e-12  1.0402692322e-05      0.0000000000  6.2265627794e-07  6.2265181300e-07  0.00012500000000  0.00012500000000
 6.2235417826e-07 -4.3883616010e-12  1.0402362152e-05      0.0000000000  6.2241753558e-07  6.2202925542e-07  0.00014166666667  0.00014166666667
 6.2213899263e-07 -2.7882332739e-12  1.0402022158e-05      0.0000000000  6.2217924797e-07  6.2265825916e-07  0.00015833333333  0.00015833333333
 6.2170699617e-07 -1.6173724602e-11  1.0401692330e-05      0.0000000000  6.2194050561e-07  6.2188478282e-07  0.00017500000000  0.00017500000000
 6.2169039857e-07 -8.1865713297e-13  1.0401362163e-05      0.0000000000  6.2170221800e-07  6.2125214722e-07  0.00019166666667  0.00019166666667
 6.2134265780e-07 -8.3682890414e-12  1.0401022165e-05      0.0000000000  6.2146347564e-07  6.2103833909e-07  0.00020833333333  0.00020833333333
 6.2107736800e-07 -1.0238559827e-11  1.0400692345e-05      0.0000000000  6.2122518803e-07  6.2085336574e-07  0.00022500000000  0.00022500000000
 6.2092985686e-07 -3.9195497155e-12  1.0400362174e-05      0.0000000000  6.2098644567e-07  6.2067997975e-07  0.00024166666667  0.00024166666667
 6.2062820978e-07 -8.2765624914e-12  1.0400022180e-05      0.0000000000  6.2074770331e-07  6.2103477012e-07  0.00025833333333  0.00025833333333
 6.2058007280e-07  4.9254690889e-12  1.0399692352e-05      0.0000000000  6.2050896095e-07  6.2057701413e-07  0.00027500000000  0.00027500000000
 6.2055274044e-07  1.9537007828e-11  1.0399362185e-05      0.0000000000  6.2027067334e-07  6.1961551430e-07  0.00029166666667  0.00029166666667
 6.2019083691e-07  1.1006411004e-11  1.0399022187e-05      0.0000000000  6.2003193098e-07  6.1946825885e-07  0.00030833333333  0.00030833333333
 6.2003425825e-07  1.6697371870e-11  1.0398692367e-05      0.0000000000  6.1979318862e-07  6.1971225387e-07  0.00032500000000  0.00032500000000
 6.1976650834e-07  1.4688201377e-11  1.0398362196e-05      0.0000000000  6.1955444626e-07  6.1988619014e-07  0.00034166666667  0.00034166666667
 6.1970022084e-07  2.6633061101e-11  1.0398022202e-05      0.0000000000  6.1931570390e-07  6.1998077575e-07  0.00035833333333  0.00035833333333
 6.1956979494e-07  3.4135458340e-11  1.0397692374e-05      0.0000000000  6.1907696154e-07  6.1826562546e-07  0.00037500000000  0.00037500000000
 6.1887186688e-07  2.3305634784e-12  1.0397362207e-05      0.0000000000  6.1883821918e-07  6.1958400673e-07  0.00039166666667  0.00039166666667
 6.1883132976e-07  1.6058989045e-11  1.0397022206e-05      0.0000000000  6.1859947682e-07  6.1890236459e-07  0.00040833333333  0.00040833333333
 6.1821120990e-07 -1.0356622592e-11  1.0396692378e-05      0.0000000000  6.1836073446e-07  6.1761123014e-07  0.00042500000000  0.00042500000000
 6.1802492397e-07 -6.6917997248e-12  1.0396362194e-05      0.0000000000  6.1812153736e-07  6.1845025292e-07  0.00044166666667  0.00044166666667
 6.1765349283e-07 -1.5882313690e-11  1.0396022182e-05      0.0000000000  6.1788279500e-07  6.1694600212e-07  0.00045833333333  0.00045833333333
 6.1714382657e-07 -3.4647501965e-11  1.0395692347e-05      0.0000000000  6.1764405264e-07  6.1706288201e-07  0.00047500000000  0.00047500000000
 6.1720785171e-07 -1.3645211004e-11  1.0395362167e-05      0.0000000000  6.1740485553e-07  6.1805241478e-07  0.00049166666667  0.00049166666667
 6.1688766402e-07 -1.9286414875e-11  1.0395022155e-05      0.0000000000  6.1716611317e-07  6.1725077972e-07  0.00050833333333  0.00050833333333
 6.1682254787e-07 -7.2604234113e-12  1.0394692316e-05      0.0000000000  6.1692737081e-07  6.1745663235e-07  0.00052500000000  0.00052500000000
 6.1636811883e-07 -2.2168180953e-11  1.0394362139e-05      0.0000000000  6.1668817371e-07  6.1659718624e-07  0.00054166666667  0.00054166666667
 6.1617694111e-07 -1.8873678493e-11  1.0394022134e-05      0.0000000000  6.1644943135e-07  6.1565449033e-07  0.00055833333333  0.00055833333333
 6.1595443697e-07 -1.7717462379e-11  1.0393692306e-05      0.0000000000  6.1621023424e-07  6.1591230530e-07  0.00057500000000  0.00057500000000
 6.1565688105e-07 -2.1791106264e-11  1.0393362140e-05      0.0000000000  6.1597149188e-07  6.1563788754e-07  0.00059166666667  0.00059166666667
 6.1551211431e-07 -1.5250511102e-11  1.0393022142e-05      0.0000000000  6.1573229478e-07  6.1603913743e-07  0.00060833333333  0.00060833333333
 6.1512380913e-07 -2.5578285638e-11  1.0392692321e-05      0.0000000000  6.1549309767e-07  6.1444894831e-07  0.00062500000000  0.00062500000000
 6.1508037838e-07 -1.2050283601e-11  1.0392362151e-05      0.0000000000  6.1525435531e-07  6.1560369144e-07  0.00064166666667  0.00064166666667
 6.1496110471e-07 -3.7439441885e-12  1.0392022156e-05      0.0000000000  6.1501515820e-07  6.1442791181e-07  0.00065833333333  0.00065833333333
 6.1484639860e-07  4.8787608965e-12  1.0391692325e-05      0.0000000000  6.1477596110e-07  6.1408032228e-07  0.00067500000000  0.00067500000000
 6.1458814008e-07  3.5584972433e-12  1.0391362162e-05      0.0000000000  6.1453676399e-07  6.1378566986e-07  0.00069166666667  0.00069166666667
 6.1469675839e-07  2.7649475800e-11  1.0391022164e-05      0.0000000000  6.1429756688e-07  6.1446817673e-07  0.00070833333333  0.00070833333333
 6.1431299165e-07  1.7636049747e-11  1.0390692343e-05      0.0000000000  6.1405836978e-07  6.1396114692e-07  0.00072500000000  0.00072500000000
 6.1427615519e-07  3.1652294512e-11  1.0390362173e-05      0.0000000000  6.1381917267e-07  6.1382945659e-07  0.00074166666667  0.00074166666667
 6.1389062154e-07  2.1516486114e-11  1.0390022178e-05      0.0000000000  6.1357997556e-07  6.1337998627e-07  0.00075833333333  0.00075833333333
 6.1377110313e-07  2.9805873730e-11  1.0389692347e-05      0.0000000000  6.1334077846e-07  6.1417248665e-07  0.00077500000000  0.00077500000000
 6.1339199425e-07  2.0115068489e-11  1.0389362184e-05      0.0000000000  6.1310158135e-07  6.1354115600e-07  0.00079166666667  0.00079166666667
 6.1320448193e-07  2.3694947311e-11  1.0389022186e-05      0.0000000000  6.1286238424e-07  6.1289539224e-07  0.00080833333333  0.00080833333333
 6.1280705127e-07  1.2735107657e-11  1.0388692365e-05      0.0000000000  6.1262318714e-07  6.1290814306e-07  0.00082500000000  0.00082500000000
 6.1258405470e-07  1.3857216609e-11  1.0388362195e-05      0.0000000000  6.1238399003e-07  6.1267812520e-07  0.00084166666667  0.00084166666667
 6.1227660512e-07  9.1612965243e-12  1.0388022200e-05      0.0000000000  6.1214433818e-07  6.1171519464e-07  0.00085833333333  0.00085833333333
 6.1183543094e-07 -4.8283806035e-12  1.0387692369e-05      0.0000000000  6.1190514107e-07  6.1169525871e-07  0.00087500000000  0.00087500000000
 6.1156012886e-07 -7.3291443979e-12  1.0387362206e-05      0.0000000000  6.1166594396e-07  6.1178622818e-07  0.00089166666667  0.00089166666667
 6.1116281001e-07 -1.8249741849e-11  1.0387022208e-05      0.0000000000  6.1142629211e-07  6.1098460884e-07  0.00090833333333  0.00090833333333
 6.1091606803e-07 -1.8772327256e-11  1.0386692387e-05      0.0000000000  6.1118709500e-07  6.1110600105e-07  0.00092500000000  0.00092500000000
 6.1028905797e-07 -4.5602185463e-11  1.0386362217e-05      0.0000000000  6.1094744315e-07  6.0964918455e-07  0.00094166666667  0.00094166666667
 6.1031398730e-07 -2.7307814405e-11  1.0386022222e-05      0.0000000000  6.1070824604e-07  6.1000048457e-07  0.00095833333333  0.00095833333333
 6.1004522447e-07 -2.9324147775e-11  1.0385692391e-05      0.0000000000  6.1046859419e-07  6.1198745843e-07  0.00097500000000  0.00097500000000
 6.0986408856e-07 -2.5302615441e-11  1.0385362221e-05      0.0000000000  6.1022939708e-07  6.0976317153e-07  0.00099166666667  0.00099166666667
 6.0979895129e-07 -1.3215091366e-11  1.0385022209e-05      0.0000000000  6.0998974523e-07  6.1026606637e-07   0.0010083333333   0.0010083333333
 6.0974018376e-07 -6.8637643689e-13  1.0384692371e-05      0.0000000000  6.0975009337e-07  6.1054084574e-07   0.0010250000000   0.0010250000000
 6.0955872174e-07  3.3440662298e-12  1.0384362193e-05      0.0000000000  6.0951044152e-07  6.1054900564e-07   0.0010416666667   0.0010416666667
 6.0947858904e-07  1.4361453114e-11  1.0384022181e-05      0.0000000000  6.0927124441e-07  6.0734139630e-07   0.0010583333333   0.0010583333333
 6.0909971060e-07  4.7181068857e-12  1.0383692343e-05      0.0000000000  6.0903159256e-07  6.0881214278e-07   0.0010750000000   0.0010750000000
 6.0896926680e-07  1.2282258812e-11  1.0383362159e-05      0.0000000000  6.0879194071e-07  6.0956340346e-07   0.0010916666667   0.0010916666667
 6.0879674992e-07  1.6932274825e-11  1.0383022161e-05      0.0000000000  6.0855228885e-07  6.0925757246e-07   0.0011083333333   0.0011083333333
 6.0861610202e-07  2.1019106273e-11  1.0382692319e-05      0.0000000000  6.0831263700e-07  6.0753385348e-07   0.0011250000000   0.0011250000000
 6.0840588004e-07  2.3057527820e-11  1.0382362149e-05      0.0000000000  6.0807298514e-07  6.0788817219e-07   0.0011416666667   0.0011416666667
 6.0800856119e-07  1.2136930369e-11  1.0382022155e-05      0.0000000000  6.0783333329e-07  6.0713287087e-07   0.0011583333333   0.0011583333333
 6.0777079548e-07  1.2267571601e-11  1.0381692323e-05      0.0000000000  6.0759368144e-07  6.0709916217e-07   0.0011750000000   0.0011750000000
 6.0712843180e-07 -1.5625734224e-11  1.0381362160e-05      0.0000000000  6.0735402958e-07  6.0685247862e-07   0.0011916666667   0.0011916666667
 6.0712432316e-07  6.8885718632e-13  1.0381022162e-05      0.0000000000  6.0711437773e-07  6.0817016811e-07   0.0012083333333   0.0012083333333
 6.0676816948e-07 -7.3804888534e-12  1.0380692341e-05      0.0000000000  6.0687472587e-07  6.0535083773e-07   0.0012250000000   0.0012250000000
 6.0663437395e-07 -1.6992250435e-14  1.0380362171e-05      0.0000000000  6.0663461927e-07  6.0754639991e-07   0.0012416666667   0.0012416666667
 6.0650022506e-07  7.2905324287e-12  1.0380022177e-05      0.0000000000  6.0639496742e-07  6.0592811497e-07   0.0012583333333   0.0012583333333
 6.0613608892e-07 -1.3317086590e-12  1.0379692345e-05      0.0000000000  6.0615531557e-07  6.0732532806e-07   0.0012750000000   0.0012750000000
 6.0601980372e-07  7.2446186397e-12  1.0379362182e-05      0.0000000000  6.0591520896e-07  6.0489507848e-07   0.0012916666667   0.0012916666667
 6.0580840345e-07  9.2014272814e-12  1.0379022184e-05      0.0000000000  6.0567555711e-07  6.0602887946e-07   0.0013083333333   0.0013083333333
 6.0552233949e-07  5.9867536700e-12  1.0378692363e-05      0.0000000000  6.0543590526e-07  6.0685246290e-07   0.0013250000000   0.0013250000000
 6.0530454905e-07  7.5324530293e-12  1.0378362193e-05      0.0000000000  6.0519579865e-07  6.0685507281e-07   0.0013416666667   0.0013416666667
 6.0523226147e-07  1.9156217319e-11  1.0378022195e-05      0.0000000000  6.0495569205e-07  6.0563534923e-07   0.0013583333333   0.0013583333333
 6.0494370305e-07  1.5768768632e-11  1.0377692367e-05      0.0000000000  6.0471604020e-07  6.0602290497e-07   0.0013750000000   0.0013750000000
 6.0482883395e-07  2.4443179468e-11  1.0377362204e-05      0.0000000000  6.0447593360e-07  6.0472416090e-07   0.0013916666667   0.0013916666667
 6.0450722162e-07  1.8766294468e-11  1.0377022203e-05      0.0000000000  6.0423628174e-07  6.0423606079e-07   0.0014083333333   0.0014083333333
 6.0433004594e-07  2.3125122203e-11  1.0376692375e-05      0.0000000000  6.0399617514e-07  6.0388638018e-07   0.0014250000000   0.0014250000000
 6.0411389709e-07  2.4784524440e-11  1.0376362191e-05      0.0000000000  6.0375606854e-07  6.0390922474e-07   0.0014416666667   0.0014416666667
 6.0394092505e-07  2.9434512229e-11  1.0376022179e-05      0.0000000000  6.0351596194e-07  6.0301806667e-07   0.0014583333333   0.0014583333333
 6.0362637473e-07  2.4246767978e-11  1.0375692340e-05      0.0000000000  6.0327631009e-07  6.0306712038e-07   0.0014750000000   0.0014750000000
 6.0329930551e-07  1.8223416298e-11  1.0375362167e-05      0.0000000000  6.0303620349e-07  6.0239690838e-07   0.0014916666667   0.0014916666667
 6.0311629100e-07  2.2177825253e-11  1.0375022151e-05      0.0000000000  6.0279609688e-07  6.0096859649e-07   0.0015083333333   0.0015083333333
 6.0247710297e-07 -5.4640263077e-12  1.0374692313e-05      0.0000000000  6.0255599028e-07  6.0204486942e-07   0.0015250000000   0.0015250000000
 6.0226022978e-07 -3.8547947252e-12  1.0374362136e-05      0.0000000000  6.0231588368e-07  6.0329490567e-07   0.0015416666667   0.0015416666667
 6.0173061362e-07 -2.3907293805e-11  1.0374022131e-05      0.0000000000  6.0207577708e-07  6.0185620132e-07   0.0015583333333   0.0015583333333
 6.0140006136e-07 -3.0171893973e-11  1.0373692300e-05      0.0000000000  6.0183567048e-07  6.0170037718e-07   0.0015750000000   0.0015750000000
 6.0123789195e-07 -2.4773676846e-11  1.0373362140e-05      0.0000000000  6.0159556388e-07  6.0263871800e-07   0.0015916666667   0.0015916666667
 6.0076672927e-07 -4.0777472578e-11  1.0373022138e-05      0.0000000000  6.0135545728e-07  6.0301202929e-07   0.0016083333333   0.0016083333333
 6.0056196404e-07 -3.8298101688e-11  1.0372692318e-05      0.0000000000  6.0111489593e-07  6.0245820979e-07   0.0016250000000   0.0016250000000
 6.0037578230e-07 -3.4563066743e-11  1.0372362147e-05      0.0000000000  6.0087478933e-07  6.0211911032e-07   0.0016416666667   0.0016416666667
 6.0013482918e-07 -3.4621699443e-11  1.0372022153e-05      0.0000000000  6.0063468273e-07  6.0142514186e-07   0.0016583333333   0.0016583333333
 6.0012514422e-07 -1.8661847041e-11  1.0371692322e-05      0.0000000000  6.0039457612e-07  6.0020144054e-07   0.0016750000000   0.0016750000000
 5.9987340705e-07 -1.9435925583e-11  1.0371362162e-05      0.0000000000  6.0015401478e-07  6.0029038182e-07   0.0016916666667   0.0016916666667
 5.9972438322e-07 -1.3127197131e-11  1.0371022160e-05      0.0000000000  5.9991390817e-07  6.0078637455e-07   0.0017083333333   0.0017083333333
 5.9966306432e-07 -7.1220451513e-13  1.0370692340e-05      0.0000000000  5.9967334683e-07  6.0038297070e-07   0.0017250000000   0.0017250000000
 5.9951240210e-07  5.4830431357e-12  1.0370362169e-05      0.0000000000  5.9943324022e-07  5.9852910218e-07   0.0017416666667   0.0017416666667
 5.9939588405e-07  1.4074739475e-11  1.0370022175e-05      0.0000000000  5.9919267888e-07  5.9870080587e-07   0.0017583333333   0.0017583333333
 5.9903235508e-07  5.5260513226e-12  1.0369692344e-05      0.0000000000  5.9895257227e-07  5.9817645004e-07   0.0017750000000   0.0017750000000
 5.9860477414e-07 -7.4276152114e-12  1.0369362184e-05      0.0000000000  5.9871201093e-07  5.9703428478e-07   0.0017916666667   0.0017916666667
 5.9864656160e-07  1.2097407207e-11  1.0369022183e-05      0.0000000000  5.9847190432e-07  5.9893830757e-07   0.0018083333333   0.0018083333333
 5.9824387150e-07  8.6777166062e-13  1.0368692362e-05      0.0000000000  5.9823134298e-07  5.9893816607e-07   0.0018250000000   0.0018250000000
 5.9800125982e-07  7.2575823639e-13  1.0368362191e-05      0.0000000000  5.9799078163e-07  5.9894536691e-07   0.0018416666667   0.0018416666667
 5.9779950738e-07  3.4138064778e-12  1.0368022197e-05      0.0000000000  5.9775022028e-07  5.9748472988e-07   0.0018583333333   0.0018583333333
 5.9769588149e-07  1.2866963586e-11  1.0367692366e-05      0.0000000000  5.9751011368e-07  5.9839069840e-07   0.0018750000000   0.0018750000000
 5.9769104342e-07  2.9194027332e-11  1.0367362206e-05      0.0000000000  5.9726955233e-07  5.9913890894e-07   0.0018916666667   0.0018916666667
 5.9726217170e-07  1.6150956728e-11  1.0367022205e-05      0.0000000000  5.9702899098e-07  5.9803403707e-07   0.0019083333333   0.0019083333333
 5.9693977491e-07  1.0482731760e-11  1.0366692384e-05      0.0000000000  5.9678842963e-07  5.9782829450e-07   0.0019250000000   0.0019250000000
 5.9682802400e-07  1.9404618000e-11  1.0366362210e-05      0.0000000000  5.9654786828e-07  5.9768355462e-07   0.0019416666667   0.0019416666667
 5.9650601676e-07  1.3763375258e-11  1.0366022219e-05      0.0000000000  5.9630730693e-07  5.9626835517e-07   0.0019583333333   0.0019583333333
 5.9632621343e-07  1.7971699818e-11  1.0365692388e-05      0.0000000000  5.9606674559e-07  5.9597456748e-07   0.0019750000000   0.0019750000000
 5.9579376363e-07 -2.2455708156e-12  1.0365362221e-05      0.0000000000  5.9582618424e-07  5.9671430368e-07   0.0019916666667   0.0019916666667
 5.9555493050e-07 -2.1258677528e-12  1.0365022209e-05      0.0000000000  5.9558562289e-07  5.9481117706e-07   0.0020083333333   0.0020083333333
 5.9532396001e-07 -1.4300724245e-12  1.0364692367e-05      0.0000000000  5.9534460679e-07  5.9420742340e-07   0.0020250000000   0.0020250000000
 5.9496067485e-07 -9.9303762476e-12  1.0364362187e-05      0.0000000000  5.9510404544e-07  5.9489617204e-07   0.0020416666667   0.0020416666667
 5.9481660372e-07 -3.2471079452e-12  1.0364022182e-05      0.0000000000  5.9486348410e-07  5.9338536502e-07   0.0020583333333   0.0020583333333
 5.9439001404e-07 -1.6132116003e-11  1.0363692340e-05      0.0000000000  5.9462292275e-07  5.9357434757e-07   0.0020750000000   0.0020750000000
 5.9404209464e-07 -2.3536632865e-11  1.0363362156e-05      0.0000000000  5.9438190665e-07  5.9547704969e-07   0.0020916666667   0.0020916666667
 5.9397141218e-07 -1.1770194505e-11  1.0363022154e-05      0.0000000000  5.9414134530e-07  5.9462280768e-07   0.0021083333333   0.0021083333333
 5.9352401294e-07 -2.6096549394e-11  1.0362692316e-05      0.0000000000  5.9390078395e-07  5.9356879759e-07   0.0021250000000   0.0021250000000
 5.9348942886e-07 -1.1798307065e-11  1.0362362142e-05      0.0000000000  5.9365976786e-07  5.9218931929e-07   0.0021416666667   0.0021416666667
 5.9329591646e-07 -8.5395236757e-12  1.0362022151e-05      0.0000000000  5.9341920651e-07  5.9388928181e-07   0.0021583333333   0.0021583333333
 5.9324360615e-07  4.5309348451e-12  1.0361692320e-05      0.0000000000  5.9317819041e-07  5.9178299109e-07   0.0021750000000   0.0021750000000
 5.9291487489e-07 -1.5760381411e-12  1.0361362160e-05      0.0000000000  5.9293762906e-07  5.9352389458e-07   0.0021916666667   0.0021916666667
 5.9279996196e-07  7.1583322678e-12  1.0361022159e-05      0.0000000000  5.9269661297e-07  5.9365718859e-07   0.0022083333333   0.0022083333333
 5.9263898446e-07  1.2702100734e-11  1.0360692338e-05      0.0000000000  5.9245559687e-07  5.9213317481e-07   0.0022250000000   0.0022250000000
 5.9255153551e-07  2.3307230014e-11  1.0360362164e-05      0.0000000000  5.9221503552e-07  5.9193159866e-07   0.0022416666667   0.0022416666667
 5.9209105068e-07  8.1060157754e-12  1.0360022173e-05      0.0000000000  5.9197401943e-07  5.9194043462e-07   0.0022583333333   0.0022583333333
 5.9193668792e-07  1.4107945398e-11  1.0359692342e-05      0.0000000000  5.9173300333e-07  5.9286127647e-07   0.0022750000000   0.0022750000000
 5.9126664571e-07 -1.5607985269e-11  1.0359362182e-05      0.0000000000  5.9149198724e-07  5.9087930231e-07   0.0022916666667   0.0022916666667
 5.9127276002e-07  1.5091779169e-12  1.0359022181e-05      0.0000000000  5.9125097114e-07  5.9147516335e-07   0.0023083333333   0.0023083333333
 5.9098049144e-07 -2.0722550269e-12  1.0358692360e-05      0.0000000000  5.9101040979e-07  5.9110612854e-07   0.0023250000000   0.0023250000000
 5.9045473266e-07 -2.1794583642e-11  1.0358362186e-05      0.0000000000  5.9076939370e-07  5.9011870257e-07   0.0023416666667   0.0023416666667
 5.9038642803e-07 -9.8319509135e-12  1.0358022195e-05      0.0000000000  5.9052837760e-07  5.9014137418e-07   0.0023583333333   0.0023583333333
 5.9011932616e-07 -1.1638747781e-11  1.0357692364e-05      0.0000000000  5.9028736150e-07  5.9006527805e-07   0.0023750000000   0.0023750000000
 5.8995059784e-07 -6.6318293771e-12  1.0357362204e-05      0.0000000000  5.9004634541e-07  5.8967696764e-07   0.0023916666667   0.0023916666667
 5.8988492860e-07  5.5448378208e-12  1.0357022199e-05      0.0000000000  5.8980487456e-07  5.8902148748e-07   0.0024083333333   0.0024083333333
 5.8956249533e-07 -9.4415955334e-14  1.0356692372e-05      0.0000000000  5.8956385847e-07  5.8931282248e-07   0.0024250000000   0.0024250000000
 5.8960900905e-07  1.9820959506e-11  1.0356362187e-05      0.0000000000  5.8932284237e-07  5.9096164021e-07   0.0024416666667   0.0024416666667
 5.8930843485e-07  1.5695745416e-11  1.0356022175e-05      0.0000000000  5.8908182628e-07  5.8986455091e-07   0.0024583333333   0.0024583333333
 5.8914209812e-07  2.0868313960e-11  1.0355692337e-05      0.0000000000  5.8884081018e-07  5.9009771324e-07   0.0024750000000   0.0024750000000
 5.8871970701e-07  8.3371089468e-12  1.0355362163e-05      0.0000000000  5.8859933934e-07  5.8863320852e-07   0.0024916666667   0.0024916666667
 5.8848505442e-07  8.7778685723e-12  1.0355022152e-05      0.0000000000  5.8835832324e-07  5.8763776415e-07   0.0025083333333   0.0025083333333
 5.8801809645e-07 -6.8716984687e-12  1.0354692310e-05      0.0000000000  5.8811730715e-07  5.8732973203e-07   0.0025250000000   0.0025250000000
 5.8797898556e-07  7.1444977081e-12  1.0354362129e-05      0.0000000000  5.8787583630e-07  5.8780593033e-07   0.0025416666667   0.0025416666667
 5.8734520003e-07 -2.0060161295e-11  1.0354022128e-05      0.0000000000  5.8763482021e-07  5.8789796892e-07   0.0025583333333   0.0025583333333
 5.8735903189e-07 -2.3769547795e-12  1.0353692296e-05      0.0000000000  5.8739334936e-07  5.8694706594e-07   0.0025750000000   0.0025750000000
 5.8691535282e-07 -1.6414139509e-11  1.0353362137e-05      0.0000000000  5.8715233327e-07  5.8567476686e-07   0.0025916666667   0.0025916666667
 5.8688084128e-07 -2.0793754058e-12  1.0353022135e-05      0.0000000000  5.8691086242e-07  5.8722159376e-07   0.0026083333333   0.0026083333333
 5.8656991546e-07 -6.9215801519e-12  1.0352692314e-05      0.0000000000  5.8666984633e-07  5.8693673637e-07   0.0026250000000   0.0026250000000
 5.8620559174e-07 -1.5430823460e-11  1.0352362141e-05      0.0000000000  5.8642837548e-07  5.8588778887e-07   0.0026416666667   0.0026416666667
 5.8614404252e-07 -2.9687886883e-12  1.0352022150e-05      0.0000000000  5.8618690464e-07  5.8602359846e-07   0.0026583333333   0.0026583333333
 5.8596392912e-07  1.2495565838e-12  1.0351692318e-05      0.0000000000  5.8594588854e-07  5.8639851343e-07   0.0026750000000   0.0026750000000
 5.8575719845e-07  3.6557895372e-12  1.0351362159e-05      0.0000000000  5.8570441770e-07  5.8499471267e-07   0.0026916666667   0.0026916666667
 5.8553136101e-07  4.7386164865e-12  1.0351022157e-05      0.0000000000  5.8546294686e-07  5.8614793074e-07   0.0027083333333   0.0027083333333
 5.8558566950e-07  2.5225383606e-11  1.0350692336e-05      0.0000000000  5.8522147601e-07  5.8776349572e-07   0.0027250000000   0.0027250000000
 5.8513427689e-07  1.0685427753e-11  1.0350362163e-05      0.0000000000  5.8498000517e-07  5.8520512478e-07   0.0027416666667   0.0027416666667
 5.8501195634e-07  1.8938216783e-11  1.0350022172e-05      0.0000000000  5.8473853433e-07  5.8540668520e-07   0.0027583333333   0.0027583333333
 5.8489468616e-07  2.7540812421e-11  1.0349692340e-05      0.0000000000  5.8449706348e-07  5.8473095466e-07   0.0027750000000   0.0027750000000
 5.8437539288e-07  8.2978064832e-12  1.0349362181e-05      0.0000000000  5.8425559264e-07  5.8392647386e-07   0.0027916666667   0.0027916666667
 5.8414337515e-07  8.9525635652e-12  1.0349022179e-05      0.0000000000  5.8401412180e-07  5.8482478560e-07   0.0028083333333   0.0028083333333
 5.8396703963e-07  1.3464076364e-11  1.0348692358e-05      0.0000000000  5.8377265095e-07  5.8500570259e-07   0.0028250000000   0.0028250000000
 5.8370998304e-07  1.2384549953e-11  1.0348362185e-05      0.0000000000  5.8353118011e-07  5.8440938560e-07   0.0028416666667   0.0028416666667
 5.8362319804e-07  2.3098662069e-11  1.0348022194e-05      0.0000000000  5.8328970927e-07  5.8230439983e-07   0.0028583333333   0.0028583333333
 5.8308426335e-07  2.4952189648e-12  1.0347692362e-05      0.0000000000  5.8304823842e-07  5.8306435496e-07   0.0028750000000   0.0028750000000
 5.8288929744e-07  5.7163225419e-12  1.0347362203e-05      0.0000000000  5.8280676758e-07  5.8380204725e-07   0.0028916666667   0.0028916666667
 5.8245983376e-07 -7.2732569145e-12  1.0347022205e-05      0.0000000000  5.8256484199e-07  5.8121598926e-07   0.0029083333333   0.0029083333333
 5.8214439717e-07 -1.2396397434e-11  1.0346692380e-05      0.0000000000  5.8232337115e-07  5.8128115837e-07   0.0029250000000   0.0029250000000
 5.8169477494e-07 -2.6813730359e-11  1.0346362207e-05      0.0000000000  5.8208190030e-07  5.8218174984e-07   0.0029416666667   0.0029416666667
 5.8146590746e-07 -2.5909277114e-11  1.0346022216e-05      0.0000000000  5.8183997471e-07  5.8250330318e-07   0.0029583333333   0.0029583333333
 5.8129317709e-07 -2.1148058435e-11  1.0345692384e-05      0.0000000000  5.8159850387e-07  5.8120108448e-07   0.0029750000000   0.0029750000000
 5.8120355871e-07 -1.0598699367e-11  1.0345362218e-05      0.0000000000  5.8135657828e-07  5.8127985341e-07   0.0029916666667   0.0029916666667
 5.8112990674e-07  1.0250542771e-12  1.0345022206e-05      0.0000000000  5.8111510744e-07  5.8260411484e-07   0.0030083333333   0.0030083333333
 5.8069403406e-07 -1.2408436463e-11  1.0344692360e-05      0.0000000000  5.8087318185e-07  5.8064882149e-07   0.0030250000000   0.0030250000000
 5.8066747666e-07  2.4772610168e-12  1.0344362183e-05      0.0000000000  5.8063171100e-07  5.8005825888e-07   0.0030416666667   0.0030416666667
 5.8054547366e-07  1.0783542123e-11  1.0344022178e-05      0.0000000000  5.8038978541e-07  5.8080925227e-07   0.0030583333333   0.0030583333333
 5.8035398933e-07  1.4277289709e-11  1.0343692337e-05      0.0000000000  5.8014785982e-07  5.7928486115e-07   0.0030750000000   0.0030750000000
 5.8009669120e-07  1.3181033578e-11  1.0343362156e-05      0.0000000000  5.7990638898e-07  5.8106874952e-07   0.0030916666667   0.0030916666667
 5.8004524470e-07  2.6374317667e-11  1.0343022148e-05      0.0000000000  5.7966446339e-07  5.7984704493e-07   0.0031083333333   0.0031083333333
 5.7962215075e-07  1.3825929065e-11  1.0342692313e-05      0.0000000000  5.7942253780e-07  5.7976802444e-07   0.0031250000000   0.0031250000000
 5.7934519744e-07  1.1399779997e-11  1.0342362139e-05      0.0000000000  5.7918061221e-07  5.7760447295e-07   0.0031416666667   0.0031416666667
 5.7927669548e-07  2.3380243108e-11  1.0342022148e-05      0.0000000000  5.7893914136e-07  5.8049466393e-07   0.0031583333333   0.0031583333333
 5.7865775297e-07 -2.7333392580e-12  1.0341692317e-05      0.0000000000  5.7869721577e-07  5.8012646240e-07   0.0031750000000   0.0031750000000
 5.7858334365e-07  8.8694555049e-12  1.0341362157e-05      0.0000000000  5.7845529018e-07  5.7873325850e-07   0.0031916666667   0.0031916666667
 5.7831327520e-07  6.9201774909e-12  1.0341022159e-05      0.0000000000  5.7821336459e-07  5.7948422045e-07   0.0032083333333   0.0032083333333
 5.7782532225e-07 -1.0120585162e-11  1.0340692335e-05      0.0000000000  5.7797143900e-07  5.7807614321e-07   0.0032250000000   0.0032250000000
 5.7770206721e-07 -1.9010247073e-12  1.0340362161e-05      0.0000000000  5.7772951341e-07  5.7653955155e-07   0.0032416666667   0.0032416666667
 5.7731019909e-07 -1.2286597292e-11  1.0340022170e-05      0.0000000000  5.7748758782e-07  5.7674552996e-07   0.0032583333333   0.0032583333333
 5.7700556939e-07 -1.6598217761e-11  1.0339692339e-05      0.0000000000  5.7724520748e-07  5.7629489619e-07   0.0032750000000   0.0032750000000
 5.7670445894e-07 -2.0697579440e-11  1.0339362179e-05      0.0000000000  5.7700328189e-07  5.7665174619e-07   0.0032916666667   0.0032916666667
 5.7611482706e-07 -4.4780999145e-11  1.0339022181e-05      0.0000000000  5.7676135630e-07  5.7520750757e-07   0.0033083333333   0.0033083333333
 5.7601363042e-07 -3.5033593284e-11  1.0338692353e-05      0.0000000000  5.7651943071e-07  5.7643829967e-07   0.0033250000000   0.0033250000000
 5.7551417695e-07 -5.2870923802e-11  1.0338362183e-05      0.0000000000  5.7627750512e-07  5.7651070106e-07   0.0033416666667   0.0033416666667
 5.7536596842e-07 -4.6348236763e-11  1.0338022192e-05      0.0000000000  5.7603512478e-07  5.7592784239e-07   0.0033583333333   0.0033583333333
 5.7491371212e-07 -6.0916517015e-11  1.0337692361e-05      0.0000000000  5.7579319919e-07  5.7605467453e-07   0.0033750000000   0.0033750000000
 5.7533729704e-07 -1.4789307746e-11  1.0337362201e-05      0.0000000000  5.7555081885e-07  5.7624766627e-07   0.0033916666667   0.0033916666667
 5.7517795579e-07 -9.0692119180e-12  1.0337022200e-05      0.0000000000  5.7530889326e-07  5.7515831236e-07   0.0034083333333   0.0034083333333
 5.7490244449e-07 -1.1395482335e-11  1.0336692365e-05      0.0000000000  5.7506696767e-07  5.7376858310e-07   0.0034250000000   0.0034250000000
 5.7487272413e-07  3.3341318481e-12  1.0336362184e-05      0.0000000000  5.7482458733e-07  5.7560531427e-07   0.0034416666667   0.0034416666667
 5.7483138035e-07  1.7258665255e-11  1.0336022172e-05      0.0000000000  5.7458220699e-07  5.7486301533e-07   0.0034583333333   0.0034583333333
 5.7450713608e-07  1.1556970200e-11  1.0335692334e-05      0.0000000000  5.7434028140e-07  5.7489894088e-07   0.0034750000000   0.0034750000000
 5.7415482613e-07  3.9428400233e-12  1.0335362160e-05      0.0000000000  5.7409790106e-07  5.7401636721e-07   0.0034916666667   0.0034916666667
 5.7376759316e-07 -6.1216847872e-12  1.0335022145e-05      0.0000000000  5.7385597547e-07  5.7387623398e-07   0.0035083333333   0.0035083333333
 5.7324232987e-07 -2.5715201502e-11  1.0334692303e-05      0.0000000000  5.7361359514e-07  5.7316052152e-07   0.0035250000000   0.0035250000000
 5.7314466022e-07 -1.5692005555e-11  1.0334362129e-05      0.0000000000  5.7337121480e-07  5.7242578503e-07   0.0035416666667   0.0035416666667
 5.7300906985e-07 -8.2953386823e-12  1.0334022124e-05      0.0000000000  5.7312883446e-07  5.7377716750e-07   0.0035583333333   0.0035583333333
 5.7299968974e-07  7.8116186613e-12  1.0333692293e-05      0.0000000000  5.7288690887e-07  5.7320427680e-07   0.0035750000000   0.0035750000000
 5.7254083727e-07 -7.1820392517e-12  1.0333362133e-05      0.0000000000  5.7264452853e-07  5.7143710127e-07   0.0035916666667   0.0035916666667
 5.7254558692e-07  9.9350947811e-12  1.0333022135e-05      0.0000000000  5.7240214819e-07  5.7224000984e-07   0.0036083333333   0.0036083333333
 5.7235440410e-07  1.3481224064e-11  1.0332692307e-05      0.0000000000  5.7215976786e-07  5.7241842697e-07   0.0036250000000   0.0036250000000
 5.7217629633e-07  1.7932979001e-11  1.0332362137e-05      0.0000000000  5.7191738752e-07  5.7208578938e-07   0.0036416666667   0.0036416666667
 5.7229846833e-07  4.3183218437e-11  1.0332022146e-05      0.0000000000  5.7167500718e-07  5.7119604632e-07   0.0036583333333   0.0036583333333
 5.7181910529e-07  2.6768922274e-11  1.0331692315e-05      0.0000000000  5.7143262684e-07  5.7154670172e-07   0.0036750000000   0.0036750000000
 5.7160832648e-07  2.8957760466e-11  1.0331362155e-05      0.0000000000  5.7119024650e-07  5.7293834910e-07   0.0036916666667   0.0036916666667
 5.7136844650e-07  2.9130944958e-11  1.0331022157e-05      0.0000000000  5.7094786617e-07  5.7122950347e-07   0.0037083333333   0.0037083333333
 5.7106328563e-07  2.4782533909e-11  1.0330692330e-05      0.0000000000  5.7070548583e-07  5.7252448989e-07   0.0037250000000   0.0037250000000
 5.7032481052e-07 -9.5473222256e-12  1.0330362159e-05      0.0000000000  5.7046265074e-07  5.7124003744e-07   0.0037416666667   0.0037416666667
 5.7017737470e-07 -2.9711148871e-12  1.0330022168e-05      0.0000000000  5.7022027040e-07  5.6975529806e-07   0.0037583333333   0.0037583333333
 5.6981070240e-07 -1.1580034206e-11  1.0329692337e-05      0.0000000000  5.6997789007e-07  5.6929048274e-07   0.0037750000000   0.0037750000000
 5.6951890620e-07 -1.5002758741e-11  1.0329362177e-05      0.0000000000  5.6973550973e-07  5.6875713373e-07   0.0037916666667   0.0037916666667
 5.6949951060e-07  4.7348351793e-13  1.0329022179e-05      0.0000000000  5.6949267464e-07  5.6947136829e-07   0.0038083333333   0.0038083333333
 5.6918575541e-07 -4.4702020698e-12  1.0328692352e-05      0.0000000000  5.6925029430e-07  5.6902782529e-07   0.0038250000000   0.0038250000000
 5.6888256036e-07 -8.6509555071e-12  1.0328362181e-05      0.0000000000  5.6900745922e-07  5.6910055685e-07   0.0038416666667   0.0038416666667
 5.6870293657e-07 -4.3042054732e-12  1.0328022190e-05      0.0000000000  5.6876507888e-07  5.6938373195e-07   0.0038583333333   0.0038583333333
 5.6837758935e-07 -1.0019300038e-11  1.0327692359e-05      0.0000000000  5.6852224380e-07  5.6736468451e-07   0.0038750000000   0.0038750000000
 5.6825310700e-07 -1.8532510951e-12  1.0327362199e-05      0.0000000000  5.6827986346e-07  5.6822240116e-07   0.0038916666667   0.0038916666667
 5.6807431589e-07  2.5826712146e-12  1.0327022198e-05      0.0000000000  5.6803702837e-07  5.6774736631e-07   0.0039083333333   0.0039083333333
 5.6788479070e-07  6.2436137545e-12  1.0326692374e-05      0.0000000000  5.6779464803e-07  5.6752491089e-07   0.0039250000000   0.0039250000000
 5.6749727879e-07 -3.7772370514e-12  1.0326362203e-05      0.0000000000  5.6755181295e-07  5.6721359280e-07   0.0039416666667   0.0039416666667
 5.6733342288e-07  1.6931519672e-12  1.0326022212e-05      0.0000000000  5.6730897786e-07  5.6779906137e-07   0.0039583333333   0.0039583333333
 5.6700986648e-07 -3.9294012416e-12  1.0325692381e-05      0.0000000000  5.6706659753e-07  5.6726033532e-07   0.0039750000000   0.0039750000000
 5.6674479816e-07 -5.4693572272e-12  1.0325362214e-05      0.0000000000  5.6682376244e-07  5.6603124123e-07   0.0039916666667   0.0039916666667
 5.6642386433e-07 -1.0878764270e-11  1.0325022199e-05      0.0000000000  5.6658092735e-07  5.6800763396e-07   0.0040083333333   0.0040083333333
 5.6620370793e-07 -9.3079546112e-12  1.0324692357e-05      0.0000000000  5.6633809227e-07  5.6663744757e-07   0.0040250000000   0.0040250000000
 5.6602585359e-07 -4.8071491164e-12  1.0324362184e-05      0.0000000000  5.6609525718e-07  5.6540635674e-07   0.0040416666667   0.0040416666667
 5.6584010949e-07 -8.5281697383e-13  1.0324022175e-05      0.0000000000  5.6585242210e-07  5.6559922271e-07   0.0040583333333   0.0040583333333
 5.6596490152e-07  2.4578895512e-11  1.0323692333e-05      0.0000000000  5.6561004176e-07  5.6696236549e-07   0.0040750000000   0.0040750000000
 5.6543379846e-07  4.6123925500e-12  1.0323362149e-05      0.0000000000  5.6536720667e-07  5.6540904527e-07   0.0040916666667   0.0040916666667
 5.6550427213e-07  2.6313312174e-11  1.0323022148e-05      0.0000000000  5.6512437159e-07  5.6479109433e-07   0.0041083333333   0.0041083333333
 5.6513667376e-07  1.7703244534e-11  1.0322692306e-05      0.0000000000  5.6488108176e-07  5.6466133784e-07   0.0041250000000   0.0041250000000
 5.6481585562e-07  1.2301850731e-11  1.0322362136e-05      0.0000000000  5.6463824667e-07  5.6318361063e-07   0.0041416666667   0.0041416666667
 5.6454256009e-07  1.0192047901e-11  1.0322022145e-05      0.0000000000  5.6439541159e-07  5.6290236938e-07   0.0041583333333   0.0041583333333
 5.6430753289e-07  1.0732850877e-11  1.0321692313e-05      0.0000000000  5.6415257650e-07  5.6352621619e-07   0.0041750000000   0.0041750000000
 5.6414403421e-07  1.6227982855e-11  1.0321362154e-05      0.0000000000  5.6390974142e-07  5.6314339288e-07   0.0041916666667   0.0041916666667
 5.6399408349e-07  2.2661496689e-11  1.0321022152e-05      0.0000000000  5.6366690633e-07  5.6256485786e-07   0.0042083333333   0.0042083333333
 5.6343498208e-07  7.8722220072e-13  1.0320692328e-05      0.0000000000  5.6342361650e-07  5.6428882839e-07   0.0042250000000   0.0042250000000
 5.6329150449e-07  7.6690888371e-12  1.0320362158e-05      0.0000000000  5.6318078141e-07  5.6430032142e-07   0.0042416666667   0.0042416666667
 5.6284259043e-07 -6.6047011501e-12  1.0320022167e-05      0.0000000000  5.6293794633e-07  5.6347727254e-07   0.0042583333333   0.0042583333333
 5.6276188498e-07  4.6564931686e-12  1.0319692335e-05      0.0000000000  5.6269465649e-07  5.6371801304e-07   0.0042750000000   0.0042750000000
 5.6236532827e-07 -5.9908338445e-12  1.0319362176e-05      0.0000000000  5.6245182141e-07  5.6277352479e-07   0.0042916666667   0.0042916666667
 5.6243869463e-07  1.5941941842e-11  1.0319022174e-05      0.0000000000  5.6220853158e-07  5.6215379723e-07   0.0043083333333   0.0043083333333
 5.6196375312e-07 -1.3460505042e-13  1.0318692350e-05      0.0000000000  5.6196569649e-07  5.6199893216e-07   0.0043250000000   0.0043250000000
 5.6170495740e-07 -1.2085999272e-12  1.0318362180e-05      0.0000000000  5.6172240666e-07  5.6150081692e-07   0.0043416666667   0.0043416666667
 5.6166599118e-07  1.2912109342e-11  1.0318022189e-05      0.0000000000  5.6147957157e-07  5.6060942301e-07   0.0043583333333   0.0043583333333
 5.6117911992e-07 -3.9592385263e-12  1.0317692357e-05      0.0000000000  5.6123628174e-07  5.6136851341e-07   0.0043750000000   0.0043750000000
 5.6111328007e-07  8.3001042974e-12  1.0317362201e-05      0.0000000000  5.6099344665e-07  5.6049376946e-07   0.0043916666667   0.0043916666667
 5.6071669971e-07 -2.3173632202e-12  1.0317022196e-05      0.0000000000  5.6075015682e-07  5.6073301634e-07   0.0044083333333   0.0044083333333
 5.6057369410e-07  4.6286921495e-12  1.0316692372e-05      0.0000000000  5.6050686699e-07  5.5977407926e-07   0.0044250000000   0.0044250000000
 5.6040584575e-07  9.8540476709e-12  1.0316362202e-05      0.0000000000  5.6026357716e-07  5.5930613519e-07   0.0044416666667   0.0044416666667
 5.6004062094e-07  1.3768836884e-12  1.0316022214e-05      0.0000000000  5.6002074207e-07  5.5967864464e-07   0.0044583333333   0.0044583333333
 5.5965417656e-07 -8.5385277796e-12  1.0315692379e-05      0.0000000000  5.5977745224e-07  5.5998820183e-07   0.0044750000000   0.0044750000000
 5.5977817799e-07  1.6901419093e-11  1.0315362223e-05      0.0000000000  5.5953416241e-07  5.5910193341e-07   0.0044916666667   0.0044916666667
 5.5938777792e-07  6.7120214424e-12  1.0315022218e-05      0.0000000000  5.5929087257e-07  5.5921673795e-07   0.0045083333333   0.0045083333333
 5.5916867944e-07  8.3876042119e-12  1.0314692394e-05      0.0000000000  5.5904758274e-07  5.5976014926e-07   0.0045250000000   0.0045250000000
 5.5898988713e-07  1.2854940548e-11  1.0314362224e-05      0.0000000000  5.5880429291e-07  5.5788875033e-07   0.0045416666667   0.0045416666667
 5.5876686529e-07  1.4258776401e-11  1.0314022233e-05      0.0000000000  5.5856100307e-07  5.5997831248e-07   0.0045583333333   0.0045583333333
 5.5807524522e-07 -1.6794229515e-11  1.0313692384e-05      0.0000000000  5.5831771324e-07  5.5929638734e-07   0.0045750000000   0.0045750000000
 5.5790134563e-07 -1.1988005304e-11  1.0313362203e-05      0.0000000000  5.5807442341e-07  5.5785804459e-07   0.0045916666667   0.0045916666667
 5.5772132693e-07 -7.6056130119e-12  1.0313022202e-05      0.0000000000  5.5783113358e-07  5.5868384489e-07   0.0046083333333   0.0046083333333
 5.5730137469e-07 -1.9841903044e-11  1.0312692360e-05      0.0000000000  5.5758784374e-07  5.5807737127e-07   0.0046250000000   0.0046250000000
 5.5708169922e-07 -1.8174787384e-11  1.0312362179e-05      0.0000000000  5.5734409916e-07  5.5655923764e-07   0.0046416666667   0.0046416666667
 5.5694159393e-07 -1.1027845826e-11  1.0312022168e-05      0.0000000000  5.5710080933e-07  5.5564756191e-07   0.0046583333333   0.0046583333333
 5.5675851408e-07 -6.8574805310e-12  1.0311692333e-05      0.0000000000  5.5685751950e-07  5.5565789149e-07   0.0046750000000   0.0046750000000
 5.5674719231e-07  9.2409805503e-12  1.0311362156e-05      0.0000000000  5.5661377492e-07  5.5615242204e-07   0.0046916666667   0.0046916666667
 5.5633129916e-07 -2.7141613502e-12  1.0311022147e-05      0.0000000000  5.5637048508e-07  5.5603934695e-07   0.0047083333333   0.0047083333333
 5.5608405232e-07 -2.9882387160e-12  1.0310692326e-05      0.0000000000  5.5612719525e-07  5.5577981825e-07   0.0047250000000   0.0047250000000
 5.5608874438e-07  1.4219399119e-11  1.0310362156e-05      0.0000000000  5.5588345067e-07  5.5639611834e-07   0.0047416666667   0.0047416666667
 5.5582220399e-07  1.2608979826e-11  1.0310022169e-05      0.0000000000  5.5564016084e-07  5.5577285325e-07   0.0047583333333   0.0047583333333
 5.5567835715e-07  1.9528265328e-11  1.0309692334e-05      0.0000000000  5.5539641626e-07  5.5534291009e-07   0.0047750000000   0.0047750000000
 5.5526806797e-07  7.9612751463e-12  1.0309362178e-05      0.0000000000  5.5515312643e-07  5.5447915606e-07   0.0047916666667   0.0047916666667
 5.5497300474e-07  4.4067564050e-12  1.0309022169e-05      0.0000000000  5.5490938185e-07  5.5707096843e-07   0.0048083333333   0.0048083333333
 5.5509117349e-07  2.9442710143e-11  1.0308692348e-05      0.0000000000  5.5466609201e-07  5.5624824971e-07   0.0048250000000   0.0048250000000
 5.5454659112e-07  8.6055760627e-12  1.0308362178e-05      0.0000000000  5.5442234743e-07  5.5623491717e-07   0.0048416666667   0.0048416666667
 5.5441890613e-07  1.6644290824e-11  1.0308022191e-05      0.0000000000  5.5417860285e-07  5.5411279404e-07   0.0048583333333   0.0048583333333
 5.5397494156e-07  2.7448186111e-12  1.0307692356e-05      0.0000000000  5.5393531302e-07  5.5416393882e-07   0.0048750000000   0.0048750000000
 5.5353413366e-07 -1.0904513288e-11  1.0307362200e-05      0.0000000000  5.5369156844e-07  5.5192836328e-07   0.0048916666667   0.0048916666667
 5.5336911041e-07 -5.4519838043e-12  1.0307022191e-05      0.0000000000  5.5344782386e-07  5.5189157300e-07   0.0049083333333   0.0049083333333
 5.5282405486e-07 -2.6321892591e-11  1.0306692370e-05      0.0000000000  5.5320407928e-07  5.5434370808e-07   0.0049250000000   0.0049250000000
 5.5269786985e-07 -1.8179283305e-11  1.0306362200e-05      0.0000000000  5.5296033470e-07  5.5182415560e-07   0.0049416666667   0.0049416666667
 5.5252634902e-07 -1.3208297258e-11  1.0306022213e-05      0.0000000000  5.5271704487e-07  5.5172159876e-07   0.0049583333333   0.0049583333333
 5.5237731983e-07 -6.6479604893e-12  1.0305692374e-05      0.0000000000  5.5247330029e-07  5.5338727085e-07   0.0049750000000   0.0049750000000
 5.5226711632e-07  2.6015862848e-12  1.0305362211e-05      0.0000000000  5.5222955571e-07  5.5069250858e-07   0.0049916666667   0.0049916666667
 5.5200192348e-07  1.1160009612e-12  1.0305022199e-05      0.0000000000  5.5198581113e-07  5.5130340019e-07   0.0050083333333   0.0050083333333
 5.5166774841e-07 -5.1475480622e-12  1.0304692354e-05      0.0000000000  5.5174206655e-07  5.5226964816e-07   0.0050250000000   0.0050250000000
 5.5156964765e-07  4.9402798402e-12  1.0304362180e-05      0.0000000000  5.5149832197e-07  5.5131748740e-07   0.0050416666667   0.0050416666667
 5.5146468300e-07  1.4584186741e-11  1.0304022175e-05      0.0000000000  5.5125412264e-07  5.5126129575e-07   0.0050583333333   0.0050583333333
 5.5120122527e-07  1.3218781510e-11  1.0303692326e-05      0.0000000000  5.5101037806e-07  5.5158514456e-07   0.0050750000000   0.0050750000000
 5.5073653383e-07 -2.0848125204e-12  1.0303362146e-05      0.0000000000  5.5076663348e-07  5.5239997066e-07   0.0050916666667   0.0050916666667
 5.5059494365e-07  4.9907774260e-12  1.0303022144e-05      0.0000000000  5.5052288890e-07  5.5024905993e-07   0.0051083333333   0.0051083333333
 5.5023912192e-07 -2.7720987531e-12  1.0302692303e-05      0.0000000000  5.5027914432e-07  5.5041073277e-07   0.0051250000000   0.0051250000000
 5.5011431680e-07  5.4975837677e-12  1.0302362132e-05      0.0000000000  5.5003494499e-07  5.4981072103e-07   0.0051416666667   0.0051416666667
 5.4983393120e-07  2.9596916353e-12  1.0302022145e-05      0.0000000000  5.4979120041e-07  5.5014378312e-07   0.0051583333333   0.0051583333333
 5.4955125714e-07  2.6329280561e-13  1.0301692310e-05      0.0000000000  5.4954745583e-07  5.5045723946e-07   0.0051750000000   0.0051750000000
 5.4947407428e-07  1.1831469160e-11  1.0301362150e-05      0.0000000000  5.4930325650e-07  5.5011057754e-07   0.0051916666667   0.0051916666667
 5.4917025589e-07  7.6705350710e-12  1.0301022146e-05      0.0000000000  5.4905951192e-07  5.5011571874e-07   0.0052083333333   0.0052083333333
 5.4901369056e-07  1.3740388918e-11  1.0300692325e-05      0.0000000000  5.4881531260e-07  5.4703638799e-07   0.0052250000000   0.0052250000000
 5.4884541965e-07  1.8967973987e-11  1.0300362154e-05      0.0000000000  5.4857156802e-07  5.4797773178e-07   0.0052416666667   0.0052416666667
 5.4861891289e-07  2.0193426418e-11  1.0300022167e-05      0.0000000000  5.4832736869e-07  5.4896839655e-07   0.0052583333333   0.0052583333333
 5.4826371879e-07  1.2474021603e-11  1.0299692332e-05      0.0000000000  5.4808362411e-07  5.4678319540e-07   0.0052750000000   0.0052750000000
 5.4776104130e-07 -5.4291289924e-12  1.0299362172e-05      0.0000000000  5.4783942478e-07  5.4728096475e-07   0.0052916666667   0.0052916666667
 5.4742226220e-07 -1.1980072497e-11  1.0299022168e-05      0.0000000000  5.4759522545e-07  5.4849674201e-07   0.0053083333333   0.0053083333333
 5.4715186778e-07 -1.3825939010e-11  1.0298692347e-05      0.0000000000  5.4735148087e-07  5.4796501240e-07   0.0053250000000   0.0053250000000
 5.4693313775e-07 -1.2061841403e-11  1.0298362176e-05      0.0000000000  5.4710728155e-07  5.4655608616e-07   0.0053416666667   0.0053416666667
 5.4648182902e-07 -2.6407002437e-11  1.0298022189e-05      0.0000000000  5.4686308222e-07  5.4660166523e-07   0.0053583333333   0.0053583333333
 5.4654654094e-07 -5.0106706016e-12  1.0297692354e-05      0.0000000000  5.4661888289e-07  5.4762600726e-07   0.0053750000000   0.0053750000000
 5.4638977722e-07  1.0139449916e-12  1.0297362194e-05      0.0000000000  5.4637513831e-07  5.4557073554e-07   0.0053916666667   0.0053916666667
 5.4619983602e-07  4.7720624007e-12  1.0297022190e-05      0.0000000000  5.4613093899e-07  5.4801551257e-07   0.0054083333333   0.0054083333333
 5.4638216347e-07  3.4314879714e-11  1.0296692369e-05      0.0000000000  5.4588673966e-07  5.4711193385e-07   0.0054250000000   0.0054250000000
 5.4586166971e-07  1.5177708678e-11  1.0296362202e-05      0.0000000000  5.4564254033e-07  5.4582925801e-07   0.0054416666667   0.0054416666667
 5.4573327226e-07  2.3198573622e-11  1.0296022211e-05      0.0000000000  5.4539834100e-07  5.4630789327e-07   0.0054583333333   0.0054583333333
 5.4541240268e-07  1.7888109267e-11  1.0295692376e-05      0.0000000000  5.4515414168e-07  5.4489997326e-07   0.0054750000000   0.0054750000000
 5.4485743544e-07 -3.6368222019e-12  1.0295362216e-05      0.0000000000  5.4490994235e-07  5.4288657014e-07   0.0054916666667   0.0054916666667
 5.4484156762e-07  1.2178260271e-11  1.0295022215e-05      0.0000000000  5.4466574302e-07  5.4151916660e-07   0.0055083333333   0.0055083333333
 5.4448368175e-07  4.3039107624e-12  1.0294692391e-05      0.0000000000  5.4442154369e-07  5.4487662558e-07   0.0055250000000   0.0055250000000
 5.4411534140e-07 -4.2945543388e-12  1.0294362224e-05      0.0000000000  5.4417734437e-07  5.4511838804e-07   0.0055416666667   0.0055416666667
 5.4407378319e-07  9.7726142665e-12  1.0294022226e-05      0.0000000000  5.4393269029e-07  5.4334157472e-07   0.0055583333333   0.0055583333333
 5.4359007381e-07 -6.8167351086e-12  1.0293692381e-05      0.0000000000  5.4368849096e-07  5.4397219786e-07   0.0055750000000   0.0055750000000
 5.4350463488e-07  4.1795957183e-12  1.0293362204e-05      0.0000000000  5.4344429164e-07  5.4246057328e-07   0.0055916666667   0.0055916666667
 5.4304843343e-07 -1.0504453189e-11  1.0293022199e-05      0.0000000000  5.4320009231e-07  5.4412432724e-07   0.0056083333333   0.0056083333333
 5.4269044669e-07 -1.8354291531e-11  1.0292692357e-05      0.0000000000  5.4295543823e-07  5.4429357825e-07   0.0056250000000   0.0056250000000
 5.4248913055e-07 -1.5384044014e-11  1.0292362176e-05      0.0000000000  5.4271123891e-07  5.4255880647e-07   0.0056416666667   0.0056416666667
 5.4234508518e-07 -8.4155141023e-12  1.0292022164e-05      0.0000000000  5.4246658483e-07  5.4343446231e-07   0.0056583333333   0.0056583333333
 5.4181571708e-07 -2.8167354309e-11  1.0291692329e-05      0.0000000000  5.4222238550e-07  5.4143612119e-07   0.0056750000000   0.0056750000000
 5.4202236920e-07  3.0602790834e-12  1.0291362152e-05      0.0000000000  5.4197818618e-07  5.4382898304e-07   0.0056916666667   0.0056916666667
 5.4178819725e-07  3.7863100355e-12  1.0291022147e-05      0.0000000000  5.4173353210e-07  5.4222829140e-07   0.0057083333333   0.0057083333333
 5.4157218051e-07  5.7383394000e-12  1.0290692323e-05      0.0000000000  5.4148933277e-07  5.4143796071e-07   0.0057250000000   0.0057250000000
 5.4166974288e-07  2.9441512285e-11  1.0290362156e-05      0.0000000000  5.4124467870e-07  5.3972464992e-07   0.0057416666667   0.0057416666667
 5.4117909586e-07  1.2403134162e-11  1.0290022165e-05      0.0000000000  5.4100002463e-07  5.3924785418e-07   0.0057583333333   0.0057583333333
 5.4122668379e-07  3.2613395452e-11  1.0289692330e-05      0.0000000000  5.4075582530e-07  5.4009404635e-07   0.0057750000000   0.0057750000000
 5.4085515229e-07  2.3825397330e-11  1.0289362171e-05      0.0000000000  5.4051117122e-07  5.3972560899e-07   0.0057916666667   0.0057916666667
 5.4033386245e-07  4.6645839958e-12  1.0289022169e-05      0.0000000000  5.4026651715e-07  5.4149808294e-07   0.0058083333333   0.0058083333333
 5.4025656043e-07  1.6224506528e-11  1.0288692345e-05      0.0000000000  5.4002231782e-07  5.4170805482e-07   0.0058250000000   0.0058250000000
 5.3974185620e-07 -2.4801628396e-12  1.0288362178e-05      0.0000000000  5.3977766375e-07  5.3886466926e-07   0.0058416666667   0.0058416666667
 5.3939541218e-07 -9.5305093164e-12  1.0288022187e-05      0.0000000000  5.3953300967e-07  5.3914348927e-07   0.0058583333333   0.0058583333333
 5.3901785509e-07 -1.8735862141e-11  1.0287692349e-05      0.0000000000  5.3928835560e-07  5.3803644772e-07   0.0058750000000   0.0058750000000
 5.3885599720e-07 -1.3001093582e-11  1.0287362193e-05      0.0000000000  5.3904370152e-07  5.3806704340e-07   0.0058916666667   0.0058916666667
 5.3855204146e-07 -1.7108545313e-11  1.0287022191e-05      0.0000000000  5.3879904745e-07  5.3804064559e-07   0.0059083333333   0.0059083333333
 5.3822785222e-07 -2.2617444232e-11  1.0286692367e-05      0.0000000000  5.3855439337e-07  5.3908437326e-07   0.0059250000000   0.0059250000000
 5.3800593131e-07 -2.1042861140e-11  1.0286362200e-05      0.0000000000  5.3830973930e-07  5.4101152362e-07   0.0059416666667   0.0059416666667
 5.3802591686e-07 -2.7129449996e-12  1.0286022209e-05      0.0000000000  5.3806508522e-07  5.3780045537e-07   0.0059583333333   0.0059583333333
 5.3792923325e-07  7.5360350760e-12  1.0285692371e-05      0.0000000000  5.3782043115e-07  5.3654807649e-07   0.0059750000000   0.0059750000000
 5.3789670729e-07  2.2228810091e-11  1.0285362208e-05      0.0000000000  5.3757577707e-07  5.3782340999e-07   0.0059916666667   0.0059916666667
 5.3752039262e-07  1.3109511690e-11  1.0285022196e-05      0.0000000000  5.3733112300e-07  5.3773036517e-07   0.0060083333333   0.0060083333333
 5.3718054384e-07  6.5159754077e-12  1.0284692351e-05      0.0000000000  5.3708646892e-07  5.3702113031e-07   0.0060250000000   0.0060250000000
 5.3694466938e-07  7.1240840394e-12  1.0284362177e-05      0.0000000000  5.3684181485e-07  5.3833520366e-07   0.0060416666667   0.0060416666667
 5.3658566773e-07 -7.6455328340e-13  1.0284022169e-05      0.0000000000  5.3659670603e-07  5.3764535446e-07   0.0060583333333   0.0060583333333
 5.3627763686e-07 -5.1542635252e-12  1.0283692323e-05      0.0000000000  5.3635205195e-07  5.3493944506e-07   0.0060750000000   0.0060750000000
 5.3612479170e-07  1.2047604816e-12  1.0283362146e-05      0.0000000000  5.3610739788e-07  5.3582458147e-07   0.0060916666667   0.0060916666667
 5.3577403008e-07 -6.1131416932e-12  1.0283022141e-05      0.0000000000  5.3586228905e-07  5.3604024484e-07   0.0061083333333   0.0061083333333
 5.3562562022e-07  5.5308735434e-13  1.0282692299e-05      0.0000000000  5.3561763498e-07  5.3408350503e-07   0.0061250000000   0.0061250000000
 5.3555108879e-07  1.2336408558e-11  1.0282362133e-05      0.0000000000  5.3537298091e-07  5.3401166965e-07   0.0061416666667   0.0061416666667
 5.3518281683e-07  3.8056756872e-12  1.0282022142e-05      0.0000000000  5.3512787208e-07  5.3616468717e-07   0.0061583333333   0.0061583333333
 5.3500068989e-07  8.1365357164e-12  1.0281692303e-05      0.0000000000  5.3488321801e-07  5.3508671624e-07   0.0061750000000   0.0061750000000
 5.3449822908e-07 -9.6886116362e-12  1.0281362147e-05      0.0000000000  5.3463810919e-07  5.3613934276e-07   0.0061916666667   0.0061916666667
 5.3433950609e-07 -3.7367083336e-12  1.0281022146e-05      0.0000000000  5.3439345511e-07  5.3431154188e-07   0.0062083333333   0.0062083333333
 5.3367735347e-07 -3.2622699152e-11  1.0280692321e-05      0.0000000000  5.3414834629e-07  5.3593798672e-07   0.0062250000000   0.0062250000000
 5.3382930955e-07 -5.1205200108e-12  1.0280362155e-05      0.0000000000  5.3390323747e-07  5.3108967238e-07   0.0062416666667   0.0062416666667
 5.3372826760e-07  4.8265848464e-12  1.0280022164e-05      0.0000000000  5.3365858339e-07  5.3456218746e-07   0.0062583333333   0.0062583333333
 5.3303199552e-07 -2.6422645520e-11  1.0279692325e-05      0.0000000000  5.3341347457e-07  5.3447293172e-07   0.0062750000000   0.0062750000000
 5.3340527694e-07  1.6409342749e-11  1.0279362169e-05      0.0000000000  5.3316836575e-07  5.3306133269e-07   0.0062916666667   0.0062916666667
 5.3262004443e-07 -2.1033113015e-11  1.0279022168e-05      0.0000000000  5.3292371167e-07  5.3374166987e-07   0.0063083333333   0.0063083333333
 5.3303616174e-07  2.4765846732e-11  1.0278692343e-05      0.0000000000  5.3267860285e-07  5.3129750602e-07   0.0063250000000   0.0063250000000
 5.3281747151e-07  2.6595696392e-11  1.0278362177e-05      0.0000000000  5.3243349403e-07  5.3098798027e-07   0.0063416666667   0.0063416666667
 5.3245357714e-07  1.8368171195e-11  1.0278022186e-05      0.0000000000  5.3218838521e-07  5.3035679112e-07   0.0063583333333   0.0063583333333
 5.3242482238e-07  3.3353651079e-11  1.0277692347e-05      0.0000000000  5.3194327638e-07  5.3275897632e-07   0.0063750000000   0.0063750000000
 5.3208938578e-07  2.7097216345e-11  1.0277362191e-05      0.0000000000  5.3169816756e-07  5.3214696844e-07   0.0063916666667   0.0063916666667
 5.3178780760e-07  2.3185940477e-11  1.0277022190e-05      0.0000000000  5.3145305874e-07  5.3126338854e-07   0.0064083333333   0.0064083333333
 5.3166984351e-07  3.1992453624e-11  1.0276692365e-05      0.0000000000  5.3120794992e-07  5.3159468973e-07   0.0064250000000   0.0064250000000
 5.3116688387e-07  1.4132754958e-11  1.0276362199e-05      0.0000000000  5.3096284110e-07  5.2974140293e-07   0.0064416666667   0.0064416666667
 5.3109937770e-07  2.6434169596e-11  1.0276022208e-05      0.0000000000  5.3071773227e-07  5.3061377281e-07   0.0064583333333   0.0064583333333
 5.3071212775e-07  1.6588950771e-11  1.0275692369e-05      0.0000000000  5.3047262345e-07  5.3004476552e-07   0.0064750000000   0.0064750000000
 5.3014318237e-07 -5.8411631295e-12  1.0275362213e-05      0.0000000000  5.3022751463e-07  5.2992112503e-07   0.0064916666667   0.0064916666667
 5.2983207659e-07 -1.0412356139e-11  1.0275022212e-05      0.0000000000  5.2998240581e-07  5.3061281374e-07   0.0065083333333   0.0065083333333
 5.2941405476e-07 -2.2388948731e-11  1.0274692387e-05      0.0000000000  5.2973729699e-07  5.2926600648e-07   0.0065250000000   0.0065250000000
 5.2925833627e-07 -1.6165947162e-11  1.0274362221e-05      0.0000000000  5.2949173342e-07  5.3056731328e-07   0.0065416666667   0.0065416666667
 5.2885555877e-07 -2.7086661224e-11  1.0274022223e-05      0.0000000000  5.2924662459e-07  5.2931444701e-07   0.0065583333333   0.0065583333333
 5.2863071390e-07 -2.5683104824e-11  1.0273692377e-05      0.0000000000  5.2900151577e-07  5.2946623050e-07   0.0065750000000   0.0065750000000
 5.2851460288e-07 -1.6716743735e-11  1.0273362200e-05      0.0000000000  5.2875595220e-07  5.2792663588e-07   0.0065916666667   0.0065916666667
 5.2838066050e-07 -9.0169460005e-12  1.0273022199e-05      0.0000000000  5.2851084338e-07  5.2746208784e-07   0.0066083333333   0.0066083333333
 5.2815736078e-07 -7.5063675071e-12  1.0272692350e-05      0.0000000000  5.2826573456e-07  5.2762277017e-07   0.0066250000000   0.0066250000000
 5.2816407971e-07  9.9676485520e-12  1.0272362173e-05      0.0000000000  5.2802017099e-07  5.2651695497e-07   0.0066416666667   0.0066416666667
 5.2789983979e-07  8.6425579625e-12  1.0272022161e-05      0.0000000000  5.2777506217e-07  5.2855957020e-07   0.0066583333333   0.0066583333333
 5.2752212933e-07 -5.1042288382e-13  1.0271692326e-05      0.0000000000  5.2752949860e-07  5.2896783226e-07   0.0066750000000   0.0066750000000
 5.2771853697e-07  3.0070635500e-11  1.0271362149e-05      0.0000000000  5.2728438977e-07  5.2723230581e-07   0.0066916666667   0.0066916666667
 5.2703307914e-07 -3.9806319863e-13  1.0271022144e-05      0.0000000000  5.2703882621e-07  5.2582885094e-07   0.0067083333333   0.0067083333333
 5.2702506540e-07  1.6055513948e-11  1.0270692320e-05      0.0000000000  5.2679326264e-07  5.2527264165e-07   0.0067250000000   0.0067250000000
 5.2644491849e-07 -7.1504592372e-12  1.0270362153e-05      0.0000000000  5.2654815381e-07  5.2740941799e-07   0.0067416666667   0.0067416666667
 5.2617146878e-07 -9.0819563859e-12  1.0270022162e-05      0.0000000000  5.2630259024e-07  5.2583749823e-07   0.0067583333333   0.0067583333333
 5.2590611081e-07 -1.0452989399e-11  1.0269692320e-05      0.0000000000  5.2605702667e-07  5.2703785188e-07   0.0067750000000   0.0067750000000
 5.2559289598e-07 -1.5138764801e-11  1.0269362168e-05      0.0000000000  5.2581146311e-07  5.2620573120e-07   0.0067916666667   0.0067916666667
 5.2525732713e-07 -2.1404360167e-11  1.0269022166e-05      0.0000000000  5.2556635428e-07  5.2436285260e-07   0.0068083333333   0.0068083333333
 5.2506677446e-07 -1.7594102573e-11  1.0268692342e-05      0.0000000000  5.2532079071e-07  5.2529594216e-07   0.0068250000000   0.0068250000000
 5.2480827944e-07 -1.8489782051e-11  1.0268362175e-05      0.0000000000  5.2507522714e-07  5.2518355886e-07   0.0068416666667   0.0068416666667
 5.2475396628e-07 -5.2430739088e-12  1.0268022184e-05      0.0000000000  5.2482966357e-07  5.2486786995e-07   0.0068583333333   0.0068583333333
 5.2441111538e-07 -1.1981552679e-11  1.0267692342e-05      0.0000000000  5.2458410001e-07  5.2479483967e-07   0.0068750000000   0.0068750000000
 5.2437161210e-07  2.2909427036e-12  1.0267362190e-05      0.0000000000  5.2433853644e-07  5.2560246494e-07   0.0068916666667   0.0068916666667
 5.2391893871e-07 -1.2054247483e-11  1.0267022188e-05      0.0000000000  5.2409297287e-07  5.2520544436e-07   0.0069083333333   0.0069083333333
 5.2394259807e-07  6.5931252749e-12  1.0266692364e-05      0.0000000000  5.2384740930e-07  5.2401799875e-07   0.0069250000000   0.0069250000000
 5.2372301825e-07  8.3928554217e-12  1.0266362197e-05      0.0000000000  5.2360184573e-07  5.2438656189e-07   0.0069416666667   0.0069416666667
 5.2347428890e-07  8.1735822232e-12  1.0266022206e-05      0.0000000000  5.2335628216e-07  5.2365449820e-07   0.0069583333333   0.0069583333333
 5.2329542057e-07  1.2793140036e-11  1.0265692364e-05      0.0000000000  5.2311071859e-07  5.2323823347e-07   0.0069750000000   0.0069750000000
 5.2299511299e-07  9.0013683155e-12  1.0265362208e-05      0.0000000000  5.2286515502e-07  5.2256649641e-07   0.0069916666667   0.0069916666667
 5.2283013288e-07  1.4614373098e-11  1.0265022193e-05      0.0000000000  5.2261913670e-07  5.2278041459e-07   0.0070083333333   0.0070083333333
 5.2246803360e-07  6.5426799694e-12  1.0264692347e-05      0.0000000000  5.2237357313e-07  5.2171245879e-07   0.0070250000000   0.0070250000000
 5.2237979762e-07  1.7439769220e-11  1.0264362170e-05      0.0000000000  5.2212800956e-07  5.2132422699e-07   0.0070416666667   0.0070416666667
 5.2228248104e-07  2.7707902416e-11  1.0264022169e-05      0.0000000000  5.2188244599e-07  5.2190367391e-07   0.0070583333333   0.0070583333333
 5.2176458700e-07  8.8767871707e-12  1.0263692320e-05      0.0000000000  5.2163642768e-07  5.2110873657e-07   0.0070750000000   0.0070750000000
 5.2151367207e-07  8.5061322111e-12  1.0263362143e-05      0.0000000000  5.2139086411e-07  5.2100853809e-07   0.0070916666667   0.0070916666667
 5.2121112413e-07  4.5591849319e-12  1.0263022138e-05      0.0000000000  5.2114530054e-07  5.2067450121e-07   0.0071083333333   0.0071083333333
 5.2094595520e-07  3.2327424515e-12  1.0262692296e-05      0.0000000000  5.2089928222e-07  5.2082935055e-07   0.0071250000000   0.0071250000000
 5.2056746268e-07 -5.9744064162e-12  1.0262362129e-05      0.0000000000  5.2065371865e-07  5.2134175740e-07   0.0071416666667   0.0071416666667
 5.2043106566e-07  1.6183682966e-12  1.0262022138e-05      0.0000000000  5.2040770033e-07  5.2061753916e-07   0.0071583333333   0.0071583333333
 5.2017000485e-07  5.4497255316e-13  1.0261692297e-05      0.0000000000  5.2016213677e-07  5.2021547171e-07   0.0071750000000   0.0071750000000
 5.1974285565e-07 -1.2000820091e-11  1.0261362147e-05      0.0000000000  5.1991611845e-07  5.2020715459e-07   0.0071916666667   0.0071916666667
 5.1981555270e-07  1.0074581077e-11  1.0261022142e-05      0.0000000000  5.1967010013e-07  5.1980472552e-07   0.0072083333333   0.0072083333333
 5.1932547345e-07 -6.8614764884e-12  1.0260692318e-05      0.0000000000  5.1942453656e-07  5.2004502580e-07   0.0072250000000   0.0072250000000
 5.1921360709e-07  2.4303826818e-12  1.0260362151e-05      0.0000000000  5.1917851825e-07  5.1907616791e-07   0.0072416666667   0.0072416666667
 5.1897189046e-07  2.7283331201e-12  1.0260022160e-05      0.0000000000  5.1893249993e-07  5.1771200318e-07   0.0072583333333   0.0072583333333
 5.1858354170e-07 -7.1614956721e-12  1.0259692319e-05      0.0000000000  5.1868693636e-07  5.1892070539e-07   0.0072750000000   0.0072750000000
 5.1874899203e-07  2.1338340164e-11  1.0259362169e-05      0.0000000000  5.1844091804e-07  5.1832220300e-07   0.0072916666667   0.0072916666667
 5.1843877917e-07  1.6891989912e-11  1.0259022164e-05      0.0000000000  5.1819489973e-07  5.1819166039e-07   0.0073083333333   0.0073083333333
 5.1816263395e-07  1.4805288981e-11  1.0258692340e-05      0.0000000000  5.1794888141e-07  5.1713401844e-07   0.0073250000000   0.0073250000000
 5.1793217041e-07  1.5882670426e-11  1.0258362173e-05      0.0000000000  5.1770286309e-07  5.1786199432e-07   0.0073416666667   0.0073416666667
 5.1757071384e-07  7.8869915742e-12  1.0258022182e-05      0.0000000000  5.1745684477e-07  5.1690109194e-07   0.0073583333333   0.0073583333333
 5.1751327099e-07  2.0948423151e-11  1.0257692341e-05      0.0000000000  5.1721082646e-07  5.1731089479e-07   0.0073750000000   0.0073750000000
 5.1716504710e-07  1.3869288688e-11  1.0257362191e-05      0.0000000000  5.1696480814e-07  5.1718505316e-07   0.0073916666667   0.0073916666667
 5.1688985493e-07  1.1848599828e-11  1.0257022186e-05      0.0000000000  5.1671878982e-07  5.1649499957e-07   0.0074083333333   0.0074083333333
 5.1662615044e-07  1.0623590530e-11  1.0256692362e-05      0.0000000000  5.1647277151e-07  5.1684975850e-07   0.0074250000000   0.0074250000000
 5.1632427755e-07  6.7548967936e-12  1.0256362195e-05      0.0000000000  5.1622675319e-07  5.1613651445e-07   0.0074416666667   0.0074416666667
 5.1585930409e-07 -8.4107441389e-12  1.0256022204e-05      0.0000000000  5.1598073487e-07  5.1666242679e-07   0.0074583333333   0.0074583333333
 5.1567692291e-07 -4.0030009645e-12  1.0255692363e-05      0.0000000000  5.1573471656e-07  5.1563593080e-07   0.0074750000000   0.0074750000000
 5.1531097948e-07 -1.2309456578e-11  1.0255362213e-05      0.0000000000  5.1548869824e-07  5.1511243970e-07   0.0074916666667   0.0074916666667
 5.1504248247e-07 -1.3866413877e-11  1.0255022208e-05      0.0000000000  5.1524267992e-07  5.1510277046e-07   0.0075083333333   0.0075083333333
 5.1470316378e-07 -2.0297244384e-11  1.0254692384e-05      0.0000000000  5.1499620686e-07  5.1451528942e-07   0.0075250000000   0.0075250000000
 5.1444735198e-07 -2.0975576760e-11  1.0254362217e-05      0.0000000000  5.1475018854e-07  5.1483707860e-07   0.0075416666667   0.0075416666667
 5.1435395837e-07 -1.0404227101e-11  1.0254022223e-05      0.0000000000  5.1450417023e-07  5.1433286309e-07   0.0075583333333   0.0075583333333
 5.1415366447e-07 -7.2371851521e-12  1.0253692374e-05      0.0000000000  5.1425815191e-07  5.1324736115e-07   0.0075750000000   0.0075750000000
 5.1415821812e-07  1.0149850238e-11  1.0253362197e-05      0.0000000000  5.1401167884e-07  5.1250037695e-07   0.0075916666667   0.0075916666667
 5.1409830004e-07  2.3039839194e-11  1.0253022192e-05      0.0000000000  5.1376566053e-07  5.1372885787e-07   0.0076083333333   0.0076083333333
 5.1377534920e-07  1.7742706326e-11  1.0252692347e-05      0.0000000000  5.1351918746e-07  5.1364892549e-07   0.0076250000000   0.0076250000000
 5.1365278015e-07  2.6293257525e-11  1.0252362170e-05      0.0000000000  5.1327316915e-07  5.1217253468e-07   0.0076416666667   0.0076416666667
 5.1316057141e-07  9.2726991379e-12  1.0252022158e-05      0.0000000000  5.1302669608e-07  5.1356045587e-07   0.0076583333333   0.0076583333333
 5.1312388976e-07  2.3772127900e-11  1.0251692323e-05      0.0000000000  5.1278067777e-07  5.1266613761e-07   0.0076750000000   0.0076750000000
 5.1261822952e-07  5.8198684422e-12  1.0251362146e-05      0.0000000000  5.1253420470e-07  5.1316591942e-07   0.0076916666667   0.0076916666667
 5.1225934809e-07 -1.9974464223e-12  1.0251022141e-05      0.0000000000  5.1228818638e-07  5.1247952913e-07   0.0077083333333   0.0077083333333
 5.1186704791e-07 -1.2097970685e-11  1.0250692316e-05      0.0000000000  5.1204171332e-07  5.1213797697e-07   0.0077250000000   0.0077250000000
 5.1139492786e-07 -2.7727112314e-11  1.0250362150e-05      0.0000000000  5.1179524026e-07  5.1271182673e-07   0.0077416666667   0.0077416666667
 5.1130024641e-07 -1.7244963155e-11  1.0250022159e-05      0.0000000000  5.1154922194e-07  5.1266352770e-07   0.0077583333333   0.0077583333333
 5.1086875717e-07 -3.0059866028e-11  1.0249692317e-05      0.0000000000  5.1130274888e-07  5.1143449650e-07   0.0077750000000   0.0077750000000
 5.1075513231e-07 -2.0858308949e-11  1.0249362168e-05      0.0000000000  5.1105627581e-07  5.1111335194e-07   0.0077916666667   0.0077916666667
 5.1060154250e-07 -1.4424872856e-11  1.0249022163e-05      0.0000000000  5.1080980275e-07  5.1112306834e-07   0.0078083333333   0.0078083333333
 5.1057206672e-07  6.0515961832e-13  1.0248692338e-05      0.0000000000  5.1056332968e-07  5.1005481381e-07   0.0078250000000   0.0078250000000
 5.1049367176e-07  1.2246868544e-11  1.0248362168e-05      0.0000000000  5.1031685662e-07  5.0928264243e-07   0.0078416666667   0.0078416666667
 5.1012706517e-07  3.8944802250e-12  1.0248022181e-05      0.0000000000  5.1007083830e-07  5.0916684738e-07   0.0078583333333   0.0078583333333
 5.1009334060e-07  1.8630225075e-11  1.0247692339e-05      0.0000000000  5.0982436524e-07  5.0881493419e-07   0.0078750000000   0.0078750000000
 5.0952195219e-07 -3.8746095169e-12  1.0247362190e-05      0.0000000000  5.0957789217e-07  5.0832337517e-07   0.0078916666667   0.0078916666667
 5.0938304027e-07  3.5754716912e-12  1.0247022185e-05      0.0000000000  5.0933141911e-07  5.0920187675e-07   0.0079083333333   0.0079083333333
 5.0917475949e-07  6.2208105433e-12  1.0246692360e-05      0.0000000000  5.0908494605e-07  5.0955838086e-07   0.0079250000000   0.0079250000000
 5.0902158715e-07  1.2714660079e-11  1.0246362190e-05      0.0000000000  5.0883801823e-07  5.0939475845e-07   0.0079416666667   0.0079416666667
 5.0892310350e-07  2.2964952246e-11  1.0246022203e-05      0.0000000000  5.0859154517e-07  5.0887752484e-07   0.0079583333333   0.0079583333333
 5.0881879036e-07  3.2811473354e-11  1.0245692361e-05      0.0000000000  5.0834507211e-07  5.0859403529e-07   0.0079750000000   0.0079750000000
 5.0857137557e-07  3.2746245899e-11  1.0245362205e-05      0.0000000000  5.0809859904e-07  5.0880468323e-07   0.0079916666667   0.0079916666667
 5.0827229545e-07  2.9102486858e-11  1.0245022193e-05      0.0000000000  5.0785212598e-07  5.0871799023e-07   0.0080083333333   0.0080083333333
 5.0794590030e-07  2.3566788918e-11  1.0244692341e-05      0.0000000000  5.0760565291e-07  5.0788880963e-07   0.0080250000000   0.0080250000000
 5.0754080762e-07  1.2611706748e-11  1.0244362167e-05      0.0000000000  5.0735872510e-07  5.0745886647e-07   0.0080416666667   0.0080416666667
 5.0709726719e-07 -1.0379055327e-12  1.0244022165e-05      0.0000000000  5.0711225204e-07  5.0706250622e-07   0.0080583333333   0.0080583333333
 5.0722166684e-07  2.4650106159e-11  1.0243692317e-05      0.0000000000  5.0686577897e-07  5.0774636521e-07   0.0080750000000   0.0080750000000
 5.0633281896e-07 -1.9811644741e-11  1.0243362140e-05      0.0000000000  5.0661885116e-07  5.0641634941e-07   0.0080916666667   0.0080916666667
 5.0634248736e-07 -2.0703427190e-12  1.0243022131e-05      0.0000000000  5.0637237810e-07  5.0646796586e-07   0.0081083333333   0.0081083333333
 5.0622994581e-07  7.2377455717e-12  1.0242692293e-05      0.0000000000  5.0612545029e-07  5.0602000489e-07   0.0081250000000   0.0081250000000
 5.0546241921e-07 -2.8852343643e-11  1.0242362123e-05      0.0000000000  5.0587897722e-07  5.0668378645e-07   0.0081416666667   0.0081416666667
 5.0575154059e-07  8.2763996932e-12  1.0242022135e-05      0.0000000000  5.0563204941e-07  5.0511155224e-07   0.0081583333333   0.0081583333333
 5.0578150020e-07  2.7423146270e-11  1.0241692293e-05      0.0000000000  5.0538557635e-07  5.0528583440e-07   0.0081750000000   0.0081750000000
 5.0518588612e-07  3.2718494990e-12  1.0241362144e-05      0.0000000000  5.0513864853e-07  5.0461706886e-07   0.0081916666667   0.0081916666667
 5.0506963456e-07  1.2291470870e-11  1.0241022139e-05      0.0000000000  5.0489217547e-07  5.0387082362e-07   0.0082083333333   0.0082083333333
 5.0477774082e-07  9.1769645797e-12  1.0240692315e-05      0.0000000000  5.0464524766e-07  5.0419589876e-07   0.0082250000000   0.0082250000000
 5.0437992282e-07 -1.2742458052e-12  1.0240362148e-05      0.0000000000  5.0439831985e-07  5.0437942566e-07   0.0082416666667   0.0082416666667
 5.0424847823e-07  6.6930502510e-12  1.0240022157e-05      0.0000000000  5.0415184678e-07  5.0449866390e-07   0.0082583333333   0.0082583333333
 5.0378848218e-07 -8.0648416910e-12  1.0239692315e-05      0.0000000000  5.0390491897e-07  5.0369643140e-07   0.0082750000000   0.0082750000000
 5.0344391928e-07 -1.4827407840e-11  1.0239362166e-05      0.0000000000  5.0365799116e-07  5.0409186402e-07   0.0082916666667   0.0082916666667
 5.0326669908e-07 -9.9992018283e-12  1.0239022161e-05      0.0000000000  5.0341106335e-07  5.0348506023e-07   0.0083083333333   0.0083083333333
 5.0293711746e-07 -1.5755606233e-11  1.0238692337e-05      0.0000000000  5.0316459028e-07  5.0333039955e-07   0.0083250000000   0.0083250000000
 5.0268121669e-07 -1.6377106605e-11  1.0238362170e-05      0.0000000000  5.0291766247e-07  5.0328771339e-07   0.0083416666667   0.0083416666667
 5.0241438505e-07 -1.7755719352e-11  1.0238022179e-05      0.0000000000  5.0267073466e-07  5.0352455475e-07   0.0083583333333   0.0083583333333
 5.0221306862e-07 -1.4596506509e-11  1.0237692337e-05      0.0000000000  5.0242380685e-07  5.0309931257e-07   0.0083750000000   0.0083750000000
 5.0186990605e-07 -2.1262080994e-11  1.0237362188e-05      0.0000000000  5.0217687904e-07  5.0175242669e-07   0.0083916666667   0.0083916666667
 5.0131466840e-07 -4.2616757034e-11  1.0237022187e-05      0.0000000000  5.0192995123e-07  5.0194966347e-07   0.0084083333333   0.0084083333333
 5.0128245250e-07 -2.7745018899e-11  1.0236692359e-05      0.0000000000  5.0168302341e-07  5.0119959770e-07   0.0084250000000   0.0084250000000
 5.0095430554e-07 -3.3370556271e-11  1.0236362189e-05      0.0000000000  5.0143609560e-07  5.0114816992e-07   0.0084416666667   0.0084416666667
 5.0072197944e-07 -3.2359187827e-11  1.0236022201e-05      0.0000000000  5.0118916779e-07  5.0151388732e-07   0.0084583333333   0.0084583333333
 5.0090560086e-07 -2.5377605361e-12  1.0235692359e-05      0.0000000000  5.0094223998e-07  5.0073105618e-07   0.0084750000000   0.0084750000000
 5.0084958851e-07  1.0685748530e-11  1.0235362210e-05      0.0000000000  5.0069531217e-07  5.0050471735e-07   0.0084916666667   0.0084916666667
 5.0077208274e-07  2.2452041125e-11  1.0235022209e-05      0.0000000000  5.0044792961e-07  5.0045030232e-07   0.0085083333333   0.0085083333333
 5.0085770760e-07  4.5485865573e-11  1.0234692381e-05      0.0000000000  5.0020100180e-07  5.0022701362e-07   0.0085250000000   0.0085250000000
 5.0081111011e-07  5.9361482110e-11  1.0234362211e-05      0.0000000000  4.9995407399e-07  4.9971201258e-07   0.0085416666667   0.0085416666667
 5.0028600069e-07  4.0093598095e-11  1.0234022220e-05      0.0000000000  4.9970714618e-07  5.0023987449e-07   0.0085583333333   0.0085583333333
 5.0012116552e-07  4.5811134476e-11  1.0233692371e-05      0.0000000000  4.9945976362e-07  4.9977339260e-07   0.0085750000000   0.0085750000000
 4.9970681883e-07  3.4215085643e-11  1.0233362194e-05      0.0000000000  4.9921283580e-07  4.9985486578e-07   0.0085916666667   0.0085916666667
 4.9926133862e-07  2.0494112034e-11  1.0233022185e-05      0.0000000000  4.9896545325e-07  4.9836685616e-07   0.0086083333333   0.0086083333333
 4.9865931233e-07 -4.1013180969e-12  1.0232692343e-05      0.0000000000  4.9871852543e-07  4.9826118630e-07   0.0086250000000   0.0086250000000
 4.9850055552e-07  2.0057306820e-12  1.0232362170e-05      0.0000000000  4.9847159762e-07  4.9790377030e-07   0.0086416666667   0.0086416666667
 4.9797267363e-07 -1.7422686938e-11  1.0232022158e-05      0.0000000000  4.9822421506e-07  4.9786084830e-07   0.0086583333333   0.0086583333333
 4.9762700966e-07 -2.4261517664e-11  1.0231692316e-05      0.0000000000  4.9797728725e-07  4.9838790838e-07   0.0086750000000   0.0086750000000
 4.9706388533e-07 -4.6130956928e-11  1.0231362142e-05      0.0000000000  4.9772990469e-07  4.9769777617e-07   0.0086916666667   0.0086916666667
 4.9696706678e-07 -3.5702338716e-11  1.0231022141e-05      0.0000000000  4.9748252213e-07  4.9711026369e-07   0.0087083333333   0.0087083333333
 4.9641613912e-07 -5.6758489183e-11  1.0230692313e-05      0.0000000000  4.9723559432e-07  4.9724838447e-07   0.0087250000000   0.0087250000000
 4.9641543773e-07 -3.9672441637e-11  1.0230362143e-05      0.0000000000  4.9698821176e-07  4.9758995235e-07   0.0087416666667   0.0087416666667
 4.9643572398e-07 -2.1164210098e-11  1.0230022156e-05      0.0000000000  4.9674128395e-07  4.9615099644e-07   0.0087583333333   0.0087583333333
 4.9620062195e-07 -2.0313615840e-11  1.0229692314e-05      0.0000000000  4.9649390139e-07  4.9666239706e-07   0.0087750000000   0.0087750000000
 4.9629616304e-07  3.4385405078e-12  1.0229362164e-05      0.0000000000  4.9624651883e-07  4.9677001649e-07   0.0087916666667   0.0087916666667
 4.9625831310e-07  1.7951542268e-11  1.0229022163e-05      0.0000000000  4.9599913628e-07  4.9595281631e-07   0.0088083333333   0.0088083333333
 4.9616704815e-07  2.8733326451e-11  1.0228692335e-05      0.0000000000  4.9575220846e-07  4.9577263827e-07   0.0088250000000   0.0088250000000
 4.9607517389e-07  3.9504404258e-11  1.0228362165e-05      0.0000000000  4.9550482591e-07  4.9608519844e-07   0.0088416666667   0.0088416666667
 4.9555836475e-07  2.0842925873e-11  1.0228022178e-05      0.0000000000  4.9525744335e-07  4.9558096720e-07   0.0088583333333   0.0088583333333
 4.9548458970e-07  3.2867622322e-11  1.0227692336e-05      0.0000000000  4.9501006079e-07  4.9544661979e-07   0.0088750000000   0.0088750000000
 4.9496173253e-07  1.3787234702e-11  1.0227362186e-05      0.0000000000  4.9476267823e-07  4.9405783387e-07   0.0088916666667   0.0088916666667
 4.9498156390e-07  3.2295456523e-11  1.0227022185e-05      0.0000000000  4.9451529567e-07  4.9390785845e-07   0.0089083333333   0.0089083333333
 4.9450254028e-07  1.6251143009e-11  1.0226692357e-05      0.0000000000  4.9426791311e-07  4.9441609888e-07   0.0089250000000   0.0089250000000
 4.9406871555e-07  3.3374709350e-12  1.0226362187e-05      0.0000000000  4.9402053055e-07  4.9458915470e-07   0.0089416666667   0.0089416666667
 4.9384365947e-07  4.8838846097e-12  1.0226022200e-05      0.0000000000  4.9377314799e-07  4.9357468630e-07   0.0089583333333   0.0089583333333
 4.9323950463e-07 -1.9827478876e-11  1.0225692368e-05      0.0000000000  4.9352576543e-07  4.9248004968e-07   0.0089750000000   0.0089750000000
 4.9310411208e-07 -1.2070637708e-11  1.0225362268e-05      0.0000000000  4.9327838288e-07  4.9314054527e-07   0.0089916666667   0.0089916666667
 4.9277914424e-07 -1.7444480234e-11  1.0225022263e-05      0.0000000000  4.9303100032e-07  4.9283364515e-07   0.0090083333333   0.0090083333333
 4.9245344445e-07 -2.2837523539e-11  1.0224692432e-05      0.0000000000  4.9278316301e-07  4.9275853952e-07   0.0090250000000   0.0090250000000
 4.9244342466e-07 -6.3969026799e-12  1.0224362265e-05      0.0000000000  4.9253578045e-07  4.9219868264e-07   0.0090416666667   0.0090416666667
 4.9200515448e-07 -1.9618483035e-11  1.0224022267e-05      0.0000000000  4.9228839789e-07  4.9282487208e-07   0.0090583333333   0.0090583333333
 4.9211818320e-07  5.3449309712e-12  1.0223692429e-05      0.0000000000  4.9204101533e-07  4.9287510497e-07   0.0090750000000   0.0090750000000
 4.9175363902e-07 -2.7386177823e-12  1.0223362265e-05      0.0000000000  4.9179317803e-07  4.9183310674e-07   0.0090916666667   0.0090916666667
 4.9123245229e-07 -2.1703303842e-11  1.0223022268e-05      0.0000000000  4.9154579547e-07  4.9144116448e-07   0.0091083333333   0.0091083333333
 4.9122879488e-07 -4.7905037473e-12  1.0222692426e-05      0.0000000000  4.9129795816e-07  4.9091935567e-07   0.0091250000000   0.0091250000000
 4.9104608573e-07 -3.1098517409e-13  1.0222362269e-05      0.0000000000  4.9105057560e-07  4.9224264231e-07   0.0091416666667   0.0091416666667
 4.9072060276e-07 -5.7205078999e-12  1.0222022265e-05      0.0000000000  4.9080319304e-07  4.9098254376e-07   0.0091583333333   0.0091583333333
 4.9058911020e-07  2.3379581865e-12  1.0221692433e-05      0.0000000000  4.9055535574e-07  4.9084484749e-07   0.0091750000000   0.0091750000000
 4.9053346376e-07  1.5618308974e-11  1.0221362267e-05      0.0000000000  4.9030797318e-07  4.9080892194e-07   0.0091916666667   0.0091916666667
 4.8999868939e-07 -4.2560098247e-12  1.0221022269e-05      0.0000000000  4.9006013587e-07  4.8966710257e-07   0.0092083333333   0.0092083333333
 4.8994185705e-07  8.9736979326e-12  1.0220692430e-05      0.0000000000  4.8981229857e-07  4.8938293696e-07   0.0092250000000   0.0092250000000
 4.8939130197e-07 -1.2025148155e-11  1.0220362267e-05      0.0000000000  4.8956491601e-07  4.8951184444e-07   0.0092416666667   0.0092416666667
 4.8928115335e-07 -2.4883225819e-12  1.0220022269e-05      0.0000000000  4.8931707870e-07  4.9016523353e-07   0.0092583333333   0.0092583333333
 4.8933418345e-07  1.8319365982e-11  1.0219692427e-05      0.0000000000  4.8906969614e-07  4.8969609457e-07   0.0092750000000   0.0092750000000
 4.8883831172e-07  1.1395870106e-12  1.0219362271e-05      0.0000000000  4.8882185884e-07  4.8923467527e-07   0.0092916666667   0.0092916666667
 4.8867949478e-07  7.3054664766e-12  1.0219022266e-05      0.0000000000  4.8857402153e-07  4.8936281236e-07   0.0093083333333   0.0093083333333
 4.8796855148e-07 -2.4770962515e-11  1.0218692431e-05      0.0000000000  4.8832618422e-07  4.8825556642e-07   0.0093250000000   0.0093250000000
 4.8770954052e-07 -2.5576388490e-11  1.0218362268e-05      0.0000000000  4.8807880167e-07  4.8773438650e-07   0.0093416666667   0.0093416666667
 4.8726206028e-07 -3.9404393911e-11  1.0218022270e-05      0.0000000000  4.8783096436e-07  4.8800966899e-07   0.0093583333333   0.0093583333333
 4.8710953266e-07 -3.2802893996e-11  1.0217692432e-05      0.0000000000  4.8758312705e-07  4.8766578992e-07   0.0093750000000   0.0093750000000
 4.8688957756e-07 -3.0871669459e-11  1.0217362265e-05      0.0000000000  4.8733528975e-07  4.8629091828e-07   0.0093916666667   0.0093916666667
 4.8657136513e-07 -3.5746109942e-11  1.0217022271e-05      0.0000000000  4.8708745244e-07  4.8696089444e-07   0.0094083333333   0.0094083333333
 4.8659670896e-07 -1.6824577514e-11  1.0216692429e-05      0.0000000000  4.8683961513e-07  4.8752787354e-07   0.0094250000000   0.0094250000000
 4.8648497030e-07 -7.3978830975e-12  1.0216362269e-05      0.0000000000  4.8659177783e-07  4.8621900428e-07   0.0094416666667   0.0094416666667
 4.8638846956e-07  3.0842456971e-12  1.0216022268e-05      0.0000000000  4.8634394052e-07  4.8606196953e-07   0.0094583333333   0.0094583333333
 4.8638785381e-07  2.0207721827e-11  1.0215692433e-05      0.0000000000  4.8609610322e-07  4.8560380476e-07   0.0094750000000   0.0094750000000
 4.8645786535e-07  4.2223105116e-11  1.0215362270e-05      0.0000000000  4.8584826591e-07  4.8544546505e-07   0.0094916666667   0.0094916666667
 4.8631990634e-07  4.9833681058e-11  1.0215022268e-05      0.0000000000  4.8560042860e-07  4.8595406710e-07   0.0095083333333   0.0095083333333
 4.8599760248e-07  4.4675853179e-11  1.0214692433e-05      0.0000000000  4.8535259130e-07  4.8621691321e-07   0.0095250000000   0.0095250000000
 4.8569255394e-07  4.0744689010e-11  1.0214362267e-05      0.0000000000  4.8510429924e-07  4.8591644353e-07   0.0095416666667   0.0095416666667
 4.8524249856e-07  2.6738319603e-11  1.0214022272e-05      0.0000000000  4.8485646194e-07  4.8410816980e-07   0.0095583333333   0.0095583333333
 4.8495490972e-07  2.3984981876e-11  1.0213692430e-05      0.0000000000  4.8460862463e-07  4.8431326776e-07   0.0095750000000   0.0095750000000
 4.8448839351e-07  8.8384746285e-12  1.0213362274e-05      0.0000000000  4.8436078732e-07  4.8392217450e-07   0.0095916666667   0.0095916666667
 4.8393694148e-07 -1.2159502590e-11  1.0213022269e-05      0.0000000000  4.8411249527e-07  4.8364071313e-07   0.0096083333333   0.0096083333333
 4.8374805751e-07 -8.0761771994e-12  1.0212692431e-05      0.0000000000  4.8386465796e-07  4.8398165212e-07   0.0096250000000   0.0096250000000
 4.8346325944e-07 -1.0636216333e-11  1.0212362271e-05      0.0000000000  4.8361682066e-07  4.8420717339e-07   0.0096416666667   0.0096416666667
 4.8290871740e-07 -3.1848219233e-11  1.0212022270e-05      0.0000000000  4.8336852861e-07  4.8318564566e-07   0.0096583333333   0.0096583333333
 4.8296747264e-07 -1.0612489025e-11  1.0211692435e-05      0.0000000000  4.8312069130e-07  4.8277686477e-07   0.0096750000000   0.0096750000000
 4.8253268978e-07 -2.3529530179e-11  1.0211362268e-05      0.0000000000  4.8287239925e-07  4.8283225458e-07   0.0096916666667   0.0096916666667
 4.8246631700e-07 -1.0960627867e-11  1.0211022274e-05      0.0000000000  4.8262456194e-07  4.8286195408e-07   0.0097083333333   0.0097083333333
 4.8230517488e-07 -4.9243024129e-12  1.0210692432e-05      0.0000000000  4.8237626989e-07  4.8321103724e-07   0.0097250000000   0.0097250000000
 4.8219947143e-07  4.9204129348e-12  1.0210362272e-05      0.0000000000  4.8212843258e-07  4.8179638807e-07   0.0097416666667   0.0097416666667
 4.8187050381e-07 -6.6747470688e-13  1.0210022271e-05      0.0000000000  4.8188014053e-07  4.8191050083e-07   0.0097583333333   0.0097583333333
 4.8188245758e-07  1.7326613106e-11  1.0209692433e-05      0.0000000000  4.8163230322e-07  4.8152164014e-07   0.0097750000000   0.0097750000000
 4.8141696723e-07  2.2826582090e-12  1.0209362273e-05      0.0000000000  4.8138401117e-07  4.8216295448e-07   0.0097916666667   0.0097916666667
 4.8127366061e-07  9.5543365597e-12  1.0209022268e-05      0.0000000000  4.8113571911e-07  4.8144126753e-07   0.0098083333333   0.0098083333333
 4.8105709477e-07  1.1720313864e-11  1.0208692440e-05      0.0000000000  4.8088788181e-07  4.8112650624e-07   0.0098250000000   0.0098250000000
 4.8078304334e-07  9.9361242971e-12  1.0208362270e-05      0.0000000000  4.8063958975e-07  4.8015035319e-07   0.0098416666667   0.0098416666667
 4.8064334187e-07  1.7457508528e-11  1.0208022276e-05      0.0000000000  4.8039129770e-07  4.8115097021e-07   0.0098583333333   0.0098583333333
 4.8015959412e-07  1.1489792434e-12  1.0207692434e-05      0.0000000000  4.8014300565e-07  4.7981089210e-07   0.0098750000000   0.0098750000000
 4.8002377461e-07  8.9392419105e-12  1.0207362274e-05      0.0000000000  4.7989471359e-07  4.7993901347e-07   0.0098916666667   0.0098916666667
 4.7963094565e-07 -1.0719171532e-12  1.0207022273e-05      0.0000000000  4.7964642154e-07  4.7960137617e-07   0.0099083333333   0.0099083333333
 4.7941959423e-07  1.4552296432e-12  1.0206692431e-05      0.0000000000  4.7939858423e-07  4.7927691420e-07   0.0099250000000   0.0099250000000
 4.7914058568e-07 -6.7230782219e-13  1.0206362278e-05      0.0000000000  4.7915029218e-07  4.7924614557e-07   0.0099416666667   0.0099416666667
 4.7896045594e-07  4.0488654500e-12  1.0206022270e-05      0.0000000000  4.7890200012e-07  4.7860418663e-07   0.0099583333333   0.0099583333333
 4.7874753920e-07  6.4990902307e-12  1.0205692438e-05      0.0000000000  4.7865370807e-07  4.7857807182e-07   0.0099750000000   0.0099750000000
 4.7863186930e-07  1.5684989099e-11  1.0205362272e-05      0.0000000000  4.7840541602e-07  4.7817715209e-07   0.0099916666667   0.0099916666667
 4.7834049749e-07  1.2701126836e-11  1.0205022277e-05      0.0000000000  4.7815712396e-07  4.7713007556e-07    0.010008333333    0.010008333333
 4.7796367448e-07  3.8300958947e-12  1.0204692435e-05      0.0000000000  4.7790837716e-07  4.7687936709e-07    0.010025000000    0.010025000000
 4.7753687435e-07 -8.5340317051e-12  1.0204362272e-05      0.0000000000  4.7766008511e-07  4.7703710935e-07    0.010041666667    0.010041666667
 4.7727176779e-07 -9.6986664311e-12  1.0204022278e-05      0.0000000000  4.7741179306e-07  4.7740452476e-07    0.010058333333    0.010058333333
 4.7707821219e-07 -5.9074176223e-12  1.0203692432e-05      0.0000000000  4.7716350100e-07  4.7750473897e-07    0.010075000000    0.010075000000
 4.7682344148e-07 -6.3561535654e-12  1.0203362280e-05      0.0000000000  4.7691520895e-07  4.7640206823e-07    0.010091666667    0.010091666667
 4.7653238695e-07 -9.2865422591e-12  1.0203022271e-05      0.0000000000  4.7666646215e-07  4.7680639970e-07    0.010108333333    0.010108333333
 4.7627273314e-07 -1.0073499848e-11  1.0202692440e-05      0.0000000000  4.7641817009e-07  4.7690640952e-07    0.010125000000    0.010125000000
 4.7594706794e-07 -1.5432649279e-11  1.0202362273e-05      0.0000000000  4.7616987804e-07  4.7566186036e-07    0.010141666667    0.010141666667
 4.7570513687e-07 -1.4992063642e-11  1.0202022275e-05      0.0000000000  4.7592158599e-07  4.7641698873e-07    0.010158333333    0.010158333333
 4.7552060590e-07 -1.0544238548e-11  1.0201692440e-05      0.0000000000  4.7567283919e-07  4.7557482148e-07    0.010175000000    0.010175000000
 4.7506322707e-07 -2.5026359841e-11  1.0201362270e-05      0.0000000000  4.7542454713e-07  4.7557686538e-07    0.010191666667    0.010191666667
 4.7490427280e-07 -1.8806998016e-11  1.0201022283e-05      0.0000000000  4.7517580033e-07  4.7533911213e-07    0.010208333333    0.010208333333
 4.7486423834e-07 -4.3823093807e-12  1.0200692434e-05      0.0000000000  4.7492750828e-07  4.7493562966e-07    0.010225000000    0.010225000000
 4.7447068410e-07 -1.4412206566e-11  1.0200362281e-05      0.0000000000  4.7467876148e-07  4.7470941660e-07    0.010241666667    0.010241666667
 4.7431887988e-07 -7.7291034630e-12  1.0200022273e-05      0.0000000000  4.7443046942e-07  4.7413764219e-07    0.010258333333    0.010258333333
 4.7425748451e-07  5.2475478397e-12  1.0199692438e-05      0.0000000000  4.7418172262e-07  4.7378289898e-07    0.010275000000    0.010275000000
 4.7394039760e-07  4.8256256799e-13  1.0199362278e-05      0.0000000000  4.7393343057e-07  4.7381052314e-07    0.010291666667    0.010291666667
 4.7342170867e-07 -1.8214625170e-11  1.0199022273e-05      0.0000000000  4.7368468377e-07  4.7356489299e-07    0.010308333333    0.010308333333
 4.7323978490e-07 -1.3586215331e-11  1.0198692442e-05      0.0000000000  4.7343593697e-07  4.7371406657e-07    0.010325000000    0.010325000000
 4.7276409096e-07 -2.9336908378e-11  1.0198362272e-05      0.0000000000  4.7318764491e-07  4.7276951543e-07    0.010341666667    0.010341666667
 4.7270994116e-07 -1.5858402479e-11  1.0198022284e-05      0.0000000000  4.7293889811e-07  4.7262736973e-07    0.010358333333    0.010358333333
 4.7244041734e-07 -1.7297495763e-11  1.0197692436e-05      0.0000000000  4.7269015131e-07  4.7358918401e-07    0.010375000000    0.010375000000
 4.7216233820e-07 -1.9329161662e-11  1.0197362279e-05      0.0000000000  4.7244140451e-07  4.7412446687e-07    0.010391666667    0.010391666667
 4.7203834436e-07 -1.0719808929e-11  1.0197022278e-05      0.0000000000  4.7219311246e-07  4.7237213323e-07    0.010408333333    0.010408333333
 4.7164050258e-07 -2.1046677155e-11  1.0196692436e-05      0.0000000000  4.7194436566e-07  4.7269074649e-07    0.010425000000    0.010425000000
 4.7150696417e-07 -1.3066919410e-11  1.0196362283e-05      0.0000000000  4.7169561886e-07  4.7221689083e-07    0.010441666667    0.010441666667
 4.7135599236e-07 -6.2946625374e-12  1.0196022275e-05      0.0000000000  4.7144687205e-07  4.7069617873e-07    0.010458333333    0.010458333333
 4.7107406013e-07 -8.5932081889e-12  1.0195692444e-05      0.0000000000  4.7119812525e-07  4.7076002716e-07    0.010475000000    0.010475000000
 4.7092735663e-07 -1.5253127308e-12  1.0195362273e-05      0.0000000000  4.7094937845e-07  4.7090577328e-07    0.010491666667    0.010491666667
 4.7051862272e-07 -1.2606609915e-11  1.0195022282e-05      0.0000000000  4.7070063165e-07  4.7161873432e-07    0.010508333333    0.010508333333
 4.7052622241e-07  5.1488933917e-12  1.0194692441e-05      0.0000000000  4.7045188485e-07  4.7002197326e-07    0.010525000000    0.010525000000
 4.6995325158e-07 -1.7308058400e-11  1.0194362277e-05      0.0000000000  4.7020313805e-07  4.6918672384e-07    0.010541666667    0.010541666667
 4.6981438279e-07 -9.6975018928e-12  1.0194022283e-05      0.0000000000  4.6995439125e-07  4.6971296635e-07    0.010558333333    0.010558333333
 4.6962872510e-07 -5.3277179834e-12  1.0193692438e-05      0.0000000000  4.6970564445e-07  4.6983104114e-07    0.010575000000    0.010575000000
 4.6906850093e-07 -2.6901788397e-11  1.0193362285e-05      0.0000000000  4.6945689765e-07  4.6933934061e-07    0.010591666667    0.010591666667
 4.6882591766e-07 -2.6443382095e-11  1.0193022273e-05      0.0000000000  4.6920769610e-07  4.6941560969e-07    0.010608333333    0.010608333333
 4.6860655892e-07 -2.4407856824e-11  1.0192692445e-05      0.0000000000  4.6895894930e-07  4.6937715285e-07    0.010625000000    0.010625000000
 4.6834681092e-07 -2.5169840588e-11  1.0192362279e-05      0.0000000000  4.6871020250e-07  4.6818335541e-07    0.010641666667    0.010641666667
 4.6825506530e-07 -1.4295360068e-11  1.0192022281e-05      0.0000000000  4.6846145570e-07  4.6832812674e-07    0.010658333333    0.010658333333
 4.6797892259e-07 -1.6161404051e-11  1.0191692442e-05      0.0000000000  4.6821225415e-07  4.6870805713e-07    0.010675000000    0.010675000000
 4.6775438844e-07 -1.4484346349e-11  1.0191362279e-05      0.0000000000  4.6796350735e-07  4.6767296102e-07    0.010691666667    0.010691666667
 4.6758770874e-07 -8.8000764855e-12  1.0191022285e-05      0.0000000000  4.6771476055e-07  4.6840261919e-07    0.010708333333    0.010708333333
 4.6742926199e-07 -2.5140645863e-12  1.0190692436e-05      0.0000000000  4.6746555900e-07  4.6776026719e-07    0.010725000000    0.010725000000
 4.6717509845e-07 -2.8892475942e-12  1.0190362287e-05      0.0000000000  4.6721681220e-07  4.6694674604e-07    0.010741666667    0.010741666667
 4.6712100890e-07  1.0624928787e-11  1.0190022278e-05      0.0000000000  4.6696761065e-07  4.6735021278e-07    0.010758333333    0.010758333333
 4.6691927325e-07  1.3881094424e-11  1.0189692443e-05      0.0000000000  4.6671886385e-07  4.6718160639e-07    0.010775000000    0.010775000000
 4.6664814243e-07  1.2362192137e-11  1.0189362284e-05      0.0000000000  4.6646966230e-07  4.6644414993e-07    0.010791666667    0.010791666667
 4.6642584197e-07  1.4193962739e-11  1.0189022282e-05      0.0000000000  4.6622091550e-07  4.6621776393e-07    0.010808333333    0.010808333333
 4.6602825334e-07  3.9161265631e-12  1.0188692444e-05      0.0000000000  4.6597171395e-07  4.6642864770e-07    0.010825000000    0.010825000000
 4.6573209622e-07  6.6381058048e-13  1.0188362277e-05      0.0000000000  4.6572251240e-07  4.6590650872e-07    0.010841666667    0.010841666667
 4.6554533130e-07  4.9569042677e-12  1.0188022286e-05      0.0000000000  4.6547376560e-07  4.6562237456e-07    0.010858333333    0.010858333333
 4.6525515462e-07  2.1188154192e-12  1.0187692441e-05      0.0000000000  4.6522456405e-07  4.6587138501e-07    0.010875000000    0.010875000000
 4.6515569919e-07  1.2490783904e-11  1.0187362285e-05      0.0000000000  4.6497536250e-07  4.6472857513e-07    0.010891666667    0.010891666667
 4.6500292495e-07  1.9138197090e-11  1.0187022283e-05      0.0000000000  4.6472661570e-07  4.6357961782e-07    0.010908333333    0.010908333333
 4.6434853956e-07 -8.9263297797e-12  1.0186692445e-05      0.0000000000  4.6447741415e-07  4.6453883791e-07    0.010925000000    0.010925000000
 4.6424300056e-07  1.0242681288e-12  1.0186362285e-05      0.0000000000  4.6422821261e-07  4.6465927105e-07    0.010941666667    0.010941666667
 4.6383870421e-07 -9.7181694050e-12  1.0186022280e-05      0.0000000000  4.6397901106e-07  4.6421020951e-07    0.010958333333    0.010958333333
 4.6357361795e-07 -1.0818403039e-11  1.0185692445e-05      0.0000000000  4.6372980951e-07  4.6389764935e-07    0.010975000000    0.010975000000
 4.6343227395e-07 -3.3792891528e-12  1.0185362279e-05      0.0000000000  4.6348106271e-07  4.6290072709e-07    0.010991666667    0.010991666667
 4.6312557178e-07 -7.3619943729e-12  1.0185022288e-05      0.0000000000  4.6323186116e-07  4.6284013318e-07    0.011008333333    0.011008333333
 4.6281310479e-07 -1.1743992121e-11  1.0184692442e-05      0.0000000000  4.6298265961e-07  4.6293861793e-07    0.011025000000    0.011025000000
 4.6250135253e-07 -1.6076485442e-11  1.0184362286e-05      0.0000000000  4.6273345806e-07  4.6269990561e-07    0.011041666667    0.011041666667
 4.6231696543e-07 -1.1587197385e-11  1.0184022285e-05      0.0000000000  4.6248425652e-07  4.6182983120e-07    0.011058333333    0.011058333333
 4.6206417510e-07 -1.1835769816e-11  1.0183692443e-05      0.0000000000  4.6223505497e-07  4.6284834024e-07    0.011075000000    0.011075000000
 4.6205351058e-07  4.6861844958e-12  1.0183362287e-05      0.0000000000  4.6198585342e-07  4.6095360936e-07    0.011091666667    0.011091666667
 4.6178909937e-07  3.6642044039e-12  1.0183022282e-05      0.0000000000  4.6173619712e-07  4.6122735105e-07    0.011108333333    0.011108333333
 4.6149235631e-07  3.7130404450e-13  1.0182692447e-05      0.0000000000  4.6148699558e-07  4.6097051087e-07    0.011125000000    0.011125000000
 4.6123208903e-07 -3.9514946245e-13  1.0182362284e-05      0.0000000000  4.6123779403e-07  4.6148504024e-07    0.011141666667    0.011141666667
 4.6096607269e-07 -1.5598036237e-12  1.0182022289e-05      0.0000000000  4.6098859248e-07  4.6080537912e-07    0.011158333333    0.011158333333
 4.6052618896e-07 -1.4767154470e-11  1.0181692444e-05      0.0000000000  4.6073939093e-07  4.6126217604e-07    0.011175000000    0.011175000000
 4.6055023505e-07  4.1904819454e-12  1.0181362284e-05      0.0000000000  4.6048973463e-07  4.6104655984e-07    0.011191666667    0.011191666667
 4.6030327420e-07  4.3456805733e-12  1.0181022286e-05      0.0000000000  4.6024053309e-07  4.6068434853e-07    0.011208333333    0.011208333333
 4.5992919906e-07 -4.3035247346e-12  1.0180692445e-05      0.0000000000  4.5999133154e-07  4.5982600298e-07    0.011225000000    0.011225000000
 4.5987430380e-07  9.1863431205e-12  1.0180362288e-05      0.0000000000  4.5974167524e-07  4.6015277614e-07    0.011241666667    0.011241666667
 4.5981068638e-07  2.2040583854e-11  1.0180022283e-05      0.0000000000  4.5949247369e-07  4.6003957528e-07    0.011258333333    0.011258333333
 4.5957571231e-07  2.3026031864e-11  1.0179692452e-05      0.0000000000  4.5924327215e-07  4.5969097951e-07    0.011275000000    0.011275000000
 4.5934824045e-07  2.4562607103e-11  1.0179362285e-05      0.0000000000  4.5899361585e-07  4.5872130406e-07    0.011291666667    0.011291666667
 4.5905776104e-07  2.1703550585e-11  1.0179022288e-05      0.0000000000  4.5874441430e-07  4.5845388275e-07    0.011308333333    0.011308333333
 4.5869591329e-07  1.3932756913e-11  1.0178692446e-05      0.0000000000  4.5849475801e-07  4.5792036079e-07    0.011325000000    0.011325000000
 4.5861359789e-07  2.5491906324e-11  1.0178362286e-05      0.0000000000  4.5824555646e-07  4.5823189900e-07    0.011341666667    0.011341666667
 4.5843184592e-07  3.0195210343e-11  1.0178022288e-05      0.0000000000  4.5799590016e-07  4.5784690601e-07    0.011358333333    0.011358333333
 4.5793075228e-07  1.2779732923e-11  1.0177692443e-05      0.0000000000  4.5774624387e-07  4.5714499777e-07    0.011375000000    0.011375000000
 4.5767301178e-07  1.2188293758e-11  1.0177362294e-05      0.0000000000  4.5749704232e-07  4.5695661267e-07    0.011391666667    0.011391666667
 4.5715392820e-07 -6.4732332158e-12  1.0177022285e-05      0.0000000000  4.5724738602e-07  4.5678198461e-07    0.011408333333    0.011408333333
 4.5679568534e-07 -1.3994339514e-11  1.0176692450e-05      0.0000000000  4.5699772973e-07  4.5696412795e-07    0.011425000000    0.011425000000
 4.5648728065e-07 -1.8094967055e-11  1.0176362287e-05      0.0000000000  4.5674852818e-07  4.5675486357e-07    0.011441666667    0.011441666667
 4.5626458528e-07 -1.6227554194e-11  1.0176022289e-05      0.0000000000  4.5649887188e-07  4.5680748625e-07    0.011458333333    0.011458333333
 4.5589454559e-07 -2.4565751875e-11  1.0175692447e-05      0.0000000000  4.5624921559e-07  4.5735828706e-07    0.011475000000    0.011475000000
 4.5553104663e-07 -3.2450914653e-11  1.0175362288e-05      0.0000000000  4.5599955929e-07  4.5566536816e-07    0.011491666667    0.011491666667
 4.5546253675e-07 -1.9935543287e-11  1.0175022293e-05      0.0000000000  4.5575035774e-07  4.5582850318e-07    0.011508333333    0.011508333333
 4.5536303817e-07 -9.5350662686e-12  1.0174692444e-05      0.0000000000  4.5550070145e-07  4.5579260907e-07    0.011525000000    0.011525000000
 4.5517602663e-07 -5.1960593111e-12  1.0174362292e-05      0.0000000000  4.5525104515e-07  4.5568819700e-07    0.011541666667    0.011541666667
 4.5487659501e-07 -8.6436822882e-12  1.0174022287e-05      0.0000000000  4.5500138886e-07  4.5534093763e-07    0.011558333333    0.011558333333
 4.5475009054e-07 -1.1373234731e-13  1.0173692452e-05      0.0000000000  4.5475173256e-07  4.5421946297e-07    0.011575000000    0.011575000000
 4.5447060252e-07 -2.1799875018e-12  1.0173362289e-05      0.0000000000  4.5450207627e-07  4.5479881555e-07    0.011591666667    0.011591666667
 4.5427468779e-07  1.5423516023e-12  1.0173022287e-05      0.0000000000  4.5425241997e-07  4.5472856813e-07    0.011608333333    0.011608333333
 4.5403262807e-07  2.0685183587e-12  1.0172692452e-05      0.0000000000  4.5400276367e-07  4.5448223047e-07    0.011625000000    0.011625000000
 4.5370775494e-07 -3.1412771472e-12  1.0172362286e-05      0.0000000000  4.5375310738e-07  4.5347247877e-07    0.011641666667    0.011641666667
 4.5346085406e-07 -2.9504265433e-12  1.0172022295e-05      0.0000000000  4.5350345108e-07  4.5258839576e-07    0.011658333333    0.011658333333
 4.5316942962e-07 -5.8119453317e-12  1.0171692446e-05      0.0000000000  4.5325334004e-07  4.5337987418e-07    0.011675000000    0.011675000000
 4.5300548109e-07  1.2449082496e-13  1.0171362290e-05      0.0000000000  4.5300368374e-07  4.5201552078e-07    0.011691666667    0.011691666667
 4.5260948476e-07 -1.0011559585e-11  1.0171022288e-05      0.0000000000  4.5275402745e-07  4.5195157801e-07    0.011708333333    0.011708333333
 4.5246701510e-07 -2.5874182465e-12  1.0170692450e-05      0.0000000000  4.5250437115e-07  4.5255220293e-07    0.011725000000    0.011725000000
 4.5230031428e-07  3.1583842279e-12  1.0170362294e-05      0.0000000000  4.5225471486e-07  4.5275774110e-07    0.011741666667    0.011741666667
 4.5188300541e-07 -8.4223538695e-12  1.0170022289e-05      0.0000000000  4.5200460381e-07  4.5179973163e-07    0.011758333333    0.011758333333
 4.5170805788e-07 -3.2477492012e-12  1.0169692454e-05      0.0000000000  4.5175494752e-07  4.5230803495e-07    0.011775000000    0.011775000000
 4.5147366561e-07 -2.1905063572e-12  1.0169362287e-05      0.0000000000  4.5150529122e-07  4.5167260078e-07    0.011791666667    0.011791666667
 4.5123738260e-07 -1.2327262362e-12  1.0169022293e-05      0.0000000000  4.5125518018e-07  4.5142178225e-07    0.011808333333    0.011808333333
 4.5062023460e-07 -2.6686556660e-11  1.0168692448e-05      0.0000000000  4.5100552388e-07  4.5158581345e-07    0.011825000000    0.011825000000
 4.5059094076e-07 -1.1391942934e-11  1.0168362291e-05      0.0000000000  4.5075541284e-07  4.5051134859e-07    0.011841666667    0.011841666667
 4.5042412398e-07 -5.6541722059e-12  1.0168022290e-05      0.0000000000  4.5050575655e-07  4.5012709455e-07    0.011858333333    0.011858333333
 4.5015165829e-07 -7.2025374957e-12  1.0167692448e-05      0.0000000000  4.5025564550e-07  4.4966304962e-07    0.011875000000    0.011875000000
 4.4992471759e-07 -5.6291716769e-12  1.0167362295e-05      0.0000000000  4.5000598921e-07  4.4971571947e-07    0.011891666667    0.011891666667
 4.4971856254e-07 -2.5846180382e-12  1.0167022287e-05      0.0000000000  4.4975587816e-07  4.4910515804e-07    0.011908333333    0.011908333333
 4.4955576612e-07  3.4316174037e-12  1.0166692456e-05      0.0000000000  4.4950622187e-07  4.4884745313e-07    0.011925000000    0.011925000000
 4.4934121339e-07  5.8945171610e-12  1.0166362289e-05      0.0000000000  4.4925611083e-07  4.4963500097e-07    0.011941666667    0.011941666667
 4.4895454761e-07 -3.5637672188e-12  1.0166022294e-05      0.0000000000  4.4900599978e-07  4.4905861991e-07    0.011958333333    0.011958333333
 4.4861276905e-07 -9.9444950944e-12  1.0165692449e-05      0.0000000000  4.4875634349e-07  4.4841043491e-07    0.011975000000    0.011975000000
 4.4840441264e-07 -7.0524150901e-12  1.0165362293e-05      0.0000000000  4.4850623244e-07  4.4853498730e-07    0.011991666667    0.011991666667
 4.4814572683e-07 -7.6463350323e-12  1.0165022295e-05      0.0000000000  4.4825612140e-07  4.4753059692e-07    0.012008333333    0.012008333333
 4.4785153406e-07 -1.0699597883e-11  1.0164692446e-05      0.0000000000  4.4800601036e-07  4.4726773509e-07    0.012025000000    0.012025000000
 4.4762726496e-07 -8.9411872925e-12  1.0164362297e-05      0.0000000000  4.4775635406e-07  4.4793848165e-07    0.012041666667    0.012041666667
 4.4773088843e-07  1.5559769302e-11  1.0164022289e-05      0.0000000000  4.4750624302e-07  4.4705777893e-07    0.012058333333    0.012058333333
 4.4724725263e-07 -6.1501660979e-13  1.0163692457e-05      0.0000000000  4.4725613198e-07  4.4770113717e-07    0.012075000000    0.012075000000
 4.4714347545e-07  9.5206066348e-12  1.0163362291e-05      0.0000000000  4.4700602093e-07  4.4653148925e-07    0.012091666667    0.012091666667
 4.4668470831e-07 -4.9316843151e-12  1.0163022293e-05      0.0000000000  4.4675590989e-07  4.4578499245e-07    0.012108333333    0.012108333333
 4.4634101014e-07 -1.1413873597e-11  1.0162692454e-05      0.0000000000  4.4650579885e-07  4.4669182570e-07    0.012125000000    0.012125000000
 4.4625746326e-07  1.2297475979e-13  1.0162362291e-05      0.0000000000  4.4625568780e-07  4.4632975588e-07    0.012141666667    0.012141666667
 4.4564805552e-07 -2.4763239297e-11  1.0162022297e-05      0.0000000000  4.4600557676e-07  4.4576566969e-07    0.012158333333    0.012158333333
 4.4573052823e-07 -1.7272621140e-12  1.0161692448e-05      0.0000000000  4.4575546572e-07  4.4544743377e-07    0.012175000000    0.012175000000
 4.4525402872e-07 -1.7407762518e-11  1.0161362299e-05      0.0000000000  4.4550535468e-07  4.4572710279e-07    0.012191666667    0.012191666667
 4.4501594326e-07 -1.6574826084e-11  1.0161022290e-05      0.0000000000  4.4525524363e-07  4.4545164736e-07    0.012208333333    0.012208333333
 4.4474904601e-07 -1.7737500997e-11  1.0160692455e-05      0.0000000000  4.4500513259e-07  4.4421535243e-07    0.012225000000    0.012225000000
 4.4434541615e-07 -2.8339282580e-11  1.0160362296e-05      0.0000000000  4.4475456680e-07  4.4511650991e-07    0.012241666667    0.012241666667
 4.4429196170e-07 -1.4718122047e-11  1.0160022294e-05      0.0000000000  4.4450445576e-07  4.4402442031e-07    0.012258333333    0.012258333333
 4.4403386797e-07 -1.5271031967e-11  1.0159692456e-05      0.0000000000  4.4425434471e-07  4.4405039362e-07    0.012275000000    0.012275000000
 4.4358506635e-07 -2.9033073904e-11  1.0159362293e-05      0.0000000000  4.4400423367e-07  4.4311835746e-07    0.012291666667    0.012291666667
 4.4353579217e-07 -1.5090875315e-11  1.0159022298e-05      0.0000000000  4.4375366788e-07  4.4420865471e-07    0.012308333333    0.012308333333
 4.4313674657e-07 -2.5406631885e-11  1.0158692449e-05      0.0000000000  4.4350355684e-07  4.4409517085e-07    0.012325000000    0.012325000000
 4.4304674580e-07 -1.4316803875e-11  1.0158362297e-05      0.0000000000  4.4325344579e-07  4.4347097815e-07    0.012341666667    0.012341666667
 4.4283421366e-07 -1.1682452709e-11  1.0158022295e-05      0.0000000000  4.4300288000e-07  4.4369557180e-07    0.012358333333    0.012358333333
 4.4243087090e-07 -2.2295846548e-11  1.0157692453e-05      0.0000000000  4.4275276896e-07  4.4307840699e-07    0.012375000000    0.012375000000
 4.4236216277e-07 -9.7312122670e-12  1.0157362297e-05      0.0000000000  4.4250265792e-07  4.4282887770e-07    0.012391666667    0.012391666667
 4.4198791729e-07 -1.8297723443e-11  1.0157022296e-05      0.0000000000  4.4225209213e-07  4.4155767917e-07    0.012408333333    0.012408333333
 4.4185987957e-07 -9.8424747583e-12  1.0156692457e-05      0.0000000000  4.4200198108e-07  4.4154502269e-07    0.012425000000    0.012425000000
 4.4153549672e-07 -1.4955316542e-11  1.0156362291e-05      0.0000000000  4.4175141529e-07  4.4278312568e-07    0.012441666667    0.012441666667
 4.4134459494e-07 -1.0822767106e-11  1.0156022300e-05      0.0000000000  4.4150084950e-07  4.4204194303e-07    0.012458333333    0.012458333333
 4.4129171654e-07  2.8382930697e-12  1.0155692454e-05      0.0000000000  4.4125073846e-07  4.4132696952e-07    0.012475000000    0.012475000000
 4.4111980879e-07  8.2864388396e-12  1.0155362298e-05      0.0000000000  4.4100017267e-07  4.4062874031e-07    0.012491666667    0.012491666667
 4.4075863609e-07  5.9389870977e-13  1.0155022297e-05      0.0000000000  4.4075006163e-07  4.4179194207e-07    0.012508333333    0.012508333333
 4.4058894278e-07  6.1954249241e-12  1.0154692455e-05      0.0000000000  4.4049949584e-07  4.4067641045e-07    0.012525000000    0.012525000000
 4.4053751533e-07  1.9988481018e-11  1.0154362299e-05      0.0000000000  4.4024893005e-07  4.4012957167e-07    0.012541666667    0.012541666667
 4.4031468262e-07  2.1909376237e-11  1.0154022294e-05      0.0000000000  4.3999836426e-07  4.4025849488e-07    0.012558333333    0.012558333333
 4.3995648397e-07  1.4422830041e-11  1.0153692459e-05      0.0000000000  4.3974825321e-07  4.3988873684e-07    0.012575000000    0.012575000000
 4.3958415689e-07  5.9891942987e-12  1.0153362296e-05      0.0000000000  4.3949768742e-07  4.3981992015e-07    0.012591666667    0.012591666667
 4.3925188482e-07  3.2991617541e-13  1.0153022301e-05      0.0000000000  4.3924712163e-07  4.4020411130e-07    0.012608333333    0.012608333333
 4.3865516778e-07 -2.3645796274e-11  1.0152692456e-05      0.0000000000  4.3899655584e-07  4.3952902537e-07    0.012625000000    0.012625000000
 4.3836331115e-07 -2.6505751742e-11  1.0152362300e-05      0.0000000000  4.3874599005e-07  4.3905142779e-07    0.012641666667    0.012641666667
 4.3814871874e-07 -2.4014102869e-11  1.0152022298e-05      0.0000000000  4.3849542426e-07  4.3788124531e-07    0.012658333333    0.012658333333
 4.3768463284e-07 -3.8803292727e-11  1.0151692453e-05      0.0000000000  4.3824485847e-07  4.3770318979e-07    0.012675000000    0.012675000000
 4.3786682666e-07 -8.8287663022e-12  1.0151362300e-05      0.0000000000  4.3799429268e-07  4.3788729842e-07    0.012691666667    0.012691666667
 4.3750622908e-07 -1.6449974256e-11  1.0151022296e-05      0.0000000000  4.3774372689e-07  4.3758811797e-07    0.012708333333    0.012708333333
 4.3755842460e-07  4.5203909308e-12  1.0150692461e-05      0.0000000000  4.3749316110e-07  4.3716430652e-07    0.012725000000    0.012725000000
 4.3753849311e-07  2.0494972940e-11  1.0150362297e-05      0.0000000000  4.3724259531e-07  4.3709775384e-07    0.012741666667    0.012741666667
 4.3710476415e-07  7.8084165230e-12  1.0150022303e-05      0.0000000000  4.3699202952e-07  4.3751184889e-07    0.012758333333    0.012758333333
 4.3680704252e-07  4.5422286543e-12  1.0149692458e-05      0.0000000000  4.3674146373e-07  4.3725948957e-07    0.012775000000    0.012775000000
 4.3651360869e-07  1.5730303334e-12  1.0149362298e-05      0.0000000000  4.3649089794e-07  4.3706880901e-07    0.012791666667    0.012791666667
 4.3611078013e-07 -8.9732507728e-12  1.0149022300e-05      0.0000000000  4.3624033215e-07  4.3631528432e-07    0.012808333333    0.012808333333
 4.3594156962e-07 -3.3382836242e-12  1.0148692455e-05      0.0000000000  4.3598976636e-07  4.3584542213e-07    0.012825000000    0.012825000000
 4.3572955142e-07 -6.3683823101e-13  1.0148362306e-05      0.0000000000  4.3573874582e-07  4.3625568092e-07    0.012841666667    0.012841666667
 4.3551212629e-07  1.6586065552e-12  1.0148022297e-05      0.0000000000  4.3548818003e-07  4.3664779613e-07    0.012858333333    0.012858333333
 4.3523788608e-07  1.8828794944e-14  1.0147692462e-05      0.0000000000  4.3523761424e-07  4.3566925329e-07    0.012875000000    0.012875000000
 4.3498257483e-07 -2.7836161697e-13  1.0147362299e-05      0.0000000000  4.3498659370e-07  4.3476425955e-07    0.012891666667    0.012891666667
 4.3456893109e-07 -1.1573741858e-11  1.0147022301e-05      0.0000000000  4.3473602791e-07  4.3430901914e-07    0.012908333333    0.012908333333
 4.3426935865e-07 -1.4968123059e-11  1.0146692459e-05      0.0000000000  4.3448546212e-07  4.3428795120e-07    0.012925000000    0.012925000000
 4.3395620525e-07 -1.9271674341e-11  1.0146362300e-05      0.0000000000  4.3423444158e-07  4.3372202550e-07    0.012941666667    0.012941666667
 4.3374779313e-07 -1.6351955601e-11  1.0146022302e-05      0.0000000000  4.3398387579e-07  4.3415113538e-07    0.012958333333    0.012958333333
 4.3339887200e-07 -2.3132911967e-11  1.0145692456e-05      0.0000000000  4.3373285526e-07  4.3380230378e-07    0.012975000000    0.012975000000
 4.3326330483e-07 -1.5167683547e-11  1.0145362307e-05      0.0000000000  4.3348228947e-07  4.3377557580e-07    0.012991666667    0.012991666667
 4.3278637487e-07 -3.0815003034e-11  1.0145022299e-05      0.0000000000  4.3323126893e-07  4.3365548855e-07    0.013008333333    0.013008333333
 4.3288397181e-07 -6.6999686095e-12  1.0144692460e-05      0.0000000000  4.3298070314e-07  4.3369040787e-07    0.013025000000    0.013025000000
 4.3250402817e-07 -1.5629657679e-11  1.0144362301e-05      0.0000000000  4.3272968260e-07  4.3289919673e-07    0.013041666667    0.013041666667
 4.3245146638e-07 -1.8836728939e-12  1.0144022303e-05      0.0000000000  4.3247866206e-07  4.3204042668e-07    0.013058333333    0.013058333333
 4.3216806862e-07 -4.1577365317e-12  1.0143692461e-05      0.0000000000  4.3222809627e-07  4.3199399860e-07    0.013075000000    0.013075000000
 4.3212740385e-07  1.0412279509e-11  1.0143362298e-05      0.0000000000  4.3197707573e-07  4.3132447839e-07    0.013091666667    0.013091666667
 4.3170094490e-07 -1.7392316780e-12  1.0143022310e-05      0.0000000000  4.3172605520e-07  4.3159726102e-07    0.013108333333    0.013108333333
 4.3147159097e-07 -2.7002040076e-13  1.0142692458e-05      0.0000000000  4.3147548941e-07  4.3094258270e-07    0.013125000000    0.013125000000
 4.3157078367e-07  2.3987040372e-11  1.0142362305e-05      0.0000000000  4.3122446887e-07  4.3073937143e-07    0.013141666667    0.013141666667
 4.3113968957e-07  1.1514481411e-11  1.0142022300e-05      0.0000000000  4.3097344833e-07  4.3129021941e-07    0.013158333333    0.013158333333
 4.3091501474e-07  1.3339282058e-11  1.0141692462e-05      0.0000000000  4.3072242779e-07  4.3106373907e-07    0.013175000000    0.013175000000
 4.3029758712e-07 -1.2039423322e-11  1.0141362306e-05      0.0000000000  4.3047140726e-07  4.3009900044e-07    0.013191666667    0.013191666667
 4.3032098942e-07  6.9681140129e-12  1.0141022301e-05      0.0000000000  4.3022038672e-07  4.2997433799e-07    0.013208333333    0.013208333333
 4.2966367819e-07 -2.1204574482e-11  1.0140692466e-05      0.0000000000  4.2996982093e-07  4.3023221584e-07    0.013225000000    0.013225000000
 4.2953650776e-07 -1.2626259647e-11  1.0140362299e-05      0.0000000000  4.2971880039e-07  4.2980593598e-07    0.013241666667    0.013241666667
 4.2917906017e-07 -1.9997789945e-11  1.0140022308e-05      0.0000000000  4.2946777985e-07  4.2996210600e-07    0.013258333333    0.013258333333
 4.2898726558e-07 -1.5895582098e-11  1.0139692460e-05      0.0000000000  4.2921675931e-07  4.2945862944e-07    0.013275000000    0.013275000000
 4.2887237063e-07 -6.4355244879e-12  1.0139362307e-05      0.0000000000  4.2896528403e-07  4.2865309525e-07    0.013291666667    0.013291666667
 4.2884607462e-07  9.1297248467e-12  1.0139022302e-05      0.0000000000  4.2871426349e-07  4.2904437717e-07    0.013308333333    0.013308333333
 4.2865130251e-07  1.3025698177e-11  1.0138692460e-05      0.0000000000  4.2846324295e-07  4.2894680432e-07    0.013325000000    0.013325000000
 4.2844224553e-07  1.5932249201e-11  1.0138362311e-05      0.0000000000  4.2821222242e-07  4.2814336120e-07    0.013341666667    0.013341666667
 4.2837603612e-07  2.8732949270e-11  1.0138022299e-05      0.0000000000  4.2796120188e-07  4.2853550785e-07    0.013358333333    0.013358333333
 4.2794123721e-07  1.6003781569e-11  1.0137692468e-05      0.0000000000  4.2771018134e-07  4.2758418038e-07    0.013375000000    0.013375000000
 4.2765315847e-07  1.3436993628e-11  1.0137362301e-05      0.0000000000  4.2745916080e-07  4.2830484537e-07    0.013391666667    0.013391666667
 4.2737534009e-07  1.1612373737e-11  1.0137022310e-05      0.0000000000  4.2720768552e-07  4.2653792140e-07    0.013408333333    0.013408333333
 4.2723454741e-07  1.9247161957e-11  1.0136692461e-05      0.0000000000  4.2695666498e-07  4.2655600210e-07    0.013425000000    0.013425000000
 4.2678198728e-07  5.2877861185e-12  1.0136362305e-05      0.0000000000  4.2670564444e-07  4.2737667691e-07    0.013441666667    0.013441666667
 4.2655489747e-07  6.9768146279e-12  1.0136022311e-05      0.0000000000  4.2645416916e-07  4.2662650108e-07    0.013458333333    0.013458333333
 4.2637163255e-07  1.1669818482e-11  1.0135692458e-05      0.0000000000  4.2620314862e-07  4.2628562498e-07    0.013475000000    0.013475000000
 4.2599424776e-07  2.9173645142e-12  1.0135362312e-05      0.0000000000  4.2595212808e-07  4.2604052939e-07    0.013491666667    0.013491666667
 4.2575634278e-07  3.8572938887e-12  1.0135022301e-05      0.0000000000  4.2570065280e-07  4.2631777717e-07    0.013508333333    0.013508333333
 4.2555386154e-07  7.2193041448e-12  1.0134692469e-05      0.0000000000  4.2544963226e-07  4.2533763064e-07    0.013525000000    0.013525000000
 4.2520631093e-07  5.6477329226e-13  1.0134362306e-05      0.0000000000  4.2519815697e-07  4.2500610934e-07    0.013541666667    0.013541666667
 4.2519134497e-07  1.6914783455e-11  1.0134022308e-05      0.0000000000  4.2494713644e-07  4.2518690055e-07    0.013558333333    0.013558333333
 4.2483768808e-07  9.8373089882e-12  1.0133692466e-05      0.0000000000  4.2469566115e-07  4.2504305684e-07    0.013575000000    0.013575000000
 4.2469796442e-07  1.7546141026e-11  1.0133362303e-05      0.0000000000  4.2444464061e-07  4.2416656771e-07    0.013591666667    0.013591666667
 4.2445362158e-07  1.8040160434e-11  1.0133022312e-05      0.0000000000  4.2419316533e-07  4.2433844436e-07    0.013608333333    0.013608333333
 4.2406378523e-07  8.4567626316e-12  1.0132692460e-05      0.0000000000  4.2394169004e-07  4.2402240956e-07    0.013625000000    0.013625000000
 4.2378436493e-07  6.4896907474e-12  1.0132362314e-05      0.0000000000  4.2369066951e-07  4.2300834994e-07    0.013641666667    0.013641666667
 4.2364173682e-07  1.4028847055e-11  1.0132022302e-05      0.0000000000  4.2343919422e-07  4.2268470553e-07    0.013658333333    0.013658333333
 4.2331040230e-07  8.4975022466e-12  1.0131692467e-05      0.0000000000  4.2318771894e-07  4.2259431779e-07    0.013675000000    0.013675000000
 4.2322663766e-07  2.0082262557e-11  1.0131362311e-05      0.0000000000  4.2293669840e-07  4.2350423261e-07    0.013691666667    0.013691666667
 4.2275594798e-07  4.8986649131e-12  1.0131022306e-05      0.0000000000  4.2268522311e-07  4.2272149581e-07    0.013708333333    0.013708333333
 4.2253212186e-07  6.8137482160e-12  1.0130692468e-05      0.0000000000  4.2243374783e-07  4.2097696046e-07    0.013725000000    0.013725000000
 4.2252399494e-07  2.3668952903e-11  1.0130362305e-05      0.0000000000  4.2218227254e-07  4.2121348737e-07    0.013741666667    0.013741666667
 4.2190858765e-07 -1.5383195746e-12  1.0130022314e-05      0.0000000000  4.2193079726e-07  4.2087122771e-07    0.013758333333    0.013758333333
 4.2182889987e-07  1.0360316843e-11  1.0129692461e-05      0.0000000000  4.2167932197e-07  4.2116995221e-07    0.013775000000    0.013775000000
 4.2124273856e-07 -1.2821271505e-11  1.0129362312e-05      0.0000000000  4.2142784669e-07  4.2094147513e-07    0.013791666667    0.013791666667
 4.2099833574e-07 -1.2362904073e-11  1.0129022311e-05      0.0000000000  4.2117682615e-07  4.2109751938e-07    0.013808333333    0.013808333333
 4.2077127479e-07 -1.0671876880e-11  1.0128692465e-05      0.0000000000  4.2092535087e-07  4.2171422824e-07    0.013825000000    0.013825000000
 4.2053617340e-07 -9.5377606087e-12  1.0128362313e-05      0.0000000000  4.2067387558e-07  4.2119933726e-07    0.013841666667    0.013841666667
 4.1999086745e-07 -2.9858058327e-11  1.0128022308e-05      0.0000000000  4.2042194555e-07  4.2038874047e-07    0.013858333333    0.013858333333
 4.1971711752e-07 -3.1400882365e-11  1.0127692469e-05      0.0000000000  4.2017047026e-07  4.2056671738e-07    0.013875000000    0.013875000000
 4.1933248623e-07 -4.0623758396e-11  1.0127362306e-05      0.0000000000  4.1991899498e-07  4.2017370600e-07    0.013891666667    0.013891666667
 4.1905363785e-07 -4.2519720181e-11  1.0127022315e-05      0.0000000000  4.1966751969e-07  4.1980522147e-07    0.013908333333    0.013908333333
 4.1901991471e-07 -2.7437403186e-11  1.0126692466e-05      0.0000000000  4.1941604441e-07  4.1923934293e-07    0.013925000000    0.013925000000
 4.1875499103e-07 -2.8368889193e-11  1.0126362310e-05      0.0000000000  4.1916456912e-07  4.1964994762e-07    0.013941666667    0.013941666667
 4.1874575047e-07 -1.1590818881e-11  1.0126022312e-05      0.0000000000  4.1891309384e-07  4.1968774413e-07    0.013958333333    0.013958333333
 4.1868067178e-07  1.3511945784e-12  1.0125692467e-05      0.0000000000  4.1866116381e-07  4.1947612140e-07    0.013975000000    0.013975000000
 4.1829806817e-07 -7.7312369313e-12  1.0125362314e-05      0.0000000000  4.1840968852e-07  4.1871127663e-07    0.013991666667    0.013991666667
 4.1798703182e-07 -1.1856656020e-11  1.0125022306e-05      0.0000000000  4.1815821324e-07  4.1819704599e-07    0.014008333333    0.014008333333
 4.1802213875e-07  8.0245826255e-12  1.0124692471e-05      0.0000000000  4.1790628320e-07  4.1730596653e-07    0.014025000000    0.014025000000
 4.1770853046e-07  3.7210216256e-12  1.0124362311e-05      0.0000000000  4.1765480792e-07  4.1873482870e-07    0.014041666667    0.014041666667
 4.1755585961e-07  1.0564580592e-11  1.0124022313e-05      0.0000000000  4.1740333263e-07  4.1763634010e-07    0.014058333333    0.014058333333
 4.1730998031e-07  1.0983676667e-11  1.0123692468e-05      0.0000000000  4.1715140260e-07  4.1693762350e-07    0.014075000000    0.014075000000
 4.1679221876e-07 -7.4602917757e-12  1.0123362308e-05      0.0000000000  4.1689992732e-07  4.1759775748e-07    0.014091666667    0.014091666667
 4.1667874885e-07  2.1299666384e-12  1.0123022314e-05      0.0000000000  4.1664799728e-07  4.1677297913e-07    0.014108333333    0.014108333333
 4.1615130820e-07 -1.6984412033e-11  1.0122692465e-05      0.0000000000  4.1639652200e-07  4.1607816167e-07    0.014125000000    0.014125000000
 4.1577013283e-07 -2.5936420663e-11  1.0122362316e-05      0.0000000000  4.1614459197e-07  4.1588336185e-07    0.014141666667    0.014141666667
 4.1568956334e-07 -1.4098855126e-11  1.0122022311e-05      0.0000000000  4.1589311668e-07  4.1660713987e-07    0.014158333333    0.014158333333
 4.1524334513e-07 -2.7555970159e-11  1.0121692473e-05      0.0000000000  4.1564118665e-07  4.1594117290e-07    0.014175000000    0.014175000000
 4.1515587448e-07 -1.6196404562e-11  1.0121362313e-05      0.0000000000  4.1538971136e-07  4.1547621608e-07    0.014191666667    0.014191666667
 4.1498472326e-07 -1.0601366209e-11  1.0121022312e-05      0.0000000000  4.1513778133e-07  4.1465153207e-07    0.014208333333    0.014208333333
 4.1466315374e-07 -1.5424853699e-11  1.0120692470e-05      0.0000000000  4.1488585130e-07  4.1415322816e-07    0.014225000000    0.014225000000
 4.1423273054e-07 -2.7787948660e-11  1.0120362310e-05      0.0000000000  4.1463392127e-07  4.1584916576e-07    0.014241666667    0.014241666667
 4.1429198620e-07 -6.2655776576e-12  1.0120022316e-05      0.0000000000  4.1438244598e-07  4.1376799934e-07    0.014258333333    0.014258333333
 4.1394479483e-07 -1.2863729447e-11  1.0119692467e-05      0.0000000000  4.1413051595e-07  4.1317056606e-07    0.014275000000    0.014275000000
 4.1380161858e-07 -5.3310415654e-12  1.0119362318e-05      0.0000000000  4.1387858592e-07  4.1281591719e-07    0.014291666667    0.014291666667
 4.1364360011e-07  1.1736198094e-12  1.0119022313e-05      0.0000000000  4.1362665588e-07  4.1389605781e-07    0.014308333333    0.014308333333
 4.1336934693e-07 -3.7256359160e-13  1.0118692471e-05      0.0000000000  4.1337472585e-07  4.1411687811e-07    0.014325000000    0.014325000000
 4.1299145890e-07 -9.1283769228e-12  1.0118362315e-05      0.0000000000  4.1312325057e-07  4.1215699383e-07    0.014341666667    0.014341666667
 4.1307652518e-07  1.4213230406e-11  1.0118022313e-05      0.0000000000  4.1287132053e-07  4.1282208035e-07    0.014358333333    0.014358333333
 4.1284168656e-07  1.5397044956e-11  1.0117692471e-05      0.0000000000  4.1261939050e-07  4.1279389019e-07    0.014375000000    0.014375000000
 4.1280297679e-07  3.0165466408e-11  1.0117362312e-05      0.0000000000  4.1236746047e-07  4.1153665311e-07    0.014391666667    0.014391666667
 4.1251157077e-07  2.7431213777e-11  1.0117022317e-05      0.0000000000  4.1211553044e-07  4.1298971196e-07    0.014408333333    0.014408333333
 4.1200714036e-07  9.9421066103e-12  1.0116692468e-05      0.0000000000  4.1186360040e-07  4.1113916085e-07    0.014425000000    0.014425000000
 4.1186283738e-07  1.7396753308e-11  1.0116362316e-05      0.0000000000  4.1161167037e-07  4.1227022614e-07    0.014441666667    0.014441666667
 4.1125701768e-07 -7.1149500523e-12  1.0116022314e-05      0.0000000000  4.1135974034e-07  4.1158932295e-07    0.014458333333    0.014458333333
 4.1115709132e-07  3.4448821679e-12  1.0115692472e-05      0.0000000000  4.1110735556e-07  4.1210500005e-07    0.014475000000    0.014475000000
 4.1078937067e-07 -4.5752033147e-12  1.0115362316e-05      0.0000000000  4.1085542553e-07  4.1132797046e-07    0.014491666667    0.014491666667
 4.1025899991e-07 -2.3861034324e-11  1.0115022311e-05      0.0000000000  4.1060349550e-07  4.1104366335e-07    0.014508333333    0.014508333333
 4.1026563651e-07 -5.9517559389e-12  1.0114692473e-05      0.0000000000  4.1035156546e-07  4.1062276053e-07    0.014525000000    0.014525000000
 4.0991000231e-07 -1.3134689179e-11  1.0114362313e-05      0.0000000000  4.1009963543e-07  4.1033986843e-07    0.014541666667    0.014541666667
 4.0955247763e-07 -2.0417066636e-11  1.0114022319e-05      0.0000000000  4.0984725065e-07  4.0904838808e-07    0.014558333333    0.014558333333
 4.0955430220e-07 -2.8410872135e-12  1.0113692470e-05      0.0000000000  4.0959532062e-07  4.0858101002e-07    0.014575000000    0.014575000000
 4.0918571238e-07 -1.0921373780e-11  1.0113362317e-05      0.0000000000  4.0934339059e-07  4.0932044749e-07    0.014591666667    0.014591666667
 4.0912277346e-07  2.2003449100e-12  1.0113022316e-05      0.0000000000  4.0909100581e-07  4.0934855904e-07    0.014608333333    0.014608333333
 4.0898086180e-07  9.8206232409e-12  1.0112692470e-05      0.0000000000  4.0883907577e-07  4.0797233527e-07    0.014625000000    0.014625000000
 4.0851858836e-07 -4.7485370265e-12  1.0112362318e-05      0.0000000000  4.0858714574e-07  4.0797172210e-07    0.014641666667    0.014641666667
 4.0858182697e-07  1.7112702414e-11  1.0112022316e-05      0.0000000000  4.0833476096e-07  4.0862901033e-07    0.014658333333    0.014658333333
 4.0804517626e-07 -2.6081013229e-12  1.0111692474e-05      0.0000000000  4.0808283093e-07  4.0755375936e-07    0.014675000000    0.014675000000
 4.0798156456e-07  1.0467018434e-11  1.0111362315e-05      0.0000000000  4.0783044615e-07  4.0748664068e-07    0.014691666667    0.014691666667
 4.0774526470e-07  1.1549621878e-11  1.0111022320e-05      0.0000000000  4.0757851612e-07  4.0808231305e-07    0.014708333333    0.014708333333
 4.0760671251e-07  1.9434086826e-11  1.0110692472e-05      0.0000000000  4.0732613134e-07  4.0749681303e-07    0.014725000000    0.014725000000
 4.0724903433e-07  1.2109580179e-11  1.0110362315e-05      0.0000000000  4.0707420130e-07  4.0640725473e-07    0.014741666667    0.014741666667
 4.0711605405e-07  2.0379976086e-11  1.0110022317e-05      0.0000000000  4.0682181653e-07  4.0628878688e-07    0.014758333333    0.014758333333
 4.0660107792e-07  2.1919307212e-12  1.0109692472e-05      0.0000000000  4.0656943175e-07  4.0670255176e-07    0.014775000000    0.014775000000
 4.0613442689e-07 -1.2680437220e-11  1.0109362319e-05      0.0000000000  4.0631750171e-07  4.0692315194e-07    0.014791666667    0.014791666667
 4.0605887035e-07 -4.3266135183e-13  1.0109022314e-05      0.0000000000  4.0606511693e-07  4.0631865933e-07    0.014808333333    0.014808333333
 4.0546274778e-07 -2.4241208000e-11  1.0108692480e-05      0.0000000000  4.0581273215e-07  4.0648438854e-07    0.014825000000    0.014825000000
 4.0527995965e-07 -1.9420687688e-11  1.0108362316e-05      0.0000000000  4.0556034737e-07  4.0700740797e-07    0.014841666667    0.014841666667
 4.0502614945e-07 -1.9550914940e-11  1.0108022318e-05      0.0000000000  4.0530841734e-07  4.0519380437e-07    0.014858333333    0.014858333333
 4.0476409133e-07 -2.0220925971e-11  1.0107692473e-05      0.0000000000  4.0505603256e-07  4.0637253980e-07    0.014875000000    0.014875000000
 4.0475529617e-07 -3.3490109987e-12  1.0107362320e-05      0.0000000000  4.0480364778e-07  4.0491037771e-07    0.014891666667    0.014891666667
 4.0446292012e-07 -6.1189535465e-12  1.0107022319e-05      0.0000000000  4.0455126300e-07  4.0345634407e-07    0.014908333333    0.014908333333
 4.0447045380e-07  1.1883957140e-11  1.0106692470e-05      0.0000000000  4.0429887822e-07  4.0367818631e-07    0.014925000000    0.014925000000
 4.0432725711e-07  1.9446726593e-11  1.0106362324e-05      0.0000000000  4.0404649344e-07  4.0408907400e-07    0.014941666667    0.014941666667
 4.0406552415e-07  1.8799237763e-11  1.0106022316e-05      0.0000000000  4.0379410866e-07  4.0341348496e-07    0.014958333333    0.014958333333
 4.0401402483e-07  3.2713304876e-11  1.0105692478e-05      0.0000000000  4.0354172388e-07  4.0208107936e-07    0.014975000000    0.014975000000
 4.0368265637e-07  2.7242604374e-11  1.0105362318e-05      0.0000000000  4.0328933910e-07  4.0491559752e-07    0.014991666667    0.014991666667
 4.0321594963e-07  1.2397875169e-11  1.0105022320e-05      0.0000000000  4.0303695432e-07  4.0245795962e-07    0.015008333333    0.015008333333
 4.0310451581e-07  2.2160658359e-11  1.0104692475e-05      0.0000000000  4.0278456954e-07  4.0111255165e-07    0.015025000000    0.015025000000
 4.0281943369e-07  1.9895920053e-11  1.0104362319e-05      0.0000000000  4.0253218476e-07  4.0365387957e-07    0.015041666667    0.015041666667
 4.0261074690e-07  2.2922603510e-11  1.0104022324e-05      0.0000000000  4.0227979998e-07  4.0131015004e-07    0.015058333333    0.015058333333
 4.0225766098e-07  1.5947671676e-11  1.0103692472e-05      0.0000000000  4.0202741520e-07  4.0163555535e-07    0.015075000000    0.015075000000
 4.0207981366e-07  2.1110411001e-11  1.0103362323e-05      0.0000000000  4.0177503042e-07  4.0319852910e-07    0.015091666667    0.015091666667
 4.0161336449e-07  6.2835218957e-12  1.0103022318e-05      0.0000000000  4.0152264565e-07  4.0297557057e-07    0.015108333333    0.015108333333
 4.0128230691e-07  8.6585081207e-13  1.0102692479e-05      0.0000000000  4.0126980612e-07  4.0014569050e-07    0.015125000000    0.015125000000
 4.0099957469e-07 -1.2361243417e-12  1.0102362320e-05      0.0000000000  4.0101742134e-07  3.9981847711e-07    0.015141666667    0.015141666667
 4.0051458491e-07 -1.7347204543e-11  1.0102022322e-05      0.0000000000  4.0076503656e-07  4.0231309396e-07    0.015158333333    0.015158333333
 4.0028014012e-07 -1.6073117054e-11  1.0101692480e-05      0.0000000000  4.0051219703e-07  4.0138475255e-07    0.015175000000    0.015175000000
 3.9974603477e-07 -3.5586122955e-11  1.0101362317e-05      0.0000000000  4.0025981225e-07  4.0035020672e-07    0.015191666667    0.015191666667
 3.9960249661e-07 -2.8047004589e-11  1.0101022326e-05      0.0000000000  4.0000742747e-07  4.0091795622e-07    0.015208333333    0.015208333333
 3.9949466379e-07 -1.8003305061e-11  1.0100692473e-05      0.0000000000  3.9975458794e-07  4.0129978902e-07    0.015225000000    0.015225000000
 3.9913831740e-07 -2.5204069613e-11  1.0100362324e-05      0.0000000000  3.9950220317e-07  3.9905929238e-07    0.015241666667    0.015241666667
 3.9916221773e-07 -6.0360472611e-12  1.0100022319e-05      0.0000000000  3.9924936364e-07  3.9662871263e-07    0.015258333333    0.015258333333
 3.9905419588e-07  3.9630617344e-12  1.0099692477e-05      0.0000000000  3.9899697886e-07  3.9845343193e-07    0.015275000000    0.015275000000
 3.9886541648e-07  8.4001027119e-12  1.0099362325e-05      0.0000000000  3.9874413933e-07  3.9806354929e-07    0.015291666667    0.015291666667
 3.9888693925e-07  2.7371949200e-11  1.0099022320e-05      0.0000000000  3.9849175455e-07  3.9809684921e-07    0.015308333333    0.015308333333
 3.9850328625e-07  1.8311326005e-11  1.0098692481e-05      0.0000000000  3.9823891502e-07  3.9989586248e-07    0.015325000000    0.015325000000
 3.9832265044e-07  2.3312421346e-11  1.0098362318e-05      0.0000000000  3.9798607550e-07  3.9797218676e-07    0.015341666667    0.015341666667
 3.9795688572e-07  1.5459308741e-11  1.0098022327e-05      0.0000000000  3.9773369072e-07  3.9780024723e-07    0.015358333333    0.015358333333
 3.9785524896e-07  2.5932170009e-11  1.0097692475e-05      0.0000000000  3.9748085119e-07  3.9756590572e-07    0.015375000000    0.015375000000
 3.9727285697e-07  3.1061515965e-12  1.0097362326e-05      0.0000000000  3.9722801166e-07  3.9899619862e-07    0.015391666667    0.015391666667
 3.9724210629e-07  1.8457346098e-11  1.0097022324e-05      0.0000000000  3.9697562688e-07  3.9557746967e-07    0.015408333333    0.015408333333
 3.9687095843e-07  1.0262874560e-11  1.0096692476e-05      0.0000000000  3.9672278736e-07  3.9778408466e-07    0.015425000000    0.015425000000
 3.9655962268e-07  6.2112110468e-12  1.0096362326e-05      0.0000000000  3.9646994783e-07  3.9715432625e-07    0.015441666667    0.015441666667
 3.9650240890e-07  1.9760971380e-11  1.0096022321e-05      0.0000000000  3.9621710830e-07  3.9760450407e-07    0.015458333333    0.015458333333
 3.9595862444e-07 -4.2244474931e-13  1.0095692483e-05      0.0000000000  3.9596472352e-07  3.9631939127e-07    0.015475000000    0.015475000000
 3.9615436448e-07  3.0647829766e-11  1.0095362320e-05      0.0000000000  3.9571188400e-07  3.9505099133e-07    0.015491666667    0.015491666667
 3.9554222741e-07  5.7615574033e-12  1.0095022329e-05      0.0000000000  3.9545904447e-07  3.9364516239e-07    0.015508333333    0.015508333333
 3.9559877927e-07  2.7191145538e-11  1.0094692480e-05      0.0000000000  3.9520620494e-07  3.9375264032e-07    0.015525000000    0.015525000000
 3.9511802132e-07  1.1404675115e-11  1.0094362324e-05      0.0000000000  3.9495336541e-07  3.9250881439e-07    0.015541666667    0.015541666667
 3.9487154138e-07  1.1845163575e-11  1.0094022326e-05      0.0000000000  3.9470052589e-07  3.9458861297e-07    0.015558333333    0.015558333333
 3.9466464967e-07  1.5027679101e-11  1.0093692477e-05      0.0000000000  3.9444768636e-07  3.9228876449e-07    0.015575000000    0.015575000000
 3.9446278589e-07  1.8558446702e-11  1.0093362328e-05      0.0000000000  3.9419484683e-07  3.9539317238e-07    0.015591666667    0.015591666667
 3.9424102631e-07  2.0711159113e-11  1.0093022320e-05      0.0000000000  3.9394200731e-07  3.9437614124e-07    0.015608333333    0.015608333333
 3.9393626657e-07  1.7114973339e-11  1.0092692485e-05      0.0000000000  3.9368916778e-07  3.9368545875e-07    0.015625000000    0.015625000000
 3.9369302052e-07  1.7810950443e-11  1.0092362325e-05      0.0000000000  3.9343587350e-07  3.9270097286e-07    0.015641666667    0.015641666667
 3.9337778679e-07  1.3489298114e-11  1.0092022327e-05      0.0000000000  3.9318303398e-07  3.9291512688e-07    0.015658333333    0.015658333333
 3.9322959010e-07  2.0737246708e-11  1.0091692482e-05      0.0000000000  3.9293019445e-07  3.9494411085e-07    0.015675000000    0.015675000000
 3.9272903656e-07  3.5796609675e-12  1.0091362325e-05      0.0000000000  3.9267735492e-07  3.9435510475e-07    0.015691666667    0.015691666667
 3.9273542655e-07  2.1534852623e-11  1.0091022328e-05      0.0000000000  3.9242451540e-07  3.9235792708e-07    0.015708333333    0.015708333333
 3.9238638770e-07  1.4903230747e-11  1.0090692475e-05      0.0000000000  3.9217122112e-07  3.9262067886e-07    0.015725000000    0.015725000000
 3.9204733803e-07  8.9319983871e-12  1.0090362330e-05      0.0000000000  3.9191838159e-07  3.9107932333e-07    0.015741666667    0.015741666667
 3.9199681941e-07  2.2945490282e-11  1.0090022325e-05      0.0000000000  3.9166554207e-07  3.9083537547e-07    0.015758333333    0.015758333333
 3.9162334983e-07  1.4621705314e-11  1.0089692483e-05      0.0000000000  3.9141224779e-07  3.9028875680e-07    0.015775000000    0.015775000000
 3.9121963433e-07  4.1714789797e-12  1.0089362327e-05      0.0000000000  3.9115940827e-07  3.9060546766e-07    0.015791666667    0.015791666667
 3.9128782537e-07  2.6407239764e-11  1.0089022329e-05      0.0000000000  3.9090656874e-07  3.9025696623e-07    0.015808333333    0.015808333333
 3.9097412916e-07  2.2223579404e-11  1.0088692483e-05      0.0000000000  3.9065327446e-07  3.8940302294e-07    0.015825000000    0.015825000000
 3.9076737265e-07  2.5415459131e-11  1.0088362324e-05      0.0000000000  3.9040043494e-07  3.9167521582e-07    0.015841666667    0.015841666667
 3.9049133987e-07  2.3840506250e-11  1.0088022329e-05      0.0000000000  3.9014714066e-07  3.8965241073e-07    0.015858333333    0.015858333333
 3.9036758995e-07  3.2781728315e-11  1.0087692480e-05      0.0000000000  3.8989430114e-07  3.8820389563e-07    0.015875000000    0.015875000000
 3.9008470437e-07  3.0732125140e-11  1.0087362331e-05      0.0000000000  3.8964100686e-07  3.8936453465e-07    0.015891666667    0.015891666667
 3.8981350406e-07  2.9460389650e-11  1.0087022326e-05      0.0000000000  3.8938816733e-07  3.9023072564e-07    0.015908333333    0.015908333333
 3.8949629916e-07  2.5033704194e-11  1.0086692484e-05      0.0000000000  3.8913487306e-07  3.8999327111e-07    0.015925000000    0.015925000000
 3.8907860966e-07  1.3647084970e-11  1.0086362328e-05      0.0000000000  3.8888157879e-07  3.9051762694e-07    0.015941666667    0.015941666667
 3.8882646456e-07  1.3695183764e-11  1.0086022327e-05      0.0000000000  3.8862873926e-07  3.9035093867e-07    0.015958333333    0.015958333333
 3.8826166882e-07 -7.8805568637e-12  1.0085692485e-05      0.0000000000  3.8837544498e-07  3.8848730657e-07    0.015975000000    0.015975000000
 3.8804367457e-07 -5.4355467233e-12  1.0085362325e-05      0.0000000000  3.8812215071e-07  3.8973666676e-07    0.015991666667    0.015991666667
 3.8757940537e-07 -2.0048448090e-11  1.0085022334e-05      0.0000000000  3.8786885643e-07  3.8863526953e-07    0.016008333333    0.016008333333
 3.8730036394e-07 -2.1863288780e-11  1.0084692482e-05      0.0000000000  3.8761601691e-07  3.8712230856e-07    0.016025000000    0.016025000000
 3.8692814024e-07 -3.0100778741e-11  1.0084362333e-05      0.0000000000  3.8736272263e-07  3.8642030598e-07    0.016041666667    0.016041666667
 3.8674970163e-07 -2.4915999308e-11  1.0084022328e-05      0.0000000000  3.8710942836e-07  3.8816403950e-07    0.016058333333    0.016058333333
 3.8643655263e-07 -2.9061758709e-11  1.0083692482e-05      0.0000000000  3.8685613408e-07  3.8766961901e-07    0.016075000000    0.016075000000
 3.8623523163e-07 -2.5461898198e-11  1.0083362330e-05      0.0000000000  3.8660283981e-07  3.8484598070e-07    0.016091666667    0.016091666667
 3.8603027021e-07 -2.2114186402e-11  1.0083022328e-05      0.0000000000  3.8634954554e-07  3.8519531542e-07    0.016108333333    0.016108333333
 3.8569722889e-07 -2.7637760411e-11  1.0082692486e-05      0.0000000000  3.8609625126e-07  3.8449578126e-07    0.016125000000    0.016125000000
 3.8526550542e-07 -3.9996424500e-11  1.0082362327e-05      0.0000000000  3.8584295699e-07  3.8290741593e-07    0.016141666667    0.016141666667
 3.8544602878e-07 -9.9486158044e-12  1.0082022336e-05      0.0000000000  3.8558966271e-07  3.8591311895e-07    0.016158333333    0.016158333333
 3.8522931543e-07 -7.4148863288e-12  1.0081692484e-05      0.0000000000  3.8533636844e-07  3.8648181178e-07    0.016175000000    0.016175000000
 3.8522485696e-07  9.8203994596e-12  1.0081362331e-05      0.0000000000  3.8508307416e-07  3.8497847288e-07    0.016191666667    0.016191666667
 3.8526684301e-07  3.0272603189e-11  1.0081022329e-05      0.0000000000  3.8482977989e-07  3.8581658377e-07    0.016208333333    0.016208333333
 3.8506509691e-07  3.3843020133e-11  1.0080692484e-05      0.0000000000  3.8457648561e-07  3.8580383295e-07    0.016225000000    0.016225000000
 3.8478301609e-07  3.1849158017e-11  1.0080362335e-05      0.0000000000  3.8432319134e-07  3.8645901439e-07    0.016241666667    0.016241666667
 3.8478277090e-07  4.9376270088e-11  1.0080022326e-05      0.0000000000  3.8406989707e-07  3.8377620111e-07    0.016258333333    0.016258333333
 3.8450698807e-07  4.7850127182e-11  1.0079692492e-05      0.0000000000  3.8381614804e-07  3.8537407845e-07    0.016275000000    0.016275000000
 3.8415892151e-07  4.1285849832e-11  1.0079362328e-05      0.0000000000  3.8356285377e-07  3.8427903305e-07    0.016291666667    0.016291666667
 3.8385482051e-07  3.7766788714e-11  1.0079022334e-05      0.0000000000  3.8330955949e-07  3.8435552224e-07    0.016308333333    0.016308333333
 3.8341061756e-07  2.4543749574e-11  1.0078692485e-05      0.0000000000  3.8305626522e-07  3.8407050763e-07    0.016325000000    0.016325000000
 3.8316865494e-07  2.5360119129e-11  1.0078362332e-05      0.0000000000  3.8280251620e-07  3.8367186764e-07    0.016341666667    0.016341666667
 3.8286275150e-07  2.1716214324e-11  1.0078022335e-05      0.0000000000  3.8254922192e-07  3.8206501284e-07    0.016358333333    0.016358333333
 3.8259942958e-07  2.1021662974e-11  1.0077692482e-05      0.0000000000  3.8229592765e-07  3.7929839947e-07    0.016375000000    0.016375000000
 3.8214851770e-07  7.3654365030e-12  1.0077362340e-05      0.0000000000  3.8204217863e-07  3.8148668221e-07    0.016391666667    0.016391666667
 3.8202467039e-07  1.6331410316e-11  1.0077022328e-05      0.0000000000  3.8178888435e-07  3.8064580419e-07    0.016408333333    0.016408333333
 3.8150269650e-07 -2.2468331095e-12  1.0076692490e-05      0.0000000000  3.8153513533e-07  3.8111566638e-07    0.016425000000    0.016425000000
 3.8115773599e-07 -8.5959743993e-12  1.0076362334e-05      0.0000000000  3.8128184106e-07  3.8213787017e-07    0.016441666667    0.016441666667
 3.8078236631e-07 -1.7019869811e-11  1.0076022336e-05      0.0000000000  3.8102809204e-07  3.8171570957e-07    0.016458333333    0.016458333333
 3.8043733500e-07 -2.3373915278e-11  1.0075692487e-05      0.0000000000  3.8077479776e-07  3.8142156027e-07    0.016475000000    0.016475000000
 3.8058958026e-07  4.7467457656e-12  1.0075362331e-05      0.0000000000  3.8052104874e-07  3.7893197457e-07    0.016491666667    0.016491666667
 3.7995181305e-07 -2.1851769983e-11  1.0075022340e-05      0.0000000000  3.8026729972e-07  3.8074152181e-07    0.016508333333    0.016508333333
 3.7985414735e-07 -1.1072361113e-11  1.0074692484e-05      0.0000000000  3.8001400544e-07  3.8157436571e-07    0.016525000000    0.016525000000
 3.7952392498e-07 -1.6369186805e-11  1.0074362338e-05      0.0000000000  3.7976025642e-07  3.8041509454e-07    0.016541666667    0.016541666667
 3.7930769323e-07 -1.3770602368e-11  1.0074022330e-05      0.0000000000  3.7950650740e-07  3.8151902307e-07    0.016558333333    0.016558333333
 3.7897766151e-07 -1.9085721101e-11  1.0073692491e-05      0.0000000000  3.7925321312e-07  3.8039294176e-07    0.016575000000    0.016575000000
 3.7855509118e-07 -3.0778907362e-11  1.0073362335e-05      0.0000000000  3.7899946410e-07  3.8012982837e-07    0.016591666667    0.016591666667
 3.7841739865e-07 -2.2740406388e-11  1.0073022334e-05      0.0000000000  3.7874571508e-07  3.7742234673e-07    0.016608333333    0.016608333333
 3.7807719126e-07 -2.8728832054e-11  1.0072692492e-05      0.0000000000  3.7849196606e-07  3.7710225556e-07    0.016625000000    0.016625000000
 3.7793955471e-07 -2.0717951310e-11  1.0072362329e-05      0.0000000000  3.7823867179e-07  3.7656939395e-07    0.016641666667    0.016641666667
 3.7758169537e-07 -2.7929016026e-11  1.0072022341e-05      0.0000000000  3.7798492276e-07  3.7592248246e-07    0.016658333333    0.016658333333
 3.7757717772e-07 -1.0666332084e-11  1.0071692485e-05      0.0000000000  3.7773117374e-07  3.7768228421e-07    0.016675000000    0.016675000000
 3.7744021275e-07 -2.5774383797e-12  1.0071362336e-05      0.0000000000  3.7747742472e-07  3.7706511939e-07    0.016691666667    0.016691666667
 3.7719076302e-07 -2.2796531411e-12  1.0071022335e-05      0.0000000000  3.7722367570e-07  3.7611820990e-07    0.016708333333    0.016708333333
 3.7729312615e-07  2.2385987549e-11  1.0070692489e-05      0.0000000000  3.7696992668e-07  3.7671806441e-07    0.016725000000    0.016725000000
 3.7679666805e-07  5.5750614107e-12  1.0070362340e-05      0.0000000000  3.7671617765e-07  3.7630073057e-07    0.016741666667    0.016741666667
 3.7667957588e-07  1.5040418761e-11  1.0070022332e-05      0.0000000000  3.7646242863e-07  3.7693880610e-07    0.016758333333    0.016758333333
 3.7641262864e-07  1.4126261608e-11  1.0069692493e-05      0.0000000000  3.7620867961e-07  3.7556839959e-07    0.016775000000    0.016775000000
 3.7612170782e-07  1.1551605690e-11  1.0069362334e-05      0.0000000000  3.7595493059e-07  3.7612173170e-07    0.016791666667    0.016791666667
 3.7596444494e-07  1.8234592181e-11  1.0069022339e-05      0.0000000000  3.7570118157e-07  3.7703719651e-07    0.016808333333    0.016808333333
 3.7545880657e-07  7.8780712801e-13  1.0068692487e-05      0.0000000000  3.7544743255e-07  3.7604684619e-07    0.016825000000    0.016825000000
 3.7557581780e-07  2.6499526783e-11  1.0068362338e-05      0.0000000000  3.7519322878e-07  3.7514312596e-07    0.016841666667    0.016841666667
 3.7520971816e-07  1.8717708412e-11  1.0068022336e-05      0.0000000000  3.7493947975e-07  3.7459469923e-07    0.016858333333    0.016858333333
 3.7497867679e-07  2.0290524114e-11  1.0067692488e-05      0.0000000000  3.7468573073e-07  3.7399431015e-07    0.016875000000    0.016875000000
 3.7444018115e-07  5.6792340524e-13  1.0067362342e-05      0.0000000000  3.7443198171e-07  3.7497299450e-07    0.016891666667    0.016891666667
 3.7426624036e-07  6.1272329702e-12  1.0067022330e-05      0.0000000000  3.7417777794e-07  3.7379594136e-07    0.016908333333    0.016908333333
 3.7374204561e-07 -1.2604835052e-11  1.0066692495e-05      0.0000000000  3.7392402892e-07  3.7424427967e-07    0.016925000000    0.016925000000
 3.7363009090e-07 -2.7836380316e-12  1.0066362335e-05      0.0000000000  3.7367027990e-07  3.7366690810e-07    0.016941666667    0.016941666667
 3.7334465048e-07 -4.9472041020e-12  1.0066022341e-05      0.0000000000  3.7341607613e-07  3.7355903711e-07    0.016958333333    0.016958333333
 3.7299543034e-07 -1.1559885217e-11  1.0065692489e-05      0.0000000000  3.7316232711e-07  3.7243334886e-07    0.016975000000    0.016975000000
 3.7270566831e-07 -1.4054279191e-11  1.0065362336e-05      0.0000000000  3.7290857809e-07  3.7196788893e-07    0.016991666667    0.016991666667
 3.7239782509e-07 -1.7769545324e-11  1.0065022341e-05      0.0000000000  3.7265437432e-07  3.7250856455e-07    0.017008333333    0.017008333333
 3.7205921093e-07 -2.3647617759e-11  1.0064692486e-05      0.0000000000  3.7240062529e-07  3.7154099589e-07    0.017025000000    0.017025000000
 3.7193580901e-07 -1.4587799286e-11  1.0064362343e-05      0.0000000000  3.7214642153e-07  3.7190284560e-07    0.017041666667    0.017041666667
 3.7195390684e-07  4.2413157560e-12  1.0064022335e-05      0.0000000000  3.7189267250e-07  3.7207058726e-07    0.017058333333    0.017058333333
 3.7177479678e-07  9.4425833980e-12  1.0063692497e-05      0.0000000000  3.7163846873e-07  3.7288940684e-07    0.017075000000    0.017075000000
 3.7137555865e-07 -6.0303123286e-13  1.0063362337e-05      0.0000000000  3.7138426497e-07  3.7159141745e-07    0.017091666667    0.017091666667
 3.7122318824e-07  6.4188246259e-12  1.0063022339e-05      0.0000000000  3.7113051594e-07  3.7214430933e-07    0.017108333333    0.017108333333
 3.7091965500e-07  3.0020840653e-12  1.0062692494e-05      0.0000000000  3.7087631217e-07  3.7207244250e-07    0.017125000000    0.017125000000
 3.7061831697e-07 -2.6260850655e-13  1.0062362334e-05      0.0000000000  3.7062210841e-07  3.6946225072e-07    0.017141666667    0.017141666667
 3.7030191617e-07 -4.6021018641e-12  1.0062022343e-05      0.0000000000  3.7036835938e-07  3.7039945953e-07    0.017158333333    0.017158333333
 3.7012634661e-07  8.4439312692e-13  1.0061692487e-05      0.0000000000  3.7011415561e-07  3.7131149687e-07    0.017175000000    0.017175000000
 3.6992442176e-07  4.4654239482e-12  1.0061362345e-05      0.0000000000  3.6985995185e-07  3.7002389994e-07    0.017191666667    0.017191666667
 3.6962919616e-07  1.6241006364e-12  1.0061022337e-05      0.0000000000  3.6960574808e-07  3.6994396755e-07    0.017208333333    0.017208333333
 3.6932264145e-07 -2.0334160370e-12  1.0060692495e-05      0.0000000000  3.6935199905e-07  3.6939151590e-07    0.017225000000    0.017225000000
 3.6919421803e-07  6.6785945117e-12  1.0060362342e-05      0.0000000000  3.6909779528e-07  3.7001866440e-07    0.017241666667    0.017241666667
 3.6865024279e-07 -1.3392045915e-11  1.0060022337e-05      0.0000000000  3.6884359152e-07  3.6802631349e-07    0.017258333333    0.017258333333
 3.6877511732e-07  1.2864314966e-11  1.0059692495e-05      0.0000000000  3.6858938775e-07  3.6823609670e-07    0.017275000000    0.017275000000
 3.6861368513e-07  1.9290016771e-11  1.0059362339e-05      0.0000000000  3.6833518398e-07  3.6835983153e-07    0.017291666667    0.017291666667
 3.6809159782e-07  7.3541471451e-13  1.0059022345e-05      0.0000000000  3.6808098021e-07  3.6859580817e-07    0.017308333333    0.017308333333
 3.6795399413e-07  8.8115663479e-12  1.0058692489e-05      0.0000000000  3.6782677644e-07  3.6668423865e-07    0.017325000000    0.017325000000
 3.6741050490e-07 -1.1225411068e-11  1.0058362343e-05      0.0000000000  3.6757257267e-07  3.6677374594e-07    0.017341666667    0.017341666667
 3.6716497788e-07 -1.0624427873e-11  1.0058022342e-05      0.0000000000  3.6731836890e-07  3.6747334300e-07    0.017358333333    0.017358333333
 3.6685407350e-07 -1.4551721004e-11  1.0057692493e-05      0.0000000000  3.6706416513e-07  3.6642975682e-07    0.017375000000    0.017375000000
 3.6649856313e-07 -2.1568590035e-11  1.0057362344e-05      0.0000000000  3.6680996136e-07  3.6571538076e-07    0.017391666667    0.017391666667
 3.6652805125e-07 -1.9190436814e-12  1.0057022339e-05      0.0000000000  3.6655575759e-07  3.6637979122e-07    0.017408333333    0.017408333333
 3.6613719155e-07 -1.1384336887e-11  1.0056692497e-05      0.0000000000  3.6630155382e-07  3.6579377236e-07    0.017425000000    0.017425000000
 3.6587714681e-07 -1.1757406958e-11  1.0056362337e-05      0.0000000000  3.6604689531e-07  3.6574874357e-07    0.017441666667    0.017441666667
 3.6561024673e-07 -1.2636800439e-11  1.0056022346e-05      0.0000000000  3.6579269154e-07  3.6605856805e-07    0.017458333333    0.017458333333
 3.6554516309e-07  4.6235717983e-13  1.0055692494e-05      0.0000000000  3.6553848777e-07  3.6610526340e-07    0.017475000000    0.017475000000
 3.6495026957e-07 -2.3135071139e-11  1.0055362341e-05      0.0000000000  3.6528428400e-07  3.6496742179e-07    0.017491666667    0.017491666667
 3.6471716284e-07 -2.1642314740e-11  1.0055022343e-05      0.0000000000  3.6502962548e-07  3.6443562929e-07    0.017508333333    0.017508333333
 3.6434601831e-07 -2.9742063033e-11  1.0054692494e-05      0.0000000000  3.6477542171e-07  3.6406381162e-07    0.017525000000    0.017525000000
 3.6405074782e-07 -3.2586495408e-11  1.0054362345e-05      0.0000000000  3.6452121795e-07  3.6373691268e-07    0.017541666667    0.017541666667
 3.6367987595e-07 -4.0635860688e-11  1.0054022340e-05      0.0000000000  3.6426655943e-07  3.6520008100e-07    0.017558333333    0.017558333333
 3.6355398893e-07 -3.1748169570e-11  1.0053692498e-05      0.0000000000  3.6401235566e-07  3.6344082954e-07    0.017575000000    0.017575000000
 3.6342057660e-07 -2.3381709173e-11  1.0053362342e-05      0.0000000000  3.6375815189e-07  3.6410302314e-07    0.017591666667    0.017591666667
 3.6341381672e-07 -6.2113357223e-12  1.0053022344e-05      0.0000000000  3.6350349337e-07  3.6365193342e-07    0.017608333333    0.017608333333
 3.6309985439e-07 -1.0350433774e-11  1.0052692496e-05      0.0000000000  3.6324928961e-07  3.6345304580e-07    0.017625000000    0.017625000000
 3.6310539391e-07  7.6718414618e-12  1.0052362343e-05      0.0000000000  3.6299463109e-07  3.6245906361e-07    0.017641666667    0.017641666667
 3.6296570136e-07  1.5603310625e-11  1.0052022345e-05      0.0000000000  3.6274042732e-07  3.6287513967e-07    0.017658333333    0.017658333333
 3.6239929941e-07 -5.9891888758e-12  1.0051692493e-05      0.0000000000  3.6248576880e-07  3.6269114110e-07    0.017675000000    0.017675000000
 3.6238876098e-07  1.0919468088e-11  1.0051362347e-05      0.0000000000  3.6223111029e-07  3.6176569260e-07    0.017691666667    0.017691666667
 3.6184993576e-07 -8.7944628713e-12  1.0051022342e-05      0.0000000000  3.6197690652e-07  3.6095023761e-07    0.017708333333    0.017708333333
 3.6157644565e-07 -1.0098808368e-11  1.0050692500e-05      0.0000000000  3.6172224800e-07  3.6094912132e-07    0.017725000000    0.017725000000
 3.6120398376e-07 -1.8258304804e-11  1.0050362344e-05      0.0000000000  3.6146758948e-07  3.6183850277e-07    0.017741666667    0.017741666667
 3.6092137604e-07 -2.0225666788e-11  1.0050022346e-05      0.0000000000  3.6121338572e-07  3.6179723162e-07    0.017758333333    0.017758333333
 3.6092431770e-07 -2.3833285766e-12  1.0049692497e-05      0.0000000000  3.6095872720e-07  3.6083815303e-07    0.017775000000    0.017775000000
 3.6050383116e-07 -1.3869189376e-11  1.0049362344e-05      0.0000000000  3.6070406868e-07  3.6076765405e-07    0.017791666667    0.017791666667
 3.6035827613e-07 -6.3122794984e-12  1.0049022347e-05      0.0000000000  3.6044941017e-07  3.6029106269e-07    0.017808333333    0.017808333333
 3.6017752448e-07 -1.2247147342e-12  1.0048692494e-05      0.0000000000  3.6019520640e-07  3.5936188800e-07    0.017825000000    0.017825000000
 3.6006710609e-07  8.7658882815e-12  1.0048362348e-05      0.0000000000  3.5994054788e-07  3.5956077563e-07    0.017841666667    0.017841666667
 3.5986773274e-07  1.2595142585e-11  1.0048022344e-05      0.0000000000  3.5968588936e-07  3.6005230321e-07    0.017858333333    0.017858333333
 3.5968992188e-07  1.7917894551e-11  1.0047692502e-05      0.0000000000  3.5943123085e-07  3.6007522638e-07    0.017875000000    0.017875000000
 3.5925886169e-07  5.6996643368e-12  1.0047362346e-05      0.0000000000  3.5917657233e-07  3.5800104068e-07    0.017891666667    0.017891666667
 3.5931055528e-07  2.6918741135e-11  1.0047022348e-05      0.0000000000  3.5892191381e-07  3.5902277280e-07    0.017908333333    0.017908333333
 3.5875060723e-07  5.7732619819e-12  1.0046692499e-05      0.0000000000  3.5866725530e-07  3.5794337113e-07    0.017925000000    0.017925000000
 3.5849362017e-07  5.6119783253e-12  1.0046362346e-05      0.0000000000  3.5841259678e-07  3.5799317951e-07    0.017941666667    0.017941666667
 3.5829733683e-07  9.6552583093e-12  1.0046022348e-05      0.0000000000  3.5815793826e-07  3.5830294109e-07    0.017958333333    0.017958333333
 3.5776888472e-07 -9.3086949285e-12  1.0045692496e-05      0.0000000000  3.5790327975e-07  3.5788181816e-07    0.017975000000    0.017975000000
 3.5749507960e-07 -1.0634859386e-11  1.0045362350e-05      0.0000000000  3.5764862123e-07  3.5713466102e-07    0.017991666667    0.017991666667
 3.5741467321e-07  1.4344854014e-12  1.0045022345e-05      0.0000000000  3.5739396272e-07  3.5671781457e-07    0.018008333333    0.018008333333
 3.5723759858e-07  6.8397288589e-12  1.0044692500e-05      0.0000000000  3.5713884945e-07  3.5709272954e-07    0.018025000000    0.018025000000
 3.5698997828e-07  7.3272215345e-12  1.0044362347e-05      0.0000000000  3.5688419093e-07  3.5720489272e-07    0.018041666667    0.018041666667
 3.5694819798e-07  2.2071952100e-11  1.0044022349e-05      0.0000000000  3.5662953242e-07  3.5755693169e-07    0.018058333333    0.018058333333
 3.5656723181e-07  1.3323417757e-11  1.0043692500e-05      0.0000000000  3.5637487390e-07  3.5762254102e-07    0.018075000000    0.018075000000
 3.5632284660e-07  1.4034985049e-11  1.0043362344e-05      0.0000000000  3.5612021539e-07  3.5607091880e-07    0.018091666667    0.018091666667
 3.5625949566e-07  2.7317150814e-11  1.0043022353e-05      0.0000000000  3.5586510212e-07  3.5542749768e-07    0.018108333333    0.018108333333
 3.5575194984e-07  9.8012436981e-12  1.0042692497e-05      0.0000000000  3.5561044361e-07  3.5558568016e-07    0.018125000000    0.018125000000
 3.5552418978e-07  1.1664330222e-11  1.0042362348e-05      0.0000000000  3.5535578509e-07  3.5599721246e-07    0.018141666667    0.018141666667
 3.5541036810e-07  2.1450706193e-11  1.0042022347e-05      0.0000000000  3.5510067182e-07  3.5454797414e-07    0.018158333333    0.018158333333
 3.5483379463e-07 -8.4631069862e-13  1.0041692501e-05      0.0000000000  3.5484601331e-07  3.5421933002e-07    0.018175000000    0.018175000000
 3.5459220539e-07  9.0413365522e-14  1.0041362349e-05      0.0000000000  3.5459090004e-07  3.5512904046e-07    0.018191666667    0.018191666667
 3.5423523898e-07 -6.9958085927e-12  1.0041022347e-05      0.0000000000  3.5433624153e-07  3.5395022641e-07    0.018208333333    0.018208333333
 3.5433050790e-07  1.7272953252e-11  1.0040692505e-05      0.0000000000  3.5408112826e-07  3.5344256771e-07    0.018225000000    0.018225000000
 3.5379354858e-07 -2.2802414618e-12  1.0040362346e-05      0.0000000000  3.5382646975e-07  3.5390719436e-07    0.018241666667    0.018241666667
 3.5392641679e-07  2.4592786343e-11  1.0040022351e-05      0.0000000000  3.5357135648e-07  3.5420914194e-07    0.018258333333    0.018258333333
 3.5328950671e-07 -1.8833664948e-12  1.0039692499e-05      0.0000000000  3.5331669797e-07  3.5336686463e-07    0.018275000000    0.018275000000
 3.5299855716e-07 -4.3655199264e-12  1.0039362353e-05      0.0000000000  3.5306158470e-07  3.5398085354e-07    0.018291666667    0.018291666667
 3.5268619902e-07 -8.3305113757e-12  1.0039022348e-05      0.0000000000  3.5280647144e-07  3.5312244510e-07    0.018308333333    0.018308333333
 3.5231070482e-07 -1.6700036126e-11  1.0038692500e-05      0.0000000000  3.5255181292e-07  3.5342200289e-07    0.018325000000    0.018325000000
 3.5225712650e-07 -2.7409829166e-12  1.0038362354e-05      0.0000000000  3.5229669966e-07  3.5225955580e-07    0.018341666667    0.018341666667
 3.5199910208e-07 -2.9426200853e-12  1.0038022345e-05      0.0000000000  3.5204158640e-07  3.5254483770e-07    0.018358333333    0.018358333333
 3.5172451758e-07 -4.3227675005e-12  1.0037692507e-05      0.0000000000  3.5178692788e-07  3.5172743314e-07    0.018375000000    0.018375000000
 3.5138951858e-07 -9.8559481511e-12  1.0037362347e-05      0.0000000000  3.5153181461e-07  3.5172328244e-07    0.018391666667    0.018391666667
 3.5121750072e-07 -4.1004539345e-12  1.0037022356e-05      0.0000000000  3.5127670135e-07  3.5127923633e-07    0.018408333333    0.018408333333
 3.5117617932e-07  1.0707558554e-11  1.0036692501e-05      0.0000000000  3.5102158809e-07  3.5114262490e-07    0.018425000000    0.018425000000
 3.5069321132e-07 -5.0745004325e-12  1.0036362351e-05      0.0000000000  3.5076647482e-07  3.5109036384e-07    0.018441666667    0.018441666667
 3.5085975239e-07  2.4099336288e-11  1.0036022353e-05      0.0000000000  3.5051181631e-07  3.4971052393e-07    0.018458333333    0.018458333333
 3.5056345296e-07  2.1246630656e-11  1.0035692498e-05      0.0000000000  3.5025670304e-07  3.5081718814e-07    0.018475000000    0.018475000000
 3.5013975951e-07  9.5701449629e-12  1.0035362355e-05      0.0000000000  3.5000158978e-07  3.4997390460e-07    0.018491666667    0.018491666667
 3.4999606717e-07  1.7287569010e-11  1.0035022347e-05      0.0000000000  3.4974647652e-07  3.4938220998e-07    0.018508333333    0.018508333333
 3.4960115933e-07  7.6048810440e-12  1.0034692509e-05      0.0000000000  3.4949136325e-07  3.4946846275e-07    0.018525000000    0.018525000000
 3.4904612229e-07 -1.3168945247e-11  1.0034362349e-05      0.0000000000  3.4923624999e-07  3.4933653658e-07    0.018541666667    0.018541666667
 3.4890603510e-07 -5.2018153193e-12  1.0034022355e-05      0.0000000000  3.4898113672e-07  3.5021357599e-07    0.018558333333    0.018558333333
 3.4848127263e-07 -1.6952344830e-11  1.0033692506e-05      0.0000000000  3.4872602346e-07  3.4903666435e-07    0.018575000000    0.018575000000
 3.4797237297e-07 -3.4499028898e-11  1.0033362350e-05      0.0000000000  3.4847045545e-07  3.4858870338e-07    0.018591666667    0.018591666667
 3.4808773058e-07 -8.8388502951e-12  1.0033022355e-05      0.0000000000  3.4821534218e-07  3.4832617171e-07    0.018608333333    0.018608333333
 3.4738281897e-07 -3.9993542052e-11  1.0032692499e-05      0.0000000000  3.4796022892e-07  3.4809184592e-07    0.018625000000    0.018625000000
 3.4730336149e-07 -2.7826974736e-11  1.0032362357e-05      0.0000000000  3.4770511566e-07  3.4747474400e-07    0.018641666667    0.018641666667
 3.4732369981e-07 -8.7481829663e-12  1.0032022349e-05      0.0000000000  3.4745000239e-07  3.4756868499e-07    0.018658333333    0.018658333333
 3.4703831201e-07 -1.0845108679e-11  1.0031692507e-05      0.0000000000  3.4719488913e-07  3.4730664072e-07    0.018675000000    0.018675000000
 3.4679303306e-07 -1.0132450443e-11  1.0031362354e-05      0.0000000000  3.4693932112e-07  3.4649605965e-07    0.018691666667    0.018691666667
 3.4658728209e-07 -6.7134356244e-12  1.0031022353e-05      0.0000000000  3.4668420785e-07  3.4630203023e-07    0.018708333333    0.018708333333
 3.4630429230e-07 -8.6442670459e-12  1.0030692507e-05      0.0000000000  3.4642909459e-07  3.4661639845e-07    0.018725000000    0.018725000000
 3.4619154804e-07  1.2482329974e-12  1.0030362351e-05      0.0000000000  3.4617352658e-07  3.4595090316e-07    0.018741666667    0.018741666667
 3.4568734860e-07 -1.6004394312e-11  1.0030022357e-05      0.0000000000  3.4591841332e-07  3.4525833399e-07    0.018758333333    0.018758333333
 3.4566338857e-07  3.7628900404e-14  1.0029692501e-05      0.0000000000  3.4566284530e-07  3.4496464064e-07    0.018775000000    0.018775000000
 3.4543813486e-07  2.1058113372e-12  1.0029362359e-05      0.0000000000  3.4540773204e-07  3.4445866423e-07    0.018791666667    0.018791666667
 3.4522955118e-07  5.3286220689e-12  1.0029022354e-05      0.0000000000  3.4515261878e-07  3.4551805136e-07    0.018808333333    0.018808333333
 3.4480433409e-07 -6.4218986529e-12  1.0028692505e-05      0.0000000000  3.4489705077e-07  3.4501687026e-07    0.018825000000    0.018825000000
 3.4455802928e-07 -5.8117927673e-12  1.0028362356e-05      0.0000000000  3.4464193750e-07  3.4483258869e-07    0.018841666667    0.018841666667
 3.4407861072e-07 -2.1316507137e-11  1.0028022354e-05      0.0000000000  3.4438636949e-07  3.4361596242e-07    0.018858333333    0.018858333333
 3.4406192512e-07 -4.7706306461e-12  1.0027692509e-05      0.0000000000  3.4413080148e-07  3.4361137149e-07    0.018875000000    0.018875000000
 3.4376939837e-07 -7.3620269304e-12  1.0027362349e-05      0.0000000000  3.4387568822e-07  3.4455515224e-07    0.018891666667    0.018891666667
 3.4361443596e-07 -3.9371173571e-13  1.0027022362e-05      0.0000000000  3.4362012020e-07  3.4399156917e-07    0.018908333333    0.018908333333
 3.4333693418e-07 -1.9444231851e-12  1.0026692506e-05      0.0000000000  3.4336500694e-07  3.4341726346e-07    0.018925000000    0.018925000000
 3.4324522472e-07  9.4050245233e-12  1.0026362357e-05      0.0000000000  3.4310943893e-07  3.4237817387e-07    0.018941666667    0.018941666667
 3.4284795027e-07 -4.1008593551e-13  1.0026022355e-05      0.0000000000  3.4285387092e-07  3.4240971289e-07    0.018958333333    0.018958333333
 3.4270077395e-07  7.0975221563e-12  1.0025692510e-05      0.0000000000  3.4259830291e-07  3.4289597348e-07    0.018975000000    0.018975000000
 3.4223642699e-07 -7.3947753301e-12  1.0025362413e-05      0.0000000000  3.4234318964e-07  3.4289347363e-07    0.018991666667    0.018991666667
 3.4221073185e-07  8.5270677895e-12  1.0025022408e-05      0.0000000000  3.4208762163e-07  3.4180578628e-07    0.019008333333    0.019008333333
 3.4186889808e-07  2.5519833271e-12  1.0024692566e-05      0.0000000000  3.4183205362e-07  3.4219079500e-07    0.019025000000    0.019025000000
 3.4146485125e-07 -7.7322070214e-12  1.0024362410e-05      0.0000000000  3.4157648561e-07  3.4157669604e-07    0.019041666667    0.019041666667
 3.4121950444e-07 -7.0242493922e-12  1.0024022416e-05      0.0000000000  3.4132091760e-07  3.4160909979e-07    0.019058333333    0.019058333333
 3.4098212112e-07 -5.7647106644e-12  1.0023692563e-05      0.0000000000  3.4106534959e-07  3.4189705448e-07    0.019075000000    0.019075000000
 3.4079421755e-07 -1.0780221122e-12  1.0023362411e-05      0.0000000000  3.4080978158e-07  3.4126514211e-07    0.019091666667    0.019091666667
 3.4066964067e-07  7.9949067001e-12  1.0023022413e-05      0.0000000000  3.4055421356e-07  3.4144238007e-07    0.019108333333    0.019108333333
 3.4050382755e-07  1.4211661418e-11  1.0022692560e-05      0.0000000000  3.4029864555e-07  3.4003625241e-07    0.019125000000    0.019125000000
 3.4008779045e-07  3.0969811056e-12  1.0022362418e-05      0.0000000000  3.4004307754e-07  3.4068832082e-07    0.019141666667    0.019141666667
 3.3964339257e-07 -9.9820718731e-12  1.0022022410e-05      0.0000000000  3.3978750953e-07  3.4039502053e-07    0.019158333333    0.019158333333
 3.3958285070e-07  3.5261574743e-12  1.0021692568e-05      0.0000000000  3.3953194152e-07  3.3879011530e-07    0.019175000000    0.019175000000
 3.3910789335e-07 -1.1669556741e-11  1.0021362412e-05      0.0000000000  3.3927637351e-07  3.3960946943e-07    0.019191666667    0.019191666667
 3.3897456130e-07 -3.2030432768e-12  1.0021022414e-05      0.0000000000  3.3902080550e-07  3.3937681021e-07    0.019208333333    0.019208333333
 3.3856310459e-07 -1.4000469613e-11  1.0020692565e-05      0.0000000000  3.3876523749e-07  3.3906714296e-07    0.019225000000    0.019225000000
 3.3856214960e-07  3.6349669250e-12  1.0020362412e-05      0.0000000000  3.3850966947e-07  3.3912226550e-07    0.019241666667    0.019241666667
 3.3837886168e-07  8.6413522892e-12  1.0020022418e-05      0.0000000000  3.3825410146e-07  3.3886592843e-07    0.019258333333    0.019258333333
 3.3825015716e-07  1.7459883403e-11  1.0019692562e-05      0.0000000000  3.3799807871e-07  3.3852903008e-07    0.019275000000    0.019275000000
 3.3835740258e-07  4.2589679441e-11  1.0019362420e-05      0.0000000000  3.3774251069e-07  3.3822593477e-07    0.019291666667    0.019291666667
 3.3785506583e-07  2.5497566301e-11  1.0019022411e-05      0.0000000000  3.3748694268e-07  3.3817945953e-07    0.019308333333    0.019308333333
 3.3778399426e-07  3.8307967830e-11  1.0018692566e-05      0.0000000000  3.3723091992e-07  3.3786389640e-07    0.019325000000    0.019325000000
 3.3745533199e-07  3.3245189807e-11  1.0018362413e-05      0.0000000000  3.3697535191e-07  3.3643949938e-07    0.019341666667    0.019341666667
 3.3691385454e-07  1.3442047702e-11  1.0018022415e-05      0.0000000000  3.3671978390e-07  3.3643943649e-07    0.019358333333    0.019358333333
 3.3683055143e-07  2.5405248053e-11  1.0017692567e-05      0.0000000000  3.3646376114e-07  3.3638082360e-07    0.019375000000    0.019375000000
 3.3645746939e-07  1.7265793041e-11  1.0017362410e-05      0.0000000000  3.3620819313e-07  3.3641833711e-07    0.019391666667    0.019391666667
 3.3627063657e-07  2.2058143007e-11  1.0017022419e-05      0.0000000000  3.3595217037e-07  3.3631571738e-07    0.019408333333    0.019408333333
 3.3603333367e-07  2.3323252139e-11  1.0016692564e-05      0.0000000000  3.3569660236e-07  3.3519540617e-07    0.019425000000    0.019425000000
 3.3563065043e-07  1.3165006140e-11  1.0016362418e-05      0.0000000000  3.3544057960e-07  3.3529475565e-07    0.019441666667    0.019441666667
 3.3518341984e-07 -1.1025092576e-13  1.0016022413e-05      0.0000000000  3.3518501159e-07  3.3530700336e-07    0.019458333333    0.019458333333
 3.3526849291e-07  2.3515304062e-11  1.0015692568e-05      0.0000000000  3.3492898883e-07  3.3507964257e-07    0.019475000000    0.019475000000
 3.3451922846e-07 -1.0679931543e-11  1.0015362418e-05      0.0000000000  3.3467342082e-07  3.3400333820e-07    0.019491666667    0.019491666667
 3.3432029289e-07 -6.7258627052e-12  1.0015022414e-05      0.0000000000  3.3441739806e-07  3.3450802538e-07    0.019508333333    0.019508333333
 3.3395317084e-07 -1.4421009012e-11  1.0014692568e-05      0.0000000000  3.3416137531e-07  3.3317966042e-07    0.019525000000    0.019525000000
 3.3347945271e-07 -2.9530890880e-11  1.0014362412e-05      0.0000000000  3.3390580729e-07  3.3426756788e-07    0.019541666667    0.019541666667
 3.3327124709e-07 -2.6218899083e-11  1.0014022421e-05      0.0000000000  3.3364978454e-07  3.3363112747e-07    0.019558333333    0.019558333333
 3.3289530548e-07 -3.4524920763e-11  1.0013692565e-05      0.0000000000  3.3339376178e-07  3.3308637976e-07    0.019575000000    0.019575000000
 3.3283056985e-07 -2.1307166736e-11  1.0013362420e-05      0.0000000000  3.3313819377e-07  3.3294456424e-07    0.019591666667    0.019591666667
 3.3256339536e-07 -2.2079576994e-11  1.0013022418e-05      0.0000000000  3.3288217101e-07  3.3176293590e-07    0.019608333333    0.019608333333
 3.3226316026e-07 -2.5141886224e-11  1.0012692566e-05      0.0000000000  3.3262614825e-07  3.3176747965e-07    0.019625000000    0.019625000000
 3.3219281945e-07 -1.2280869888e-11  1.0012362420e-05      0.0000000000  3.3237012549e-07  3.3190511304e-07    0.019641666667    0.019641666667
 3.3190555974e-07 -1.4444456323e-11  1.0012022415e-05      0.0000000000  3.3211410273e-07  3.3188401365e-07    0.019658333333    0.019658333333
 3.3196106782e-07  7.1333179802e-12  1.0011692570e-05      0.0000000000  3.3185807997e-07  3.3261808980e-07    0.019675000000    0.019675000000
 3.3175334822e-07  1.0478972787e-11  1.0011362414e-05      0.0000000000  3.3160205721e-07  3.3138358723e-07    0.019691666667    0.019691666667
 3.3138214169e-07  2.5009202474e-12  1.0011022423e-05      0.0000000000  3.3134603446e-07  3.3171025033e-07    0.019708333333    0.019708333333
 3.3125869995e-07  1.1683970499e-11  1.0010692567e-05      0.0000000000  3.3109001170e-07  3.3143537662e-07    0.019725000000    0.019725000000
 3.3088023824e-07  3.2033971355e-12  1.0010362418e-05      0.0000000000  3.3083398894e-07  3.3018978979e-07    0.019741666667    0.019741666667
 3.3047916132e-07 -6.8435888214e-12  1.0010022420e-05      0.0000000000  3.3057796618e-07  3.3028193844e-07    0.019758333333    0.019758333333
 3.2989367517e-07 -2.9663438625e-11  1.0009692567e-05      0.0000000000  3.3032194342e-07  3.2977679531e-07    0.019775000000    0.019775000000
 3.2978773441e-07 -1.9268205400e-11  1.0009362422e-05      0.0000000000  3.3006592066e-07  3.2970069918e-07    0.019791666667    0.019791666667
 3.2937790206e-07 -2.9921625211e-11  1.0009022413e-05      0.0000000000  3.2980989791e-07  3.3000535100e-07    0.019808333333    0.019808333333
 3.2920526085e-07 -2.4146311646e-11  1.0008692575e-05      0.0000000000  3.2955387515e-07  3.2949986198e-07    0.019825000000    0.019825000000
 3.2892183473e-07 -2.6044369290e-11  1.0008362419e-05      0.0000000000  3.2929785239e-07  3.2956369469e-07    0.019841666667    0.019841666667
 3.2868839335e-07 -2.4480300150e-11  1.0008022421e-05      0.0000000000  3.2904182963e-07  3.2868679678e-07    0.019858333333    0.019858333333
 3.2856563948e-07 -1.5218108053e-11  1.0007692568e-05      0.0000000000  3.2878535212e-07  3.2889551087e-07    0.019875000000    0.019875000000
 3.2830706251e-07 -1.5395021697e-11  1.0007362419e-05      0.0000000000  3.2852932937e-07  3.2869813259e-07    0.019891666667    0.019891666667
 3.2814675277e-07 -8.7655855871e-12  1.0007022421e-05      0.0000000000  3.2827330661e-07  3.2714072455e-07    0.019908333333    0.019908333333
 3.2793002978e-07 -6.0435385071e-12  1.0006692566e-05      0.0000000000  3.2801728385e-07  3.2911282508e-07    0.019925000000    0.019925000000
 3.2774713889e-07 -9.4665812915e-13  1.0006362427e-05      0.0000000000  3.2776080634e-07  3.2838385869e-07    0.019941666667    0.019941666667
 3.2774931465e-07  1.6937123610e-11  1.0006022418e-05      0.0000000000  3.2750478358e-07  3.2726354749e-07    0.019958333333    0.019958333333
 3.2729050072e-07  2.9225563277e-12  1.0005692573e-05      0.0000000000  3.2724830608e-07  3.2736291269e-07    0.019975000000    0.019975000000
 3.2719700071e-07  1.4179481186e-11  1.0005362420e-05      0.0000000000  3.2699228332e-07  3.2694927359e-07    0.019991666667    0.019991666667
 3.2685489213e-07  8.2168602710e-12  1.0005022422e-05      0.0000000000  3.2673626056e-07  3.2663146217e-07    0.020008333333    0.020008333333
 3.2658494197e-07  7.2836943323e-12  1.0004692570e-05      0.0000000000  3.2647978305e-07  3.2609790877e-07    0.020025000000    0.020025000000
 3.2631107579e-07  6.0477930954e-12  1.0004362417e-05      0.0000000000  3.2622376030e-07  3.2694403805e-07    0.020041666667    0.020041666667
 3.2605374645e-07  5.9887920545e-12  1.0004022426e-05      0.0000000000  3.2596728279e-07  3.2618986875e-07    0.020058333333    0.020058333333
 3.2570601373e-07 -3.3188050132e-13  1.0003692567e-05      0.0000000000  3.2571080528e-07  3.2656715779e-07    0.020075000000    0.020075000000
 3.2543164845e-07 -1.6023515584e-12  1.0003362425e-05      0.0000000000  3.2545478253e-07  3.2663147789e-07    0.020091666667    0.020091666667
 3.2526418865e-07  4.5633432726e-12  1.0003022420e-05      0.0000000000  3.2519830502e-07  3.2611345817e-07    0.020108333333    0.020108333333
 3.2500975736e-07  4.6735738103e-12  1.0002692575e-05      0.0000000000  3.2494228226e-07  3.2540577983e-07    0.020125000000    0.020125000000
 3.2473092992e-07  3.1255351319e-12  1.0002362422e-05      0.0000000000  3.2468580476e-07  3.2446824085e-07    0.020141666667    0.020141666667
 3.2451995157e-07  6.2769748172e-12  1.0002022421e-05      0.0000000000  3.2442932725e-07  3.2511614284e-07    0.020158333333    0.020158333333
 3.2401482312e-07 -1.0977004383e-11  1.0001692575e-05      0.0000000000  3.2417330449e-07  3.2515106216e-07    0.020175000000    0.020175000000
 3.2383347737e-07 -5.7731019113e-12  1.0001362419e-05      0.0000000000  3.2391682699e-07  3.2418118232e-07    0.020191666667    0.020191666667
 3.2364206937e-07 -1.2661477432e-12  1.0001022428e-05      0.0000000000  3.2366034948e-07  3.2396163554e-07    0.020208333333    0.020208333333
 3.2341369023e-07  6.8004884078e-13  1.0000692569e-05      0.0000000000  3.2340387197e-07  3.2363434355e-07    0.020225000000    0.020225000000
 3.2324122844e-07  6.4992867100e-12  1.0000362427e-05      0.0000000000  3.2314739447e-07  3.2258769151e-07    0.020241666667    0.020241666667
 3.2312134669e-07  1.5928915272e-11  1.0000022422e-05      0.0000000000  3.2289137171e-07  3.2227252144e-07    0.020258333333    0.020258333333
 3.2273667810e-07  7.0499279675e-12  9.9996925727e-06      0.0000000000  3.2263489420e-07  3.2331538439e-07    0.020275000000    0.020275000000
 3.2264505681e-07  1.8468477375e-11  9.9993624270e-06      0.0000000000  3.2237841670e-07  3.2239804862e-07    0.020291666667    0.020291666667
 3.2229039060e-07  1.1667565614e-11  9.9990224221e-06      0.0000000000  3.2212193919e-07  3.2231014501e-07    0.020308333333    0.020308333333
 3.2205045591e-07  1.2813382029e-11  9.9986925768e-06      0.0000000000  3.2186546169e-07  3.2245059269e-07    0.020325000000    0.020325000000
 3.2183186836e-07  1.5437780006e-11  9.9983624206e-06      0.0000000000  3.2160898418e-07  3.2189571979e-07    0.020341666667    0.020341666667
 3.2148029243e-07  8.8509124317e-12  9.9980224296e-06      0.0000000000  3.2135250667e-07  3.2100118142e-07    0.020358333333    0.020358333333
 3.2082496997e-07 -1.8774559243e-11  9.9976925703e-06      0.0000000000  3.2109602917e-07  3.2039376445e-07    0.020375000000    0.020375000000
 3.2080495121e-07 -2.3965545797e-12  9.9973624246e-06      0.0000000000  3.2083955166e-07  3.2172011695e-07    0.020391666667    0.020391666667
 3.2027080402e-07 -2.1628980972e-11  9.9970224267e-06      0.0000000000  3.2058307416e-07  3.2067192413e-07    0.020408333333    0.020408333333
 3.1981298361e-07 -3.5543235169e-11  9.9966925709e-06      0.0000000000  3.2032614190e-07  3.2005780945e-07    0.020425000000    0.020425000000
 3.1988289825e-07 -1.2936111621e-11  9.9963624286e-06      0.0000000000  3.2006966440e-07  3.2044795937e-07    0.020441666667    0.020441666667
 3.1940952265e-07 -2.7959273766e-11  9.9960224237e-06      0.0000000000  3.1981318689e-07  3.2016627789e-07    0.020458333333    0.020458333333
 3.1917409406e-07 -2.6501348133e-11  9.9956925784e-06      0.0000000000  3.1955670938e-07  3.2002612893e-07    0.020475000000    0.020475000000
 3.1896181559e-07 -2.3439960239e-11  9.9953624222e-06      0.0000000000  3.1930023188e-07  3.1852881168e-07    0.020491666667    0.020491666667
 3.1892625819e-07 -8.1067215200e-12  9.9950224278e-06      0.0000000000  3.1904329963e-07  3.1882723746e-07    0.020508333333    0.020508333333
 3.1875800645e-07 -1.9958794444e-12  9.9946925754e-06      0.0000000000  3.1878682212e-07  3.1870796777e-07    0.020525000000    0.020525000000
 3.1838481940e-07 -1.0079612833e-11  9.9943624227e-06      0.0000000000  3.1853034461e-07  3.1880969132e-07    0.020541666667    0.020541666667
 3.1832454163e-07  3.5414019357e-12  9.9940224283e-06      0.0000000000  3.1827341236e-07  3.1803096372e-07    0.020558333333    0.020558333333
 3.1802399674e-07  4.8913192474e-13  9.9936925725e-06      0.0000000000  3.1801693485e-07  3.1779104078e-07    0.020575000000    0.020575000000
 3.1769400627e-07 -4.6026464428e-12  9.9933624302e-06      0.0000000000  3.1776045735e-07  3.1790012239e-07    0.020591666667    0.020591666667
 3.1760849300e-07  7.2704641756e-12  9.9930224218e-06      0.0000000000  3.1750352510e-07  3.1723112101e-07    0.020608333333    0.020608333333
 3.1713813954e-07 -7.5433728958e-12  9.9926925800e-06      0.0000000000  3.1724704759e-07  3.1729188786e-07    0.020625000000    0.020625000000
 3.1713612555e-07  1.0113205728e-11  9.9923624273e-06      0.0000000000  3.1699011534e-07  3.1679562786e-07    0.020641666667    0.020641666667
 3.1671270582e-07 -1.4498283160e-12  9.9920224259e-06      0.0000000000  3.1673363783e-07  3.1793620517e-07    0.020658333333    0.020658333333
 3.1631147206e-07 -1.1444682877e-11  9.9916925770e-06      0.0000000000  3.1647670558e-07  3.1711001181e-07    0.020675000000    0.020675000000
 3.1607579285e-07 -1.0004116179e-11  9.9913624278e-06      0.0000000000  3.1622022807e-07  3.1627059597e-07    0.020691666667    0.020691666667
 3.1557827145e-07 -2.6668207111e-11  9.9910224299e-06      0.0000000000  3.1596329582e-07  3.1662617246e-07    0.020708333333    0.020708333333
 3.1527659569e-07 -2.9767307849e-11  9.9906925706e-06      0.0000000000  3.1570636356e-07  3.1610818418e-07    0.020725000000    0.020725000000
 3.1515534528e-07 -2.0400980645e-11  9.9903624319e-06      0.0000000000  3.1544988606e-07  3.1475158189e-07    0.020741666667    0.020741666667
 3.1495112207e-07 -1.6750157423e-11  9.9900224269e-06      0.0000000000  3.1519295381e-07  3.1546630384e-07    0.020758333333    0.020758333333
 3.1461846522e-07 -2.1995122383e-11  9.9896925781e-06      0.0000000000  3.1493602155e-07  3.1516025273e-07    0.020775000000    0.020775000000
 3.1452484832e-07 -1.0714796738e-11  9.9893624289e-06      0.0000000000  3.1467954405e-07  3.1462787850e-07    0.020791666667    0.020791666667
 3.1431985268e-07 -7.1174753091e-12  9.9890224310e-06      0.0000000000  3.1442261179e-07  3.1416422663e-07    0.020808333333    0.020808333333
 3.1385855591e-07 -2.1272515336e-11  9.9886925786e-06      0.0000000000  3.1416567954e-07  3.1351093188e-07    0.020825000000    0.020825000000
 3.1396857271e-07  4.1437295027e-12  9.9883624259e-06      0.0000000000  3.1390874729e-07  3.1422832662e-07    0.020841666667    0.020841666667
 3.1338530233e-07 -1.8459652714e-11  9.9880224315e-06      0.0000000000  3.1365181503e-07  3.1354791083e-07    0.020858333333    0.020858333333
 3.1335364091e-07 -2.8880612827e-12  9.9876925757e-06      0.0000000000  3.1339533753e-07  3.1394015182e-07    0.020875000000    0.020875000000
 3.1312331679e-07 -1.0450842062e-12  9.9873624300e-06      0.0000000000  3.1313840527e-07  3.1338716560e-07    0.020891666667    0.020891666667
 3.1273394771e-07 -1.0218146777e-11  9.9870224285e-06      0.0000000000  3.1288147302e-07  3.1297546035e-07    0.020908333333    0.020908333333
 3.1247125153e-07 -1.0617377865e-11  9.9866925797e-06      0.0000000000  3.1262454077e-07  3.1291114025e-07    0.020925000000    0.020925000000
 3.1231751884e-07 -3.4693953802e-12  9.9863624305e-06      0.0000000000  3.1236760851e-07  3.1178650540e-07    0.020941666667    0.020941666667
 3.1209990558e-07 -7.4601677343e-13  9.9860224291e-06      0.0000000000  3.1211067626e-07  3.1331861619e-07    0.020958333333    0.020958333333
 3.1172867126e-07 -8.6629993600e-12  9.9856925802e-06      0.0000000000  3.1185374401e-07  3.1122903832e-07    0.020975000000    0.020975000000
 3.1152305148e-07 -5.1089087130e-12  9.9853624275e-06      0.0000000000  3.1159681175e-07  3.1207096973e-07    0.020991666667    0.020991666667
 3.1103171038e-07 -2.1344929777e-11  9.9850224331e-06      0.0000000000  3.1133987950e-07  3.1273824165e-07    0.021008333333    0.021008333333
 3.1090756807e-07 -1.2147408507e-11  9.9846925773e-06      0.0000000000  3.1108294725e-07  3.1183085813e-07    0.021025000000    0.021025000000
 3.1061817447e-07 -1.4364303812e-11  9.9843624316e-06      0.0000000000  3.1082556025e-07  3.1062924669e-07    0.021041666667    0.021041666667
 3.1018631685e-07 -2.6480279634e-11  9.9840224301e-06      0.0000000000  3.1056862799e-07  3.1076008802e-07    0.021058333333    0.021058333333
 3.1045099113e-07  9.6481124434e-12  9.9836925778e-06      0.0000000000  3.1031169574e-07  3.1049769785e-07    0.021075000000    0.021075000000
 3.0999675023e-07 -4.0182124805e-12  9.9833624321e-06      0.0000000000  3.1005476349e-07  3.0979690590e-07    0.021091666667    0.021091666667
 3.0982986555e-07  2.2188145265e-12  9.9830224307e-06      0.0000000000  3.0979783123e-07  3.0844377825e-07    0.021108333333    0.021108333333
 3.0979961167e-07  1.7950891903e-11  9.9826925818e-06      0.0000000000  3.0954044423e-07  3.0989317380e-07    0.021125000000    0.021125000000
 3.0929298455e-07  6.5610532189e-13  9.9823624291e-06      0.0000000000  3.0928351198e-07  3.0734190935e-07    0.021141666667    0.021141666667
 3.0918506849e-07  1.0977515877e-11  9.9820224347e-06      0.0000000000  3.0902657973e-07  3.0913670903e-07    0.021158333333    0.021158333333
 3.0908858760e-07  2.2122466806e-11  9.9816925789e-06      0.0000000000  3.0876919273e-07  3.0948741160e-07    0.021175000000    0.021175000000
 3.0862243712e-07  7.6312408287e-12  9.9813624332e-06      0.0000000000  3.0851226047e-07  3.0938417870e-07    0.021191666667    0.021191666667
 3.0846153515e-07  1.4314149579e-11  9.9810224317e-06      0.0000000000  3.0825487347e-07  3.0834990015e-07    0.021208333333    0.021208333333
 3.0804897107e-07  3.5345156836e-12  9.9806925794e-06      0.0000000000  3.0799794122e-07  3.0661580443e-07    0.021225000000    0.021225000000
 3.0760322777e-07 -9.5432339923e-12  9.9803624337e-06      0.0000000000  3.0774100897e-07  3.0864491417e-07    0.021241666667    0.021241666667
 3.0734653379e-07 -9.4952323751e-12  9.9800224288e-06      0.0000000000  3.0748362197e-07  3.0887230641e-07    0.021258333333    0.021258333333
 3.0694122837e-07 -1.9772104864e-11  9.9796925869e-06      0.0000000000  3.0722668971e-07  3.0897708009e-07    0.021275000000    0.021275000000
 3.0672416138e-07 -1.6979392765e-11  9.9793624307e-06      0.0000000000  3.0696930271e-07  3.0831829824e-07    0.021291666667    0.021291666667
 3.0645587979e-07 -1.7733992076e-11  9.9790224363e-06      0.0000000000  3.0671191571e-07  3.0576936070e-07    0.021308333333    0.021308333333
 3.0609021390e-07 -2.5265284286e-11  9.9786925805e-06      0.0000000000  3.0645498346e-07  3.0564650632e-07    0.021325000000    0.021325000000
 3.0591230390e-07 -1.9760414335e-11  9.9783624348e-06      0.0000000000  3.0619759646e-07  3.0676593707e-07    0.021341666667    0.021341666667
 3.0564447693e-07 -2.0515022435e-11  9.9780224333e-06      0.0000000000  3.0594066420e-07  3.0623724188e-07    0.021358333333    0.021358333333
 3.0560035019e-07 -5.7438306082e-12  9.9776925775e-06      0.0000000000  3.0568327720e-07  3.0578365231e-07    0.021375000000    0.021375000000
 3.0530155750e-07 -8.6117415110e-12  9.9773624388e-06      0.0000000000  3.0542589020e-07  3.0383849987e-07    0.021391666667    0.021391666667
 3.0528846341e-07  8.3088862596e-12  9.9770224304e-06      0.0000000000  3.0516850320e-07  3.0544447422e-07    0.021408333333    0.021408333333
 3.0499311248e-07  5.6478673124e-12  9.9766925850e-06      0.0000000000  3.0491157095e-07  3.0392978379e-07    0.021425000000    0.021425000000
 3.0451364796e-07 -9.7340409246e-12  9.9763624323e-06      0.0000000000  3.0465418395e-07  3.0392264584e-07    0.021441666667    0.021441666667
 3.0454613216e-07  1.0343507272e-11  9.9760224379e-06      0.0000000000  3.0439679695e-07  3.0575250635e-07    0.021458333333    0.021458333333
 3.0395887895e-07 -1.2504242214e-11  9.9756925821e-06      0.0000000000  3.0413940995e-07  3.0396431005e-07    0.021475000000    0.021475000000
 3.0365575704e-07 -1.5672011145e-11  9.9753624329e-06      0.0000000000  3.0388202295e-07  3.0237740690e-07    0.021491666667    0.021491666667
 3.0357519647e-07 -3.4243606771e-12  9.9750224384e-06      0.0000000000  3.0362463595e-07  3.0400787666e-07    0.021508333333    0.021508333333
 3.0329701375e-07 -4.8647489759e-12  9.9746925791e-06      0.0000000000  3.0336724895e-07  3.0560723191e-07    0.021525000000    0.021525000000
 3.0312412498e-07  9.8791039225e-13  9.9743624404e-06      0.0000000000  3.0310986195e-07  3.0306395441e-07    0.021541666667    0.021541666667
 3.0288262377e-07  2.0882188183e-12  9.9740224320e-06      0.0000000000  3.0285247494e-07  3.0408420863e-07    0.021558333333    0.021558333333
 3.0268357557e-07  6.1289791550e-12  9.9736925866e-06      0.0000000000  3.0259508794e-07  3.0342509661e-07    0.021575000000    0.021575000000
 3.0233318541e-07 -3.1276272594e-13  9.9733624340e-06      0.0000000000  3.0233770094e-07  3.0159402548e-07    0.021591666667    0.021591666667
 3.0227477033e-07  1.3468766212e-11  9.9730224360e-06      0.0000000000  3.0208031394e-07  3.0155802132e-07    0.021608333333    0.021608333333
 3.0195522579e-07  9.1635058450e-12  9.9726925872e-06      0.0000000000  3.0182292694e-07  3.0239133689e-07    0.021625000000    0.021625000000
 3.0173588957e-07  1.1799043703e-11  9.9723624310e-06      0.0000000000  3.0156553994e-07  3.0319654092e-07    0.021641666667    0.021641666667
 3.0150520354e-07  1.3648451263e-11  9.9720224400e-06      0.0000000000  3.0130815294e-07  3.0007672514e-07    0.021658333333    0.021658333333
 3.0147858714e-07  2.9632473786e-11  9.9716925807e-06      0.0000000000  3.0105076594e-07  2.9977444739e-07    0.021675000000    0.021675000000
 3.0113627617e-07  2.3750326244e-11  9.9713624385e-06      0.0000000000  3.0079337894e-07  2.9947352176e-07    0.021691666667    0.021691666667
 3.0061672978e-07  5.6236978075e-12  9.9710224336e-06      0.0000000000  3.0053553719e-07  2.9925562582e-07    0.021708333333    0.021708333333
 3.0040887804e-07  9.0546931510e-12  9.9706925847e-06      0.0000000000  3.0027815019e-07  2.9923605151e-07    0.021725000000    0.021725000000
 2.9985974221e-07 -1.1152906605e-11  9.9703624390e-06      0.0000000000  3.0002076319e-07  3.0076240792e-07    0.021741666667    0.021741666667
 2.9987188363e-07  7.5156253157e-12  9.9700224341e-06      0.0000000000  2.9976337619e-07  2.9950944731e-07    0.021758333333    0.021758333333
 2.9940975751e-07 -6.6338637422e-12  9.9696925888e-06      0.0000000000  2.9950553444e-07  2.9874983808e-07    0.021775000000    0.021775000000
 2.9911083603e-07 -9.5106946950e-12  9.9693624326e-06      0.0000000000  2.9924814744e-07  2.9950144464e-07    0.021791666667    0.021791666667
 2.9903033571e-07  2.7726262555e-12  9.9690224416e-06      0.0000000000  2.9899030569e-07  2.9988431512e-07    0.021808333333    0.021808333333
 2.9863389380e-07 -6.8588292646e-12  9.9686925823e-06      0.0000000000  2.9873291869e-07  2.9819397467e-07    0.021825000000    0.021825000000
 2.9862999253e-07  1.0698527219e-11  9.9683624401e-06      0.0000000000  2.9847553169e-07  3.0015217666e-07    0.021841666667    0.021841666667
 2.9821628088e-07 -9.7596743527e-14  9.9680224352e-06      0.0000000000  2.9821768994e-07  2.9883066664e-07    0.021858333333    0.021858333333
 2.9810043886e-07  9.7063301573e-12  9.9676925829e-06      0.0000000000  2.9796030294e-07  2.9770867314e-07    0.021875000000    0.021875000000
 2.9769780316e-07 -3.2263249427e-13  9.9673624406e-06      0.0000000000  2.9770246120e-07  2.9701553797e-07    0.021891666667    0.021891666667
 2.9748230990e-07  2.5790818754e-12  9.9670224322e-06      0.0000000000  2.9744507420e-07  2.9794551450e-07    0.021908333333    0.021908333333
 2.9733889461e-07  1.0504680817e-11  9.9666925904e-06      0.0000000000  2.9718723245e-07  2.9665821630e-07    0.021925000000    0.021925000000
 2.9674115046e-07 -1.3038213070e-11  9.9663624342e-06      0.0000000000  2.9692939070e-07  2.9573356964e-07    0.021941666667    0.021941666667
 2.9665672744e-07 -1.0580900761e-12  9.9660224433e-06      0.0000000000  2.9667200370e-07  2.9638331115e-07    0.021958333333    0.021958333333
 2.9617351816e-07 -1.6667876444e-11  9.9656925839e-06      0.0000000000  2.9641416195e-07  2.9546020528e-07    0.021975000000    0.021975000000
 2.9597608176e-07 -1.2483979380e-11  9.9653624382e-06      0.0000000000  2.9615632020e-07  2.9539552356e-07    0.021991666667    0.021991666667
 2.9581620979e-07 -5.7297287364e-12  9.9650224403e-06      0.0000000000  2.9589893320e-07  2.9616293108e-07    0.022008333333    0.022008333333
 2.9559993647e-07 -2.8505462852e-12  9.9646925810e-06      0.0000000000  2.9564109145e-07  2.9542938949e-07    0.022025000000    0.022025000000
 2.9521770795e-07 -1.1466032635e-11  9.9643624457e-06      0.0000000000  2.9538324971e-07  2.9486330656e-07    0.022041666667    0.022041666667
 2.9505017079e-07 -5.2112034701e-12  9.9640224338e-06      0.0000000000  2.9512540796e-07  2.9409396520e-07    0.022058333333    0.022058333333
 2.9489502723e-07  1.8705536559e-12  9.9636925920e-06      0.0000000000  2.9486802096e-07  2.9450197570e-07    0.022075000000    0.022075000000
 2.9468490855e-07  5.1760293669e-12  9.9633624358e-06      0.0000000000  2.9461017921e-07  2.9429429928e-07    0.022091666667    0.022091666667
 2.9433274039e-07 -1.3573655667e-12  9.9630224414e-06      0.0000000000  2.9435233746e-07  2.9297179876e-07    0.022108333333    0.022108333333
 2.9427694120e-07  1.2636846878e-11  9.9626925890e-06      0.0000000000  2.9409449571e-07  2.9543407475e-07    0.022125000000    0.022125000000
 2.9393792530e-07  7.0144259286e-12  9.9623624363e-06      0.0000000000  2.9383665397e-07  2.9411430991e-07    0.022141666667    0.022141666667
 2.9359579988e-07  1.1766283364e-12  9.9620224454e-06      0.0000000000  2.9357881222e-07  2.9377610661e-07    0.022158333333    0.022158333333
 2.9350563970e-07  1.2790871513e-11  9.9616925826e-06      0.0000000000  2.9332097047e-07  2.9405223810e-07    0.022175000000    0.022175000000
 2.9316647898e-07  7.1584201337e-12  9.9613624473e-06      0.0000000000  2.9306312872e-07  2.9359177787e-07    0.022191666667    0.022191666667
 2.9303988523e-07  1.6249140458e-11  9.9610224354e-06      0.0000000000  2.9280528697e-07  2.9235446099e-07    0.022208333333    0.022208333333
 2.9285608978e-07  2.1377859579e-11  9.9606925901e-06      0.0000000000  2.9254744523e-07  2.9247915489e-07    0.022225000000    0.022225000000
 2.9256756092e-07  1.9252357309e-11  9.9603624409e-06      0.0000000000  2.9228960348e-07  2.9373485118e-07    0.022241666667    0.022241666667
 2.9233255755e-07  2.0834227679e-11  9.9600224395e-06      0.0000000000  2.9203176173e-07  2.9158433351e-07    0.022258333333    0.022258333333
 2.9198547182e-07  1.4652860112e-11  9.9596925906e-06      0.0000000000  2.9177391998e-07  2.9034435956e-07    0.022275000000    0.022275000000
 2.9181729007e-07  2.0894540067e-11  9.9593624379e-06      0.0000000000  2.9151562349e-07  2.9098894414e-07    0.022291666667    0.022291666667
 2.9140872845e-07  1.0455125572e-11  9.9590224470e-06      0.0000000000  2.9125778174e-07  2.9172034749e-07    0.022308333333    0.022308333333
 2.9100714814e-07  4.9926291492e-13  9.9586925842e-06      0.0000000000  2.9099993999e-07  2.9146129046e-07    0.022325000000    0.022325000000
 2.9076387588e-07  1.5083994528e-12  9.9583624455e-06      0.0000000000  2.9074209824e-07  2.8967881710e-07    0.022341666667    0.022341666667
 2.9046069384e-07 -1.6005387916e-12  9.9580224405e-06      0.0000000000  2.9048380175e-07  2.9115399729e-07    0.022358333333    0.022358333333
 2.9040009838e-07  1.2061466564e-11  9.9576925882e-06      0.0000000000  2.9022596000e-07  2.9013635298e-07    0.022375000000    0.022375000000
 2.9001489234e-07  3.2397456972e-12  9.9573624460e-06      0.0000000000  2.8996811825e-07  2.9036797452e-07    0.022391666667    0.022391666667
 2.8980930474e-07  6.8905582728e-12  9.9570224411e-06      0.0000000000  2.8970982176e-07  2.8972703752e-07    0.022408333333    0.022408333333
 2.8946089937e-07  6.1778795300e-13  9.9566925922e-06      0.0000000000  2.8945198001e-07  2.8955597844e-07    0.022425000000    0.022425000000
 2.8939131415e-07  1.3657129405e-11  9.9563624360e-06      0.0000000000  2.8919413826e-07  2.8957166934e-07    0.022441666667    0.022441666667
 2.8893852152e-07  1.8560994677e-13  9.9560224486e-06      0.0000000000  2.8893584177e-07  2.8845286748e-07    0.022458333333    0.022458333333
 2.8888285112e-07  1.4188742442e-11  9.9556925893e-06      0.0000000000  2.8867800002e-07  2.8815736606e-07    0.022475000000    0.022475000000
 2.8827750644e-07 -9.8490943923e-12  9.9553624436e-06      0.0000000000  2.8841970352e-07  2.8607462740e-07    0.022491666667    0.022491666667
 2.8808911136e-07 -5.0389617031e-12  9.9550224456e-06      0.0000000000  2.8816186177e-07  2.8788291685e-07    0.022508333333    0.022508333333
 2.8767233415e-07 -1.6015920712e-11  9.9546925898e-06      0.0000000000  2.8790356528e-07  2.8932460845e-07    0.022525000000    0.022525000000
 2.8732535155e-07 -2.2190144836e-11  9.9543624476e-06      0.0000000000  2.8764572353e-07  2.8755351806e-07    0.022541666667    0.022541666667
 2.8716817495e-07 -1.5186207747e-11  9.9540224392e-06      0.0000000000  2.8738742704e-07  2.8641628962e-07    0.022558333333    0.022558333333
 2.8670887713e-07 -2.9108300767e-11  9.9536925938e-06      0.0000000000  2.8712913054e-07  2.8646653822e-07    0.022575000000    0.022575000000
 2.8648733168e-07 -2.6594285175e-11  9.9533624411e-06      0.0000000000  2.8687128879e-07  2.8756667766e-07    0.022591666667    0.022591666667
 2.8631805234e-07 -2.0428629215e-11  9.9530224467e-06      0.0000000000  2.8661299230e-07  2.8491722719e-07    0.022608333333    0.022608333333
 2.8588933322e-07 -3.2232728542e-11  9.9526925909e-06      0.0000000000  2.8635469580e-07  2.8623246399e-07    0.022625000000    0.022625000000
 2.8586304104e-07 -1.6194751285e-11  9.9523624452e-06      0.0000000000  2.8609685405e-07  2.8782488569e-07    0.022641666667    0.022641666667
 2.8567135864e-07 -1.1580813894e-11  9.9520224472e-06      0.0000000000  2.8583855756e-07  2.8538452664e-07    0.022658333333    0.022658333333
 2.8559592029e-07  1.0846159943e-12  9.9516925879e-06      0.0000000000  2.8558026106e-07  2.8466114168e-07    0.022675000000    0.022675000000
 2.8532996723e-07  5.5429394023e-13  9.9513624492e-06      0.0000000000  2.8532196457e-07  2.8485828413e-07    0.022691666667    0.022691666667
 2.8515502246e-07  6.3275417271e-12  9.9510224408e-06      0.0000000000  2.8506366807e-07  2.8524121749e-07    0.022708333333    0.022708333333
 2.8479069584e-07 -1.0164955987e-12  9.9506925954e-06      0.0000000000  2.8480537158e-07  2.8432330000e-07    0.022725000000    0.022725000000
 2.8471700664e-07  1.1738588659e-11  9.9503624462e-06      0.0000000000  2.8454752983e-07  2.8527031955e-07    0.022741666667    0.022741666667
 2.8445167772e-07  1.1251497386e-11  9.9500224483e-06      0.0000000000  2.8428923333e-07  2.8585434167e-07    0.022758333333    0.022758333333
 2.8398428468e-07 -3.2313003519e-12  9.9496925925e-06      0.0000000000  2.8403093684e-07  2.8290883949e-07    0.022775000000    0.022775000000
 2.8368463058e-07 -6.0958810446e-12  9.9493624433e-06      0.0000000000  2.8377264034e-07  2.8317302201e-07    0.022791666667    0.022791666667
 2.8341724165e-07 -6.7256561040e-12  9.9490224488e-06      0.0000000000  2.8351434385e-07  2.8490933458e-07    0.022808333333    0.022808333333
 2.8326004555e-07  2.7693002296e-13  9.9486925895e-06      0.0000000000  2.8325604735e-07  2.8288074367e-07    0.022825000000    0.022825000000
 2.8277379689e-07 -1.5511877771e-11  9.9483624508e-06      0.0000000000  2.8299775086e-07  2.8207528808e-07    0.022841666667    0.022841666667
 2.8270417172e-07 -2.4438057100e-12  9.9480224459e-06      0.0000000000  2.8273945436e-07  2.8226592148e-07    0.022858333333    0.022858333333
 2.8214355768e-07 -2.3351936137e-11  9.9476925970e-06      0.0000000000  2.8248070312e-07  2.8245251424e-07    0.022875000000    0.022875000000
 2.8217177170e-07 -3.5071614596e-12  9.9473624478e-06      0.0000000000  2.8222240662e-07  2.8178297830e-07    0.022891666667    0.022891666667
 2.8178618825e-07 -1.2323525209e-11  9.9470224464e-06      0.0000000000  2.8196411013e-07  2.8216235841e-07    0.022908333333    0.022908333333
 2.8172848549e-07  1.5703362094e-12  9.9466925941e-06      0.0000000000  2.8170581363e-07  2.8239278506e-07    0.022925000000    0.022925000000
 2.8137604279e-07 -4.9505766705e-12  9.9463624449e-06      0.0000000000  2.8144751714e-07  2.8102588464e-07    0.022941666667    0.022941666667
 2.8115403511e-07 -2.4055824149e-12  9.9460224504e-06      0.0000000000  2.8118876590e-07  2.8011686599e-07    0.022958333333    0.022958333333
 2.8074113637e-07 -1.3113903570e-11  9.9456925911e-06      0.0000000000  2.8093046940e-07  2.8032125643e-07    0.022975000000    0.022975000000
 2.8055951621e-07 -7.8030178754e-12  9.9453624524e-06      0.0000000000  2.8067217291e-07  2.8024688976e-07    0.022991666667    0.022991666667
 2.8030577491e-07 -7.4875082194e-12  9.9450224475e-06      0.0000000000  2.8041387641e-07  2.8032499835e-07    0.023008333333    0.023008333333
 2.8007526615e-07 -5.5313297939e-12  9.9446925952e-06      0.0000000000  2.8015512517e-07  2.8106780040e-07    0.023025000000    0.023025000000
 2.7974479181e-07 -1.0530633899e-11  9.9443624494e-06      0.0000000000  2.7989682867e-07  2.8077830492e-07    0.023041666667    0.023041666667
 2.7973290820e-07  6.5683287051e-12  9.9440224480e-06      0.0000000000  2.7963807743e-07  2.7861690739e-07    0.023058333333    0.023058333333
 2.7938258322e-07  1.9409697897e-13  9.9436925957e-06      0.0000000000  2.7937978093e-07  2.8021582241e-07    0.023075000000    0.023075000000
 2.7917115239e-07  3.4716827251e-12  9.9433624465e-06      0.0000000000  2.7912102969e-07  2.7982630138e-07    0.023091666667    0.023091666667
 2.7894444930e-07  5.6599587246e-12  9.9430224555e-06      0.0000000000  2.7886273320e-07  2.7822788948e-07    0.023108333333    0.023108333333
 2.7856003305e-07 -3.0440628266e-12  9.9426925927e-06      0.0000000000  2.7860398195e-07  2.7853439654e-07    0.023125000000    0.023125000000
 2.7828303931e-07 -4.3391033561e-12  9.9423624505e-06      0.0000000000  2.7834568546e-07  2.7914198645e-07    0.023141666667    0.023141666667
 2.7783082206e-07 -1.7739272132e-11  9.9420224491e-06      0.0000000000  2.7808693422e-07  2.7936167473e-07    0.023158333333    0.023158333333
 2.7789990841e-07  4.9364710212e-12  9.9416925968e-06      0.0000000000  2.7782863772e-07  2.7706934153e-07    0.023175000000    0.023175000000
 2.7738417103e-07 -1.2863336596e-11  9.9413624510e-06      0.0000000000  2.7756988648e-07  2.7640120489e-07    0.023191666667    0.023191666667
 2.7731949884e-07  5.7929382121e-13  9.9410224496e-06      0.0000000000  2.7731113523e-07  2.7554653837e-07    0.023208333333    0.023208333333
 2.7700813768e-07 -3.0961601284e-12  9.9406926008e-06      0.0000000000  2.7705283874e-07  2.7450700856e-07    0.023225000000    0.023225000000
 2.7692666640e-07  9.1829034377e-12  9.9403624481e-06      0.0000000000  2.7679408750e-07  2.7754278842e-07    0.023241666667    0.023241666667
 2.7650225980e-07 -2.2909972012e-12  9.9400224537e-06      0.0000000000  2.7653533625e-07  2.7775628210e-07    0.023258333333    0.023258333333
 2.7646712094e-07  1.3165723596e-11  9.9396925943e-06      0.0000000000  2.7627703976e-07  2.7579929074e-07    0.023275000000    0.023275000000
 2.7615989837e-07  9.8084207156e-12  9.9393624521e-06      0.0000000000  2.7601828852e-07  2.7558872141e-07    0.023291666667    0.023291666667
 2.7597162353e-07  1.4689875863e-11  9.9390224507e-06      0.0000000000  2.7575953727e-07  2.7621046143e-07    0.023308333333    0.023308333333
 2.7586408953e-07  2.5163739688e-11  9.9386925949e-06      0.0000000000  2.7550078603e-07  2.7680616525e-07    0.023325000000    0.023325000000
 2.7543928375e-07  1.3662190596e-11  9.9383624561e-06      0.0000000000  2.7524203479e-07  2.7455854640e-07    0.023341666667    0.023341666667
 2.7532671542e-07  2.3787358193e-11  9.9380224477e-06      0.0000000000  2.7498328355e-07  2.7526995093e-07    0.023358333333    0.023358333333
 2.7471249200e-07 -8.3395585978e-13  9.9376926024e-06      0.0000000000  2.7472453230e-07  2.7511714549e-07    0.023375000000    0.023375000000
 2.7443870102e-07 -1.9071610385e-12  9.9373624497e-06      0.0000000000  2.7446623581e-07  2.7459466062e-07    0.023391666667    0.023391666667
 2.7407815549e-07 -8.9578087617e-12  9.9370224553e-06      0.0000000000  2.7420748456e-07  2.7317444573e-07    0.023408333333    0.023408333333
 2.7393645367e-07 -8.5053412973e-13  9.9366925959e-06      0.0000000000  2.7394873332e-07  2.7408509951e-07    0.023425000000    0.023425000000
 2.7381619571e-07  8.7420213552e-12  9.9363624502e-06      0.0000000000  2.7368998208e-07  2.7348449032e-07    0.023441666667    0.023441666667
 2.7335837355e-07 -5.0148666058e-12  9.9360224558e-06      0.0000000000  2.7343077609e-07  2.7316130186e-07    0.023458333333    0.023458333333
 2.7318495027e-07  8.9526276982e-13  9.9356925930e-06      0.0000000000  2.7317202485e-07  2.7234856683e-07    0.023475000000    0.023475000000
 2.7296070864e-07  3.2855256191e-12  9.9353624577e-06      0.0000000000  2.7291327360e-07  2.7383218991e-07    0.023491666667    0.023491666667
 2.7267329448e-07  1.3002263594e-12  9.9350224493e-06      0.0000000000  2.7265452236e-07  2.7089533503e-07    0.023508333333    0.023508333333
 2.7241283464e-07  1.1818824562e-12  9.9346926040e-06      0.0000000000  2.7239577112e-07  2.7281973397e-07    0.023525000000    0.023525000000
 2.7209125614e-07 -3.1697654146e-12  9.9343624513e-06      0.0000000000  2.7213701988e-07  2.7259647672e-07    0.023541666667    0.023541666667
 2.7186100815e-07 -1.1955248132e-12  9.9340224534e-06      0.0000000000  2.7187826863e-07  2.7235495010e-07    0.023558333333    0.023558333333
 2.7131468124e-07 -2.1082578324e-11  9.9336926010e-06      0.0000000000  2.7161906264e-07  2.7057275973e-07    0.023575000000    0.023575000000
 2.7125714186e-07 -7.1459029809e-12  9.9333624518e-06      0.0000000000  2.7136031140e-07  2.7132122183e-07    0.023591666667    0.023591666667
 2.7089453632e-07 -1.4339234491e-11  9.9330224574e-06      0.0000000000  2.7110156016e-07  2.7160398815e-07    0.023608333333    0.023608333333
 2.7073144127e-07 -7.6822364576e-12  9.9326925946e-06      0.0000000000  2.7084235417e-07  2.7180628753e-07    0.023625000000    0.023625000000
 2.7046860614e-07 -7.9651016146e-12  9.9323624594e-06      0.0000000000  2.7058360293e-07  2.7183680459e-07    0.023641666667    0.023641666667
 2.7014900374e-07 -1.2179876685e-11  9.9320224509e-06      0.0000000000  2.7032485168e-07  2.7084527509e-07    0.023658333333    0.023658333333
 2.6989074458e-07 -1.2114295915e-11  9.9316926021e-06      0.0000000000  2.7006564569e-07  2.6976928517e-07    0.023675000000    0.023675000000
 2.6962676669e-07 -1.2476312635e-11  9.9313624564e-06      0.0000000000  2.6980689445e-07  2.7043067693e-07    0.023691666667    0.023691666667
 2.6935640799e-07 -1.3248790917e-11  9.9310224550e-06      0.0000000000  2.6954768846e-07  2.6899107640e-07    0.023708333333    0.023708333333
 2.6935401645e-07  4.5076274875e-12  9.9306926026e-06      0.0000000000  2.6928893722e-07  2.6855149544e-07    0.023725000000    0.023725000000
 2.6907184809e-07  2.9171695191e-12  9.9303624534e-06      0.0000000000  2.6902973123e-07  2.6788716360e-07    0.023741666667    0.023741666667
 2.6874992813e-07 -1.4581294385e-12  9.9300224590e-06      0.0000000000  2.6877097999e-07  2.6872848184e-07    0.023758333333    0.023758333333
 2.6846881543e-07 -2.9754689060e-12  9.9296925962e-06      0.0000000000  2.6851177400e-07  2.6907122890e-07    0.023775000000    0.023775000000
 2.6832348307e-07  4.8803417445e-12  9.9293624575e-06      0.0000000000  2.6825302275e-07  2.6704222921e-07    0.023791666667    0.023791666667
 2.6823312022e-07  1.6575039788e-11  9.9290224560e-06      0.0000000000  2.6799381676e-07  2.6656356251e-07    0.023808333333    0.023808333333
 2.6784125241e-07  7.3548952619e-12  9.9286926002e-06      0.0000000000  2.6773506552e-07  2.6786732200e-07    0.023825000000    0.023825000000
 2.6788341142e-07  2.8228546808e-11  9.9283624580e-06      0.0000000000  2.6747585953e-07  2.6752782947e-07    0.023841666667    0.023841666667
 2.6770214955e-07  3.3627244099e-11  9.9280224566e-06      0.0000000000  2.6721665354e-07  2.6717132536e-07    0.023858333333    0.023858333333
 2.6707981047e-07  8.4753068987e-12  9.9276926042e-06      0.0000000000  2.6695744755e-07  2.6773391793e-07    0.023875000000    0.023875000000
 2.6689923193e-07  1.3889836817e-11  9.9273624515e-06      0.0000000000  2.6669869631e-07  2.6921683351e-07    0.023891666667    0.023891666667
 2.6641256912e-07 -1.8646611745e-12  9.9270224606e-06      0.0000000000  2.6643949032e-07  2.6589339768e-07    0.023908333333    0.023908333333
 2.6603811078e-07 -9.8474638380e-12  9.9266926013e-06      0.0000000000  2.6618028433e-07  2.6826773861e-07    0.023925000000    0.023925000000
 2.6570061103e-07 -1.5270378715e-11  9.9263624591e-06      0.0000000000  2.6592107834e-07  2.6702026510e-07    0.023941666667    0.023941666667
 2.6535815095e-07 -2.1036863566e-11  9.9260224576e-06      0.0000000000  2.6566187235e-07  2.6529535123e-07    0.023958333333    0.023958333333
 2.6497151359e-07 -2.9894728220e-11  9.9256926018e-06      0.0000000000  2.6540312110e-07  2.6568746644e-07    0.023975000000    0.023975000000
 2.6479342563e-07 -2.4276194262e-11  9.9253624596e-06      0.0000000000  2.6514391511e-07  2.6718358879e-07    0.023991666667    0.023991666667
 2.6458203553e-07 -2.0964288996e-11  9.9250224547e-06      0.0000000000  2.6488470912e-07  2.6554472330e-07    0.024008333333    0.024008333333
 2.6430063294e-07 -2.2501707829e-11  9.9246926058e-06      0.0000000000  2.6462550313e-07  2.6428578820e-07    0.024025000000    0.024025000000
 2.6417470568e-07 -1.3270331554e-11  9.9243624566e-06      0.0000000000  2.6436629714e-07  2.6442043434e-07    0.024041666667    0.024041666667
 2.6407739036e-07 -2.0571866652e-12  9.9240224587e-06      0.0000000000  2.6410709115e-07  2.6238528721e-07    0.024058333333    0.024058333333
 2.6391374811e-07  4.5619104091e-12  9.9236926029e-06      0.0000000000  2.6384788516e-07  2.6256482064e-07    0.024075000000    0.024075000000
 2.6364868771e-07  4.1564126068e-12  9.9233624572e-06      0.0000000000  2.6358867917e-07  2.6305293647e-07    0.024091666667    0.024091666667
 2.6370304273e-07  2.5874803990e-11  9.9230224592e-06      0.0000000000  2.6332947318e-07  2.6422193977e-07    0.024108333333    0.024108333333
 2.6307387555e-07  2.8142563627e-13  9.9226925999e-06      0.0000000000  2.6306981245e-07  2.6349341360e-07    0.024125000000    0.024125000000
 2.6314024007e-07  2.2831639439e-11  9.9223624612e-06      0.0000000000  2.6281060646e-07  2.6239943732e-07    0.024141666667    0.024141666667
 2.6227401494e-07 -1.9212744191e-11  9.9220224563e-06      0.0000000000  2.6255140047e-07  2.6277186816e-07    0.024158333333    0.024158333333
 2.6226345938e-07 -1.9902985791e-12  9.9216926074e-06      0.0000000000  2.6229219448e-07  2.6214493977e-07    0.024175000000    0.024175000000
 2.6165450100e-07 -2.6215438885e-11  9.9213624582e-06      0.0000000000  2.6203298849e-07  2.6220091131e-07    0.024191666667    0.024191666667
 2.6149286973e-07 -1.9425556630e-11  9.9210224603e-06      0.0000000000  2.6177332775e-07  2.6394966025e-07    0.024208333333    0.024208333333
 2.6111058950e-07 -2.7950132038e-11  9.9206926045e-06      0.0000000000  2.6151412176e-07  2.6243792561e-07    0.024225000000    0.024225000000
 2.6093129440e-07 -2.2415209669e-11  9.9203624588e-06      0.0000000000  2.6125491577e-07  2.6151139227e-07    0.024241666667    0.024241666667
 2.6068159629e-07 -2.1725161092e-11  9.9200224608e-06      0.0000000000  2.6099525503e-07  2.6125854557e-07    0.024258333333    0.024258333333
 2.6068604032e-07 -3.4637887464e-12  9.9196926015e-06      0.0000000000  2.6073604904e-07  2.6182574478e-07    0.024275000000    0.024275000000
 2.6027503887e-07 -1.3977701857e-11  9.9193624628e-06      0.0000000000  2.6047684305e-07  2.5952995267e-07    0.024291666667    0.024291666667
 2.6037915271e-07  1.1218666515e-11  9.9190224579e-06      0.0000000000  2.6021718231e-07  2.5991191125e-07    0.024308333333    0.024308333333
 2.6008283094e-07  8.6478913529e-12  9.9186926056e-06      0.0000000000  2.5995797632e-07  2.5920333673e-07    0.024325000000    0.024325000000
 2.5979111454e-07  6.4275978144e-12  9.9183624598e-06      0.0000000000  2.5969831559e-07  2.5830103152e-07    0.024341666667    0.024341666667
 2.5970821955e-07  1.8639547719e-11  9.9180224619e-06      0.0000000000  2.5943910960e-07  2.5840470465e-07    0.024358333333    0.024358333333
 2.5950433780e-07  2.2503005860e-11  9.9176926061e-06      0.0000000000  2.5917944886e-07  2.5918289769e-07    0.024375000000    0.024375000000
 2.5930197995e-07  2.6440517536e-11  9.9173624569e-06      0.0000000000  2.5892024287e-07  2.5935339077e-07    0.024391666667    0.024391666667
 2.5880842439e-07  1.0240099860e-11  9.9170224624e-06      0.0000000000  2.5866058213e-07  2.5887818298e-07    0.024408333333    0.024408333333
 2.5879688719e-07  2.7394553224e-11  9.9166926031e-06      0.0000000000  2.5840137614e-07  2.5764575575e-07    0.024425000000    0.024425000000
 2.5836149895e-07  1.5223018618e-11  9.9163624644e-06      0.0000000000  2.5814171541e-07  2.5762654305e-07    0.024441666667    0.024441666667
 2.5810175810e-07  1.5217469854e-11  9.9160224595e-06      0.0000000000  2.5788205467e-07  2.5845470169e-07    0.024458333333    0.024458333333
 2.5774233168e-07  8.2758331899e-12  9.9156926072e-06      0.0000000000  2.5762284868e-07  2.5912406469e-07    0.024475000000    0.024475000000
 2.5720007896e-07 -1.1297529277e-11  9.9153624615e-06      0.0000000000  2.5736318794e-07  2.5883156623e-07    0.024491666667    0.024491666667
 2.5709226601e-07 -7.7999144695e-13  9.9150224600e-06      0.0000000000  2.5710352720e-07  2.5699145476e-07    0.024508333333    0.024508333333
 2.5645384898e-07 -2.7045546920e-11  9.9146926077e-06      0.0000000000  2.5684432121e-07  2.5750211643e-07    0.024525000000    0.024525000000
 2.5640843612e-07 -1.2205948774e-11  9.9143624585e-06      0.0000000000  2.5658466048e-07  2.5595761644e-07    0.024541666667    0.024541666667
 2.5623006694e-07 -6.5753954211e-12  9.9140224675e-06      0.0000000000  2.5632499974e-07  2.5624049282e-07    0.024558333333    0.024558333333
 2.5590472324e-07 -1.1124839852e-11  9.9136926047e-06      0.0000000000  2.5606533900e-07  2.5550110251e-07    0.024575000000    0.024575000000
 2.5594723213e-07  9.8045430362e-12  9.9133624660e-06      0.0000000000  2.5580567826e-07  2.5544722205e-07    0.024591666667    0.024591666667
 2.5554869614e-07  1.8553069927e-13  9.9130224611e-06      0.0000000000  2.5554601753e-07  2.5505466661e-07    0.024608333333    0.024608333333
 2.5510443357e-07 -1.2600673076e-11  9.9126926053e-06      0.0000000000  2.5528635679e-07  2.5533026354e-07    0.024625000000    0.024625000000
 2.5515230196e-07  8.6999282405e-12  9.9123624631e-06      0.0000000000  2.5502669605e-07  2.5458037072e-07    0.024641666667    0.024641666667
 2.5456649957e-07 -1.3921342665e-11  9.9120224616e-06      0.0000000000  2.5476749006e-07  2.5540598234e-07    0.024658333333    0.024658333333
 2.5453633719e-07  1.9745596565e-12  9.9116926093e-06      0.0000000000  2.5450782932e-07  2.5466395069e-07    0.024675000000    0.024675000000
 2.5387197472e-07 -2.6025076669e-11  9.9113624601e-06      0.0000000000  2.5424771384e-07  2.5398116082e-07    0.024691666667    0.024691666667
 2.5380356004e-07 -1.2778669773e-11  9.9110224691e-06      0.0000000000  2.5398805310e-07  2.5342606781e-07    0.024708333333    0.024708333333
 2.5349701425e-07 -1.6026101515e-11  9.9106926063e-06      0.0000000000  2.5372839237e-07  2.5508488495e-07    0.024725000000    0.024725000000
 2.5321764187e-07 -1.7391402711e-11  9.9103624641e-06      0.0000000000  2.5346873163e-07  2.5434742850e-07    0.024741666667    0.024741666667
 2.5314253229e-07 -4.6087088703e-12  9.9100224627e-06      0.0000000000  2.5320907089e-07  2.5430178654e-07    0.024758333333    0.024758333333
 2.5266827027e-07 -1.9472784620e-11  9.9096926069e-06      0.0000000000  2.5294941015e-07  2.5291411690e-07    0.024775000000    0.024775000000
 2.5264390851e-07 -3.1751099230e-12  9.9093624681e-06      0.0000000000  2.5268974942e-07  2.5287452805e-07    0.024791666667    0.024791666667
 2.5235687215e-07 -5.0712466246e-12  9.9090224597e-06      0.0000000000  2.5243008868e-07  2.5087433169e-07    0.024808333333    0.024808333333
 2.5186232733e-07 -2.1308686674e-11  9.9086926144e-06      0.0000000000  2.5216997319e-07  2.5138524492e-07    0.024825000000    0.024825000000
 2.5189770662e-07 -8.7312663588e-13  9.9083624617e-06      0.0000000000  2.5191031246e-07  2.5185373927e-07    0.024841666667    0.024841666667
 2.5177804849e-07  8.8239701657e-12  9.9080224673e-06      0.0000000000  2.5165065172e-07  2.5103237267e-07    0.024858333333    0.024858333333
 2.5135022978e-07 -2.7917736157e-12  9.9076926079e-06      0.0000000000  2.5139053623e-07  2.4963165349e-07    0.024875000000    0.024875000000
 2.5134257359e-07  1.4662990717e-11  9.9073624657e-06      0.0000000000  2.5113087550e-07  2.5184581521e-07    0.024891666667    0.024891666667
 2.5089820174e-07  1.8692178541e-12  9.9070224678e-06      0.0000000000  2.5087121476e-07  2.4992834981e-07    0.024908333333    0.024908333333
 2.5055605160e-07 -3.8128050466e-12  9.9066926050e-06      0.0000000000  2.5061109927e-07  2.4984442395e-07    0.024925000000    0.024925000000
 2.5043414349e-07  5.7284499689e-12  9.9063624732e-06      0.0000000000  2.5035143854e-07  2.4864053277e-07    0.024941666667    0.024941666667
 2.5007995846e-07 -7.8715345283e-13  9.9060224613e-06      0.0000000000  2.5009132305e-07  2.5026738640e-07    0.024958333333    0.024958333333
 2.4980291328e-07 -1.9912645343e-12  9.9056926125e-06      0.0000000000  2.4983166232e-07  2.4974086088e-07    0.024975000000    0.024975000000
 2.4952288121e-07 -3.4022578538e-12  9.9053624633e-06      0.0000000000  2.4957200158e-07  2.5024015530e-07    0.024991666667    0.024991666667
 2.4931779137e-07  4.0902123196e-13  9.9050224689e-06      0.0000000000  2.4931188609e-07  2.5134340776e-07    0.025008333333    0.025008333333
 2.4913167338e-07  5.5343606263e-12  9.9046926095e-06      0.0000000000  2.4905177061e-07  2.4855558496e-07    0.025025000000    0.025025000000
 2.4876463681e-07 -1.9028852127e-12  9.9043624638e-06      0.0000000000  2.4879210987e-07  2.4753899404e-07    0.025041666667    0.025041666667
 2.4850083593e-07 -2.1581495752e-12  9.9040224729e-06      0.0000000000  2.4853199439e-07  2.4797904667e-07    0.025058333333    0.025058333333
 2.4798455241e-07 -1.9932789516e-11  9.9036926066e-06      0.0000000000  2.4827233365e-07  2.4764090626e-07    0.025075000000    0.025075000000
 2.4787145972e-07 -9.7494486701e-12  9.9033624714e-06      0.0000000000  2.4801221816e-07  2.4769535273e-07    0.025091666667    0.025091666667
 2.4748585916e-07 -1.8441007603e-11  9.9030224629e-06      0.0000000000  2.4775210268e-07  2.4766016613e-07    0.025108333333    0.025108333333
 2.4761290349e-07  8.3436108299e-12  9.9026926141e-06      0.0000000000  2.4749244194e-07  2.5042874479e-07    0.025125000000    0.025125000000
 2.4721673223e-07 -1.0801139479e-12  9.9023624684e-06      0.0000000000  2.4723232646e-07  2.4603689720e-07    0.025141666667    0.025141666667
 2.4715842053e-07  1.2897560771e-11  9.9020224670e-06      0.0000000000  2.4697221097e-07  2.4744590205e-07    0.025158333333    0.025158333333
 2.4696090784e-07  1.7233660806e-11  9.9016926146e-06      0.0000000000  2.4671209549e-07  2.4880467402e-07    0.025175000000    0.025175000000
 2.4680592216e-07  2.4515339004e-11  9.9013624619e-06      0.0000000000  2.4645198000e-07  2.4503022709e-07    0.025191666667    0.025191666667
 2.4660824021e-07  2.8808217974e-11  9.9010224745e-06      0.0000000000  2.4619231927e-07  2.4460945004e-07    0.025208333333    0.025208333333
 2.4641141953e-07  3.3192249398e-11  9.9006926082e-06      0.0000000000  2.4593220378e-07  2.4583404755e-07    0.025225000000    0.025225000000
 2.4610123906e-07  2.9724564132e-11  9.9003624730e-06      0.0000000000  2.4567208830e-07  2.4594556612e-07    0.025241666667    0.025241666667
 2.4579726747e-07  2.6686928910e-11  9.9000224680e-06      0.0000000000  2.4541197281e-07  2.4493966639e-07    0.025258333333    0.025258333333
 2.4535312927e-07  1.3940837136e-11  9.8996926122e-06      0.0000000000  2.4515185733e-07  2.4653859714e-07    0.025275000000    0.025275000000
 2.4492924408e-07  2.5975435118e-12  9.8993624735e-06      0.0000000000  2.4489174184e-07  2.4514353800e-07    0.025291666667    0.025291666667
 2.4454338596e-07 -6.1118555210e-12  9.8990224651e-06      0.0000000000  2.4463162636e-07  2.4303165013e-07    0.025308333333    0.025308333333
 2.4440400505e-07  2.2506662432e-12  9.8986926162e-06      0.0000000000  2.4437151087e-07  2.4388227600e-07    0.025325000000    0.025325000000
 2.4397535619e-07 -9.4225766985e-12  9.8983624635e-06      0.0000000000  2.4411139539e-07  2.4418953773e-07    0.025341666667    0.025341666667
 2.4394099216e-07  6.2138016707e-12  9.8980224761e-06      0.0000000000  2.4385127990e-07  2.4398220721e-07    0.025358333333    0.025358333333
 2.4379551165e-07  1.4153842479e-11  9.8976926098e-06      0.0000000000  2.4359116442e-07  2.4454404510e-07    0.025375000000    0.025375000000
 2.4342111582e-07  6.2383649065e-12  9.8973624711e-06      0.0000000000  2.4333104893e-07  2.4242645001e-07    0.025391666667    0.025391666667
 2.4316844767e-07  6.7856917548e-12  9.8970224731e-06      0.0000000000  2.4307047870e-07  2.4266717479e-07    0.025408333333    0.025408333333
 2.4309545487e-07  1.9746499283e-11  9.8966926103e-06      0.0000000000  2.4281036322e-07  2.4063043971e-07    0.025425000000    0.025425000000
 2.4237484349e-07 -1.2149144680e-11  9.8963624751e-06      0.0000000000  2.4255024773e-07  2.4263211397e-07    0.025441666667    0.025441666667
 2.4246897457e-07  1.2387278326e-11  9.8960224667e-06      0.0000000000  2.4229013225e-07  2.4301768869e-07    0.025458333333    0.025458333333
 2.4165604113e-07 -2.5902931091e-11  9.8956926178e-06      0.0000000000  2.4203001676e-07  2.4174872274e-07    0.025475000000    0.025475000000
 2.4141406284e-07 -2.4615184576e-11  9.8953624686e-06      0.0000000000  2.4176944653e-07  2.4247300387e-07    0.025491666667    0.025491666667
 2.4095198333e-07 -3.8603957752e-11  9.8950224742e-06      0.0000000000  2.4150933105e-07  2.4117109961e-07    0.025508333333    0.025508333333
 2.4072123637e-07 -3.6569785802e-11  9.8946926149e-06      0.0000000000  2.4124921556e-07  2.4116992044e-07    0.025525000000    0.025525000000
 2.4039946387e-07 -4.0808880045e-11  9.8943624692e-06      0.0000000000  2.4098864533e-07  2.3995709897e-07    0.025541666667    0.025541666667
 2.4019875189e-07 -3.6694374779e-11  9.8940224747e-06      0.0000000000  2.4072852985e-07  2.3984808025e-07    0.025558333333    0.025558333333
 2.4007818051e-07 -2.6997537995e-11  9.8936926119e-06      0.0000000000  2.4046795961e-07  2.4143589530e-07    0.025575000000    0.025575000000
 2.3991068997e-07 -2.0581992949e-11  9.8933624767e-06      0.0000000000  2.4020784413e-07  2.3902146239e-07    0.025591666667    0.025591666667
 2.3998788582e-07  2.8129315382e-12  9.8930224683e-06      0.0000000000  2.3994727390e-07  2.4161382504e-07    0.025608333333    0.025608333333
 2.3971793377e-07  2.1316144982e-12  9.8926926194e-06      0.0000000000  2.3968715841e-07  2.4052415668e-07    0.025625000000    0.025625000000
 2.3973973730e-07  2.1689862634e-11  9.8923624737e-06      0.0000000000  2.3942658818e-07  2.4089710636e-07    0.025641666667    0.025641666667
 2.3959979636e-07  3.0013595135e-11  9.8920224723e-06      0.0000000000  2.3916647269e-07  2.3992892453e-07    0.025658333333    0.025658333333
 2.3919361990e-07  1.9928370460e-11  9.8916926165e-06      0.0000000000  2.3890590246e-07  2.3873756406e-07    0.025675000000    0.025675000000
 2.3904573177e-07  2.7701650749e-11  9.8913624708e-06      0.0000000000  2.3864578698e-07  2.3796650896e-07    0.025691666667    0.025691666667
 2.3863650082e-07  1.7404861735e-11  9.8910224763e-06      0.0000000000  2.3838521675e-07  2.3704755379e-07    0.025708333333    0.025708333333
 2.3813660866e-07  8.2854260064e-13  9.8906926100e-06      0.0000000000  2.3812464651e-07  2.3796094325e-07    0.025725000000    0.025725000000
 2.3791789071e-07  3.6958879329e-12  9.8903624783e-06      0.0000000000  2.3786453103e-07  2.3961803094e-07    0.025741666667    0.025741666667
 2.3756222079e-07 -2.8910670999e-12  9.8900224734e-06      0.0000000000  2.3760396080e-07  2.3676830927e-07    0.025758333333    0.025758333333
 2.3720545300e-07 -9.5540646335e-12  9.8896926176e-06      0.0000000000  2.3734339057e-07  2.3733288285e-07    0.025775000000    0.025775000000
 2.3699946127e-07 -5.7737563517e-12  9.8893624753e-06      0.0000000000  2.3708282033e-07  2.3572370114e-07    0.025791666667    0.025791666667
 2.3657677975e-07 -1.7033678969e-11  9.8890224739e-06      0.0000000000  2.3682270485e-07  2.3703261757e-07    0.025808333333    0.025808333333
 2.3605104050e-07 -3.5400263238e-11  9.8886926181e-06      0.0000000000  2.3656213462e-07  2.3625291518e-07    0.025825000000    0.025825000000
 2.3597384953e-07 -2.2698739080e-11  9.8883624689e-06      0.0000000000  2.3630156438e-07  2.3618747879e-07    0.025841666667    0.025841666667
 2.3540496525e-07 -4.4053706649e-11  9.8880224779e-06      0.0000000000  2.3604099415e-07  2.3746660137e-07    0.025858333333    0.025858333333
 2.3555664124e-07 -1.5500013756e-11  9.8876926151e-06      0.0000000000  2.3578042392e-07  2.3596264930e-07    0.025875000000    0.025875000000
 2.3534537043e-07 -1.2085353498e-11  9.8873624764e-06      0.0000000000  2.3551985369e-07  2.3429955568e-07    0.025891666667    0.025891666667
 2.3509733770e-07 -1.1216960369e-11  9.8870224750e-06      0.0000000000  2.3525928346e-07  2.3530987338e-07    0.025908333333    0.025908333333
 2.3528495161e-07  1.9825926138e-11  9.8866926192e-06      0.0000000000  2.3499871322e-07  2.3414986326e-07    0.025925000000    0.025925000000
 2.3486959221e-07  9.1046574850e-12  9.8863624769e-06      0.0000000000  2.3473814299e-07  2.3491021144e-07    0.025941666667    0.025941666667
 2.3468954056e-07  1.4681671103e-11  9.8860224720e-06      0.0000000000  2.3447757276e-07  2.3413884190e-07    0.025958333333    0.025958333333
 2.3447454544e-07  1.7838371659e-11  9.8856926197e-06      0.0000000000  2.3421700253e-07  2.3634812968e-07    0.025975000000    0.025975000000
 2.3414763896e-07  1.3243678328e-11  9.8853624740e-06      0.0000000000  2.3395643230e-07  2.3315849098e-07    0.025991666667    0.025991666667
 2.3401368073e-07  2.2013292572e-11  9.8850224795e-06      0.0000000000  2.3369586206e-07  2.3524926375e-07    0.026008333333    0.026008333333
 2.3363486417e-07  1.3823115860e-11  9.8846926167e-06      0.0000000000  2.3343529183e-07  2.3413962801e-07    0.026025000000    0.026025000000
 2.3359847152e-07  2.9350482241e-11  9.8843624780e-06      0.0000000000  2.3317472160e-07  2.3183723252e-07    0.026041666667    0.026041666667
 2.3305894304e-07  1.0028804902e-11  9.8840224766e-06      0.0000000000  2.3291415137e-07  2.3190219724e-07    0.026058333333    0.026058333333
 2.3305409992e-07  2.7772905023e-11  9.8836926173e-06      0.0000000000  2.3265312639e-07  2.3228866813e-07    0.026075000000    0.026075000000
 2.3252534172e-07  9.1972177571e-12  9.8833624785e-06      0.0000000000  2.3239255616e-07  2.3444547473e-07    0.026091666667    0.026091666667
 2.3220134490e-07  4.8040583353e-12  9.8830224771e-06      0.0000000000  2.3213198592e-07  2.3053084739e-07    0.026108333333    0.026108333333
 2.3190333651e-07  2.2109538952e-12  9.8826926213e-06      0.0000000000  2.3187141569e-07  2.3277972404e-07    0.026125000000    0.026125000000
 2.3138397300e-07 -1.5682525822e-11  9.8823624756e-06      0.0000000000  2.3161039071e-07  2.3148393577e-07    0.026141666667    0.026141666667
 2.3161489919e-07  1.8360328946e-11  9.8820224812e-06      0.0000000000  2.3134982048e-07  2.2900648772e-07    0.026158333333    0.026158333333
 2.3087824739e-07 -1.4614835845e-11  9.8816926183e-06      0.0000000000  2.3108925025e-07  2.3118909469e-07    0.026175000000    0.026175000000
 2.3070559827e-07 -8.4935978581e-12  9.8813624761e-06      0.0000000000  2.3082822527e-07  2.3126003390e-07    0.026191666667    0.026191666667
 2.3057782007e-07  7.0406774734e-13  9.8810224782e-06      0.0000000000  2.3056765504e-07  2.3110093952e-07    0.026208333333    0.026208333333
 2.2995475583e-07 -2.4372106405e-11  9.8806926189e-06      0.0000000000  2.3030663006e-07  2.3110975975e-07    0.026225000000    0.026225000000
 2.2993400669e-07 -7.7612130400e-12  9.8803624802e-06      0.0000000000  2.3004605983e-07  2.3149459552e-07    0.026241666667    0.026241666667
 2.2970663429e-07 -5.4303115593e-12  9.8800224752e-06      0.0000000000  2.2978503485e-07  2.3075652589e-07    0.026258333333    0.026258333333
 2.2956523732e-07  2.8240680142e-12  9.8796926264e-06      0.0000000000  2.2952446461e-07  2.2775594835e-07    0.026275000000    0.026275000000
 2.2919981335e-07 -4.4069909674e-12  9.8793624772e-06      0.0000000000  2.2926343963e-07  2.3072060034e-07    0.026291666667    0.026291666667
 2.2876817962e-07 -1.6255480044e-11  9.8790224793e-06      0.0000000000  2.2900286940e-07  2.2989028773e-07    0.026308333333    0.026308333333
 2.2845788719e-07 -1.9667924851e-11  9.8786926199e-06      0.0000000000  2.2874184442e-07  2.2916534626e-07    0.026325000000    0.026325000000
 2.2843568964e-07 -3.1573542885e-12  9.8783624777e-06      0.0000000000  2.2848127419e-07  2.2821488352e-07    0.026341666667    0.026341666667
 2.2795287217e-07 -1.8519519990e-11  9.8780224798e-06      0.0000000000  2.2822024921e-07  2.2920251388e-07    0.026358333333    0.026358333333
 2.2776531324e-07 -1.3430990610e-11  9.8776926170e-06      0.0000000000  2.2795922423e-07  2.2698396563e-07    0.026375000000    0.026375000000
 2.2758845152e-07 -7.6330299448e-12  9.8773624852e-06      0.0000000000  2.2769865400e-07  2.2573397655e-07    0.026391666667    0.026391666667
 2.2732631601e-07 -7.7099497556e-12  9.8770224768e-06      0.0000000000  2.2743762902e-07  2.2622949760e-07    0.026408333333    0.026408333333
 2.2727958017e-07  7.1325062240e-12  9.8766926245e-06      0.0000000000  2.2717660404e-07  2.2575270186e-07    0.026425000000    0.026425000000
 2.2699259871e-07  5.3346644890e-12  9.8763624788e-06      0.0000000000  2.2691557906e-07  2.2574537525e-07    0.026441666667    0.026441666667
 2.2678814423e-07  9.2529462329e-12  9.8760224809e-06      0.0000000000  2.2665455408e-07  2.2753946742e-07    0.026458333333    0.026458333333
 2.2673447610e-07  2.3583748980e-11  9.8756926215e-06      0.0000000000  2.2639398385e-07  2.2640991148e-07    0.026475000000    0.026475000000
 2.2628158086e-07  1.0294106925e-11  9.8753624793e-06      0.0000000000  2.2613295887e-07  2.2693054111e-07    0.026491666667    0.026491666667
 2.2611806979e-07  1.7048279827e-11  9.8750224849e-06      0.0000000000  2.2587193389e-07  2.2671972023e-07    0.026508333333    0.026508333333
 2.2581545444e-07  1.4167577336e-11  9.8746926186e-06      0.0000000000  2.2561090891e-07  2.2497603388e-07    0.026525000000    0.026525000000
 2.2555955052e-07  1.4522280608e-11  9.8743624834e-06      0.0000000000  2.2534988393e-07  2.2436606990e-07    0.026541666667    0.026541666667
 2.2508291334e-07 -4.1181522592e-13  9.8740224784e-06      0.0000000000  2.2508885895e-07  2.2502842073e-07    0.026558333333    0.026558333333
 2.2502119394e-07  1.3392824400e-11  9.8736926261e-06      0.0000000000  2.2482783397e-07  2.2576576712e-07    0.026575000000    0.026575000000
 2.2466936950e-07  7.1037189943e-12  9.8733624804e-06      0.0000000000  2.2456680899e-07  2.2600969926e-07    0.026591666667    0.026591666667
 2.2435521810e-07  3.4239872962e-12  9.8730224825e-06      0.0000000000  2.2430578402e-07  2.2450387623e-07    0.026608333333    0.026608333333
 2.2416072248e-07  8.0320553945e-12  9.8726926266e-06      0.0000000000  2.2404475904e-07  2.2371021240e-07    0.026625000000    0.026625000000
 2.2381729918e-07  2.3248444528e-12  9.8723624774e-06      0.0000000000  2.2378373406e-07  2.2238573086e-07    0.026641666667    0.026641666667
 2.2330409619e-07 -1.5141934866e-11  9.8720224865e-06      0.0000000000  2.2352270908e-07  2.2318785331e-07    0.026658333333    0.026658333333
 2.2305620065e-07 -1.4232541433e-11  9.8716926202e-06      0.0000000000  2.2326168410e-07  2.2210463111e-07    0.026675000000    0.026675000000
 2.2250229485e-07 -3.4487049657e-11  9.8713624815e-06      0.0000000000  2.2300020437e-07  2.2324489396e-07    0.026691666667    0.026691666667
 2.2209981931e-07 -4.4284436627e-11  9.8710224800e-06      0.0000000000  2.2273917939e-07  2.2223191919e-07    0.026708333333    0.026708333333
 2.2197475345e-07 -3.4867406730e-11  9.8706926242e-06      0.0000000000  2.2247815441e-07  2.2161176713e-07    0.026725000000    0.026725000000
 2.2194584029e-07 -1.8790486157e-11  9.8703624855e-06      0.0000000000  2.2221712943e-07  2.2234872047e-07    0.026741666667    0.026741666667
 2.2149784618e-07 -3.1709160085e-11  9.8700224806e-06      0.0000000000  2.2195564971e-07  2.2184365595e-07    0.026758333333    0.026758333333
 2.2129358168e-07 -2.7777720342e-11  9.8696926282e-06      0.0000000000  2.2169462473e-07  2.2217096367e-07    0.026775000000    0.026775000000
 2.2113554579e-07 -2.0644315770e-11  9.8693624790e-06      0.0000000000  2.2143359975e-07  2.1995628312e-07    0.026791666667    0.026791666667
 2.2099836048e-07 -1.2035226342e-11  9.8690224846e-06      0.0000000000  2.2117212002e-07  2.2188220713e-07    0.026808333333    0.026808333333
 2.2085782826e-07 -3.6894537332e-12  9.8686926218e-06      0.0000000000  2.2091109504e-07  2.2360014028e-07    0.026825000000    0.026825000000
 2.2077202253e-07  8.4468774578e-12  9.8683624866e-06      0.0000000000  2.2065007006e-07  2.2104499242e-07    0.026841666667    0.026841666667
 2.2058307863e-07  1.3470976593e-11  9.8680224816e-06      0.0000000000  2.2038859033e-07  2.2148246659e-07    0.026858333333    0.026858333333
 2.2030634244e-07  1.2382759995e-11  9.8676926223e-06      0.0000000000  2.2012756536e-07  2.2071455595e-07    0.026875000000    0.026875000000
 2.2024967888e-07  2.6569082913e-11  9.8673624871e-06      0.0000000000  2.1986608563e-07  2.1906111585e-07    0.026891666667    0.026891666667
 2.2005887229e-07  3.1432667879e-11  9.8670224787e-06      0.0000000000  2.1960506065e-07  2.1870086983e-07    0.026908333333    0.026908333333
 2.1972868342e-07  2.6673618922e-11  9.8666926298e-06      0.0000000000  2.1934358092e-07  2.1835379913e-07    0.026925000000    0.026925000000
 2.1941054373e-07  2.2717643270e-11  9.8663624806e-06      0.0000000000  2.1908255594e-07  2.1879130474e-07    0.026941666667    0.026941666667
 2.1916649367e-07  2.3924886330e-11  9.8660224862e-06      0.0000000000  2.1882107622e-07  2.1820968814e-07    0.026958333333    0.026958333333
 2.1892338998e-07  2.5197678804e-11  9.8656926234e-06      0.0000000000  2.1855959649e-07  2.1889719471e-07    0.026975000000    0.026975000000
 2.1842443364e-07  8.7176753877e-12  9.8653624847e-06      0.0000000000  2.1829857151e-07  2.1776256045e-07    0.026991666667    0.026991666667
 2.1832329875e-07  1.9823749595e-11  9.8650224867e-06      0.0000000000  2.1803709178e-07  2.1841973863e-07    0.027008333333    0.027008333333
 2.1792438841e-07  1.0304799114e-11  9.8646926204e-06      0.0000000000  2.1777561206e-07  2.1815500583e-07    0.027025000000    0.027025000000
 2.1761368426e-07  6.8638360569e-12  9.8643624887e-06      0.0000000000  2.1751458708e-07  2.1775029702e-07    0.027041666667    0.027041666667
 2.1729109524e-07  2.6311810868e-12  9.8640224803e-06      0.0000000000  2.1725310735e-07  2.1712295985e-07    0.027058333333    0.027058333333
 2.1693769880e-07 -3.7353089924e-12  9.8636926314e-06      0.0000000000  2.1699162762e-07  2.1705348282e-07    0.027075000000    0.027075000000
 2.1672394102e-07 -4.2991102242e-13  9.8633624823e-06      0.0000000000  2.1673014790e-07  2.1787855989e-07    0.027091666667    0.027091666667
 2.1655662748e-07  6.0923863823e-12  9.8630224878e-06      0.0000000000  2.1646866817e-07  2.1681010097e-07    0.027108333333    0.027108333333
 2.1630340478e-07  6.6328006527e-12  9.8626926285e-06      0.0000000000  2.1620764319e-07  2.1672298347e-07    0.027125000000    0.027125000000
 2.1587997366e-07 -4.5845495513e-12  9.8623624828e-06      0.0000000000  2.1594616346e-07  2.1622666058e-07    0.027141666667    0.027141666667
 2.1584965283e-07  1.1426367739e-11  9.8620224883e-06      0.0000000000  2.1568468374e-07  2.1476204580e-07    0.027158333333    0.027158333333
 2.1536441371e-07 -4.0720327584e-12  9.8616926220e-06      0.0000000000  2.1542320401e-07  2.1563822048e-07    0.027175000000    0.027175000000
 2.1503194627e-07 -8.9889036783e-12  9.8613624903e-06      0.0000000000  2.1516172428e-07  2.1476566194e-07    0.027191666667    0.027191666667
 2.1484222967e-07 -4.0183248432e-12  9.8610224819e-06      0.0000000000  2.1490024456e-07  2.1400644576e-07    0.027208333333    0.027208333333
 2.1438821318e-07 -1.7354131398e-11  9.8606926296e-06      0.0000000000  2.1463876483e-07  2.1451237501e-07    0.027225000000    0.027225000000
 2.1377706105e-07 -4.1573731381e-11  9.8603624873e-06      0.0000000000  2.1437728510e-07  2.1351081465e-07    0.027241666667    0.027241666667
 2.1402149779e-07 -6.5320910330e-12  9.8600224859e-06      0.0000000000  2.1411580538e-07  2.1388695596e-07    0.027258333333    0.027258333333
 2.1325414598e-07 -4.1570656779e-11  9.8596926301e-06      0.0000000000  2.1385432565e-07  2.1379166285e-07    0.027275000000    0.027275000000
 2.1344945112e-07 -9.9320525098e-12  9.8593624844e-06      0.0000000000  2.1359284592e-07  2.1416454964e-07    0.027291666667    0.027291666667
 2.1318171043e-07 -1.0365710012e-11  9.8590224899e-06      0.0000000000  2.1333136620e-07  2.1305928471e-07    0.027308333333    0.027308333333
 2.1274917533e-07 -2.2182138269e-11  9.8586926236e-06      0.0000000000  2.1306943172e-07  2.1330909700e-07    0.027325000000    0.027325000000
 2.1277143709e-07 -2.5291571708e-12  9.8583624919e-06      0.0000000000  2.1280795200e-07  2.1357156578e-07    0.027341666667    0.027341666667
 2.1230438776e-07 -1.6767665381e-11  9.8580224870e-06      0.0000000000  2.1254647227e-07  2.1314453125e-07    0.027358333333    0.027358333333
 2.1246135003e-07  1.2215169818e-11  9.8576926277e-06      0.0000000000  2.1228499254e-07  2.1273854893e-07    0.027375000000    0.027375000000
 2.1209754307e-07  5.1591057422e-12  9.8573624889e-06      0.0000000000  2.1202305807e-07  2.1246614363e-07    0.027391666667    0.027391666667
 2.1210095534e-07  2.3506502430e-11  9.8570224875e-06      0.0000000000  2.1176157834e-07  2.1162796986e-07    0.027408333333    0.027408333333
 2.1167375155e-07  1.2027842878e-11  9.8566926317e-06      0.0000000000  2.1150009861e-07  2.1182748638e-07    0.027425000000    0.027425000000
 2.1169345419e-07  3.1503570370e-11  9.8563624825e-06      0.0000000000  2.1123861889e-07  2.1214647697e-07    0.027441666667    0.027441666667
 2.1126946826e-07  2.0279289082e-11  9.8560224916e-06      0.0000000000  2.1097668441e-07  2.1076682574e-07    0.027458333333    0.027458333333
 2.1131351481e-07  4.1441165107e-11  9.8556926287e-06      0.0000000000  2.1071520469e-07  2.1065851452e-07    0.027475000000    0.027475000000
 2.1077318809e-07  2.2158692031e-11  9.8553624900e-06      0.0000000000  2.1045327021e-07  2.1128179533e-07    0.027491666667    0.027491666667
 2.1059274180e-07  2.7771366414e-11  9.8550224886e-06      0.0000000000  2.1019179049e-07  2.1030649128e-07    0.027508333333    0.027508333333
 2.1004146471e-07  7.7304300012e-12  9.8546926293e-06      0.0000000000  2.0992985601e-07  2.0989873234e-07    0.027525000000    0.027525000000
 2.0961312485e-07 -3.8269184564e-12  9.8543624906e-06      0.0000000000  2.0966837629e-07  2.0958777586e-07    0.027541666667    0.027541666667
 2.0922106958e-07 -1.2839564034e-11  9.8540224856e-06      0.0000000000  2.0940644181e-07  2.0987321498e-07    0.027558333333    0.027558333333
 2.0890475384e-07 -1.6637708934e-11  9.8536926333e-06      0.0000000000  2.0914496208e-07  2.0954010572e-07    0.027575000000    0.027575000000
 2.0863363256e-07 -1.7274020443e-11  9.8533624876e-06      0.0000000000  2.0888302761e-07  2.0795607975e-07    0.027591666667    0.027591666667
 2.0840039768e-07 -1.5317678247e-11  9.8530224932e-06      0.0000000000  2.0862154788e-07  2.0863530065e-07    0.027608333333    0.027608333333
 2.0841328185e-07  3.7172743182e-12  9.8526926303e-06      0.0000000000  2.0835961341e-07  2.0752080671e-07    0.027625000000    0.027625000000
 2.0799301703e-07 -7.2492693434e-12  9.8523624916e-06      0.0000000000  2.0809767894e-07  2.0833555420e-07    0.027641666667    0.027641666667
 2.0781231317e-07 -1.6544350605e-12  9.8520224902e-06      0.0000000000  2.0783619921e-07  2.0717317001e-07    0.027658333333    0.027658333333
 2.0767557072e-07  7.0168259118e-12  9.8516926274e-06      0.0000000000  2.0757426473e-07  2.0689167720e-07    0.027675000000    0.027675000000
 2.0747960876e-07  1.1586325894e-11  9.8513624956e-06      0.0000000000  2.0731233026e-07  2.0823016734e-07    0.027691666667    0.027691666667
 2.0695745328e-07 -6.4690383900e-12  9.8510224872e-06      0.0000000000  2.0705085053e-07  2.0569611886e-07    0.027708333333    0.027708333333
 2.0679586167e-07  4.8107858204e-13  9.8506926349e-06      0.0000000000  2.0678891606e-07  2.0632315731e-07    0.027725000000    0.027725000000
 2.0619600311e-07 -2.2924789381e-11  9.8503624892e-06      0.0000000000  2.0652698159e-07  2.0740781024e-07    0.027741666667    0.027741666667
 2.0597415853e-07 -2.0148015875e-11  9.8500224948e-06      0.0000000000  2.0626504711e-07  2.0696143723e-07    0.027758333333    0.027758333333
 2.0564045708e-07 -2.5118860964e-11  9.8496926319e-06      0.0000000000  2.0600311264e-07  2.0599067694e-07    0.027775000000    0.027775000000
 2.0545321823e-07 -1.9945166393e-11  9.8493624897e-06      0.0000000000  2.0574117816e-07  2.0617931360e-07    0.027791666667    0.027791666667
 2.0526896947e-07 -1.4564367508e-11  9.8490224918e-06      0.0000000000  2.0547924369e-07  2.0691654994e-07    0.027808333333    0.027808333333
 2.0504939504e-07 -1.1661852294e-11  9.8486926290e-06      0.0000000000  2.0521776396e-07  2.0552855014e-07    0.027825000000    0.027825000000
 2.0490118414e-07 -3.7849384276e-12  9.8483624973e-06      0.0000000000  2.0495582949e-07  2.0579100319e-07    0.027841666667    0.027841666667
 2.0467032708e-07 -1.6324018627e-12  9.8480224888e-06      0.0000000000  2.0469389501e-07  2.0371548110e-07    0.027858333333    0.027858333333
 2.0443817898e-07  4.3071212650e-13  9.8476926365e-06      0.0000000000  2.0443196054e-07  2.0422994757e-07    0.027875000000    0.027875000000
 2.0404844450e-07 -8.4211874878e-12  9.8473624908e-06      0.0000000000  2.0417002607e-07  2.0346431668e-07    0.027891666667    0.027891666667
 2.0407225981e-07  1.1370895959e-11  9.8470224929e-06      0.0000000000  2.0390809159e-07  2.0342466493e-07    0.027908333333    0.027908333333
 2.0391323893e-07  1.8530568869e-11  9.8466926335e-06      0.0000000000  2.0364570237e-07  2.0405814954e-07    0.027925000000    0.027925000000
 2.0346820538e-07  5.8484516117e-12  9.8463624913e-06      0.0000000000  2.0338376790e-07  2.0292563780e-07    0.027941666667    0.027941666667
 2.0335708799e-07  1.6294598960e-11  9.8460224969e-06      0.0000000000  2.0312183342e-07  2.0348354511e-07    0.027958333333    0.027958333333
 2.0321802796e-07  2.4805336045e-11  9.8456926306e-06      0.0000000000  2.0285989895e-07  2.0247002005e-07    0.027975000000    0.027975000000
 2.0295202465e-07  2.4523513245e-11  9.8453624989e-06      0.0000000000  2.0259796447e-07  2.0208909914e-07    0.027991666667    0.027991666667
 2.0255481937e-07  1.5154158200e-11  9.8450224904e-06      0.0000000000  2.0233603000e-07  2.0210225874e-07    0.028008333333    0.028008333333
 2.0218446727e-07  7.6762511722e-12  9.8446926346e-06      0.0000000000  2.0207364078e-07  2.0170732923e-07    0.028025000000    0.028025000000
 2.0188510090e-07  5.0835802374e-12  9.8443624959e-06      0.0000000000  2.0181170630e-07  2.0162422093e-07    0.028041666667    0.028041666667
 2.0175647317e-07  1.4316896890e-11  9.8440224945e-06      0.0000000000  2.0154977183e-07  2.0097833140e-07    0.028058333333    0.028058333333
 2.0122286312e-07 -4.4688575606e-12  9.8436926351e-06      0.0000000000  2.0128738261e-07  2.0090814686e-07    0.028075000000    0.028075000000
 2.0131619183e-07  2.0137980165e-11  9.8433624894e-06      0.0000000000  2.0102544813e-07  2.0090800536e-07    0.028091666667    0.028091666667
 2.0087598313e-07  7.7900501749e-12  9.8430225020e-06      0.0000000000  2.0076351366e-07  2.0060583767e-07    0.028108333333    0.028108333333
 2.0076851163e-07  1.8520222924e-11  9.8426926322e-06      0.0000000000  2.0050112444e-07  2.0053364067e-07    0.028125000000    0.028125000000
 2.0038883593e-07  1.0365031031e-11  9.8423624970e-06      0.0000000000  2.0023918996e-07  2.0042911854e-07    0.028141666667    0.028141666667
 1.9986062064e-07 -8.0470621563e-12  9.8420224955e-06      0.0000000000  1.9997680074e-07  1.9983344617e-07    0.028158333333    0.028158333333
 1.9987092967e-07  1.0809526422e-11  9.8416926362e-06      0.0000000000  1.9971486627e-07  1.9910619352e-07    0.028175000000    0.028175000000
 1.9946405517e-07  7.7044588265e-13  9.8413624975e-06      0.0000000000  1.9945293179e-07  1.9929920099e-07    0.028191666667    0.028191666667
 1.9951162082e-07  2.2239063362e-11  9.8410224926e-06      0.0000000000  1.9919054257e-07  1.9989492053e-07    0.028208333333    0.028208333333
 1.9926755900e-07  2.3508486755e-11  9.8406926402e-06      0.0000000000  1.9892815335e-07  1.9837131553e-07    0.028225000000    0.028225000000
 1.9872937299e-07  4.3742863770e-12  9.8403624910e-06      0.0000000000  1.9866621888e-07  1.9863909846e-07    0.028241666667    0.028241666667
 1.9858072002e-07  1.2252078829e-11  9.8400225001e-06      0.0000000000  1.9840382966e-07  1.9813136114e-07    0.028258333333    0.028258333333
 1.9821265758e-07  4.9012644716e-12  9.8396926338e-06      0.0000000000  1.9814189518e-07  1.9769357253e-07    0.028275000000    0.028275000000
 1.9786259082e-07 -1.1716051404e-12  9.8393624986e-06      0.0000000000  1.9787950596e-07  1.9867703647e-07    0.028291666667    0.028291666667
 1.9805075432e-07  3.0035338105e-11  9.8390224971e-06      0.0000000000  1.9761711674e-07  1.9786158147e-07    0.028308333333    0.028308333333
 1.9753514157e-07  1.2464644827e-11  9.8386926343e-06      0.0000000000  1.9735518227e-07  1.9748542444e-07    0.028325000000    0.028325000000
 1.9732644483e-07  1.6183584268e-11  9.8383625026e-06      0.0000000000  1.9709279304e-07  1.9792297722e-07    0.028341666667    0.028341666667
 1.9720611765e-07  2.6023325057e-11  9.8380224907e-06      0.0000000000  1.9683040382e-07  1.9682104543e-07    0.028358333333    0.028358333333
 1.9639807145e-07 -1.1770889339e-11  9.8376926418e-06      0.0000000000  1.9656801460e-07  1.9731359496e-07    0.028375000000    0.028375000000
 1.9624335856e-07 -4.3443269591e-12  9.8373624961e-06      0.0000000000  1.9630608013e-07  1.9577539963e-07    0.028391666667    0.028391666667
 1.9581788774e-07 -1.5639959858e-11  9.8370225017e-06      0.0000000000  1.9604369091e-07  1.9540455674e-07    0.028408333333    0.028408333333
 1.9546391952e-07 -2.1983058868e-11  9.8366926354e-06      0.0000000000  1.9578130168e-07  1.9526138910e-07    0.028425000000    0.028425000000
 1.9507278057e-07 -3.0900739689e-11  9.8363624967e-06      0.0000000000  1.9551891246e-07  1.9585614957e-07    0.028441666667    0.028441666667
 1.9472636385e-07 -3.6720794358e-11  9.8360225022e-06      0.0000000000  1.9525652324e-07  1.9480794103e-07    0.028458333333    0.028458333333
 1.9430824467e-07 -4.7507225649e-11  9.8356926324e-06      0.0000000000  1.9499413402e-07  1.9474965831e-07    0.028475000000    0.028475000000
 1.9427970516e-07 -3.1309932061e-11  9.8353625042e-06      0.0000000000  1.9473174480e-07  1.9603110780e-07    0.028491666667    0.028491666667
 1.9384238889e-07 -4.3426024495e-11  9.8350224958e-06      0.0000000000  1.9446935558e-07  1.9394575923e-07    0.028508333333    0.028508333333
 1.9365517128e-07 -3.8219361366e-11  9.8346926435e-06      0.0000000000  1.9420696635e-07  1.9321476466e-07    0.028525000000    0.028525000000
 1.9350259468e-07 -3.0613334336e-11  9.8343624977e-06      0.0000000000  1.9394457713e-07  1.9484745127e-07    0.028541666667    0.028541666667
 1.9333874895e-07 -2.3787848693e-11  9.8340224998e-06      0.0000000000  1.9368218791e-07  1.9395108911e-07    0.028558333333    0.028558333333
 1.9333753034e-07 -5.6982090668e-12  9.8336926405e-06      0.0000000000  1.9341979869e-07  1.9320265846e-07    0.028575000000    0.028575000000
 1.9302470512e-07 -9.1915926910e-12  9.8333624948e-06      0.0000000000  1.9315740947e-07  1.9246161731e-07    0.028591666667    0.028591666667
 1.9276893011e-07 -8.7334682003e-12  9.8330225038e-06      0.0000000000  1.9289502025e-07  1.9394061803e-07    0.028608333333    0.028608333333
 1.9279252859e-07  1.1075094667e-11  9.8326926340e-06      0.0000000000  1.9263263103e-07  1.9186460854e-07    0.028625000000    0.028625000000
 1.9258060891e-07  1.4602298835e-11  9.8323625058e-06      0.0000000000  1.9236978706e-07  1.9286318165e-07    0.028641666667    0.028641666667
 1.9234388911e-07  1.6380257608e-11  9.8320224974e-06      0.0000000000  1.9210739784e-07  1.9268042514e-07    0.028658333333    0.028658333333
 1.9200466318e-07  1.1058263739e-11  9.8316926416e-06      0.0000000000  1.9184500861e-07  1.9162742128e-07    0.028675000000    0.028675000000
 1.9185757459e-07  1.9044410740e-11  9.8313625028e-06      0.0000000000  1.9158261939e-07  1.9141504389e-07    0.028691666667    0.028691666667
 1.9153722606e-07  1.5061432497e-11  9.8310224979e-06      0.0000000000  1.9131977542e-07  1.9066109470e-07    0.028708333333    0.028708333333
 1.9111118853e-07  3.7265476767e-12  9.8306926421e-06      0.0000000000  1.9105738620e-07  1.9103555372e-07    0.028725000000    0.028725000000
 1.9082791200e-07  2.2798158516e-12  9.8303624964e-06      0.0000000000  1.9079499698e-07  1.9085957354e-07    0.028741666667    0.028741666667
 1.9035563557e-07 -1.2226248985e-11  9.8300225054e-06      0.0000000000  1.9053215301e-07  1.9076737773e-07    0.028758333333    0.028758333333
 1.9005765844e-07 -1.4691198964e-11  9.8296926356e-06      0.0000000000  1.9026976379e-07  1.9013173916e-07    0.028775000000    0.028775000000
 1.8996408278e-07 -2.9985491207e-12  9.8293625039e-06      0.0000000000  1.9000737457e-07  1.8968465864e-07    0.028791666667    0.028791666667
 1.8942176472e-07 -2.2355955247e-11  9.8290225025e-06      0.0000000000  1.8974453060e-07  1.8995011467e-07    0.028808333333    0.028808333333
 1.8967006845e-07  1.3016521794e-11  9.8286926397e-06      0.0000000000  1.8948214138e-07  1.9032127199e-07    0.028825000000    0.028825000000
 1.8908512050e-07 -9.2935874321e-12  9.8283625044e-06      0.0000000000  1.8921929741e-07  1.8939038357e-07    0.028841666667    0.028841666667
 1.8903122953e-07  5.1477702596e-12  9.8280224995e-06      0.0000000000  1.8895690819e-07  1.8951686981e-07    0.028858333333    0.028858333333
 1.8881717877e-07  8.5273679574e-12  9.8276926437e-06      0.0000000000  1.8869406422e-07  1.8926425894e-07    0.028875000000    0.028875000000
 1.8847261606e-07  2.8357286971e-12  9.8273624980e-06      0.0000000000  1.8843167500e-07  1.8955111307e-07    0.028891666667    0.028891666667
 1.8831887305e-07  1.0392463658e-11  9.8270225070e-06      0.0000000000  1.8816883103e-07  1.8767048512e-07    0.028908333333    0.028908333333
 1.8777413775e-07 -9.1323692157e-12  9.8266926407e-06      0.0000000000  1.8790598706e-07  1.8794587767e-07    0.028925000000    0.028925000000
 1.8747442925e-07 -1.1717240198e-11  9.8263625020e-06      0.0000000000  1.8764359784e-07  1.8891572606e-07    0.028941666667    0.028941666667
 1.8710103456e-07 -1.9374390727e-11  9.8260225041e-06      0.0000000000  1.8738075387e-07  1.8799570177e-07    0.028958333333    0.028958333333
 1.8703068770e-07 -6.0413312037e-12  9.8256926448e-06      0.0000000000  1.8711790990e-07  1.8708589700e-07    0.028975000000    0.028975000000
 1.8674378999e-07 -7.7388792889e-12  9.8253625619e-06      0.0000000000  1.8685552068e-07  1.8682339678e-07    0.028991666667    0.028991666667
 1.8664463828e-07  3.5990500523e-12  9.8250225570e-06      0.0000000000  1.8659267671e-07  1.8600701416e-07    0.029008333333    0.029008333333
 1.8645851066e-07  8.9127070511e-12  9.8246927012e-06      0.0000000000  1.8632983274e-07  1.8499069053e-07    0.029025000000    0.029025000000
 1.8621998748e-07  1.0597254671e-11  9.8243625590e-06      0.0000000000  1.8606698877e-07  1.8556060971e-07    0.029041666667    0.029041666667
 1.8607113720e-07  1.8492877505e-11  9.8240225610e-06      0.0000000000  1.8580414481e-07  1.8528282737e-07    0.029058333333    0.029058333333
 1.8572627817e-07  1.2780714728e-11  9.8236926982e-06      0.0000000000  1.8554175558e-07  1.8628757936e-07    0.029075000000    0.029075000000
 1.8558926024e-07  2.1495890287e-11  9.8233625560e-06      0.0000000000  1.8527891161e-07  1.8511327763e-07    0.029091666667    0.029091666667
 1.8511028865e-07  6.5260938889e-12  9.8230225616e-06      0.0000000000  1.8501606765e-07  1.8473796960e-07    0.029108333333    0.029108333333
 1.8518866692e-07  3.0160404656e-11  9.8226926953e-06      0.0000000000  1.8475322368e-07  1.8492149650e-07    0.029125000000    0.029125000000
 1.8458598340e-07  6.6218639003e-12  9.8223625635e-06      0.0000000000  1.8449037971e-07  1.8495059856e-07    0.029141666667    0.029141666667
 1.8450331175e-07  1.9101263537e-11  9.8220225586e-06      0.0000000000  1.8422753574e-07  1.8354093337e-07    0.029158333333    0.029158333333
 1.8444968676e-07  3.3592541584e-11  9.8216927028e-06      0.0000000000  1.8396469177e-07  1.8471988891e-07    0.029175000000    0.029175000000
 1.8395325613e-07  1.7413467705e-11  9.8213625606e-06      0.0000000000  1.8370184780e-07  1.8452356402e-07    0.029191666667    0.029191666667
 1.8370578140e-07  1.8477997826e-11  9.8210225591e-06      0.0000000000  1.8343900383e-07  1.8440839787e-07    0.029208333333    0.029208333333
 1.8320646354e-07  2.0989445697e-12  9.8206926998e-06      0.0000000000  1.8317615986e-07  1.8357780226e-07    0.029225000000    0.029225000000
 1.8288302820e-07 -2.0978372774e-12  9.8203625611e-06      0.0000000000  1.8291331590e-07  1.8242662809e-07    0.029241666667    0.029241666667
 1.8281374688e-07  1.1309025481e-11  9.8200225632e-06      0.0000000000  1.8265047193e-07  1.8192484955e-07    0.029258333333    0.029258333333
 1.8226693528e-07 -8.3596200649e-12  9.8196926969e-06      0.0000000000  1.8238762796e-07  1.8213329636e-07    0.029275000000    0.029275000000
 1.8228847188e-07  1.1369124082e-11  9.8193625651e-06      0.0000000000  1.8212432924e-07  1.8152946409e-07    0.029291666667    0.029291666667
 1.8160298108e-07 -1.7904953291e-11  9.8190225602e-06      0.0000000000  1.8186148527e-07  1.8206372499e-07    0.029308333333    0.029308333333
 1.8159973039e-07  7.5433764943e-14  9.8186927009e-06      0.0000000000  1.8159864130e-07  1.8153853588e-07    0.029325000000    0.029325000000
 1.8109901889e-07 -1.6400148497e-11  9.8183625622e-06      0.0000000000  1.8133579734e-07  1.8208212013e-07    0.029341666667    0.029341666667
 1.8086550959e-07 -1.4336823078e-11  9.8180225608e-06      0.0000000000  1.8107249862e-07  1.8055906541e-07    0.029358333333    0.029358333333
 1.8060913141e-07 -1.3888979317e-11  9.8176927014e-06      0.0000000000  1.8080965465e-07  1.8040864977e-07    0.029375000000    0.029375000000
 1.8049982741e-07 -3.2542349118e-12  9.8173625592e-06      0.0000000000  1.8054681068e-07  1.8001859418e-07    0.029391666667    0.029391666667
 1.8035541495e-07  4.9802660789e-12  9.8170225648e-06      0.0000000000  1.8028351197e-07  1.8006084011e-07    0.029408333333    0.029408333333
 1.8009459479e-07  5.1204421412e-12  9.8166926985e-06      0.0000000000  1.8002066800e-07  1.8002027647e-07    0.029425000000    0.029425000000
 1.8014809826e-07  2.7031832301e-11  9.8163625632e-06      0.0000000000  1.7975782403e-07  1.8072619391e-07    0.029441666667    0.029441666667
 1.7941605942e-07 -5.4348369095e-12  9.8160225618e-06      0.0000000000  1.7949452531e-07  1.7979800972e-07    0.029458333333    0.029458333333
 1.7931740307e-07  5.9374031634e-12  9.8156927025e-06      0.0000000000  1.7923168134e-07  1.7927131126e-07    0.029475000000    0.029475000000
 1.7905507263e-07  6.0044695134e-12  9.8153625638e-06      0.0000000000  1.7896838263e-07  1.7875838558e-07    0.029491666667    0.029491666667
 1.7866957519e-07 -2.4909621447e-12  9.8150225624e-06      0.0000000000  1.7870553866e-07  1.7832683873e-07    0.029508333333    0.029508333333
 1.7876547570e-07  2.2388500155e-11  9.8146927030e-06      0.0000000000  1.7844223994e-07  1.7872983380e-07    0.029525000000    0.029525000000
 1.7825090710e-07  4.9531242171e-12  9.8143625608e-06      0.0000000000  1.7817939597e-07  1.7790590447e-07    0.029541666667    0.029541666667
 1.7800065990e-07  5.8571207334e-12  9.8140225664e-06      0.0000000000  1.7791609726e-07  1.7757542084e-07    0.029558333333    0.029558333333
 1.7804300379e-07  2.6995557102e-11  9.8136927001e-06      0.0000000000  1.7765325329e-07  1.7667916873e-07    0.029575000000    0.029575000000
 1.7766671133e-07  1.9169193500e-11  9.8133625648e-06      0.0000000000  1.7738995457e-07  1.7701040703e-07    0.029591666667    0.029591666667
 1.7732916974e-07  1.4026858131e-11  9.8130225634e-06      0.0000000000  1.7712665586e-07  1.7768532001e-07    0.029608333333    0.029608333333
 1.7700324929e-07  9.6579489294e-12  9.8126927006e-06      0.0000000000  1.7686381189e-07  1.7740385864e-07    0.029625000000    0.029625000000
 1.7691771194e-07  2.1970356254e-11  9.8123625654e-06      0.0000000000  1.7660051317e-07  1.7603382947e-07    0.029641666667    0.029641666667
 1.7636901653e-07  2.2027291487e-12  9.8120225640e-06      0.0000000000  1.7633721445e-07  1.7635388919e-07    0.029658333333    0.029658333333
 1.7620599587e-07  9.1483569429e-12  9.8116927046e-06      0.0000000000  1.7607391574e-07  1.7538869461e-07    0.029675000000    0.029675000000
 1.7588545737e-07  5.1522207013e-12  9.8113625624e-06      0.0000000000  1.7581107177e-07  1.7645309717e-07    0.029691666667    0.029691666667
 1.7556439638e-07  1.1513926411e-12  9.8110225680e-06      0.0000000000  1.7554777305e-07  1.7613937356e-07    0.029708333333    0.029708333333
 1.7522944275e-07 -3.8116904370e-12  9.8106927017e-06      0.0000000000  1.7528447434e-07  1.7600115845e-07    0.029725000000    0.029725000000
 1.7492330413e-07 -6.7789400920e-12  9.8103625665e-06      0.0000000000  1.7502117562e-07  1.7620526589e-07    0.029741666667    0.029741666667
 1.7462619108e-07 -9.1210459955e-12  9.8100225650e-06      0.0000000000  1.7475787690e-07  1.7516477702e-07    0.029758333333    0.029758333333
 1.7437145034e-07 -8.5282888994e-12  9.8096927022e-06      0.0000000000  1.7449457819e-07  1.7482375942e-07    0.029775000000    0.029775000000
 1.7420063077e-07 -2.1228423060e-12  9.8093625670e-06      0.0000000000  1.7423127947e-07  1.7435092570e-07    0.029791666667    0.029791666667
 1.7380103055e-07 -1.1563586903e-11  9.8090225621e-06      0.0000000000  1.7396798076e-07  1.7424706391e-07    0.029808333333    0.029808333333
 1.7379170817e-07  6.0277504129e-12  9.8086927097e-06      0.0000000000  1.7370468204e-07  1.7265346304e-07    0.029825000000    0.029825000000
 1.7344139132e-07  5.5348884823e-16  9.8083625640e-06      0.0000000000  1.7344138332e-07  1.7325062904e-07    0.029841666667    0.029841666667
 1.7327328823e-07  6.5941539165e-12  9.8080225661e-06      0.0000000000  1.7317808461e-07  1.7363727287e-07    0.029858333333    0.029858333333
 1.7290799744e-07 -4.7019313388e-13  9.8076927033e-06      0.0000000000  1.7291478589e-07  1.7289640467e-07    0.029875000000    0.029875000000
 1.7259563044e-07 -3.8688437952e-12  9.8073625681e-06      0.0000000000  1.7265148718e-07  1.7320473552e-07    0.029891666667    0.029891666667
 1.7222075085e-07 -1.1597345936e-11  9.8070225666e-06      0.0000000000  1.7238818846e-07  1.7280839100e-07    0.029908333333    0.029908333333
 1.7173153572e-07 -2.7245149875e-11  9.8066927003e-06      0.0000000000  1.7212488974e-07  1.7195881852e-07    0.029925000000    0.029925000000
 1.7167570818e-07 -1.2874931436e-11  9.8063625721e-06      0.0000000000  1.7186159103e-07  1.7189258029e-07    0.029941666667    0.029941666667
 1.7136365966e-07 -1.6251522555e-11  9.8060225637e-06      0.0000000000  1.7159829231e-07  1.7001533265e-07    0.029958333333    0.029958333333
 1.7130747141e-07 -1.9062876586e-12  9.8056927078e-06      0.0000000000  1.7133499359e-07  1.7175144083e-07    0.029975000000    0.029975000000
 1.7090004864e-07 -1.1857353961e-11  9.8053625656e-06      0.0000000000  1.7107124013e-07  1.7081511247e-07    0.029991666667    0.029991666667
 1.7093897962e-07  9.0761891347e-12  9.8050225712e-06      0.0000000000  1.7080794142e-07  1.7071664344e-07    0.030008333333    0.030008333333
 1.7044108974e-07 -7.1724597476e-12  9.8046927049e-06      0.0000000000  1.7054464270e-07  1.6997821220e-07    0.030025000000    0.030025000000
 1.7049642384e-07  1.4897223822e-11  9.8043625662e-06      0.0000000000  1.7028134398e-07  1.7021661007e-07    0.030041666667    0.030041666667
 1.7032580586e-07  2.1348130745e-11  9.8040225717e-06      0.0000000000  1.7001759052e-07  1.7004867974e-07    0.030058333333    0.030058333333
 1.6989317737e-07  9.6197264423e-12  9.8036927019e-06      0.0000000000  1.6975429180e-07  1.6993519587e-07    0.030075000000    0.030075000000
 1.6996519660e-07  3.2876581220e-11  9.8033625702e-06      0.0000000000  1.6949053834e-07  1.6924459200e-07    0.030091666667    0.030091666667
 1.6944817429e-07  1.5302749726e-11  9.8030225653e-06      0.0000000000  1.6922723962e-07  1.6991867169e-07    0.030108333333    0.030108333333
 1.6936086015e-07  2.7492089971e-11  9.8026927094e-06      0.0000000000  1.6896394091e-07  1.6967275854e-07    0.030125000000    0.030125000000
 1.6877006161e-07  4.8397422966e-12  9.8023625672e-06      0.0000000000  1.6870018744e-07  1.6900987315e-07    0.030141666667    0.030141666667
 1.6853861233e-07  7.0457515022e-12  9.8020225693e-06      0.0000000000  1.6843688873e-07  1.6858524414e-07    0.030158333333    0.030158333333
 1.6813068403e-07 -2.9403287728e-12  9.8016927100e-06      0.0000000000  1.6817313526e-07  1.6839332151e-07    0.030175000000    0.030175000000
 1.6754582866e-07 -2.5212528251e-11  9.8013625643e-06      0.0000000000  1.6790983655e-07  1.6722131524e-07    0.030191666667    0.030191666667
 1.6737109040e-07 -1.9047007408e-11  9.8010225733e-06      0.0000000000  1.6764608308e-07  1.6690664829e-07    0.030208333333    0.030208333333
 1.6691683155e-07 -3.2273609981e-11  9.8006927035e-06      0.0000000000  1.6738278437e-07  1.6771922609e-07    0.030225000000    0.030225000000
 1.6684954077e-07 -1.8665880469e-11  9.8003625753e-06      0.0000000000  1.6711903090e-07  1.6807384352e-07    0.030241666667    0.030241666667
 1.6666115488e-07 -1.3445644342e-11  9.8000225669e-06      0.0000000000  1.6685527744e-07  1.6703579161e-07    0.030258333333    0.030258333333
 1.6635013316e-07 -1.6751115643e-11  9.7996927076e-06      0.0000000000  1.6659197872e-07  1.6618488273e-07    0.030275000000    0.030275000000
 1.6617977595e-07 -1.0282146544e-11  9.7993625723e-06      0.0000000000  1.6632822526e-07  1.6650236398e-07    0.030291666667    0.030291666667
 1.6602795588e-07 -2.5292269317e-12  9.7990225674e-06      0.0000000000  1.6606447180e-07  1.6637751287e-07    0.030308333333    0.030308333333
 1.6586250489e-07  4.2480673053e-12  9.7986927116e-06      0.0000000000  1.6580117308e-07  1.6528742000e-07    0.030325000000    0.030325000000
 1.6527851427e-07 -1.7932739137e-11  9.7983625659e-06      0.0000000000  1.6553741962e-07  1.6552672977e-07    0.030341666667    0.030341666667
 1.6517536250e-07 -6.8088734184e-12  9.7980225749e-06      0.0000000000  1.6527366615e-07  1.6479186750e-07    0.030358333333    0.030358333333
 1.6473474714e-07 -1.9058980818e-11  9.7976927051e-06      0.0000000000  1.6500991269e-07  1.6461223974e-07    0.030375000000    0.030375000000
 1.6431499637e-07 -2.9863929084e-11  9.7973625734e-06      0.0000000000  1.6474615923e-07  1.6410016306e-07    0.030391666667    0.030391666667
 1.6396972988e-07 -3.5541319401e-11  9.7970225720e-06      0.0000000000  1.6448286051e-07  1.6449828421e-07    0.030408333333    0.030408333333
 1.6388925130e-07 -2.2847025214e-11  9.7966927057e-06      0.0000000000  1.6421910705e-07  1.6373159992e-07    0.030425000000    0.030425000000
 1.6346163056e-07 -3.4197077364e-11  9.7963625739e-06      0.0000000000  1.6395535358e-07  1.6350511958e-07    0.030441666667    0.030441666667
 1.6334045358e-07 -2.4321704034e-11  9.7960225690e-06      0.0000000000  1.6369160012e-07  1.6353584104e-07    0.030458333333    0.030458333333
 1.6323782951e-07 -1.3161288318e-11  9.7956927132e-06      0.0000000000  1.6342784666e-07  1.6384462784e-07    0.030475000000    0.030475000000
 1.6291372566e-07 -1.7341378386e-11  9.7953625675e-06      0.0000000000  1.6316409319e-07  1.6259095972e-07    0.030491666667    0.030491666667
 1.6281108903e-07 -6.1818324671e-12  9.7950225765e-06      0.0000000000  1.6290033973e-07  1.6252420266e-07    0.030508333333    0.030508333333
 1.6254235827e-07 -6.5265786399e-12  9.7946927102e-06      0.0000000000  1.6263658627e-07  1.6286584915e-07    0.030525000000    0.030525000000
 1.6236530590e-07 -5.2134110188e-13  9.7943625715e-06      0.0000000000  1.6237283280e-07  1.6259723294e-07    0.030541666667    0.030541666667
 1.6218232760e-07  5.0734445929e-12  9.7940225736e-06      0.0000000000  1.6210907934e-07  1.6221752265e-07    0.030558333333    0.030558333333
 1.6201870724e-07  1.2009032240e-11  9.7936927073e-06      0.0000000000  1.6184532588e-07  1.6219540132e-07    0.030575000000    0.030575000000
 1.6190031782e-07  2.2077482087e-11  9.7933625790e-06      0.0000000000  1.6158157241e-07  1.6110733664e-07    0.030591666667    0.030591666667
 1.6166789851e-07  2.4247801375e-11  9.7930225671e-06      0.0000000000  1.6131781895e-07  1.6065998884e-07    0.030608333333    0.030608333333
 1.6145766544e-07  2.7986318653e-11  9.7926927148e-06      0.0000000000  1.6105361074e-07  1.6190491533e-07    0.030625000000    0.030625000000
 1.6102492674e-07  1.6281777795e-11  9.7923625726e-06      0.0000000000  1.6078985728e-07  1.6105010731e-07    0.030641666667    0.030641666667
 1.6071602848e-07  1.3154882840e-11  9.7920225746e-06      0.0000000000  1.6052610381e-07  1.6043225071e-07    0.030658333333    0.030658333333
 1.6044098891e-07  1.2373165256e-11  9.7916927118e-06      0.0000000000  1.6026235035e-07  1.6036687721e-07    0.030675000000    0.030675000000
 1.5987683782e-07 -8.4019842737e-12  9.7913625731e-06      0.0000000000  1.5999814214e-07  1.6057214811e-07    0.030691666667    0.030691666667
 1.5954141675e-07 -1.3365946867e-11  9.7910225752e-06      0.0000000000  1.5973438867e-07  1.5983989575e-07    0.030708333333    0.030708333333
 1.5923069655e-07 -1.6619036472e-11  9.7906927054e-06      0.0000000000  1.5947063521e-07  1.5955425224e-07    0.030725000000    0.030725000000
 1.5882660118e-07 -2.6308136916e-11  9.7903625806e-06      0.0000000000  1.5920642700e-07  1.5912184067e-07    0.030741666667    0.030741666667
 1.5841856334e-07 -3.6301804786e-11  9.7900225722e-06      0.0000000000  1.5894267354e-07  1.5941360017e-07    0.030758333333    0.030758333333
 1.5829482404e-07 -2.6603907139e-11  9.7896927129e-06      0.0000000000  1.5867892007e-07  1.5908644968e-07    0.030775000000    0.030775000000
 1.5792674703e-07 -3.3798243565e-11  9.7893625742e-06      0.0000000000  1.5841471186e-07  1.5807045621e-07    0.030791666667    0.030791666667
 1.5789131904e-07 -1.7983578949e-11  9.7890225762e-06      0.0000000000  1.5815095840e-07  1.5797387386e-07    0.030808333333    0.030808333333
 1.5784605018e-07 -2.8190328396e-12  9.7886927134e-06      0.0000000000  1.5788675019e-07  1.5758561062e-07    0.030825000000    0.030825000000
 1.5771880887e-07  6.6363023691e-12  9.7883625712e-06      0.0000000000  1.5762299672e-07  1.5698666800e-07    0.030841666667    0.030841666667
 1.5755417359e-07  1.3533091035e-11  9.7880225803e-06      0.0000000000  1.5735878851e-07  1.5691904621e-07    0.030858333333    0.030858333333
 1.5757283459e-07  3.3094158135e-11  9.7876927105e-06      0.0000000000  1.5709503505e-07  1.5635288467e-07    0.030875000000    0.030875000000
 1.5712209833e-07  2.0174537598e-11  9.7873625787e-06      0.0000000000  1.5683082684e-07  1.5611118511e-07    0.030891666667    0.030891666667
 1.5690770450e-07  2.3593367782e-11  9.7870225738e-06      0.0000000000  1.5656707337e-07  1.5591792608e-07    0.030908333333    0.030908333333
 1.5656318265e-07  1.8030549211e-11  9.7866927145e-06      0.0000000000  1.5630286516e-07  1.5650592595e-07    0.030925000000    0.030925000000
 1.5605956135e-07  1.4479157032e-12  9.7863625793e-06      0.0000000000  1.5603865695e-07  1.5638640471e-07    0.030941666667    0.030941666667
 1.5598859782e-07  1.4801257233e-11  9.7860225744e-06      0.0000000000  1.5577490349e-07  1.5587652915e-07    0.030958333333    0.030958333333
 1.5566926312e-07  1.0982993168e-11  9.7856927150e-06      0.0000000000  1.5551069528e-07  1.5717844913e-07    0.030975000000    0.030975000000
 1.5513762222e-07 -7.5403804260e-12  9.7853625728e-06      0.0000000000  1.5524648707e-07  1.5548364355e-07    0.030991666667    0.030991666667
 1.5494073873e-07 -2.9087195466e-12  9.7850225819e-06      0.0000000000  1.5498273360e-07  1.5537284820e-07    0.031008333333    0.031008333333
 1.5458601303e-07 -9.1782947741e-12  9.7846927121e-06      0.0000000000  1.5471852539e-07  1.5454184381e-07    0.031025000000    0.031025000000
 1.5415491178e-07 -2.0737922297e-11  9.7843625803e-06      0.0000000000  1.5445431718e-07  1.5409831654e-07    0.031041666667    0.031041666667
 1.5369981076e-07 -3.3959862204e-11  9.7840225754e-06      0.0000000000  1.5419010897e-07  1.5439196272e-07    0.031058333333    0.031058333333
 1.5348169582e-07 -3.0798769647e-11  9.7836927126e-06      0.0000000000  1.5392635551e-07  1.5411502939e-07    0.031075000000    0.031075000000
 1.5301126069e-07 -4.5082806210e-11  9.7833625809e-06      0.0000000000  1.5366214730e-07  1.5294418658e-07    0.031091666667    0.031091666667
 1.5301271608e-07 -2.6681966034e-11  9.7830225760e-06      0.0000000000  1.5339793909e-07  1.5338552844e-07    0.031108333333    0.031108333333
 1.5268171307e-07 -3.1308419939e-11  9.7826927166e-06      0.0000000000  1.5313373088e-07  1.5379108625e-07    0.031125000000    0.031125000000
 1.5241821529e-07 -3.1259213124e-11  9.7823625744e-06      0.0000000000  1.5286952266e-07  1.5188237821e-07    0.031141666667    0.031141666667
 1.5254327305e-07 -4.2972161844e-12  9.7820225835e-06      0.0000000000  1.5260531445e-07  1.5127148660e-07    0.031158333333    0.031158333333
 1.5225409864e-07 -6.0264674669e-12  9.7816927137e-06      0.0000000000  1.5234110624e-07  1.5250025053e-07    0.031175000000    0.031175000000
 1.5217923939e-07  7.0885398567e-12  9.7813625785e-06      0.0000000000  1.5207689803e-07  1.5146477708e-07    0.031191666667    0.031191666667
 1.5186731110e-07  3.7832711963e-12  9.7810225805e-06      0.0000000000  1.5181268982e-07  1.5139182541e-07    0.031208333333    0.031208333333
 1.5163797446e-07  6.1986045462e-12  9.7806927142e-06      0.0000000000  1.5154848161e-07  1.5203424031e-07    0.031225000000    0.031225000000
 1.5139203537e-07  7.4639917020e-12  9.7803625825e-06      0.0000000000  1.5128427340e-07  1.5165646387e-07    0.031241666667    0.031241666667
 1.5109272497e-07  5.0326843698e-12  9.7800225741e-06      0.0000000000  1.5102006519e-07  1.5203001100e-07    0.031258333333    0.031258333333
 1.5082978374e-07  5.1204398653e-12  9.7796927217e-06      0.0000000000  1.5075585698e-07  1.5161025591e-07    0.031275000000    0.031275000000
 1.5035968660e-07 -9.1401861932e-12  9.7793625795e-06      0.0000000000  1.5049164877e-07  1.5095325068e-07    0.031291666667    0.031291666667
 1.5019305130e-07 -2.3504293378e-12  9.7790225816e-06      0.0000000000  1.5022698581e-07  1.5066661666e-07    0.031308333333    0.031308333333
 1.4959158761e-07 -2.5709987538e-11  9.7786927153e-06      0.0000000000  1.4996277760e-07  1.5004298996e-07    0.031325000000    0.031325000000
 1.4927177678e-07 -2.9561229880e-11  9.7783625801e-06      0.0000000000  1.4969856939e-07  1.5086272143e-07    0.031341666667    0.031341666667
 1.4916044496e-07 -1.8972447333e-11  9.7780225821e-06      0.0000000000  1.4943436118e-07  1.4836016480e-07    0.031358333333    0.031358333333
 1.4888800404e-07 -1.9511177762e-11  9.7776927123e-06      0.0000000000  1.4916969822e-07  1.4924361892e-07    0.031375000000    0.031375000000
 1.4888608298e-07 -1.3442020501e-12  9.7773625876e-06      0.0000000000  1.4890549001e-07  1.4869324262e-07    0.031391666667    0.031391666667
 1.4856617223e-07 -5.2023657586e-12  9.7770225757e-06      0.0000000000  1.4864128180e-07  1.4848231168e-07    0.031408333333    0.031408333333
 1.4835268389e-07 -1.6578230194e-12  9.7766927198e-06      0.0000000000  1.4837661884e-07  1.4821710721e-07    0.031425000000    0.031425000000
 1.4810923926e-07 -2.1966078763e-13  9.7763625811e-06      0.0000000000  1.4811241063e-07  1.4836967682e-07    0.031441666667    0.031441666667
 1.4789516298e-07  3.2526614720e-12  9.7760225832e-06      0.0000000000  1.4784820242e-07  1.4845767477e-07    0.031458333333    0.031458333333
 1.4762529720e-07  2.8922950295e-12  9.7756927169e-06      0.0000000000  1.4758353946e-07  1.4792107123e-07    0.031475000000    0.031475000000
 1.4731308275e-07 -4.3279390790e-13  9.7753625782e-06      0.0000000000  1.4731933125e-07  1.4784157907e-07    0.031491666667    0.031491666667
 1.4704112784e-07 -9.3786132702e-13  9.7750225872e-06      0.0000000000  1.4705466829e-07  1.4617477498e-07    0.031508333333    0.031508333333
 1.4677232854e-07 -1.2558570676e-12  9.7746927139e-06      0.0000000000  1.4679046008e-07  1.4602322732e-07    0.031525000000    0.031525000000
 1.4670135966e-07  1.2160108947e-11  9.7743625857e-06      0.0000000000  1.4652579712e-07  1.4710561624e-07    0.031541666667    0.031541666667
 1.4657174507e-07  2.1482559005e-11  9.7740225808e-06      0.0000000000  1.4626158891e-07  1.4714081856e-07    0.031558333333    0.031558333333
 1.4648470785e-07  3.3785572974e-11  9.7736927214e-06      0.0000000000  1.4599692595e-07  1.4593540232e-07    0.031575000000    0.031575000000
 1.4602829040e-07  2.0472452390e-11  9.7733625827e-06      0.0000000000  1.4573271774e-07  1.4493531986e-07    0.031591666667    0.031591666667
 1.4576612093e-07  2.0645160719e-11  9.7730225813e-06      0.0000000000  1.4546805478e-07  1.4552608686e-07    0.031608333333    0.031608333333
 1.4531500380e-07  7.7306567173e-12  9.7726927220e-06      0.0000000000  1.4520339182e-07  1.4528355401e-07    0.031625000000    0.031625000000
 1.4485855428e-07 -5.5846846257e-12  9.7723625798e-06      0.0000000000  1.4493918361e-07  1.4526500165e-07    0.031641666667    0.031641666667
 1.4475835546e-07  5.8067076385e-12  9.7720225888e-06      0.0000000000  1.4467452065e-07  1.4429804617e-07    0.031658333333    0.031658333333
 1.4428127847e-07 -8.9058711677e-12  9.7716927155e-06      0.0000000000  1.4440985770e-07  1.4431307673e-07    0.031675000000    0.031675000000
 1.4439335177e-07  1.7156773762e-11  9.7713625838e-06      0.0000000000  1.4414564949e-07  1.4462500800e-07    0.031691666667    0.031691666667
 1.4413607476e-07  1.7668351458e-11  9.7710225824e-06      0.0000000000  1.4388098653e-07  1.4373716734e-07    0.031708333333    0.031708333333
 1.4395945790e-07  2.3766748921e-11  9.7706927196e-06      0.0000000000  1.4361632357e-07  1.4292792267e-07    0.031725000000    0.031725000000
 1.4352212385e-07  1.1806912343e-11  9.7703625878e-06      0.0000000000  1.4335166061e-07  1.4368174608e-07    0.031741666667    0.031741666667
 1.4327740447e-07  1.3156780885e-11  9.7700225794e-06      0.0000000000  1.4308745240e-07  1.4364135539e-07    0.031758333333    0.031758333333
 1.4292327018e-07  6.9596667196e-12  9.7696927236e-06      0.0000000000  1.4282278944e-07  1.4352376799e-07    0.031775000000    0.031775000000
 1.4251126809e-07 -3.2455849239e-12  9.7693625814e-06      0.0000000000  1.4255812648e-07  1.4275266572e-07    0.031791666667    0.031791666667
 1.4232403270e-07  2.1173340615e-12  9.7690225869e-06      0.0000000000  1.4229346353e-07  1.4282296031e-07    0.031808333333    0.031808333333
 1.4196022573e-07 -4.7497461815e-12  9.7686927171e-06      0.0000000000  1.4202880057e-07  1.4207610190e-07    0.031825000000    0.031825000000
 1.4158338940e-07 -1.2519287498e-11  9.7683625854e-06      0.0000000000  1.4176413761e-07  1.4079658626e-07    0.031841666667    0.031841666667
 1.4144070203e-07 -4.0708084856e-12  9.7680225840e-06      0.0000000000  1.4149947465e-07  1.4108678925e-07    0.031858333333    0.031858333333
 1.4091263916e-07 -2.2314857286e-11  9.7676927177e-06      0.0000000000  1.4123481169e-07  1.4097678002e-07    0.031875000000    0.031875000000
 1.4092743557e-07 -2.9584711000e-12  9.7673625894e-06      0.0000000000  1.4097014873e-07  1.4085985296e-07    0.031891666667    0.031891666667
 1.4046029205e-07 -1.6983021653e-11  9.7670225810e-06      0.0000000000  1.4070548578e-07  1.4062084192e-07    0.031908333333    0.031908333333
 1.4039747637e-07 -3.0023350472e-12  9.7666927252e-06      0.0000000000  1.4044082282e-07  1.4047808305e-07    0.031925000000    0.031925000000
 1.4002916970e-07 -1.0181080356e-11  9.7663625830e-06      0.0000000000  1.4017615986e-07  1.3933028919e-07    0.031941666667    0.031941666667
 1.3990528051e-07 -4.3057014843e-13  9.7660225885e-06      0.0000000000  1.3991149690e-07  1.4024202781e-07    0.031958333333    0.031958333333
 1.3970994616e-07  4.3713850301e-12  9.7656927187e-06      0.0000000000  1.3964683394e-07  1.3947490329e-07    0.031975000000    0.031975000000
 1.3948863847e-07  7.4058281397e-12  9.7653625835e-06      0.0000000000  1.3938171624e-07  1.3909915504e-07    0.031991666667    0.031991666667
 1.3909127874e-07 -1.7852397302e-12  9.7650225891e-06      0.0000000000  1.3911705328e-07  1.3963267700e-07    0.032008333333    0.032008333333
 1.3915301502e-07  2.0822375128e-11  9.7646927158e-06      0.0000000000  1.3885239032e-07  1.3892473138e-07    0.032025000000    0.032025000000
 1.3858007256e-07 -5.3020005120e-13  9.7643625910e-06      0.0000000000  1.3858772736e-07  1.3886349285e-07    0.032041666667    0.032041666667
 1.3831223766e-07 -7.4989989635e-13  9.7640225826e-06      0.0000000000  1.3832306440e-07  1.3790260620e-07    0.032058333333    0.032058333333
 1.3795175809e-07 -7.3550142813e-12  9.7636927268e-06      0.0000000000  1.3805794670e-07  1.3800275752e-07    0.032075000000    0.032075000000
 1.3755980942e-07 -1.6171292002e-11  9.7633625846e-06      0.0000000000  1.3779328374e-07  1.3821915983e-07    0.032091666667    0.032091666667
 1.3728733965e-07 -1.6712021114e-11  9.7630225866e-06      0.0000000000  1.3752862078e-07  1.3728295725e-07    0.032108333333    0.032108333333
 1.3701917544e-07 -1.6923032703e-11  9.7626927238e-06      0.0000000000  1.3726350308e-07  1.3723884036e-07    0.032125000000    0.032125000000
 1.3683902451e-07 -1.1069418437e-11  9.7623625851e-06      0.0000000000  1.3699884012e-07  1.3705616247e-07    0.032141666667    0.032141666667
 1.3667856950e-07 -3.8515917145e-12  9.7620225907e-06      0.0000000000  1.3673417716e-07  1.3596081834e-07    0.032158333333    0.032158333333
 1.3658098629e-07  7.7524655506e-12  9.7616927174e-06      0.0000000000  1.3646905945e-07  1.3590215828e-07    0.032175000000    0.032175000000
 1.3625265742e-07  3.3427295322e-12  9.7613625926e-06      0.0000000000  1.3620439650e-07  1.3600207376e-07    0.032191666667    0.032191666667
 1.3621843992e-07  1.9335728981e-11  9.7610225842e-06      0.0000000000  1.3593927879e-07  1.3566622882e-07    0.032208333333    0.032208333333
 1.3599833684e-07  2.2422110564e-11  9.7606927249e-06      0.0000000000  1.3567461583e-07  1.3445431924e-07    0.032225000000    0.032225000000
 1.3568772310e-07  1.9270887647e-11  9.7603625897e-06      0.0000000000  1.3540949813e-07  1.3542622726e-07    0.032241666667    0.032241666667
 1.3505526136e-07 -6.2042126218e-12  9.7600225848e-06      0.0000000000  1.3514483517e-07  1.3481780407e-07    0.032258333333    0.032258333333
 1.3495202929e-07  5.0085838620e-12  9.7596927254e-06      0.0000000000  1.3487971746e-07  1.3484937453e-07    0.032275000000    0.032275000000
 1.3435072898e-07 -1.8308160414e-11  9.7593625867e-06      0.0000000000  1.3461505451e-07  1.3522410083e-07    0.032291666667    0.032291666667
 1.3436260490e-07  8.7743966186e-13  9.7590225923e-06      0.0000000000  1.3434993680e-07  1.3500428677e-07    0.032308333333    0.032308333333
 1.3386139870e-07 -1.5474920539e-11  9.7586927190e-06      0.0000000000  1.3408481909e-07  1.3468414844e-07    0.032325000000    0.032325000000
 1.3381334775e-07 -4.7157426153e-13  9.7583625907e-06      0.0000000000  1.3382015614e-07  1.3379714107e-07    0.032341666667    0.032341666667
 1.3363209506e-07  5.3372264672e-12  9.7580225893e-06      0.0000000000  1.3355503843e-07  1.3414716757e-07    0.032358333333    0.032358333333
 1.3321208338e-07 -5.3913013112e-12  9.7576927230e-06      0.0000000000  1.3328992072e-07  1.3371546350e-07    0.032375000000    0.032375000000
 1.3302650442e-07  1.1784495847e-13  9.7573625913e-06      0.0000000000  1.3302480302e-07  1.3239769540e-07    0.032391666667    0.032391666667
 1.3255678601e-07 -1.4085051075e-11  9.7570225899e-06      0.0000000000  1.3276014006e-07  1.3348682920e-07    0.032408333333    0.032408333333
 1.3231817051e-07 -1.2249410865e-11  9.7566927270e-06      0.0000000000  1.3249502236e-07  1.3182392425e-07    0.032425000000    0.032425000000
 1.3204595736e-07 -1.2740867344e-11  9.7563625848e-06      0.0000000000  1.3222990465e-07  1.3224827026e-07    0.032441666667    0.032441666667
 1.3177998543e-07 -1.2800034514e-11  9.7560225939e-06      0.0000000000  1.3196478694e-07  1.3164945342e-07    0.032458333333    0.032458333333
 1.3144924746e-07 -1.7345135531e-11  9.7556927241e-06      0.0000000000  1.3169966924e-07  1.3119441739e-07    0.032475000000    0.032475000000
 1.3122841069e-07 -1.4309572324e-11  9.7553625889e-06      0.0000000000  1.3143500628e-07  1.3100334377e-07    0.032491666667    0.032491666667
 1.3123874174e-07  4.7690241644e-12  9.7550225909e-06      0.0000000000  1.3116988858e-07  1.3151325077e-07    0.032508333333    0.032508333333
 1.3108584317e-07  1.2541734901e-11  9.7546927246e-06      0.0000000000  1.3090477087e-07  1.3135695497e-07    0.032525000000    0.032525000000
 1.3031822255e-07 -2.2263469768e-11  9.7543625929e-06      0.0000000000  1.3063965316e-07  1.3123990213e-07    0.032541666667    0.032541666667
 1.3038494707e-07  7.2114628191e-13  9.7540225880e-06      0.0000000000  1.3037453546e-07  1.3098304623e-07    0.032558333333    0.032558333333
 1.3005276068e-07 -3.9242775381e-12  9.7536927286e-06      0.0000000000  1.3010941775e-07  1.3061720305e-07    0.032575000000    0.032575000000
 1.2984888291e-07  3.1742586261e-13  9.7533625899e-06      0.0000000000  1.2984430005e-07  1.3002750517e-07    0.032591666667    0.032591666667
 1.2969312303e-07  7.8919523351e-12  9.7530225920e-06      0.0000000000  1.2957918234e-07  1.3008283209e-07    0.032608333333    0.032608333333
 1.2918493203e-07 -8.9442002860e-12  9.7526927257e-06      0.0000000000  1.2931406464e-07  1.2963446234e-07    0.032625000000    0.032625000000
 1.2891629170e-07 -9.1881901507e-12  9.7523625940e-06      0.0000000000  1.2904894693e-07  1.2912364344e-07    0.032641666667    0.032641666667
 1.2888876936e-07  7.2685408593e-12  9.7520225925e-06      0.0000000000  1.2878382922e-07  1.2992016874e-07    0.032658333333    0.032658333333
 1.2853306535e-07  1.0256966288e-12  9.7516927227e-06      0.0000000000  1.2851825677e-07  1.2919738123e-07    0.032675000000    0.032675000000
 1.2859018504e-07  2.3345047208e-11  9.7513625945e-06      0.0000000000  1.2825313907e-07  1.2903311420e-07    0.032691666667    0.032691666667
 1.2832678799e-07  2.3464225519e-11  9.7510225896e-06      0.0000000000  1.2798802136e-07  1.2783754014e-07    0.032708333333    0.032708333333
 1.2783951930e-07  8.0772293996e-12  9.7506927302e-06      0.0000000000  1.2772290366e-07  1.2785220908e-07    0.032725000000    0.032725000000
 1.2762720831e-07  1.1734817577e-11  9.7503625915e-06      0.0000000000  1.2745778595e-07  1.2731615583e-07    0.032741666667    0.032741666667
 1.2719572057e-07  2.4291256784e-13  9.7500225936e-06      0.0000000000  1.2719221350e-07  1.2664438732e-07    0.032758333333    0.032758333333
 1.2677041405e-07 -1.0852355108e-11  9.7496927273e-06      0.0000000000  1.2692709579e-07  1.2685451642e-07    0.032775000000    0.032775000000
 1.2657364985e-07 -6.1179392368e-12  9.7493625921e-06      0.0000000000  1.2666197809e-07  1.2614075354e-07    0.032791666667    0.032791666667
 1.2627606480e-07 -8.3352500414e-12  9.7490225941e-06      0.0000000000  1.2639640563e-07  1.2733898467e-07    0.032808333333    0.032808333333
 1.2596998308e-07 -1.1172568627e-11  9.7486927243e-06      0.0000000000  1.2613128793e-07  1.2605022429e-07    0.032825000000    0.032825000000
 1.2576111613e-07 -7.2764338845e-12  9.7483625961e-06      0.0000000000  1.2586617022e-07  1.2585847461e-07    0.032841666667    0.032841666667
 1.2536078661e-07 -1.6610204977e-11  9.7480225912e-06      0.0000000000  1.2560059777e-07  1.2566150511e-07    0.032858333333    0.032858333333
 1.2526230219e-07 -5.0685695550e-12  9.7476927318e-06      0.0000000000  1.2533548006e-07  1.2496487957e-07    0.032875000000    0.032875000000
 1.2521335776e-07  9.9358861732e-12  9.7473625931e-06      0.0000000000  1.2506990761e-07  1.2545936295e-07    0.032891666667    0.032891666667
 1.2478412761e-07 -1.4311469254e-12  9.7470225952e-06      0.0000000000  1.2480478990e-07  1.2560960566e-07    0.032908333333    0.032908333333
 1.2472835670e-07  1.3068984076e-11  9.7466927289e-06      0.0000000000  1.2453967220e-07  1.2443321286e-07    0.032925000000    0.032925000000
 1.2439258373e-07  8.2066378712e-12  9.7463625937e-06      0.0000000000  1.2427409975e-07  1.2494409464e-07    0.032941666667    0.032941666667
 1.2430274520e-07  2.0347119553e-11  9.7460225957e-06      0.0000000000  1.2400898204e-07  1.2422940413e-07    0.032958333333    0.032958333333
 1.2393458441e-07  1.3241473310e-11  9.7456927259e-06      0.0000000000  1.2374340959e-07  1.2368223519e-07    0.032975000000    0.032975000000
 1.2367924957e-07  1.3950568113e-11  9.7453625977e-06      0.0000000000  1.2347783713e-07  1.2339324282e-07    0.032991666667    0.032991666667
 1.2336460907e-07  1.0520436330e-11  9.7450225928e-06      0.0000000000  1.2321271943e-07  1.2376166446e-07    0.033008333333    0.033008333333
 1.2314819930e-07  1.3925625492e-11  9.7446927300e-06      0.0000000000  1.2294714698e-07  1.2360190974e-07    0.033025000000    0.033025000000
 1.2306402499e-07  2.6489929374e-11  9.7443625947e-06      0.0000000000  1.2268157452e-07  1.2335112266e-07    0.033041666667    0.033041666667
 1.2255084802e-07  9.3084301712e-12  9.7440225968e-06      0.0000000000  1.2241645682e-07  1.2329916032e-07    0.033058333333    0.033058333333
 1.2229450882e-07  9.9479596885e-12  9.7436927305e-06      0.0000000000  1.2215088436e-07  1.2239782990e-07    0.033075000000    0.033075000000
 1.2190237446e-07  1.1818146813e-12  9.7433625918e-06      0.0000000000  1.2188531191e-07  1.2221604818e-07    0.033091666667    0.033091666667
 1.2142833845e-07 -1.3288637050e-11  9.7430226008e-06      0.0000000000  1.2162019421e-07  1.2221334393e-07    0.033108333333    0.033108333333
 1.2100114466e-07 -2.4483126866e-11  9.7426927275e-06      0.0000000000  1.2135462175e-07  1.2085177339e-07    0.033125000000    0.033125000000
 1.2064724977e-07 -3.0600664752e-11  9.7423625993e-06      0.0000000000  1.2108904930e-07  1.2067566743e-07    0.033141666667    0.033141666667
 1.2041919120e-07 -2.8002314467e-11  9.7420225944e-06      0.0000000000  1.2082347685e-07  1.2172714623e-07    0.033158333333    0.033158333333
 1.1996697111e-07 -4.0930217979e-11  9.7416927316e-06      0.0000000000  1.2055790439e-07  1.2139633243e-07    0.033175000000    0.033175000000
 1.1995992381e-07 -2.3055310060e-11  9.7413625963e-06      0.0000000000  1.2029278669e-07  1.2009703808e-07    0.033191666667    0.033191666667
 1.1993941418e-07 -6.0813554132e-12  9.7410225949e-06      0.0000000000  1.2002721424e-07  1.2043032029e-07    0.033208333333    0.033208333333
 1.1953626478e-07 -1.5610442288e-11  9.7406927356e-06      0.0000000000  1.1976164178e-07  1.1974944854e-07    0.033225000000    0.033225000000
 1.1943977851e-07 -3.8989099893e-12  9.7403625934e-06      0.0000000000  1.1949606933e-07  1.1934623336e-07    0.033241666667    0.033241666667
 1.1918339416e-07 -3.2625080414e-12  9.7400226024e-06      0.0000000000  1.1923049688e-07  1.1884951740e-07    0.033258333333    0.033258333333
 1.1898608797e-07  1.4658650490e-12  9.7396927291e-06      0.0000000000  1.1896492442e-07  1.1866954375e-07    0.033275000000    0.033275000000
 1.1867191330e-07 -1.9005036459e-12  9.7393626009e-06      0.0000000000  1.1869935197e-07  1.1866932364e-07    0.033291666667    0.033291666667
 1.1844488474e-07  7.6918853243e-13  9.7390225960e-06      0.0000000000  1.1843377952e-07  1.1829211321e-07    0.033308333333    0.033308333333
 1.1814808495e-07 -1.3937321749e-12  9.7386927297e-06      0.0000000000  1.1816820707e-07  1.1840333306e-07    0.033325000000    0.033325000000
 1.1764448327e-07 -1.7880513552e-11  9.7383626014e-06      0.0000000000  1.1790263461e-07  1.1787012555e-07    0.033341666667    0.033341666667
 1.1759822300e-07 -2.6901432550e-12  9.7380225930e-06      0.0000000000  1.1763706216e-07  1.1748233398e-07    0.033358333333    0.033358333333
 1.1708846669e-07 -1.9603217892e-11  9.7376927372e-06      0.0000000000  1.1737148971e-07  1.1790546937e-07    0.033375000000    0.033375000000
 1.1669977221e-07 -2.8099605877e-11  9.7373625950e-06      0.0000000000  1.1710546251e-07  1.1649138621e-07    0.033391666667    0.033391666667
 1.1657651812e-07 -1.8242111518e-11  9.7370226040e-06      0.0000000000  1.1683989005e-07  1.1706548753e-07    0.033408333333    0.033408333333
 1.1616902346e-07 -2.8072166801e-11  9.7366927307e-06      0.0000000000  1.1657431760e-07  1.1627988926e-07    0.033425000000    0.033425000000
 1.1620769512e-07 -6.9990975693e-12  9.7363625990e-06      0.0000000000  1.1630874515e-07  1.1669536787e-07    0.033441666667    0.033441666667
 1.1584856631e-07 -1.3479155909e-11  9.7360226011e-06      0.0000000000  1.1604317270e-07  1.1544602340e-07    0.033458333333    0.033458333333
 1.1568651792e-07 -6.2771997557e-12  9.7356927278e-06      0.0000000000  1.1577714549e-07  1.1669844945e-07    0.033475000000    0.033475000000
 1.1545585536e-07 -3.8592121412e-12  9.7353626030e-06      0.0000000000  1.1551157304e-07  1.1530975786e-07    0.033491666667    0.033491666667
 1.1529655058e-07  3.5012789331e-12  9.7350225946e-06      0.0000000000  1.1524600059e-07  1.1433643483e-07    0.033508333333    0.033508333333
 1.1507560212e-07  6.5921011058e-12  9.7346927388e-06      0.0000000000  1.1498042814e-07  1.1413597497e-07    0.033525000000    0.033525000000
 1.1494890279e-07  1.6242462927e-11  9.7343625966e-06      0.0000000000  1.1471440094e-07  1.1410242349e-07    0.033541666667    0.033541666667
 1.1435544467e-07 -6.4681075116e-12  9.7340226021e-06      0.0000000000  1.1444882848e-07  1.1419215090e-07    0.033558333333    0.033558333333
 1.1416993115e-07 -8.9143258087e-13  9.7336927358e-06      0.0000000000  1.1418280128e-07  1.1379116829e-07    0.033575000000    0.033575000000
 1.1373638687e-07 -1.2525780795e-11  9.7333625971e-06      0.0000000000  1.1391722883e-07  1.1322590292e-07    0.033591666667    0.033591666667
 1.1393913407e-07  1.9911765222e-11  9.7330226027e-06      0.0000000000  1.1365165638e-07  1.1408316363e-07    0.033608333333    0.033608333333
 1.1367484006e-07  2.0031812402e-11  9.7326927294e-06      0.0000000000  1.1338562918e-07  1.1342211775e-07    0.033625000000    0.033625000000
 1.1334556909e-07  1.5619817683e-11  9.7323626081e-06      0.0000000000  1.1312005672e-07  1.1440845888e-07    0.033641666667    0.033641666667
 1.1298984810e-07  9.4072956057e-12  9.7320225962e-06      0.0000000000  1.1285402952e-07  1.1330506492e-07    0.033658333333    0.033658333333
 1.1274965125e-07  1.1164903421e-11  9.7316927369e-06      0.0000000000  1.1258845707e-07  1.1250948296e-07    0.033675000000    0.033675000000
 1.1222014998e-07 -7.0842822787e-12  9.7313626017e-06      0.0000000000  1.1232242987e-07  1.1295076194e-07    0.033691666667    0.033691666667
 1.1211060376e-07  3.7541672783e-12  9.7310226003e-06      0.0000000000  1.1205640267e-07  1.1183667678e-07    0.033708333333    0.033708333333
 1.1171073754e-07 -5.5475138415e-12  9.7306927374e-06      0.0000000000  1.1179083022e-07  1.1207702422e-07    0.033725000000    0.033725000000
 1.1128554191e-07 -1.6572106780e-11  9.7303625987e-06      0.0000000000  1.1152480302e-07  1.1129150457e-07    0.033741666667    0.033741666667
 1.1100752720e-07 -1.7433903102e-11  9.7300226078e-06      0.0000000000  1.1125923056e-07  1.1073754357e-07    0.033758333333    0.033758333333
 1.1071970367e-07 -1.8943597170e-11  9.7296927310e-06      0.0000000000  1.1099320336e-07  1.1035984574e-07    0.033775000000    0.033775000000
 1.1059041343e-07 -9.4726912087e-12  9.7293626062e-06      0.0000000000  1.1072717616e-07  1.1031206555e-07    0.033791666667    0.033791666667
 1.1037194245e-07 -6.1787718066e-12  9.7290226013e-06      0.0000000000  1.1046114896e-07  1.0999202155e-07    0.033808333333    0.033808333333
 1.0987668689e-07 -2.2087471023e-11  9.7286927350e-06      0.0000000000  1.1019557651e-07  1.1049999470e-07    0.033825000000    0.033825000000
 1.0975005221e-07 -1.2432630671e-11  9.7283626033e-06      0.0000000000  1.0992954931e-07  1.0973700516e-07    0.033841666667    0.033841666667
 1.0938403092e-07 -1.9358590189e-11  9.7280226019e-06      0.0000000000  1.0966352211e-07  1.0966141214e-07    0.033858333333    0.033858333333
 1.0929504952e-07 -7.0957455972e-12  9.7276927390e-06      0.0000000000  1.0939749491e-07  1.1013649415e-07    0.033875000000    0.033875000000
 1.0900393759e-07 -8.8647035993e-12  9.7273625968e-06      0.0000000000  1.0913192246e-07  1.0954967346e-07    0.033891666667    0.033891666667
 1.0882409244e-07 -2.8954169252e-12  9.7270226094e-06      0.0000000000  1.0886589526e-07  1.0997526153e-07    0.033908333333    0.033908333333
 1.0883835461e-07  1.6518457774e-11  9.7266927361e-06      0.0000000000  1.0859986806e-07  1.0981992479e-07    0.033925000000    0.033925000000
 1.0850148310e-07  1.1611520108e-11  9.7263626044e-06      0.0000000000  1.0833384086e-07  1.0926308661e-07    0.033941666667    0.033941666667
 1.0825468661e-07  1.2943509679e-11  9.7260226029e-06      0.0000000000  1.0806781366e-07  1.0812005661e-07    0.033958333333    0.033958333333
 1.0793277595e-07  9.0728153292e-12  9.7256927366e-06      0.0000000000  1.0780178646e-07  1.0838485230e-07    0.033975000000    0.033975000000
 1.0768744738e-07  1.0506478665e-11  9.7253626084e-06      0.0000000000  1.0753575925e-07  1.0794762969e-07    0.033991666667    0.033991666667
 1.0758897390e-07  2.2111867457e-11  9.7250226000e-06      0.0000000000  1.0726973205e-07  1.0717203083e-07    0.034008333333    0.034008333333
 1.0701433814e-07  7.3650034191e-13  9.7246927406e-06      0.0000000000  1.0700370485e-07  1.0723102106e-07    0.034025000000    0.034025000000
 1.0666328784e-07 -5.1525126195e-12  9.7243626019e-06      0.0000000000  1.0673767765e-07  1.0680019744e-07    0.034041666667    0.034041666667
 1.0619014450e-07 -1.9498140099e-11  9.7240226075e-06      0.0000000000  1.0647165045e-07  1.0592342531e-07    0.034058333333    0.034058333333
 1.0570492727e-07 -3.4680050024e-11  9.7236927377e-06      0.0000000000  1.0620562325e-07  1.0525797719e-07    0.034075000000    0.034075000000
 1.0532960708e-07 -4.2250085267e-11  9.7233626025e-06      0.0000000000  1.0593959605e-07  1.0526140466e-07    0.034091666667    0.034091666667
 1.0516855985e-07 -3.4978785904e-11  9.7230226080e-06      0.0000000000  1.0567356885e-07  1.0497561965e-07    0.034108333333    0.034108333333
 1.0489319309e-07 -3.5625677959e-11  9.7226927347e-06      0.0000000000  1.0540754165e-07  1.0600441110e-07    0.034125000000    0.034125000000
 1.0484472291e-07 -2.0525378888e-11  9.7223626100e-06      0.0000000000  1.0514105970e-07  1.0549618639e-07    0.034141666667    0.034141666667
 1.0463243223e-07 -1.6803389619e-11  9.7220226016e-06      0.0000000000  1.0487503250e-07  1.0589798656e-07    0.034158333333    0.034158333333
 1.0459755905e-07 -7.9281008703e-13  9.7216927422e-06      0.0000000000  1.0460900530e-07  1.0638088258e-07    0.034175000000    0.034175000000
 1.0455136223e-07  1.4433452768e-11  9.7213626070e-06      0.0000000000  1.0434297810e-07  1.0438823295e-07    0.034191666667    0.034191666667
 1.0428036050e-07  1.4088898589e-11  9.7210226056e-06      0.0000000000  1.0407695090e-07  1.0414559004e-07    0.034208333333    0.034208333333
 1.0391040475e-07  6.9219214471e-12  9.7206927393e-06      0.0000000000  1.0381046896e-07  1.0442546345e-07    0.034225000000    0.034225000000
 1.0400956972e-07  3.2216477892e-11  9.7203626041e-06      0.0000000000  1.0354444176e-07  1.0420006796e-07    0.034241666667    0.034241666667
 1.0371049977e-07  2.9927815476e-11  9.7200226096e-06      0.0000000000  1.0327841456e-07  1.0316255060e-07    0.034258333333    0.034258333333
 1.0343145933e-07  2.9057967973e-11  9.7196927363e-06      0.0000000000  1.0301193261e-07  1.0219820503e-07    0.034275000000    0.034275000000
 1.0308872950e-07  2.3745260564e-11  9.7193626116e-06      0.0000000000  1.0274590541e-07  1.0332250971e-07    0.034291666667    0.034291666667
 1.0277163434e-07  2.0208105759e-11  9.7190226032e-06      0.0000000000  1.0247987821e-07  1.0177492814e-07    0.034308333333    0.034308333333
 1.0231420732e-07  6.9825455427e-12  9.7186927404e-06      0.0000000000  1.0221339626e-07  1.0226077995e-07    0.034325000000    0.034325000000
 1.0183957067e-07 -7.4665138028e-12  9.7183626086e-06      0.0000000000  1.0194736906e-07  1.0108643105e-07    0.034341666667    0.034341666667
 1.0152382307e-07 -1.0878834638e-11  9.7180226072e-06      0.0000000000  1.0168088711e-07  1.0027657321e-07    0.034358333333    0.034358333333
 1.0112171556e-07 -2.0304258783e-11  9.7176927409e-06      0.0000000000  1.0141485991e-07  1.0083886706e-07    0.034375000000    0.034375000000
 1.0094170863e-07 -1.4314680385e-11  9.7173626022e-06      0.0000000000  1.0114837796e-07  1.0073995780e-07    0.034391666667    0.034391666667
 1.0055611699e-07 -2.2596154386e-11  9.7170226112e-06      0.0000000000  1.0088235076e-07  1.0120945838e-07    0.034408333333    0.034408333333
 1.0056105634e-07 -3.7965144225e-12  9.7166927379e-06      0.0000000000  1.0061586882e-07  1.0089949241e-07    0.034425000000    0.034425000000
 1.0005975180e-07 -2.0092690341e-11  9.7163626097e-06      0.0000000000  1.0034984162e-07  1.0100557105e-07    0.034441666667    0.034441666667
 1.0012459652e-07  2.8562163556e-12  9.7160226083e-06      0.0000000000  1.0008335967e-07  9.9725992517e-08    0.034458333333    0.034458333333
 9.9691503778e-08 -8.6838615540e-12  9.7156927420e-06      0.0000000000  9.9816877721e-08  9.9821301355e-08    0.034475000000    0.034475000000
 9.9436905168e-08 -7.8922752592e-12  9.7153626102e-06      0.0000000000  9.9550850521e-08  1.0043651660e-07    0.034491666667    0.034491666667
 9.9029743152e-08 -1.7636295554e-11  9.7150226053e-06      0.0000000000  9.9284368573e-08  1.0034680492e-07    0.034508333333    0.034508333333
 9.8674207728e-08 -2.3804467681e-11  9.7146927425e-06      0.0000000000  9.9017886625e-08  9.8377896019e-08    0.034525000000    0.034525000000
 9.8574578670e-08 -1.2279118757e-11  9.7143626073e-06      0.0000000000  9.8751859425e-08  9.8805433667e-08    0.034541666667    0.034541666667
 9.7839612919e-08 -4.4728034397e-11  9.7140226128e-06      0.0000000000  9.8485377477e-08  9.8662894913e-08    0.034558333333    0.034558333333
 9.7836666259e-08 -2.6474608697e-11  9.7136927395e-06      0.0000000000  9.8218895530e-08  9.7451111121e-08    0.034575000000    0.034575000000
 9.7347427998e-08 -4.1903532295e-11  9.7133626113e-06      0.0000000000  9.7952413582e-08  9.7383489327e-08    0.034591666667    0.034591666667
 9.7273674892e-08 -2.8585919553e-11  9.7130226099e-06      0.0000000000  9.7686386382e-08  9.6723103793e-08    0.034608333333    0.034608333333
 9.7133461927e-08 -1.9840064219e-11  9.7126927401e-06      0.0000000000  9.7419904434e-08  9.6916567213e-08    0.034625000000    0.034625000000
 9.6687757979e-08 -3.2253640798e-11  9.7123626118e-06      0.0000000000  9.7153422487e-08  9.6315989468e-08    0.034641666667    0.034641666667
 9.6868222616e-08 -1.2964723857e-12  9.7120226069e-06      0.0000000000  9.6886940539e-08  9.7810036468e-08    0.034658333333    0.034658333333
 9.6466464982e-08 -1.0666165189e-11  9.7116927441e-06      0.0000000000  9.6620458591e-08  9.8027445014e-08    0.034675000000    0.034675000000
 9.6216641929e-08 -9.5123087396e-12  9.7113626089e-06      0.0000000000  9.6353976644e-08  9.5597446991e-08    0.034691666667    0.034691666667
 9.6154279385e-08  4.6257538195e-12  9.7110226144e-06      0.0000000000  9.6087494696e-08  9.5706528600e-08    0.034708333333    0.034708333333
 9.5789892070e-08 -2.1555329459e-12  9.7106927411e-06      0.0000000000  9.5821012749e-08  9.4502338698e-08    0.034725000000    0.034725000000
 9.5872415594e-08  2.1986375381e-11  9.7103626094e-06      0.0000000000  9.5554985548e-08  9.5016286338e-08    0.034741666667    0.034741666667
 9.5386972184e-08  6.8202971553e-12  9.7100226115e-06      0.0000000000  9.5288503601e-08  9.4764807477e-08    0.034758333333    0.034758333333
 9.5249845088e-08  1.5811388628e-11  9.7096927417e-06      0.0000000000  9.5021566906e-08  9.6557830534e-08    0.034775000000    0.034775000000
 9.4810643126e-08  3.8481635342e-12  9.7093626134e-06      0.0000000000  9.4755084958e-08  9.5836662425e-08    0.034791666667    0.034791666667
 9.4538928941e-08  3.4857595379e-12  9.7090226085e-06      0.0000000000  9.4488603010e-08  9.4485169901e-08    0.034808333333    0.034808333333
 9.4208838230e-08 -9.2001798431e-13  9.7086927492e-06      0.0000000000  9.4222121063e-08  9.4274427628e-08    0.034825000000    0.034825000000
 9.3989062712e-08  2.3150415780e-12  9.7083626105e-06      0.0000000000  9.3955639115e-08  9.4385757532e-08    0.034841666667    0.034841666667
 9.3573403361e-08 -8.0175354583e-12  9.7080226125e-06      0.0000000000  9.3689157168e-08  9.2571619370e-08    0.034858333333    0.034858333333
 9.3392182600e-08 -2.1120313073e-12  9.7076927427e-06      0.0000000000  9.3422675220e-08  9.1441340198e-08    0.034875000000    0.034875000000
 9.3016069534e-08 -9.7054867726e-12  9.7073626110e-06      0.0000000000  9.3156193272e-08  9.2043065674e-08    0.034891666667    0.034891666667
 9.2748990236e-08 -9.7468615014e-12  9.7070226131e-06      0.0000000000  9.2889711325e-08  9.2845109510e-08    0.034908333333    0.034908333333
 9.2678766125e-08  3.8781774284e-12  9.7066927398e-06      0.0000000000  9.2622774630e-08  9.2062812936e-08    0.034925000000    0.034925000000
 9.2326134218e-08 -2.0888864348e-12  9.7063626185e-06      0.0000000000  9.2356292682e-08  9.2162775587e-08    0.034941666667    0.034941666667
 9.2243943758e-08  1.0675821542e-11  9.7060226101e-06      0.0000000000  9.2089810735e-08  9.1723037401e-08    0.034958333333    0.034958333333
 9.1941454222e-08  8.1818031955e-12  9.7056927473e-06      0.0000000000  9.1823328787e-08  9.1832905128e-08    0.034975000000    0.034975000000
 9.1655769250e-08  6.8832283858e-12  9.7053626121e-06      0.0000000000  9.1556392092e-08  9.1146090337e-08    0.034991666667    0.034991666667
 9.1530317809e-08  1.6651521316e-11  9.7050226141e-06      0.0000000000  9.1289910144e-08  9.2744800968e-08    0.035008333333    0.035008333333
 9.1028036836e-08  3.1921132828e-13  9.7046927443e-06      0.0000000000  9.1023428197e-08  9.3473594412e-08    0.035025000000    0.035025000000
 9.0581636731e-08 -1.2111086183e-11  9.7043626126e-06      0.0000000000  9.0756491502e-08  9.2123988569e-08    0.035041666667    0.035041666667
 9.0278764316e-08 -1.4631624097e-11  9.7040226182e-06      0.0000000000  9.0490009554e-08  9.0688837462e-08    0.035058333333    0.035058333333
 9.0138241279e-08 -5.8757480499e-12  9.7036927414e-06      0.0000000000  9.0223072859e-08  9.0260340751e-08    0.035075000000    0.035075000000
 8.9930584810e-08 -1.8012784733e-12  9.7033626166e-06      0.0000000000  8.9956590912e-08  8.9690704576e-08    0.035091666667    0.035091666667
 8.9624622383e-08 -4.5358420676e-12  9.7030226117e-06      0.0000000000  8.9690108964e-08  8.7264464192e-08    0.035108333333    0.035108333333
 8.9413060045e-08 -7.0040993789e-13  9.7026927489e-06      0.0000000000  8.9423172269e-08  8.8031038424e-08    0.035125000000    0.035125000000
 8.9417040463e-08  1.8032810815e-11  9.7023626137e-06      0.0000000000  8.9156690321e-08  8.9996802854e-08    0.035141666667    0.035141666667
 8.9018693865e-08  8.9308763509e-12  9.7020226123e-06      0.0000000000  8.8889753626e-08  8.7478083654e-08    0.035158333333    0.035158333333
 8.8602334616e-08 -1.4186807056e-12  9.7016927494e-06      0.0000000000  8.8622816931e-08  8.8794295243e-08    0.035175000000    0.035175000000
 8.8623133361e-08  1.8479439355e-11  9.7013626107e-06      0.0000000000  8.8356334984e-08  8.8888660740e-08    0.035191666667    0.035191666667
 8.7973976849e-08 -7.9945145178e-12  9.7010226198e-06      0.0000000000  8.8089398289e-08  8.7005847387e-08    0.035208333333    0.035208333333
 8.8173187563e-08  2.4261076356e-11  9.7006927430e-06      0.0000000000  8.7822916341e-08  8.6060400069e-08    0.035225000000    0.035225000000
 8.7700473587e-08  1.0008183156e-11  9.7003626182e-06      0.0000000000  8.7555979646e-08  8.6886263254e-08    0.035241666667    0.035241666667
 8.7581262420e-08  2.0240197930e-11  9.7000226133e-06      0.0000000000  8.7289042951e-08  8.7074428244e-08    0.035258333333    0.035258333333
 8.7211161855e-08  1.3063190358e-11  9.6996927470e-06      0.0000000000  8.7022561004e-08  8.7305012112e-08    0.035275000000    0.035275000000
 8.6831117537e-08  5.2289393449e-12  9.6993626188e-06      0.0000000000  8.6755624309e-08  8.9132215541e-08    0.035291666667    0.035291666667
 8.6831388735e-08  2.3736743308e-11  9.6990226139e-06      0.0000000000  8.6488687614e-08  8.7513238811e-08    0.035308333333    0.035308333333
 8.5993594626e-08 -1.5834443606e-11  9.6986927510e-06      0.0000000000  8.6222205666e-08  8.5932451650e-08    0.035325000000    0.035325000000
 8.5861334601e-08 -6.5062408670e-12  9.6983626123e-06      0.0000000000  8.5955268971e-08  8.7014699066e-08    0.035341666667    0.035341666667
 8.5354835684e-08 -2.3099203693e-11  9.6980226214e-06      0.0000000000  8.5688332276e-08  8.6842240696e-08    0.035358333333    0.035358333333
 8.4968733444e-08 -3.1353048675e-11  9.6976927446e-06      0.0000000000  8.5421395581e-08  8.6196791387e-08    0.035375000000    0.035375000000
 8.4791442060e-08 -2.5143883910e-11  9.6973626164e-06      0.0000000000  8.5154458886e-08  8.5299878939e-08    0.035391666667    0.035391666667
 8.4385310315e-08 -3.4816543805e-11  9.6970226184e-06      0.0000000000  8.4887976939e-08  8.6404357747e-08    0.035408333333    0.035408333333
 8.4549528268e-08 -4.9531831054e-12  9.6966927451e-06      0.0000000000  8.4621040244e-08  8.4365468705e-08    0.035425000000    0.035425000000
 8.4377869979e-08  1.6461505681e-12  9.6963626204e-06      0.0000000000  8.4354103549e-08  8.3359789094e-08    0.035441666667    0.035441666667
 8.3862615892e-08 -1.5553227606e-11  9.6960226155e-06      0.0000000000  8.4087166854e-08  8.4874935477e-08    0.035458333333    0.035458333333
 8.3838211608e-08  1.2454614709e-12  9.6956927526e-06      0.0000000000  8.3820230159e-08  8.2898401244e-08    0.035475000000    0.035475000000
 8.3624966261e-08  4.9643222421e-12  9.6953626139e-06      0.0000000000  8.3553293464e-08  8.1487399655e-08    0.035491666667    0.035491666667
 8.3198293877e-08 -6.0995605594e-12  9.6950226195e-06      0.0000000000  8.3286356769e-08  8.4482804544e-08    0.035508333333    0.035508333333
 8.2834143955e-08 -1.2832907147e-11  9.6946927497e-06      0.0000000000  8.3019420074e-08  8.3668402947e-08    0.035525000000    0.035525000000
 8.2953949086e-08  1.3954257727e-11  9.6943626180e-06      0.0000000000  8.2752483379e-08  8.3036977967e-08    0.035541666667    0.035541666667
 8.2531396986e-08  3.1757610061e-12  9.6940226200e-06      0.0000000000  8.2485546684e-08  8.1773247556e-08    0.035558333333    0.035558333333
 8.2048134752e-08 -1.1807743508e-11  9.6936927467e-06      0.0000000000  8.2218609989e-08  8.3015171078e-08    0.035575000000    0.035575000000
 8.1983968563e-08  2.2368893915e-12  9.6933626220e-06      0.0000000000  8.1951673294e-08  8.2498786476e-08    0.035591666667    0.035591666667
 8.1388115773e-08 -2.0545052094e-11  9.6930226136e-06      0.0000000000  8.1684736599e-08  8.0485776409e-08    0.035608333333    0.035608333333
 8.1259115959e-08 -1.0991035144e-11  9.6926927543e-06      0.0000000000  8.1417799904e-08  8.2140615801e-08    0.035625000000    0.035625000000
 8.0809331800e-08 -2.3624227244e-11  9.6923626190e-06      0.0000000000  8.1150408462e-08  8.1147970012e-08    0.035641666667    0.035641666667
 8.0726428884e-08 -1.0877369085e-11  9.6920226211e-06      0.0000000000  8.0883471767e-08  8.0329166159e-08    0.035658333333    0.035658333333
 8.0310134027e-08 -2.1222466116e-11  9.6916927513e-06      0.0000000000  8.0616535072e-08  8.1022977392e-08    0.035675000000    0.035675000000
 8.0134709743e-08 -1.4883979132e-11  9.6913626196e-06      0.0000000000  8.0349598377e-08  8.0564010783e-08    0.035691666667    0.035691666667
 7.9896016211e-08 -1.2927753548e-11  9.6910226216e-06      0.0000000000  8.0082661682e-08  7.7435736381e-08    0.035708333333    0.035708333333
 7.9604655258e-08 -1.4587970226e-11  9.6906927448e-06      0.0000000000  7.9815270239e-08  7.8171101764e-08    0.035725000000    0.035725000000
 7.9419719131e-08 -8.9083085105e-12  9.6903626236e-06      0.0000000000  7.9548333544e-08  8.0687100999e-08    0.035741666667    0.035741666667
 7.9243856928e-08 -2.6001533979e-12  9.6900226187e-06      0.0000000000  7.9281396849e-08  7.9152411745e-08    0.035758333333    0.035758333333
 7.9057043145e-08  2.9809524050e-12  9.6896927524e-06      0.0000000000  7.9014005407e-08  7.7782461191e-08    0.035775000000    0.035775000000
 7.8502072574e-08 -1.6969335871e-11  9.6893626206e-06      0.0000000000  7.8747068712e-08  7.9246604296e-08    0.035791666667    0.035791666667
 7.8703197544e-08  1.5450340894e-11  9.6890226227e-06      0.0000000000  7.8480132017e-08  7.8861296859e-08    0.035808333333    0.035808333333
 7.8114901190e-08 -6.7767165772e-12  9.6886927529e-06      0.0000000000  7.8212740575e-08  7.8847665588e-08    0.035825000000    0.035825000000
 7.7924332236e-08 -1.4872052632e-12  9.6883626177e-06      0.0000000000  7.7945803880e-08  7.6447115512e-08    0.035841666667    0.035841666667
 7.7683063826e-08  2.9067484040e-13  9.6880226232e-06      0.0000000000  7.7678867185e-08  7.8850794334e-08    0.035858333333    0.035858333333
 7.7214893490e-08 -1.3616011698e-11  9.6876927499e-06      0.0000000000  7.7411475743e-08  7.8442186386e-08    0.035875000000    0.035875000000
 7.7134150511e-08 -7.1954838541e-13  9.6873626217e-06      0.0000000000  7.7144539048e-08  7.7907107919e-08    0.035891666667    0.035891666667
 7.6891654510e-08  1.0048017007e-12  9.6870226203e-06      0.0000000000  7.6877147605e-08  7.8322240639e-08    0.035908333333    0.035908333333
 7.6695735679e-08  5.9237608141e-12  9.6866927540e-06      0.0000000000  7.6610210910e-08  7.7257319243e-08    0.035925000000    0.035925000000
 7.6500076684e-08  1.0892214637e-11  9.6863626222e-06      0.0000000000  7.6342819468e-08  7.5144771029e-08    0.035941666667    0.035941666667
 7.6240010363e-08  1.1368082051e-11  9.6860226208e-06      0.0000000000  7.6075882773e-08  7.4438460533e-08    0.035958333333    0.035958333333
 7.6152867060e-08  2.3852732841e-11  9.6856927545e-06      0.0000000000  7.5808491331e-08  7.4072695967e-08    0.035975000000    0.035975000000
 7.5887633482e-08  2.4002194435e-11  9.6853626193e-06      0.0000000000  7.5541099888e-08  7.4689027499e-08    0.035991666667    0.035991666667
 7.5731084059e-08  3.1648023930e-11  9.6850226248e-06      0.0000000000  7.5274163193e-08  7.3731316754e-08    0.036008333333    0.036008333333
 7.5328738610e-08  2.2300611817e-11  9.6846927515e-06      0.0000000000  7.5006771751e-08  7.5413544466e-08    0.036025000000    0.036025000000
 7.5097769306e-08  2.4823343388e-11  9.6843626268e-06      0.0000000000  7.4739380309e-08  7.4572147608e-08    0.036041666667    0.036041666667
 7.4526379318e-08  3.7357857534e-12  9.6840226219e-06      0.0000000000  7.4472443614e-08  7.3980217151e-08    0.036058333333    0.036058333333
 7.4063568477e-08 -9.7996823564e-12  9.6836927521e-06      0.0000000000  7.4205052172e-08  7.2855094908e-08    0.036075000000    0.036075000000
 7.3672640445e-08 -1.8356282072e-11  9.6833626238e-06      0.0000000000  7.3937660729e-08  7.3447182588e-08    0.036091666667    0.036091666667
 7.3078847397e-08 -4.0995558277e-11  9.6830226224e-06      0.0000000000  7.3670724034e-08  7.3902847506e-08    0.036108333333    0.036108333333
 7.2968850558e-08 -3.0093827726e-11  9.6826927561e-06      0.0000000000  7.3403332592e-08  7.2914886975e-08    0.036125000000    0.036125000000
 7.2487506053e-08 -4.4913005766e-11  9.6823626209e-06      0.0000000000  7.3135941150e-08  7.5336473545e-08    0.036141666667    0.036141666667
 7.2454876561e-08 -2.8652527431e-11  9.6820226299e-06      0.0000000000  7.2868549707e-08  7.3747180597e-08    0.036158333333    0.036158333333
 7.2331408976e-08 -1.8683830406e-11  9.6816927531e-06      0.0000000000  7.2601158265e-08  7.2825961408e-08    0.036175000000    0.036175000000
 7.2047075968e-08 -1.9888763198e-11  9.6813626249e-06      0.0000000000  7.2334221570e-08  7.1918609325e-08    0.036191666667    0.036191666667
 7.1771104428e-08 -2.0483052410e-11  9.6810226235e-06      0.0000000000  7.2066830128e-08  7.1650401892e-08    0.036208333333    0.036208333333
 7.1758718060e-08 -2.8204606585e-12  9.6806927537e-06      0.0000000000  7.1799438685e-08  7.2141111910e-08    0.036225000000    0.036225000000
 7.1363364082e-08 -1.1683617694e-11  9.6803626254e-06      0.0000000000  7.1532047243e-08  7.1342574156e-08    0.036241666667    0.036241666667
 7.1321979421e-08  3.9704452935e-12  9.6800226205e-06      0.0000000000  7.1264655801e-08  7.2409397955e-08    0.036258333333    0.036258333333
 7.0913888392e-08 -5.7749268920e-12  9.6796927612e-06      0.0000000000  7.0997264358e-08  7.1131816161e-08    0.036275000000    0.036275000000
 7.0980932854e-08  1.7389337012e-11  9.6793626225e-06      0.0000000000  7.0729872916e-08  6.9799096113e-08    0.036291666667    0.036291666667
 7.0553548282e-08  6.3076228993e-12  9.6790226280e-06      0.0000000000  7.0462481474e-08  7.2132417455e-08    0.036308333333    0.036308333333
 7.0318307465e-08  8.5344938092e-12  9.6786927547e-06      0.0000000000  7.0195090031e-08  6.9274001332e-08    0.036325000000    0.036325000000
 7.0151730394e-08  1.5517268876e-11  9.6783626265e-06      0.0000000000  6.9927698589e-08  6.9038276258e-08    0.036341666667    0.036341666667
 6.9518084461e-08 -9.8508676051e-12  9.6780226251e-06      0.0000000000  6.9660307147e-08  6.8467366573e-08    0.036358333333    0.036358333333
 6.9438183518e-08  3.1354157046e-12  9.6776927518e-06      0.0000000000  6.9392915704e-08  7.0003030612e-08    0.036375000000    0.036375000000
 6.8988544174e-08 -9.4877459659e-12  9.6773626305e-06      0.0000000000  6.9125524262e-08  6.9909860013e-08    0.036391666667    0.036391666667
 6.8574807493e-08 -1.9624156857e-11  9.6770226221e-06      0.0000000000  6.8858132820e-08  6.8413800553e-08    0.036408333333    0.036408333333
 6.8022899813e-08 -3.9330800539e-11  9.6766927593e-06      0.0000000000  6.8590741377e-08  6.9354468279e-08    0.036425000000    0.036425000000
 6.8017001668e-08 -2.1187313072e-11  9.6763626241e-06      0.0000000000  6.8322895188e-08  6.7996875486e-08    0.036441666667    0.036441666667
 6.7556656692e-08 -3.4551986283e-11  9.6760226296e-06      0.0000000000  6.8055503745e-08  6.6108543592e-08    0.036458333333    0.036458333333
 6.7482678207e-08 -2.1155491712e-11  9.6756927564e-06      0.0000000000  6.7788112303e-08  6.8484503925e-08    0.036475000000    0.036475000000
 6.7261188415e-08 -1.7976174138e-11  9.6753626246e-06      0.0000000000  6.7520720861e-08  6.8304703221e-08    0.036491666667    0.036491666667
 6.7069420993e-08 -1.2738175652e-11  9.6750226302e-06      0.0000000000  6.7253329419e-08  6.8462178200e-08    0.036508333333    0.036508333333
 6.6715916581e-08 -1.8671180012e-11  9.6746927534e-06      0.0000000000  6.6985483229e-08  6.6942440893e-08    0.036525000000    0.036525000000
 6.6834268882e-08  8.0468540104e-12  9.6743626321e-06      0.0000000000  6.6718091787e-08  6.6188428812e-08    0.036541666667    0.036541666667
 6.6416669484e-08 -2.3571028609e-12  9.6740226237e-06      0.0000000000  6.6450700344e-08  6.3946580056e-08    0.036558333333    0.036558333333
 6.6290606579e-08  7.4633302548e-12  9.6736927609e-06      0.0000000000  6.6182854155e-08  6.4687479704e-08    0.036575000000    0.036575000000
 6.6114823862e-08  1.3808488305e-11  9.6733626257e-06      0.0000000000  6.5915462712e-08  6.7702285963e-08    0.036591666667    0.036591666667
 6.5609930333e-08 -2.6417819449e-12  9.6730226278e-06      0.0000000000  6.5648071270e-08  6.6103229440e-08    0.036608333333    0.036608333333
 6.5448878811e-08  4.7552105387e-12  9.6726927614e-06      0.0000000000  6.5380225080e-08  6.5231409850e-08    0.036625000000    0.036625000000
 6.5029979283e-08 -5.7387981236e-12  9.6723626227e-06      0.0000000000  6.5112833638e-08  6.5227117651e-08    0.036641666667    0.036641666667
 6.4751492580e-08 -6.4757993465e-12  9.6720226353e-06      0.0000000000  6.4844987448e-08  6.5203376914e-08    0.036658333333    0.036658333333
 6.4379243027e-08 -1.3738658702e-11  9.6716927550e-06      0.0000000000  6.4577596006e-08  6.4155750095e-08    0.036675000000    0.036675000000
 6.3942361973e-08 -2.5446636663e-11  9.6713626302e-06      0.0000000000  6.4309749816e-08  6.3547311179e-08    0.036691666667    0.036691666667
 6.3676433175e-08 -2.5345328534e-11  9.6710226253e-06      0.0000000000  6.4042358374e-08  6.5362675684e-08    0.036708333333    0.036708333333
 6.3333229072e-08 -3.0564895453e-11  9.6706927590e-06      0.0000000000  6.3774512184e-08  6.4220258864e-08    0.036725000000    0.036725000000
 6.2991934955e-08 -3.5683667194e-11  9.6703626308e-06      0.0000000000  6.3507120742e-08  6.4203498848e-08    0.036741666667    0.036741666667
 6.2917907439e-08 -2.2259071229e-11  9.6700226259e-06      0.0000000000  6.3239274552e-08  6.3234169292e-08    0.036758333333    0.036758333333
 6.2310378727e-08 -4.5818232678e-11  9.6696927631e-06      0.0000000000  6.2971883110e-08  6.2598876616e-08    0.036775000000    0.036775000000
 6.2152295114e-08 -3.8215671906e-11  9.6693626243e-06      0.0000000000  6.2704036920e-08  6.2851503208e-08    0.036791666667    0.036791666667
 6.2157004146e-08 -1.9368989786e-11  9.6690226334e-06      0.0000000000  6.2436645478e-08  6.2906059735e-08    0.036808333333    0.036808333333
 6.1970250344e-08 -1.3752232007e-11  9.6686927566e-06      0.0000000000  6.2168799288e-08  6.1768013727e-08    0.036825000000    0.036825000000
 6.1697883014e-08 -1.4065382806e-11  9.6683626319e-06      0.0000000000  6.1900953099e-08  6.1405456519e-08    0.036841666667    0.036841666667
 6.1549118738e-08 -5.8488278800e-12  9.6680226304e-06      0.0000000000  6.1633561656e-08  6.0248056307e-08    0.036858333333    0.036858333333
 6.1609054832e-08  1.6854581733e-11  9.6676927571e-06      0.0000000000  6.1365715467e-08  6.1536313572e-08    0.036875000000    0.036875000000
 6.1172656585e-08  5.1800447054e-12  9.6673626359e-06      0.0000000000  6.1097869277e-08  6.1643021108e-08    0.036891666667    0.036891666667
 6.0634545084e-08 -1.3571024743e-11  9.6670226240e-06      0.0000000000  6.0830477835e-08  6.0861887986e-08    0.036908333333    0.036908333333
 6.0751277030e-08  1.3066274961e-11  9.6666927647e-06      0.0000000000  6.0562631645e-08  6.0854907267e-08    0.036925000000    0.036925000000
 6.0236967443e-08 -4.0046887337e-12  9.6663626259e-06      0.0000000000  6.0294785455e-08  5.9536337327e-08    0.036941666667    0.036941666667
 6.0348343634e-08  2.2261651630e-11  9.6660226350e-06      0.0000000000  6.0026939266e-08  5.9141423538e-08    0.036958333333    0.036958333333
 5.9860759651e-08  7.0418018756e-12  9.6656927582e-06      0.0000000000  5.9759093076e-08  5.9252234605e-08    0.036975000000    0.036975000000
 5.9820923336e-08  2.2803109032e-11  9.6653626300e-06      0.0000000000  5.9491701634e-08  6.0077295950e-08    0.036991666667    0.036991666667
 5.9658056549e-08  3.0074369525e-11  9.6650226355e-06      0.0000000000  5.9223855444e-08  5.8626972784e-08    0.037008333333    0.037008333333
 5.9496554550e-08  3.7440160340e-11  9.6646927552e-06      0.0000000000  5.8956009254e-08  5.9153183850e-08    0.037025000000    0.037025000000
 5.9112413723e-08  2.9385164920e-11  9.6643626375e-06      0.0000000000  5.8688163065e-08  5.8860874067e-08    0.037041666667    0.037041666667
 5.8587752526e-08  1.1597210570e-11  9.6640226256e-06      0.0000000000  5.8420316875e-08  5.7332992586e-08    0.037058333333    0.037058333333
 5.8215337716e-08  4.3544023560e-12  9.6636927663e-06      0.0000000000  5.8152470685e-08  5.7178457686e-08    0.037075000000    0.037075000000
 5.7945030395e-08  4.1839353446e-12  9.6633626310e-06      0.0000000000  5.7884624496e-08  5.7759649783e-08    0.037091666667    0.037091666667
 5.7633840589e-08  1.1817966171e-12  9.6630226331e-06      0.0000000000  5.7616778306e-08  5.8942661690e-08    0.037108333333    0.037108333333
 5.7252042988e-08 -6.7108983082e-12  9.6626927633e-06      0.0000000000  5.7348932116e-08  5.8328892900e-08    0.037125000000    0.037125000000
 5.6884511280e-08 -1.3615484876e-11  9.6623626281e-06      0.0000000000  5.7081085927e-08  5.7662014039e-08    0.037141666667    0.037141666667
 5.6714176894e-08 -6.8614577373e-12  9.6620226371e-06      0.0000000000  5.6813239737e-08  5.7636433788e-08    0.037158333333    0.037158333333
 5.6494221152e-08 -3.5443887770e-12  9.6616927568e-06      0.0000000000  5.6545393547e-08  5.7017696739e-08    0.037175000000    0.037175000000
 5.6236257851e-08 -2.8598634461e-12  9.6613626391e-06      0.0000000000  5.6277547358e-08  5.6912561437e-08    0.037191666667    0.037191666667
 5.5917085578e-08 -6.4148972216e-12  9.6610226307e-06      0.0000000000  5.6009701168e-08  5.5287908942e-08    0.037208333333    0.037208333333
 5.5681679505e-08 -4.1679751700e-12  9.6606927644e-06      0.0000000000  5.5741854978e-08  5.5336286588e-08    0.037225000000    0.037225000000
 5.5478822368e-08  3.3340623504e-13  9.6603626361e-06      0.0000000000  5.5474008789e-08  5.5451531356e-08    0.037241666667    0.037241666667
 5.5150697338e-08 -3.8102310123e-12  9.6600226312e-06      0.0000000000  5.5205707851e-08  5.5714566138e-08    0.037258333333    0.037258333333
 5.5143102826e-08  1.4215759779e-11  9.6596927649e-06      0.0000000000  5.4937861662e-08  5.5784043168e-08    0.037275000000    0.037275000000
 5.4691318639e-08  1.4755358682e-12  9.6593626297e-06      0.0000000000  5.4670015472e-08  5.4563140417e-08    0.037291666667    0.037291666667
 5.4670337277e-08  1.8574304120e-11  9.6590226387e-06      0.0000000000  5.4402169282e-08  5.3362488042e-08    0.037308333333    0.037308333333
 5.4452312759e-08  2.2025136818e-11  9.6586927585e-06      0.0000000000  5.4134323093e-08  5.3053025183e-08    0.037325000000    0.037325000000
 5.3908192762e-08  2.9208916815e-12  9.6583626372e-06      0.0000000000  5.3866022156e-08  5.4060009748e-08    0.037341666667    0.037341666667
 5.3901631460e-08  2.1018446443e-11  9.6580226358e-06      0.0000000000  5.3598175966e-08  5.3643100404e-08    0.037358333333    0.037358333333
 5.3322488515e-08 -5.4311469417e-13  9.6576927625e-06      0.0000000000  5.3330329776e-08  5.3989557933e-08    0.037375000000    0.037375000000
 5.3327405548e-08  1.8349471907e-11  9.6573626377e-06      0.0000000000  5.3062483587e-08  5.2950829960e-08    0.037391666667    0.037391666667
 5.2721175359e-08 -5.0567541788e-12  9.6570226328e-06      0.0000000000  5.2794182650e-08  5.2925281154e-08    0.037408333333    0.037408333333
 5.2615648415e-08  6.1860752882e-12  9.6566927665e-06      0.0000000000  5.2526336460e-08  5.2786672986e-08    0.037425000000    0.037425000000
 5.2242286559e-08 -1.0908312987e-12  9.6563626313e-06      0.0000000000  5.2258035523e-08  5.1977129593e-08    0.037441666667    0.037441666667
 5.2135813240e-08  1.0086448755e-11  9.6560226403e-06      0.0000000000  5.1990189333e-08  5.0808928133e-08    0.037458333333    0.037458333333
 5.1646974015e-08 -5.2203437268e-12  9.6556927635e-06      0.0000000000  5.1722343144e-08  5.2160530713e-08    0.037475000000    0.037475000000
 5.1368261136e-08 -5.9415132509e-12  9.6553626353e-06      0.0000000000  5.1454042207e-08  5.2045616115e-08    0.037491666667    0.037491666667
 5.1302731222e-08  8.0716579620e-12  9.6550226374e-06      0.0000000000  5.1186196017e-08  5.1452710873e-08    0.037508333333    0.037508333333
 5.0915875910e-08 -1.3985518917e-13  9.6546927641e-06      0.0000000000  5.0917895080e-08  5.1084745180e-08    0.037525000000    0.037525000000
 5.0790881751e-08  9.7546032375e-12  9.6543626393e-06      0.0000000000  5.0650048890e-08  4.9175345347e-08    0.037541666667    0.037541666667
 5.0555973577e-08  1.2067509136e-11  9.6540226309e-06      0.0000000000  5.0381747953e-08  5.0365605253e-08    0.037558333333    0.037558333333
 5.0335712173e-08  1.5363406858e-11  9.6536927681e-06      0.0000000000  5.0113901764e-08  4.9781032853e-08    0.037575000000    0.037575000000
 5.0310384352e-08  3.2192620728e-11  9.6533626364e-06      0.0000000000  4.9845600827e-08  5.0284698081e-08    0.037591666667    0.037591666667
 5.0081081087e-08  3.4862245812e-11  9.6530226384e-06      0.0000000000  4.9577754637e-08  4.9907283260e-08    0.037608333333    0.037608333333
 4.9924451367e-08  4.2597006072e-11  9.6526927651e-06      0.0000000000  4.9309453700e-08  4.8837943886e-08    0.037625000000    0.037625000000
 4.9628002909e-08  4.0647405018e-11  9.6523626369e-06      0.0000000000  4.9041152763e-08  4.8923017479e-08    0.037641666667    0.037641666667
 4.9281277555e-08  3.5183943206e-11  9.6520226390e-06      0.0000000000  4.8773306573e-08  4.8897342894e-08    0.037658333333    0.037658333333
 4.8707441333e-08  1.4021442803e-11  9.6516927622e-06      0.0000000000  4.8505005636e-08  4.9282839000e-08    0.037675000000    0.037675000000
 4.8465057148e-08  1.5785035093e-11  9.6513626409e-06      0.0000000000  4.8237159447e-08  4.8115297877e-08    0.037691666667    0.037691666667
 4.8106289023e-08  9.5189441278e-12  9.6510226360e-06      0.0000000000  4.7968858509e-08  4.7680810954e-08    0.037708333333    0.037708333333
 4.7672921871e-08 -1.9141505590e-12  9.6506927697e-06      0.0000000000  4.7700557572e-08  4.7767771228e-08    0.037725000000    0.037725000000
 4.7184551690e-08 -1.7156957877e-11  9.6503626380e-06      0.0000000000  4.7432256635e-08  4.7673893124e-08    0.037741666667    0.037741666667
 4.7067263460e-08 -6.7287584519e-12  9.6500226400e-06      0.0000000000  4.7164410446e-08  4.6992942766e-08    0.037758333333    0.037758333333
 4.6788334694e-08 -7.4648810887e-12  9.6496927668e-06      0.0000000000  4.6896109509e-08  4.6236022052e-08    0.037775000000    0.037775000000
 4.6373160276e-08 -1.7637879919e-11  9.6493626350e-06      0.0000000000  4.6627808572e-08  4.6474860151e-08    0.037791666667    0.037791666667
 4.6054305552e-08 -2.1139421618e-11  9.6490226406e-06      0.0000000000  4.6359507635e-08  4.6273331170e-08    0.037808333333    0.037808333333
 4.5913049884e-08 -1.2371295311e-11  9.6486927638e-06      0.0000000000  4.6091661445e-08  4.6082713495e-08    0.037825000000    0.037825000000
 4.5806141182e-08 -1.1926740130e-12  9.6483626425e-06      0.0000000000  4.5823360508e-08  4.6367460832e-08    0.037841666667    0.037841666667
 4.5715950879e-08  1.1143925226e-11  9.6480226376e-06      0.0000000000  4.5555059571e-08  4.5315463202e-08    0.037858333333    0.037858333333
 4.5562620379e-08  1.9107201621e-11  9.6476927713e-06      0.0000000000  4.5286758634e-08  4.5023735144e-08    0.037875000000    0.037875000000
 4.5098069347e-08  5.5141964091e-12  9.6473626396e-06      0.0000000000  4.5018457697e-08  4.4295051757e-08    0.037891666667    0.037891666667
 4.4960498313e-08  1.4569031534e-11  9.6470226382e-06      0.0000000000  4.4750156760e-08  4.4465749224e-08    0.037908333333    0.037908333333
 4.4695909450e-08  1.4826143508e-11  9.6466927684e-06      0.0000000000  4.4481855823e-08  4.3818979239e-08    0.037925000000    0.037925000000
 4.4429138475e-08  1.4932114303e-11  9.6463626401e-06      0.0000000000  4.4213554886e-08  4.4269502951e-08    0.037941666667    0.037941666667
 4.4356716079e-08  2.8499384337e-11  9.6460226422e-06      0.0000000000  4.3945253949e-08  4.3636993129e-08    0.037958333333    0.037958333333
 4.3906627055e-08  1.5908071128e-11  9.6456927654e-06      0.0000000000  4.3676953012e-08  4.3960008647e-08    0.037975000000    0.037975000000
 4.3575576333e-08  1.1561789592e-11  9.6453626441e-06      0.0000000000  4.3408652075e-08  4.2859413257e-08    0.037991666667    0.037991666667
 4.3227623654e-08  6.0448162681e-12  9.6450226392e-06      0.0000000000  4.3140351138e-08  4.2416011766e-08    0.038008333333    0.038008333333
 4.2935127688e-08  4.3689793205e-12  9.6446927694e-06      0.0000000000  4.2872050201e-08  4.3045109840e-08    0.038025000000    0.038025000000
 4.2568798717e-08 -2.4208037073e-12  9.6443626412e-06      0.0000000000  4.2603749264e-08  4.2867274428e-08    0.038041666667    0.038041666667
 4.2146169527e-08 -1.3110147588e-11  9.6440226398e-06      0.0000000000  4.2335448327e-08  4.2103640274e-08    0.038058333333    0.038058333333
 4.1892492565e-08 -1.2097237189e-11  9.6436927700e-06      0.0000000000  4.2067147390e-08  4.1312161852e-08    0.038075000000    0.038075000000
 4.1439706292e-08 -2.4875371777e-11  9.6433626382e-06      0.0000000000  4.1798846453e-08  4.0855459259e-08    0.038091666667    0.038091666667
 4.1241879073e-08 -1.9994102193e-11  9.6430226473e-06      0.0000000000  4.1530545516e-08  4.0864169437e-08    0.038108333333    0.038108333333
 4.0797145134e-08 -3.2183005023e-11  9.6426927670e-06      0.0000000000  4.1261789831e-08  4.2279510392e-08    0.038125000000    0.038125000000
 4.0687661555e-08 -2.1182729205e-11  9.6423626423e-06      0.0000000000  4.0993488894e-08  4.1555653764e-08    0.038141666667    0.038141666667
 4.0322198269e-08 -2.7912551731e-11  9.6420226408e-06      0.0000000000  4.0725187957e-08  4.0938001555e-08    0.038158333333    0.038158333333
 4.0313199288e-08 -9.9523421458e-12  9.6416927710e-06      0.0000000000  4.0456887020e-08  3.9993308910e-08    0.038175000000    0.038175000000
 4.0133577628e-08 -3.8100884017e-12  9.6413626428e-06      0.0000000000  4.0188586083e-08  3.9803194349e-08    0.038191666667    0.038191666667
 3.9659764972e-08 -1.8013090400e-11  9.6410226414e-06      0.0000000000  3.9919830399e-08  3.9722397233e-08    0.038208333333    0.038208333333
 3.9593776963e-08 -4.0001509809e-12  9.6406927751e-06      0.0000000000  3.9651529462e-08  3.9784877821e-08    0.038225000000    0.038225000000
 3.9149520622e-08 -1.6187471055e-11  9.6403626398e-06      0.0000000000  3.9383228525e-08  4.0583557076e-08    0.038241666667    0.038241666667
 3.9129174358e-08  1.0182813487e-12  9.6400226454e-06      0.0000000000  3.9114472840e-08  3.9881633114e-08    0.038258333333    0.038258333333
 3.8775038181e-08 -4.9269839183e-12  9.6396927686e-06      0.0000000000  3.8846171903e-08  3.9598835347e-08    0.038275000000    0.038275000000
 3.8565883854e-08 -8.3027159358e-13  9.6393626439e-06      0.0000000000  3.8577870966e-08  3.8472329538e-08    0.038291666667    0.038291666667
 3.8264599718e-08 -3.0833121151e-12  9.6390226424e-06      0.0000000000  3.8309115282e-08  3.8055357304e-08    0.038308333333    0.038308333333
 3.8189952994e-08  1.0329892741e-11  9.6386927691e-06      0.0000000000  3.8040814345e-08  3.8550218020e-08    0.038325000000    0.038325000000
 3.8053318449e-08  1.9449592545e-11  9.6383626479e-06      0.0000000000  3.7772513408e-08  3.8898027672e-08    0.038341666667    0.038341666667
 3.7717528769e-08  1.4806570831e-11  9.6380226395e-06      0.0000000000  3.7503757724e-08  3.7011000732e-08    0.038358333333    0.038358333333
 3.7777508813e-08  3.7544522040e-11  9.6376927767e-06      0.0000000000  3.7235456787e-08  3.6762006000e-08    0.038375000000    0.038375000000
 3.7199104099e-08  1.6097088498e-11  9.6373626414e-06      0.0000000000  3.6966701102e-08  3.7101640034e-08    0.038391666667    0.038391666667
 3.7049945450e-08  2.4349322695e-11  9.6370226470e-06      0.0000000000  3.6698400165e-08  3.6632846960e-08    0.038408333333    0.038408333333
 3.6453798479e-08  1.6729949641e-12  9.6366927702e-06      0.0000000000  3.6429644481e-08  3.5526434304e-08    0.038425000000    0.038425000000
 3.6403540813e-08  1.6775475924e-11  9.6363626455e-06      0.0000000000  3.6161343544e-08  3.5426707488e-08    0.038441666667    0.038441666667
 3.5945178755e-08  3.6426393403e-12  9.6360226475e-06      0.0000000000  3.5892587859e-08  3.5182130735e-08    0.038458333333    0.038458333333
 3.5598397422e-08 -1.7932022425e-12  9.6356927672e-06      0.0000000000  3.5624286922e-08  3.5051540962e-08    0.038475000000    0.038475000000
 3.5430101666e-08  5.1650227873e-12  9.6353626495e-06      0.0000000000  3.5355531238e-08  3.6027568235e-08    0.038491666667    0.038491666667
 3.5077831650e-08 -6.1948772805e-13  9.6350226411e-06      0.0000000000  3.5086775554e-08  3.6097060987e-08    0.038508333333    0.038508333333
 3.4906974512e-08  6.1298290854e-12  9.6346927783e-06      0.0000000000  3.4818474617e-08  3.5175826076e-08    0.038525000000    0.038525000000
 3.4559149680e-08  6.5320834489e-13  9.6343626430e-06      0.0000000000  3.4549718932e-08  3.3964545398e-08    0.038541666667    0.038541666667
 3.3945451625e-08 -2.3270269602e-11  9.6340226486e-06      0.0000000000  3.4281417995e-08  3.3719135361e-08    0.038558333333    0.038558333333
 3.4144142248e-08  9.1067852323e-12  9.6336927753e-06      0.0000000000  3.4012662311e-08  3.3767230005e-08    0.038575000000    0.038575000000
 3.3326403017e-08 -2.8917839447e-11  9.6333626436e-06      0.0000000000  3.3743906626e-08  3.3908338025e-08    0.038591666667    0.038591666667
 3.3533176034e-08  4.0190318015e-12  9.6330226491e-06      0.0000000000  3.3475150942e-08  3.5039576260e-08    0.038608333333    0.038608333333
 3.3031376788e-08 -1.2153922056e-11  9.6326927689e-06      0.0000000000  3.3206850005e-08  3.4085088595e-08    0.038625000000    0.038625000000
 3.3008828906e-08  4.8993382071e-12  9.6323626511e-06      0.0000000000  3.2938094321e-08  3.1560221959e-08    0.038641666667    0.038641666667
 3.2770633400e-08  7.0160488077e-12  9.6320226427e-06      0.0000000000  3.2669338636e-08  3.2069610120e-08    0.038658333333    0.038658333333
 3.2579445364e-08  1.2388670182e-11  9.6316927764e-06      0.0000000000  3.2400582952e-08  3.3094140819e-08    0.038675000000    0.038675000000
 3.2542417175e-08  2.8407473454e-11  9.6313626481e-06      0.0000000000  3.2132282015e-08  3.2666886173e-08    0.038691666667    0.038691666667
 3.1953757306e-08  6.2497300395e-12  9.6310226467e-06      0.0000000000  3.1863526330e-08  3.1948123583e-08    0.038708333333    0.038708333333
 3.2014151620e-08  2.9047872615e-11  9.6306927769e-06      0.0000000000  3.1594770646e-08  3.1776294106e-08    0.038725000000    0.038725000000
 3.1375651835e-08  3.4380328467e-12  9.6303626452e-06      0.0000000000  3.1326014962e-08  3.1456344445e-08    0.038741666667    0.038741666667
 3.1220888010e-08  1.1333529352e-11  9.6300226507e-06      0.0000000000  3.1057259277e-08  3.0704140434e-08    0.038758333333    0.038758333333
 3.0838824286e-08  3.4853967350e-12  9.6296927705e-06      0.0000000000  3.0788503593e-08  3.0566648552e-08    0.038775000000    0.038775000000
 3.0506304702e-08 -9.3112603274e-13  9.6293626492e-06      0.0000000000  3.0519747909e-08  3.0583660126e-08    0.038791666667    0.038791666667
 3.0083418211e-08 -1.1638291507e-11  9.6290226478e-06      0.0000000000  3.0251446972e-08  2.9966086530e-08    0.038808333333    0.038808333333
 2.9593910481e-08 -2.6928392210e-11  9.6286927745e-06      0.0000000000  2.9982691287e-08  3.0928435366e-08    0.038825000000    0.038825000000
 2.9413125889e-08 -2.0835189952e-11  9.6283626497e-06      0.0000000000  2.9713935603e-08  2.9158476985e-08    0.038841666667    0.038841666667
 2.9006779447e-08 -3.0365233155e-11  9.6280226483e-06      0.0000000000  2.9445179918e-08  2.8987842406e-08    0.038858333333    0.038858333333
 2.8699569379e-08 -3.3028725520e-11  9.6276927785e-06      0.0000000000  2.9176424234e-08  2.9274790871e-08    0.038875000000    0.038875000000
 2.8536826295e-08 -2.5685901986e-11  9.6273626433e-06      0.0000000000  2.8907668550e-08  2.7818493215e-08    0.038891666667    0.038891666667
 2.8250734654e-08 -2.6886654205e-11  9.6270226523e-06      0.0000000000  2.8638912865e-08  2.9618544158e-08    0.038908333333    0.038908333333
 2.8105092847e-08 -1.8359333164e-11  9.6266927755e-06      0.0000000000  2.8370157181e-08  2.7793306023e-08    0.038925000000    0.038925000000
 2.8182291725e-08  5.6342529477e-12  9.6263626508e-06      0.0000000000  2.8100946749e-08  2.7790397389e-08    0.038941666667    0.038941666667
 2.7773885542e-08 -4.0384555354e-12  9.6260226494e-06      0.0000000000  2.7832191065e-08  2.7891492049e-08    0.038958333333    0.038958333333
 2.7480065530e-08 -5.7745032848e-12  9.6256927796e-06      0.0000000000  2.7563435381e-08  2.7380138596e-08    0.038975000000    0.038975000000
 2.7257323560e-08 -2.5874236995e-12  9.6253627072e-06      0.0000000000  2.7294679696e-08  2.7112072663e-08    0.038991666667    0.038991666667
 2.6661453661e-08 -2.5244560368e-11  9.6250227023e-06      0.0000000000  2.7025924012e-08  2.6275361063e-08    0.039008333333    0.039008333333
 2.6429499366e-08 -2.2695560458e-11  9.6246928360e-06      0.0000000000  2.6757168327e-08  2.7096916325e-08    0.039025000000    0.039025000000
 2.6355273592e-08 -9.2217015771e-12  9.6243627043e-06      0.0000000000  2.6488412643e-08  2.6422302072e-08    0.039041666667    0.039041666667
 2.5926069469e-08 -2.0303454560e-11  9.6240227098e-06      0.0000000000  2.6219202211e-08  2.6052779866e-08    0.039058333333    0.039058333333
 2.5789424101e-08 -1.1153006957e-11  9.6236928330e-06      0.0000000000  2.5950446527e-08  2.6817388806e-08    0.039075000000    0.039075000000
 2.5603151230e-08 -5.4399431778e-12  9.6233627048e-06      0.0000000000  2.5681690843e-08  2.5892694979e-08    0.039091666667    0.039091666667
 2.5226160577e-08 -1.2936696150e-11  9.6230227069e-06      0.0000000000  2.5412935158e-08  2.5270734849e-08    0.039108333333    0.039108333333
 2.5233890945e-08  6.2452447459e-12  9.6226928301e-06      0.0000000000  2.5143724726e-08  2.4712277259e-08    0.039125000000    0.039125000000
 2.4629575011e-08 -1.6996895450e-11  9.6223627088e-06      0.0000000000  2.4874969042e-08  2.4345144849e-08    0.039141666667    0.039141666667
 2.4900724229e-08  2.0398908915e-11  9.6220227039e-06      0.0000000000  2.4606213358e-08  2.4101354213e-08    0.039158333333    0.039158333333
 2.4247620560e-08 -6.2224497160e-12  9.6216928376e-06      0.0000000000  2.4337457673e-08  2.4469178406e-08    0.039175000000    0.039175000000
 2.4257787669e-08  1.3128268889e-11  9.6213627059e-06      0.0000000000  2.4068247242e-08  2.3846243491e-08    0.039191666667    0.039191666667
 2.3899337361e-08  6.9156885060e-12  9.6210227079e-06      0.0000000000  2.3799491557e-08  2.4028433991e-08    0.039208333333    0.039208333333
 2.3736410451e-08  1.4245779686e-11  9.6206928346e-06      0.0000000000  2.3530735873e-08  2.3785791085e-08    0.039225000000    0.039225000000
 2.3609955176e-08  2.4133528175e-11  9.6203627064e-06      0.0000000000  2.3261525441e-08  2.2619680696e-08    0.039241666667    0.039241666667
 2.3070478745e-08  5.3824110678e-12  9.6200227085e-06      0.0000000000  2.2992769757e-08  2.2713008519e-08    0.039258333333    0.039258333333
 2.2979327100e-08  1.7715419150e-11  9.6196928317e-06      0.0000000000  2.2723559325e-08  2.2243429328e-08    0.039275000000    0.039275000000
 2.2402564247e-08 -3.6182930084e-12  9.6193627139e-06      0.0000000000  2.2454803641e-08  2.1876328363e-08    0.039291666667    0.039291666667
 2.2361935179e-08  1.2214095095e-11  9.6190227055e-06      0.0000000000  2.2185593209e-08  2.3135342072e-08    0.039308333333    0.039308333333
 2.1917362086e-08  3.6333074620e-14  9.6186928357e-06      0.0000000000  2.1916837525e-08  2.0838433674e-08    0.039325000000    0.039325000000
 2.1553937696e-08 -6.4892730533e-12  9.6183627075e-06      0.0000000000  2.1647627093e-08  2.1308861871e-08    0.039341666667    0.039341666667
 2.1269906332e-08 -7.5473229791e-12  9.6180227095e-06      0.0000000000  2.1378871408e-08  2.1378386068e-08    0.039358333333    0.039358333333
 2.1132918829e-08  1.6109245766e-12  9.6176928362e-06      0.0000000000  2.1109660977e-08  2.0754319144e-08    0.039375000000    0.039375000000
 2.0701131148e-08 -9.6812726482e-12  9.6173627045e-06      0.0000000000  2.0840905292e-08  1.9872075641e-08    0.039391666667    0.039391666667
 2.0448833130e-08 -8.5098564806e-12  9.6170227136e-06      0.0000000000  2.0571694861e-08  2.0474728735e-08    0.039408333333    0.039408333333
 2.0345920869e-08  2.9770705205e-12  9.6166928333e-06      0.0000000000  2.0302939176e-08  1.9404320242e-08    0.039425000000    0.039425000000
 1.9988467298e-08 -3.1349747012e-12  9.6163627120e-06      0.0000000000  2.0033728745e-08  2.0103524239e-08    0.039441666667    0.039441666667
 1.9804665499e-08  2.7807421560e-12  9.6160227071e-06      0.0000000000  1.9764518313e-08  1.9811340233e-08    0.039458333333    0.039458333333
 1.9462981950e-08 -2.2705106411e-12  9.6156928373e-06      0.0000000000  1.9495762628e-08  1.9155624235e-08    0.039475000000    0.039475000000
 1.9085249986e-08 -9.7871121140e-12  9.6153627091e-06      0.0000000000  1.9226552197e-08  1.9568602994e-08    0.039491666667    0.039491666667
 1.8722482074e-08 -1.6267248195e-11  9.6150227076e-06      0.0000000000  1.8957341765e-08  1.9308995682e-08    0.039508333333    0.039508333333
 1.8710002584e-08  1.4833860174e-12  9.6146928378e-06      0.0000000000  1.8688586081e-08  1.9073537887e-08    0.039525000000    0.039525000000
 1.8196195434e-08 -1.5458284612e-11  9.6143627061e-06      0.0000000000  1.8419375649e-08  1.7880133512e-08    0.039541666667    0.039541666667
 1.8188784338e-08  2.6749026902e-12  9.6140227152e-06      0.0000000000  1.8150165217e-08  1.7850276785e-08    0.039558333333    0.039558333333
 1.7545530235e-08 -2.3264238674e-11  9.6136928349e-06      0.0000000000  1.7881409533e-08  1.7225266520e-08    0.039575000000    0.039575000000
 1.7303278165e-08 -2.1397003089e-11  9.6133627136e-06      0.0000000000  1.7612199101e-08  1.7875668367e-08    0.039591666667    0.039591666667
 1.7023684367e-08 -2.2116193365e-11  9.6130227087e-06      0.0000000000  1.7342988669e-08  1.7280184661e-08    0.039608333333    0.039608333333
 1.6792643179e-08 -1.9472450774e-11  9.6126928354e-06      0.0000000000  1.7073778238e-08  1.7487106405e-08    0.039625000000    0.039625000000
 1.6584236970e-08 -1.5260926121e-11  9.6123627142e-06      0.0000000000  1.6804567806e-08  1.7339049110e-08    0.039641666667    0.039641666667
 1.6472733859e-08 -4.3690330762e-12  9.6120227092e-06      0.0000000000  1.6535812122e-08  1.5859183663e-08    0.039658333333    0.039658333333
 1.6307517291e-08  2.8339654333e-12  9.6116928394e-06      0.0000000000  1.6266601690e-08  1.5726817265e-08    0.039675000000    0.039675000000
 1.6097405096e-08  6.9273271837e-12  9.6113627077e-06      0.0000000000  1.5997391258e-08  1.6939623010e-08    0.039691666667    0.039691666667
 1.5860042007e-08  9.1331915538e-12  9.6110227168e-06      0.0000000000  1.5728180826e-08  1.6032443872e-08    0.039708333333    0.039708333333
 1.5439992230e-08 -1.3144976279e-12  9.6106928365e-06      0.0000000000  1.5458970395e-08  1.4812468739e-08    0.039725000000    0.039725000000
 1.5193475062e-08  2.5732144698e-13  9.6103627117e-06      0.0000000000  1.5189759963e-08  1.5518700623e-08    0.039741666667    0.039741666667
 1.5058084265e-08  9.5261628174e-12  9.6100227138e-06      0.0000000000  1.4920549531e-08  1.5243245190e-08    0.039758333333    0.039758333333
 1.4665764448e-08  9.9915286172e-13  9.6096928370e-06      0.0000000000  1.4651339099e-08  1.4704912197e-08    0.039775000000    0.039775000000
 1.4317870813e-08 -4.4507359528e-12  9.6093627158e-06      0.0000000000  1.4382128668e-08  1.5036480669e-08    0.039791666667    0.039791666667
 1.3983171118e-08 -8.9867637965e-12  9.6090227074e-06      0.0000000000  1.4112918236e-08  1.5069859201e-08    0.039808333333    0.039808333333
 1.3692630151e-08 -1.0464195333e-11  9.6086928445e-06      0.0000000000  1.3843707804e-08  1.3605558873e-08    0.039825000000    0.039825000000
 1.3523638237e-08 -3.5226912349e-12  9.6083627093e-06      0.0000000000  1.3574497373e-08  1.3939312750e-08    0.039841666667    0.039841666667
 1.2958986549e-08 -2.3986042010e-11  9.6080227149e-06      0.0000000000  1.3305286941e-08  1.3779196418e-08    0.039858333333    0.039858333333
 1.2753422137e-08 -1.9577684055e-11  9.6076928381e-06      0.0000000000  1.3036076509e-08  1.3348482857e-08    0.039875000000    0.039875000000
 1.2385636460e-08 -2.6405368971e-11  9.6073627133e-06      0.0000000000  1.2766866077e-08  1.2906244820e-08    0.039891666667    0.039891666667
 1.2064584389e-08 -2.9996112099e-11  9.6070227154e-06      0.0000000000  1.2497655646e-08  1.2154952704e-08    0.039908333333    0.039908333333
 1.1886444274e-08 -2.3688246157e-11  9.6066928351e-06      0.0000000000  1.2228445214e-08  1.1720025555e-08    0.039925000000    0.039925000000
 1.1633891895e-08 -2.2534448013e-11  9.6063627209e-06      0.0000000000  1.1959234782e-08  1.2103839370e-08    0.039941666667    0.039941666667
 1.1433609761e-08 -1.7760219958e-11  9.6060227090e-06      0.0000000000  1.1690024350e-08  1.3064726028e-08    0.039958333333    0.039958333333
 1.1258044790e-08 -1.1273990029e-11  9.6056928427e-06      0.0000000000  1.1420813919e-08  1.1127198925e-08    0.039975000000    0.039975000000
 1.0933133475e-08 -1.5132038556e-11  9.6053627144e-06      0.0000000000  1.1151603487e-08  1.1106099542e-08    0.039991666667    0.039991666667
 1.0780292320e-08 -7.0403759051e-12  9.6050227165e-06      0.0000000000  1.0881938308e-08  1.1008432353e-08    0.040008333333    0.040008333333
 1.0542733116e-08 -4.8480951796e-12  9.6046928397e-06      0.0000000000  1.0612727876e-08  1.0940291722e-08    0.040025000000    0.040025000000
 1.0335952203e-08 -5.2399653463e-13  9.6043627115e-06      0.0000000000  1.0343517444e-08  9.9560573865e-09    0.040041666667    0.040041666667
 1.0068461422e-08 -4.0488717586e-13  9.6040227205e-06      0.0000000000  1.0074307013e-08  9.7827657322e-09    0.040058333333    0.040058333333
 9.7053962620e-09 -6.8741142408e-12  9.6036928367e-06      0.0000000000  9.8046418337e-09  9.6603830216e-09    0.040075000000    0.040075000000
 9.4655582234e-09 -4.8396739847e-12  9.6033627190e-06      0.0000000000  9.5354314020e-09  9.4333209574e-09    0.040091666667    0.040091666667
 9.2439030333e-09 -1.5458226059e-12  9.6030227141e-06      0.0000000000  9.2662209702e-09  9.5786111205e-09    0.040108333333    0.040108333333
 8.9470372254e-09 -3.4613359331e-12  9.6026928443e-06      0.0000000000  8.9970105385e-09  9.3573977675e-09    0.040125000000    0.040125000000
 8.7450321362e-09  1.2250513726e-12  9.6023627160e-06      0.0000000000  8.7273453594e-09  9.1482748956e-09    0.040141666667    0.040141666667
 8.4826911095e-09  1.7008516925e-12  9.6020227146e-06      0.0000000000  8.4581349277e-09  7.8874059510e-09    0.040158333333    0.040158333333
 8.1518346263e-09 -2.5689811327e-12  9.6016928448e-06      0.0000000000  8.1889244960e-09  7.3847783973e-09    0.040175000000    0.040175000000
 8.0162657476e-09  6.7190230756e-12  9.6013627096e-06      0.0000000000  7.9192593169e-09  8.6537915152e-09    0.040191666667    0.040191666667
 7.7212218850e-09  4.9297043973e-12  9.6010227221e-06      0.0000000000  7.6500488852e-09  8.0166907698e-09    0.040208333333    0.040208333333
 7.5296389427e-09  1.0337968030e-11  9.6006928383e-06      0.0000000000  7.3803837061e-09  7.0491221165e-09    0.040225000000    0.040225000000
 7.3570258494e-09  1.7028655868e-11  9.6003627206e-06      0.0000000000  7.1111732744e-09  6.8552813611e-09    0.040241666667    0.040241666667
 7.1428382570e-09  2.0839740601e-11  9.6000227157e-06      0.0000000000  6.8419628427e-09  6.3740361927e-09    0.040258333333    0.040258333333
 6.6797165320e-09  7.4402269060e-12  9.5996928424e-06      0.0000000000  6.5722976636e-09  6.2265449017e-09    0.040275000000    0.040275000000
 6.4266329859e-09  8.5572344700e-12  9.5993627211e-06      0.0000000000  6.3030872319e-09  6.3511287403e-09    0.040291666667    0.040291666667
 6.3134476629e-09  1.9395606286e-11  9.5990227127e-06      0.0000000000  6.0334220528e-09  6.5658644883e-09    0.040308333333    0.040308333333
 5.6322556010e-09 -9.1397605042e-12  9.5986928464e-06      0.0000000000  5.7642116211e-09  5.8226064892e-09    0.040325000000    0.040325000000
 5.2434307157e-09 -1.7393201134e-11  9.5983627147e-06      0.0000000000  5.4945464420e-09  5.6858850026e-09    0.040341666667    0.040341666667
 4.7995486981e-09 -2.9491599233e-11  9.5980227237e-06      0.0000000000  5.2253360103e-09  4.9757068113e-09    0.040358333333    0.040358333333
 4.6532867452e-09 -2.0944236767e-11  9.5976928399e-06      0.0000000000  4.9556708312e-09  4.5754317045e-09    0.040375000000    0.040375000000
 4.5491698708e-09 -9.5092482397e-12  9.5973627187e-06      0.0000000000  4.6864603995e-09  5.0690503561e-09    0.040391666667    0.040391666667
 4.3198497631e-09 -6.7147998330e-12  9.5970227208e-06      0.0000000000  4.4167952204e-09  4.6810072315e-09    0.040408333333    0.040408333333
 4.1356059019e-09 -7.9820438972e-13  9.5966928405e-06      0.0000000000  4.1471300413e-09  4.0331524041e-09    0.040425000000    0.040425000000
 3.9935071192e-09  8.0060171161e-12  9.5963627227e-06      0.0000000000  3.8779196096e-09  3.9208005477e-09    0.040441666667    0.040441666667
 3.4312329885e-09 -1.2261157796e-11  9.5960227143e-06      0.0000000000  3.6082544305e-09  3.7218971982e-09    0.040458333333    0.040458333333
 3.1844518395e-09 -1.0707622973e-11  9.5956928480e-06      0.0000000000  3.3390439988e-09  2.9879625480e-09    0.040475000000    0.040475000000
 3.0938175983e-09  1.6927199179e-12  9.5953627163e-06      0.0000000000  3.0693788197e-09  3.2009845607e-09    0.040491666667    0.040491666667
 2.6190951664e-09 -1.2510301516e-11  9.5950227218e-06      0.0000000000  2.7997136406e-09  2.8957038447e-09    0.040508333333    0.040508333333
 2.3660856310e-09 -1.1388167699e-11  9.5946928450e-06      0.0000000000  2.5305032089e-09  3.1375291881e-09    0.040525000000    0.040525000000
 2.3831366661e-09  8.4708544925e-12  9.5943627168e-06      0.0000000000  2.2608380298e-09  2.6774305698e-09    0.040541666667    0.040541666667
 1.7585466092e-09 -1.6112551242e-11  9.5940227224e-06      0.0000000000  1.9911728508e-09  1.2766170583e-09    0.040558333333    0.040558333333
 1.8441195132e-09  8.4925482464e-12  9.5936928421e-06      0.0000000000  1.7215076717e-09  1.1834936262e-09    0.040575000000    0.040575000000
 1.3402744144e-09 -7.7591139522e-12  9.5933627243e-06      0.0000000000  1.4522972400e-09  2.1336104799e-09    0.040591666667    0.040591666667
 1.0787663394e-09 -7.1941228501e-12  9.5930227159e-06      0.0000000000  1.1826320609e-09  1.0459860225e-09    0.040608333333    0.040608333333
 7.1193518461e-10 -1.3924196605e-11  9.5926928496e-06      0.0000000000  9.1296688180e-10  9.6572346623e-10    0.040625000000    0.040625000000
 4.2828482325e-10 -1.4892861896e-11  9.5923627214e-06      0.0000000000  6.4330170273e-10  6.6137036843e-10    0.040641666667    0.040641666667
 2.7074853430e-10 -7.1578989956e-12  9.5920227199e-06      0.0000000000  3.7409127100e-10  1.5805103173e-10    0.040658333333    0.040658333333
 6.2917881507e-12 -6.7971437266e-12  9.5916928466e-06      0.0000000000  1.0442609193e-10 -1.0388318716e-10    0.040675000000    0.040675000000
-9.9558387301e-12  1.0755490356e-11  9.5913627184e-06      0.0000000000 -1.6523908715e-10 -3.5312947600e-10    0.040691666667    0.040691666667
-3.8785626637e-10  3.2587179487e-12  9.5910227240e-06      0.0000000000 -4.3490426623e-10  2.8309081822e-10    0.040708333333    0.040708333333
-2.6368959677e-10  3.0536963950e-11  9.5906928402e-06      0.0000000000 -7.0456944530e-10  1.2509700275e-10    0.040725000000    0.040725000000
-8.5396407950e-10  8.3303814077e-12  9.5903627259e-06      0.0000000000 -9.7423462438e-10 -9.1705844138e-10    0.040741666667    0.040741666667
-9.1848083246e-10  2.2539717837e-11  9.5900227210e-06      0.0000000000 -1.2438998035e-09 -1.7707187264e-09    0.040758333333    0.040758333333
-1.1725247832e-09  2.3621701711e-11  9.5896928477e-06      0.0000000000 -1.5135649825e-09 -1.0042702728e-09    0.040775000000    0.040775000000
-1.4291371985e-09  2.4525784257e-11  9.5893627230e-06      0.0000000000 -1.7832301616e-09 -2.9727861118e-09    0.040791666667    0.040791666667
-1.5454725152e-09  3.5114478416e-11  9.5890227215e-06      0.0000000000 -2.0524405933e-09 -1.8376644590e-09    0.040808333333    0.040808333333
-1.6765256736e-09  4.4715258070e-11  9.5886928482e-06      0.0000000000 -2.3221057724e-09 -1.9270774183e-09    0.040825000000    0.040825000000
-1.8107265570e-09  5.4098014676e-11  9.5883627200e-06      0.0000000000 -2.5917709515e-09 -1.9774518023e-09    0.040841666667    0.040841666667
-1.7961894805e-09  7.3782910830e-11  9.5880227256e-06      0.0000000000 -2.8614361306e-09 -2.7958783188e-09    0.040858333333    0.040858333333
-2.4619676846e-09  4.6346662140e-11  9.5876928453e-06      0.0000000000 -3.1311013096e-09 -3.0508947072e-09    0.040875000000    0.040875000000
-2.6799703031e-09  4.9925001578e-11  9.5873627240e-06      0.0000000000 -3.4007664887e-09 -3.7577397620e-09    0.040891666667    0.040891666667
-2.9560962921e-09  4.9508999541e-11  9.5870227226e-06      0.0000000000 -3.6708864151e-09 -3.7154781065e-09    0.040908333333    0.040908333333
-3.2325430361e-09  4.9039283352e-11  9.5866928493e-06      0.0000000000 -3.9405515942e-09 -3.6268984312e-09    0.040925000000    0.040925000000
-3.6003975155e-09  4.2238330362e-11  9.5863627246e-06      0.0000000000 -4.2102167733e-09 -3.5140591822e-09    0.040941666667    0.040941666667
-3.7292907375e-09  5.1988715169e-11  9.5860227231e-06      0.0000000000 -4.4798819524e-09 -3.7207608134e-09    0.040958333333    0.040958333333
-4.1566997698e-09  4.1062794254e-11  9.5856928498e-06      0.0000000000 -4.7495471314e-09 -5.0742186305e-09    0.040975000000    0.040975000000
-4.2219216281e-09  5.5223292485e-11  9.5853627216e-06      0.0000000000 -5.0192123105e-09 -4.9570714598e-09    0.040991666667    0.040991666667
-4.6623958170e-09  4.3392430649e-11  9.5850227272e-06      0.0000000000 -5.2888774896e-09 -5.0469403670e-09    0.041008333333    0.041008333333
-4.8026062610e-09  5.2358942931e-11  9.5846928469e-06      0.0000000000 -5.5585426687e-09 -6.6374753802e-09    0.041025000000    0.041025000000
-4.9969185142e-09  5.7578164426e-11  9.5843627256e-06      0.0000000000 -5.8282078477e-09 -6.5102659105e-09    0.041041666667    0.041041666667
-5.4159596660e-09  4.7263331242e-11  9.5840227242e-06      0.0000000000 -6.0983277742e-09 -6.9546736315e-09    0.041058333333    0.041058333333
-5.5305001593e-09  5.8007838964e-11  9.5836928474e-06      0.0000000000 -6.3679929532e-09 -6.5355946036e-09    0.041075000000    0.041075000000
-5.8349440491e-09  5.5598937221e-11  9.5833627262e-06      0.0000000000 -6.6376581323e-09 -6.6291268166e-09    0.041091666667    0.041091666667
-5.7951714672e-09  7.7031737525e-11  9.5830227247e-06      0.0000000000 -6.9073233114e-09 -7.4069896905e-09    0.041108333333    0.041108333333
-5.7043559643e-09  1.0203145623e-10  9.5826928514e-06      0.0000000000 -7.1774432378e-09 -7.6632009769e-09    0.041125000000    0.041125000000
-6.4741758213e-09  6.7388899030e-11  9.5823627232e-06      0.0000000000 -7.4471084169e-09 -9.0191586464e-09    0.041141666667    0.041141666667
-6.2734626011e-09  9.9969041376e-11  9.5820227288e-06      0.0000000000 -7.7167735960e-09 -7.3304847740e-09    0.041158333333    0.041158333333
-6.6131911507e-09  9.5116193990e-11  9.5816928485e-06      0.0000000000 -7.9864387750e-09 -8.0522031644e-09    0.041175000000    0.041175000000
-6.8759880027e-09  9.5623417126e-11  9.5813627237e-06      0.0000000000 -8.2565587015e-09 -5.3452246408e-09    0.041191666667    0.041191666667
-7.0700298630e-09  1.0086136702e-10  9.5810227258e-06      0.0000000000 -8.5262238805e-09 -8.5923913933e-09    0.041208333333    0.041208333333
-7.5720026543e-09  8.4770885222e-11  9.5806928490e-06      0.0000000000 -8.7958890596e-09 -9.2685936034e-09    0.041225000000    0.041225000000
-7.9743510574e-09  7.5612253372e-11  9.5803627278e-06      0.0000000000 -9.0660089861e-09 -9.9221399185e-09    0.041241666667    0.041241666667
-8.3409211709e-09  6.8900260299e-11  9.5800227229e-06      0.0000000000 -9.3356741651e-09 -8.7974107339e-09    0.041258333333    0.041258333333
-8.8793793585e-09  5.0282665418e-11  9.5796928565e-06      0.0000000000 -9.6053393442e-09 -9.5921751255e-09    0.041275000000    0.041275000000
-8.8391569705e-09  7.1778118430e-11  9.5793627248e-06      0.0000000000 -9.8754592706e-09 -1.0869866976e-08    0.041291666667    0.041291666667
-9.0159460589e-09  7.8211058923e-11  9.5790227269e-06      0.0000000000 -1.0145124450e-08 -1.0572494598e-08    0.041308333333    0.041308333333
-9.1081362637e-09  9.0535127520e-11  9.5786928501e-06      0.0000000000 -1.0415244376e-08 -1.0216666553e-08    0.041325000000    0.041325000000
-9.3640566658e-09  9.1487141455e-11  9.5783627288e-06      0.0000000000 -1.0684909555e-08 -1.1210444350e-08    0.041341666667    0.041341666667
-9.2207669182e-09  1.2008992235e-10  9.5780227274e-06      0.0000000000 -1.0954574734e-08 -1.1320343521e-08    0.041358333333    0.041358333333
-9.4929369427e-09  1.1994792500e-10  9.5776928471e-06      0.0000000000 -1.1224694661e-08 -1.0337335528e-08    0.041375000000    0.041375000000
-9.5925678904e-09  1.3172512282e-10  9.5773627329e-06      0.0000000000 -1.1494359840e-08 -1.0966732326e-08    0.041391666667    0.041391666667
-9.6124763767e-09  1.4905568976e-10  9.5770227245e-06      0.0000000000 -1.1764479766e-08 -1.2524266143e-08    0.041408333333    0.041408333333
-9.6698023373e-09  1.6376308699e-10  9.5766928547e-06      0.0000000000 -1.2034144945e-08 -1.1916644789e-08    0.041425000000    0.041425000000
-9.8004185145e-09  1.7342563104e-10  9.5763627264e-06      0.0000000000 -1.2304264872e-08 -1.0011898769e-08    0.041441666667    0.041441666667
-1.0283578568e-08  1.5866968634e-10  9.5760227320e-06      0.0000000000 -1.2574384798e-08 -1.1011603890e-08    0.041458333333    0.041458333333
-1.0478042048e-08  1.6387843325e-10  9.5756928517e-06      0.0000000000 -1.2844049977e-08 -1.1528554497e-08    0.041475000000    0.041475000000
-1.0713060580e-08  1.6630968526e-10  9.5753627269e-06      0.0000000000 -1.3114169904e-08 -1.2834908178e-08    0.041491666667    0.041491666667
-1.1130101704e-08  1.5610188389e-10  9.5750227325e-06      0.0000000000 -1.3383835083e-08 -1.3376212693e-08    0.041508333333    0.041508333333
-1.1446337209e-08  1.5290774894e-10  9.5746928487e-06      0.0000000000 -1.3653955009e-08 -1.3728644713e-08    0.041525000000    0.041525000000
-1.1668765773e-08  1.5617953106e-10  9.5743627310e-06      0.0000000000 -1.3923620188e-08 -1.4686512681e-08    0.041541666667    0.041541666667
-1.2033473465e-08  1.4962803365e-10  9.5740227261e-06      0.0000000000 -1.4193740115e-08 -1.3013624040e-08    0.041558333333    0.041558333333
-1.2205602688e-08  1.5641523106e-10  9.5736928563e-06      0.0000000000 -1.4463860041e-08 -1.5467865915e-08    0.041575000000    0.041575000000
-1.2470423075e-08  1.5675079921e-10  9.5733627280e-06      0.0000000000 -1.4733525220e-08 -1.4454215077e-08    0.041591666667    0.041591666667
-1.2827148034e-08  1.5075221536e-10  9.5730227301e-06      0.0000000000 -1.5003645147e-08 -1.4623183087e-08    0.041608333333    0.041608333333
-1.3095648518e-08  1.5086438392e-10  9.5726928568e-06      0.0000000000 -1.5273765073e-08 -1.6465464241e-08    0.041625000000    0.041625000000
-1.3227274524e-08  1.6042548600e-10  9.5723627251e-06      0.0000000000 -1.5543430252e-08 -1.6159837634e-08    0.041641666667    0.041641666667
-1.3373360270e-08  1.6901655070e-10  9.5720227341e-06      0.0000000000 -1.5813550179e-08 -1.5446074749e-08    0.041658333333    0.041658333333
-1.3428099466e-08  1.8393461424e-10  9.5716928503e-06      0.0000000000 -1.6083670105e-08 -1.5598675801e-08    0.041675000000    0.041675000000
-1.3749993715e-08  1.8034853378e-10  9.5713627326e-06      0.0000000000 -1.6353790031e-08 -1.6964114042e-08    0.041691666667    0.041691666667
-1.3914164917e-08  1.8765543560e-10  9.5710227277e-06      0.0000000000 -1.6623455210e-08 -1.5695085202e-08    0.041708333333    0.041708333333
-1.3976693671e-08  2.0203396567e-10  9.5706928544e-06      0.0000000000 -1.6893575137e-08 -1.5822278950e-08    0.041725000000    0.041725000000
-1.4450966564e-08  1.8789357844e-10  9.5703627331e-06      0.0000000000 -1.7163695063e-08 -1.7363713089e-08    0.041741666667    0.041741666667
-1.4637995714e-08  1.9364875197e-10  9.5700227282e-06      0.0000000000 -1.7433814990e-08 -1.6972839942e-08    0.041758333333    0.041758333333
-1.4904222571e-08  1.9388690282e-10  9.5696928584e-06      0.0000000000 -1.7703480169e-08 -1.6753544715e-08    0.041775000000    0.041775000000
-1.5109450868e-08  1.9838153634e-10  9.5693627267e-06      0.0000000000 -1.7973600095e-08 -1.6826936608e-08    0.041791666667    0.041791666667
-1.4872369415e-08  2.3351217405e-10  9.5690227322e-06      0.0000000000 -1.8243720022e-08 -1.7618933867e-08    0.041808333333    0.041808333333
-1.5442327701e-08  2.1274426371e-10  9.5686928519e-06      0.0000000000 -1.8513839948e-08 -1.7965391397e-08    0.041825000000    0.041825000000
-1.5370802535e-08  2.3640786256e-10  9.5683627342e-06      0.0000000000 -1.8783959874e-08 -1.9947585674e-08    0.041841666667    0.041841666667
-1.5779800945e-08  2.2678862672e-10  9.5680227293e-06      0.0000000000 -1.9054079801e-08 -1.9425651084e-08    0.041858333333    0.041858333333
-1.6013811916e-08  2.2928966609e-10  9.5676928525e-06      0.0000000000 -1.9324199727e-08 -1.8539539885e-08    0.041875000000    0.041875000000
-1.6139181617e-08  2.3931560040e-10  9.5673627347e-06      0.0000000000 -1.9594319654e-08 -1.9793553888e-08    0.041891666667    0.041891666667
-1.6527382355e-08  2.3110539055e-10  9.5670227263e-06      0.0000000000 -1.9863984833e-08 -2.0795114245e-08    0.041908333333    0.041908333333
-1.6860902693e-08  2.2671404425e-10  9.5666928600e-06      0.0000000000 -2.0134104759e-08 -2.1557034664e-08    0.041925000000    0.041925000000
-1.7131649949e-08  2.2667059310e-10  9.5663627283e-06      0.0000000000 -2.0404224686e-08 -2.0994850879e-08    0.041941666667    0.041941666667
-1.7277478394e-08  2.3527947938e-10  9.5660227373e-06      0.0000000000 -2.0674344612e-08 -2.1541328045e-08    0.041958333333    0.041958333333
-1.7831020736e-08  2.1564859782e-10  9.5656928535e-06      0.0000000000 -2.0944464539e-08 -2.0995023825e-08    0.041975000000    0.041975000000
-1.7728788084e-08  2.4143911042e-10  9.5653627323e-06      0.0000000000 -2.1214584465e-08 -2.0126128590e-08    0.041991666667    0.041991666667
-1.7992296454e-08  2.4189705120e-10  9.5650227344e-06      0.0000000000 -2.1484704391e-08 -2.0994033317e-08    0.042008333333    0.042008333333
-1.8175691332e-08  2.4790394781e-10  9.5646928506e-06      0.0000000000 -2.1754824318e-08 -2.3970492784e-08    0.042025000000    0.042025000000
-1.8528840265e-08  2.4215305264e-10  9.5643627363e-06      0.0000000000 -2.2024944244e-08 -2.1770229623e-08    0.042041666667    0.042041666667
-1.8525573255e-08  2.6108883994e-10  9.5640227279e-06      0.0000000000 -2.2295064171e-08 -2.1939983750e-08    0.042058333333    0.042058333333
-1.8648679886e-08  2.7127152285e-10  9.5636928616e-06      0.0000000000 -2.2565184097e-08 -2.2530467751e-08    0.042075000000    0.042075000000
-1.9049439466e-08  2.6225443618e-10  9.5633627299e-06      0.0000000000 -2.2835758771e-08 -2.1617927295e-08    0.042091666667    0.042091666667
-1.9064712800e-08  2.7990605089e-10  9.5630227354e-06      0.0000000000 -2.3105878697e-08 -2.2726006520e-08    0.042108333333    0.042108333333
-1.9394627990e-08  2.7576441047e-10  9.5626928586e-06      0.0000000000 -2.3375998624e-08 -2.5085096780e-08    0.042125000000    0.042125000000
-1.9551815605e-08  2.8358651874e-10  9.5623627304e-06      0.0000000000 -2.3646118550e-08 -2.4808273504e-08    0.042141666667    0.042141666667
-1.9899270525e-08  2.7823001193e-10  9.5620227360e-06      0.0000000000 -2.3916238477e-08 -2.2583436322e-08    0.042158333333    0.042158333333
-2.0012624045e-08  2.8908823132e-10  9.5616928522e-06      0.0000000000 -2.4186358403e-08 -2.4005113381e-08    0.042175000000    0.042175000000
-2.0440449490e-08  2.7816496559e-10  9.5613627414e-06      0.0000000000 -2.4456478329e-08 -2.5520338376e-08    0.042191666667    0.042191666667
-2.0590140384e-08  2.8650632441e-10  9.5610227295e-06      0.0000000000 -2.4726598256e-08 -2.4269767565e-08    0.042208333333    0.042208333333
-2.0671841247e-08  2.9958842098e-10  9.5606928597e-06      0.0000000000 -2.4997172930e-08 -2.5404952107e-08    0.042225000000    0.042225000000
-2.0867316699e-08  3.0475857248e-10  9.5603627350e-06      0.0000000000 -2.5267292856e-08 -2.5639120670e-08    0.042241666667    0.042241666667
-2.1164300609e-08  3.0289787397e-10  9.5600227335e-06      0.0000000000 -2.5537412783e-08 -2.6644281443e-08    0.042258333333    0.042258333333
-2.1280261335e-08  3.1357550861e-10  9.5596928602e-06      0.0000000000 -2.5807532709e-08 -2.4720590002e-08    0.042275000000    0.042275000000
-2.1558959262e-08  3.1298136466e-10  9.5593627320e-06      0.0000000000 -2.6077652635e-08 -2.4745022521e-08    0.042291666667    0.042291666667
-2.1744125723e-08  3.1889705236e-10  9.5590227411e-06      0.0000000000 -2.6348227309e-08 -2.6074881103e-08    0.042308333333    0.042308333333
-2.1998575934e-08  3.1998239467e-10  9.5586928538e-06      0.0000000000 -2.6618347236e-08 -2.4927102965e-08    0.042325000000    0.042325000000
-2.2226078507e-08  3.2293422968e-10  9.5583627395e-06      0.0000000000 -2.6888467162e-08 -2.6751649317e-08    0.042341666667    0.042341666667
-2.2400747606e-08  3.2954550594e-10  9.5580227346e-06      0.0000000000 -2.7158587088e-08 -2.6936465448e-08    0.042358333333    0.042358333333
-2.2764496769e-08  3.2309189728e-10  9.5576928578e-06      0.0000000000 -2.7429161762e-08 -2.6695410500e-08    0.042375000000    0.042375000000
-2.2856117332e-08  3.3545542137e-10  9.5573627366e-06      0.0000000000 -2.7699281689e-08 -2.7337652451e-08    0.042391666667    0.042391666667
-2.3286488531e-08  3.2435582736e-10  9.5570227351e-06      0.0000000000 -2.7969401615e-08 -2.9588132773e-08    0.042408333333    0.042408333333
-2.3312359154e-08  3.4130493215e-10  9.5566928618e-06      0.0000000000 -2.8239976289e-08 -2.8047594807e-08    0.042425000000    0.042425000000
-2.3836105116e-08  3.2373785775e-10  9.5563627301e-06      0.0000000000 -2.8510096215e-08 -2.7856049514e-08    0.042441666667    0.042441666667
-2.4102188363e-08  3.2401745306e-10  9.5560227427e-06      0.0000000000 -2.8780216142e-08 -2.6741068181e-08    0.042458333333    0.042458333333
-2.4216447514e-08  3.3484444255e-10  9.5556928589e-06      0.0000000000 -2.9050790815e-08 -2.8517142553e-08    0.042475000000    0.042475000000
-2.4260655017e-08  3.5049197002e-10  9.5553627376e-06      0.0000000000 -2.9320910742e-08 -2.9425406532e-08    0.042491666667    0.042491666667
-2.4438611181e-08  3.5690706949e-10  9.5550227362e-06      0.0000000000 -2.9591485416e-08 -3.0521159441e-08    0.042508333333    0.042508333333
-2.4658700663e-08  3.6037236256e-10  9.5546928594e-06      0.0000000000 -2.9861605342e-08 -3.0680992770e-08    0.042525000000    0.042525000000
-2.4834814974e-08  3.6688353809e-10  9.5543627417e-06      0.0000000000 -3.0131725269e-08 -3.0172642284e-08    0.042541666667    0.042541666667
-2.4761189056e-08  3.9072414025e-10  9.5540227333e-06      0.0000000000 -3.0402299942e-08 -2.9123584732e-08    0.042558333333    0.042558333333
-2.5344730573e-08  3.6901540522e-10  9.5536928635e-06      0.0000000000 -3.0672419869e-08 -3.2162257506e-08    0.042575000000    0.042575000000
-2.5284282564e-08  3.9194325678e-10  9.5533627352e-06      0.0000000000 -3.0942994542e-08 -3.2110688224e-08    0.042591666667    0.042591666667
-2.5894392313e-08  3.6839430804e-10  9.5530227408e-06      0.0000000000 -3.1213114469e-08 -3.1591505044e-08    0.042608333333    0.042608333333
-2.6068972041e-08  3.7504327197e-10  9.5526928605e-06      0.0000000000 -3.1483689143e-08 -3.1765818651e-08    0.042625000000    0.042625000000
-2.6419546097e-08  3.6947072229e-10  9.5523627392e-06      0.0000000000 -3.1753809069e-08 -3.1631895741e-08    0.042641666667    0.042641666667
-2.6690204249e-08  3.6946494030e-10  9.5520227413e-06      0.0000000000 -3.2024383743e-08 -3.1167221921e-08    0.042658333333    0.042658333333
-2.6798504201e-08  3.8067318837e-10  9.5516928575e-06      0.0000000000 -3.2294503669e-08 -3.0432281041e-08    0.042675000000    0.042675000000
-2.6834507876e-08  3.9692044068e-10  9.5513627433e-06      0.0000000000 -3.2565078343e-08 -3.0815167237e-08    0.042691666667    0.042691666667
-2.6976216304e-08  4.0581469454e-10  9.5510227349e-06      0.0000000000 -3.2835198270e-08 -3.1685587539e-08    0.042708333333    0.042708333333
-2.7107422298e-08  4.1546788319e-10  9.5506928651e-06      0.0000000000 -3.3105772943e-08 -3.1843361242e-08    0.042725000000    0.042725000000
-2.7244577201e-08  4.2470902845e-10  9.5503627368e-06      0.0000000000 -3.3376347617e-08 -3.4321658300e-08    0.042741666667    0.042741666667
-2.7516583173e-08  4.2457839398e-10  9.5500227424e-06      0.0000000000 -3.3646467544e-08 -3.3553260276e-08    0.042758333333    0.042758333333
-2.7634946043e-08  4.3512114479e-10  9.5496928621e-06      0.0000000000 -3.3917042217e-08 -3.4440424872e-08    0.042775000000    0.042775000000
-2.8074182225e-08  4.2340752933e-10  9.5493627373e-06      0.0000000000 -3.4187162144e-08 -3.5216841290e-08    0.042791666667    0.042791666667
-2.8036864559e-08  4.4473328810e-10  9.5490227429e-06      0.0000000000 -3.4457736817e-08 -3.5626911416e-08    0.042808333333    0.042808333333
-2.8594756300e-08  4.2483264859e-10  9.5486928591e-06      0.0000000000 -3.4728311491e-08 -3.5573738455e-08    0.042825000000    0.042825000000
-2.8759781834e-08  4.3211187374e-10  9.5483627449e-06      0.0000000000 -3.4998431418e-08 -3.3908852486e-08    0.042841666667    0.042841666667
-2.9241594067e-08  4.1748078151e-10  9.5480227365e-06      0.0000000000 -3.5269006091e-08 -3.6202616416e-08    0.042858333333    0.042858333333
-2.9441296547e-08  4.2238965095e-10  9.5476928667e-06      0.0000000000 -3.5539580765e-08 -3.6099304906e-08    0.042875000000    0.042875000000
-2.9705461661e-08  4.2280210319e-10  9.5473627419e-06      0.0000000000 -3.5809700692e-08 -3.6765885043e-08    0.042891666667    0.042891666667
-2.9624625446e-08  4.4714211711e-10  9.5470227405e-06      0.0000000000 -3.6080275365e-08 -3.6081224213e-08    0.042908333333    0.042908333333
-3.0145018085e-08  4.2983880368e-10  9.5466928637e-06      0.0000000000 -3.6350850039e-08 -3.6220021048e-08    0.042925000000    0.042925000000
-3.0413206762e-08  4.2997256912e-10  9.5463627390e-06      0.0000000000 -3.6620969966e-08 -3.5951735003e-08    0.042941666667    0.042941666667
-3.0536314331e-08  4.4018668456e-10  9.5460227445e-06      0.0000000000 -3.6891544639e-08 -3.5716701712e-08    0.042958333333    0.042958333333
-3.0623841197e-08  4.5286525066e-10  9.5456928607e-06      0.0000000000 -3.7162119313e-08 -3.6674632569e-08    0.042975000000    0.042975000000
-3.1076085762e-08  4.4028212417e-10  9.5453627465e-06      0.0000000000 -3.7432693987e-08 -3.7147010337e-08    0.042991666667    0.042991666667
-3.1228351800e-08  4.4844511900e-10  9.5450227416e-06      0.0000000000 -3.7702813913e-08 -3.6875123875e-08    0.043008333333    0.043008333333
-3.1266276547e-08  4.6455931082e-10  9.5446928648e-06      0.0000000000 -3.7973388587e-08 -3.7885630245e-08    0.043025000000    0.043025000000
-3.1638855424e-08  4.5749412355e-10  9.5443627435e-06      0.0000000000 -3.8243963261e-08 -3.9174044733e-08    0.043041666667    0.043041666667
-3.1520681220e-08  4.8442030424e-10  9.5440227421e-06      0.0000000000 -3.8514537935e-08 -3.7757005765e-08    0.043058333333    0.043058333333
-3.1852258179e-08  4.8019506102e-10  9.5436928653e-06      0.0000000000 -3.8785112609e-08 -3.7505919962e-08    0.043075000000    0.043075000000
-3.1727241060e-08  5.0759520727e-10  9.5433627371e-06      0.0000000000 -3.9055687282e-08 -3.8955818625e-08    0.043091666667    0.043091666667
-3.2103536367e-08  5.0024110894e-10  9.5430227496e-06      0.0000000000 -3.9325807209e-08 -4.0352670106e-08    0.043108333333    0.043108333333
-3.2436690528e-08  4.9590662286e-10  9.5426928623e-06      0.0000000000 -3.9596381883e-08 -4.0474203810e-08    0.043125000000    0.043125000000
-3.2526400309e-08  5.0843399226e-10  9.5423627446e-06      0.0000000000 -3.9866956556e-08 -4.2493439925e-08    0.043141666667    0.043141666667
-3.2978599452e-08  4.9585401185e-10  9.5420227432e-06      0.0000000000 -4.0137531230e-08 -4.0574449464e-08    0.043158333333    0.043158333333
-3.3386832508e-08  4.8631928469e-10  9.5416928664e-06      0.0000000000 -4.0408105904e-08 -4.0289120400e-08    0.043175000000    0.043175000000
-3.3701456746e-08  4.8326824946e-10  9.5413627451e-06      0.0000000000 -4.0678680578e-08 -4.0873755689e-08    0.043191666667    0.043191666667
-3.3707657361e-08  5.0157977159e-10  9.5410227402e-06      0.0000000000 -4.0949255251e-08 -4.0704803402e-08    0.043208333333    0.043208333333
-3.3566519539e-08  5.3009649713e-10  9.5406928704e-06      0.0000000000 -4.1219829925e-08 -4.0264782214e-08    0.043225000000    0.043225000000
-3.4140306477e-08  5.0909489767e-10  9.5403627422e-06      0.0000000000 -4.1490404599e-08 -4.0516528355e-08    0.043241666667    0.043241666667
-3.4169425021e-08  5.2581903955e-10  9.5400227477e-06      0.0000000000 -4.1760979273e-08 -4.2528579359e-08    0.043258333333    0.043258333333
-3.4425371743e-08  5.2680072791e-10  9.5396928639e-06      0.0000000000 -4.2031099199e-08 -4.0959631122e-08    0.043275000000    0.043275000000
-3.4801185716e-08  5.1951146603e-10  9.5393627462e-06      0.0000000000 -4.2301673873e-08 -4.1302488235e-08    0.043291666667    0.043291666667
-3.5084203919e-08  5.1864958132e-10  9.5390227448e-06      0.0000000000 -4.2572248547e-08 -4.2985392008e-08    0.043308333333    0.043308333333
-3.5141039330e-08  5.3345395078e-10  9.5386928645e-06      0.0000000000 -4.2842823220e-08 -4.2553231992e-08    0.043325000000    0.043325000000
-3.5315741963e-08  5.4009440180e-10  9.5383627502e-06      0.0000000000 -4.3113397894e-08 -4.3003834316e-08    0.043341666667    0.043341666667
-3.5557044325e-08  5.4212191004e-10  9.5380227418e-06      0.0000000000 -4.3383972568e-08 -4.3885889150e-08    0.043358333333    0.043358333333
-3.5646309240e-08  5.5468009247e-10  9.5376928720e-06      0.0000000000 -4.3654547242e-08 -4.4074840257e-08    0.043375000000    0.043375000000
-3.5907231783e-08  5.5538013211e-10  9.5373627438e-06      0.0000000000 -4.3925576663e-08 -4.4762504055e-08    0.043391666667    0.043391666667
-3.6120981331e-08  5.5931604988e-10  9.5370227493e-06      0.0000000000 -4.4196151337e-08 -4.4352465374e-08    0.043408333333    0.043408333333
-3.6500599239e-08  5.5176331341e-10  9.5366928656e-06      0.0000000000 -4.4466726011e-08 -4.5589121912e-08    0.043425000000    0.043425000000
-3.6796200327e-08  5.5002989170e-10  9.5363627443e-06      0.0000000000 -4.4737300684e-08 -4.3316457365e-08    0.043441666667    0.043441666667
-3.6967204029e-08  5.5692654432e-10  9.5360227499e-06      0.0000000000 -4.5007875358e-08 -4.4395434535e-08    0.043458333333    0.043458333333
-3.7518320186e-08  5.3749520677e-10  9.5356928626e-06      0.0000000000 -4.5278450032e-08 -4.5198170154e-08    0.043475000000    0.043475000000
-3.7410153455e-08  5.6372823296e-10  9.5353627518e-06      0.0000000000 -4.5549024706e-08 -4.6350617827e-08    0.043491666667    0.043491666667
-3.7485622726e-08  5.7724195261e-10  9.5350227434e-06      0.0000000000 -4.5819599379e-08 -4.6042475645e-08    0.043508333333    0.043508333333
-3.7588020395e-08  5.8889051202e-10  9.5346928736e-06      0.0000000000 -4.6090174053e-08 -4.5797678779e-08    0.043525000000    0.043525000000
-3.7796987303e-08  5.9315769306e-10  9.5343627454e-06      0.0000000000 -4.6360748727e-08 -4.6063637918e-08    0.043541666667    0.043541666667
-3.8112906196e-08  5.9004848272e-10  9.5340227474e-06      0.0000000000 -4.6631778148e-08 -4.5734286296e-08    0.043558333333    0.043558333333
-3.8169805732e-08  6.0484841066e-10  9.5336928706e-06      0.0000000000 -4.6902352822e-08 -4.5343979154e-08    0.043575000000    0.043575000000
-3.8351396435e-08  6.1101176855e-10  9.5333627424e-06      0.0000000000 -4.7172927496e-08 -4.6050321094e-08    0.043591666667    0.043591666667
-3.8303521158e-08  6.3306878636e-10  9.5330227515e-06      0.0000000000 -4.7443502169e-08 -4.7129502654e-08    0.043608333333    0.043608333333
-3.8796006426e-08  6.1769844036e-10  9.5326928642e-06      0.0000000000 -4.7714076843e-08 -4.6059471497e-08    0.043625000000    0.043625000000
-3.8633683380e-08  6.4768253263e-10  9.5323627534e-06      0.0000000000 -4.7984651517e-08 -4.8682366935e-08    0.043641666667    0.043641666667
-3.9036896404e-08  6.3852700891e-10  9.5320227450e-06      0.0000000000 -4.8255680938e-08 -4.8894414163e-08    0.043658333333    0.043658333333
-3.9222661096e-08  6.4440126095e-10  9.5316928717e-06      0.0000000000 -4.8526255612e-08 -4.9033635502e-08    0.043675000000    0.043675000000
-3.9547054477e-08  6.4067357885e-10  9.5313627505e-06      0.0000000000 -4.8796830286e-08 -4.8308128027e-08    0.043691666667    0.043691666667
-4.0158906686e-08  6.1703543840e-10  9.5310227455e-06      0.0000000000 -4.9067404959e-08 -4.9378552242e-08    0.043708333333    0.043708333333
-4.0395146800e-08  6.1944507409e-10  9.5306928722e-06      0.0000000000 -4.9338434381e-08 -4.9035569350e-08    0.043725000000    0.043725000000
-4.0766084350e-08  6.1249357119e-10  9.5303627475e-06      0.0000000000 -4.9609009054e-08 -4.9177872268e-08    0.043741666667    0.043741666667
-4.1067128029e-08  6.1038317558e-10  9.5300227531e-06      0.0000000000 -4.9879583728e-08 -5.0131227924e-08    0.043758333333    0.043758333333
-4.1141457481e-08  6.2397584323e-10  9.5296928658e-06      0.0000000000 -5.0150158402e-08 -5.0352346943e-08    0.043775000000    0.043775000000
-4.0941703869e-08  6.5658401202e-10  9.5293627515e-06      0.0000000000 -5.0421187823e-08 -5.0060823276e-08    0.043791666667    0.043791666667
-4.1308668889e-08  6.4990766120e-10  9.5290227501e-06      0.0000000000 -5.0691762497e-08 -4.9047518330e-08    0.043808333333    0.043808333333
-4.1191913446e-08  6.7673557330e-10  9.5286928698e-06      0.0000000000 -5.0962337171e-08 -4.9783606941e-08    0.043825000000    0.043825000000
-4.1272341301e-08  6.8993734057e-10  9.5283627521e-06      0.0000000000 -5.1233366592e-08 -5.0422500033e-08    0.043841666667    0.043841666667
-4.1550467050e-08  6.8941432523e-10  9.5280227506e-06      0.0000000000 -5.1503941265e-08 -5.1408495271e-08    0.043858333333    0.043858333333
-4.1625408093e-08  7.0296463189e-10  9.5276928739e-06      0.0000000000 -5.1774515939e-08 -5.3320945238e-08    0.043875000000    0.043875000000
-4.2351545757e-08  6.7144215688e-10  9.5273627456e-06      0.0000000000 -5.2045545360e-08 -5.2860925232e-08    0.043891666667    0.043891666667
-4.2407444946e-08  6.8631137251e-10  9.5270227547e-06      0.0000000000 -5.2316120034e-08 -5.2542217636e-08    0.043908333333    0.043908333333
-4.2978924063e-08  6.6550111876e-10  9.5266928709e-06      0.0000000000 -5.2587149455e-08 -5.3493969613e-08    0.043925000000    0.043925000000
-4.3260539536e-08  6.6473639227e-10  9.5263627496e-06      0.0000000000 -5.2857724129e-08 -5.4256110145e-08    0.043941666667    0.043941666667
-4.3414805335e-08  6.7279237380e-10  9.5260227517e-06      0.0000000000 -5.3128298803e-08 -5.3233261737e-08    0.043958333333    0.043958333333
-4.3519669540e-08  6.8430158935e-10  9.5256928714e-06      0.0000000000 -5.3399328224e-08 -5.3040317155e-08    0.043975000000    0.043975000000
-4.3569289043e-08  6.9960575920e-10  9.5253627537e-06      0.0000000000 -5.3669902898e-08 -5.4021988749e-08    0.043991666667    0.043991666667
-4.3691306894e-08  7.0992685000e-10  9.5250227487e-06      0.0000000000 -5.3940932319e-08 -5.4818749878e-08    0.044008333333    0.044008333333
-4.3595023019e-08  7.3533682577e-10  9.5246928755e-06      0.0000000000 -5.4211506993e-08 -5.4381590157e-08    0.044025000000    0.044025000000
-4.4050764391e-08  7.2254299502e-10  9.5243627507e-06      0.0000000000 -5.4482536414e-08 -5.5757106420e-08    0.044041666667    0.044041666667
-4.4112586037e-08  7.3700199939e-10  9.5240227528e-06      0.0000000000 -5.4753111088e-08 -5.4673475437e-08    0.044058333333    0.044058333333
-4.4426057098e-08  7.3403083747e-10  9.5236928725e-06      0.0000000000 -5.5023685761e-08 -5.3328350462e-08    0.044075000000    0.044075000000
-4.4701738226e-08  7.3370864308e-10  9.5233627512e-06      0.0000000000 -5.5294715182e-08 -5.6252611753e-08    0.044091666667    0.044091666667
-4.5021064681e-08  7.3033191499e-10  9.5230227533e-06      0.0000000000 -5.5565289856e-08 -5.5503442153e-08    0.044108333333    0.044108333333
-4.5132511295e-08  7.4138520865e-10  9.5226928695e-06      0.0000000000 -5.5836319277e-08 -5.7443862167e-08    0.044125000000    0.044125000000
-4.5487644492e-08  7.3552837354e-10  9.5223627553e-06      0.0000000000 -5.6106893951e-08 -5.5915509016e-08    0.044141666667    0.044141666667
-4.5668888256e-08  7.4174725920e-10  9.5220227504e-06      0.0000000000 -5.6377923372e-08 -5.5880322415e-08    0.044158333333    0.044158333333
-4.5918309218e-08  7.4324394073e-10  9.5216928771e-06      0.0000000000 -5.6648952793e-08 -5.6098815802e-08    0.044175000000    0.044175000000
-4.5615565463e-08  7.8295408907e-10  9.5213627523e-06      0.0000000000 -5.6919527467e-08 -5.5693713937e-08    0.044191666667    0.044191666667
-4.5950282268e-08  7.7854286604e-10  9.5210227509e-06      0.0000000000 -5.7190556888e-08 -5.8670818019e-08    0.044208333333    0.044208333333
-4.6116508675e-08  7.8577041180e-10  9.5206928741e-06      0.0000000000 -5.7461131562e-08 -5.7496249010e-08    0.044225000000    0.044225000000
-4.6340383127e-08  7.8903653884e-10  9.5203627528e-06      0.0000000000 -5.7732160983e-08 -5.6130229042e-08    0.044241666667    0.044241666667
-4.6823997800e-08  7.7428060293e-10  9.5200227549e-06      0.0000000000 -5.8002735657e-08 -5.9458696025e-08    0.044258333333    0.044258333333
-4.7078777991e-08  7.7540608453e-10  9.5196928711e-06      0.0000000000 -5.8273765078e-08 -5.7723421131e-08    0.044275000000    0.044275000000
-4.7481328659e-08  7.6629643800e-10  9.5193627569e-06      0.0000000000 -5.8544794499e-08 -5.8318763336e-08    0.044291666667    0.044291666667
-4.7748639230e-08  7.6652252179e-10  9.5190227520e-06      0.0000000000 -5.8815369173e-08 -5.9279241213e-08    0.044308333333    0.044308333333
-4.7952674811e-08  7.7116276218e-10  9.5186928752e-06      0.0000000000 -5.9086398594e-08 -5.9060999383e-08    0.044325000000    0.044325000000
-4.8428433131e-08  7.5695098632e-10  9.5183627539e-06      0.0000000000 -5.9356973268e-08 -5.8559944063e-08    0.044341666667    0.044341666667
-4.8407535551e-08  7.7717092678e-10  9.5180227560e-06      0.0000000000 -5.9628002689e-08 -5.9632176348e-08    0.044358333333    0.044358333333
-4.8716037612e-08  7.7457543359e-10  9.5176928757e-06      0.0000000000 -5.9899032110e-08 -6.1600456351e-08    0.044375000000    0.044375000000
-4.8960894357e-08  7.7635675215e-10  9.5173627510e-06      0.0000000000 -6.0169606784e-08 -6.0815345478e-08    0.044391666667    0.044391666667
-4.9321876672e-08  7.7012628308e-10  9.5170227565e-06      0.0000000000 -6.0440636205e-08 -6.0655983819e-08    0.044408333333    0.044408333333
-4.9220575704e-08  7.9591525873e-10  9.5166928727e-06      0.0000000000 -6.0711665626e-08 -6.0582874928e-08    0.044425000000    0.044425000000
-4.9613353085e-08  7.8745104860e-10  9.5163627550e-06      0.0000000000 -6.0982240300e-08 -5.9839129536e-08    0.044441666667    0.044441666667
-4.9759576170e-08  7.9609559565e-10  9.5160227536e-06      0.0000000000 -6.1253269721e-08 -6.0398043075e-08    0.044458333333    0.044458333333
-4.9724019399e-08  8.1733088578e-10  9.5156928768e-06      0.0000000000 -6.1524299142e-08 -6.1159916327e-08    0.044475000000    0.044475000000
-4.9991766154e-08  8.1755825530e-10  9.5153627555e-06      0.0000000000 -6.1795328563e-08 -6.2795244292e-08    0.044491666667    0.044491666667
-4.9884407129e-08  8.4373533686e-10  9.5150227541e-06      0.0000000000 -6.2065903237e-08 -6.2189541064e-08    0.044508333333    0.044508333333
-5.0430473595e-08  8.2468525695e-10  9.5146928773e-06      0.0000000000 -6.2336932658e-08 -6.1079496547e-08    0.044525000000    0.044525000000
-5.0336248797e-08  8.4998411101e-10  9.5143627526e-06      0.0000000000 -6.2607962079e-08 -6.3579663383e-08    0.044541666667    0.044541666667
-5.0659180400e-08  8.4635767704e-10  9.5140227581e-06      0.0000000000 -6.2878536753e-08 -6.3210785793e-08    0.044558333333    0.044558333333
-5.1115313466e-08  8.3353671602e-10  9.5136928743e-06      0.0000000000 -6.3149566174e-08 -6.3329002083e-08    0.044575000000    0.044575000000
-5.1174883668e-08  8.4818316126e-10  9.5133627601e-06      0.0000000000 -6.3420595595e-08 -6.3385067955e-08    0.044591666667    0.044591666667
-5.1580929137e-08  8.3883145197e-10  9.5130227552e-06      0.0000000000 -6.3691625017e-08 -6.4074335432e-08    0.044608333333    0.044608333333
-5.1830430522e-08  8.4032256309e-10  9.5126928749e-06      0.0000000000 -6.3962654438e-08 -6.3826645655e-08    0.044625000000    0.044625000000
-5.2196604403e-08  8.3370100951e-10  9.5123627571e-06      0.0000000000 -6.4233229111e-08 -6.3900084714e-08    0.044641666667    0.044641666667
-5.2390980922e-08  8.3901027215e-10  9.5120227557e-06      0.0000000000 -6.4504258533e-08 -6.5864151130e-08    0.044658333333    0.044658333333
-5.2769170320e-08  8.3158797706e-10  9.5116928789e-06      0.0000000000 -6.4775287954e-08 -6.4328015421e-08    0.044675000000    0.044675000000
-5.2824282246e-08  8.4654321889e-10  9.5113627542e-06      0.0000000000 -6.5046317375e-08 -6.5418674290e-08    0.044691666667    0.044691666667
-5.3103378019e-08  8.4598451363e-10  9.5110227597e-06      0.0000000000 -6.5317346796e-08 -6.5559562198e-08    0.044708333333    0.044708333333
-5.3579318559e-08  8.3176011646e-10  9.5106928760e-06      0.0000000000 -6.5587921470e-08 -6.4967788964e-08    0.044725000000    0.044725000000
-5.3932782243e-08  8.2605041545e-10  9.5103627582e-06      0.0000000000 -6.5858950891e-08 -6.6607204739e-08    0.044741666667    0.044741666667
-5.3929652572e-08  8.4503968511e-10  9.5100227568e-06      0.0000000000 -6.6129980312e-08 -6.5868506219e-08    0.044758333333    0.044758333333
-5.4353259413e-08  8.3447161041e-10  9.5096928765e-06      0.0000000000 -6.6401009733e-08 -6.7468050134e-08    0.044775000000    0.044775000000
-5.4275917333e-08  8.5860110514e-10  9.5093627587e-06      0.0000000000 -6.6672039154e-08 -6.6455767140e-08    0.044791666667    0.044791666667
-5.4279740123e-08  8.7710882164e-10  9.5090227538e-06      0.0000000000 -6.6943068575e-08 -6.6704007199e-08    0.044808333333    0.044808333333
-5.4472477720e-08  8.8253160210e-10  9.5086928840e-06      0.0000000000 -6.7214097997e-08 -6.7059269241e-08    0.044825000000    0.044825000000
-5.4531243155e-08  8.9723378840e-10  9.5083627558e-06      0.0000000000 -6.7485127418e-08 -6.8431247977e-08    0.044841666667    0.044841666667
-5.4831514397e-08  8.9517689459e-10  9.5080227613e-06      0.0000000000 -6.7755702091e-08 -6.8467346474e-08    0.044858333333    0.044858333333
-5.5087002633e-08  8.9625333442e-10  9.5076928776e-06      0.0000000000 -6.8026731513e-08 -6.8843189061e-08    0.044875000000    0.044875000000
-5.5566354213e-08  8.8182417352e-10  9.5073627598e-06      0.0000000000 -6.8297760934e-08 -6.8931344233e-08    0.044891666667    0.044891666667
-5.5530778739e-08  9.0306075910e-10  9.5070227584e-06      0.0000000000 -6.8568790355e-08 -6.8423465417e-08    0.044908333333    0.044908333333
-5.5795826910e-08  9.0347504252e-10  9.5066928746e-06      0.0000000000 -6.8839819776e-08 -6.6478533092e-08    0.044925000000    0.044925000000
-5.5953780020e-08  9.1130712477e-10  9.5063627638e-06      0.0000000000 -6.9110849197e-08 -6.9843444464e-08    0.044941666667    0.044941666667
-5.6194249965e-08  9.1342378679e-10  9.5060227554e-06      0.0000000000 -6.9381878618e-08 -6.9318695575e-08    0.044958333333    0.044958333333
-5.6412995503e-08  9.1704516130e-10  9.5056928821e-06      0.0000000000 -6.9652908039e-08 -6.9789768388e-08    0.044975000000    0.044975000000
-5.6553647481e-08  9.2607558379e-10  9.5053627574e-06      0.0000000000 -6.9923937460e-08 -6.9738544997e-08    0.044991666667    0.044991666667

# index: 3405
# xPosition: 1.997890150329013E-5
# yPosition: -1.1971303664469046E-5
# quantitative-imaging-settings.type: simple-quantitative-imaging-settings
# quantitative-imaging-settings.relative-setpoint: 0.30087220298747946
# quantitative-imaging-settings.control-settings.control-settings-type: quantitative-imaging-control-settings
# quantitative-imaging-settings.control-settings.next-line-motion-time: 0.05
# quantitative-imaging-settings.control-settings.next-line-additional-delay: 0.01
# quantitative-imaging-settings.control-settings.max-retries-per-position: 5
# quantitative-imaging-settings.control-settings.max-bad-adjecent-pixels: 0
# quantitative-imaging-settings.control-settings.max-pixel-replays: 1
# quantitative-imaging-settings.control-settings.pixelwise-retract-if-required: true
# quantitative-imaging-settings.control-settings.no-data-extend-fraction: 0.2
# quantitative-imaging-settings.control-settings.overscan-delay-factor: 3.4
# quantitative-imaging-settings.control-settings.overscan-distance-factor: 0.383
# quantitative-imaging-settings.control-settings.line-clock.active: false
# quantitative-imaging-settings.control-settings.line-clock.name: pulse-2
# quantitative-imaging-settings.control-settings.frame-clock.active: false
# quantitative-imaging-settings.control-settings.frame-clock.name: pulse-3
# quantitative-imaging-settings.control-settings.closed-loop: false
# quantitative-imaging-settings.control-settings.start-option.type: smooth-xyz-motion
# quantitative-imaging-settings.control-settings.start-option.additional-retract: 3.0E-9
# quantitative-imaging-settings.control-settings.start-option.start-time: 0.01
# quantitative-imaging-settings.control-settings.start-option.motion-time: 0.01
# quantitative-imaging-settings.control-settings.pixel-clock.active: false
# quantitative-imaging-settings.control-settings.pixel-clock.name: pixel-clock
# quantitative-imaging-settings.control-settings.ttl-outputs.pins.list: 
# quantitative-imaging-settings.control-settings.baseline-adjust-settings.enabled: true
# quantitative-imaging-settings.control-settings.baseline-adjust-settings.interval: 1
# quantitative-imaging-settings.control-settings.averager.type: instrumentdefault
# quantitative-imaging-settings.control-settings.averager.value: NaN
# quantitative-imaging-settings.extend.type: z-extend-force
# quantitative-imaging-settings.extend.identifier.type: standard
# quantitative-imaging-settings.extend.identifier.name: extend-spm
# quantitative-imaging-settings.extend.style: extend
# quantitative-imaging-settings.extend.duration: 0.045000000000000005
# quantitative-imaging-settings.extend.num-points: 2700
# quantitative-imaging-settings.extend.z-start: 9.000000000000001E-7
# quantitative-imaging-settings.extend.z-end: 0.0
# quantitative-imaging-settings.extend.setpoint: 0.30087220298747946
# quantitative-imaging-settings.retract.type: z-retract-height
# quantitative-imaging-settings.retract.identifier.type: standard
# quantitative-imaging-settings.retract.identifier.name: retract-spm
# quantitative-imaging-settings.retract.style: retract
# quantitative-imaging-settings.retract.duration: 0.045000000000000005
# quantitative-imaging-settings.retract.num-points: 2700
# quantitative-imaging-settings.retract.z-start: 9.000000000000001E-7
# quantitative-imaging-settings.retract.z-end: 0.0
# quantitative-imaging-settings.retract.setpoint: 0.15000000000000002
# quantitative-imaging-settings.data-description.comment: 
# quantitative-imaging-settings.data-description.name: 
# quantitative-imaging-settings.data-description.probe: 
# quantitative-imaging-settings.data-description.user-name: afm_csec
# quantitative-imaging-settings.data-description.instrument: JPK01814-H-21-02-0019
# quantitative-imaging-settings.data-description.source-software: 8.0.163
# quantitative-imaging-settings.data-description.modification-software: 
# feedbackMode: contact
# date: Wed Oct 02 14:10:48 BST 2024
# segmentIndex: 1
# segment: retract
# columns: verticalTipPosition vDeflection height error smoothedMeasuredHeight measuredHeight seriesTime time
# fancyNames: "Vertical Tip Position" "Vertical Deflection" "Height" "Error Signal" "Height (measured & smoothed)" "Height (measured)" "Series Time" "Segment Time"
# heightMultiplier: 0.788494
# heightOffset: 0.0
# sensitivity: 4.798575435590727E-8
# springConstant: 0.06926368726396598
# calibrationSlots: nominal force nominal volts nominal nominal elapsed elapsed
# units: m N m V m m s s
#
-5.8280468077e-08  9.3463286123e-10  9.5053239387e-06      0.0000000000 -7.1774304431e-08 -7.1110287898e-08    0.045008333333  8.3333333333e-06
-5.7984767230e-08  9.4018438750e-10  9.5056627701e-06      0.0000000000 -7.1558754187e-08 -6.8948041361e-08    0.045025000000  2.5000000000e-05
-5.7882289971e-08  9.3232103813e-10  9.5059928879e-06      0.0000000000 -7.1342749195e-08 -6.7125806192e-08    0.045041666667  4.1666666667e-05
-5.7534280938e-08  9.4149562222e-10  9.5063227647e-06      0.0000000000 -7.1127198951e-08 -6.9774816441e-08    0.045058333333  5.8333333333e-05
-5.8153040455e-08  8.8367675437e-10  9.5066627731e-06      0.0000000000 -7.0911193959e-08 -6.9187555520e-08    0.045075000000  7.5000000000e-05
-5.8192400261e-08  8.6598924688e-10  9.5069928839e-06      0.0000000000 -7.0695188968e-08 -7.0349153596e-08    0.045091666667  9.1666666667e-05
-5.8286695897e-08  8.4446518380e-10  9.5073227711e-06      0.0000000000 -7.0478729229e-08 -7.0667546746e-08    0.045108333333  0.00010833333333
-5.8360059737e-08  8.2442243150e-10  9.5076627656e-06      0.0000000000 -7.0262724237e-08 -7.0472919873e-08    0.045125000000  0.00012500000000
-5.8287372713e-08  8.1449570060e-10  9.5079928903e-06      0.0000000000 -7.0046719245e-08 -6.9707336148e-08    0.045141666667  0.00014166666667
-5.8465904529e-08  7.8713712906e-10  9.5083227671e-06      0.0000000000 -6.9830259506e-08 -6.9132039930e-08    0.045158333333  0.00015833333333
-5.8123200481e-08  7.9588127540e-10  9.5086627685e-06      0.0000000000 -6.9613799767e-08 -7.1969545337e-08    0.045175000000  0.00017500000000
-5.8286951405e-08  7.6957798047e-10  9.5089928898e-06      0.0000000000 -6.9397794776e-08 -6.8491370213e-08    0.045191666667  0.00019166666667
-5.7702447509e-08  7.9507007584e-10  9.5093227666e-06      0.0000000000 -6.9181335036e-08 -7.0012428196e-08    0.045208333333  0.00020833333333
-5.7749923904e-08  7.7675738852e-10  9.5096627715e-06      0.0000000000 -6.8964420550e-08 -6.8628547647e-08    0.045225000000  0.00022500000000
-5.7382469829e-08  7.8721581301e-10  9.5099928823e-06      0.0000000000 -6.8747960811e-08 -6.8898343037e-08    0.045241666667  0.00024166666667
-5.7111381670e-08  7.9099957878e-10  9.5103227695e-06      0.0000000000 -6.8531501072e-08 -6.8899647992e-08    0.045258333333  0.00025833333333
-5.7025212941e-08  7.8194364556e-10  9.5106627640e-06      0.0000000000 -6.8314586586e-08 -6.7791238598e-08    0.045275000000  0.00027500000000
-5.7126418021e-08  7.5994100884e-10  9.5109928887e-06      0.0000000000 -6.8098126847e-08 -6.5663659824e-08    0.045291666667  0.00029166666667
-5.7048261416e-08  7.5033012637e-10  9.5113227690e-06      0.0000000000 -6.7881212360e-08 -6.4930008176e-08    0.045308333333  0.00030833333333
-5.6835400024e-08  7.5004939411e-10  9.5116627669e-06      0.0000000000 -6.7664297874e-08 -6.5710968352e-08    0.045325000000  0.00032500000000
-5.6445651497e-08  7.6202051704e-10  9.5119928917e-06      0.0000000000 -6.7447383388e-08 -6.6090301299e-08    0.045341666667  0.00034166666667
-5.6220668651e-08  7.6257936135e-10  9.5123227615e-06      0.0000000000 -6.7230468901e-08 -6.4791855957e-08    0.045358333333  0.00035833333333
-5.5583241769e-08  7.9167410297e-10  9.5126627699e-06      0.0000000000 -6.7013099667e-08 -6.6218076773e-08    0.045375000000  0.00037500000000
-5.5580571517e-08  7.7683475727e-10  9.5129928842e-06      0.0000000000 -6.6796185181e-08 -6.6336245896e-08    0.045391666667  0.00039166666667
-5.5298434387e-08  7.8132082060e-10  9.5133227679e-06      0.0000000000 -6.6578815947e-08 -6.5680105394e-08    0.045408333333  0.00040833333333
-5.4694225743e-08  8.0811474452e-10  9.5136627693e-06      0.0000000000 -6.6361446714e-08 -6.3473962077e-08    0.045425000000  0.00042500000000
-5.4383981790e-08  8.1457908755e-10  9.5139928871e-06      0.0000000000 -6.6144532227e-08 -6.6332535423e-08    0.045441666667  0.00044166666667
-5.4288905992e-08  8.0610859322e-10  9.5143227674e-06      0.0000000000 -6.5927162994e-08 -6.6765638780e-08    0.045458333333  0.00045833333333
-5.4398818810e-08  7.8340833412e-10  9.5146627653e-06      0.0000000000 -6.5709339012e-08 -6.5979427343e-08    0.045475000000  0.00047500000000
-5.4410564474e-08  7.6753899145e-10  9.5149928901e-06      0.0000000000 -6.5491969779e-08 -6.6386871837e-08    0.045491666667  0.00049166666667
-5.4320075469e-08  7.5875079899e-10  9.5153227634e-06      0.0000000000 -6.5274600545e-08 -6.6017302465e-08    0.045508333333  0.00050833333333
-5.4343723893e-08  7.4202552987e-10  9.5156627683e-06      0.0000000000 -6.5056776564e-08 -6.2935141692e-08    0.045525000000  0.00052500000000
-5.4723331774e-08  7.0067669366e-10  9.5159928860e-06      0.0000000000 -6.4839407330e-08 -6.3942550760e-08    0.045541666667  0.00054166666667
-5.4290791441e-08  7.1554873992e-10  9.5163227663e-06      0.0000000000 -6.4621583349e-08 -6.4856176058e-08    0.045558333333  0.00055833333333
-5.4434179798e-08  6.9052984151e-10  9.5166627677e-06      0.0000000000 -6.4403759368e-08 -6.3275939179e-08    0.045575000000  0.00057500000000
-5.4086347764e-08  6.9953467863e-10  9.5169928855e-06      0.0000000000 -6.4185935387e-08 -6.1350785559e-08    0.045591666667  0.00059166666667
-5.3963634050e-08  6.9294699079e-10  9.5173227693e-06      0.0000000000 -6.3968111406e-08 -6.3134092209e-08    0.045608333333  0.00060833333333
-5.3894383434e-08  6.8262475424e-10  9.5176627637e-06      0.0000000000 -6.3749832677e-08 -6.2912328574e-08    0.045625000000  0.00062500000000
-5.3706912778e-08  6.8052237104e-10  9.5179928885e-06      0.0000000000 -6.3532008696e-08 -6.2156995816e-08    0.045641666667  0.00064166666667
-5.3657455076e-08  6.6882920423e-10  9.5183227652e-06      0.0000000000 -6.3313729968e-08 -6.2281186596e-08    0.045658333333  0.00065833333333
-5.3733119651e-08  6.4850110472e-10  9.5186627667e-06      0.0000000000 -6.3095905987e-08 -6.2306672513e-08    0.045675000000  0.00067500000000
-5.3820595606e-08  6.2732340792e-10  9.5189928879e-06      0.0000000000 -6.2877627258e-08 -6.3692879968e-08    0.045691666667  0.00069166666667
-5.3603888456e-08  6.2721455457e-10  9.5193227647e-06      0.0000000000 -6.2659348530e-08 -6.3434388942e-08    0.045708333333  0.00070833333333
-5.3154560387e-08  6.4321788385e-10  9.5196627661e-06      0.0000000000 -6.2441069802e-08 -6.3986258871e-08    0.045725000000  0.00072500000000
-5.2833681732e-08  6.5032433308e-10  9.5199928839e-06      0.0000000000 -6.2222791073e-08 -6.4689000395e-08    0.045741666667  0.00074166666667
-5.2227896279e-08  6.7713298018e-10  9.5203227677e-06      0.0000000000 -6.2004057597e-08 -6.2482621243e-08    0.045758333333  0.00075833333333
-5.1995387448e-08  6.7811860956e-10  9.5206627656e-06      0.0000000000 -6.1785778869e-08 -6.2926431515e-08    0.045775000000  0.00077500000000
-5.1610289294e-08  6.8964164064e-10  9.5209928869e-06      0.0000000000 -6.1567045393e-08 -6.1345156961e-08    0.045791666667  0.00079166666667
-5.1374124282e-08  6.9088051060e-10  9.5213227671e-06      0.0000000000 -6.1348766665e-08 -6.0670086759e-08    0.045808333333  0.00080833333333
-5.1219699791e-08  6.8642623316e-10  9.5216627651e-06      0.0000000000 -6.1130033189e-08 -6.0258082785e-08    0.045825000000  0.00082500000000
-5.1064054525e-08  6.8205651112e-10  9.5219928898e-06      0.0000000000 -6.0911299713e-08 -6.0906519339e-08    0.045841666667  0.00084166666667
-5.0768707549e-08  6.8736304463e-10  9.5223227631e-06      0.0000000000 -6.0692566237e-08 -6.2076969095e-08    0.045858333333  0.00085833333333
-5.0537091384e-08  6.8822384976e-10  9.5226627680e-06      0.0000000000 -6.0473378014e-08 -5.9457941353e-08    0.045875000000  0.00087500000000
-5.0622245619e-08  6.6717546639e-10  9.5229928823e-06      0.0000000000 -6.0254644539e-08 -6.0045045050e-08    0.045891666667  0.00089166666667
-5.0356736971e-08  6.7041528725e-10  9.5233227661e-06      0.0000000000 -6.0035911063e-08 -5.6722772670e-08    0.045908333333  0.00090833333333
-5.0330352429e-08  6.5706099339e-10  9.5236627675e-06      0.0000000000 -5.9816722840e-08 -5.9354944290e-08    0.045925000000  0.00092500000000
-5.0369038774e-08  6.3919964996e-10  9.5239928853e-06      0.0000000000 -5.9597534617e-08 -5.9394973373e-08    0.045941666667  0.00094166666667
-5.0386250264e-08  6.2282573412e-10  9.5243227655e-06      0.0000000000 -5.9378346393e-08 -5.9599709711e-08    0.045958333333  0.00095833333333
-5.0507673339e-08  5.9923373975e-10  9.5246627635e-06      0.0000000000 -5.9159158170e-08 -5.9378653582e-08    0.045975000000  0.00097500000000
-5.0547389955e-08  5.8130103593e-10  9.5249928917e-06      0.0000000000 -5.8939969947e-08 -5.9835529120e-08    0.045991666667  0.00099166666667
-5.0685886251e-08  5.5652648721e-10  9.5253227615e-06      0.0000000000 -5.8720781724e-08 -6.0391927084e-08    0.046008333333   0.0010083333333
-5.0559332124e-08  5.5011030816e-10  9.5256627664e-06      0.0000000000 -5.8501593501e-08 -5.9650728711e-08    0.046025000000   0.0010250000000
-5.0257979056e-08  5.5576985080e-10  9.5259928842e-06      0.0000000000 -5.8281950530e-08 -5.8468062696e-08    0.046041666667   0.0010416666667
-5.0202767219e-08  5.4441224166e-10  9.5263227645e-06      0.0000000000 -5.8062762307e-08 -5.9626877918e-08    0.046058333333   0.0010583333333
-4.9803832803e-08  5.5683062831e-10  9.5266627624e-06      0.0000000000 -5.7843119337e-08 -5.9171841894e-08    0.046075000000   0.0010750000000
-4.9686032641e-08  5.4977661989e-10  9.5269928837e-06      0.0000000000 -5.7623476366e-08 -5.8529741444e-08    0.046091666667   0.0010916666667
-4.9334025806e-08  5.5894462916e-10  9.5273227674e-06      0.0000000000 -5.7403833396e-08 -5.7966598596e-08    0.046108333333   0.0011083333333
-4.9163498510e-08  5.5554269646e-10  9.5276627619e-06      0.0000000000 -5.7184190425e-08 -5.7547613902e-08    0.046125000000   0.0011250000000
-4.9053986743e-08  5.4791460324e-10  9.5279928901e-06      0.0000000000 -5.6964547455e-08 -5.7258747311e-08    0.046141666667   0.0011416666667
-4.8700129107e-08  5.5721080585e-10  9.5283227634e-06      0.0000000000 -5.6744904484e-08 -5.3375030095e-08    0.046158333333   0.0011583333333
-4.8299967634e-08  5.6968268550e-10  9.5286627648e-06      0.0000000000 -5.6524806767e-08 -5.4519349318e-08    0.046175000000   0.0011750000000
-4.8262798503e-08  5.5704387450e-10  9.5289928861e-06      0.0000000000 -5.6305163796e-08 -5.5236382451e-08    0.046191666667   0.0011916666667
-4.7640954462e-08  5.8487030624e-10  9.5293227629e-06      0.0000000000 -5.6085066078e-08 -5.5586361785e-08    0.046208333333   0.0012083333333
-4.7389373308e-08  5.8705096509e-10  9.5296627643e-06      0.0000000000 -5.5864968360e-08 -5.6517706162e-08    0.046225000000   0.0012250000000
-4.7065500283e-08  5.9423882551e-10  9.5299928821e-06      0.0000000000 -5.5644870643e-08 -5.6854588786e-08    0.046241666667   0.0012416666667
-4.6622525634e-08  6.0967610361e-10  9.5303227693e-06      0.0000000000 -5.5424772925e-08 -5.7327516835e-08    0.046258333333   0.0012583333333
-4.6603728918e-08  5.9573325394e-10  9.5306627603e-06      0.0000000000 -5.5204675207e-08 -5.4367031268e-08    0.046275000000   0.0012750000000
-4.6478420274e-08  5.8913631572e-10  9.5309928885e-06      0.0000000000 -5.4984122742e-08 -5.7036952231e-08    0.046291666667   0.0012916666667
-4.6244056890e-08  5.9012440830e-10  9.5313227618e-06      0.0000000000 -5.4764025024e-08 -5.6732441910e-08    0.046308333333   0.0013083333333
-4.6418449029e-08  5.6276908880e-10  9.5316627632e-06      0.0000000000 -5.4543472559e-08 -5.4007099691e-08    0.046325000000   0.0013250000000
-4.6408989683e-08  5.4817949849e-10  9.5319928880e-06      0.0000000000 -5.4323374841e-08 -5.5060653833e-08    0.046341666667   0.0013416666667
-4.6664171027e-08  5.1522842067e-10  9.5323227613e-06      0.0000000000 -5.4102822376e-08 -5.6075703960e-08    0.046358333333   0.0013583333333
-4.6670927633e-08  4.9948415627e-10  9.5326627697e-06      0.0000000000 -5.3882269911e-08 -5.4397847059e-08    0.046375000000   0.0013750000000
-4.6805135711e-08  4.7491213294e-10  9.5329928804e-06      0.0000000000 -5.3661717445e-08 -5.3982164057e-08    0.046391666667   0.0013916666667
-4.6796455078e-08  4.6023710864e-10  9.5333227677e-06      0.0000000000 -5.3441164980e-08 -5.3856526821e-08    0.046408333333   0.0014083333333
-4.6462532228e-08  4.6808955952e-10  9.5336627587e-06      0.0000000000 -5.3220612515e-08 -5.2187553043e-08    0.046425000000   0.0014250000000
-4.6625174433e-08  4.4151658623e-10  9.5339928834e-06      0.0000000000 -5.2999605303e-08 -5.0324314007e-08    0.046441666667   0.0014416666667
-4.6048904537e-08  4.6615488709e-10  9.5343227637e-06      0.0000000000 -5.2779052837e-08 -5.3627656688e-08    0.046458333333   0.0014583333333
-4.5983619489e-08  4.5536899579e-10  9.5346627616e-06      0.0000000000 -5.2558045625e-08 -5.2848708972e-08    0.046475000000   0.0014750000000
-4.5731211923e-08  4.5754390010e-10  9.5349928899e-06      0.0000000000 -5.2337038412e-08 -5.1822700373e-08    0.046491666667   0.0014916666667
-4.5486877666e-08  4.5915961720e-10  9.5353227597e-06      0.0000000000 -5.2116031200e-08 -5.2110953793e-08    0.046508333333   0.0015083333333
-4.5480303930e-08  4.4430716394e-10  9.5356627681e-06      0.0000000000 -5.1895023987e-08 -5.1207799575e-08    0.046525000000   0.0015250000000
-4.5144319866e-08  4.5227088458e-10  9.5359928788e-06      0.0000000000 -5.1674016775e-08 -5.1963949894e-08    0.046541666667   0.0015416666667
-4.5056951046e-08  4.4301459679e-10  9.5363227661e-06      0.0000000000 -5.1453009562e-08 -5.2213840799e-08    0.046558333333   0.0015583333333
-4.4522234406e-08  4.6474326849e-10  9.5366627605e-06      0.0000000000 -5.1232002350e-08 -5.2560769999e-08    0.046575000000   0.0015750000000
-4.4302799397e-08  4.6460287435e-10  9.5369928853e-06      0.0000000000 -5.1010540390e-08 -5.1819886074e-08    0.046591666667   0.0015916666667
-4.3973279379e-08  4.7211887140e-10  9.5373227656e-06      0.0000000000 -5.0789533177e-08 -5.1581079420e-08    0.046608333333   0.0016083333333
-4.3708488113e-08  4.7512001893e-10  9.5376627600e-06      0.0000000000 -5.0568071217e-08 -5.1309051458e-08    0.046625000000   0.0016250000000
-4.3331138087e-08  4.8591740118e-10  9.5379928883e-06      0.0000000000 -5.0346609257e-08 -5.1412048521e-08    0.046641666667   0.0016416666667
-4.2965949325e-08  4.9587244941e-10  9.5383227581e-06      0.0000000000 -5.0125147298e-08 -4.8486026327e-08    0.046658333333   0.0016583333333
-4.2847935938e-08  4.8870721981e-10  9.5386627665e-06      0.0000000000 -4.9903685338e-08 -4.9862674599e-08    0.046675000000   0.0016750000000
-4.2856151378e-08  4.7279891625e-10  9.5389928807e-06      0.0000000000 -4.9682223378e-08 -4.8871836879e-08    0.046691666667   0.0016916666667
-4.2719546614e-08  4.6692139395e-10  9.5393227645e-06      0.0000000000 -4.9460761418e-08 -5.0171823011e-08    0.046708333333   0.0017083333333
-4.2635069015e-08  4.5740185458e-10  9.5396627624e-06      0.0000000000 -4.9238844711e-08 -4.8644507535e-08    0.046725000000   0.0017250000000
-4.2761559671e-08  4.3330137341e-10  9.5399928837e-06      0.0000000000 -4.9017382751e-08 -5.0531031360e-08    0.046741666667   0.0017416666667
-4.2817548202e-08  4.1405263189e-10  9.5403227675e-06      0.0000000000 -4.8795466044e-08 -4.7037935733e-08    0.046758333333   0.0017583333333
-4.2887831215e-08  3.9381380183e-10  9.5406627584e-06      0.0000000000 -4.8573549336e-08 -4.8156769040e-08    0.046775000000   0.0017750000000
-4.3065239214e-08  3.6615510024e-10  9.5409928867e-06      0.0000000000 -4.8351632629e-08 -4.8487394171e-08    0.046791666667   0.0017916666667
-4.3166162383e-08  3.4379402003e-10  9.5413227599e-06      0.0000000000 -4.8129715922e-08 -4.8244782711e-08    0.046808333333   0.0018083333333
-4.3064946880e-08  3.3543380956e-10  9.5416627649e-06      0.0000000000 -4.7907799215e-08 -4.8037059127e-08    0.046825000000   0.0018250000000
-4.3197098549e-08  3.1090972827e-10  9.5419928826e-06      0.0000000000 -4.7685882507e-08 -4.9161756867e-08    0.046841666667   0.0018416666667
-4.2670932676e-08  3.3198314735e-10  9.5423227629e-06      0.0000000000 -4.7463965800e-08 -4.9712164618e-08    0.046858333333   0.0018583333333
-4.2485573303e-08  3.2941955409e-10  9.5426627643e-06      0.0000000000 -4.7241594346e-08 -4.8228085583e-08    0.046875000000   0.0018750000000
-4.2156678229e-08  3.3682927023e-10  9.5429928786e-06      0.0000000000 -4.7019677638e-08 -4.7344584293e-08    0.046891666667   0.0018916666667
-4.1441676501e-08  3.7095065944e-10  9.5433227659e-06      0.0000000000 -4.6797306184e-08 -4.8067922085e-08    0.046908333333   0.0019083333333
-4.1461033616e-08  3.5420764740e-10  9.5436627568e-06      0.0000000000 -4.6574934729e-08 -4.7269494387e-08    0.046925000000   0.0019250000000
-4.1046308861e-08  3.6756224374e-10  9.5439928850e-06      0.0000000000 -4.6353018022e-08 -4.6687075948e-08    0.046941666667   0.0019416666667
-4.0716615030e-08  3.7499578724e-10  9.5443227618e-06      0.0000000000 -4.6130646567e-08 -4.6404120957e-08    0.046958333333   0.0019583333333
-4.0363164970e-08  3.8404327730e-10  9.5446627633e-06      0.0000000000 -4.5907820365e-08 -4.5546891701e-08    0.046975000000   0.0019750000000
-4.0062526878e-08  3.8946431318e-10  9.5449928845e-06      0.0000000000 -4.5685448911e-08 -4.5521783120e-08    0.046991666667   0.0019916666667
-3.9675457668e-08  4.0087188699e-10  9.5453227578e-06      0.0000000000 -4.5463077456e-08 -4.4797879324e-08    0.047008333333   0.0020083333333
-3.9229821024e-08  4.1630455980e-10  9.5456627662e-06      0.0000000000 -4.5240251254e-08 -4.4447459764e-08    0.047025000000   0.0020250000000
-3.9185995727e-08  4.0393779460e-10  9.5459928770e-06      0.0000000000 -4.5017879800e-08 -4.5057816806e-08    0.047041666667   0.0020416666667
-3.8745345051e-08  4.1902512083e-10  9.5463227643e-06      0.0000000000 -4.4795053598e-08 -4.4538130511e-08    0.047058333333   0.0020583333333
-3.8544080727e-08  4.1753166569e-10  9.5466627587e-06      0.0000000000 -4.4572227396e-08 -4.4421973848e-08    0.047075000000   0.0020750000000
-3.8348773861e-08  4.1562557496e-10  9.5469928834e-06      0.0000000000 -4.4349401194e-08 -4.4584668644e-08    0.047091666667   0.0020916666667
-3.8723512772e-08  3.7423601189e-10  9.5473227637e-06      0.0000000000 -4.4126574992e-08 -4.4362983620e-08    0.047108333333   0.0021083333333
-3.8570659182e-08  3.6938945074e-10  9.5476627582e-06      0.0000000000 -4.3903748790e-08 -4.5183375430e-08    0.047125000000   0.0021250000000
-3.8586796296e-08  3.5283797040e-10  9.5479928864e-06      0.0000000000 -4.3680922588e-08 -4.4817500807e-08    0.047141666667   0.0021416666667
-3.8660994656e-08  3.3226495401e-10  9.5483227562e-06      0.0000000000 -4.3458096386e-08 -4.4357669469e-08    0.047158333333   0.0021583333333
-3.8538329274e-08  3.2529594886e-10  9.5486627646e-06      0.0000000000 -4.3234815437e-08 -4.3028502670e-08    0.047175000000   0.0021750000000
-3.8592899039e-08  3.0608248133e-10  9.5489928789e-06      0.0000000000 -4.3011989235e-08 -4.3115415777e-08    0.047191666667   0.0021916666667
-3.8556623628e-08  2.9312978822e-10  9.5493227627e-06      0.0000000000 -4.2788708286e-08 -4.3192313752e-08    0.047208333333   0.0022083333333
-3.8560393073e-08  2.7740344072e-10  9.5496627606e-06      0.0000000000 -4.2565427336e-08 -4.2433522079e-08    0.047225000000   0.0022250000000
-3.8503153134e-08  2.6590282811e-10  9.5499928818e-06      0.0000000000 -4.2342146387e-08 -4.2180077925e-08    0.047241666667   0.0022416666667
-3.8344675398e-08  2.6141431861e-10  9.5503227621e-06      0.0000000000 -4.2118865438e-08 -4.3104252914e-08    0.047258333333   0.0022583333333
-3.8245957948e-08  2.5278659131e-10  9.5506627566e-06      0.0000000000 -4.1895584489e-08 -4.2574284208e-08    0.047275000000   0.0022750000000
-3.7850613965e-08  2.6470431148e-10  9.5509928848e-06      0.0000000000 -4.1672303539e-08 -4.2289552593e-08    0.047291666667   0.0022916666667
-3.7372117641e-08  2.8234997189e-10  9.5513227581e-06      0.0000000000 -4.1448567843e-08 -4.2077080862e-08    0.047308333333   0.0023083333333
-3.7094949214e-08  2.8608241733e-10  9.5516627630e-06      0.0000000000 -4.1225286893e-08 -4.2191508068e-08    0.047325000000   0.0023250000000
-3.6402906955e-08  3.1851905662e-10  9.5519928808e-06      0.0000000000 -4.1001551197e-08 -4.1663048706e-08    0.047341666667   0.0023416666667
-3.6293725410e-08  3.1061611114e-10  9.5523227576e-06      0.0000000000 -4.0778270247e-08 -4.1576167044e-08    0.047358333333   0.0023583333333
-3.5928035261e-08  3.2044839997e-10  9.5526627625e-06      0.0000000000 -4.0554534551e-08 -4.0025220888e-08    0.047375000000   0.0023750000000
-3.5521549995e-08  3.3310630895e-10  9.5529928802e-06      0.0000000000 -4.0330798854e-08 -4.0784720066e-08    0.047391666667   0.0023916666667
-3.5622826107e-08  3.1059479266e-10  9.5533227675e-06      0.0000000000 -4.0107063158e-08 -4.0113250281e-08    0.047408333333   0.0024083333333
-3.5024866656e-08  3.3651490981e-10  9.5536627550e-06      0.0000000000 -3.9883327461e-08 -4.0888754804e-08    0.047425000000   0.0024250000000
-3.5398428337e-08  2.9514389101e-10  9.5539928832e-06      0.0000000000 -3.9659591764e-08 -3.9415555630e-08    0.047441666667   0.0024416666667
-3.5098764932e-08  3.0037142658e-10  9.5543227600e-06      0.0000000000 -3.9435401320e-08 -3.8888920060e-08    0.047458333333   0.0024583333333
-3.5243192479e-08  2.7487108284e-10  9.5546627579e-06      0.0000000000 -3.9211665624e-08 -3.9744435581e-08    0.047475000000   0.0024750000000
-3.4964682769e-08  2.7863343543e-10  9.5549928827e-06      0.0000000000 -3.8987475180e-08 -3.9486714950e-08    0.047491666667   0.0024916666667
-3.5097438805e-08  2.5394150360e-10  9.5553227560e-06      0.0000000000 -3.8763739483e-08 -3.9091345214e-08    0.047508333333   0.0025083333333
-3.4784340190e-08  2.6009961136e-10  9.5556627644e-06      0.0000000000 -3.8539549039e-08 -3.8674121422e-08    0.047525000000   0.0025250000000
-3.4523550027e-08  2.6263464280e-10  9.5559928786e-06      0.0000000000 -3.8315358595e-08 -3.8627268843e-08    0.047541666667   0.0025416666667
-3.4551095065e-08  2.4519851512e-10  9.5563227624e-06      0.0000000000 -3.8091168151e-08 -3.7483264067e-08    0.047558333333   0.0025583333333
-3.4506058868e-08  2.3278963138e-10  9.5566627568e-06      0.0000000000 -3.7866977707e-08 -3.8864298872e-08    0.047575000000   0.0025750000000
-3.4464180282e-08  2.2016203986e-10  9.5569928816e-06      0.0000000000 -3.7642787263e-08 -3.8801189391e-08    0.047591666667   0.0025916666667
-3.4641303315e-08  1.9236558874e-10  9.5573227619e-06      0.0000000000 -3.7418596819e-08 -3.8071232493e-08    0.047608333333   0.0026083333333
-3.4331612261e-08  1.9825617874e-10  9.5576627563e-06      0.0000000000 -3.7193951628e-08 -3.7896903164e-08    0.047625000000   0.0026250000000
-3.4161399686e-08  1.9451747254e-10  9.5579928846e-06      0.0000000000 -3.6969761184e-08 -3.6831557266e-08    0.047641666667   0.0026416666667
-3.3661184027e-08  2.1360449921e-10  9.5583227544e-06      0.0000000000 -3.6745115992e-08 -3.6464865081e-08    0.047658333333   0.0026583333333
-3.3846674940e-08  1.8519696036e-10  9.5586627663e-06      0.0000000000 -3.6520470801e-08 -3.7598603168e-08    0.047675000000   0.0026750000000
-3.3200524375e-08  2.1439197670e-10  9.5589928770e-06      0.0000000000 -3.6295825610e-08 -3.6484659510e-08    0.047691666667   0.0026916666667
-3.2800804138e-08  2.2654981741e-10  9.5593227573e-06      0.0000000000 -3.6071635166e-08 -3.6876837611e-08    0.047708333333   0.0027083333333
-3.2559351736e-08  2.2771394682e-10  9.5596627587e-06      0.0000000000 -3.5846989974e-08 -3.5757186743e-08    0.047725000000   0.0027250000000
-3.2048129724e-08  2.4753181660e-10  9.5599928800e-06      0.0000000000 -3.5621890036e-08 -3.6059212934e-08    0.047741666667   0.0027416666667
-3.1674284501e-08  2.5786596096e-10  9.5603227638e-06      0.0000000000 -3.5397244844e-08 -3.4914940878e-08    0.047758333333   0.0027583333333
-3.1215497991e-08  2.7408345197e-10  9.5606627547e-06      0.0000000000 -3.5172599653e-08 -3.6346177121e-08    0.047775000000   0.0027750000000
-3.1116074625e-08  2.6537862916e-10  9.5609928864e-06      0.0000000000 -3.4947499714e-08 -3.5844084127e-08    0.047791666667   0.0027916666667
-3.0771536831e-08  2.7368283294e-10  9.5613227527e-06      0.0000000000 -3.4722854523e-08 -3.5590058246e-08    0.047808333333   0.0028083333333
-3.0611001214e-08  2.6921086994e-10  9.5616627612e-06      0.0000000000 -3.4497754584e-08 -3.4874471569e-08    0.047825000000   0.0028250000000
-3.0567971316e-08  2.5660002758e-10  9.5619928789e-06      0.0000000000 -3.4272654646e-08 -3.4786395009e-08    0.047841666667   0.0028416666667
-3.0453385514e-08  2.4897690842e-10  9.5623227557e-06      0.0000000000 -3.4048009454e-08 -3.4172028770e-08    0.047858333333   0.0028583333333
-3.0534389505e-08  2.2777502157e-10  9.5626627606e-06      0.0000000000 -3.3822909516e-08 -3.4334912234e-08    0.047875000000   0.0028750000000
-3.0624067038e-08  2.0594087574e-10  9.5629928784e-06      0.0000000000 -3.3597354830e-08 -3.3851261547e-08    0.047891666667   0.0028916666667
-3.0272862001e-08  2.1467537986e-10  9.5633227622e-06      0.0000000000 -3.3372254891e-08 -3.3972213525e-08    0.047908333333   0.0029083333333
-3.0508111469e-08  1.8278988253e-10  9.5636627531e-06      0.0000000000 -3.3147154952e-08 -3.3306875453e-08    0.047925000000   0.0029250000000
-3.0208751583e-08  1.8793340030e-10  9.5639928848e-06      0.0000000000 -3.2922055014e-08 -3.3289140651e-08    0.047941666667   0.0029416666667
-3.0407524602e-08  1.5854289878e-10  9.5643227546e-06      0.0000000000 -3.2696500328e-08 -3.2240932106e-08    0.047958333333   0.0029583333333
-3.0158407282e-08  1.6020643116e-10  9.5646627596e-06      0.0000000000 -3.2471400389e-08 -3.2697697587e-08    0.047975000000   0.0029750000000
-3.0112363651e-08  1.4777283361e-10  9.5649928808e-06      0.0000000000 -3.2245845703e-08 -3.2280175071e-08    0.047991666667   0.0029916666667
-2.9936853159e-08  1.4430658822e-10  9.5653227541e-06      0.0000000000 -3.2020291017e-08 -3.2113345300e-08    0.048008333333   0.0030083333333
-2.9875774404e-08  1.3291437874e-10  9.5656627625e-06      0.0000000000 -3.1794736331e-08 -3.0998143854e-08    0.048025000000   0.0030250000000
-2.9532618494e-08  1.4105987317e-10  9.5659928768e-06      0.0000000000 -3.1569181645e-08 -3.1739625229e-08    0.048041666667   0.0030416666667
-2.9687953655e-08  1.1467803789e-10  9.5663227606e-06      0.0000000000 -3.1343626959e-08 -3.0992861147e-08    0.048058333333   0.0030583333333
-2.9338211863e-08  1.2327969480e-10  9.5666627515e-06      0.0000000000 -3.1118072273e-08 -3.1839697936e-08    0.048075000000   0.0030750000000
-2.9001573969e-08  1.3097372736e-10  9.5669928832e-06      0.0000000000 -3.0892517587e-08 -3.1233743150e-08    0.048091666667   0.0030916666667
-2.8764708485e-08  1.3172565748e-10  9.5673227565e-06      0.0000000000 -3.0666508153e-08 -3.1849335732e-08    0.048108333333   0.0031083333333
-2.8395911480e-08  1.4164714866e-10  9.5676627580e-06      0.0000000000 -3.0440953467e-08 -3.0706903190e-08    0.048125000000   0.0031250000000
-2.8018454821e-08  1.5213694188e-10  9.5679928827e-06      0.0000000000 -3.0214944034e-08 -3.0461273040e-08    0.048141666667   0.0031416666667
-2.7861609046e-08  1.4734641190e-10  9.5683227525e-06      0.0000000000 -2.9988934600e-08 -2.9889262790e-08    0.048158333333   0.0031583333333
-2.7612036839e-08  1.4900995400e-10  9.5686627609e-06      0.0000000000 -2.9763379914e-08 -2.9318840498e-08    0.048175000000   0.0031750000000
-2.7430959912e-08  1.4589776287e-10  9.5689928752e-06      0.0000000000 -2.9537370481e-08 -3.0126402876e-08    0.048191666667   0.0031916666667
-2.7281936024e-08  1.4056546014e-10  9.5693227590e-06      0.0000000000 -2.9311361048e-08 -2.9912972082e-08    0.048208333333   0.0032083333333
-2.7068732049e-08  1.3967850688e-10  9.5696627534e-06      0.0000000000 -2.9085351614e-08 -2.9724697036e-08    0.048225000000   0.0032250000000
-2.6825592086e-08  1.4083353303e-10  9.5699928816e-06      0.0000000000 -2.8858887433e-08 -2.8485257643e-08    0.048241666667   0.0032416666667
-2.6611998820e-08  1.3997354349e-10  9.5703227584e-06      0.0000000000 -2.8632878000e-08 -2.9110267908e-08    0.048258333333   0.0032583333333
-2.6590121010e-08  1.2583463457e-10  9.5706627564e-06      0.0000000000 -2.8406868567e-08 -2.8419396753e-08    0.048275000000   0.0032750000000
-2.6299294388e-08  1.3029261458e-10  9.5709928846e-06      0.0000000000 -2.8180404386e-08 -2.7965366958e-08    0.048291666667   0.0032916666667
-2.6274242936e-08  1.1637352382e-10  9.5713227509e-06      0.0000000000 -2.7954394952e-08 -2.7812168457e-08    0.048308333333   0.0033083333333
-2.6053631611e-08  1.1596813343e-10  9.5716627593e-06      0.0000000000 -2.7727930772e-08 -2.7632556421e-08    0.048325000000   0.0033250000000
-2.6058452819e-08  9.9948454643e-11  9.5719928771e-06      0.0000000000 -2.7501466591e-08 -2.7667082684e-08    0.048341666667   0.0033416666667
-2.5943045141e-08  9.2256271725e-11  9.5723227573e-06      0.0000000000 -2.7275002410e-08 -2.7636927232e-08    0.048358333333   0.0033583333333
-2.5761316945e-08  8.9157692470e-11  9.5726627588e-06      0.0000000000 -2.7048538230e-08 -2.7833267840e-08    0.048375000000   0.0033750000000
-2.5775022106e-08  7.2522678285e-11  9.5729928800e-06      0.0000000000 -2.6822074049e-08 -2.7238853254e-08    0.048391666667   0.0033916666667
-2.5476914383e-08  7.7484974236e-11  9.5733227568e-06      0.0000000000 -2.6595609868e-08 -2.5882030855e-08    0.048408333333   0.0034083333333
-2.5236475142e-08  7.8452938429e-11  9.5736627513e-06      0.0000000000 -2.6369145687e-08 -2.7355340086e-08    0.048425000000   0.0034250000000
-2.5014800546e-08  7.8089696665e-11  9.5739928830e-06      0.0000000000 -2.6142226759e-08 -2.5823024905e-08    0.048441666667   0.0034416666667
-2.4523644640e-08  9.6423221558e-11  9.5743227528e-06      0.0000000000 -2.5915762578e-08 -2.6780641316e-08    0.048458333333   0.0034583333333
-2.4327298797e-08  9.4305616935e-11  9.5746627577e-06      0.0000000000 -2.5688843650e-08 -2.5153300300e-08    0.048475000000   0.0034750000000
-2.3869443821e-08  1.1030109911e-10  9.5749928790e-06      0.0000000000 -2.5461924722e-08 -2.5367627267e-08    0.048491666667   0.0034916666667
-2.3515328981e-08  1.1914265447e-10  9.5753227557e-06      0.0000000000 -2.5235460542e-08 -2.5537004058e-08    0.048508333333   0.0035083333333
-2.3180187992e-08  1.2663851342e-10  9.5756627572e-06      0.0000000000 -2.5008541613e-08 -2.4779218615e-08    0.048525000000   0.0035250000000
-2.3179903128e-08  1.1094100251e-10  9.5759928784e-06      0.0000000000 -2.4781622685e-08 -2.4948595406e-08    0.048541666667   0.0035416666667
-2.2808096659e-08  1.2097644780e-10  9.5763227587e-06      0.0000000000 -2.4554703757e-08 -2.4182492844e-08    0.048558333333   0.0035583333333
-2.2947794852e-08  9.5583194179e-11  9.5766627531e-06      0.0000000000 -2.4327784829e-08 -2.4468670915e-08    0.048575000000   0.0035750000000
-2.2530492518e-08  1.0873835339e-10  9.5769928814e-06      0.0000000000 -2.4100411154e-08 -2.5481708581e-08    0.048591666667   0.0035916666667
-2.2318515993e-08  1.0770338745e-10  9.5773227547e-06      0.0000000000 -2.3873492226e-08 -2.3708165507e-08    0.048608333333   0.0036083333333
-2.2386370387e-08  8.7286300300e-11  9.5776627561e-06      0.0000000000 -2.3646573298e-08 -2.3917555658e-08    0.048625000000   0.0036250000000
-2.2075063641e-08  9.3099814231e-11  9.5779928809e-06      0.0000000000 -2.3419199622e-08 -2.3572088636e-08    0.048641666667   0.0036416666667
-2.2240488827e-08  6.5893116763e-11  9.5783227541e-06      0.0000000000 -2.3191825947e-08 -2.3864822923e-08    0.048658333333   0.0036583333333
-2.1887064795e-08  7.4655326709e-11  9.5786627556e-06      0.0000000000 -2.2964907019e-08 -2.3168606171e-08    0.048675000000   0.0036750000000
-2.2100987818e-08  4.4089490172e-11  9.5789928768e-06      0.0000000000 -2.2737533343e-08 -2.3274731980e-08    0.048691666667   0.0036916666667
-2.1981950406e-08  3.6585721106e-11  9.5793227571e-06      0.0000000000 -2.2510159668e-08 -2.3393907333e-08    0.048708333333   0.0037083333333
-2.1645581826e-08  4.4135110074e-11  9.5796627550e-06      0.0000000000 -2.2282785992e-08 -2.3219609449e-08    0.048725000000   0.0037250000000
-2.1818110969e-08  1.6436366365e-11  9.5799928798e-06      0.0000000000 -2.2055412317e-08 -2.2738977452e-08    0.048741666667   0.0037416666667
-2.1847589485e-08 -1.3541634904e-12  9.5803227531e-06      0.0000000000 -2.1828038641e-08 -2.2470659962e-08    0.048758333333   0.0037583333333
-2.1616343191e-08 -1.1174291793e-12  9.5806627545e-06      0.0000000000 -2.1600210219e-08 -2.1817679651e-08    0.048775000000   0.0037750000000
-2.1672673157e-08 -2.0767789455e-11  9.5809928827e-06      0.0000000000 -2.1372836543e-08 -2.1661761185e-08    0.048791666667   0.0037916666667
-2.1143490314e-08  1.0512886007e-13  9.5813227525e-06      0.0000000000 -2.1145008120e-08 -2.0913865095e-08    0.048808333333   0.0038083333333
-2.1028061257e-08 -7.6485681622e-12  9.5816627575e-06      0.0000000000 -2.0917634445e-08 -2.1299345478e-08    0.048825000000   0.0038250000000
-2.0770552660e-08 -5.5928098835e-12  9.5819928752e-06      0.0000000000 -2.0689806022e-08 -2.1470970564e-08    0.048841666667   0.0038416666667
-2.0418018087e-08  3.0447978866e-12  9.5823227555e-06      0.0000000000 -2.0461977599e-08 -2.0288178770e-08    0.048858333333   0.0038583333333
-2.0144541085e-08  6.2065868436e-12  9.5826627534e-06      0.0000000000 -2.0234149176e-08 -2.0524831463e-08    0.048875000000   0.0038750000000
-1.9875090851e-08  9.0894669351e-12  9.5829928782e-06      0.0000000000 -2.0006320754e-08 -2.0742570178e-08    0.048891666667   0.0038916666667
-1.9325146542e-08  3.1400400942e-11  9.5833227550e-06      0.0000000000 -1.9778492331e-08 -2.0590126349e-08    0.048908333333   0.0039083333333
-1.9137418797e-08  2.8622880107e-11  9.5836627529e-06      0.0000000000 -1.9550663908e-08 -2.0191407755e-08    0.048925000000   0.0039250000000
-1.8767863371e-08  3.8439414980e-11  9.5839928846e-06      0.0000000000 -1.9322835485e-08 -2.0037611804e-08    0.048941666667   0.0039416666667
-1.8347379777e-08  5.1783422481e-11  9.5843227509e-06      0.0000000000 -1.9095007063e-08 -1.8823689773e-08    0.048958333333   0.0039583333333
-1.8458417793e-08  2.8280785949e-11  9.5846627559e-06      0.0000000000 -1.8866723892e-08 -1.9549668918e-08    0.048975000000   0.0039750000000
-1.8067022803e-08  3.9610009547e-11  9.5849928771e-06      0.0000000000 -1.8638895470e-08 -1.9033268593e-08    0.048991666667   0.0039916666667
-1.7834014812e-08  3.9937268024e-11  9.5853227539e-06      0.0000000000 -1.8410612299e-08 -1.8747153412e-08    0.049008333333   0.0040083333333
-1.7813467713e-08  2.5548701811e-11  9.5856627518e-06      0.0000000000 -1.8182329129e-08 -1.8652976583e-08    0.049025000000   0.0040250000000
-1.7533990768e-08  2.9126068864e-11  9.5859928766e-06      0.0000000000 -1.7954500706e-08 -1.8468412009e-08    0.049041666667   0.0040416666667
-1.7669826371e-08  3.9058600530e-12  9.5863227569e-06      0.0000000000 -1.7726217536e-08 -1.8415270493e-08    0.049058333333   0.0040583333333
-1.7774169226e-08 -1.9133044918e-11  9.5866627513e-06      0.0000000000 -1.7497934366e-08 -1.7272083279e-08    0.049075000000   0.0040750000000
-1.7593119406e-08 -2.2404600961e-11  9.5869928830e-06      0.0000000000 -1.7269651196e-08 -1.6588931794e-08    0.049091666667   0.0040916666667
-1.7520436053e-08 -3.3213515492e-11  9.5873227528e-06      0.0000000000 -1.7040913279e-08 -1.6448421223e-08    0.049108333333   0.0041083333333
-1.7799367170e-08 -6.8345047220e-11  9.5876627543e-06      0.0000000000 -1.6812630108e-08 -1.6370092514e-08    0.049125000000   0.0041250000000
-1.7299944768e-08 -4.9564944275e-11  9.5879928790e-06      0.0000000000 -1.6584346938e-08 -1.6318680456e-08    0.049141666667   0.0041416666667
-1.7294566783e-08 -6.5035676793e-11  9.5883227523e-06      0.0000000000 -1.6355609021e-08 -1.6370878631e-08    0.049158333333   0.0041583333333
-1.7134966970e-08 -6.9792939334e-11  9.5886627537e-06      0.0000000000 -1.6127325851e-08 -1.5659002427e-08    0.049175000000   0.0041750000000
-1.6701799490e-08 -5.5633394053e-11  9.5889928750e-06      0.0000000000 -1.5898587933e-08 -1.6161629981e-08    0.049191666667   0.0041916666667
-1.6780549343e-08 -7.6899633408e-11  9.5893227587e-06      0.0000000000 -1.5670304763e-08 -1.5712615614e-08    0.049208333333   0.0042083333333
-1.6520067757e-08 -7.4700949831e-11  9.5896627497e-06      0.0000000000 -1.5441566845e-08 -1.5057072561e-08    0.049225000000   0.0042250000000
-1.6328005439e-08 -7.7241237121e-11  9.5899928779e-06      0.0000000000 -1.5212828928e-08 -1.5288269601e-08    0.049241666667   0.0042416666667
-1.6269999714e-08 -8.9066778261e-11  9.5903227512e-06      0.0000000000 -1.4984091010e-08 -1.5225128675e-08    0.049258333333   0.0042583333333
-1.5629440941e-08 -6.0542547351e-11  9.5906627526e-06      0.0000000000 -1.4755353093e-08 -1.4333671880e-08    0.049275000000   0.0042750000000
-1.5691375004e-08 -8.0675560514e-11  9.5909928809e-06      0.0000000000 -1.4526615175e-08 -1.4560796834e-08    0.049291666667   0.0042916666667
-1.5247075594e-08 -6.5776474152e-11  9.5913227507e-06      0.0000000000 -1.4297422511e-08 -1.4309836809e-08    0.049308333333   0.0043083333333
-1.5074145706e-08 -6.9641944054e-11  9.5916627556e-06      0.0000000000 -1.4068684593e-08 -1.4199984805e-08    0.049325000000   0.0043250000000
-1.4739924363e-08 -6.2335773105e-11  9.5919928734e-06      0.0000000000 -1.3839946676e-08 -1.3840006061e-08    0.049341666667   0.0043416666667
-1.4604743528e-08 -6.8847379070e-11  9.5923227571e-06      0.0000000000 -1.3610754011e-08 -1.3423694166e-08    0.049358333333   0.0043583333333
-1.4399110537e-08 -7.0447711467e-11  9.5926627481e-06      0.0000000000 -1.3382016093e-08 -1.4334473719e-08    0.049375000000   0.0043750000000
-1.4185011069e-08 -7.1493121909e-11  9.5929928763e-06      0.0000000000 -1.3152823428e-08 -1.3547334664e-08    0.049391666667   0.0043916666667
-1.3919725866e-08 -6.8993219624e-11  9.5933227531e-06      0.0000000000 -1.2923630764e-08 -1.2598271207e-08    0.049408333333   0.0044083333333
-1.3722908025e-08 -7.1235619345e-11  9.5936627510e-06      0.0000000000 -1.2694438099e-08 -1.2755761908e-08    0.049425000000   0.0044250000000
-1.3236481039e-08 -5.3418621780e-11  9.5939928828e-06      0.0000000000 -1.2465245434e-08 -1.2202712803e-08    0.049441666667   0.0044416666667
-1.3260518825e-08 -7.0958296504e-11  9.5943227491e-06      0.0000000000 -1.2236052769e-08 -1.1718150220e-08    0.049458333333   0.0044583333333
-1.3202496130e-08 -8.2814159798e-11  9.5946627575e-06      0.0000000000 -1.2006860104e-08 -1.2780320206e-08    0.049475000000   0.0044750000000
-1.3036518034e-08 -8.7192633894e-11  9.5949928718e-06      0.0000000000 -1.1777667439e-08 -1.2247600089e-08    0.049491666667   0.0044916666667
-1.2865769321e-08 -9.1240677507e-11  9.5953227555e-06      0.0000000000 -1.1548474775e-08 -1.1580847007e-08    0.049508333333   0.0045083333333
-1.2824802079e-08 -1.0430936178e-10  9.5956627500e-06      0.0000000000 -1.1318827362e-08 -1.1652226440e-08    0.049525000000   0.0045250000000
-1.2709697376e-08 -1.1221151470e-10  9.5959928782e-06      0.0000000000 -1.1089634697e-08 -1.0440206812e-08    0.049541666667   0.0045416666667
-1.2369940724e-08 -1.0458494277e-10  9.5963227550e-06      0.0000000000 -1.0859987285e-08 -1.0803848862e-08    0.049558333333   0.0045583333333
-1.2336638399e-08 -1.1815303002e-10  9.5966627494e-06      0.0000000000 -1.0630794620e-08 -1.1107463010e-08    0.049575000000   0.0045750000000
-1.2022912667e-08 -1.1232945558e-10  9.5969928812e-06      0.0000000000 -1.0401147208e-08 -1.0805782710e-08    0.049591666667   0.0045916666667
-1.1995139365e-08 -1.2631200082e-10  9.5973227475e-06      0.0000000000 -1.0171499796e-08 -9.0174291888e-09    0.049608333333   0.0046083333333
-1.1712374947e-08 -1.2263292113e-10  9.5976627559e-06      0.0000000000 -9.9418523839e-09 -1.1119852215e-08    0.049625000000   0.0046250000000
-1.1247300575e-08 -1.0632638181e-10  9.5979928737e-06      0.0000000000 -9.7122049717e-09 -8.2934310588e-09    0.049641666667   0.0046416666667
-1.1457139773e-08 -1.3676684491e-10  9.5983227539e-06      0.0000000000 -9.4825575595e-09 -9.9193727863e-09    0.049658333333   0.0046583333333
-1.0792753296e-08 -1.0665521430e-10  9.5986627519e-06      0.0000000000 -9.2529101473e-09 -9.8147563222e-09    0.049675000000   0.0046750000000
-1.0623535961e-08 -1.1084082424e-10  9.5989928731e-06      0.0000000000 -9.0232627351e-09 -9.4593056127e-09    0.049691666667   0.0046916666667
-1.0111407491e-08 -9.1306642099e-11  9.5993227569e-06      0.0000000000 -8.7931605755e-09 -9.5163619921e-09    0.049708333333   0.0047083333333
-9.6548275149e-09 -7.5588455953e-11  9.5996627478e-06      0.0000000000 -8.5635131633e-09 -8.7947064910e-09    0.049725000000   0.0047250000000
-9.2678048866e-09 -6.4719565682e-11  9.5999928796e-06      0.0000000000 -8.3334110038e-09 -8.2981005944e-09    0.049741666667   0.0047416666667
-8.6521155689e-09 -3.7980879865e-11  9.6003227494e-06      0.0000000000 -8.1037635916e-09 -7.3155485490e-09    0.049758333333   0.0047583333333
-8.6827948063e-09 -5.6043560989e-11  9.6006627543e-06      0.0000000000 -7.8736614320e-09 -7.7941838087e-09    0.049775000000   0.0047750000000
-8.2187783570e-09 -3.9841794781e-11  9.6009928755e-06      0.0000000000 -7.6435592725e-09 -7.4584174714e-09    0.049791666667   0.0047916666667
-8.2510315906e-09 -5.8013496682e-11  9.6013227523e-06      0.0000000000 -7.4134571129e-09 -6.3413293450e-09    0.049808333333   0.0048083333333
-8.0530466743e-09 -6.0238055374e-11  9.6016627538e-06      0.0000000000 -7.1833549534e-09 -7.5786462213e-09    0.049825000000   0.0048250000000
-7.8847584777e-09 -6.4519518371e-11  9.6019928715e-06      0.0000000000 -6.9532527938e-09 -7.7510888691e-09    0.049841666667   0.0048416666667
-8.0005882080e-09 -8.8480036606e-11  9.6023227553e-06      0.0000000000 -6.7231506343e-09 -7.0770720645e-09    0.049858333333   0.0048583333333
-7.9771915534e-09 -1.0279722206e-10  9.6026627462e-06      0.0000000000 -6.4930484747e-09 -7.1879774655e-09    0.049875000000   0.0048750000000
-7.8930110205e-09 -1.1290429197e-10  9.6029928780e-06      0.0000000000 -6.2629463152e-09 -7.1078878550e-09    0.049891666667   0.0048916666667
-7.8565544169e-09 -1.2634839467e-10  9.6033227513e-06      0.0000000000 -6.0323894083e-09 -6.6300544348e-09    0.049908333333   0.0049083333333
-7.9178770161e-09 -1.4653354802e-10  9.6036627527e-06      0.0000000000 -5.8022872487e-09 -6.0095564826e-09    0.049925000000   0.0049250000000
-7.5914604510e-09 -1.3989395464e-10  9.6039928774e-06      0.0000000000 -5.5717303418e-09 -5.6726266921e-09    0.049941666667   0.0049416666667
-7.5554427038e-09 -1.5333695668e-10  9.6043227472e-06      0.0000000000 -5.3416281823e-09 -6.1055099363e-09    0.049958333333   0.0049583333333
-7.1896244009e-09 -1.4396825365e-10  9.6046627556e-06      0.0000000000 -5.1110712754e-09 -5.3504916254e-09    0.049975000000   0.0049750000000
-7.1643279136e-09 -1.5818534716e-10  9.6049928699e-06      0.0000000000 -4.8805143685e-09 -5.0994372672e-09    0.049991666667   0.0049916666667
-6.7067379671e-09 -1.4246020170e-10  9.6053227537e-06      0.0000000000 -4.6499574616e-09 -4.5637927952e-09    0.050008333333   0.0050083333333
-6.2759683456e-09 -1.2856123338e-10  9.6056627481e-06      0.0000000000 -4.4198553020e-09 -3.9557626603e-09    0.050025000000   0.0050250000000
-6.2428941881e-09 -1.4227111425e-10  9.6059928764e-06      0.0000000000 -4.1888436478e-09 -4.1691305646e-09    0.050041666667   0.0050416666667
-5.5394995343e-09 -1.0952062842e-10  9.6063227497e-06      0.0000000000 -3.9582867409e-09 -4.7731986693e-09    0.050058333333   0.0050583333333
-5.4450917646e-09 -1.1895081968e-10  9.6066627476e-06      0.0000000000 -3.7277298340e-09 -3.9618157620e-09    0.050075000000   0.0050750000000
-5.0396534323e-09 -1.0683788733e-10  9.6069928793e-06      0.0000000000 -3.4971729271e-09 -4.0204915426e-09    0.050091666667   0.0050916666667
-4.6771471742e-09 -9.7698588729e-11  9.6073227456e-06      0.0000000000 -3.2666160202e-09 -3.9987475436e-09    0.050108333333   0.0051083333333
-4.5601390243e-09 -1.0559489180e-10  9.6076627540e-06      0.0000000000 -3.0356043659e-09 -2.3682777815e-09    0.050125000000   0.0051250000000
-4.3582583915e-09 -1.0758111628e-10  9.6079928718e-06      0.0000000000 -2.8050474590e-09 -3.2417010505e-09    0.050141666667   0.0051416666667
-3.8347429593e-09 -8.7321226078e-11  9.6083227521e-06      0.0000000000 -2.5740358048e-09 -2.0277004076e-09    0.050158333333   0.0051583333333
-3.9355840518e-09 -1.1030657095e-10  9.6086627500e-06      0.0000000000 -2.3430241505e-09 -2.9032147481e-09    0.050175000000   0.0051750000000
-3.5366916547e-09 -9.8678531679e-11  9.6089928748e-06      0.0000000000 -2.1120124963e-09 -1.2220875999e-09    0.050191666667   0.0051916666667
-3.3886389649e-09 -1.0439307797e-10  9.6093227515e-06      0.0000000000 -1.8814555894e-09 -2.2934237109e-09    0.050208333333   0.0052083333333
-3.3728301369e-09 -1.1929881923e-10  9.6096627460e-06      0.0000000000 -1.6504439351e-09 -1.6738848216e-09    0.050225000000   0.0052250000000
-3.1090152516e-09 -1.1702674649e-10  9.6099928777e-06      0.0000000000 -1.4194322809e-09 -1.2698363527e-09    0.050241666667   0.0052416666667
-3.2613859480e-09 -1.4358122173e-10  9.6103227475e-06      0.0000000000 -1.1884206266e-09 -1.4557687701e-09    0.050258333333   0.0052583333333
-3.2095866845e-09 -1.5602563019e-10  9.6106627524e-06      0.0000000000 -9.5695422504e-10 -8.0810261083e-10    0.050275000000   0.0052750000000
-3.1518402509e-09 -1.6802661825e-10  9.6109928737e-06      0.0000000000 -7.2594257079e-10 -7.9302488478e-10    0.050291666667   0.0052916666667
-2.9907631479e-09 -1.7287054314e-10  9.6113227470e-06      0.0000000000 -4.9493091654e-10 -1.8321812524e-10    0.050308333333   0.0053083333333
-2.7422298629e-09 -1.7168842786e-10  9.6116627519e-06      0.0000000000 -2.6346451494e-10  4.9048034160e-11    0.050325000000   0.0053250000000
-2.5517074628e-09 -1.7449286290e-10  9.6119928732e-06      0.0000000000 -3.2452860691e-11  3.0656427493e-10    0.050341666667   0.0053416666667
-2.2736866652e-09 -1.7126833377e-10  9.6123227569e-06      0.0000000000  1.9901354091e-10 -4.1916331269e-10    0.050358333333   0.0053583333333
-1.9210613652e-09 -1.6284492424e-10  9.6126627444e-06      0.0000000000  4.3002519516e-10  2.0008868357e-11    0.050375000000   0.0053750000000
-1.5658923128e-09 -1.5427682253e-10  9.6129928761e-06      0.0000000000  6.6149159676e-10  1.4518425607e-09    0.050391666667   0.0053916666667
-1.2658868690e-09 -1.4952955574e-10  9.6133227459e-06      0.0000000000  8.9295799836e-10  1.1560581393e-09    0.050408333333   0.0054083333333
-7.2508566474e-10 -1.2810388671e-10  9.6136627473e-06      0.0000000000  1.1244244000e-09  5.5678534898e-10    0.050425000000   0.0054250000000
-4.9480656693e-10 -1.2818612375e-10  9.6139928756e-06      0.0000000000  1.3558908016e-09  1.7183362588e-09    0.050441666667   0.0054416666667
-2.8003524544e-10 -1.2934248656e-10  9.6143227454e-06      0.0000000000  1.5873572032e-09  1.5880294877e-09    0.050458333333   0.0054583333333
 2.2626041501e-10 -1.1030679872e-10  9.6146627538e-06      0.0000000000  1.8188236048e-09  2.0825757575e-09    0.050475000000   0.0054750000000
 9.8575222812e-11 -1.3518296240e-10  9.6149928716e-06      0.0000000000  2.0502900064e-09  1.8865338743e-09    0.050491666667   0.0054916666667
 2.7495036565e-10 -1.3903028359e-10  9.6153227518e-06      0.0000000000  2.2822111553e-09  3.1104081480e-09    0.050508333333   0.0055083333333
 4.2382893421e-10 -1.4475062143e-10  9.6156627463e-06      0.0000000000  2.5136775569e-09  2.6324803938e-09    0.050525000000   0.0055250000000
 8.2647543885e-10 -1.3289405631e-10  9.6159928745e-06      0.0000000000  2.7451439585e-09  2.0033665982e-09    0.050541666667   0.0055416666667
 8.7911941530e-10 -1.4531145432e-10  9.6163227513e-06      0.0000000000  2.9770651075e-09  2.9906667908e-09    0.050558333333   0.0055583333333
 1.1108545489e-09 -1.4532433843e-10  9.6166627457e-06      0.0000000000  3.2089862564e-09  3.1262091018e-09    0.050575000000   0.0055750000000
 1.2076333374e-09 -1.5465329914e-10  9.6169928775e-06      0.0000000000  3.4404526580e-09  2.8654068916e-09    0.050591666667   0.0055916666667
 1.1098461924e-09 -1.7749011130e-10  9.6173227438e-06      0.0000000000  3.6723738070e-09  4.2077018458e-09    0.050608333333   0.0056083333333
 1.3822671625e-09 -1.7468494435e-10  9.6176627557e-06      0.0000000000  3.9042949559e-09  3.9753570747e-09    0.050625000000   0.0056250000000
 1.4122275327e-09 -1.8867349258e-10  9.6179928700e-06      0.0000000000  4.1362161049e-09  3.7592220383e-09    0.050641666667   0.0056416666667
 1.8006740082e-09 -1.7783197131e-10  9.6183227467e-06      0.0000000000  4.3681372538e-09  4.1328163305e-09    0.050658333333   0.0056583333333
 2.1021932001e-09 -1.7301135423e-10  9.6186627482e-06      0.0000000000  4.6000584028e-09  5.2634885605e-09    0.050675000000   0.0056750000000
 2.2863186241e-09 -1.7632186237e-10  9.6189928729e-06      0.0000000000  4.8319795517e-09  4.3239371207e-09    0.050691666667   0.0056916666667
 2.5890965319e-09 -1.7141406199e-10  9.6193227532e-06      0.0000000000  5.0639007007e-09  3.9937679373e-09    0.050708333333   0.0057083333333
 2.7442924650e-09 -1.7675983082e-10  9.6196627441e-06      0.0000000000  5.2962765970e-09  4.9150028485e-09    0.050725000000   0.0057250000000
 2.9605900923e-09 -1.7784197354e-10  9.6199928794e-06      0.0000000000  5.5281977459e-09  4.8596444821e-09    0.050741666667   0.0057416666667
 3.1078509822e-09 -1.8370585524e-10  9.6203227422e-06      0.0000000000  5.7601188949e-09  6.4338125372e-09    0.050758333333   0.0057583333333
 3.3951471669e-09 -1.7990187356e-10  9.6206627506e-06      0.0000000000  5.9924947912e-09  6.3616155424e-09    0.050775000000   0.0057750000000
 3.8725268319e-09 -1.6293200915e-10  9.6209928718e-06      0.0000000000  6.2248706875e-09  6.7566551093e-09    0.050791666667   0.0057916666667
 3.9010457304e-09 -1.7702039902e-10  9.6213227451e-06      0.0000000000  6.4567918365e-09  6.7796568957e-09    0.050808333333   0.0058083333333
 4.2439629472e-09 -1.6936389957e-10  9.6216627501e-06      0.0000000000  6.6891677328e-09  6.2323778906e-09    0.050825000000   0.0058250000000
 4.7045726464e-09 -1.5355558482e-10  9.6219928713e-06      0.0000000000  6.9215436291e-09  7.3054749039e-09    0.050841666667   0.0058416666667
 4.8090277103e-09 -1.6241585335e-10  9.6223227516e-06      0.0000000000  7.1539195254e-09  6.8217927725e-09    0.050858333333   0.0058583333333
 4.9639660755e-09 -1.6777946228e-10  9.6226627425e-06      0.0000000000  7.3862954217e-09  7.5566235962e-09    0.050875000000   0.0058750000000
 5.1641578319e-09 -1.7000865449e-10  9.6229928778e-06      0.0000000000  7.6186713180e-09  7.8607094141e-09    0.050891666667   0.0058916666667
 5.3902356929e-09 -1.7044487963e-10  9.6233227441e-06      0.0000000000  7.8510472143e-09  8.8183258250e-09    0.050908333333   0.0059083333333
 5.3319602356e-09 -1.9057646409e-10  9.6236627490e-06      0.0000000000  8.0834231106e-09  9.3181233570e-09    0.050925000000   0.0059250000000
 5.5284382345e-09 -1.9309438231e-10  9.6239928737e-06      0.0000000000  8.3162537542e-09  8.3085446057e-09    0.050941666667   0.0059416666667
 5.8441761635e-09 -1.8732042054e-10  9.6243227435e-06      0.0000000000  8.5486296505e-09  8.4637398442e-09    0.050958333333   0.0059583333333
 5.7526824674e-09 -2.0975282271e-10  9.6246627519e-06      0.0000000000  8.7810055468e-09  8.8465159843e-09    0.050975000000   0.0059750000000
 6.0133758220e-09 -2.0782294861e-10  9.6249928697e-06      0.0000000000  9.0138361905e-09  9.7380356690e-09    0.050991666667   0.0059916666667
 6.1976295005e-09 -2.1118756833e-10  9.6253227500e-06      0.0000000000  9.2466668341e-09  9.0752288944e-09    0.051008333333   0.0060083333333
 6.2912819438e-09 -2.2079606620e-10  9.6256627409e-06      0.0000000000  9.4790427305e-09  9.0277945884e-09    0.051025000000   0.0060250000000
 7.0615615603e-09 -1.8357036862e-10  9.6259928762e-06      0.0000000000  9.7118733741e-09  9.9034347076e-09    0.051041666667   0.0060416666667
 6.9927037802e-09 -2.0446642126e-10  9.6263227460e-06      0.0000000000  9.9447040178e-09  9.5512385229e-09    0.051058333333   0.0060583333333
 7.6288592067e-09 -1.7653065963e-10  9.6266627474e-06      0.0000000000  1.0177534661e-08  9.3023066809e-09    0.051075000000   0.0060750000000
 7.7208707261e-09 -1.8628431141e-10  9.6269928756e-06      0.0000000000  1.0410365305e-08  1.0828961818e-08    0.051091666667   0.0060916666667
 8.3488213871e-09 -1.5891684210e-10  9.6273227419e-06      0.0000000000  1.0643195949e-08  1.1085864888e-08    0.051108333333   0.0061083333333
 8.3000135552e-09 -1.7842416140e-10  9.6276627503e-06      0.0000000000  1.0876026592e-08  1.1225667953e-08    0.051125000000   0.0061250000000
 8.5848319876e-09 -1.7482329545e-10  9.6279928681e-06      0.0000000000  1.1108857236e-08  1.1018809099e-08    0.051141666667   0.0061416666667
 8.9110512479e-09 -1.6835485551e-10  9.6283227484e-06      0.0000000000  1.1341687880e-08  1.2230514280e-08    0.051158333333   0.0061583333333
 9.0687020963e-09 -1.7359358282e-10  9.6286627428e-06      0.0000000000  1.1574973271e-08  1.1754630430e-08    0.051175000000   0.0061750000000
 9.1999993946e-09 -1.8062615670e-10  9.6289928746e-06      0.0000000000  1.1807803914e-08  1.2638902115e-08    0.051191666667   0.0061916666667
 9.2668992521e-09 -1.9215063226e-10  9.6293227478e-06      0.0000000000  1.2041089305e-08  1.2265763771e-08    0.051208333333   0.0062083333333
 9.6797978469e-09 -1.7967846200e-10  9.6296627423e-06      0.0000000000  1.2273919949e-08  1.2900160273e-08    0.051225000000   0.0062250000000
 9.7617226746e-09 -1.9016225272e-10  9.6299928775e-06      0.0000000000  1.2507205340e-08  1.1687197305e-08    0.051241666667   0.0062416666667
 1.0172262950e-08 -1.7788492587e-10  9.6303227403e-06      0.0000000000  1.2740490731e-08  1.3566221573e-08    0.051258333333   0.0062583333333
 1.0443533686e-08 -1.7522242328e-10  9.6306627487e-06      0.0000000000  1.2973321375e-08  1.2974998622e-08    0.051275000000   0.0062750000000
 1.0566401919e-08 -1.8287032284e-10  9.6309928700e-06      0.0000000000  1.3206606766e-08  1.2903572021e-08    0.051291666667   0.0062916666667
 1.0947071803e-08 -1.7266192941e-10  9.6313227468e-06      0.0000000000  1.3439892157e-08  1.2936290215e-08    0.051308333333   0.0063083333333
 1.1038028873e-08 -1.8252011372e-10  9.6316627447e-06      0.0000000000  1.3673177548e-08  1.4184754232e-08    0.051325000000   0.0063250000000
 1.1509156377e-08 -1.6604629199e-10  9.6319928730e-06      0.0000000000  1.3906462939e-08  1.3640163747e-08    0.051341666667   0.0063416666667
 1.1604140483e-08 -1.7562554893e-10  9.6323227462e-06      0.0000000000  1.4139748330e-08  1.3194152348e-08    0.051358333333   0.0063583333333
 1.1855463075e-08 -1.7440772337e-10  9.6326627407e-06      0.0000000000  1.4373488468e-08  1.4320296543e-08    0.051375000000   0.0063750000000
 1.2193814612e-08 -1.6713045466e-10  9.6329928759e-06      0.0000000000  1.4606773859e-08  1.4855500790e-08    0.051391666667   0.0063916666667
 1.2147331974e-08 -1.8650821995e-10  9.6333227422e-06      0.0000000000  1.4840059250e-08  1.5172038702e-08    0.051408333333   0.0064083333333
 1.2636074156e-08 -1.6884583810e-10  9.6336627471e-06      0.0000000000  1.5073799388e-08  1.5492287088e-08    0.051425000000   0.0064250000000
 1.2433874377e-08 -1.9900914672e-10  9.6339928719e-06      0.0000000000  1.5307084779e-08  1.6008137131e-08    0.051441666667   0.0064416666667
 1.2765654597e-08 -1.9221852920e-10  9.6343227452e-06      0.0000000000  1.5540824918e-08  1.4875483886e-08    0.051458333333   0.0064583333333
 1.3000754421e-08 -1.9212435234e-10  9.6346627466e-06      0.0000000000  1.5774565056e-08  1.5456220035e-08    0.051475000000   0.0064750000000
 1.2917892193e-08 -2.1402190220e-10  9.6349928713e-06      0.0000000000  1.6007850447e-08  1.4793711985e-08    0.051491666667   0.0064916666667
 1.3348184372e-08 -2.0040798312e-10  9.6353227481e-06      0.0000000000  1.6241590585e-08  1.6594706269e-08    0.051508333333   0.0065083333333
 1.3284320848e-08 -2.2102111009e-10  9.6356627426e-06      0.0000000000  1.6475330724e-08  1.7246696073e-08    0.051525000000   0.0065250000000
 1.3694021492e-08 -2.0883343668e-10  9.6359928743e-06      0.0000000000  1.6709070862e-08  1.6169809975e-08    0.051541666667   0.0065416666667
 1.3701474341e-08 -2.2450692867e-10  9.6363227441e-06      0.0000000000  1.6942811001e-08  1.7118118759e-08    0.051558333333   0.0065583333333
 1.4175281061e-08 -2.0787903205e-10  9.6366627455e-06      0.0000000000  1.7176551139e-08  1.6430958077e-08    0.051575000000   0.0065750000000
 1.4461942819e-08 -2.0421348556e-10  9.6369928703e-06      0.0000000000  1.7410291277e-08  1.8001179824e-08    0.051591666667   0.0065916666667
 1.4656811024e-08 -2.0690589900e-10  9.6373227436e-06      0.0000000000  1.7644031416e-08  1.8138718872e-08    0.051608333333   0.0066083333333
 1.5187981236e-08 -1.8633629290e-10  9.6376627450e-06      0.0000000000  1.7878226301e-08  1.7923244174e-08    0.051625000000   0.0066250000000
 1.5607064938e-08 -1.7349871427e-10  9.6379928697e-06      0.0000000000  1.8111966440e-08  1.8127461675e-08    0.051641666667   0.0066416666667
 1.5835284309e-08 -1.7391260042e-10  9.6383227465e-06      0.0000000000  1.8346161325e-08  1.8393106367e-08    0.051658333333   0.0066583333333
 1.6308061025e-08 -1.5735604569e-10  9.6386627410e-06      0.0000000000  1.8579901464e-08  1.8020942808e-08    0.051675000000   0.0066750000000
 1.6456060564e-08 -1.6332625318e-10  9.6389928727e-06      0.0000000000  1.8814096349e-08  1.8149787401e-08    0.051691666667   0.0066916666667
 1.6600779451e-08 -1.6949219331e-10  9.6393227425e-06      0.0000000000  1.9047836488e-08  1.9103095890e-08    0.051708333333   0.0067083333333
 1.6808781081e-08 -1.7130643478e-10  9.6396627439e-06      0.0000000000  1.9282031374e-08  1.8917446475e-08    0.051725000000   0.0067250000000
 1.6824889843e-08 -1.8641188383e-10  9.6399928757e-06      0.0000000000  1.9516226259e-08  1.9552015923e-08    0.051741666667   0.0067416666667
 1.7233539511e-08 -1.7432850236e-10  9.6403227420e-06      0.0000000000  1.9750421145e-08  2.0448456701e-08    0.051758333333   0.0067583333333
 1.7385147673e-08 -1.8004876339e-10  9.6406627469e-06      0.0000000000  1.9984616031e-08  2.0057819390e-08    0.051775000000   0.0067750000000
 1.7736173745e-08 -1.7195660462e-10  9.6409928681e-06      0.0000000000  2.0218810916e-08  2.0030745517e-08    0.051791666667   0.0067916666667
 1.8007669861e-08 -1.6937298385e-10  9.6413227449e-06      0.0000000000  2.0453005802e-08  2.0237195591e-08    0.051808333333   0.0068083333333
 1.7900228075e-08 -1.9303599944e-10  9.6416627429e-06      0.0000000000  2.0687200688e-08  2.0460704406e-08    0.051825000000   0.0068250000000
 1.7933637703e-08 -2.0694312675e-10  9.6419928711e-06      0.0000000000  2.0921395573e-08  2.1106703997e-08    0.051841666667   0.0068416666667
 1.8029113170e-08 -2.1655134516e-10  9.6423227444e-06      0.0000000000  2.1155590459e-08  2.0885742201e-08    0.051858333333   0.0068583333333
 1.8255594896e-08 -2.1711708452e-10  9.6426627423e-06      0.0000000000  2.1390240092e-08  2.1412723663e-08    0.051875000000   0.0068750000000
 1.8447837060e-08 -2.2002288472e-10  9.6429928776e-06      0.0000000000  2.1624434978e-08  2.1324537046e-08    0.051891666667   0.0068916666667
 1.8697288550e-08 -2.1899765359e-10  9.6433227404e-06      0.0000000000  2.1859084611e-08  2.2477189110e-08    0.051908333333   0.0069083333333
 1.8887779840e-08 -2.2202472575e-10  9.6436627453e-06      0.0000000000  2.2093279497e-08  2.2787815423e-08    0.051925000000   0.0069250000000
 1.8991766405e-08 -2.3107493165e-10  9.6439928700e-06      0.0000000000  2.2327929130e-08  2.2201372063e-08    0.051941666667   0.0069416666667
 1.9344923824e-08 -2.2283514790e-10  9.6443227433e-06      0.0000000000  2.2562124015e-08  2.3078191358e-08    0.051958333333   0.0069583333333
 1.9777409877e-08 -2.0913226798e-10  9.6446627413e-06      0.0000000000  2.2796773649e-08  2.3763496804e-08    0.051975000000   0.0069750000000
 2.0095205823e-08 -2.0337324776e-10  9.6449928695e-06      0.0000000000  2.3031423282e-08  2.2422852696e-08    0.051991666667   0.0069916666667
 2.0398009129e-08 -1.9865267310e-10  9.6453227463e-06      0.0000000000  2.3266072915e-08  2.2962113307e-08    0.052008333333   0.0070083333333
 2.0645091475e-08 -1.9779153758e-10  9.6456627407e-06      0.0000000000  2.3500722548e-08  2.3398392577e-08    0.052025000000   0.0070250000000
 2.1022902336e-08 -1.8787566302e-10  9.6459928725e-06      0.0000000000  2.3735372181e-08  2.3662496479e-08    0.052041666667   0.0070416666667
 2.1317706877e-08 -1.8370911230e-10  9.6463227423e-06      0.0000000000  2.3970021814e-08  2.3687919506e-08    0.052058333333   0.0070583333333
 2.1915511153e-08 -1.5855568266e-10  9.6466627437e-06      0.0000000000  2.4204671447e-08  2.4897596505e-08    0.052075000000   0.0070750000000
 2.2148684567e-08 -1.5865793104e-10  9.6469928719e-06      0.0000000000  2.4439321080e-08  2.4653287032e-08    0.052091666667   0.0070916666667
 2.2567465955e-08 -1.4593578424e-10  9.6473227417e-06      0.0000000000  2.4674425460e-08  2.5165913995e-08    0.052108333333   0.0071083333333
 2.2680130740e-08 -1.5438490461e-10  9.6476627431e-06      0.0000000000  2.4909075093e-08  2.4844863770e-08    0.052125000000   0.0071250000000
 2.2693523687e-08 -1.6970995854e-10  9.6479928679e-06      0.0000000000  2.5143724726e-08  2.5905948914e-08    0.052141666667   0.0071416666667
 2.2909004943e-08 -1.7106912847e-10  9.6483227482e-06      0.0000000000  2.5378829107e-08  2.6107383560e-08    0.052158333333   0.0071583333333
 2.3052510142e-08 -1.7741362551e-10  9.6486627391e-06      0.0000000000  2.5613933487e-08  2.6314053747e-08    0.052175000000   0.0071750000000
 2.3284508737e-08 -1.7759724622e-10  9.6489928709e-06      0.0000000000  2.5848583120e-08  2.5879849826e-08    0.052191666667   0.0071916666667
 2.3270311599e-08 -1.9486478861e-10  9.6493227407e-06      0.0000000000  2.6083687501e-08  2.6482094139e-08    0.052208333333   0.0072083333333
 2.3561367114e-08 -1.9098940673e-10  9.6496627421e-06      0.0000000000  2.6318791881e-08  2.5717532366e-08    0.052225000000   0.0072250000000
 2.3863729027e-08 -1.8629940452e-10  9.6499928738e-06      0.0000000000  2.6553441514e-08  2.6451797186e-08    0.052241666667   0.0072416666667
 2.3901998517e-08 -1.9993291485e-10  9.6503227401e-06      0.0000000000  2.6788545895e-08  2.7104918998e-08    0.052258333333   0.0072583333333
 2.4331591877e-08 -1.8646189099e-10  9.6506627450e-06      0.0000000000  2.7023650275e-08  2.7529893904e-08    0.052275000000   0.0072750000000
 2.4549560640e-08 -1.8764876702e-10  9.6509928663e-06      0.0000000000  2.7258754655e-08  2.6929410493e-08    0.052291666667   0.0072916666667
 2.4716196449e-08 -1.9239115276e-10  9.6513227466e-06      0.0000000000  2.7493859036e-08  2.7521105115e-08    0.052308333333   0.0073083333333
 2.5048649988e-08 -1.8567988851e-10  9.6516627375e-06      0.0000000000  2.7729418164e-08  2.8151036472e-08    0.052325000000   0.0073250000000
 2.5292208547e-08 -1.8509432099e-10  9.6519928692e-06      0.0000000000  2.7964522544e-08  2.8787838493e-08    0.052341666667   0.0073416666667
 2.5268709041e-08 -2.0300617969e-10  9.6523227425e-06      0.0000000000  2.8199626924e-08  2.7927606269e-08    0.052358333333   0.0073583333333
 2.5708860011e-08 -1.8880389680e-10  9.6526627405e-06      0.0000000000  2.8434731305e-08  2.7997161910e-08    0.052375000000   0.0073750000000
 2.5829109961e-08 -1.9679063564e-10  9.6529928722e-06      0.0000000000  2.8670290433e-08  2.9155159571e-08    0.052391666667   0.0073916666667
 2.6208766683e-08 -1.8677840743e-10  9.6533227385e-06      0.0000000000  2.8905394813e-08  2.9792621930e-08    0.052408333333   0.0074083333333
 2.6393927475e-08 -1.9026918200e-10  9.6536627469e-06      0.0000000000  2.9140953941e-08  2.9951920700e-08    0.052425000000   0.0074250000000
 2.6485481854e-08 -2.0024348194e-10  9.6539928647e-06      0.0000000000  2.9376513068e-08  2.9861029840e-08    0.052441666667   0.0074416666667
 2.6880959228e-08 -1.8913545705e-10  9.6543227450e-06      0.0000000000  2.9611617449e-08  3.0048691715e-08    0.052458333333   0.0074583333333
 2.7230665539e-08 -1.8122920220e-10  9.6546627394e-06      0.0000000000  2.9847176577e-08  2.9247323940e-08    0.052475000000   0.0074750000000
 2.7671815122e-08 -1.6698924921e-10  9.6549928676e-06      0.0000000000  3.0082735704e-08  3.0153496847e-08    0.052491666667   0.0074916666667
 2.7750082579e-08 -1.7788385033e-10  9.6553227444e-06      0.0000000000  3.0318294832e-08  3.1526670481e-08    0.052508333333   0.0075083333333
 2.8086656403e-08 -1.7088720000e-10  9.6556627389e-06      0.0000000000  3.0553853960e-08  3.0722677075e-08    0.052525000000   0.0075250000000
 2.8362568186e-08 -1.6809222632e-10  9.6559928741e-06      0.0000000000  3.0789413088e-08  3.0377870391e-08    0.052541666667   0.0075416666667
 2.8464445585e-08 -1.7735151578e-10  9.6563227369e-06      0.0000000000  3.1024972215e-08  3.0329382688e-08    0.052558333333   0.0075583333333
 2.8628491156e-08 -1.8230480842e-10  9.6566627453e-06      0.0000000000  3.1260531343e-08  3.0991780682e-08    0.052575000000   0.0075750000000
 2.8851131545e-08 -1.8319960787e-10  9.6569928666e-06      0.0000000000  3.1496090471e-08  3.1732302993e-08    0.052591666667   0.0075916666667
 2.9047223742e-08 -1.8593323305e-10  9.6573227434e-06      0.0000000000  3.1731649599e-08  3.2561294924e-08    0.052608333333   0.0076083333333
 2.9130094959e-08 -1.9654045819e-10  9.6576627413e-06      0.0000000000  3.1967663474e-08  3.1800270678e-08    0.052625000000   0.0076250000000
 2.9239465339e-08 -2.0528075620e-10  9.6579928660e-06      0.0000000000  3.2203222602e-08  3.3053042617e-08    0.052641666667   0.0076416666667
 2.9569943034e-08 -1.9870634624e-10  9.6583227463e-06      0.0000000000  3.2438781729e-08  3.2536752348e-08    0.052658333333   0.0076583333333
 2.9756073582e-08 -2.0216144940e-10  9.6586627373e-06      0.0000000000  3.2674795604e-08  3.2213799719e-08    0.052675000000   0.0076750000000
 3.0117996334e-08 -1.9344053629e-10  9.6589928725e-06      0.0000000000  3.2910809480e-08  3.2808198584e-08    0.052691666667   0.0076916666667
 3.0533708152e-08 -1.8096249674e-10  9.6593227388e-06      0.0000000000  3.3146368607e-08  3.3522150137e-08    0.052708333333   0.0077083333333
 3.0970133745e-08 -1.6708124218e-10  9.6596627437e-06      0.0000000000  3.3382382482e-08  3.3218551712e-08    0.052725000000   0.0077250000000
 3.1174093119e-08 -1.6930145510e-10  9.6599928685e-06      0.0000000000  3.3618396358e-08  3.3634439104e-08    0.052741666667   0.0077416666667
 3.1219050293e-08 -1.8253474666e-10  9.6603227418e-06      0.0000000000  3.3854410233e-08  3.4172945042e-08    0.052758333333   0.0077583333333
 3.1534765930e-08 -1.7698281131e-10  9.6606627432e-06      0.0000000000  3.4089969360e-08  3.3716446840e-08    0.052775000000   0.0077750000000
 3.2108438323e-08 -1.5359533735e-10  9.6609928644e-06      0.0000000000  3.4325983236e-08  3.3613040996e-08    0.052791666667   0.0077916666667
 3.2082388526e-08 -1.7174683356e-10  9.6613227447e-06      0.0000000000  3.4561997111e-08  3.5161062797e-08    0.052808333333   0.0078083333333
 3.2828592378e-08 -1.3640919455e-10  9.6616627357e-06      0.0000000000  3.4798010986e-08  3.4556570189e-08    0.052825000000   0.0078250000000
 3.2920573725e-08 -1.4641691599e-10  9.6619928709e-06      0.0000000000  3.5034479608e-08  3.4596284825e-08    0.052841666667   0.0078416666667
 3.3129464829e-08 -1.4829553911e-10  9.6623227372e-06      0.0000000000  3.5270493483e-08  3.4588266430e-08    0.052858333333   0.0078583333333
 3.3513874539e-08 -1.3801709645e-10  9.6626627421e-06      0.0000000000  3.5506507358e-08  3.5932542400e-08    0.052875000000   0.0078750000000
 3.3609134664e-08 -1.4776622018e-10  9.6629928704e-06      0.0000000000  3.5742521234e-08  3.5916159719e-08    0.052891666667   0.0078916666667
 3.3465055064e-08 -1.7412439323e-10  9.6633227367e-06      0.0000000000  3.5978989856e-08  3.5693279798e-08    0.052908333333   0.0079083333333
 3.3856417236e-08 -1.6336439741e-10  9.6636627451e-06      0.0000000000  3.6215003731e-08  3.6259724338e-08    0.052925000000   0.0079250000000
 3.3928152253e-08 -1.7477445434e-10  9.6639928628e-06      0.0000000000  3.6451472354e-08  3.6289989847e-08    0.052941666667   0.0079416666667
 3.3937638004e-08 -1.9046462746e-10  9.6643227431e-06      0.0000000000  3.6687486229e-08  3.6258010603e-08    0.052958333333   0.0079583333333
 3.4248083657e-08 -1.8534070553e-10  9.6646627376e-06      0.0000000000  3.6923954851e-08  3.7775499615e-08    0.052975000000   0.0079750000000
 3.4386705361e-08 -1.9211794390e-10  9.6649928693e-06      0.0000000000  3.7160423474e-08  3.8197801723e-08    0.052991666667   0.0079916666667
 3.4458056829e-08 -2.0352306936e-10  9.6653227391e-06      0.0000000000  3.7396437349e-08  3.8418684907e-08    0.053008333333   0.0080083333333
 3.4614771874e-08 -2.0904709622e-10  9.6656627370e-06      0.0000000000  3.7632905971e-08  3.8094898994e-08    0.053025000000   0.0080250000000
 3.4910922244e-08 -2.0491331834e-10  9.6659928722e-06      0.0000000000  3.7869374594e-08  3.8191198339e-08    0.053041666667   0.0080416666667
 3.5060816817e-08 -2.1090975623e-10  9.6663227351e-06      0.0000000000  3.8105843216e-08  3.8826774017e-08    0.053058333333   0.0080583333333
 3.5732026876e-08 -1.8079796135e-10  9.6666627435e-06      0.0000000000  3.8342311839e-08  3.8651674294e-08    0.053075000000   0.0080750000000
 3.5781149625e-08 -1.9377422731e-10  9.6669928647e-06      0.0000000000  3.8578780461e-08  3.8637068238e-08    0.053091666667   0.0080916666667
 3.6020736596e-08 -1.9355823902e-10  9.6673227415e-06      0.0000000000  3.8815249083e-08  3.8863705799e-08    0.053108333333   0.0081083333333
 3.6450346531e-08 -1.8021205699e-10  9.6676627394e-06      0.0000000000  3.9052172453e-08  3.9149616590e-08    0.053125000000   0.0081250000000
 3.6480832482e-08 -1.9447917632e-10  9.6679928677e-06      0.0000000000  3.9288641076e-08  3.8912853840e-08    0.053141666667   0.0081416666667
 3.6770471782e-08 -1.9079637914e-10  9.6683227410e-06      0.0000000000  3.9525109698e-08  3.9962477397e-08    0.053158333333   0.0081583333333
 3.6933367120e-08 -1.9589233614e-10  9.6686627354e-06      0.0000000000  3.9761578321e-08  4.0289832281e-08    0.053175000000   0.0081750000000
 3.7327711633e-08 -1.8498876729e-10  9.6689928706e-06      0.0000000000  3.9998501690e-08  3.9623220700e-08    0.053191666667   0.0081916666667
 3.7623724134e-08 -1.8086453868e-10  9.6693227335e-06      0.0000000000  4.0234970313e-08  3.9937840487e-08    0.053208333333   0.0082083333333
 3.7817202318e-08 -1.8387371244e-10  9.6696627419e-06      0.0000000000  4.0471893683e-08  4.0406790784e-08    0.053225000000   0.0082250000000
 3.8295702856e-08 -1.6714118704e-10  9.6699928666e-06      0.0000000000  4.0708817053e-08  4.1286974660e-08    0.053241666667   0.0082416666667
 3.8441380958e-08 -1.7342967328e-10  9.6703227364e-06      0.0000000000  4.0945285675e-08  4.1935647049e-08    0.053258333333   0.0082583333333
 3.8987640814e-08 -1.5200388764e-10  9.6706627413e-06      0.0000000000  4.1182209045e-08  4.1531897305e-08    0.053275000000   0.0082750000000
 3.9319234688e-08 -1.4544665942e-10  9.6709928661e-06      0.0000000000  4.1419132415e-08  4.0415799686e-08    0.053291666667   0.0082916666667
 3.9307645836e-08 -1.6265953226e-10  9.6713227429e-06      0.0000000000  4.1656055784e-08  4.1361152670e-08    0.053308333333   0.0083083333333
 3.9730818178e-08 -1.4975924169e-10  9.6716627338e-06      0.0000000000  4.1892979154e-08  4.1166824522e-08    0.053325000000   0.0083250000000
 4.0011345750e-08 -1.4673905386e-10  9.6719928690e-06      0.0000000000  4.2129902524e-08  4.1085980239e-08    0.053341666667   0.0083416666667
 4.0215883855e-08 -1.4898217669e-10  9.6723227353e-06      0.0000000000  4.2366825894e-08  4.2613971775e-08    0.053358333333   0.0083583333333
 4.0416829637e-08 -1.5147411709e-10  9.6726627368e-06      0.0000000000  4.2603749264e-08  4.1610147401e-08    0.053375000000   0.0083750000000
 4.0879654605e-08 -1.3582733943e-10  9.6729928685e-06      0.0000000000  4.2840672634e-08  4.2529086851e-08    0.053391666667   0.0083916666667
 4.1036570443e-08 -1.4136895609e-10  9.6733227348e-06      0.0000000000  4.3077596003e-08  4.3838349164e-08    0.053408333333   0.0084083333333
 4.1380431388e-08 -1.3396206535e-10  9.6736627432e-06      0.0000000000  4.3314519373e-08  4.4200025921e-08    0.053425000000   0.0084250000000
 4.1422288271e-08 -1.4750458699e-10  9.6739928645e-06      0.0000000000  4.3551897490e-08  4.2679612553e-08    0.053441666667   0.0084416666667
 4.1888355013e-08 -1.3163327206e-10  9.6743227413e-06      0.0000000000  4.3788820860e-08  4.3464471870e-08    0.053458333333   0.0084583333333
 4.2044494942e-08 -1.3722863109e-10  9.6746627357e-06      0.0000000000  4.4025744230e-08  4.3992459561e-08    0.053475000000   0.0084750000000
 4.2414445189e-08 -1.2804619653e-10  9.6749928674e-06      0.0000000000  4.4263122347e-08  4.4611495335e-08    0.053491666667   0.0084916666667
 4.2533817975e-08 -1.3621968088e-10  9.6753227407e-06      0.0000000000  4.4500500464e-08  4.5448238380e-08    0.053508333333   0.0085083333333
 4.2650816940e-08 -1.4452608738e-10  9.6756627352e-06      0.0000000000  4.4737423834e-08  4.5468473035e-08    0.053525000000   0.0085250000000
 4.2930173836e-08 -1.4161848234e-10  9.6759928704e-06      0.0000000000  4.4974801951e-08  4.5446115864e-08    0.053541666667   0.0085416666667
 4.3016537591e-08 -1.5207829393e-10  9.6763227332e-06      0.0000000000  4.5212180068e-08  4.5016314199e-08    0.053558333333   0.0085583333333
 4.3499966385e-08 -1.3500441931e-10  9.6766627416e-06      0.0000000000  4.5449103438e-08  4.4960971555e-08    0.053575000000   0.0085750000000
 4.3845357109e-08 -1.2752306789e-10  9.6769928629e-06      0.0000000000  4.5686481555e-08  4.5464951230e-08    0.053591666667   0.0085916666667
 4.4062163222e-08 -1.2894796073e-10  9.6773227362e-06      0.0000000000  4.5923859673e-08  4.5140410645e-08    0.053608333333   0.0086083333333
 4.4498665906e-08 -1.1515585902e-10  9.6776627376e-06      0.0000000000  4.6161237790e-08  4.6745787549e-08    0.053625000000   0.0086250000000
 4.4864142114e-08 -1.0628331292e-10  9.6779928658e-06      0.0000000000  4.6398615907e-08  4.6491164219e-08    0.053641666667   0.0086416666667
 4.4931337903e-08 -1.1807076846e-10  9.6783227391e-06      0.0000000000  4.6635994024e-08  4.5880178284e-08    0.053658333333   0.0086583333333
 4.4996260736e-08 -1.3001565734e-10  9.6786627336e-06      0.0000000000  4.6873372141e-08  4.6517860756e-08    0.053675000000   0.0086750000000
 4.5187619601e-08 -1.3323461790e-10  9.6789928723e-06      0.0000000000  4.7111205006e-08  4.6629410773e-08    0.053691666667   0.0086916666667
 4.5529042070e-08 -1.2602812246e-10  9.6793227316e-06      0.0000000000  4.7348583123e-08  4.7448529073e-08    0.053708333333   0.0087083333333
 4.5505383200e-08 -1.4410850671e-10  9.6796627400e-06      0.0000000000  4.7585961240e-08  4.7946471368e-08    0.053725000000   0.0087250000000
 4.5697236758e-08 -1.4726170549e-10  9.6799928648e-06      0.0000000000  4.7823339357e-08  4.7965133788e-08    0.053741666667   0.0087416666667
 4.5901686964e-08 -1.4957391151e-10  9.6803227346e-06      0.0000000000  4.8061172222e-08  4.8820020416e-08    0.053758333333   0.0087583333333
 4.5910216329e-08 -1.6542481995e-10  9.6806627360e-06      0.0000000000  4.8298550339e-08  4.8783859029e-08    0.053775000000   0.0087750000000
 4.6190526950e-08 -1.6248265387e-10  9.6809928642e-06      0.0000000000  4.8536383203e-08  4.8894025480e-08    0.053791666667   0.0087916666667
 4.6243628516e-08 -1.7527782476e-10  9.6813227410e-06      0.0000000000  4.8774216068e-08  4.9251064146e-08    0.053808333333   0.0088083333333
 4.6327606829e-08 -1.8590286085e-10  9.6816627320e-06      0.0000000000  4.9011594185e-08  4.9273043980e-08    0.053825000000   0.0088250000000
 4.6666033204e-08 -1.7893538342e-10  9.6819928707e-06      0.0000000000  4.9249427050e-08  5.0841772105e-08    0.053841666667   0.0088416666667
 4.7084099882e-08 -1.6645172488e-10  9.6823227335e-06      0.0000000000  4.9487259914e-08  5.0237987003e-08    0.053858333333   0.0088583333333
 4.7231939528e-08 -1.7265348955e-10  9.6826627384e-06      0.0000000000  4.9724638031e-08  4.9439229136e-08    0.053875000000   0.0088750000000
 4.7599544281e-08 -1.6366501009e-10  9.6829928667e-06      0.0000000000  4.9962470896e-08  4.9368934545e-08    0.053891666667   0.0088916666667
 4.8134437757e-08 -1.4308949675e-10  9.6833227330e-06      0.0000000000  5.0200303760e-08  5.0719122115e-08    0.053908333333   0.0089083333333
 4.8617746055e-08 -1.2608696310e-10  9.6836627414e-06      0.0000000000  5.0438136625e-08  5.0955806252e-08    0.053925000000   0.0089250000000
 4.8718189610e-08 -1.3560305330e-10  9.6839928626e-06      0.0000000000  5.0675969489e-08  5.1284827705e-08    0.053941666667   0.0089416666667
 4.8956566099e-08 -1.3556539984e-10  9.6843227394e-06      0.0000000000  5.0913802354e-08  5.1380671102e-08    0.053958333333   0.0089583333333
 4.9197244804e-08 -1.3539978392e-10  9.6846627304e-06      0.0000000000  5.1152089966e-08  5.0958400439e-08    0.053975000000   0.0089750000000
 4.9593513066e-08 -1.2442596413e-10  9.6849928691e-06      0.0000000000  5.1389922830e-08  5.1168954044e-08    0.053991666667   0.0089916666667
 4.9446710174e-08 -1.5106725484e-10  9.6853227354e-06      0.0000000000  5.1627755695e-08  5.1448355785e-08    0.054008333333   0.0090083333333
 5.0071903898e-08 -1.2423721343e-10  9.6856627333e-06      0.0000000000  5.1865588559e-08  5.1210932697e-08    0.054025000000   0.0090250000000
 5.0221229374e-08 -1.3039905902e-10  9.6859928685e-06      0.0000000000  5.2103876171e-08  5.1620342485e-08    0.054041666667   0.0090416666667
 5.0395213363e-08 -1.3482146756e-10  9.6863227314e-06      0.0000000000  5.2341709036e-08  5.1597828091e-08    0.054058333333   0.0090583333333
 5.0602931397e-08 -1.3693882924e-10  9.6866627398e-06      0.0000000000  5.2579996647e-08  5.3029080056e-08    0.054075000000   0.0090750000000
 5.0781366714e-08 -1.4105292237e-10  9.6869928610e-06      0.0000000000  5.2817829512e-08  5.3598024449e-08    0.054091666667   0.0090916666667
 5.0821693958e-08 -1.5476438735e-10  9.6873227378e-06      0.0000000000  5.3056117124e-08  5.3683506823e-08    0.054108333333   0.0091083333333
 5.0972245820e-08 -1.6084128889e-10  9.6876627322e-06      0.0000000000  5.3294404736e-08  5.3537430543e-08    0.054125000000   0.0091250000000
 5.1450304169e-08 -1.4420238608e-10  9.6879928675e-06      0.0000000000  5.3532237600e-08  5.3374562801e-08    0.054141666667   0.0091416666667
 5.1231951519e-08 -1.7583097435e-10  9.6883227373e-06      0.0000000000  5.3770525212e-08  5.3846233063e-08    0.054158333333   0.0091583333333
 5.1841377363e-08 -1.5012457192e-10  9.6886627317e-06      0.0000000000  5.4008812824e-08  5.4697723665e-08    0.054175000000   0.0091750000000
 5.1840899071e-08 -1.6666237880e-10  9.6889928704e-06      0.0000000000  5.4247100436e-08  5.3950377857e-08    0.054191666667   0.0091916666667
 5.2090980072e-08 -1.6584552520e-10  9.6893227298e-06      0.0000000000  5.4485388048e-08  5.4424092024e-08    0.054208333333   0.0092083333333
 5.2460411181e-08 -1.5676204305e-10  9.6896627382e-06      0.0000000000  5.4723675660e-08  5.5117368697e-08    0.054225000000   0.0092250000000
 5.2368293503e-08 -1.7964713171e-10  9.6899928629e-06      0.0000000000  5.4961963271e-08  5.5007406637e-08    0.054241666667   0.0092416666667
 5.3091894051e-08 -1.4603256829e-10  9.6903227362e-06      0.0000000000  5.5200250883e-08  5.4747846492e-08    0.054258333333   0.0092583333333
 5.3355748252e-08 -1.4426173201e-10  9.6906627341e-06      0.0000000000  5.5438538495e-08  5.5531636688e-08    0.054275000000   0.0092750000000
 5.3849454252e-08 -1.2657051266e-10  9.6909928659e-06      0.0000000000  5.5676826107e-08  5.6010224781e-08    0.054291666667   0.0092916666667
 5.4217440416e-08 -1.1758711273e-10  9.6913227357e-06      0.0000000000  5.5915113719e-08  5.6165781633e-08    0.054308333333   0.0093083333333
 5.4489731972e-08 -1.1526337168e-10  9.6916627301e-06      0.0000000000  5.6153856078e-08  5.7141227180e-08    0.054325000000   0.0093250000000
 5.4778946989e-08 -1.1173595177e-10  9.6919928688e-06      0.0000000000  5.6392143690e-08  5.5724172489e-08    0.054341666667   0.0093416666667
 5.4774295379e-08 -1.2859431554e-10  9.6923227316e-06      0.0000000000  5.6630886049e-08  5.6829012911e-08    0.054358333333   0.0093583333333
 5.5299002236e-08 -1.0875586251e-10  9.6926627366e-06      0.0000000000  5.6869173661e-08  5.6940688707e-08    0.054375000000   0.0093750000000
 5.5237209837e-08 -1.2957200803e-10  9.6929928613e-06      0.0000000000  5.7107916020e-08  5.7586845522e-08    0.054391666667   0.0093916666667
 5.5705108018e-08 -1.1366833339e-10  9.6933227346e-06      0.0000000000  5.7346203632e-08  5.7728865437e-08    0.054408333333   0.0094083333333
 5.5976112001e-08 -1.1143377433e-10  9.6936627360e-06      0.0000000000  5.7584945991e-08  5.8131766175e-08    0.054425000000   0.0094250000000
 5.5917635120e-08 -1.3202027484e-10  9.6939928643e-06      0.0000000000  5.7823688351e-08  5.8366280630e-08    0.054441666667   0.0094416666667
 5.6001625461e-08 -1.4270747275e-10  9.6943227376e-06      0.0000000000  5.8061975962e-08  5.7718268579e-08    0.054458333333   0.0094583333333
 5.6571850361e-08 -1.1974776977e-10  9.6946627285e-06      0.0000000000  5.8300718322e-08  5.9022735578e-08    0.054475000000   0.0094750000000
 5.6533491026e-08 -1.3894085484e-10  9.6949928672e-06      0.0000000000  5.8539460681e-08  5.9137304285e-08    0.054491666667   0.0094916666667
 5.6651894600e-08 -1.4727596280e-10  9.6953227335e-06      0.0000000000  5.8778203040e-08  5.8372726790e-08    0.054508333333   0.0095083333333
 5.6911826105e-08 -1.4580832447e-10  9.6956627350e-06      0.0000000000  5.9016945399e-08  5.8970836127e-08    0.054525000000   0.0095250000000
 5.7167312159e-08 -1.4464859442e-10  9.6959928632e-06      0.0000000000  5.9255687758e-08  5.8364331059e-08    0.054541666667   0.0095416666667
 5.7756917704e-08 -1.2034651645e-10  9.6963227330e-06      0.0000000000  5.9494430118e-08  6.0160011192e-08    0.054558333333   0.0095583333333
 5.7709903394e-08 -1.4013907699e-10  9.6966627344e-06      0.0000000000  5.9733172477e-08  5.9445776636e-08    0.054575000000   0.0095750000000
 5.8114404214e-08 -1.2865803484e-10  9.6969928627e-06      0.0000000000  5.9971914836e-08  6.1391432190e-08    0.054591666667   0.0095916666667
 5.8351050942e-08 -1.2880318596e-10  9.6973227360e-06      0.0000000000  6.0210657195e-08  5.9661251334e-08    0.054608333333   0.0096083333333
 5.8764910375e-08 -1.1670542923e-10  9.6976627304e-06      0.0000000000  6.0449854302e-08  6.0196078244e-08    0.054625000000   0.0096250000000
 5.9362089323e-08 -9.1878789398e-11  9.6979928656e-06      0.0000000000  6.0688596661e-08  6.1869878781e-08    0.054641666667   0.0096416666667
 5.9388805151e-08 -1.0656452879e-10  9.6983227319e-06      0.0000000000  6.0927339020e-08  6.0216344343e-08    0.054658333333   0.0096583333333
 6.0012273525e-08 -7.9948483909e-11  9.6986627334e-06      0.0000000000  6.1166536127e-08  6.0694869547e-08    0.054675000000   0.0096750000000
 6.0249991671e-08 -8.0019424657e-11  9.6989928686e-06      0.0000000000  6.1405278486e-08  6.2026929256e-08    0.054691666667   0.0096916666667
 6.0499372915e-08 -7.9314033743e-11  9.6993227314e-06      0.0000000000  6.1644475593e-08  6.1774066829e-08    0.054708333333   0.0097083333333
 6.0614329248e-08 -8.7887910347e-11  9.6996627363e-06      0.0000000000  6.1883217952e-08  6.2740629252e-08    0.054725000000   0.0097250000000
 6.0763244597e-08 -9.4141157758e-11  9.6999928611e-06      0.0000000000  6.2122415058e-08  6.2739025573e-08    0.054741666667   0.0097416666667
 6.0720003633e-08 -1.1370385999e-10  9.7003227344e-06      0.0000000000  6.2361612165e-08  6.4082028033e-08    0.054758333333   0.0097583333333
 6.0955987204e-08 -1.1389494382e-10  9.7006627323e-06      0.0000000000  6.2600354524e-08  6.2317635361e-08    0.054775000000   0.0097750000000
 6.0977727352e-08 -1.2895681460e-10  9.7009928640e-06      0.0000000000  6.2839551631e-08  6.3446468077e-08    0.054791666667   0.0097916666667
 6.1058314275e-08 -1.3994274073e-10  9.7013227338e-06      0.0000000000  6.3078748737e-08  6.4627373190e-08    0.054808333333   0.0098083333333
 6.1362476517e-08 -1.3544301594e-10  9.7016627318e-06      0.0000000000  6.3317945844e-08  6.2593012182e-08    0.054825000000   0.0098250000000
 6.1506756713e-08 -1.4201731113e-10  9.7019928670e-06      0.0000000000  6.3557142951e-08  6.4199646874e-08    0.054841666667   0.0098416666667
 6.1705828060e-08 -1.4479656920e-10  9.7023227298e-06      0.0000000000  6.3796340057e-08  6.4181361790e-08    0.054858333333   0.0098583333333
 6.2559763295e-08 -1.0221753969e-10  9.7026627347e-06      0.0000000000  6.4035537164e-08  6.3869163244e-08    0.054875000000   0.0098750000000
 6.2516499620e-08 -1.2178181496e-10  9.7029928630e-06      0.0000000000  6.4274734270e-08  6.2934249895e-08    0.054891666667   0.0098916666667
 6.3183022974e-08 -9.2183623409e-11  9.7033227328e-06      0.0000000000  6.4513931377e-08  6.2699263770e-08    0.054908333333   0.0099083333333
 6.3259035663e-08 -1.0348637787e-10  9.7036627307e-06      0.0000000000  6.4753128483e-08  6.3745129687e-08    0.054925000000   0.0099250000000
 6.3219445672e-08 -1.2282769769e-10  9.7039928624e-06      0.0000000000  6.4992780337e-08  6.2589506100e-08    0.054941666667   0.0099416666667
 6.3648163083e-08 -1.0970082257e-10  9.7043227357e-06      0.0000000000  6.5231977444e-08  6.5777745515e-08    0.054958333333   0.0099583333333
 6.3707953004e-08 -1.2212722573e-10  9.7046627302e-06      0.0000000000  6.5471174550e-08  6.7165729595e-08    0.054975000000   0.0099750000000
 6.3973007549e-08 -1.2036774168e-10  9.7049928654e-06      0.0000000000  6.5710826404e-08  6.6275231862e-08    0.054991666667   0.0099916666667
 6.3892106636e-08 -1.4253891081e-10  9.7053227317e-06      0.0000000000  6.5950023511e-08  6.6049506197e-08    0.055008333333    0.010008333333
 6.4337321352e-08 -1.2830086905e-10  9.7056627331e-06      0.0000000000  6.6189675365e-08  6.7119034239e-08    0.055025000000    0.010025000000
 6.4370069854e-08 -1.4260026063e-10  9.7059928648e-06      0.0000000000  6.6428872471e-08  6.8199316363e-08    0.055041666667    0.010041666667
 6.4516324695e-08 -1.4906928210e-10  9.7063227311e-06      0.0000000000  6.6668524325e-08  6.7226417835e-08    0.055058333333    0.010058333333
 6.5091836955e-08 -1.2580635201e-10  9.7066627326e-06      0.0000000000  6.6908176179e-08  6.9364562023e-08    0.055075000000    0.010075000000
 6.5250489384e-08 -1.3138517332e-10  9.7069928608e-06      0.0000000000  6.7147373286e-08  6.7327606829e-08    0.055091666667    0.010091666667
 6.5695466304e-08 -1.1716360219e-10  9.7073227376e-06      0.0000000000  6.7387025140e-08  6.7251086190e-08    0.055108333333    0.010108333333
 6.5778371474e-08 -1.2802045547e-10  9.7076627285e-06      0.0000000000  6.7626676994e-08  6.7759436676e-08    0.055125000000    0.010125000000
 6.6427397984e-08 -9.9665657351e-11  9.7079928638e-06      0.0000000000  6.7866328848e-08  6.9184446872e-08    0.055141666667    0.010141666667
 6.6296963754e-08 -1.2529918413e-10  9.7083227301e-06      0.0000000000  6.8105980701e-08  6.7495474275e-08    0.055158333333    0.010158333333
 6.7010498722e-08 -9.2476292260e-11  9.7086627315e-06      0.0000000000  6.8345632555e-08  6.5995987345e-08    0.055175000000    0.010175000000
 6.7277902906e-08 -9.0554063566e-11  9.7089928632e-06      0.0000000000  6.8585284409e-08  6.6706134091e-08    0.055191666667    0.010191666667
 6.7164206580e-08 -1.1502826144e-10  9.7093227295e-06      0.0000000000  6.8824936263e-08  7.0349551031e-08    0.055208333333    0.010208333333
 6.7688990260e-08 -9.5278979752e-11  9.7096627345e-06      0.0000000000  6.9064588117e-08  6.7818364014e-08    0.055225000000    0.010225000000
 6.7807202534e-08 -1.0369033286e-10  9.7099928592e-06      0.0000000000  6.9304239971e-08  7.0766507543e-08    0.055241666667    0.010241666667
 6.8100718061e-08 -9.9959536270e-11  9.7103227360e-06      0.0000000000  6.9543891825e-08  6.9617062836e-08    0.055258333333    0.010258333333
 6.8263647351e-08 -1.0530512140e-10  9.7106627269e-06      0.0000000000  6.9783998426e-08  6.9641652579e-08    0.055275000000    0.010275000000
 6.8690173434e-08 -9.2361523238e-11  9.7109928622e-06      0.0000000000  7.0023650280e-08  6.8562926968e-08    0.055291666667    0.010291666667
 6.8906614449e-08 -9.3969191501e-11  9.7113227320e-06      0.0000000000  7.0263302134e-08  6.9999508807e-08    0.055308333333    0.010308333333
 6.9134177510e-08 -9.4838003416e-11  9.7116627299e-06      0.0000000000  7.0503408735e-08  7.1447237787e-08    0.055325000000    0.010325000000
 6.9234702299e-08 -1.0447445691e-10  9.7119928651e-06      0.0000000000  7.0743060589e-08  7.2141143355e-08    0.055341666667    0.010341666667
 6.9175037914e-08 -1.2523770071e-10  9.7123227279e-06      0.0000000000  7.0983167190e-08  7.2880910994e-08    0.055358333333    0.010358333333
 6.9495362675e-08 -1.1964999770e-10  9.7126627364e-06      0.0000000000  7.1222819044e-08  7.2260727489e-08    0.055375000000    0.010375000000
 6.9825650693e-08 -1.1340370029e-10  9.7129928576e-06      0.0000000000  7.1462925646e-08  6.9698268733e-08    0.055391666667    0.010391666667
 7.0206508711e-08 -1.0362324068e-10  9.7133227344e-06      0.0000000000  7.1702577500e-08  7.0990818197e-08    0.055408333333    0.010408333333
 7.0578789375e-08 -9.4468377762e-11  9.7136627288e-06      0.0000000000  7.1942684101e-08  7.0847383270e-08    0.055425000000    0.010425000000
 7.0717010853e-08 -1.0152531705e-10  9.7139928606e-06      0.0000000000  7.2182790702e-08  7.0931010408e-08    0.055441666667    0.010441666667
 7.1257172060e-08 -8.0742428728e-11  9.7143227339e-06      0.0000000000  7.2422897303e-08  7.0827211506e-08    0.055458333333    0.010458333333
 7.1216157299e-08 -1.0021393085e-10  9.7146627283e-06      0.0000000000  7.2663003905e-08  7.3065585624e-08    0.055475000000    0.010475000000
 7.1663364424e-08 -8.5837887397e-11  9.7149928670e-06      0.0000000000  7.2902655759e-08  7.3461505642e-08    0.055491666667    0.010491666667
 7.1899750253e-08 -8.6095601864e-11  9.7153227263e-06      0.0000000000  7.3142762360e-08  7.1886048355e-08    0.055508333333    0.010508333333
 7.2046199207e-08 -9.2582675797e-11  9.7156627347e-06      0.0000000000  7.3382868961e-08  7.2131584171e-08    0.055525000000    0.010525000000
 7.2491430892e-08 -7.8374956187e-11  9.7159928595e-06      0.0000000000  7.3622975562e-08  7.3616700880e-08    0.055541666667    0.010541666667
 7.2665295463e-08 -8.2994620894e-11  9.7163227293e-06      0.0000000000  7.3863536911e-08  7.3377784170e-08    0.055558333333    0.010558333333
 7.2953887145e-08 -7.9636365474e-11  9.7166627307e-06      0.0000000000  7.4103643512e-08  7.4385664909e-08    0.055575000000    0.010575000000
 7.3047447585e-08 -8.9786692961e-11  9.7169928590e-06      0.0000000000  7.4343750114e-08  7.6113455968e-08    0.055591666667    0.010591666667
 7.3401545400e-08 -8.1891241165e-11  9.7173227357e-06      0.0000000000  7.4583856715e-08  7.6010113014e-08    0.055608333333    0.010608333333
 7.3250833448e-08 -1.0896077523e-10  9.7176627267e-06      0.0000000000  7.4823963316e-08  7.6179741362e-08    0.055625000000    0.010625000000
 7.3808663571e-08 -8.6985570019e-11  9.7179928654e-06      0.0000000000  7.5064524665e-08  7.6458246930e-08    0.055641666667    0.010641666667
 7.3865552386e-08 -9.9675909497e-11  9.7183227247e-06      0.0000000000  7.5304631266e-08  7.6032187182e-08    0.055658333333    0.010658333333
 7.4193482084e-08 -9.3624455494e-11  9.7186627331e-06      0.0000000000  7.5545192615e-08  7.5257248664e-08    0.055675000000    0.010675000000
 7.4730482205e-08 -7.3060515540e-11  9.7189928614e-06      0.0000000000  7.5785299216e-08  7.4930506951e-08    0.055691666667    0.010691666667
 7.4859444469e-08 -8.0790279665e-11  9.7193227312e-06      0.0000000000  7.6025860564e-08  7.6777976478e-08    0.055708333333    0.010708333333
 7.5464767138e-08 -5.5494068134e-11  9.7196627326e-06      0.0000000000  7.6265967166e-08  7.5087447369e-08    0.055725000000    0.010725000000
 7.5588733547e-08 -6.3569863575e-11  9.7199928574e-06      0.0000000000  7.6506528514e-08  7.4848153323e-08    0.055741666667    0.010741666667
 7.6042405389e-08 -4.8777547577e-11  9.7203227341e-06      0.0000000000  7.6746635116e-08  7.7679259737e-08    0.055758333333    0.010758333333
 7.6361579916e-08 -4.3332508922e-11  9.7206627216e-06      0.0000000000  7.6987196464e-08  7.5098924679e-08    0.055775000000    0.010775000000
 7.6898423336e-08 -2.2810920235e-11  9.7209928638e-06      0.0000000000  7.7227757813e-08  7.5133152218e-08    0.055791666667    0.010791666667
 7.6883279319e-08 -4.0522016715e-11  9.7213227266e-06      0.0000000000  7.7468319161e-08  7.6527189400e-08    0.055808333333    0.010808333333
 7.7145802810e-08 -3.9000837721e-11  9.7216627315e-06      0.0000000000  7.7708880510e-08  7.8388227308e-08    0.055825000000    0.010825000000
 7.7433280591e-08 -3.5719735182e-11  9.7219928633e-06      0.0000000000  7.7948987111e-08  7.8515908448e-08    0.055841666667    0.010841666667
 7.7401044648e-08 -5.4614681448e-11  9.7223227261e-06      0.0000000000  7.8189548460e-08  7.8917692900e-08    0.055858333333    0.010858333333
 7.7525802998e-08 -6.2635624133e-11  9.7226627345e-06      0.0000000000  7.8430109809e-08  8.1767037231e-08    0.055875000000    0.010875000000
 7.7813462067e-08 -5.9373462356e-11  9.7229928558e-06      0.0000000000  7.8670671157e-08  7.9087824363e-08    0.055891666667    0.010891666667
 7.7842725931e-08 -7.4040202684e-11  9.7233227325e-06      0.0000000000  7.8911687253e-08  7.9039037936e-08    0.055908333333    0.010908333333
 7.8236061835e-08 -6.3458473671e-11  9.7236627270e-06      0.0000000000  7.9152248602e-08  7.9603627240e-08    0.055925000000    0.010925000000
 7.8040882958e-08 -9.3639448400e-11  9.7239928622e-06      0.0000000000  7.9392809950e-08  7.9996104065e-08    0.055941666667    0.010941666667
 7.8449270284e-08 -8.2015202427e-11  9.7243227285e-06      0.0000000000  7.9633371299e-08  8.1160249161e-08    0.055958333333    0.010958333333
 7.8578921354e-08 -8.9697257238e-11  9.7246627264e-06      0.0000000000  7.9873932648e-08  8.0193686738e-08    0.055975000000    0.010975000000
 7.8921111203e-08 -8.2689590069e-11  9.7249928652e-06      0.0000000000  8.0114948744e-08  8.0626900151e-08    0.055991666667    0.010991666667
 7.9106225665e-08 -8.6530045846e-11  9.7253227210e-06      0.0000000000  8.0355510092e-08  7.9214829443e-08    0.056008333333    0.011008333333
 7.9393151978e-08 -8.3350134978e-11  9.7256627329e-06      0.0000000000  8.0596526188e-08  7.9588738182e-08    0.056025000000    0.011025000000
 7.9601064937e-08 -8.5611482820e-11  9.7259928576e-06      0.0000000000  8.0837087537e-08  8.1174367824e-08    0.056041666667    0.011041666667
 7.9928756571e-08 -7.9576517955e-11  9.7263227309e-06      0.0000000000  8.1077648885e-08  7.8845590239e-08    0.056058333333    0.011058333333
 8.0538079296e-08 -5.4066242803e-11  9.7266627289e-06      0.0000000000  8.1318664981e-08  7.9838550475e-08    0.056075000000    0.011075000000
 8.0878466704e-08 -4.7183419320e-11  9.7269928606e-06      0.0000000000  8.1559681077e-08  8.2596626610e-08    0.056091666667    0.011091666667
 8.1039118098e-08 -5.2718277454e-11  9.7273227304e-06      0.0000000000  8.1800242426e-08  8.2410882861e-08    0.056108333333    0.011108333333
 8.1473337425e-08 -3.9336309259e-11  9.7276627248e-06      0.0000000000  8.2041258522e-08  8.1794331217e-08    0.056125000000    0.011125000000
 8.1184591814e-08 -7.6029558476e-11  9.7279928636e-06      0.0000000000  8.2282274618e-08  8.0696880296e-08    0.056141666667    0.011141666667
 8.1579303597e-08 -6.5384028434e-11  9.7283227229e-06      0.0000000000  8.2523290714e-08  8.3505771040e-08    0.056158333333    0.011158333333
 8.1429818969e-08 -9.2400050990e-11  9.7286627313e-06      0.0000000000  8.2763852063e-08  8.2038782191e-08    0.056175000000    0.011175000000
 8.1550635117e-08 -1.0072554259e-10  9.7289928595e-06      0.0000000000  8.3004868159e-08  8.4331791448e-08    0.056191666667    0.011191666667
 8.1784019911e-08 -1.0125411474e-10  9.7293227258e-06      0.0000000000  8.3245884254e-08  8.3906753653e-08    0.056208333333    0.011208333333
 8.1709924250e-08 -1.2307991693e-10  9.7296627308e-06      0.0000000000  8.3486900350e-08  8.4720353410e-08    0.056225000000    0.011225000000
 8.2088679918e-08 -1.1353956627e-10  9.7299928590e-06      0.0000000000  8.3727916446e-08  8.5353020455e-08    0.056241666667    0.011241666667
 8.2155539606e-08 -1.2560228122e-10  9.7303227323e-06      0.0000000000  8.3968932542e-08  8.3764214899e-08    0.056258333333    0.011258333333
 8.2625809350e-08 -1.0972332825e-10  9.7306627232e-06      0.0000000000  8.4209948638e-08  8.3866300066e-08    0.056275000000    0.011275000000
 8.3055728042e-08 -9.6639237904e-11  9.7309928620e-06      0.0000000000  8.4450964734e-08  8.3037669750e-08    0.056291666667    0.011291666667
 8.3065184433e-08 -1.1270941439e-10  9.7313227248e-06      0.0000000000  8.4692435578e-08  8.3668355780e-08    0.056308333333    0.011308333333
 8.3488073179e-08 -1.0011224403e-10  9.7316627262e-06      0.0000000000  8.4933451674e-08  8.5451002091e-08    0.056325000000    0.011325000000
 8.3604350896e-08 -1.0875208412e-10  9.7319928614e-06      0.0000000000  8.5174467770e-08  8.4799075177e-08    0.056341666667    0.011341666667
 8.4018862410e-08 -9.6766649217e-11  9.7323227242e-06      0.0000000000  8.5415938613e-08  8.5164430962e-08    0.056358333333    0.011358333333
 8.4148710800e-08 -1.0446653441e-10  9.7326627292e-06      0.0000000000  8.5656954709e-08  8.5705216640e-08    0.056375000000    0.011375000000
 8.4573221903e-08 -9.1756993635e-11  9.7329928574e-06      0.0000000000  8.5897970805e-08  8.7061142865e-08    0.056391666667    0.011391666667
 8.5006788897e-08 -7.8451705945e-11  9.7333227307e-06      0.0000000000  8.6139441648e-08  8.7318894940e-08    0.056408333333    0.011408333333
 8.5066338360e-08 -9.1020754022e-11  9.7336627251e-06      0.0000000000  8.6380457744e-08  8.5981316689e-08    0.056425000000    0.011425000000
 8.5423258609e-08 -8.3024302549e-11  9.7339928604e-06      0.0000000000  8.6621928587e-08  8.9161584876e-08    0.056441666667    0.011441666667
 8.5623393101e-08 -8.5855913163e-11  9.7343227267e-06      0.0000000000  8.6862944683e-08  8.7811413028e-08    0.056458333333    0.011458333333
 8.6079440105e-08 -7.0993577081e-11  9.7346627246e-06      0.0000000000  8.7104415527e-08  8.9083020332e-08    0.056475000000    0.011475000000
 8.6356469428e-08 -6.8530665658e-11  9.7349928633e-06      0.0000000000  8.7345886370e-08  8.8723356035e-08    0.056491666667    0.011491666667
 8.6878746909e-08 -4.9080962545e-11  9.7353227226e-06      0.0000000000  8.7587357213e-08  8.8750712910e-08    0.056508333333    0.011508333333
 8.6847397093e-08 -6.7946029881e-11  9.7356627310e-06      0.0000000000  8.7828373309e-08  8.7021664064e-08    0.056525000000    0.011525000000
 8.7383251125e-08 -4.7555964736e-11  9.7359928558e-06      0.0000000000  8.8069844153e-08  8.7472282110e-08    0.056541666667    0.011541666667
 8.7338470510e-08 -6.7382796208e-11  9.7363227256e-06      0.0000000000  8.8311314996e-08  8.7534338194e-08    0.056558333333    0.011558333333
 8.7722931015e-08 -5.7478805002e-11  9.7366627270e-06      0.0000000000  8.8552785839e-08  8.7691750283e-08    0.056575000000    0.011575000000
 8.7728678856e-08 -7.3805849313e-11  9.7369928588e-06      0.0000000000  8.8794256683e-08  8.7823519232e-08    0.056591666667    0.011591666667
 8.7856330040e-08 -8.1689418598e-11  9.7373227286e-06      0.0000000000  8.9035727526e-08  9.0965880852e-08    0.056608333333    0.011608333333
 8.8035816490e-08 -8.5982686274e-11  9.7376627230e-06      0.0000000000  8.9277198369e-08  8.8032170433e-08    0.056625000000    0.011625000000
 8.8408171038e-08 -7.6917198272e-11  9.7379928652e-06      0.0000000000  8.9518669213e-08  8.7957253473e-08    0.056641666667    0.011641666667
 8.8563455727e-08 -8.2886769116e-11  9.7383227210e-06      0.0000000000  8.9760140056e-08  8.8111285258e-08    0.056658333333    0.011658333333
 8.8829206303e-08 -8.1205065306e-11  9.7386627294e-06      0.0000000000  9.0001610899e-08  9.0545449702e-08    0.056675000000    0.011675000000
 8.9192906547e-08 -7.2770503819e-11  9.7389928577e-06      0.0000000000  9.0243536490e-08  9.1081660179e-08    0.056691666667    0.011691666667
 8.9541158995e-08 -6.5374416125e-11  9.7393227240e-06      0.0000000000  9.0485007333e-08  9.0204259157e-08    0.056708333333    0.011708333333
 8.9407262037e-08 -9.1373774131e-11  9.7396627254e-06      0.0000000000  9.0726478177e-08  9.2903140675e-08    0.056725000000    0.011725000000
 8.9913438587e-08 -7.3039280835e-11  9.7399928572e-06      0.0000000000  9.0967949020e-08  9.2224422890e-08    0.056741666667    0.011741666667
 8.9697163867e-08 -1.0477592384e-10  9.7403227304e-06      0.0000000000  9.1209874611e-08  9.1586693251e-08    0.056758333333    0.011758333333
 9.0477667025e-08 -6.7440558194e-11  9.7406627214e-06      0.0000000000  9.1451345454e-08  9.2353597652e-08    0.056775000000    0.011775000000
 9.0479202539e-08 -8.4090861320e-11  9.7409928636e-06      0.0000000000  9.1693271045e-08  9.1994625138e-08    0.056791666667    0.011791666667
 9.0732290608e-08 -8.3286209396e-11  9.7413227229e-06      0.0000000000  9.1934741888e-08  9.3311198341e-08    0.056808333333    0.011808333333
 9.1137549053e-08 -7.1973173689e-11  9.7416627243e-06      0.0000000000  9.2176667479e-08  9.2665686142e-08    0.056825000000    0.011825000000
 9.1118109749e-08 -9.0044772505e-11  9.7419928596e-06      0.0000000000  9.2418138322e-08  9.3005556011e-08    0.056841666667    0.011841666667
 9.1597146691e-08 -7.3621566010e-11  9.7423227224e-06      0.0000000000  9.2660063913e-08  9.0800418924e-08    0.056858333333    0.011858333333
 9.1754942803e-08 -7.9448683931e-11  9.7426627308e-06      0.0000000000  9.2901989503e-08  9.2334180560e-08    0.056875000000    0.011875000000
 9.1969145208e-08 -8.1368893987e-11  9.7429928555e-06      0.0000000000  9.3143915094e-08  9.3749348570e-08    0.056891666667    0.011891666667
 9.2319860048e-08 -7.3802251977e-11  9.7433227288e-06      0.0000000000  9.3385385937e-08  9.1721339388e-08    0.056908333333    0.011908333333
 9.2618768882e-08 -6.9855382439e-11  9.7436627198e-06      0.0000000000  9.3627311528e-08  9.3883570204e-08    0.056925000000    0.011925000000
 9.2812338605e-08 -7.3204688137e-11  9.7439928620e-06      0.0000000000  9.3869237119e-08  9.4813483848e-08    0.056941666667    0.011941666667
 9.3086031438e-08 -7.1004371787e-11  9.7443227248e-06      0.0000000000  9.4111162709e-08  9.4659169060e-08    0.056958333333    0.011958333333
 9.3339361982e-08 -7.0214422675e-11  9.7446627227e-06      0.0000000000  9.4353088300e-08  9.4894846968e-08    0.056975000000    0.011975000000
 9.3546547266e-08 -7.2620664417e-11  9.7449928615e-06      0.0000000000  9.4595013891e-08  9.4652754345e-08    0.056991666667    0.011991666667
 9.3898811389e-08 -6.4978210770e-11  9.7453227208e-06      0.0000000000  9.4836939481e-08  9.5485849807e-08    0.057008333333    0.012008333333
 9.4016951669e-08 -7.3552037857e-11  9.7456627292e-06      0.0000000000  9.5078865072e-08  9.5120839913e-08    0.057025000000    0.012025000000
 9.4187732247e-08 -7.8479803768e-11  9.7459928539e-06      0.0000000000  9.5320790663e-08  9.4813515293e-08    0.057041666667    0.012041666667
 9.4285678030e-08 -8.8452376119e-11  9.7463227272e-06      0.0000000000  9.5562716253e-08  9.5968588597e-08    0.057058333333    0.012058333333
 9.4742634809e-08 -7.3590020602e-11  9.7466627217e-06      0.0000000000  9.5805096591e-08  9.6368737925e-08    0.057075000000    0.012075000000
 9.4658372704e-08 -9.6182983165e-11  9.7469928604e-06      0.0000000000  9.6047022182e-08  9.7323917373e-08    0.057091666667    0.012091666667
 9.5182601851e-08 -7.6629597887e-11  9.7473227267e-06      0.0000000000  9.6288947773e-08  9.5398748031e-08    0.057108333333    0.012108333333
 9.5423829378e-08 -7.6677948410e-11  9.7476627211e-06      0.0000000000  9.6530873363e-08  9.6343267731e-08    0.057125000000    0.012125000000
 9.5501655079e-08 -8.8075609319e-11  9.7479928634e-06      0.0000000000  9.6773253701e-08  9.6207426696e-08    0.057141666667    0.012141666667
 9.5935322938e-08 -7.4794832795e-11  9.7483227192e-06      0.0000000000  9.7015179292e-08  9.7505809149e-08    0.057158333333    0.012158333333
 9.6187305662e-08 -7.4129736159e-11  9.7486627276e-06      0.0000000000  9.7257559630e-08  9.7920753201e-08    0.057175000000    0.012175000000
 9.6602941366e-08 -6.2097933189e-11  9.7489928523e-06      0.0000000000  9.7499485221e-08  9.6512062796e-08    0.057191666667    0.012191666667
 9.6999307443e-08 -5.1432313135e-11  9.7493227256e-06      0.0000000000  9.7741865559e-08  9.7254235953e-08    0.057208333333    0.012208333333
 9.7224827337e-08 -5.2568632161e-11  9.7496627236e-06      0.0000000000  9.7983791149e-08  9.8298828360e-08    0.057225000000    0.012225000000
 9.7722740078e-08 -3.4869515687e-11  9.7499928588e-06      0.0000000000  9.8226171487e-08  9.8791833841e-08    0.057241666667    0.012241666667
 9.7803469296e-08 -4.6066068332e-11  9.7503227251e-06      0.0000000000  9.8468551825e-08  9.9310120847e-08    0.057258333333    0.012258333333
 9.8055769835e-08 -4.5347461113e-11  9.7506627195e-06      0.0000000000  9.8710477416e-08  9.8977797703e-08    0.057275000000    0.012275000000
 9.8108198918e-08 -5.8504185488e-11  9.7509928618e-06      0.0000000000  9.8952857754e-08  9.9901705412e-08    0.057291666667    0.012291666667
 9.8315878099e-08 -6.0907715588e-11  9.7513227211e-06      0.0000000000  9.9195238092e-08  9.9199246891e-08    0.057308333333    0.012308333333
 9.8472584225e-08 -6.6841827379e-11  9.7516627260e-06      0.0000000000  9.9437618430e-08  9.9789369278e-08    0.057325000000    0.012325000000
 9.8443496819e-08 -8.5644684301e-11  9.7519928542e-06      0.0000000000  9.9679998768e-08  9.9953164638e-08    0.057341666667    0.012341666667
 9.8762820447e-08 -8.0315308336e-11  9.7523227240e-06      0.0000000000  9.9922379106e-08  9.9967927917e-08    0.057358333333    0.012358333333
 9.8613095628e-08 -1.0747395730e-10  9.7526627220e-06      0.0000000000  1.0016475944e-07  1.0055529889e-07    0.057375000000    0.012375000000
 9.9090150449e-08 -9.1219537305e-11  9.7529928572e-06      0.0000000000  1.0040713978e-07  1.0074069675e-07    0.057391666667    0.012391666667
 9.9249418895e-08 -9.6976173412e-11  9.7533227270e-06      0.0000000000  1.0064952012e-07  1.0033897519e-07    0.057408333333    0.012408333333
 9.9336083395e-08 -1.0776162649e-10  9.7536627179e-06      0.0000000000  1.0089190046e-07  1.0128066487e-07    0.057425000000    0.012425000000
 9.9901510712e-08 -8.5386201577e-11  9.7539928601e-06      0.0000000000  1.0113428080e-07  1.0156561660e-07    0.057441666667    0.012441666667
 1.0000407976e-07 -9.5070046991e-11  9.7543227230e-06      0.0000000000  1.0137666113e-07  1.0225592175e-07    0.057458333333    0.012458333333
 1.0050815970e-07 -7.6943767460e-11  9.7546627244e-06      0.0000000000  1.0161904147e-07  1.0217941683e-07    0.057475000000    0.012475000000
 1.0069362673e-07 -8.0917290665e-11  9.7549928561e-06      0.0000000000  1.0186187656e-07  1.0269427637e-07    0.057491666667    0.012491666667
 1.0075404523e-07 -9.3520638826e-11  9.7553227224e-06      0.0000000000  1.0210425690e-07  1.0329342338e-07    0.057508333333    0.012508333333
 1.0123288993e-07 -7.7142244939e-11  9.7556627239e-06      0.0000000000  1.0234663723e-07  1.0262082158e-07    0.057525000000    0.012525000000
 1.0118259499e-07 -9.7445511172e-11  9.7559928521e-06      0.0000000000  1.0258947232e-07  1.0234203301e-07    0.057541666667    0.012541666667
 1.0143989232e-07 -9.6412305171e-11  9.7563227254e-06      0.0000000000  1.0283185266e-07  1.0319239161e-07    0.057558333333    0.012558333333
 1.0178663678e-07 -8.9183661801e-11  9.7566627198e-06      0.0000000000  1.0307423300e-07  1.0340074408e-07    0.057575000000    0.012575000000
 1.0188661211e-07 -9.9078654698e-11  9.7569928585e-06      0.0000000000  1.0331706808e-07  1.0263077383e-07    0.057591666667    0.012591666667
 1.0240764705e-07 -7.9809507178e-11  9.7573227214e-06      0.0000000000  1.0355990317e-07  1.0379204173e-07    0.057608333333    0.012608333333
 1.0267559497e-07 -7.8038601940e-11  9.7576627228e-06      0.0000000000  1.0380228350e-07  1.0321528334e-07    0.057625000000    0.012625000000
 1.0291174222e-07 -7.8501826390e-11  9.7579928580e-06      0.0000000000  1.0404511859e-07  1.0328482326e-07    0.057641666667    0.012641666667
 1.0330593554e-07 -6.7986699793e-11  9.7583227208e-06      0.0000000000  1.0428749893e-07  1.0491842176e-07    0.057658333333    0.012658333333
 1.0358695623e-07 -6.5341823509e-11  9.7586627257e-06      0.0000000000  1.0453033401e-07  1.0477953059e-07    0.057675000000    0.012675000000
 1.0376806171e-07 -6.9617444008e-11  9.7589928540e-06      0.0000000000  1.0477316910e-07  1.0571389366e-07    0.057691666667    0.012691666667
 1.0427903787e-07 -5.1045004209e-11  9.7593227238e-06      0.0000000000  1.0501600418e-07  1.0535542426e-07    0.057708333333    0.012708333333
 1.0452535544e-07 -5.0772297241e-11  9.7596627217e-06      0.0000000000  1.0525838452e-07  1.0572744632e-07    0.057725000000    0.012725000000
 1.0473819840e-07 -5.2849662103e-11  9.7599928569e-06      0.0000000000  1.0550121961e-07  1.0619127113e-07    0.057741666667    0.012741666667
 1.0491306614e-07 -5.7557331330e-11  9.7603227198e-06      0.0000000000  1.0574405469e-07  1.0460897463e-07    0.057758333333    0.012758333333
 1.0527494337e-07 -4.9312033128e-11  9.7606627212e-06      0.0000000000  1.0598688978e-07  1.0594545232e-07    0.057775000000    0.012775000000
 1.0550796828e-07 -4.9991522523e-11  9.7609928599e-06      0.0000000000  1.0622972486e-07  1.0669481058e-07    0.057791666667    0.012791666667
 1.0557638995e-07 -6.2072038702e-11  9.7613227192e-06      0.0000000000  1.0647255995e-07  1.0628933138e-07    0.057808333333    0.012808333333
 1.0590710895e-07 -5.5984874417e-11  9.7616627241e-06      0.0000000000  1.0671539503e-07  1.0613457637e-07    0.057825000000    0.012825000000
 1.0622465993e-07 -5.0809775990e-11  9.7619928559e-06      0.0000000000  1.0695823012e-07  1.0677892511e-07    0.057841666667    0.012841666667
 1.0616961215e-07 -7.1473739340e-11  9.7623227222e-06      0.0000000000  1.0720151995e-07  1.0778666435e-07    0.057858333333    0.012858333333
 1.0622428600e-07 -8.4506480107e-11  9.7626627201e-06      0.0000000000  1.0744435504e-07  1.0714755115e-07    0.057875000000    0.012875000000
 1.0640199553e-07 -8.9017316031e-11  9.7629928553e-06      0.0000000000  1.0768719012e-07  1.0726004450e-07    0.057891666667    0.012891666667
 1.0663259706e-07 -8.9864657820e-11  9.7633227251e-06      0.0000000000  1.0793002521e-07  1.0795990884e-07    0.057908333333    0.012908333333
 1.0663210476e-07 -1.0674990664e-10  9.7636627196e-06      0.0000000000  1.0817331504e-07  1.0794590023e-07    0.057925000000    0.012925000000
 1.0690026283e-07 -1.0499594348e-10  9.7639928583e-06      0.0000000000  1.0841615013e-07  1.0849788022e-07    0.057941666667    0.012941666667
 1.0734993678e-07 -9.0669521493e-11  9.7643227211e-06      0.0000000000  1.0865898521e-07  1.0878209299e-07    0.057958333333    0.012958333333
 1.0761184201e-07 -8.9380149974e-11  9.7646627225e-06      0.0000000000  1.0890227504e-07  1.0855262541e-07    0.057975000000    0.012975000000
 1.0810277411e-07 -7.2196036378e-11  9.7649928543e-06      0.0000000000  1.0914511013e-07  1.0969367439e-07    0.057991666667    0.012991666667
 1.0818618348e-07 -8.3269946660e-11  9.7653227206e-06      0.0000000000  1.0938839996e-07  1.1042446457e-07    0.058008333333    0.013008333333
 1.0864179270e-07 -6.8532425112e-11  9.7656627220e-06      0.0000000000  1.0963123505e-07  1.0978536709e-07    0.058025000000    0.013025000000
 1.0909506899e-07 -5.3987988870e-11  9.7659928537e-06      0.0000000000  1.0987452488e-07  1.1010099310e-07    0.058041666667    0.013041666667
 1.0913038518e-07 -6.8361513082e-11  9.7663227270e-06      0.0000000000  1.1011735997e-07  1.1071125581e-07    0.058058333333    0.013058333333
 1.0950250247e-07 -5.9438447921e-11  9.7666627180e-06      0.0000000000  1.1036064980e-07  1.0971326443e-07    0.058075000000    0.013075000000
 1.0981759521e-07 -5.4465114268e-11  9.7669928567e-06      0.0000000000  1.1060393963e-07  1.1002823010e-07    0.058091666667    0.013091666667
 1.0990039299e-07 -6.5581385534e-11  9.7673227195e-06      0.0000000000  1.1084722946e-07  1.1026631353e-07    0.058108333333    0.013108333333
 1.1031531638e-07 -5.3661915044e-11  9.7676627209e-06      0.0000000000  1.1109006455e-07  1.1138296143e-07    0.058125000000    0.013125000000
 1.1017897066e-07 -7.9956872765e-11  9.7679928562e-06      0.0000000000  1.1133335438e-07  1.1158934862e-07    0.058141666667    0.013141666667
 1.1063595550e-07 -6.5155568694e-11  9.7683227190e-06      0.0000000000  1.1157664421e-07  1.1125822037e-07    0.058158333333    0.013158333333
 1.1072275734e-07 -7.5994504133e-11  9.7686627239e-06      0.0000000000  1.1181993405e-07  1.1215753834e-07    0.058175000000    0.013175000000
 1.1094271803e-07 -7.7610366982e-11  9.7689928521e-06      0.0000000000  1.1206322388e-07  1.1273374645e-07    0.058191666667    0.013191666667
 1.1127077332e-07 -7.1739198838e-11  9.7693227254e-06      0.0000000000  1.1230651371e-07  1.1232732391e-07    0.058208333333    0.013208333333
 1.1142941896e-07 -7.7601967806e-11  9.7696627164e-06      0.0000000000  1.1254980355e-07  1.1164670372e-07    0.058225000000    0.013225000000
 1.1149497332e-07 -8.9912581946e-11  9.7699928551e-06      0.0000000000  1.1279309338e-07  1.1305418350e-07    0.058241666667    0.013241666667
 1.1183889735e-07 -8.2942285984e-11  9.7703227214e-06      0.0000000000  1.1303638321e-07  1.1377288320e-07    0.058258333333    0.013258333333
 1.1196071987e-07 -9.1355560030e-11  9.7706627193e-06      0.0000000000  1.1327967304e-07  1.1369364260e-07    0.058275000000    0.013275000000
 1.1222370000e-07 -8.9991737555e-11  9.7709928580e-06      0.0000000000  1.1352296288e-07  1.1407901293e-07    0.058291666667    0.013291666667
 1.1241880632e-07 -9.3360602583e-11  9.7713227174e-06      0.0000000000  1.1376670746e-07  1.1330943573e-07    0.058308333333    0.013308333333
 1.1281564426e-07 -8.2725294966e-11  9.7716627258e-06      0.0000000000  1.1400999729e-07  1.1348700386e-07    0.058325000000    0.013325000000
 1.1296191034e-07 -8.9445517618e-11  9.7719928505e-06      0.0000000000  1.1425328712e-07  1.1446661583e-07    0.058341666667    0.013341666667
 1.1346254224e-07 -7.1621056857e-11  9.7723227203e-06      0.0000000000  1.1449657695e-07  1.1431363744e-07    0.058358333333    0.013358333333
 1.1392781615e-07 -5.6277119032e-11  9.7726627183e-06      0.0000000000  1.1474032153e-07  1.1471185292e-07    0.058375000000    0.013375000000
 1.1405716745e-07 -6.4168921776e-11  9.7729928535e-06      0.0000000000  1.1498361137e-07  1.1502523064e-07    0.058391666667    0.013391666667
 1.1425431775e-07 -6.7396213397e-11  9.7733227233e-06      0.0000000000  1.1522735595e-07  1.1514266081e-07    0.058408333333    0.013408333333
 1.1460119981e-07 -6.0221033880e-11  9.7736627177e-06      0.0000000000  1.1547064578e-07  1.1608692896e-07    0.058425000000    0.013425000000
 1.1464097561e-07 -7.4348663587e-11  9.7739928599e-06      0.0000000000  1.1571439036e-07  1.1604079960e-07    0.058441666667    0.013441666667
 1.1472272736e-07 -8.5537387126e-11  9.7743227123e-06      0.0000000000  1.1595768019e-07  1.1494842700e-07    0.058458333333    0.013458333333
 1.1513135022e-07 -7.4117308962e-11  9.7746627242e-06      0.0000000000  1.1620142477e-07  1.1657408572e-07    0.058475000000    0.013475000000
 1.1490476518e-07 -1.0666257531e-10  9.7749928524e-06      0.0000000000  1.1644471461e-07  1.1561389085e-07    0.058491666667    0.013491666667
 1.1539656564e-07 -8.9481310762e-11  9.7753227187e-06      0.0000000000  1.1668845919e-07  1.1691697428e-07    0.058508333333    0.013508333333
 1.1541635615e-07 -1.0499319528e-10  9.7756627202e-06      0.0000000000  1.1693220377e-07  1.1749546214e-07    0.058525000000    0.013525000000
 1.1601652721e-07 -8.0305782697e-11  9.7759928519e-06      0.0000000000  1.1717594835e-07  1.1753170214e-07    0.058541666667    0.013541666667
 1.1633048414e-07 -7.5411119443e-11  9.7763227252e-06      0.0000000000  1.1741923818e-07  1.1739089284e-07    0.058558333333    0.013558333333
 1.1658614910e-07 -7.4585469767e-11  9.7766627126e-06      0.0000000000  1.1766298276e-07  1.1721242853e-07    0.058575000000    0.013575000000
 1.1697352449e-07 -6.4637070305e-11  9.7769928583e-06      0.0000000000  1.1790672734e-07  1.1755517559e-07    0.058591666667    0.013591666667
 1.1708305870e-07 -7.3932975430e-11  9.7773227142e-06      0.0000000000  1.1815047192e-07  1.1836240780e-07    0.058608333333    0.013608333333
 1.1742086777e-07 -6.7417721843e-11  9.7776627226e-06      0.0000000000  1.1839421650e-07  1.1818836147e-07    0.058625000000    0.013625000000
 1.1749759574e-07 -7.8985907915e-11  9.7779928543e-06      0.0000000000  1.1863796108e-07  1.1938509899e-07    0.058641666667    0.013641666667
 1.1757091842e-07 -9.0789957135e-11  9.7783227206e-06      0.0000000000  1.1888170566e-07  1.1834926392e-07    0.058658333333    0.013658333333
 1.1788838471e-07 -8.5683719824e-11  9.7786627220e-06      0.0000000000  1.1912545024e-07  1.1909914103e-07    0.058675000000    0.013675000000
 1.1791906735e-07 -1.0044117538e-10  9.7789928503e-06      0.0000000000  1.1936919482e-07  1.1964382585e-07    0.058691666667    0.013691666667
 1.1802607505e-07 -1.0991207634e-10  9.7793227236e-06      0.0000000000  1.1961293940e-07  1.1951939923e-07    0.058708333333    0.013708333333
 1.1827865000e-07 -1.0930045235e-10  9.7796627110e-06      0.0000000000  1.1985668398e-07  1.2080665027e-07    0.058725000000    0.013725000000
 1.1861431931e-07 -1.0296490399e-10  9.7799928567e-06      0.0000000000  1.2010088331e-07  1.1986613976e-07    0.058741666667    0.013741666667
 1.1884013312e-07 -1.0420685528e-10  9.7803227161e-06      0.0000000000  1.2034462789e-07  1.2035989992e-07    0.058758333333    0.013758333333
 1.1916094699e-07 -9.8868752187e-11  9.7806627210e-06      0.0000000000  1.2058837247e-07  1.2056130312e-07    0.058775000000    0.013775000000
 1.1934714664e-07 -1.0285452565e-10  9.7809928562e-06      0.0000000000  1.2083211705e-07  1.1961212960e-07    0.058791666667    0.013791666667
 1.1973916828e-07 -9.2615807709e-11  9.7813227120e-06      0.0000000000  1.2107631637e-07  1.2127355666e-07    0.058808333333    0.013808333333
 1.2008856496e-07 -8.5297953193e-11  9.7816627239e-06      0.0000000000  1.2132006095e-07  1.2160581691e-07    0.058825000000    0.013825000000
 1.2039743787e-07 -8.0818422954e-11  9.7819928487e-06      0.0000000000  1.2156426028e-07  1.2242400759e-07    0.058841666667    0.013841666667
 1.2079219108e-07 -7.0359008264e-11  9.7823227220e-06      0.0000000000  1.2180800486e-07  1.2151615240e-07    0.058858333333    0.013858333333
 1.2107998403e-07 -6.7339553260e-11  9.7826627164e-06      0.0000000000  1.2205220419e-07  1.2069050933e-07    0.058875000000    0.013875000000
 1.2130472909e-07 -6.8655529857e-11  9.7829928551e-06      0.0000000000  1.2229594877e-07  1.2251362494e-07    0.058891666667    0.013891666667
 1.2144936881e-07 -7.5551395137e-11  9.7833227179e-06      0.0000000000  1.2254014810e-07  1.2168043515e-07    0.058908333333    0.013908333333
 1.2147379421e-07 -9.0742250386e-11  9.7836627124e-06      0.0000000000  1.2278389268e-07  1.2223526088e-07    0.058925000000    0.013925000000
 1.2173805444e-07 -8.9352758705e-11  9.7839928581e-06      0.0000000000  1.2302809200e-07  1.2245196192e-07    0.058941666667    0.013941666667
 1.2202362974e-07 -8.6486906221e-11  9.7843227104e-06      0.0000000000  1.2327229133e-07  1.2417478472e-07    0.058958333333    0.013958333333
 1.2250435424e-07 -7.0072802981e-11  9.7846627223e-06      0.0000000000  1.2351603591e-07  1.2327185061e-07    0.058975000000    0.013975000000
 1.2262336543e-07 -7.8743795219e-11  9.7849928506e-06      0.0000000000  1.2376023524e-07  1.2386354523e-07    0.058991666667    0.013991666667
 1.2277247919e-07 -8.5329772041e-11  9.7853227204e-06      0.0000000000  1.2400443457e-07  1.2457054751e-07    0.059008333333    0.014008333333
 1.2300362110e-07 -8.6234176697e-11  9.7856627183e-06      0.0000000000  1.2424863389e-07  1.2484042151e-07    0.059025000000    0.014025000000
 1.2318081243e-07 -9.0875397560e-11  9.7859928535e-06      0.0000000000  1.2449283322e-07  1.2453690170e-07    0.059041666667    0.014041666667
 1.2368761689e-07 -7.2686398227e-11  9.7863227198e-06      0.0000000000  1.2473703255e-07  1.2479465378e-07    0.059058333333    0.014058333333
 1.2353945378e-07 -9.9862866929e-11  9.7866627143e-06      0.0000000000  1.2498123188e-07  1.2521313536e-07    0.059075000000    0.014075000000
 1.2406329512e-07 -8.0493830112e-11  9.7869928565e-06      0.0000000000  1.2522543120e-07  1.2592980687e-07    0.059091666667    0.014091666667
 1.2415289307e-07 -9.1202091441e-11  9.7873227123e-06      0.0000000000  1.2546963053e-07  1.2503646340e-07    0.059108333333    0.014108333333
 1.2436060219e-07 -9.3729538055e-11  9.7876627207e-06      0.0000000000  1.2571382986e-07  1.2565194592e-07    0.059125000000    0.014125000000
 1.2467464114e-07 -8.8892187969e-11  9.7879928525e-06      0.0000000000  1.2595802919e-07  1.2644443058e-07    0.059141666667    0.014141666667
 1.2499438427e-07 -8.3659746291e-11  9.7883227153e-06      0.0000000000  1.2620222851e-07  1.2706555742e-07    0.059158333333    0.014158333333
 1.2525513927e-07 -8.2513039124e-11  9.7886627167e-06      0.0000000000  1.2644642784e-07  1.2587248322e-07    0.059175000000    0.014175000000
 1.2561211724e-07 -7.4701574116e-11  9.7889928519e-06      0.0000000000  1.2669062717e-07  1.2678912720e-07    0.059191666667    0.014191666667
 1.2615151646e-07 -5.4286438900e-11  9.7893227217e-06      0.0000000000  1.2693528124e-07  1.2732230327e-07    0.059208333333    0.014208333333
 1.2627656633e-07 -6.2539169624e-11  9.7896627127e-06      0.0000000000  1.2717948057e-07  1.2651782247e-07    0.059225000000    0.014225000000
 1.2682310009e-07 -4.1598371885e-11  9.7899928549e-06      0.0000000000  1.2742367990e-07  1.2751688297e-07    0.059241666667    0.014241666667
 1.2689895811e-07 -5.3289809171e-11  9.7903227142e-06      0.0000000000  1.2766833397e-07  1.2814961291e-07    0.059258333333    0.014258333333
 1.2708812661e-07 -5.7101446880e-11  9.7906627156e-06      0.0000000000  1.2791253330e-07  1.2730027627e-07    0.059275000000    0.014275000000
 1.2718236907e-07 -6.7488012714e-11  9.7909928543e-06      0.0000000000  1.2815673263e-07  1.2765885572e-07    0.059291666667    0.014291666667
 1.2727636505e-07 -7.7923147940e-11  9.7913227137e-06      0.0000000000  1.2840138670e-07  1.2856109804e-07    0.059308333333    0.014308333333
 1.2765428484e-07 -6.8661175470e-11  9.7916627186e-06      0.0000000000  1.2864558603e-07  1.2903220230e-07    0.059325000000    0.014325000000
 1.2772239472e-07 -8.0889277755e-11  9.7919928503e-06      0.0000000000  1.2889024011e-07  1.2916549632e-07    0.059341666667    0.014341666667
 1.2801350639e-07 -7.7639955653e-11  9.7923227201e-06      0.0000000000  1.2913443943e-07  1.2898563272e-07    0.059358333333    0.014358333333
 1.2813798114e-07 -8.5964018554e-11  9.7926627146e-06      0.0000000000  1.2937909351e-07  1.3001168849e-07    0.059375000000    0.014375000000
 1.2845175091e-07 -8.1176810898e-11  9.7929928533e-06      0.0000000000  1.2962374758e-07  1.2862658160e-07    0.059391666667    0.014391666667
 1.2880208877e-07 -7.3825265148e-11  9.7933227161e-06      0.0000000000  1.2986794691e-07  1.3004148233e-07    0.059408333333    0.014408333333
 1.2903703315e-07 -7.4497794307e-11  9.7936627140e-06      0.0000000000  1.3011260098e-07  1.2952461033e-07    0.059425000000    0.014425000000
 1.2939287278e-07 -6.6796672815e-11  9.7939928562e-06      0.0000000000  1.3035725506e-07  1.2968766674e-07    0.059441666667    0.014441666667
 1.2970571567e-07 -6.2073663610e-11  9.7943227121e-06      0.0000000000  1.3060190913e-07  1.3095933694e-07    0.059458333333    0.014458333333
 1.3006148997e-07 -5.4345569609e-11  9.7946627205e-06      0.0000000000  1.3084610846e-07  1.3038174525e-07    0.059475000000    0.014475000000
 1.3077120594e-07 -2.2133668297e-11  9.7949928487e-06      0.0000000000  1.3109076254e-07  1.3049093692e-07    0.059491666667    0.014491666667
 1.3083471967e-07 -3.4680116431e-11  9.7953227150e-06      0.0000000000  1.3133541661e-07  1.3079503846e-07    0.059508333333    0.014508333333
 1.3151386014e-07 -4.5859867354e-12  9.7956627130e-06      0.0000000000  1.3158007069e-07  1.3239673634e-07    0.059525000000    0.014525000000
 1.3139130380e-07 -3.0020334050e-11  9.7959928517e-06      0.0000000000  1.3182472476e-07  1.3122793743e-07    0.059541666667    0.014541666667
 1.3166264006e-07 -2.8172227343e-11  9.7963227180e-06      0.0000000000  1.3206937884e-07  1.3188421943e-07    0.059558333333    0.014558333333
 1.3182728578e-07 -3.3713900879e-11  9.7966627124e-06      0.0000000000  1.3231403291e-07  1.3261837419e-07    0.059575000000    0.014575000000
 1.3194792668e-07 -4.2303511076e-11  9.7969928581e-06      0.0000000000  1.3255868698e-07  1.3325121418e-07    0.059591666667    0.014591666667
 1.3203529188e-07 -5.3197917838e-11  9.7973227105e-06      0.0000000000  1.3280334106e-07  1.3330669833e-07    0.059608333333    0.014608333333
 1.3216691669e-07 -6.1058239460e-11  9.7976627154e-06      0.0000000000  1.3304844988e-07  1.3162571268e-07    0.059625000000    0.014625000000
 1.3248995649e-07 -5.5628954763e-11  9.7979928506e-06      0.0000000000  1.3329310396e-07  1.3321115366e-07    0.059641666667    0.014641666667
 1.3254564860e-07 -6.8717157137e-11  9.7983227134e-06      0.0000000000  1.3353775803e-07  1.3341743078e-07    0.059658333333    0.014658333333
 1.3260909474e-07 -8.1268287372e-11  9.7986627148e-06      0.0000000000  1.3378241211e-07  1.3404074304e-07    0.059675000000    0.014675000000
 1.3297681161e-07 -7.2744504092e-11  9.7989928501e-06      0.0000000000  1.3402706618e-07  1.3367067055e-07    0.059691666667    0.014691666667
 1.3309900873e-07 -8.1257821489e-11  9.7993227199e-06      0.0000000000  1.3427217500e-07  1.3418840727e-07    0.059708333333    0.014708333333
 1.3342613970e-07 -7.5545167901e-11  9.7996627108e-06      0.0000000000  1.3451682908e-07  1.3413391363e-07    0.059725000000    0.014725000000
 1.3376033709e-07 -6.9374565516e-11  9.7999928530e-06      0.0000000000  1.3476193790e-07  1.3409836542e-07    0.059741666667    0.014741666667
 1.3415012571e-07 -5.9322011513e-11  9.8003227124e-06      0.0000000000  1.3500659197e-07  1.3457700068e-07    0.059758333333    0.014758333333
 1.3429417081e-07 -6.6290559930e-11  9.8006627138e-06      0.0000000000  1.3525124605e-07  1.3443711900e-07    0.059775000000    0.014775000000
 1.3463615775e-07 -5.9580424065e-11  9.8009928525e-06      0.0000000000  1.3549635487e-07  1.3579557652e-07    0.059791666667    0.014791666667
 1.3469492799e-07 -7.2486921595e-11  9.8013227118e-06      0.0000000000  1.3574146369e-07  1.3642835362e-07    0.059808333333    0.014808333333
 1.3509931061e-07 -6.1423533464e-11  9.8016627202e-06      0.0000000000  1.3598611777e-07  1.3603013814e-07    0.059825000000    0.014825000000
 1.3515292415e-07 -7.4687203119e-11  9.8019928485e-06      0.0000000000  1.3623122659e-07  1.3716222539e-07    0.059841666667    0.014841666667
 1.3551686568e-07 -6.6424914250e-11  9.8023227183e-06      0.0000000000  1.3647588067e-07  1.3646445212e-07    0.059858333333    0.014858333333
 1.3587612490e-07 -5.8518436828e-11  9.8026627092e-06      0.0000000000  1.3672098949e-07  1.3691451989e-07    0.059875000000    0.014875000000
 1.3610799623e-07 -5.9435313820e-11  9.8029928514e-06      0.0000000000  1.3696609831e-07  1.3682123923e-07    0.059891666667    0.014891666667
 1.3624990411e-07 -6.6551894354e-11  9.8033227142e-06      0.0000000000  1.3721075238e-07  1.3701394798e-07    0.059908333333    0.014908333333
 1.3650332885e-07 -6.5975902899e-11  9.8036627122e-06      0.0000000000  1.3745586121e-07  1.3806619717e-07    0.059925000000    0.014925000000
 1.3673365505e-07 -6.6999801985e-11  9.8039928544e-06      0.0000000000  1.3770097003e-07  1.3797856083e-07    0.059941666667    0.014941666667
 1.3686571777e-07 -7.4829791736e-11  9.8043227102e-06      0.0000000000  1.3794607885e-07  1.3751589947e-07    0.059958333333    0.014958333333
 1.3708154669e-07 -7.6857825660e-11  9.8046627151e-06      0.0000000000  1.3819118767e-07  1.3840903856e-07    0.059975000000    0.014975000000
 1.3729082180e-07 -7.9339801297e-11  9.8049928469e-06      0.0000000000  1.3843629649e-07  1.3823549534e-07    0.059991666667    0.014991666667
 1.3762753661e-07 -7.2994832291e-11  9.8053227167e-06      0.0000000000  1.3868140532e-07  1.3796338877e-07    0.060008333333    0.015008333333
 1.3793761213e-07 -6.8494999682e-11  9.8056627111e-06      0.0000000000  1.3892651414e-07  1.3864293984e-07    0.060025000000    0.015025000000
 1.3837220434e-07 -5.5370681655e-11  9.8059928533e-06      0.0000000000  1.3917162296e-07  1.3891729471e-07    0.060041666667    0.015041666667
 1.3861209715e-07 -5.5731961675e-11  9.8063227161e-06      0.0000000000  1.3941673178e-07  1.3908858963e-07    0.060058333333    0.015058333333
 1.3883874125e-07 -5.7010896464e-11  9.8066627106e-06      0.0000000000  1.3966184061e-07  1.4009775960e-07    0.060075000000    0.015075000000
 1.3925112357e-07 -4.5424916932e-11  9.8069928563e-06      0.0000000000  1.3990694943e-07  1.3915066143e-07    0.060091666667    0.015091666667
 1.3900001883e-07 -7.9794498202e-11  9.8073227086e-06      0.0000000000  1.4015205825e-07  1.3987010008e-07    0.060108333333    0.015108333333
 1.3941489908e-07 -6.8035503012e-11  9.8076627170e-06      0.0000000000  1.4039716707e-07  1.3990077437e-07    0.060125000000    0.015125000000
 1.3949629508e-07 -7.9406354253e-11  9.8079928453e-06      0.0000000000  1.4064273064e-07  1.3987085476e-07    0.060141666667    0.015141666667
 1.3967242328e-07 -8.4184206405e-11  9.8083227151e-06      0.0000000000  1.4088783946e-07  1.4053550104e-07    0.060158333333    0.015158333333
 1.4006593048e-07 -7.3905587891e-11  9.8086627130e-06      0.0000000000  1.4113294829e-07  1.4066738005e-07    0.060175000000    0.015175000000
 1.4016171474e-07 -8.4279854877e-11  9.8089928517e-06      0.0000000000  1.4137851186e-07  1.4064235008e-07    0.060191666667    0.015191666667
 1.4026577364e-07 -9.4049492839e-11  9.8093227145e-06      0.0000000000  1.4162362068e-07  1.4180144830e-07    0.060208333333    0.015208333333
 1.4066082597e-07 -8.3663852232e-11  9.8096627090e-06      0.0000000000  1.4186872950e-07  1.4132147665e-07    0.060225000000    0.015225000000
 1.4073028033e-07 -9.5861825286e-11  9.8099928547e-06      0.0000000000  1.4211429307e-07  1.4172684579e-07    0.060241666667    0.015241666667
 1.4090933770e-07 -1.0043679257e-10  9.8103227105e-06      0.0000000000  1.4235940189e-07  1.4122569614e-07    0.060258333333    0.015258333333
 1.4126209908e-07 -9.3011877087e-11  9.8106627154e-06      0.0000000000  1.4260496546e-07  1.4244579705e-07    0.060275000000    0.015275000000
 1.4137025528e-07 -1.0249772051e-10  9.8109928472e-06      0.0000000000  1.4285007428e-07  1.4299711670e-07    0.060291666667    0.015291666667
 1.4197772482e-07 -7.7430778305e-11  9.8113227135e-06      0.0000000000  1.4309563785e-07  1.4199311938e-07    0.060308333333    0.015308333333
 1.4204208047e-07 -8.9981907611e-11  9.8116627114e-06      0.0000000000  1.4334120142e-07  1.4433313844e-07    0.060325000000    0.015325000000
 1.4228318978e-07 -9.0258928322e-11  9.8119928466e-06      0.0000000000  1.4358631024e-07  1.4323435112e-07    0.060341666667    0.015341666667
 1.4274714833e-07 -7.5132086370e-11  9.8123227164e-06      0.0000000000  1.4383187381e-07  1.4462591989e-07    0.060358333333    0.015358333333
 1.4260472775e-07 -1.0200529974e-10  9.8126627074e-06      0.0000000000  1.4407743738e-07  1.4440882579e-07    0.060375000000    0.015375000000
 1.4310611019e-07 -8.4254843925e-11  9.8129928531e-06      0.0000000000  1.4432254620e-07  1.4423649320e-07    0.060391666667    0.015391666667
 1.4339399973e-07 -8.1323190799e-11  9.8133227124e-06      0.0000000000  1.4456810977e-07  1.4438063563e-07    0.060408333333    0.015408333333
 1.4346659567e-07 -9.3303566452e-11  9.8136627138e-06      0.0000000000  1.4481367334e-07  1.4525791088e-07    0.060425000000    0.015425000000
 1.4394918461e-07 -7.6886315278e-11  9.8139928490e-06      0.0000000000  1.4505923691e-07  1.4471564730e-07    0.060441666667    0.015441666667
 1.4429984110e-07 -6.9607192649e-11  9.8143227119e-06      0.0000000000  1.4530480048e-07  1.4535905270e-07    0.060458333333    0.015458333333
 1.4456118833e-07 -6.8513958122e-11  9.8146627133e-06      0.0000000000  1.4555036405e-07  1.4599546166e-07    0.060475000000    0.015475000000
 1.4473644483e-07 -7.3383684474e-11  9.8149928450e-06      0.0000000000  1.4579592762e-07  1.4637726302e-07    0.060491666667    0.015491666667
 1.4485212809e-07 -8.2379674193e-11  9.8153227148e-06      0.0000000000  1.4604149119e-07  1.4690438598e-07    0.060508333333    0.015508333333
 1.4492729890e-07 -9.4181704365e-11  9.8156627093e-06      0.0000000000  1.4628705476e-07  1.4602887164e-07    0.060525000000    0.015525000000
 1.4526296515e-07 -8.7940860748e-11  9.8159928515e-06      0.0000000000  1.4653261833e-07  1.4618205442e-07    0.060541666667    0.015541666667
 1.4565187714e-07 -7.8012020617e-11  9.8163227108e-06      0.0000000000  1.4677818190e-07  1.4718317455e-07    0.060558333333    0.015558333333
 1.4566241446e-07 -9.4290805498e-11  9.8166627122e-06      0.0000000000  1.4702374547e-07  1.4644381569e-07    0.060575000000    0.015575000000
 1.4617635454e-07 -7.5702058838e-11  9.8169928509e-06      0.0000000000  1.4726930904e-07  1.4749977535e-07    0.060591666667    0.015591666667
 1.4620957172e-07 -9.0409952594e-11  9.8173227103e-06      0.0000000000  1.4751487261e-07  1.4796633585e-07    0.060608333333    0.015608333333
 1.4654296007e-07 -8.4358381980e-11  9.8176627152e-06      0.0000000000  1.4776089092e-07  1.4665738799e-07    0.060625000000    0.015625000000
 1.4654792548e-07 -1.0102309782e-10  9.8179928434e-06      0.0000000000  1.4800645449e-07  1.4738025411e-07    0.060641666667    0.015641666667
 1.4703269386e-07 -8.4454890531e-11  9.8183227132e-06      0.0000000000  1.4825201806e-07  1.4763484599e-07    0.060658333333    0.015658333333
 1.4710445711e-07 -9.6524438459e-11  9.8186627111e-06      0.0000000000  1.4849803638e-07  1.4940879785e-07    0.060675000000    0.015675000000
 1.4740130436e-07 -9.2972342189e-11  9.8189928499e-06      0.0000000000  1.4874359995e-07  1.4864961312e-07    0.060691666667    0.015691666667
 1.4780894987e-07 -8.1745949394e-11  9.8193227092e-06      0.0000000000  1.4898916352e-07  1.4941673763e-07    0.060708333333    0.015708333333
 1.4775067315e-07 -1.0282254555e-10  9.8196627106e-06      0.0000000000  1.4923518184e-07  1.4827400637e-07    0.060725000000    0.015725000000
 1.4823662570e-07 -8.6172318213e-11  9.8199928528e-06      0.0000000000  1.4948074541e-07  1.4815648186e-07    0.060741666667    0.015741666667
 1.4838532213e-07 -9.2913191140e-11  9.8203227087e-06      0.0000000000  1.4972676372e-07  1.5117565893e-07    0.060758333333    0.015758333333
 1.4895644762e-07 -7.0363572164e-11  9.8206627136e-06      0.0000000000  1.4997232729e-07  1.5036782927e-07    0.060775000000    0.015775000000
 1.4907924191e-07 -7.8898522529e-11  9.8209928453e-06      0.0000000000  1.5021834561e-07  1.5003273899e-07    0.060791666667    0.015791666667
 1.4928337808e-07 -8.1767936926e-11  9.8213227116e-06      0.0000000000  1.5046390918e-07  1.5029748751e-07    0.060808333333    0.015808333333
 1.4979959499e-07 -6.3052985900e-11  9.8216627095e-06      0.0000000000  1.5070992750e-07  1.5029302237e-07    0.060825000000    0.015825000000
 1.4987315748e-07 -7.4997912217e-11  9.8219928483e-06      0.0000000000  1.5095594581e-07  1.5049315206e-07    0.060841666667    0.015841666667
 1.5043836399e-07 -5.2858263919e-11  9.8223227146e-06      0.0000000000  1.5120150938e-07  1.5095858055e-07    0.060858333333    0.015858333333
 1.5057965347e-07 -6.0112169265e-11  9.8226627090e-06      0.0000000000  1.5144752770e-07  1.5195448087e-07    0.060875000000    0.015875000000
 1.5082904370e-07 -5.9878617970e-11  9.8229928512e-06      0.0000000000  1.5169354602e-07  1.5189970423e-07    0.060891666667    0.015891666667
 1.5098274533e-07 -6.6272811859e-11  9.8233227070e-06      0.0000000000  1.5193956433e-07  1.5119406979e-07    0.060908333333    0.015908333333
 1.5108669683e-07 -7.6112883976e-11  9.8236627120e-06      0.0000000000  1.5218558265e-07  1.5276403998e-07    0.060925000000    0.015925000000
 1.5129491400e-07 -7.8699632724e-11  9.8239928472e-06      0.0000000000  1.5243114622e-07  1.5252553205e-07    0.060941666667    0.015941666667
 1.5161422349e-07 -7.3623216038e-11  9.8243227100e-06      0.0000000000  1.5267716454e-07  1.5289500709e-07    0.060958333333    0.015958333333
 1.5187782805e-07 -7.2405128106e-11  9.8246627114e-06      0.0000000000  1.5292318285e-07  1.5330025046e-07    0.060975000000    0.015975000000
 1.5206985893e-07 -7.6144496747e-11  9.8249928467e-06      0.0000000000  1.5316920117e-07  1.5373404560e-07    0.060991666667    0.015991666667
 1.5228684237e-07 -7.8155559440e-11  9.8253227165e-06      0.0000000000  1.5341521949e-07  1.5328694936e-07    0.061008333333    0.016008333333
 1.5250486864e-07 -8.0094391935e-11  9.8256627074e-06      0.0000000000  1.5366123780e-07  1.5286065377e-07    0.061025000000    0.016025000000
 1.5283440710e-07 -7.4309478997e-11  9.8259928496e-06      0.0000000000  1.5390725612e-07  1.5411509228e-07    0.061041666667    0.016041666667
 1.5287519689e-07 -8.8555861022e-11  9.8263227089e-06      0.0000000000  1.5415372918e-07  1.5405531594e-07    0.061058333333    0.016058333333
 1.5311485351e-07 -8.8996495248e-11  9.8266627104e-06      0.0000000000  1.5439974750e-07  1.5407193445e-07    0.061075000000    0.016075000000
 1.5325631693e-07 -9.6238352973e-11  9.8269928491e-06      0.0000000000  1.5464576582e-07  1.5568605298e-07    0.061091666667    0.016091666667
 1.5368506604e-07 -8.3581744439e-11  9.8273227084e-06      0.0000000000  1.5489178413e-07  1.5452294556e-07    0.061108333333    0.016108333333
 1.5395433576e-07 -8.1971266840e-11  9.8276627133e-06      0.0000000000  1.5513780245e-07  1.5444202266e-07    0.061125000000    0.016125000000
 1.5413130681e-07 -8.6785232697e-11  9.8279928451e-06      0.0000000000  1.5538427552e-07  1.5547587671e-07    0.061141666667    0.016141666667
 1.5458268422e-07 -7.2561304759e-11  9.8283227114e-06      0.0000000000  1.5563029383e-07  1.5686629775e-07    0.061158333333    0.016158333333
 1.5480096779e-07 -7.4482315660e-11  9.8286627058e-06      0.0000000000  1.5587631215e-07  1.5736809202e-07    0.061175000000    0.016175000000
 1.5512230268e-07 -6.9297109062e-11  9.8289928480e-06      0.0000000000  1.5612278521e-07  1.5768453560e-07    0.061191666667    0.016191666667
 1.5507704944e-07 -8.9471651281e-11  9.8293227108e-06      0.0000000000  1.5636880353e-07  1.5692432892e-07    0.061208333333    0.016208333333
 1.5575626700e-07 -5.9466674426e-11  9.8296627088e-06      0.0000000000  1.5661482185e-07  1.5738043406e-07    0.061225000000    0.016225000000
 1.5566459610e-07 -8.2887772006e-11  9.8299928510e-06      0.0000000000  1.5686129491e-07  1.5652831456e-07    0.061241666667    0.016241666667
 1.5587140802e-07 -8.5603352089e-11  9.8303227068e-06      0.0000000000  1.5710731323e-07  1.5698580327e-07    0.061258333333    0.016258333333
 1.5601109264e-07 -9.2999912997e-11  9.8306627152e-06      0.0000000000  1.5735378629e-07  1.5687334136e-07    0.061275000000    0.016275000000
 1.5623589102e-07 -9.4469684109e-11  9.8309928435e-06      0.0000000000  1.5759980461e-07  1.5622869389e-07    0.061291666667    0.016291666667
 1.5664845384e-07 -8.2965695468e-11  9.8313227098e-06      0.0000000000  1.5784627767e-07  1.5782784475e-07    0.061308333333    0.016308333333
 1.5684916709e-07 -8.6135189042e-11  9.8316627077e-06      0.0000000000  1.5809275074e-07  1.5966226473e-07    0.061325000000    0.016325000000
 1.5741366274e-07 -6.4076274134e-11  9.8319928464e-06      0.0000000000  1.5833876905e-07  1.5817672352e-07    0.061341666667    0.016341666667
 1.5749914590e-07 -7.5227028691e-11  9.8323227127e-06      0.0000000000  1.5858524212e-07  1.5734347083e-07    0.061358333333    0.016358333333
 1.5787831013e-07 -6.6036349526e-11  9.8326627072e-06      0.0000000000  1.5883171518e-07  1.5897664484e-07    0.061375000000    0.016375000000
 1.5818422676e-07 -6.1919069077e-11  9.8329928529e-06      0.0000000000  1.5907818825e-07  1.5762485359e-07    0.061391666667    0.016391666667
 1.5832923761e-07 -6.8915218289e-11  9.8333227017e-06      0.0000000000  1.5932420656e-07  1.5793331022e-07    0.061408333333    0.016408333333
 1.5873028976e-07 -5.8208500755e-11  9.8336627136e-06      0.0000000000  1.5957067963e-07  1.5938979654e-07    0.061425000000    0.016425000000
 1.5898662057e-07 -5.7525717142e-11  9.8339928453e-06      0.0000000000  1.5981715269e-07  1.6172365245e-07    0.061441666667    0.016441666667
 1.5901970149e-07 -7.2306043736e-11  9.8343227082e-06      0.0000000000  1.6006362576e-07  1.6005088958e-07    0.061458333333    0.016458333333
 1.5934272955e-07 -6.7003562539e-11  9.8346627096e-06      0.0000000000  1.6031009882e-07  1.6034967697e-07    0.061475000000    0.016475000000
 1.5939603382e-07 -8.0383145185e-11  9.8349928448e-06      0.0000000000  1.6055657188e-07  1.6060678443e-07    0.061491666667    0.016491666667
 1.5980775955e-07 -6.8937136870e-11  9.8353227111e-06      0.0000000000  1.6080304495e-07  1.6200907584e-07    0.061508333333    0.016508333333
 1.5968787909e-07 -9.4312132533e-11  9.8356627021e-06      0.0000000000  1.6104951801e-07  1.6247502317e-07    0.061525000000    0.016525000000
 1.6020544890e-07 -7.5534972022e-11  9.8359928513e-06      0.0000000000  1.6129599108e-07  1.6192258724e-07    0.061541666667    0.016541666667
 1.6048998339e-07 -7.2898697464e-11  9.8363227036e-06      0.0000000000  1.6154246414e-07  1.6354123380e-07    0.061558333333    0.016558333333
 1.6049782533e-07 -8.9427168791e-11  9.8366627120e-06      0.0000000000  1.6178893720e-07  1.6104941553e-07    0.061575000000    0.016575000000
 1.6095220980e-07 -7.5026458692e-11  9.8369928472e-06      0.0000000000  1.6203541027e-07  1.6306387205e-07    0.061591666667    0.016591666667
 1.6111858597e-07 -8.0605762522e-11  9.8373227066e-06      0.0000000000  1.6228233808e-07  1.6251110595e-07    0.061608333333    0.016608333333
 1.6145629192e-07 -7.4286636210e-11  9.8376627115e-06      0.0000000000  1.6252881114e-07  1.6080755874e-07    0.061625000000    0.016625000000
 1.6188054816e-07 -6.1972718135e-11  9.8379928432e-06      0.0000000000  1.6277528421e-07  1.6153872626e-07    0.061641666667    0.016641666667
 1.6209539531e-07 -6.4163245476e-11  9.8383227130e-06      0.0000000000  1.6302175727e-07  1.6216463270e-07    0.061658333333    0.016658333333
 1.6245673165e-07 -5.6238889083e-11  9.8386627005e-06      0.0000000000  1.6326868508e-07  1.6317817348e-07    0.061675000000    0.016675000000
 1.6271394764e-07 -5.5494794007e-11  9.8389928497e-06      0.0000000000  1.6351515815e-07  1.6248582442e-07    0.061691666667    0.016691666667
 1.6285378029e-07 -6.2881102410e-11  9.8393227055e-06      0.0000000000  1.6376163121e-07  1.6324140874e-07    0.061708333333    0.016708333333
 1.6338069242e-07 -4.3488356200e-11  9.8396627069e-06      0.0000000000  1.6400855902e-07  1.6320982255e-07    0.061725000000    0.016725000000
 1.6339194286e-07 -5.9780742303e-11  9.8399928491e-06      0.0000000000  1.6425503209e-07  1.6302093433e-07    0.061741666667    0.016741666667
 1.6371433489e-07 -5.4553812725e-11  9.8403227015e-06      0.0000000000  1.6450195990e-07  1.6386629322e-07    0.061758333333    0.016758333333
 1.6390655026e-07 -5.8311900052e-11  9.8406627134e-06      0.0000000000  1.6474843296e-07  1.6509598476e-07    0.061775000000    0.016775000000
 1.6426601630e-07 -5.0517087953e-11  9.8409928416e-06      0.0000000000  1.6499536078e-07  1.6442632305e-07    0.061791666667    0.016791666667
 1.6447786989e-07 -5.2914960191e-11  9.8413227114e-06      0.0000000000  1.6524183384e-07  1.6505032708e-07    0.061808333333    0.016808333333
 1.6450728221e-07 -6.7980885223e-11  9.8416627058e-06      0.0000000000  1.6548876165e-07  1.6631147903e-07    0.061825000000    0.016825000000
 1.6480821407e-07 -6.4240365383e-11  9.8419928481e-06      0.0000000000  1.6573568946e-07  1.6728304116e-07    0.061841666667    0.016841666667
 1.6506830179e-07 -6.3297364296e-11  9.8423227074e-06      0.0000000000  1.6598216253e-07  1.6496245491e-07    0.061858333333    0.016858333333
 1.6517445036e-07 -7.3048253491e-11  9.8426627018e-06      0.0000000000  1.6622909034e-07  1.6761328895e-07    0.061875000000    0.016875000000
 1.6563440767e-07 -5.8293044967e-11  9.8429928510e-06      0.0000000000  1.6647601815e-07  1.6773510566e-07    0.061891666667    0.016891666667
 1.6576553792e-07 -6.6313611023e-11  9.8433226999e-06      0.0000000000  1.6672294596e-07  1.6679668623e-07    0.061908333333    0.016908333333
 1.6599277398e-07 -6.7646036959e-11  9.8436627118e-06      0.0000000000  1.6696941903e-07  1.6824523277e-07    0.061925000000    0.016925000000
 1.6595252782e-07 -8.7536765207e-11  9.8439928435e-06      0.0000000000  1.6721634684e-07  1.6968486474e-07    0.061941666667    0.016941666667
 1.6634051923e-07 -7.7766180544e-11  9.8443227098e-06      0.0000000000  1.6746327465e-07  1.6704893548e-07    0.061958333333    0.016958333333
 1.6612504436e-07 -1.0979389522e-10  9.8446627042e-06      0.0000000000  1.6771020246e-07  1.6755962860e-07    0.061975000000    0.016975000000
 1.6650256766e-07 -1.0074836997e-10  9.8449928464e-06      0.0000000000  1.6795713027e-07  1.6687213775e-07    0.061991666667    0.016991666667
 1.6668600342e-07 -1.0514606328e-10  9.8453227093e-06      0.0000000000  1.6820405808e-07  1.6747257399e-07    0.062008333333    0.017008333333
 1.6714107149e-07 -9.0729502046e-11  9.8456627037e-06      0.0000000000  1.6845098590e-07  1.6617969436e-07    0.062025000000    0.017025000000
 1.6758010648e-07 -7.7423450023e-11  9.8459928494e-06      0.0000000000  1.6869791371e-07  1.6726626542e-07    0.062041666667    0.017041666667
 1.6791035246e-07 -7.1652526940e-11  9.8463227017e-06      0.0000000000  1.6894484152e-07  1.6916531995e-07    0.062058333333    0.017058333333
 1.6826473580e-07 -6.4209760714e-11  9.8466627102e-06      0.0000000000  1.6919176933e-07  1.6797452548e-07    0.062075000000    0.017075000000
 1.6842317091e-07 -7.0339091111e-11  9.8469928419e-06      0.0000000000  1.6943869714e-07  1.6854090713e-07    0.062091666667    0.017091666667
 1.6855222486e-07 -7.8503469840e-11  9.8473227047e-06      0.0000000000  1.6968562495e-07  1.7109982836e-07    0.062108333333    0.017108333333
 1.6893564644e-07 -6.9080905460e-11  9.8476627061e-06      0.0000000000  1.6993300751e-07  1.6927878809e-07    0.062125000000    0.017125000000
 1.6905109417e-07 -7.8187700424e-11  9.8479928448e-06      0.0000000000  1.7017993532e-07  1.7024805476e-07    0.062141666667    0.017141666667
 1.6909438283e-07 -9.2292499324e-11  9.8483227112e-06      0.0000000000  1.7042686313e-07  1.7211237864e-07    0.062158333333    0.017158333333
 1.6934344683e-07 -9.2144538866e-11  9.8486627021e-06      0.0000000000  1.7067379095e-07  1.7176604689e-07    0.062175000000    0.017175000000
 1.6952744355e-07 -9.6534875446e-11  9.8489928478e-06      0.0000000000  1.7092117351e-07  1.7058518894e-07    0.062191666667    0.017191666667
 1.6970915730e-07 -1.0105184204e-10  9.8493227036e-06      0.0000000000  1.7116810132e-07  1.7085465416e-07    0.062208333333    0.017208333333
 1.6993607608e-07 -1.0243774154e-10  9.8496627051e-06      0.0000000000  1.7141502913e-07  1.7134865015e-07    0.062225000000    0.017225000000
 1.7027164641e-07 -9.6329530919e-11  9.8499928473e-06      0.0000000000  1.7166241169e-07  1.7090167969e-07    0.062241666667    0.017241666667
 1.7056109380e-07 -9.3384468566e-11  9.8503227031e-06      0.0000000000  1.7190933950e-07  1.7169318955e-07    0.062258333333    0.017258333333
 1.7061542407e-07 -1.0675598152e-10  9.8506627080e-06      0.0000000000  1.7215672206e-07  1.7240945229e-07    0.062275000000    0.017275000000
 1.7122788854e-07 -8.1437564687e-11  9.8509928432e-06      0.0000000000  1.7240364987e-07  1.7178140761e-07    0.062291666667    0.017291666667
 1.7158137855e-07 -7.4088171673e-11  9.8513227095e-06      0.0000000000  1.7265103243e-07  1.7259396970e-07    0.062308333333    0.017308333333
 1.7198237045e-07 -6.3417124621e-11  9.8516627005e-06      0.0000000000  1.7289796024e-07  1.7425761360e-07    0.062325000000    0.017325000000
 1.7231919630e-07 -5.7221952763e-11  9.8519928462e-06      0.0000000000  1.7314534280e-07  1.7307466458e-07    0.062341666667    0.017341666667
 1.7264672646e-07 -5.1670634553e-11  9.8523227055e-06      0.0000000000  1.7339272536e-07  1.7293325784e-07    0.062358333333    0.017358333333
 1.7280798146e-07 -5.7604649168e-11  9.8526627035e-06      0.0000000000  1.7363965317e-07  1.7276278048e-07    0.062375000000    0.017375000000
 1.7299135030e-07 -6.2038475618e-11  9.8529928492e-06      0.0000000000  1.7388703573e-07  1.7481536369e-07    0.062391666667    0.017391666667
 1.7320504721e-07 -6.4371667311e-11  9.8533227015e-06      0.0000000000  1.7413441829e-07  1.7369348024e-07    0.062408333333    0.017408333333
 1.7332870639e-07 -7.2909707304e-11  9.8536627099e-06      0.0000000000  1.7438134610e-07  1.7610767731e-07    0.062425000000    0.017425000000
 1.7325173771e-07 -9.5375470303e-11  9.8539928416e-06      0.0000000000  1.7462872866e-07  1.7525417425e-07    0.062441666667    0.017441666667
 1.7365109564e-07 -8.4849096003e-11  9.8543227045e-06      0.0000000000  1.7487611122e-07  1.7459520373e-07    0.062458333333    0.017458333333
 1.7365031975e-07 -1.0203746504e-10  9.8546627024e-06      0.0000000000  1.7512349377e-07  1.7479740877e-07    0.062475000000    0.017475000000
 1.7372954407e-07 -1.1368472493e-10  9.8549928446e-06      0.0000000000  1.7537087633e-07  1.7448857481e-07    0.062491666667    0.017491666667
 1.7388902001e-07 -1.1977346123e-10  9.8553227074e-06      0.0000000000  1.7561825889e-07  1.7596367638e-07    0.062508333333    0.017508333333
 1.7396884336e-07 -1.3137922994e-10  9.8556627019e-06      0.0000000000  1.7586564145e-07  1.7524821548e-07    0.062525000000    0.017525000000
 1.7464565611e-07 -1.0163531121e-10  9.8559928476e-06      0.0000000000  1.7611302401e-07  1.7524952044e-07    0.062541666667    0.017541666667
 1.7474006384e-07 -1.1223091201e-10  9.8563226999e-06      0.0000000000  1.7636040657e-07  1.7666143392e-07    0.062558333333    0.017558333333
 1.7527644333e-07 -9.2213919145e-11  9.8566627048e-06      0.0000000000  1.7660778913e-07  1.7573692877e-07    0.062575000000    0.017575000000
 1.7578010021e-07 -7.4463414743e-11  9.8569928435e-06      0.0000000000  1.7685517169e-07  1.7621977761e-07    0.062591666667    0.017591666667
 1.7615375612e-07 -6.5717256642e-11  9.8573227028e-06      0.0000000000  1.7710255425e-07  1.7644430838e-07    0.062608333333    0.017608333333
 1.7649777917e-07 -5.9023579833e-11  9.8576627043e-06      0.0000000000  1.7734993680e-07  1.7660947158e-07    0.062625000000    0.017625000000
 1.7672110977e-07 -6.0689507373e-11  9.8579928430e-06      0.0000000000  1.7759731936e-07  1.7716747323e-07    0.062641666667    0.017641666667
 1.7706814588e-07 -5.3787134706e-11  9.8583227093e-06      0.0000000000  1.7784470192e-07  1.7759032562e-07    0.062658333333    0.017658333333
 1.7719322997e-07 -6.2289475064e-11  9.8586627002e-06      0.0000000000  1.7809253923e-07  1.7906239278e-07    0.062675000000    0.017675000000
 1.7742317504e-07 -6.3497259953e-11  9.8589928460e-06      0.0000000000  1.7833992179e-07  1.7810593982e-07    0.062691666667    0.017691666667
 1.7780222224e-07 -5.4377681171e-11  9.8593227018e-06      0.0000000000  1.7858730435e-07  1.8056255577e-07    0.062708333333    0.017708333333
 1.7778258846e-07 -7.2903714868e-11  9.8596627032e-06      0.0000000000  1.7883514165e-07  1.7970232355e-07    0.062725000000    0.017725000000
 1.7811019237e-07 -6.7347288913e-11  9.8599928454e-06      0.0000000000  1.7908252421e-07  1.7936937151e-07    0.062741666667    0.017741666667
 1.7832076694e-07 -6.9896745552e-11  9.8603227012e-06      0.0000000000  1.7932990677e-07  1.7860547008e-07    0.062758333333    0.017758333333
 1.7840877034e-07 -8.0967431088e-11  9.8606627062e-06      0.0000000000  1.7957774408e-07  1.8036049223e-07    0.062775000000    0.017775000000
 1.7844481410e-07 -9.5605535624e-11  9.8609928414e-06      0.0000000000  1.7982512664e-07  1.7912110001e-07    0.062791666667    0.017791666667
 1.7858226172e-07 -1.0325153268e-10  9.8613227077e-06      0.0000000000  1.8007296394e-07  1.7921455361e-07    0.062808333333    0.017808333333
 1.7875839167e-07 -1.0818675107e-10  9.8616626986e-06      0.0000000000  1.8032034650e-07  1.8003367191e-07    0.062825000000    0.017825000000
 1.7899247720e-07 -1.0913924995e-10  9.8619928443e-06      0.0000000000  1.8056818381e-07  1.8154507637e-07    0.062841666667    0.017841666667
 1.7956998044e-07 -8.6273874154e-11  9.8623227037e-06      0.0000000000  1.8081556637e-07  1.7993336337e-07    0.062858333333    0.017858333333
 1.7983179940e-07 -8.5305453232e-11  9.8626627016e-06      0.0000000000  1.8106340367e-07  1.7969606606e-07    0.062875000000    0.017875000000
 1.8001893864e-07 -8.9509624943e-11  9.8629928438e-06      0.0000000000  1.8131124098e-07  1.7995491870e-07    0.062891666667    0.017891666667
 1.8025275311e-07 -9.0449401194e-11  9.8633226996e-06      0.0000000000  1.8155862354e-07  1.8114346487e-07    0.062908333333    0.017908333333
 1.8077233471e-07 -7.1627389204e-11  9.8636627046e-06      0.0000000000  1.8180646084e-07  1.8054060738e-07    0.062925000000    0.017925000000
 1.8107002400e-07 -6.8174456769e-11  9.8639928398e-06      0.0000000000  1.8205429815e-07  1.8343218193e-07    0.062941666667    0.017941666667
 1.8129236775e-07 -6.9940234735e-11  9.8643227061e-06      0.0000000000  1.8230213546e-07  1.8389339683e-07    0.062958333333    0.017958333333
 1.8162480318e-07 -6.4049158855e-11  9.8646627005e-06      0.0000000000  1.8254951801e-07  1.8235278025e-07    0.062975000000    0.017975000000
 1.8172056034e-07 -7.4582790759e-11  9.8649928462e-06      0.0000000000  1.8279735532e-07  1.8438934239e-07    0.062991666667    0.017991666667
 1.8218114448e-07 -5.9847161001e-11  9.8653227056e-06      0.0000000000  1.8304519263e-07  1.8317713409e-07    0.063008333333    0.018008333333
 1.8246330622e-07 -5.7469723803e-11  9.8656627000e-06      0.0000000000  1.8329302993e-07  1.8263400579e-07    0.063025000000    0.018025000000
 1.8295404396e-07 -4.0645543919e-11  9.8659928492e-06      0.0000000000  1.8354086724e-07  1.8355913984e-07    0.063041666667    0.018041666667
 1.8295964889e-07 -5.7423451391e-11  9.8663226980e-06      0.0000000000  1.8378870455e-07  1.8537159571e-07    0.063058333333    0.018058333333
 1.8321013781e-07 -5.7239791298e-11  9.8666627065e-06      0.0000000000  1.8403654185e-07  1.8452084406e-07    0.063075000000    0.018075000000
 1.8334839927e-07 -6.4829418077e-11  9.8669928382e-06      0.0000000000  1.8428437916e-07  1.8309979589e-07    0.063091666667    0.018091666667
 1.8325970925e-07 -8.8138541727e-11  9.8673227045e-06      0.0000000000  1.8453221646e-07  1.8559216445e-07    0.063108333333    0.018108333333
 1.8381302369e-07 -6.6980068845e-11  9.8676627024e-06      0.0000000000  1.8478005377e-07  1.8515009935e-07    0.063125000000    0.018125000000
 1.8378680403e-07 -8.5962265015e-11  9.8679928411e-06      0.0000000000  1.8502789108e-07  1.8380752140e-07    0.063141666667    0.018141666667
 1.8428670601e-07 -6.8503336596e-11  9.8683227040e-06      0.0000000000  1.8527572838e-07  1.8532683420e-07    0.063158333333    0.018158333333
 1.8430518265e-07 -8.4389701728e-11  9.8686626984e-06      0.0000000000  1.8552356569e-07  1.8562824722e-07    0.063175000000    0.018175000000
 1.8463524147e-07 -7.8726234244e-11  9.8689928476e-06      0.0000000000  1.8577185774e-07  1.8435472179e-07    0.063191666667    0.018191666667
 1.8487691403e-07 -7.9153227448e-11  9.8693226999e-06      0.0000000000  1.8601969505e-07  1.8605262468e-07    0.063208333333    0.018208333333
 1.8504062368e-07 -8.4980219040e-11  9.8696627048e-06      0.0000000000  1.8626753236e-07  1.8749379744e-07    0.063225000000    0.018225000000
 1.8558089888e-07 -6.4724891965e-11  9.8699928401e-06      0.0000000000  1.8651536966e-07  1.8612598513e-07    0.063241666667    0.018241666667
 1.8551244330e-07 -8.6664000960e-11  9.8703227029e-06      0.0000000000  1.8676366172e-07  1.8431437826e-07    0.063258333333    0.018258333333
 1.8582627814e-07 -8.2092768151e-11  9.8706627008e-06      0.0000000000  1.8701149902e-07  1.8591290022e-07    0.063275000000    0.018275000000
 1.8619093923e-07 -7.4032620185e-11  9.8709928395e-06      0.0000000000  1.8725979108e-07  1.8781895120e-07    0.063291666667    0.018291666667
 1.8646521843e-07 -7.2201156668e-11  9.8713227058e-06      0.0000000000  1.8750762838e-07  1.8755541330e-07    0.063308333333    0.018308333333
 1.8668094397e-07 -7.4425336373e-11  9.8716626968e-06      0.0000000000  1.8775546569e-07  1.8833311895e-07    0.063325000000    0.018325000000
 1.8700408238e-07 -6.9241201284e-11  9.8719928460e-06      0.0000000000  1.8800375774e-07  1.9012883053e-07    0.063341666667    0.018341666667
 1.8723362013e-07 -7.0508696376e-11  9.8723227018e-06      0.0000000000  1.8825159505e-07  1.8754829108e-07    0.063358333333    0.018358333333
 1.8759426085e-07 -6.2727013123e-11  9.8726627032e-06      0.0000000000  1.8849988710e-07  1.8715899017e-07    0.063375000000    0.018375000000
 1.8782151082e-07 -6.4184465951e-11  9.8729928420e-06      0.0000000000  1.8874817915e-07  1.8931192908e-07    0.063391666667    0.018391666667
 1.8775784683e-07 -8.5760194412e-11  9.8733227013e-06      0.0000000000  1.8899601646e-07  1.9011361130e-07    0.063408333333    0.018408333333
 1.8789008096e-07 -9.3798793491e-11  9.8736627027e-06      0.0000000000  1.8924430851e-07  1.8901869168e-07    0.063425000000    0.018425000000
 1.8812685412e-07 -9.4565137227e-11  9.8739928379e-06      0.0000000000  1.8949214582e-07  1.8943896560e-07    0.063441666667    0.018441666667
 1.8813478077e-07 -1.1121373127e-10  9.8743227042e-06      0.0000000000  1.8974043787e-07  1.8960562243e-07    0.063458333333    0.018458333333
 1.8847739629e-07 -1.0468054041e-10  9.8746626987e-06      0.0000000000  1.8998872993e-07  1.8886220721e-07    0.063475000000    0.018475000000
 1.8897018215e-07 -8.7745997572e-11  9.8749928444e-06      0.0000000000  1.9023702198e-07  1.8912052529e-07    0.063491666667    0.018491666667
 1.8926362933e-07 -8.4586890102e-11  9.8753227002e-06      0.0000000000  1.9048485929e-07  1.8973658954e-07    0.063508333333    0.018508333333
 1.8962761790e-07 -7.6573322563e-11  9.8756627016e-06      0.0000000000  1.9073315134e-07  1.8913200260e-07    0.063525000000    0.018525000000
 1.9011100467e-07 -6.0289795327e-11  9.8759928439e-06      0.0000000000  1.9098144340e-07  1.8993756824e-07    0.063541666667    0.018541666667
 1.9048022690e-07 -5.1913725839e-11  9.8763226997e-06      0.0000000000  1.9122973545e-07  1.9265580396e-07    0.063558333333    0.018558333333
 1.9074353102e-07 -5.0873934800e-11  9.8766627046e-06      0.0000000000  1.9147802750e-07  1.9240801985e-07    0.063575000000    0.018575000000
 1.9098962699e-07 -5.1026043800e-11  9.8769928363e-06      0.0000000000  1.9172631956e-07  1.9147052803e-07    0.063591666667    0.018591666667
 1.9105331975e-07 -6.3812071138e-11  9.8773227026e-06      0.0000000000  1.9197461161e-07  1.9150456690e-07    0.063608333333    0.018608333333
 1.9137481978e-07 -5.8741416851e-11  9.8776627006e-06      0.0000000000  1.9222290366e-07  1.9204161066e-07    0.063625000000    0.018625000000
 1.9149205059e-07 -6.7819201753e-11  9.8779928428e-06      0.0000000000  1.9247119572e-07  1.9109616335e-07    0.063641666667    0.018641666667
 1.9187181466e-07 -5.8712965104e-11  9.8783226986e-06      0.0000000000  1.9271948777e-07  1.9198455428e-07    0.063658333333    0.018658333333
 1.9206507715e-07 -6.2524515354e-11  9.8786627000e-06      0.0000000000  1.9296777982e-07  1.9385191257e-07    0.063675000000    0.018675000000
 1.9229926355e-07 -6.3501525407e-11  9.8789928457e-06      0.0000000000  1.9321607188e-07  1.9274507542e-07    0.063691666667    0.018691666667
 1.9268567442e-07 -5.3934906843e-11  9.8793226946e-06      0.0000000000  1.9346436393e-07  1.9337637462e-07    0.063708333333    0.018708333333
 1.9292548523e-07 -5.4553846749e-11  9.8796627030e-06      0.0000000000  1.9371311073e-07  1.9415503933e-07    0.063725000000    0.018725000000
 1.9319229430e-07 -5.3271289703e-11  9.8799928382e-06      0.0000000000  1.9396140279e-07  1.9488697724e-07    0.063741666667    0.018741666667
 1.9327853467e-07 -6.4495586548e-11  9.8803227010e-06      0.0000000000  1.9420969484e-07  1.9434924170e-07    0.063758333333    0.018758333333
 1.9362501291e-07 -5.7694849704e-11  9.8806626990e-06      0.0000000000  1.9445798689e-07  1.9422874567e-07    0.063775000000    0.018775000000
 1.9397752702e-07 -5.0507542969e-11  9.8809928412e-06      0.0000000000  1.9470673369e-07  1.9626599959e-07    0.063791666667    0.018791666667
 1.9403954586e-07 -6.3409512450e-11  9.8813227040e-06      0.0000000000  1.9495502575e-07  1.9405303277e-07    0.063808333333    0.018808333333
 1.9430413729e-07 -6.2280557924e-11  9.8816626984e-06      0.0000000000  1.9520331780e-07  1.9456268821e-07    0.063825000000    0.018825000000
 1.9437178669e-07 -7.4824031613e-11  9.8819928441e-06      0.0000000000  1.9545206460e-07  1.9587193481e-07    0.063841666667    0.018841666667
 1.9444314023e-07 -8.7079445522e-11  9.8823226965e-06      0.0000000000  1.9570035666e-07  1.9536070713e-07    0.063858333333    0.018858333333
 1.9459102175e-07 -9.4065746581e-11  9.8826627014e-06      0.0000000000  1.9594910346e-07  1.9425871245e-07    0.063875000000    0.018875000000
 1.9488095796e-07 -9.1181318817e-11  9.8829928401e-06      0.0000000000  1.9619739551e-07  1.9546489909e-07    0.063891666667    0.018891666667
 1.9495662884e-07 -1.0316919553e-10  9.8833226994e-06      0.0000000000  1.9644614231e-07  1.9676479089e-07    0.063908333333    0.018908333333
 1.9515014890e-07 -1.0696290568e-10  9.8836627009e-06      0.0000000000  1.9669443436e-07  1.9879122784e-07    0.063925000000    0.018925000000
 1.9546938065e-07 -1.0208085817e-10  9.8839928396e-06      0.0000000000  1.9694318117e-07  1.9834707167e-07    0.063941666667    0.018941666667
 1.9565243114e-07 -1.0663122683e-10  9.8843227024e-06      0.0000000000  1.9719192797e-07  1.9855654044e-07    0.063958333333    0.018958333333
 1.9603599006e-07 -9.7262144805e-11  9.8846626968e-06      0.0000000000  1.9744022002e-07  1.9754686735e-07    0.063975000000    0.018975000000
 1.9632210003e-07 -9.4674234213e-11  9.8849928425e-06      0.0000000000  1.9768896682e-07  1.9746849148e-07    0.063991666667    0.018991666667
 1.9697577296e-07 -6.6627557161e-11  9.8853226984e-06      0.0000000000  1.9793771362e-07  1.9736944072e-07    0.064008333333    0.019008333333
 1.9718159336e-07 -6.9600798059e-11  9.8856626998e-06      0.0000000000  1.9818646042e-07  1.9776400862e-07    0.064025000000    0.019025000000
 1.9765744814e-07 -5.3838964202e-11  9.8859928420e-06      0.0000000000  1.9843475248e-07  1.9675427264e-07    0.064041666667    0.019041666667
 1.9827439441e-07 -2.8336111445e-11  9.8863226978e-06      0.0000000000  1.9868349928e-07  1.9742217346e-07    0.064058333333    0.019058333333
 1.9833008935e-07 -4.1707595250e-11  9.8866626993e-06      0.0000000000  1.9893224608e-07  1.9902495617e-07    0.064075000000    0.019075000000
 1.9873278485e-07 -3.1044541074e-11  9.8869928380e-06      0.0000000000  1.9918099288e-07  1.9862909905e-07    0.064091666667    0.019091666667
 1.9895056639e-07 -3.3189309197e-11  9.8873227008e-06      0.0000000000  1.9942973968e-07  1.9957236096e-07    0.064108333333    0.019108333333
 1.9914814622e-07 -3.6733322256e-11  9.8876626952e-06      0.0000000000  1.9967848648e-07  1.9978068199e-07    0.064125000000    0.019125000000
 1.9952987130e-07 -2.7522755720e-11  9.8879928409e-06      0.0000000000  1.9992723328e-07  1.9939383376e-07    0.064141666667    0.019141666667
 1.9950313571e-07 -4.6603682220e-11  9.8883227003e-06      0.0000000000  2.0017598008e-07  2.0006019379e-07    0.064158333333    0.019158333333
 1.9985702129e-07 -3.9321382504e-11  9.8886626982e-06      0.0000000000  2.0042472688e-07  2.0115237772e-07    0.064175000000    0.019175000000
 1.9963146896e-07 -7.2173089562e-11  9.8889928439e-06      0.0000000000  2.0067347368e-07  2.0205655389e-07    0.064191666667    0.019191666667
 1.9995476301e-07 -6.7009671842e-11  9.8893226962e-06      0.0000000000  2.0092222049e-07  2.0132628255e-07    0.064208333333    0.019208333333
 2.0005011378e-07 -7.7634446482e-11  9.8896627046e-06      0.0000000000  2.0117096729e-07  2.0169005038e-07    0.064225000000    0.019225000000
 2.0024962163e-07 -8.1044917880e-11  9.8899928364e-06      0.0000000000  2.0141971409e-07  2.0203399233e-07    0.064241666667    0.019241666667
 2.0023102962e-07 -9.9561790016e-11  9.8903226992e-06      0.0000000000  2.0166846089e-07  2.0199415192e-07    0.064258333333    0.019258333333
 2.0070697271e-07 -8.3825337124e-11  9.8906626971e-06      0.0000000000  2.0191720769e-07  2.0173756330e-07    0.064275000000    0.019275000000
 2.0094428973e-07 -8.4648503146e-11  9.8909928393e-06      0.0000000000  2.0216640924e-07  2.0280707562e-07    0.064291666667    0.019291666667
 2.0126867818e-07 -7.9409283508e-11  9.8913226987e-06      0.0000000000  2.0241515604e-07  2.0323835518e-07    0.064308333333    0.019308333333
 2.0165758445e-07 -6.9701322400e-11  9.8916626966e-06      0.0000000000  2.0266390284e-07  2.0274005127e-07    0.064325000000    0.019325000000
 2.0174702946e-07 -8.0766648961e-11  9.8919928458e-06      0.0000000000  2.0291310439e-07  2.0288367487e-07    0.064341666667    0.019341666667
 2.0196281539e-07 -8.3049640847e-11  9.8923226911e-06      0.0000000000  2.0316185119e-07  2.0290543459e-07    0.064358333333    0.019358333333
 2.0211043934e-07 -9.0053782006e-11  9.8926627030e-06      0.0000000000  2.0341059799e-07  2.0227174559e-07    0.064375000000    0.019375000000
 2.0228191571e-07 -9.5437314326e-11  9.8929928383e-06      0.0000000000  2.0365979954e-07  2.0277902696e-07    0.064391666667    0.019391666667
 2.0264613714e-07 -8.7439115827e-11  9.8933226976e-06      0.0000000000  2.0390854634e-07  2.0342642584e-07    0.064408333333    0.019408333333
 2.0269301666e-07 -1.0145268546e-10  9.8936626990e-06      0.0000000000  2.0415774789e-07  2.0320683189e-07    0.064425000000    0.019425000000
 2.0319601026e-07 -8.3842614935e-11  9.8939928377e-06      0.0000000000  2.0440649469e-07  2.0407962626e-07    0.064441666667    0.019441666667
 2.0357737612e-07 -7.4688427462e-11  9.8943227005e-06      0.0000000000  2.0465569624e-07  2.0502658292e-07    0.064458333333    0.019458333333
 2.0371933492e-07 -8.2084958288e-11  9.8946626915e-06      0.0000000000  2.0490444304e-07  2.0637977346e-07    0.064475000000    0.019475000000
 2.0407608621e-07 -7.4635666260e-11  9.8949928442e-06      0.0000000000  2.0515364459e-07  2.0454829356e-07    0.064491666667    0.019491666667
 2.0423565969e-07 -8.0843636975e-11  9.8953226930e-06      0.0000000000  2.0540284613e-07  2.0629966813e-07    0.064508333333    0.019508333333
 2.0428491703e-07 -9.4661012241e-11  9.8956626979e-06      0.0000000000  2.0565159293e-07  2.0613277547e-07    0.064525000000    0.019525000000
 2.0476218043e-07 -7.8864607635e-11  9.8959928402e-06      0.0000000000  2.0590079448e-07  2.0557060740e-07    0.064541666667    0.019541666667
 2.0483780736e-07 -9.0887025949e-11  9.8963226960e-06      0.0000000000  2.0614999603e-07  2.0687266888e-07    0.064558333333    0.019558333333
 2.0524133127e-07 -8.0198090208e-11  9.8966627009e-06      0.0000000000  2.0639919758e-07  2.0664949024e-07    0.064575000000    0.019575000000
 2.0558644217e-07 -7.3523556802e-11  9.8969928361e-06      0.0000000000  2.0664794438e-07  2.0703728181e-07    0.064591666667    0.019591666667
 2.0597479283e-07 -6.3885576909e-11  9.8973227024e-06      0.0000000000  2.0689714593e-07  2.0589477065e-07    0.064608333333    0.019608333333
 2.0633557089e-07 -5.6157376014e-11  9.8976626899e-06      0.0000000000  2.0714634748e-07  2.0685339329e-07    0.064625000000    0.019625000000
 2.0656410068e-07 -5.7589178143e-11  9.8979928426e-06      0.0000000000  2.0739554903e-07  2.0668898476e-07    0.064641666667    0.019641666667
 2.0708056008e-07 -3.9077913762e-11  9.8983226949e-06      0.0000000000  2.0764475057e-07  2.0652473345e-07    0.064658333333    0.019658333333
 2.0746322607e-07 -2.9833674498e-11  9.8986626963e-06      0.0000000000  2.0789395212e-07  2.0828209824e-07    0.064675000000    0.019675000000
 2.0780113109e-07 -2.3689744804e-11  9.8989928420e-06      0.0000000000  2.0814315367e-07  2.0884838556e-07    0.064691666667    0.019691666667
 2.0781036990e-07 -4.0310448881e-11  9.8993226909e-06      0.0000000000  2.0839235522e-07  2.0874510549e-07    0.064708333333    0.019708333333
 2.0813303727e-07 -3.5221935058e-11  9.8996627028e-06      0.0000000000  2.0864155677e-07  2.0829516351e-07    0.064725000000    0.019725000000
 2.0830847282e-07 -4.0331240614e-11  9.8999928345e-06      0.0000000000  2.0889075832e-07  2.0856469162e-07    0.064741666667    0.019741666667
 2.0866017723e-07 -3.3231514610e-11  9.9003227008e-06      0.0000000000  2.0913995986e-07  2.0884267835e-07    0.064758333333    0.019758333333
 2.0848611749e-07 -6.2548151729e-11  9.9006626918e-06      0.0000000000  2.0938916141e-07  2.0880310521e-07    0.064775000000    0.019775000000
 2.0870172373e-07 -6.4875086425e-11  9.9009928410e-06      0.0000000000  2.0963836296e-07  2.1034869005e-07    0.064791666667    0.019791666667
 2.0876296266e-07 -7.7894070488e-11  9.9013226968e-06      0.0000000000  2.0988756451e-07  2.0951123950e-07    0.064808333333    0.019808333333
 2.0891020882e-07 -8.4987374206e-11  9.9016626912e-06      0.0000000000  2.1013722080e-07  2.1083546948e-07    0.064825000000    0.019825000000
 2.0898571632e-07 -9.7018064847e-11  9.9019928439e-06      0.0000000000  2.1038642235e-07  2.0993143481e-07    0.064841666667    0.019841666667
 2.0917778369e-07 -1.0097538851e-10  9.9023226893e-06      0.0000000000  2.1063562390e-07  2.1101561608e-07    0.064858333333    0.019858333333
 2.0951590139e-07 -9.4816727781e-11  9.9026627012e-06      0.0000000000  2.1088482545e-07  2.0906494510e-07    0.064875000000    0.019875000000
 2.0955261032e-07 -1.0956624734e-10  9.9029928329e-06      0.0000000000  2.1113448174e-07  2.0966725230e-07    0.064891666667    0.019891666667
 2.1017920136e-07 -8.3426859723e-11  9.9033226992e-06      0.0000000000  2.1138368329e-07  2.1246705553e-07    0.064908333333    0.019908333333
 2.1051365394e-07 -7.7553556848e-11  9.9036626937e-06      0.0000000000  2.1163333959e-07  2.1268147683e-07    0.064925000000    0.019925000000
 2.1070527992e-07 -8.1541452967e-11  9.9039928394e-06      0.0000000000  2.1188254114e-07  2.1221480627e-07    0.064941666667    0.019941666667
 2.1116491114e-07 -6.6966317942e-11  9.9043226987e-06      0.0000000000  2.1213174268e-07  2.1317270569e-07    0.064958333333    0.019958333333
 2.1150502860e-07 -6.0700643906e-11  9.9046626931e-06      0.0000000000  2.1238139898e-07  2.1167802979e-07    0.064975000000    0.019975000000
 2.1185676280e-07 -5.3630351752e-11  9.9049928423e-06      0.0000000000  2.1263105528e-07  2.1186951220e-07    0.064991666667    0.019991666667
 2.1194275416e-07 -6.4934891106e-11  9.9053226912e-06      0.0000000000  2.1288025682e-07  2.1122021091e-07    0.065008333333    0.020008333333
 2.1210751093e-07 -7.0815345621e-11  9.9056626996e-06      0.0000000000  2.1312991312e-07  2.1271221401e-07    0.065025000000    0.020025000000
 2.1235908743e-07 -7.0650847437e-11  9.9059928348e-06      0.0000000000  2.1337911467e-07  2.1094153240e-07    0.065041666667    0.020041666667
 2.1240026132e-07 -8.5091107754e-11  9.9063226941e-06      0.0000000000  2.1362877096e-07  2.1420498750e-07    0.065058333333    0.020058333333
 2.1277076431e-07 -7.6720820100e-11  9.9066626956e-06      0.0000000000  2.1387842726e-07  2.1339483094e-07    0.065075000000    0.020075000000
 2.1282985586e-07 -8.9888539519e-11  9.9069928378e-06      0.0000000000  2.1412762881e-07  2.1369921548e-07    0.065091666667    0.020091666667
 2.1324351055e-07 -7.8529405908e-11  9.9073227006e-06      0.0000000000  2.1437728510e-07  2.1533227943e-07    0.065108333333    0.020108333333
 2.1344946802e-07 -8.1556147671e-11  9.9076626880e-06      0.0000000000  2.1462694140e-07  2.1436398754e-07    0.065125000000    0.020125000000
 2.1376701837e-07 -7.6853555090e-11  9.9079928407e-06      0.0000000000  2.1487659769e-07  2.1606655997e-07    0.065141666667    0.020141666667
 2.1422864521e-07 -6.2140196303e-11  9.9083226931e-06      0.0000000000  2.1512579924e-07  2.1477246971e-07    0.065158333333    0.020158333333
 2.1444670543e-07 -6.4328656937e-11  9.9086626945e-06      0.0000000000  2.1537545554e-07  2.1711497290e-07    0.065175000000    0.020175000000
 2.1472780272e-07 -6.2150938171e-11  9.9089928402e-06      0.0000000000  2.1562511183e-07  2.1624873475e-07    0.065191666667    0.020191666667
 2.1513646823e-07 -5.1137373218e-11  9.9093226925e-06      0.0000000000  2.1587476813e-07  2.1679514902e-07    0.065208333333    0.020208333333
 2.1513822435e-07 -6.8307853562e-11  9.9096626974e-06      0.0000000000  2.1612442443e-07  2.1561521869e-07    0.065225000000    0.020225000000
 2.1534403353e-07 -7.1344866337e-11  9.9099928362e-06      0.0000000000  2.1637408072e-07  2.1616460449e-07    0.065241666667    0.020241666667
 2.1568584442e-07 -6.4961899196e-11  9.9103226990e-06      0.0000000000  2.1662373702e-07  2.1517933248e-07    0.065258333333    0.020258333333
 2.1569893059e-07 -8.1347618711e-11  9.9106626899e-06      0.0000000000  2.1687339331e-07  2.1458193065e-07    0.065275000000    0.020275000000
 2.1591785650e-07 -8.3476118844e-11  9.9109928391e-06      0.0000000000  2.1712304961e-07  2.1510976112e-07    0.065291666667    0.020291666667
 2.1631118443e-07 -7.3524891129e-11  9.9113226949e-06      0.0000000000  2.1737270590e-07  2.1727056120e-07    0.065308333333    0.020308333333
 2.1661988637e-07 -6.9435172604e-11  9.9116626929e-06      0.0000000000  2.1762236220e-07  2.1684000486e-07    0.065325000000    0.020325000000
 2.1683084998e-07 -7.2146667862e-11  9.9119928421e-06      0.0000000000  2.1787247324e-07  2.1899319533e-07    0.065341666667    0.020341666667
 2.1704564652e-07 -7.4561183290e-11  9.9123226909e-06      0.0000000000  2.1812212954e-07  2.1759912671e-07    0.065358333333    0.020358333333
 2.1738267397e-07 -6.8509534935e-11  9.9126626993e-06      0.0000000000  2.1837178583e-07  2.1841365408e-07    0.065375000000    0.020375000000
 2.1776500290e-07 -5.9320138709e-11  9.9129928346e-06      0.0000000000  2.1862144213e-07  2.1677705261e-07    0.065391666667    0.020391666667
 2.1774946551e-07 -7.7719929169e-11  9.9133226939e-06      0.0000000000  2.1887155317e-07  2.2049590534e-07    0.065408333333    0.020408333333
 2.1831232493e-07 -5.6026325456e-11  9.9136626918e-06      0.0000000000  2.1912120947e-07  2.1872733053e-07    0.065425000000    0.020425000000
 2.1839618936e-07 -6.7509681737e-11  9.9139928375e-06      0.0000000000  2.1937086576e-07  2.2106002298e-07    0.065441666667    0.020441666667
 2.1859336721e-07 -7.1176029482e-11  9.9143226968e-06      0.0000000000  2.1962097681e-07  2.2044936721e-07    0.065458333333    0.020458333333
 2.1888327123e-07 -6.8388323646e-11  9.9146626913e-06      0.0000000000  2.1987063310e-07  2.2105544777e-07    0.065475000000    0.020475000000
 2.1919071445e-07 -6.4385788431e-11  9.9149928405e-06      0.0000000000  2.2012028940e-07  2.2037765761e-07    0.065491666667    0.020491666667
 2.1927375314e-07 -7.5957835824e-11  9.9153226893e-06      0.0000000000  2.2037040044e-07  2.1981759634e-07    0.065508333333    0.020508333333
 2.1927396412e-07 -9.3235338261e-11  9.9156626942e-06      0.0000000000  2.2062005674e-07  2.1887216474e-07    0.065525000000    0.020525000000
 2.1951264166e-07 -9.4027264673e-11  9.9159928364e-06      0.0000000000  2.2087016778e-07  2.1878235873e-07    0.065541666667    0.020541666667
 2.1973191223e-07 -9.6131891643e-11  9.9163226923e-06      0.0000000000  2.2111982408e-07  2.1914642528e-07    0.065558333333    0.020558333333
 2.2006913727e-07 -9.0098055163e-11  9.9166626937e-06      0.0000000000  2.2136993512e-07  2.2155019844e-07    0.065575000000    0.020575000000
 2.2036945503e-07 -8.6620553256e-11  9.9169928359e-06      0.0000000000  2.2162004616e-07  2.2166498725e-07    0.065591666667    0.020591666667
 2.2027524547e-07 -1.1043796985e-10  9.9173226987e-06      0.0000000000  2.2186970246e-07  2.2206857978e-07    0.065608333333    0.020608333333
 2.2102370593e-07 -7.5920452116e-11  9.9176626897e-06      0.0000000000  2.2211981350e-07  2.2193754978e-07    0.065625000000    0.020625000000
 2.2111710237e-07 -8.6775083207e-11  9.9179928389e-06      0.0000000000  2.2236992454e-07  2.2207194436e-07    0.065641666667    0.020641666667
 2.2161761675e-07 -6.9399727506e-11  9.9183226912e-06      0.0000000000  2.2261958084e-07  2.2295503687e-07    0.065658333333    0.020658333333
 2.2181269879e-07 -7.3211238886e-11  9.9186626926e-06      0.0000000000  2.2286969188e-07  2.2323797613e-07    0.065675000000    0.020675000000
 2.2199990765e-07 -7.7568076225e-11  9.9189928348e-06      0.0000000000  2.2311980292e-07  2.2551557750e-07    0.065691666667    0.020691666667
 2.2258268303e-07 -5.4526517400e-11  9.9193226907e-06      0.0000000000  2.2336991397e-07  2.2315449050e-07    0.065708333333    0.020708333333
 2.2262248959e-07 -6.9092981155e-11  9.9196626956e-06      0.0000000000  2.2362002501e-07  2.2455047725e-07    0.065725000000    0.020725000000
 2.2299807942e-07 -6.0401858085e-11  9.9199928343e-06      0.0000000000  2.2387013605e-07  2.2437952822e-07    0.065741666667    0.020741666667
 2.2313857391e-07 -6.7994304757e-11  9.9203226971e-06      0.0000000000  2.2412024710e-07  2.2468927409e-07    0.065758333333    0.020758333333
 2.2334575870e-07 -7.0967535009e-11  9.9206626881e-06      0.0000000000  2.2437035814e-07  2.2278459096e-07    0.065775000000    0.020775000000
 2.2352712111e-07 -7.5697821254e-11  9.9209928373e-06      0.0000000000  2.2462001443e-07  2.2258167841e-07    0.065791666667    0.020791666667
 2.2369008720e-07 -8.1765299789e-11  9.9213226931e-06      0.0000000000  2.2487058023e-07  2.2446439743e-07    0.065808333333    0.020808333333
 2.2391246476e-07 -8.3686223231e-11  9.9216626910e-06      0.0000000000  2.2512069127e-07  2.2353751820e-07    0.065825000000    0.020825000000
 2.2416295542e-07 -8.3659929374e-11  9.9219928367e-06      0.0000000000  2.2537080231e-07  2.2424041694e-07    0.065841666667    0.020841666667
 2.2415482123e-07 -1.0154694650e-10  9.9223226891e-06      0.0000000000  2.2562091335e-07  2.2668884155e-07    0.065858333333    0.020858333333
 2.2467538970e-07 -8.2814067920e-11  9.9226626940e-06      0.0000000000  2.2587102440e-07  2.2398643823e-07    0.065875000000    0.020875000000
 2.2482979873e-07 -8.9442742055e-11  9.9229928327e-06      0.0000000000  2.2612113544e-07  2.2500862630e-07    0.065891666667    0.020891666667
 2.2517859856e-07 -8.2607192951e-11  9.9233226955e-06      0.0000000000  2.2637124648e-07  2.2468581517e-07    0.065908333333    0.020908333333
 2.2563195838e-07 -6.8529433062e-11  9.9236626900e-06      0.0000000000  2.2662135753e-07  2.2594305225e-07    0.065925000000    0.020925000000
 2.2596659291e-07 -6.2706521989e-11  9.9239928357e-06      0.0000000000  2.2687192332e-07  2.2636593609e-07    0.065941666667    0.020941666667
 2.2615596491e-07 -6.6913532099e-11  9.9243226950e-06      0.0000000000  2.2712203436e-07  2.2712386303e-07    0.065958333333    0.020958333333
 2.2652074303e-07 -5.8971267583e-11  9.9246626894e-06      0.0000000000  2.2737214540e-07  2.3033664502e-07    0.065975000000    0.020975000000
 2.2670584766e-07 -6.3505348812e-11  9.9249928421e-06      0.0000000000  2.2762271119e-07  2.2808066188e-07    0.065991666667    0.020991666667
 2.2701565161e-07 -5.9370798244e-11  9.9253226875e-06      0.0000000000  2.2787282224e-07  2.2862261101e-07    0.066008333333    0.021008333333
 2.2720764364e-07 -6.3396335304e-11  9.9256626959e-06      0.0000000000  2.2812293328e-07  2.2801910891e-07    0.066025000000    0.021025000000
 2.2748067029e-07 -6.1840613285e-11  9.9259928311e-06      0.0000000000  2.2837349907e-07  2.2991314802e-07    0.066041666667    0.021041666667
 2.2752693395e-07 -7.5959834616e-11  9.9263226904e-06      0.0000000000  2.2862361011e-07  2.2893454228e-07    0.066058333333    0.021058333333
 2.2774101149e-07 -7.8487145183e-11  9.9266626919e-06      0.0000000000  2.2887417590e-07  2.2939130776e-07    0.066075000000    0.021075000000
 2.2779557290e-07 -9.2031634000e-11  9.9269928341e-06      0.0000000000  2.2912428695e-07  2.3072997085e-07    0.066091666667    0.021091666667
 2.2834381456e-07 -7.1413506089e-11  9.9273226934e-06      0.0000000000  2.2937485274e-07  2.2811474792e-07    0.066108333333    0.021108333333
 2.2864801894e-07 -6.7698299190e-11  9.9276626878e-06      0.0000000000  2.2962541853e-07  2.2885805309e-07    0.066125000000    0.021125000000
 2.2884663827e-07 -7.1264805297e-11  9.9279928405e-06      0.0000000000  2.2987552957e-07  2.3081013908e-07    0.066141666667    0.021141666667
 2.2915322783e-07 -6.7384392410e-11  9.9283226894e-06      0.0000000000  2.3012609536e-07  2.2782224947e-07    0.066158333333    0.021158333333
 2.2936189751e-07 -7.0286271050e-11  9.9286626943e-06      0.0000000000  2.3037666115e-07  2.2960660951e-07    0.066175000000    0.021175000000
 2.2956254479e-07 -7.3712314129e-11  9.9289928330e-06      0.0000000000  2.3062677219e-07  2.3238025077e-07    0.066191666667    0.021191666667
 2.2984315847e-07 -7.1631086427e-11  9.9293226923e-06      0.0000000000  2.3087733798e-07  2.3175640396e-07    0.066208333333    0.021208333333
 2.3002530508e-07 -7.6370051211e-11  9.9296626902e-06      0.0000000000  2.3112790377e-07  2.3082776382e-07    0.066225000000    0.021225000000
 2.3029915253e-07 -7.4757477752e-11  9.9299928325e-06      0.0000000000  2.3137846956e-07  2.3141494613e-07    0.066241666667    0.021241666667
 2.3063583357e-07 -6.8761320156e-11  9.9303226953e-06      0.0000000000  2.3162858061e-07  2.3267171155e-07    0.066258333333    0.021258333333
 2.3117668484e-07 -4.8655077271e-11  9.9306626862e-06      0.0000000000  2.3187914640e-07  2.2988503647e-07    0.066275000000    0.021275000000
 2.3134884990e-07 -5.4085401447e-11  9.9309928389e-06      0.0000000000  2.3212971219e-07  2.3196566833e-07    0.066291666667    0.021291666667
 2.3169985896e-07 -4.7128330078e-11  9.9313226878e-06      0.0000000000  2.3238027798e-07  2.3246356346e-07    0.066308333333    0.021308333333
 2.3195333450e-07 -4.6926790085e-11  9.9316626927e-06      0.0000000000  2.3263084377e-07  2.3307149926e-07    0.066325000000    0.021325000000
 2.3202936983e-07 -5.9015413393e-11  9.9319928349e-06      0.0000000000  2.3288140956e-07  2.3417797481e-07    0.066341666667    0.021341666667
 2.3235728382e-07 -5.3657991981e-11  9.9323226907e-06      0.0000000000  2.3313197535e-07  2.3229399800e-07    0.066358333333    0.021358333333
 2.3211403252e-07 -8.7861584424e-11  9.9326626921e-06      0.0000000000  2.3338254114e-07  2.3321471407e-07    0.066375000000    0.021375000000
 2.3258321340e-07 -7.2719497402e-11  9.9329928309e-06      0.0000000000  2.3363310693e-07  2.3129089685e-07    0.066391666667    0.021391666667
 2.3272913592e-07 -7.9967476078e-11  9.9333226937e-06      0.0000000000  2.3388367272e-07  2.3333942369e-07    0.066408333333    0.021408333333
 2.3280982564e-07 -9.1733719156e-11  9.9336626881e-06      0.0000000000  2.3413423851e-07  2.3507971401e-07    0.066425000000    0.021425000000
 2.3311726552e-07 -8.7825907187e-11  9.9339928373e-06      0.0000000000  2.3438525905e-07  2.3382131348e-07    0.066441666667    0.021441666667
 2.3355490903e-07 -7.4868214561e-11  9.9343226896e-06      0.0000000000  2.3463582484e-07  2.3350988532e-07    0.066458333333    0.021458333333
 2.3369533980e-07 -8.2496572298e-11  9.9346626911e-06      0.0000000000  2.3488639063e-07  2.3470640272e-07    0.066475000000    0.021475000000
 2.3418191853e-07 -6.6149445744e-11  9.9349928368e-06      0.0000000000  2.3513695642e-07  2.3465866969e-07    0.066491666667    0.021491666667
 2.3458411106e-07 -5.5678716256e-11  9.9353226856e-06      0.0000000000  2.3538797696e-07  2.3495057069e-07    0.066508333333    0.021508333333
 2.3466995080e-07 -6.7088249867e-11  9.9356626940e-06      0.0000000000  2.3563854275e-07  2.3390511356e-07    0.066525000000    0.021525000000
 2.3534087090e-07 -3.7972960074e-11  9.9359928293e-06      0.0000000000  2.3588910854e-07  2.3657402829e-07    0.066541666667    0.021541666667
 2.3532078733e-07 -5.6750630312e-11  9.9363226921e-06      0.0000000000  2.3614012907e-07  2.3585017166e-07    0.066558333333    0.021558333333
 2.3585803346e-07 -3.6894093307e-11  9.9366626900e-06      0.0000000000  2.3639069487e-07  2.3801567273e-07    0.066575000000    0.021575000000
 2.3598673273e-07 -4.5366514935e-11  9.9369928357e-06      0.0000000000  2.3664171540e-07  2.3803656772e-07    0.066591666667    0.021591666667
 2.3609274185e-07 -5.5379042876e-11  9.9373226880e-06      0.0000000000  2.3689228119e-07  2.3715206020e-07    0.066608333333    0.021608333333
 2.3650864292e-07 -4.3958809230e-11  9.9376626895e-06      0.0000000000  2.3714330173e-07  2.3685247097e-07    0.066625000000    0.021625000000
 2.3640778844e-07 -6.8299472802e-11  9.9379928387e-06      0.0000000000  2.3739386752e-07  2.3600365317e-07    0.066641666667    0.021641666667
 2.3679845748e-07 -5.8626902724e-11  9.9383226840e-06      0.0000000000  2.3764488806e-07  2.3762473669e-07    0.066658333333    0.021658333333
 2.3692086304e-07 -6.7503752850e-11  9.9386626924e-06      0.0000000000  2.3789545385e-07  2.3628148267e-07    0.066675000000    0.021675000000
 2.3701753520e-07 -7.8194490973e-11  9.9389928311e-06      0.0000000000  2.3814647439e-07  2.3803376914e-07    0.066691666667    0.021691666667
 2.3726932867e-07 -7.8140954872e-11  9.9393226905e-06      0.0000000000  2.3839749492e-07  2.3982529858e-07    0.066708333333    0.021708333333
 2.3760700832e-07 -7.2107127182e-11  9.9396626884e-06      0.0000000000  2.3864806071e-07  2.3810874899e-07    0.066725000000    0.021725000000
 2.3790717379e-07 -6.8703168492e-11  9.9399928341e-06      0.0000000000  2.3889908125e-07  2.3816360424e-07    0.066741666667    0.021741666667
 2.3792457329e-07 -8.4884623021e-11  9.9403226899e-06      0.0000000000  2.3915010179e-07  2.3793215564e-07    0.066758333333    0.021758333333
 2.3812371537e-07 -8.8446418803e-11  9.9406626879e-06      0.0000000000  2.3940066758e-07  2.4004668487e-07    0.066775000000    0.021775000000
 2.3848107906e-07 -8.1080699493e-11  9.9409928371e-06      0.0000000000  2.3965168812e-07  2.3888419062e-07    0.066791666667    0.021791666667
 2.3859913095e-07 -9.0290598281e-11  9.9413226859e-06      0.0000000000  2.3990270866e-07  2.4033926194e-07    0.066808333333    0.021808333333
 2.3911545891e-07 -7.1914428235e-11  9.9416626908e-06      0.0000000000  2.4015372919e-07  2.4222787683e-07    0.066825000000    0.021825000000
 2.3916433165e-07 -8.5915929887e-11  9.9419928330e-06      0.0000000000  2.4040474973e-07  2.3987160087e-07    0.066841666667    0.021841666667
 2.3948478245e-07 -8.1106933781e-11  9.9423226889e-06      0.0000000000  2.4065577027e-07  2.4140830259e-07    0.066858333333    0.021858333333
 2.3969030188e-07 -8.4258508584e-11  9.9426626868e-06      0.0000000000  2.4090679081e-07  2.4087506363e-07    0.066875000000    0.021875000000
 2.4030039068e-07 -5.9388116509e-11  9.9429928325e-06      0.0000000000  2.4115781134e-07  2.4102900108e-07    0.066891666667    0.021891666667
 2.4023910641e-07 -8.1019499499e-11  9.9433226918e-06      0.0000000000  2.4140883188e-07  2.4153483600e-07    0.066908333333    0.021908333333
 2.4084968122e-07 -5.6115444413e-11  9.9436626863e-06      0.0000000000  2.4165985242e-07  2.4150845391e-07    0.066925000000    0.021925000000
 2.4083206939e-07 -7.4721912613e-11  9.9439928355e-06      0.0000000000  2.4191087296e-07  2.4369371795e-07    0.066941666667    0.021941666667
 2.4139539547e-07 -5.3090479514e-11  9.9443226878e-06      0.0000000000  2.4216189350e-07  2.4154000865e-07    0.066958333333    0.021958333333
 2.4140031869e-07 -7.0136087019e-11  9.9446626892e-06      0.0000000000  2.4241291403e-07  2.4186780376e-07    0.066975000000    0.021975000000
 2.4166443347e-07 -6.9229131614e-11  9.9449928349e-06      0.0000000000  2.4266393457e-07  2.4402044394e-07    0.066991666667    0.021991666667
 2.4166220237e-07 -8.6801771109e-11  9.9453226873e-06      0.0000000000  2.4291540986e-07  2.4160244207e-07    0.067008333333    0.022008333333
 2.4224316437e-07 -6.3948809340e-11  9.9456626887e-06      0.0000000000  2.4316643039e-07  2.4313625087e-07    0.067025000000    0.022025000000
 2.4236291530e-07 -7.3041026391e-11  9.9459928309e-06      0.0000000000  2.4341745093e-07  2.4309458666e-07    0.067041666667    0.022041666667
 2.4278759104e-07 -6.1013026435e-11  9.9463226902e-06      0.0000000000  2.4366847147e-07  2.4268119912e-07    0.067058333333    0.022058333333
 2.4312360560e-07 -5.5157524790e-11  9.9466626847e-06      0.0000000000  2.4391994675e-07  2.4448823079e-07    0.067075000000    0.022075000000
 2.4319628146e-07 -6.7510334715e-11  9.9469928339e-06      0.0000000000  2.4417096729e-07  2.4477461325e-07    0.067091666667    0.022091666667
 2.4373209093e-07 -4.7816300845e-11  9.9473226862e-06      0.0000000000  2.4442244258e-07  2.4518565816e-07    0.067108333333    0.022108333333
 2.4368628584e-07 -6.8375538244e-11  9.9476626876e-06      0.0000000000  2.4467346311e-07  2.4412282783e-07    0.067125000000    0.022125000000
 2.4412841688e-07 -5.5138519896e-11  9.9479928368e-06      0.0000000000  2.4492448365e-07  2.4473161264e-07    0.067141666667    0.022141666667
 2.4419794916e-07 -6.7740563325e-11  9.9483226857e-06      0.0000000000  2.4517595894e-07  2.4536844611e-07    0.067158333333    0.022158333333
 2.4449617057e-07 -6.4471256676e-11  9.9486626941e-06      0.0000000000  2.4542697947e-07  2.4567584934e-07    0.067175000000    0.022175000000
 2.4473296192e-07 -6.5488320425e-11  9.9489928293e-06      0.0000000000  2.4567845476e-07  2.4520402185e-07    0.067191666667    0.022191666667
 2.4484168326e-07 -7.5375985243e-11  9.9493226886e-06      0.0000000000  2.4592993004e-07  2.4602546706e-07    0.067208333333    0.022208333333
 2.4490866537e-07 -8.8123165013e-11  9.9496626831e-06      0.0000000000  2.4618095058e-07  2.4628724406e-07    0.067225000000    0.022225000000
 2.4510932534e-07 -9.1642820957e-11  9.9499928323e-06      0.0000000000  2.4643242587e-07  2.4659280777e-07    0.067241666667    0.022241666667
 2.4535003003e-07 -9.2357334471e-11  9.9503226881e-06      0.0000000000  2.4668344641e-07  2.4653493383e-07    0.067258333333    0.022258333333
 2.4564175361e-07 -8.9569589765e-11  9.9506626860e-06      0.0000000000  2.4693492169e-07  2.4685123591e-07    0.067275000000    0.022275000000
 2.4570429441e-07 -1.0265588827e-10  9.9509928387e-06      0.0000000000  2.4718639698e-07  2.4720696962e-07    0.067291666667    0.022291666667
 2.4588889941e-07 -1.0728757095e-10  9.9513226806e-06      0.0000000000  2.4743787226e-07  2.4793518134e-07    0.067308333333    0.022308333333
 2.4645363837e-07 -8.5558276386e-11  9.9516626925e-06      0.0000000000  2.4768889280e-07  2.4801778653e-07    0.067325000000    0.022325000000
 2.4656520177e-07 -9.5249089397e-11  9.9519928312e-06      0.0000000000  2.4794036808e-07  2.4676075383e-07    0.067341666667    0.022341666667
 2.4687305513e-07 -9.1344136190e-11  9.9523226870e-06      0.0000000000  2.4819184337e-07  2.4731853536e-07    0.067358333333    0.022358333333
 2.4701645595e-07 -9.8829772198e-11  9.9526626884e-06      0.0000000000  2.4844331865e-07  2.4847011831e-07    0.067375000000    0.022375000000
 2.4746869827e-07 -8.4923906941e-11  9.9529928306e-06      0.0000000000  2.4869479394e-07  2.4908483044e-07    0.067391666667    0.022391666667
 2.4760350824e-07 -9.3004576905e-11  9.9533226900e-06      0.0000000000  2.4894626922e-07  2.4880041327e-07    0.067408333333    0.022408333333
 2.4804664484e-07 -7.9729407299e-11  9.9536626809e-06      0.0000000000  2.4919774451e-07  2.4905692328e-07    0.067425000000    0.022425000000
 2.4834291967e-07 -7.6626425805e-11  9.9539928371e-06      0.0000000000  2.4944921979e-07  2.5009826116e-07    0.067441666667    0.022441666667
 2.4872562642e-07 -6.7536850853e-11  9.9543226825e-06      0.0000000000  2.4970069508e-07  2.4977008872e-07    0.067458333333    0.022458333333
 2.4900395993e-07 -6.5676550763e-11  9.9546626874e-06      0.0000000000  2.4995217036e-07  2.4929401620e-07    0.067475000000    0.022475000000
 2.4930961755e-07 -6.1923682558e-11  9.9549928331e-06      0.0000000000  2.5020364565e-07  2.5038115326e-07    0.067491666667    0.022491666667
 2.4952225844e-07 -6.4613496259e-11  9.9553226854e-06      0.0000000000  2.5045512093e-07  2.4982195672e-07    0.067508333333    0.022508333333
 2.4977406861e-07 -6.4590300819e-11  9.9556626903e-06      0.0000000000  2.5070659622e-07  2.5022339528e-07    0.067525000000    0.022525000000
 2.4988306127e-07 -7.4490669767e-11  9.9559928290e-06      0.0000000000  2.5095852625e-07  2.5104089418e-07    0.067541666667    0.022541666667
 2.5026861677e-07 -6.5203780348e-11  9.9563226919e-06      0.0000000000  2.5121000154e-07  2.5011629469e-07    0.067558333333    0.022558333333
 2.5016301011e-07 -8.9936592077e-11  9.9566626793e-06      0.0000000000  2.5146147682e-07  2.5203108728e-07    0.067575000000    0.022575000000
 2.5012253286e-07 -1.1015830135e-10  9.9569928355e-06      0.0000000000  2.5171295211e-07  2.5141890645e-07    0.067591666667    0.022591666667
 2.5054451350e-07 -9.8379969335e-11  9.9573226843e-06      0.0000000000  2.5196488214e-07  2.5155586377e-07    0.067608333333    0.022608333333
 2.5048783271e-07 -1.1972399486e-10  9.9576626858e-06      0.0000000000  2.5221635742e-07  2.5214180402e-07    0.067625000000    0.022625000000
 2.5062867121e-07 -1.2738710655e-10  9.9579928350e-06      0.0000000000  2.5246783271e-07  2.5237185333e-07    0.067641666667    0.022641666667
 2.5090358434e-07 -1.2579521252e-10  9.9583226803e-06      0.0000000000  2.5271976274e-07  2.5275684632e-07    0.067658333333    0.022658333333
 2.5125994168e-07 -1.1853069460e-10  9.9586626887e-06      0.0000000000  2.5297123803e-07  2.5306151386e-07    0.067675000000    0.022675000000
 2.5128930073e-07 -1.3394678200e-10  9.9589928274e-06      0.0000000000  2.5322316806e-07  2.5327430004e-07    0.067691666667    0.022691666667
 2.5177946751e-07 -1.1741412858e-10  9.9593226903e-06      0.0000000000  2.5347464334e-07  2.5347354928e-07    0.067708333333    0.022708333333
 2.5239944997e-07 -9.1921460306e-11  9.9596626812e-06      0.0000000000  2.5372657338e-07  2.5288315961e-07    0.067725000000    0.022725000000
 2.5274345982e-07 -8.5512175309e-11  9.9599928339e-06      0.0000000000  2.5397804866e-07  2.5339103843e-07    0.067741666667    0.022741666667
 2.5316489326e-07 -7.3771744251e-11  9.9603226862e-06      0.0000000000  2.5422997869e-07  2.5333817991e-07    0.067758333333    0.022758333333
 2.5367292094e-07 -5.6001979835e-11  9.9606626807e-06      0.0000000000  2.5448145398e-07  2.5481924026e-07    0.067775000000    0.022775000000
 2.5383692304e-07 -6.2092192000e-11  9.9609928368e-06      0.0000000000  2.5473338401e-07  2.5525000099e-07    0.067791666667    0.022791666667
 2.5392792925e-07 -7.3238369920e-11  9.9613226787e-06      0.0000000000  2.5498531404e-07  2.5574332092e-07    0.067808333333    0.022808333333
 2.5427238116e-07 -6.6829963509e-11  9.9616626906e-06      0.0000000000  2.5523724408e-07  2.5528470020e-07    0.067825000000    0.022825000000
 2.5478182198e-07 -4.8962319125e-11  9.9619928258e-06      0.0000000000  2.5548871936e-07  2.5511469451e-07    0.067841666667    0.022841666667
 2.5467113731e-07 -7.4078350171e-11  9.9623226887e-06      0.0000000000  2.5574064939e-07  2.5509238451e-07    0.067858333333    0.022858333333
 2.5489739470e-07 -7.5856532450e-11  9.9626626831e-06      0.0000000000  2.5599257943e-07  2.5584340934e-07    0.067875000000    0.022875000000
 2.5540104572e-07 -5.8421408241e-11  9.9629928323e-06      0.0000000000  2.5624450946e-07  2.5622157884e-07    0.067891666667    0.022891666667
 2.5524664960e-07 -8.6565056002e-11  9.9633226881e-06      0.0000000000  2.5649643949e-07  2.5572134108e-07    0.067908333333    0.022908333333
 2.5587003962e-07 -6.0804869970e-11  9.9636626791e-06      0.0000000000  2.5674791477e-07  2.5607007835e-07    0.067925000000    0.022925000000
 2.5612405582e-07 -6.0660374339e-11  9.9639928352e-06      0.0000000000  2.5699984481e-07  2.5685910409e-07    0.067941666667    0.022941666667
 2.5594608182e-07 -9.0437112993e-11  9.9643226806e-06      0.0000000000  2.5725177484e-07  2.5741212175e-07    0.067958333333    0.022958333333
 2.5656683672e-07 -6.4890942924e-11  9.9646626890e-06      0.0000000000  2.5750370487e-07  2.5779775935e-07    0.067975000000    0.022975000000
 2.5662015999e-07 -7.8647179285e-11  9.9649928277e-06      0.0000000000  2.5775563490e-07  2.5720345482e-07    0.067991666667    0.022991666667
 2.5693772224e-07 -7.4101249699e-11  9.9653226836e-06      0.0000000000  2.5800756494e-07  2.5856804406e-07    0.068008333333    0.023008333333
 2.5687371120e-07 -9.6015990934e-11  9.9656626850e-06      0.0000000000  2.5825994972e-07  2.5857073258e-07    0.068025000000    0.023025000000
 2.5740618685e-07 -7.6584367074e-11  9.9659928272e-06      0.0000000000  2.5851187975e-07  2.5844649463e-07    0.068041666667    0.023041666667
 2.5745240323e-07 -9.0832853247e-11  9.9663226900e-06      0.0000000000  2.5876380978e-07  2.5984861310e-07    0.068058333333    0.023058333333
 2.5782337822e-07 -8.2587360693e-11  9.9666626775e-06      0.0000000000  2.5901573981e-07  2.5882537163e-07    0.068075000000    0.023075000000
 2.5782240009e-07 -1.0010471207e-10  9.9669928336e-06      0.0000000000  2.5926766985e-07  2.5903441589e-07    0.068091666667    0.023091666667
 2.5832739373e-07 -8.2576593563e-11  9.9673226825e-06      0.0000000000  2.5951959988e-07  2.5926202824e-07    0.068108333333    0.023108333333
 2.5884328418e-07 -6.4325219544e-11  9.9676626839e-06      0.0000000000  2.5977198466e-07  2.5942530476e-07    0.068125000000    0.023125000000
 2.5918626817e-07 -5.8018486898e-11  9.9679928331e-06      0.0000000000  2.6002391469e-07  2.5935177137e-07    0.068141666667    0.023141666667
 2.5951107278e-07 -5.2970924792e-11  9.9683226820e-06      0.0000000000  2.6027584472e-07  2.5986542028e-07    0.068158333333    0.023158333333
 2.5976044541e-07 -5.3179557190e-11  9.9686626869e-06      0.0000000000  2.6052822950e-07  2.6130766216e-07    0.068175000000    0.023175000000
 2.6003467561e-07 -5.1634965333e-11  9.9689928291e-06      0.0000000000  2.6078015954e-07  2.6058646261e-07    0.068191666667    0.023191666667
 2.6024663277e-07 -5.4435131339e-11  9.9693226884e-06      0.0000000000  2.6103254432e-07  2.6138493748e-07    0.068208333333    0.023208333333
 2.6046027227e-07 -5.7087274946e-11  9.9696626794e-06      0.0000000000  2.6128447435e-07  2.6193732624e-07    0.068225000000    0.023225000000
 2.6072603720e-07 -5.6129019071e-11  9.9699928320e-06      0.0000000000  2.6153640438e-07  2.6139462244e-07    0.068241666667    0.023241666667
 2.6081487478e-07 -6.7456900906e-11  9.9703226844e-06      0.0000000000  2.6178878916e-07  2.6157197046e-07    0.068258333333    0.023258333333
 2.6115566183e-07 -6.1333833845e-11  9.9706626823e-06      0.0000000000  2.6204117394e-07  2.6171428910e-07    0.068275000000    0.023275000000
 2.6150102778e-07 -5.4862117287e-11  9.9709928315e-06      0.0000000000  2.6229310397e-07  2.6205724055e-07    0.068291666667    0.023291666667
 2.6143404269e-07 -7.6982852455e-11  9.9713226804e-06      0.0000000000  2.6254548875e-07  2.6237830649e-07    0.068308333333    0.023308333333
 2.6176561968e-07 -7.1466210460e-11  9.9716626888e-06      0.0000000000  2.6279741878e-07  2.6274811170e-07    0.068325000000    0.023325000000
 2.6199640013e-07 -7.2962605675e-11  9.9719928275e-06      0.0000000000  2.6304980356e-07  2.6329834651e-07    0.068341666667    0.023341666667
 2.6211501192e-07 -8.2228216370e-11  9.9723226833e-06      0.0000000000  2.6330218834e-07  2.6226858027e-07    0.068358333333    0.023358333333
 2.6267525307e-07 -6.0873451942e-11  9.9726626812e-06      0.0000000000  2.6355411838e-07  2.6316533549e-07    0.068375000000    0.023375000000
 2.6265620552e-07 -7.9673855810e-11  9.9729928304e-06      0.0000000000  2.6380650316e-07  2.6448918814e-07    0.068391666667    0.023391666667
 2.6300739254e-07 -7.2830448448e-11  9.9733226863e-06      0.0000000000  2.6405888794e-07  2.6321795817e-07    0.068408333333    0.023408333333
 2.6330440347e-07 -6.9739476633e-11  9.9736626807e-06      0.0000000000  2.6431127271e-07  2.6387510490e-07    0.068425000000    0.023425000000
 2.6326201958e-07 -9.0156241673e-11  9.9739928334e-06      0.0000000000  2.6456365749e-07  2.6403008003e-07    0.068441666667    0.023441666667
 2.6382529423e-07 -6.8622862959e-11  9.9743226787e-06      0.0000000000  2.6481604227e-07  2.6508534791e-07    0.068458333333    0.023458333333
 2.6395518449e-07 -7.7107284547e-11  9.9746626837e-06      0.0000000000  2.6506842705e-07  2.6523299642e-07    0.068475000000    0.023475000000
 2.6442734371e-07 -6.1884896711e-11  9.9749928259e-06      0.0000000000  2.6532081183e-07  2.6515367720e-07    0.068491666667    0.023491666667
 2.6449023774e-07 -7.5009724464e-11  9.9753226817e-06      0.0000000000  2.6557319661e-07  2.6604629745e-07    0.068508333333    0.023508333333
 2.6482767694e-07 -6.9118541690e-11  9.9756626831e-06      0.0000000000  2.6582558139e-07  2.6477352670e-07    0.068525000000    0.023525000000
 2.6527529294e-07 -5.5596108109e-11  9.9759928288e-06      0.0000000000  2.6607796617e-07  2.6514990384e-07    0.068541666667    0.023541666667
 2.6555817664e-07 -5.3483639867e-11  9.9763226882e-06      0.0000000000  2.6633035095e-07  2.6719066384e-07    0.068558333333    0.023558333333
 2.6607921711e-07 -3.4875556381e-11  9.9766626791e-06      0.0000000000  2.6658273573e-07  2.6624112872e-07    0.068575000000    0.023575000000
 2.6615935724e-07 -4.6805856197e-11  9.9769928318e-06      0.0000000000  2.6683512051e-07  2.6616809844e-07    0.068591666667    0.023591666667
 2.6638843865e-07 -4.8419933150e-11  9.9773226806e-06      0.0000000000  2.6708750529e-07  2.6759641032e-07    0.068608333333    0.023608333333
 2.6651575378e-07 -5.7082718725e-11  9.9776626821e-06      0.0000000000  2.6733989007e-07  2.6824115213e-07    0.068625000000    0.023625000000
 2.6657492764e-07 -7.0496716638e-11  9.9779928278e-06      0.0000000000  2.6759272960e-07  2.6734763571e-07    0.068641666667    0.023641666667
 2.6679710469e-07 -7.2589015607e-11  9.9783226801e-06      0.0000000000  2.6784511438e-07  2.6814711680e-07    0.068658333333    0.023658333333
 2.6670245055e-07 -9.6626210559e-11  9.9786626850e-06      0.0000000000  2.6809749916e-07  2.6821385814e-07    0.068675000000    0.023675000000
 2.6704886695e-07 -9.0113233678e-11  9.9789928272e-06      0.0000000000  2.6834988394e-07  2.6861218368e-07    0.068691666667    0.023691666667
 2.6723641381e-07 -9.4635644346e-11  9.9793226866e-06      0.0000000000  2.6860272347e-07  2.6738830940e-07    0.068708333333    0.023708333333
 2.6738767687e-07 -1.0163970776e-10  9.9796626775e-06      0.0000000000  2.6885510824e-07  2.6869603093e-07    0.068725000000    0.023725000000
 2.6763643885e-07 -1.0192213368e-10  9.9799928302e-06      0.0000000000  2.6910794777e-07  2.6870362482e-07    0.068741666667    0.023741666667
 2.6807485561e-07 -8.9036872963e-11  9.9803226825e-06      0.0000000000  2.6936033255e-07  2.6786524665e-07    0.068758333333    0.023758333333
 2.6833858832e-07 -8.8282370828e-11  9.9806626805e-06      0.0000000000  2.6961317208e-07  2.6972724362e-07    0.068775000000    0.023775000000
 2.6866268235e-07 -8.3315523606e-11  9.9809928297e-06      0.0000000000  2.6986555686e-07  2.7090767707e-07    0.068791666667    0.023791666667
 2.6895778571e-07 -8.0388175023e-11  9.9813226785e-06      0.0000000000  2.7011839639e-07  2.7151702788e-07    0.068808333333    0.023808333333
 2.6965109686e-07 -4.9847988667e-11  9.9816626834e-06      0.0000000000  2.7037078117e-07  2.7100507697e-07    0.068825000000    0.023825000000
 2.6964861448e-07 -6.7532525279e-11  9.9819928256e-06      0.0000000000  2.7062362069e-07  2.7075090959e-07    0.068841666667    0.023841666667
 2.6989124707e-07 -6.8207998301e-11  9.9823226815e-06      0.0000000000  2.7087600547e-07  2.7027601625e-07    0.068858333333    0.023858333333
 2.7019309047e-07 -6.4813809094e-11  9.9826626794e-06      0.0000000000  2.7112884500e-07  2.7102361362e-07    0.068875000000    0.023875000000
 2.7033495564e-07 -7.2500302137e-11  9.9829928286e-06      0.0000000000  2.7138168453e-07  2.7164687870e-07    0.068891666667    0.023891666667
 2.7075866685e-07 -6.0665099246e-11  9.9833226844e-06      0.0000000000  2.7163452405e-07  2.7258867844e-07    0.068908333333    0.023908333333
 2.7065705999e-07 -8.5183865859e-11  9.9836626789e-06      0.0000000000  2.7188690883e-07  2.7278185885e-07    0.068925000000    0.023925000000
 2.7103825994e-07 -7.6293149258e-11  9.9839928350e-06      0.0000000000  2.7213974836e-07  2.7269285467e-07    0.068941666667    0.023941666667
 2.7133413600e-07 -7.3312280375e-11  9.9843226769e-06      0.0000000000  2.7239258789e-07  2.7312525053e-07    0.068958333333    0.023958333333
 2.7148894396e-07 -8.0102308395e-11  9.9846626853e-06      0.0000000000  2.7264542741e-07  2.7257367932e-07    0.068975000000    0.023975000000
 2.7196937995e-07 -6.4338138097e-11  9.9849928240e-06      0.0000000000  2.7289826694e-07  2.7253511242e-07    0.068991666667    0.023991666667
 2.7208645101e-07 -7.3741962836e-11  9.9853226799e-06      0.0000000000  2.7315110647e-07  2.7373656663e-07    0.069008333333    0.024008333333
 2.7221190344e-07 -8.2565262580e-11  9.9856626813e-06      0.0000000000  2.7340394600e-07  2.7289249697e-07    0.069025000000    0.024025000000
 2.7223209746e-07 -9.8679148649e-11  9.9859928270e-06      0.0000000000  2.7365678552e-07  2.7247079231e-07    0.069041666667    0.024041666667
 2.7261731162e-07 -8.9510392981e-11  9.9863226828e-06      0.0000000000  2.7390962505e-07  2.7418797079e-07    0.069058333333    0.024058333333
 2.7263023442e-07 -1.0612791025e-10  9.9866626773e-06      0.0000000000  2.7416246458e-07  2.7466215663e-07    0.069075000000    0.024075000000
 2.7328113866e-07 -7.8556480771e-11  9.9869928334e-06      0.0000000000  2.7441530410e-07  2.7406739615e-07    0.069091666667    0.024091666667
 2.7331838318e-07 -9.3489385535e-11  9.9873226753e-06      0.0000000000  2.7466814363e-07  2.7403334156e-07    0.069108333333    0.024108333333
 2.7369310039e-07 -8.5047687965e-11  9.9876626837e-06      0.0000000000  2.7492098316e-07  2.7387179449e-07    0.069125000000    0.024125000000
 2.7422292903e-07 -6.5862400905e-11  9.9879928259e-06      0.0000000000  2.7517382269e-07  2.7581523320e-07    0.069141666667    0.024141666667
 2.7449377879e-07 -6.4614945717e-11  9.9883226817e-06      0.0000000000  2.7542666221e-07  2.7547103968e-07    0.069158333333    0.024158333333
 2.7503658668e-07 -4.4562164826e-11  9.9886626797e-06      0.0000000000  2.7567995649e-07  2.7683578614e-07    0.069175000000    0.024175000000
 2.7533343771e-07 -4.1513766354e-11  9.9889928254e-06      0.0000000000  2.7593279601e-07  2.7482233585e-07    0.069191666667    0.024191666667
 2.7557744243e-07 -4.2125697435e-11  9.9893226812e-06      0.0000000000  2.7618563554e-07  2.7616049583e-07    0.069208333333    0.024208333333
 2.7573868825e-07 -4.8469815487e-11  9.9896626757e-06      0.0000000000  2.7643847507e-07  2.7642217849e-07    0.069225000000    0.024225000000
 2.7590632424e-07 -5.4402824258e-11  9.9899928318e-06      0.0000000000  2.7669176934e-07  2.7696197366e-07    0.069241666667    0.024241666667
 2.7623699547e-07 -4.9011913324e-11  9.9903226772e-06      0.0000000000  2.7694460887e-07  2.7753590204e-07    0.069258333333    0.024258333333
 2.7639354615e-07 -5.5712731126e-11  9.9906626821e-06      0.0000000000  2.7719790314e-07  2.7793807955e-07    0.069275000000    0.024275000000
 2.7659904715e-07 -5.8991572088e-11  9.9909928278e-06      0.0000000000  2.7745074267e-07  2.7640678632e-07    0.069291666667    0.024291666667
 2.7650508103e-07 -8.3044107857e-11  9.9913226801e-06      0.0000000000  2.7770403695e-07  2.7746817019e-07    0.069308333333    0.024308333333
 2.7672426519e-07 -8.5375202761e-11  9.9916626816e-06      0.0000000000  2.7795687647e-07  2.7747867271e-07    0.069325000000    0.024325000000
 2.7681370020e-07 -9.6724699057e-11  9.9919928238e-06      0.0000000000  2.7821017075e-07  2.7782986267e-07    0.069341666667    0.024341666667
 2.7711030034e-07 -9.3693678026e-11  9.9923226831e-06      0.0000000000  2.7846301027e-07  2.7756307024e-07    0.069358333333    0.024358333333
 2.7779576610e-07 -6.3759887582e-11  9.9926626775e-06      0.0000000000  2.7871630455e-07  2.7834994202e-07    0.069375000000    0.024375000000
 2.7794637041e-07 -7.0841075657e-11  9.9929928302e-06      0.0000000000  2.7896914408e-07  2.7830857654e-07    0.069391666667    0.024391666667
 2.7870865658e-07 -3.5586419882e-11  9.9933226791e-06      0.0000000000  2.7922243835e-07  2.7906750971e-07    0.069408333333    0.024408333333
 2.7889739523e-07 -4.0057780380e-11  9.9936626805e-06      0.0000000000  2.7947573262e-07  2.7955656888e-07    0.069425000000    0.024425000000
 2.7934069029e-07 -2.6897625742e-11  9.9939928297e-06      0.0000000000  2.7972902690e-07  2.7858750661e-07    0.069441666667    0.024441666667
 2.7950205206e-07 -3.3233712049e-11  9.9943226750e-06      0.0000000000  2.7998186643e-07  2.8093537112e-07    0.069458333333    0.024458333333
 2.7973894415e-07 -3.4369788133e-11  9.9946626835e-06      0.0000000000  2.8023516070e-07  2.7981479263e-07    0.069475000000    0.024475000000
 2.7966642455e-07 -5.6936857986e-11  9.9949928222e-06      0.0000000000  2.8048845498e-07  2.8033429026e-07    0.069491666667    0.024491666667
 2.8010509140e-07 -4.4097269958e-11  9.9953226815e-06      0.0000000000  2.8074174925e-07  2.8016958300e-07    0.069508333333    0.024508333333
 2.8012490668e-07 -6.0268886052e-11  9.9956626794e-06      0.0000000000  2.8099504352e-07  2.8067555941e-07    0.069525000000    0.024525000000
 2.8026758076e-07 -6.7930848493e-11  9.9959928286e-06      0.0000000000  2.8124833780e-07  2.8139523390e-07    0.069541666667    0.024541666667
 2.8047277090e-07 -7.1262718872e-11  9.9963226775e-06      0.0000000000  2.8150163207e-07  2.8206929787e-07    0.069558333333    0.024558333333
 2.8078536950e-07 -6.7155082506e-11  9.9966626789e-06      0.0000000000  2.8175492635e-07  2.8250214967e-07    0.069575000000    0.024575000000
 2.8090539925e-07 -7.6385474730e-11  9.9969928316e-06      0.0000000000  2.8200822062e-07  2.8146155074e-07    0.069591666667    0.024591666667
 2.8112679612e-07 -7.8594806787e-11  9.9973226734e-06      0.0000000000  2.8226151490e-07  2.8322416678e-07    0.069608333333    0.024608333333
 2.8101528411e-07 -1.0386263459e-10  9.9976626819e-06      0.0000000000  2.8251480917e-07  2.8256713011e-07    0.069625000000    0.024625000000
 2.8144007089e-07 -9.1984431785e-11  9.9979928241e-06      0.0000000000  2.8276810345e-07  2.8251214908e-07    0.069641666667    0.024641666667
 2.8168065202e-07 -9.2864991002e-11  9.9983226799e-06      0.0000000000  2.8302139772e-07  2.8242141544e-07    0.069658333333    0.024658333333
 2.8171875007e-07 -1.0777027461e-10  9.9986626743e-06      0.0000000000  2.8327469199e-07  2.8369385603e-07    0.069675000000    0.024675000000
 2.8207487978e-07 -1.0064751330e-10  9.9989928270e-06      0.0000000000  2.8352798627e-07  2.8404804895e-07    0.069691666667    0.024691666667
 2.8238817801e-07 -9.6522915419e-11  9.9993226794e-06      0.0000000000  2.8378173529e-07  2.8350597404e-07    0.069708333333    0.024708333333
 2.8280352108e-07 -8.5298818765e-11  9.9996626773e-06      0.0000000000  2.8403502956e-07  2.8436043617e-07    0.069725000000    0.024725000000
 2.8294844834e-07 -9.2804717344e-11  9.9999928300e-06      0.0000000000  2.8428832384e-07  2.8459576818e-07    0.069741666667    0.024741666667
 2.8367457549e-07 -6.0086066476e-11  1.0000322675e-05      0.0000000000  2.8454207286e-07  2.8383442949e-07    0.069758333333    0.024758333333
 2.8385713385e-07 -6.4985496841e-11  1.0000662680e-05      0.0000000000  2.8479536714e-07  2.8497871727e-07    0.069775000000    0.024775000000
 2.8435498787e-07 -4.8046387088e-11  1.0000992826e-05      0.0000000000  2.8504866141e-07  2.8540100366e-07    0.069791666667    0.024791666667
 2.8449463112e-07 -5.5949773363e-11  1.0001322678e-05      0.0000000000  2.8530241043e-07  2.8548620303e-07    0.069808333333    0.024808333333
 2.8495143246e-07 -4.1854123858e-11  1.0001662676e-05      0.0000000000  2.8555570471e-07  2.8468975635e-07    0.069825000000    0.024825000000
 2.8519782103e-07 -4.2363936093e-11  1.0001992825e-05      0.0000000000  2.8580945373e-07  2.8565572132e-07    0.069841666667    0.024841666667
 2.8515374638e-07 -6.2960803787e-11  1.0002322681e-05      0.0000000000  2.8606274800e-07  2.8659104345e-07    0.069858333333    0.024858333333
 2.8555821402e-07 -5.2521476751e-11  1.0002662676e-05      0.0000000000  2.8631649702e-07  2.8639695114e-07    0.069875000000    0.024875000000
 2.8561657564e-07 -6.6054728511e-11  1.0002992828e-05      0.0000000000  2.8657024605e-07  2.8689011384e-07    0.069891666667    0.024891666667
 2.8587331515e-07 -6.5816099051e-11  1.0003322674e-05      0.0000000000  2.8682354032e-07  2.8727516972e-07    0.069908333333    0.024908333333
 2.8617890104e-07 -6.2225686322e-11  1.0003662679e-05      0.0000000000  2.8707728934e-07  2.8772570915e-07    0.069925000000    0.024925000000
 2.8618508126e-07 -7.9341717334e-11  1.0003992828e-05      0.0000000000  2.8733058362e-07  2.8782520014e-07    0.069941666667    0.024941666667
 2.8640284506e-07 -8.1834186488e-11  1.0004322677e-05      0.0000000000  2.8758433264e-07  2.8669289278e-07    0.069958333333    0.024958333333
 2.8664456961e-07 -8.2667045181e-11  1.0004662678e-05      0.0000000000  2.8783808166e-07  2.8825344529e-07    0.069975000000    0.024975000000
 2.8698185746e-07 -7.6880838157e-11  1.0004992824e-05      0.0000000000  2.8809183068e-07  2.8838120504e-07    0.069991666667    0.024991666667
 2.8728149177e-07 -7.3702653879e-11  1.0005322680e-05      0.0000000000  2.8834557970e-07  2.8833781138e-07    0.070008333333    0.025008333333
 2.8745220521e-07 -7.9422506766e-11  1.0005662671e-05      0.0000000000  2.8859887398e-07  2.8810952297e-07    0.070025000000    0.025025000000
 2.8758009306e-07 -8.8140115943e-11  1.0005992827e-05      0.0000000000  2.8885262300e-07  2.8836453936e-07    0.070041666667    0.025041666667
 2.8800801326e-07 -7.6076377482e-11  1.0006322676e-05      0.0000000000  2.8910637202e-07  2.8961111669e-07    0.070058333333    0.025058333333
 2.8809626478e-07 -8.7539344863e-11  1.0006662677e-05      0.0000000000  2.8936012104e-07  2.9014501599e-07    0.070075000000    0.025075000000
 2.8853008474e-07 -7.5066968179e-11  1.0006992830e-05      0.0000000000  2.8961387007e-07  2.8899612156e-07    0.070091666667    0.025091666667
 2.8888099482e-07 -6.8337234541e-11  1.0007322675e-05      0.0000000000  2.8986761909e-07  2.8983154393e-07    0.070108333333    0.025108333333
 2.8915413491e-07 -6.6994137723e-11  1.0007662683e-05      0.0000000000  2.9012136811e-07  2.9026093681e-07    0.070125000000    0.025125000000
 2.8930469942e-07 -7.4141077851e-11  1.0007992822e-05      0.0000000000  2.9037511713e-07  2.9079414432e-07    0.070141666667    0.025141666667
 2.8943055023e-07 -8.2999779271e-11  1.0008322678e-05      0.0000000000  2.9062886615e-07  2.9122510944e-07    0.070158333333    0.025158333333
 2.8985330064e-07 -7.1294119745e-11  1.0008662672e-05      0.0000000000  2.9088261517e-07  2.9013438768e-07    0.070175000000    0.025175000000
 2.9009618493e-07 -7.2078149028e-11  1.0008992825e-05      0.0000000000  2.9113681894e-07  2.9106002485e-07    0.070191666667    0.025191666667
 2.9066114593e-07 -5.0522459543e-11  1.0009322678e-05      0.0000000000  2.9139056797e-07  2.9204268695e-07    0.070208333333    0.025208333333
 2.9081222878e-07 -5.7633497395e-11  1.0009662675e-05      0.0000000000  2.9164431699e-07  2.9155623769e-07    0.070225000000    0.025225000000
 2.9118680652e-07 -4.9264454738e-11  1.0009992832e-05      0.0000000000  2.9189806601e-07  2.9109552590e-07    0.070241666667    0.025241666667
 2.9149157923e-07 -4.5761863323e-11  1.0010322670e-05      0.0000000000  2.9215226978e-07  2.9232818896e-07    0.070258333333    0.025258333333
 2.9155948797e-07 -5.8633846980e-11  1.0010662678e-05      0.0000000000  2.9240601880e-07  2.9241854526e-07    0.070275000000    0.025275000000
 2.9181741579e-07 -5.8344407933e-11  1.0010992824e-05      0.0000000000  2.9265976782e-07  2.9286730807e-07    0.070291666667    0.025291666667
 2.9200322100e-07 -6.3081944014e-11  1.0011322676e-05      0.0000000000  2.9291397159e-07  2.9298926628e-07    0.070308333333    0.025308333333
 2.9199465078e-07 -8.1251141915e-11  1.0011662678e-05      0.0000000000  2.9316772061e-07  2.9267592000e-07    0.070325000000    0.025325000000
 2.9231168041e-07 -7.6899591220e-11  1.0011992824e-05      0.0000000000  2.9342192438e-07  2.9318546538e-07    0.070341666667    0.025341666667
 2.9250379029e-07 -8.1168945433e-11  1.0012322679e-05      0.0000000000  2.9367567340e-07  2.9389029798e-07    0.070358333333    0.025358333333
 2.9275755762e-07 -8.1199174974e-11  1.0012662670e-05      0.0000000000  2.9392987717e-07  2.9341169416e-07    0.070375000000    0.025375000000
 2.9308456119e-07 -7.6125295012e-11  1.0012992830e-05      0.0000000000  2.9418362619e-07  2.9400563708e-07    0.070391666667    0.025391666667
 2.9316446753e-07 -8.8197777086e-11  1.0013322672e-05      0.0000000000  2.9443782996e-07  2.9450589056e-07    0.070408333333    0.025408333333
 2.9349940895e-07 -8.2574092633e-11  1.0013662677e-05      0.0000000000  2.9469157899e-07  2.9431178253e-07    0.070425000000    0.025425000000
 2.9389948391e-07 -7.2470516183e-11  1.0013992826e-05      0.0000000000  2.9494578275e-07  2.9487055456e-07    0.070441666667    0.025441666667
 2.9412076054e-07 -7.4751170698e-11  1.0014322675e-05      0.0000000000  2.9519998652e-07  2.9528736957e-07    0.070458333333    0.025458333333
 2.9431973926e-07 -7.8544764237e-11  1.0014662676e-05      0.0000000000  2.9545373555e-07  2.9486330656e-07    0.070475000000    0.025475000000
 2.9455270958e-07 -8.0015470811e-11  1.0014992822e-05      0.0000000000  2.9570793931e-07  2.9588750709e-07    0.070491666667    0.025491666667
 2.9507164597e-07 -6.1679113878e-11  1.0015322681e-05      0.0000000000  2.9596214308e-07  2.9463934180e-07    0.070508333333    0.025508333333
 2.9516550239e-07 -7.2785362073e-11  1.0015662669e-05      0.0000000000  2.9621634685e-07  2.9539277215e-07    0.070525000000    0.025525000000
 2.9551200030e-07 -6.6392729984e-11  1.0015992828e-05      0.0000000000  2.9647055062e-07  2.9592854241e-07    0.070541666667    0.025541666667
 2.9573103564e-07 -6.8797127524e-11  1.0016322674e-05      0.0000000000  2.9672429964e-07  2.9696378002e-07    0.070558333333    0.025558333333
 2.9612874813e-07 -5.8857184025e-11  1.0016662675e-05      0.0000000000  2.9697850341e-07  2.9729753390e-07    0.070575000000    0.025575000000
 2.9638246363e-07 -5.8891003793e-11  1.0016992828e-05      0.0000000000  2.9723270718e-07  2.9662093863e-07    0.070591666667    0.025591666667
 2.9668083081e-07 -5.5832083079e-11  1.0017322670e-05      0.0000000000  2.9748691095e-07  2.9661523142e-07    0.070608333333    0.025608333333
 2.9682335580e-07 -6.3567366662e-11  1.0017662678e-05      0.0000000000  2.9774111472e-07  2.9766186773e-07    0.070625000000    0.025625000000
 2.9711411992e-07 -6.1035062011e-11  1.0017992820e-05      0.0000000000  2.9799531849e-07  2.9733180860e-07    0.070641666667    0.025641666667
 2.9733166263e-07 -6.3574342456e-11  1.0018322680e-05      0.0000000000  2.9824952226e-07  2.9813872636e-07    0.070658333333    0.025658333333
 2.9748345793e-07 -7.0667530491e-11  1.0018662671e-05      0.0000000000  2.9850372603e-07  2.9802890580e-07    0.070675000000    0.025675000000
 2.9754664014e-07 -8.3929885696e-11  1.0018992827e-05      0.0000000000  2.9875838454e-07  2.9904941158e-07    0.070691666667    0.025691666667
 2.9793711375e-07 -7.4491334135e-11  1.0019322676e-05      0.0000000000  2.9901258831e-07  2.9853645445e-07    0.070708333333    0.025708333333
 2.9791638053e-07 -9.3534483646e-11  1.0019662670e-05      0.0000000000  2.9926679208e-07  2.9852153395e-07    0.070725000000    0.025725000000
 2.9856037706e-07 -6.6535999425e-11  1.0019992830e-05      0.0000000000  2.9952099585e-07  3.0040422152e-07    0.070741666667    0.025741666667
 2.9893325991e-07 -5.8315848964e-11  1.0020322668e-05      0.0000000000  2.9977519962e-07  2.9918542557e-07    0.070758333333    0.025758333333
 2.9938833563e-07 -4.4434214492e-11  1.0020662680e-05      0.0000000000  3.0002985814e-07  2.9965780333e-07    0.070775000000    0.025775000000
 2.9965555420e-07 -4.3532761468e-11  1.0020992819e-05      0.0000000000  3.0028406191e-07  3.0013535375e-07    0.070791666667    0.025791666667
 3.0001895753e-07 -3.5969197010e-11  1.0021322675e-05      0.0000000000  3.0053826568e-07  3.0030054840e-07    0.070808333333    0.025808333333
 2.9995284334e-07 -5.8187097330e-11  1.0021662673e-05      0.0000000000  3.0079292419e-07  3.0091614098e-07    0.070825000000    0.025825000000
 3.0046646191e-07 -4.0219071838e-11  1.0021992822e-05      0.0000000000  3.0104712796e-07  3.0114205531e-07    0.070841666667    0.025841666667
 3.0061713810e-07 -4.7421270932e-11  1.0022322678e-05      0.0000000000  3.0130178648e-07  3.0165465083e-07    0.070858333333    0.025858333333
 3.0069142445e-07 -5.9883015104e-11  1.0022662668e-05      0.0000000000  3.0155599025e-07  3.0008104878e-07    0.070875000000    0.025875000000
 3.0082748046e-07 -6.8097861946e-11  1.0022992828e-05      0.0000000000  3.0181064876e-07  3.0126239412e-07    0.070891666667    0.025891666667
 3.0114456513e-07 -6.3742498948e-11  1.0023322670e-05      0.0000000000  3.0206485253e-07  3.0188471586e-07    0.070908333333    0.025908333333
 3.0132926085e-07 -6.8588379860e-11  1.0023662678e-05      0.0000000000  3.0231951105e-07  3.0197258803e-07    0.070925000000    0.025925000000
 3.0155959164e-07 -7.0241910446e-11  1.0023992821e-05      0.0000000000  3.0257371482e-07  3.0209844538e-07    0.070941666667    0.025941666667
 3.0180248675e-07 -7.1056687528e-11  1.0024322673e-05      0.0000000000  3.0282837333e-07  3.0310160942e-07    0.070958333333    0.025958333333
 3.0171963493e-07 -9.4433898244e-11  1.0024662674e-05      0.0000000000  3.0308303185e-07  3.0316050531e-07    0.070975000000    0.025975000000
 3.0211787511e-07 -8.4457404748e-11  1.0024992820e-05      0.0000000000  3.0333723562e-07  3.0350712006e-07    0.070991666667    0.025991666667
 3.0200822982e-07 -1.0969043001e-10  1.0025322679e-05      0.0000000000  3.0359189414e-07  3.0331683256e-07    0.071008333333    0.026008333333
 3.0240382233e-07 -9.9928822275e-11  1.0025662667e-05      0.0000000000  3.0384655265e-07  3.0361705068e-07    0.071025000000    0.026025000000
 3.0280055385e-07 -9.0088322063e-11  1.0025992827e-05      0.0000000000  3.0410121117e-07  3.0405661592e-07    0.071041666667    0.026041666667
 3.0308247717e-07 -8.8199861343e-11  1.0026322672e-05      0.0000000000  3.0435586969e-07  3.0496846459e-07    0.071058333333    0.026058333333
 3.0342843108e-07 -8.1844908138e-11  1.0026662673e-05      0.0000000000  3.0461007346e-07  3.0519771206e-07    0.071075000000    0.026075000000
 3.0367183464e-07 -8.2624467678e-11  1.0026992823e-05      0.0000000000  3.0486473197e-07  3.0510443141e-07    0.071091666667    0.026091666667
 3.0407798796e-07 -7.2131378831e-11  1.0027322671e-05      0.0000000000  3.0511939049e-07  3.0473064845e-07    0.071108333333    0.026108333333
 3.0439864639e-07 -6.7559981751e-11  1.0027662676e-05      0.0000000000  3.0537404901e-07  3.0552527134e-07    0.071125000000    0.026125000000
 3.0454603271e-07 -7.4990049259e-11  1.0027992822e-05      0.0000000000  3.0562870752e-07  3.0620986928e-07    0.071141666667    0.026141666667
 3.0491842087e-07 -6.6835660569e-11  1.0028322674e-05      0.0000000000  3.0588336604e-07  3.0667806490e-07    0.071158333333    0.026158333333
 3.0486595430e-07 -8.8108276174e-11  1.0028662669e-05      0.0000000000  3.0613802455e-07  3.0685285018e-07    0.071175000000    0.026175000000
 3.0509820470e-07 -8.9660345353e-11  1.0028992825e-05      0.0000000000  3.0639268307e-07  3.0702903474e-07    0.071191666667    0.026191666667
 3.0544875743e-07 -8.3049855845e-11  1.0029322670e-05      0.0000000000  3.0664779634e-07  3.0751048430e-07    0.071208333333    0.026208333333
 3.0551448592e-07 -9.6135845747e-11  1.0029662672e-05      0.0000000000  3.0690245485e-07  3.0679046393e-07    0.071225000000    0.026225000000
 3.0585165327e-07 -9.0420979688e-11  1.0029992824e-05      0.0000000000  3.0715711337e-07  3.0779600204e-07    0.071241666667    0.026241666667
 3.0619777592e-07 -8.4085837042e-11  1.0030322670e-05      0.0000000000  3.0741177188e-07  3.0808032487e-07    0.071258333333    0.026258333333
 3.0638968167e-07 -8.8432324700e-11  1.0030662678e-05      0.0000000000  3.0766643040e-07  3.0711879360e-07    0.071275000000    0.026275000000
 3.0683191547e-07 -7.5471666418e-11  1.0030992820e-05      0.0000000000  3.0792154366e-07  3.0734346586e-07    0.071291666667    0.026291666667
 3.0690244344e-07 -8.8225227154e-11  1.0031322673e-05      0.0000000000  3.0817620218e-07  3.0840618613e-07    0.071308333333    0.026308333333
 3.0719657879e-07 -8.5490916218e-11  1.0031662671e-05      0.0000000000  3.0843086070e-07  3.0790825956e-07    0.071325000000    0.026325000000
 3.0730848180e-07 -9.5410186129e-11  1.0031992823e-05      0.0000000000  3.0868597396e-07  3.0851981150e-07    0.071341666667    0.026341666667
 3.0766685201e-07 -8.8226731925e-11  1.0032322676e-05      0.0000000000  3.0894063248e-07  3.0948093399e-07    0.071358333333    0.026358333333
 3.0774513788e-07 -1.0047444949e-10  1.0032662670e-05      0.0000000000  3.0919574574e-07  3.0878190294e-07    0.071375000000    0.026375000000
 3.0807314794e-07 -9.5393850800e-11  1.0032992826e-05      0.0000000000  3.0945040426e-07  3.0935586276e-07    0.071391666667    0.026391666667
 3.0821283622e-07 -1.0338861068e-10  1.0033322668e-05      0.0000000000  3.0970551752e-07  3.1065830158e-07    0.071408333333    0.026408333333
 3.0870602290e-07 -8.6867270625e-11  1.0033662673e-05      0.0000000000  3.0996017604e-07  3.1042210483e-07    0.071425000000    0.026425000000
 3.0868696869e-07 -1.0585712098e-10  1.0033992819e-05      0.0000000000  3.1021528930e-07  3.1073568694e-07    0.071441666667    0.026441666667
 3.0927852572e-07 -8.2522287738e-11  1.0034322671e-05      0.0000000000  3.1046994782e-07  3.1061874416e-07    0.071458333333    0.026458333333
 3.0966813525e-07 -7.3206580251e-11  1.0034662673e-05      0.0000000000  3.1072506108e-07  3.1022975770e-07    0.071475000000    0.026475000000
 3.1000175023e-07 -6.7769262378e-11  1.0034992822e-05      0.0000000000  3.1098017435e-07  3.1061989189e-07    0.071491666667    0.026491666667
 3.1041986148e-07 -5.6447922832e-11  1.0035322674e-05      0.0000000000  3.1123483286e-07  3.1179450807e-07    0.071508333333    0.026508333333
 3.1064003278e-07 -5.8868132635e-11  1.0035662669e-05      0.0000000000  3.1148994613e-07  3.1274982902e-07    0.071525000000    0.026525000000
 3.1092309631e-07 -5.6932193467e-11  1.0035992825e-05      0.0000000000  3.1174505939e-07  3.1225347468e-07    0.071541666667    0.026541666667
 3.1128045669e-07 -4.9850181234e-11  1.0036322670e-05      0.0000000000  3.1200017266e-07  3.1204990180e-07    0.071558333333    0.026558333333
 3.1180963408e-07 -3.0867489875e-11  1.0036662671e-05      0.0000000000  3.1225528592e-07  3.1190071249e-07    0.071575000000    0.026575000000
 3.1157677021e-07 -6.4666584868e-11  1.0036992821e-05      0.0000000000  3.1251039918e-07  3.1200336366e-07    0.071591666667    0.026591666667
 3.1205150045e-07 -4.9423606420e-11  1.0037322670e-05      0.0000000000  3.1276505770e-07  3.1255482481e-07    0.071608333333    0.026608333333
 3.1204043217e-07 -6.7860321148e-11  1.0037662674e-05      0.0000000000  3.1302017096e-07  3.1232919348e-07    0.071625000000    0.026625000000
 3.1230221938e-07 -6.7398059366e-11  1.0037992820e-05      0.0000000000  3.1327528423e-07  3.1246887077e-07    0.071641666667    0.026641666667
 3.1237107757e-07 -8.0298772703e-11  1.0038322672e-05      0.0000000000  3.1353039749e-07  3.1404126220e-07    0.071658333333    0.026658333333
 3.1256936093e-07 -8.4235020876e-11  1.0038662667e-05      0.0000000000  3.1378551075e-07  3.1443021722e-07    0.071675000000    0.026675000000
 3.1280039670e-07 -8.5934214433e-11  1.0038992823e-05      0.0000000000  3.1404107877e-07  3.1434394873e-07    0.071691666667    0.026691666667
 3.1307427731e-07 -8.4634319243e-11  1.0039322672e-05      0.0000000000  3.1429619203e-07  3.1427230201e-07    0.071708333333    0.026708333333
 3.1335444722e-07 -8.2898803605e-11  1.0039662670e-05      0.0000000000  3.1455130529e-07  3.1346623326e-07    0.071725000000    0.026725000000
 3.1353204633e-07 -8.8267719141e-11  1.0039992823e-05      0.0000000000  3.1480641856e-07  3.1445689803e-07    0.071741666667    0.026741666667
 3.1400748902e-07 -7.3006890876e-11  1.0040322668e-05      0.0000000000  3.1506153182e-07  3.1478587232e-07    0.071758333333    0.026758333333
 3.1410431523e-07 -8.3970435849e-11  1.0040662673e-05      0.0000000000  3.1531664509e-07  3.1627499822e-07    0.071775000000    0.026775000000
 3.1439301601e-07 -8.1675538231e-11  1.0040992819e-05      0.0000000000  3.1557221310e-07  3.1486368219e-07    0.071791666667    0.026791666667
 3.1462622681e-07 -8.3192583720e-11  1.0041322671e-05      0.0000000000  3.1582732636e-07  3.1614241171e-07    0.071808333333    0.026808333333
 3.1485412327e-07 -8.5077720069e-11  1.0041662669e-05      0.0000000000  3.1608243962e-07  3.1675701379e-07    0.071825000000    0.026825000000
 3.1514865005e-07 -8.2379291974e-11  1.0041992822e-05      0.0000000000  3.1633800764e-07  3.1642989474e-07    0.071841666667    0.026841666667
 3.1507295148e-07 -1.0529253934e-10  1.0042322674e-05      0.0000000000  3.1659312090e-07  3.1584208354e-07    0.071858333333    0.026858333333
 3.1584572848e-07 -6.9437240330e-11  1.0042662668e-05      0.0000000000  3.1684823416e-07  3.1709318891e-07    0.071875000000    0.026875000000
 3.1572370871e-07 -9.5590362267e-11  1.0042992824e-05      0.0000000000  3.1710380217e-07  3.1744496059e-07    0.071891666667    0.026891666667
 3.1626463802e-07 -7.5793688588e-11  1.0043322666e-05      0.0000000000  3.1735891544e-07  3.1748313443e-07    0.071908333333    0.026908333333
 3.1650174454e-07 -7.7072399872e-11  1.0043662675e-05      0.0000000000  3.1761448345e-07  3.1719244405e-07    0.071925000000    0.026925000000
 3.1697364393e-07 -6.2088490577e-11  1.0043992817e-05      0.0000000000  3.1787005146e-07  3.1816512247e-07    0.071941666667    0.026941666667
 3.1728502364e-07 -5.8191269300e-11  1.0044322669e-05      0.0000000000  3.1812516472e-07  3.1885011347e-07    0.071958333333    0.026958333333
 3.1775414216e-07 -4.3399973865e-11  1.0044662671e-05      0.0000000000  3.1838073274e-07  3.1880887376e-07    0.071975000000    0.026975000000
 3.1805349286e-07 -4.0335925970e-11  1.0044992820e-05      0.0000000000  3.1863584600e-07  3.1894685304e-07    0.071991666667    0.026991666667
 3.1811511310e-07 -5.3769463778e-11  1.0045322669e-05      0.0000000000  3.1889141401e-07  3.1961299295e-07    0.072008333333    0.027008333333
 3.1834732689e-07 -5.5387062935e-11  1.0045662667e-05      0.0000000000  3.1914698202e-07  3.1892553354e-07    0.072025000000    0.027025000000
 3.1853616401e-07 -6.0009090378e-11  1.0045992826e-05      0.0000000000  3.1940255003e-07  3.1938986147e-07    0.072041666667    0.027041666667
 3.1911850324e-07 -3.7344213492e-11  1.0046322665e-05      0.0000000000  3.1965766330e-07  3.1985536857e-07    0.072058333333    0.027058333333
 3.1898197016e-07 -6.4502580647e-11  1.0046662673e-05      0.0000000000  3.1991323131e-07  3.1948227740e-07    0.072075000000    0.027075000000
 3.1943206206e-07 -5.1029139318e-11  1.0046992819e-05      0.0000000000  3.2016879932e-07  3.1999435408e-07    0.072091666667    0.027091666667
 3.1965137181e-07 -5.3540520080e-11  1.0047322671e-05      0.0000000000  3.2042436733e-07  3.2135855025e-07    0.072108333333    0.027108333333
 3.1999997796e-07 -4.7096355728e-11  1.0047662669e-05      0.0000000000  3.2067993534e-07  3.2118988097e-07    0.072125000000    0.027125000000
 3.2009695019e-07 -5.8081284299e-11  1.0047992818e-05      0.0000000000  3.2093550335e-07  3.2128553570e-07    0.072141666667    0.027141666667
 3.2042887026e-07 -5.2792858622e-11  1.0048322671e-05      0.0000000000  3.2119107136e-07  3.2092738074e-07    0.072158333333    0.027158333333
 3.2050091586e-07 -6.5504298028e-11  1.0048662665e-05      0.0000000000  3.2144663937e-07  3.2170963015e-07    0.072175000000    0.027175000000
 3.2048085208e-07 -8.4595571851e-11  1.0048992825e-05      0.0000000000  3.2170220739e-07  3.2199808796e-07    0.072191666667    0.027191666667
 3.2077762270e-07 -8.1741727615e-11  1.0049322667e-05      0.0000000000  3.2195777540e-07  3.2149990983e-07    0.072208333333    0.027208333333
 3.2103455713e-07 -8.1647084316e-11  1.0049662672e-05      0.0000000000  3.2221334341e-07  3.2221804353e-07    0.072225000000    0.027225000000
 3.2117939289e-07 -8.9316807839e-11  1.0049992821e-05      0.0000000000  3.2246891142e-07  3.2299442850e-07    0.072241666667    0.027241666667
 3.2158493129e-07 -7.8960803221e-11  1.0050322666e-05      0.0000000000  3.2272493418e-07  3.2376059395e-07    0.072258333333    0.027258333333
 3.2188873159e-07 -7.5620057502e-11  1.0050662671e-05      0.0000000000  3.2298050219e-07  3.2342253215e-07    0.072275000000    0.027275000000
 3.2198810182e-07 -8.6438891781e-11  1.0050992817e-05      0.0000000000  3.2323607020e-07  3.2342910409e-07    0.072291666667    0.027291666667
 3.2237556250e-07 -7.7303518741e-11  1.0051322673e-05      0.0000000000  3.2349163821e-07  3.2294754448e-07    0.072308333333    0.027308333333
 3.2281912770e-07 -6.4313638038e-11  1.0051662667e-05      0.0000000000  3.2374766097e-07  3.2364640258e-07    0.072325000000    0.027325000000
 3.2301651079e-07 -6.8343740588e-11  1.0051992823e-05      0.0000000000  3.2400322898e-07  3.2409700491e-07    0.072341666667    0.027341666667
 3.2304690867e-07 -8.3939853832e-11  1.0052322665e-05      0.0000000000  3.2425879699e-07  3.2423908771e-07    0.072358333333    0.027358333333
 3.2338309425e-07 -7.8387481191e-11  1.0052662666e-05      0.0000000000  3.2451481975e-07  3.2458416167e-07    0.072375000000    0.027375000000
 3.2360661406e-07 -8.0607257747e-11  1.0052992823e-05      0.0000000000  3.2477038776e-07  3.2516606128e-07    0.072391666667    0.027391666667
 3.2403801559e-07 -6.8459877615e-11  1.0053322664e-05      0.0000000000  3.2502641052e-07  3.2424951162e-07    0.072408333333    0.027408333333
 3.2430705277e-07 -6.7526953188e-11  1.0053662673e-05      0.0000000000  3.2528197853e-07  3.2583254708e-07    0.072425000000    0.027425000000
 3.2439361635e-07 -7.9264320821e-11  1.0053992815e-05      0.0000000000  3.2553800129e-07  3.2495811758e-07    0.072441666667    0.027441666667
 3.2461331245e-07 -8.1748941433e-11  1.0054322671e-05      0.0000000000  3.2579356930e-07  3.2612940062e-07    0.072458333333    0.027458333333
 3.2489284726e-07 -8.0120409947e-11  1.0054662665e-05      0.0000000000  3.2604959206e-07  3.2539972672e-07    0.072475000000    0.027475000000
 3.2485831894e-07 -1.0024504889e-10  1.0054992822e-05      0.0000000000  3.2630561482e-07  3.2572662566e-07    0.072491666667    0.027491666667
 3.2515687597e-07 -9.7267471345e-11  1.0055322667e-05      0.0000000000  3.2656118283e-07  3.2658314741e-07    0.072508333333    0.027508333333
 3.2529735807e-07 -1.0527024353e-10  1.0055662668e-05      0.0000000000  3.2681720559e-07  3.2646115776e-07    0.072525000000    0.027525000000
 3.2542370599e-07 -1.1425200046e-10  1.0055992825e-05      0.0000000000  3.2707322835e-07  3.2718553323e-07    0.072541666667    0.027541666667
 3.2574467022e-07 -1.0975391480e-10  1.0056322663e-05      0.0000000000  3.2732925111e-07  3.2650145412e-07    0.072558333333    0.027558333333
 3.2624082668e-07 -9.3089871527e-11  1.0056662671e-05      0.0000000000  3.2758481912e-07  3.2654808659e-07    0.072575000000    0.027575000000
 3.2668458185e-07 -8.0086832825e-11  1.0056992817e-05      0.0000000000  3.2784084188e-07  3.2703639109e-07    0.072591666667    0.027591666667
 3.2697757458e-07 -7.7526156116e-11  1.0057322669e-05      0.0000000000  3.2809686463e-07  3.2808981945e-07    0.072608333333    0.027608333333
 3.2744405797e-07 -6.2948876644e-11  1.0057662664e-05      0.0000000000  3.2835288739e-07  3.2830042022e-07    0.072625000000    0.027625000000
 3.2776150683e-07 -5.8694278743e-11  1.0057992820e-05      0.0000000000  3.2860891015e-07  3.2878339485e-07    0.072641666667    0.027641666667
 3.2810896180e-07 -5.2361346209e-11  1.0058322669e-05      0.0000000000  3.2886493291e-07  3.2913533948e-07    0.072658333333    0.027658333333
 3.2813433912e-07 -6.8336699911e-11  1.0058662667e-05      0.0000000000  3.2912095567e-07  3.2910900456e-07    0.072675000000    0.027675000000
 3.2839985252e-07 -6.7679343492e-11  1.0058992823e-05      0.0000000000  3.2937697843e-07  3.2991587515e-07    0.072691666667    0.027691666667
 3.2862027711e-07 -7.0145003908e-11  1.0059322665e-05      0.0000000000  3.2963300119e-07  3.2945052527e-07    0.072708333333    0.027708333333
 3.2899869366e-07 -6.1667558114e-11  1.0059662670e-05      0.0000000000  3.2988902394e-07  3.2994048062e-07    0.072725000000    0.027725000000
 3.2915584580e-07 -6.8515702005e-11  1.0059992819e-05      0.0000000000  3.3014504670e-07  3.3011367794e-07    0.072741666667    0.027741666667
 3.2944877828e-07 -6.5990695778e-11  1.0060322668e-05      0.0000000000  3.3040152421e-07  3.3135987794e-07    0.072758333333    0.027758333333
 3.2984419031e-07 -5.6336080982e-11  1.0060662666e-05      0.0000000000  3.3065754697e-07  3.3115448126e-07    0.072775000000    0.027775000000
 3.2977193765e-07 -7.9073646845e-11  1.0060992818e-05      0.0000000000  3.3091356973e-07  3.3114062988e-07    0.072791666667    0.027791666667
 3.3020910106e-07 -6.6527177756e-11  1.0061322671e-05      0.0000000000  3.3116959248e-07  3.3126338992e-07    0.072808333333    0.027808333333
 3.3035596050e-07 -7.4119728963e-11  1.0061662662e-05      0.0000000000  3.3142606999e-07  3.3247934014e-07    0.072825000000    0.027825000000
 3.3045341968e-07 -8.5102427057e-11  1.0061992821e-05      0.0000000000  3.3168209275e-07  3.3183734974e-07    0.072841666667    0.027841666667
 3.3057898582e-07 -9.4138333496e-11  1.0062322663e-05      0.0000000000  3.3193811551e-07  3.3183054197e-07    0.072858333333    0.027858333333
 3.3097073272e-07 -8.4769076556e-11  1.0062662668e-05      0.0000000000  3.3219459301e-07  3.3211228634e-07    0.072875000000    0.027875000000
 3.3126130448e-07 -8.2376085683e-11  1.0062992821e-05      0.0000000000  3.3245061577e-07  3.3226465155e-07    0.072891666667    0.027891666667
 3.3150141631e-07 -8.3509632402e-11  1.0063322666e-05      0.0000000000  3.3270709328e-07  3.3240816509e-07    0.072908333333    0.027908333333
 3.3188343802e-07 -7.4782480728e-11  1.0063662668e-05      0.0000000000  3.3296311604e-07  3.3186561851e-07    0.072925000000    0.027925000000
 3.3196813891e-07 -8.6680362531e-11  1.0063992817e-05      0.0000000000  3.3321959354e-07  3.3364886227e-07    0.072941666667    0.027941666667
 3.3243678223e-07 -7.1953477905e-11  1.0064322669e-05      0.0000000000  3.3347561630e-07  3.3296558501e-07    0.072958333333    0.027958333333
 3.3262252507e-07 -7.6852821740e-11  1.0064662660e-05      0.0000000000  3.3373209381e-07  3.3313944267e-07    0.072975000000    0.027975000000
 3.3305007765e-07 -6.5003531819e-11  1.0064992820e-05      0.0000000000  3.3398857131e-07  3.3372168816e-07    0.072991666667    0.027991666667
 3.3298531556e-07 -8.7222272783e-11  1.0065322665e-05      0.0000000000  3.3424459407e-07  3.3326331900e-07    0.073008333333    0.028008333333
 3.3356246590e-07 -6.5011289951e-11  1.0065662666e-05      0.0000000000  3.3450107158e-07  3.3527529139e-07    0.073025000000    0.028025000000
 3.3370903224e-07 -7.2624142600e-11  1.0065992823e-05      0.0000000000  3.3475754908e-07  3.3518875562e-07    0.073041666667    0.028041666667
 3.3386648510e-07 -7.9482954925e-11  1.0066322665e-05      0.0000000000  3.3501402659e-07  3.3489265675e-07    0.073058333333    0.028058333333
 3.3412979687e-07 -7.8978090647e-11  1.0066662669e-05      0.0000000000  3.3527004935e-07  3.3553092095e-07    0.073075000000    0.028075000000
 3.3430916304e-07 -8.4319106500e-11  1.0066992815e-05      0.0000000000  3.3552652685e-07  3.3513941891e-07    0.073091666667    0.028091666667
 3.3462411223e-07 -8.0269141854e-11  1.0067322667e-05      0.0000000000  3.3578300436e-07  3.3608653280e-07    0.073108333333    0.028108333333
 3.3502487187e-07 -7.0275629467e-11  1.0067662662e-05      0.0000000000  3.3603948186e-07  3.3694247282e-07    0.073125000000    0.028125000000
 3.3516638464e-07 -7.8238510799e-11  1.0067992818e-05      0.0000000000  3.3629595937e-07  3.3696093085e-07    0.073141666667    0.028141666667
 3.3544399558e-07 -7.6774731430e-11  1.0068322667e-05      0.0000000000  3.3655243688e-07  3.3665459674e-07    0.073158333333    0.028158333333
 3.3585196525e-07 -6.6281825789e-11  1.0068662665e-05      0.0000000000  3.3680891438e-07  3.3623576927e-07    0.073175000000    0.028175000000
 3.3598448158e-07 -7.4867833682e-11  1.0068992821e-05      0.0000000000  3.3706539189e-07  3.3644243946e-07    0.073191666667    0.028191666667
 3.3650284366e-07 -5.6728742627e-11  1.0069322659e-05      0.0000000000  3.3732186939e-07  3.3776503432e-07    0.073208333333    0.028208333333
 3.3667159102e-07 -6.2805255465e-11  1.0069662668e-05      0.0000000000  3.3757834690e-07  3.3751397996e-07    0.073225000000    0.028225000000
 3.3710627347e-07 -5.0462124187e-11  1.0069992817e-05      0.0000000000  3.3783482441e-07  3.3785917970e-07    0.073241666667    0.028241666667
 3.3735388523e-07 -5.1076198287e-11  1.0070322666e-05      0.0000000000  3.3809130191e-07  3.3767802688e-07    0.073258333333    0.028258333333
 3.3738094476e-07 -6.6998030759e-11  1.0070662667e-05      0.0000000000  3.3834823417e-07  3.3806695045e-07    0.073275000000    0.028275000000
 3.3758720406e-07 -7.0476329206e-11  1.0070992816e-05      0.0000000000  3.3860471167e-07  3.3855600962e-07    0.073291666667    0.028291666667
 3.3764839814e-07 -8.4002379218e-11  1.0071322669e-05      0.0000000000  3.3886118918e-07  3.3971039115e-07    0.073308333333    0.028308333333
 3.3795542578e-07 -8.0501090176e-11  1.0071662660e-05      0.0000000000  3.3911766668e-07  3.3959708023e-07    0.073325000000    0.028325000000
 3.3821560454e-07 -8.0276225709e-11  1.0071992823e-05      0.0000000000  3.3937459894e-07  3.3951111046e-07    0.073341666667    0.028341666667
 3.3863122215e-07 -6.9253594941e-11  1.0072322661e-05      0.0000000000  3.3963107644e-07  3.3978675456e-07    0.073358333333    0.028358333333
 3.3897192292e-07 -6.3451478478e-11  1.0072662666e-05      0.0000000000  3.3988800870e-07  3.4012286679e-07    0.073375000000    0.028375000000
 3.3934688008e-07 -5.5245140668e-11  1.0072992819e-05      0.0000000000  3.4014448620e-07  3.4024509228e-07    0.073391666667    0.028391666667
 3.3965003660e-07 -5.2043477862e-11  1.0073322664e-05      0.0000000000  3.4040141845e-07  3.4049773459e-07    0.073408333333    0.028408333333
 3.3994959665e-07 -4.9059422175e-11  1.0073662666e-05      0.0000000000  3.4065789596e-07  3.4030994694e-07    0.073425000000    0.028425000000
 3.4036534051e-07 -3.8059544473e-11  1.0073992815e-05      0.0000000000  3.4091482821e-07  3.4102870953e-07    0.073441666667    0.028441666667
 3.4042067653e-07 -5.1991345721e-11  1.0074322671e-05      0.0000000000  3.4117130572e-07  3.4155031395e-07    0.073458333333    0.028458333333
 3.4046782154e-07 -6.6521983511e-11  1.0074662658e-05      0.0000000000  3.4142823797e-07  3.4053903718e-07    0.073475000000    0.028475000000
 3.4081234481e-07 -6.0423608964e-11  1.0074992821e-05      0.0000000000  3.4168471548e-07  3.4192771305e-07    0.073491666667    0.028491666667
 3.4067083847e-07 -8.8020935567e-11  1.0075322663e-05      0.0000000000  3.4194164773e-07  3.4248000748e-07    0.073508333333    0.028508333333
 3.4091420236e-07 -8.8960729824e-11  1.0075662665e-05      0.0000000000  3.4219857999e-07  3.4203753361e-07    0.073525000000    0.028525000000
 3.4074643986e-07 -1.1837665475e-10  1.0075992821e-05      0.0000000000  3.4245551224e-07  3.4223466033e-07    0.073541666667    0.028541666667
 3.4073997455e-07 -1.3658904363e-10  1.0076322659e-05      0.0000000000  3.4271198974e-07  3.4223594956e-07    0.073558333333    0.028558333333
 3.4139869388e-07 -1.0875978906e-10  1.0076662668e-05      0.0000000000  3.4296892200e-07  3.4237908577e-07    0.073575000000    0.028575000000
 3.4167734859e-07 -1.0725521203e-10  1.0076992813e-05      0.0000000000  3.4322585425e-07  3.4410006905e-07    0.073591666667    0.028591666667
 3.4184319070e-07 -1.1356445073e-10  1.0077322669e-05      0.0000000000  3.4348278650e-07  3.4313737432e-07    0.073608333333    0.028608333333
 3.4262551242e-07 -7.7174039400e-11  1.0077662660e-05      0.0000000000  3.4373971876e-07  3.4366772037e-07    0.073625000000    0.028625000000
 3.4276329567e-07 -8.5426738613e-11  1.0077992816e-05      0.0000000000  3.4399665101e-07  3.4419709162e-07    0.073641666667    0.028641666667
 3.4321446928e-07 -7.1972866332e-11  1.0078322665e-05      0.0000000000  3.4425358326e-07  3.4441901248e-07    0.073658333333    0.028658333333
 3.4402820652e-07 -3.3406499489e-11  1.0078662660e-05      0.0000000000  3.4451051552e-07  3.4478347209e-07    0.073675000000    0.028675000000
 3.4414172015e-07 -4.3340202478e-11  1.0078992823e-05      0.0000000000  3.4476744777e-07  3.4482941278e-07    0.073691666667    0.028691666667
 3.4430429511e-07 -4.9875736552e-11  1.0079322658e-05      0.0000000000  3.4502438002e-07  3.4559971320e-07    0.073708333333    0.028708333333
 3.4460405247e-07 -4.6909511247e-11  1.0079662669e-05      0.0000000000  3.4528131228e-07  3.4458315373e-07    0.073725000000    0.028725000000
 3.4472561296e-07 -5.6285859163e-11  1.0079992812e-05      0.0000000000  3.4553824453e-07  3.4561280992e-07    0.073741666667    0.028741666667
 3.4525944581e-07 -3.7106702770e-11  1.0080322664e-05      0.0000000000  3.4579517678e-07  3.4487645403e-07    0.073758333333    0.028758333333
 3.4523030919e-07 -5.6952385187e-11  1.0080662662e-05      0.0000000000  3.4605256378e-07  3.4567091969e-07    0.073775000000    0.028775000000
 3.4540818272e-07 -6.2428283946e-11  1.0080992815e-05      0.0000000000  3.4630949604e-07  3.4631432510e-07    0.073791666667    0.028791666667
 3.4564107263e-07 -6.4093544757e-11  1.0081322667e-05      0.0000000000  3.4656642829e-07  3.4581132021e-07    0.073808333333    0.028808333333
 3.4580357973e-07 -7.0633779438e-11  1.0081662658e-05      0.0000000000  3.4682336054e-07  3.4703418825e-07    0.073825000000    0.028825000000
 3.4608883728e-07 -6.8703362087e-11  1.0081992821e-05      0.0000000000  3.4708074754e-07  3.4653151353e-07    0.073841666667    0.028841666667
 3.4609943598e-07 -8.5765332400e-11  1.0082322659e-05      0.0000000000  3.4733767980e-07  3.4811112152e-07    0.073858333333    0.028858333333
 3.4636443024e-07 -8.5206928387e-11  1.0082662668e-05      0.0000000000  3.4759461205e-07  3.4737382228e-07    0.073875000000    0.028875000000
 3.4643433300e-07 -9.8192777763e-11  1.0082992814e-05      0.0000000000  3.4785199905e-07  3.4854793535e-07    0.073891666667    0.028891666667
 3.4679470405e-07 -9.1028225450e-11  1.0083322662e-05      0.0000000000  3.4810893130e-07  3.4905315709e-07    0.073908333333    0.028908333333
 3.4709440117e-07 -8.8097670628e-11  1.0083662664e-05      0.0000000000  3.4836631831e-07  3.4856326463e-07    0.073925000000    0.028925000000
 3.4738284105e-07 -8.5915336354e-11  1.0083992813e-05      0.0000000000  3.4862325056e-07  3.4871394756e-07    0.073941666667    0.028941666667
 3.4790784245e-07 -6.7379376172e-11  1.0084322669e-05      0.0000000000  3.4888063756e-07  3.4878704072e-07    0.073958333333    0.028958333333
 3.4820753957e-07 -6.4448821349e-11  1.0084662656e-05      0.0000000000  3.4913802456e-07  3.4847114743e-07    0.073975000000    0.028975000000
 3.4858953429e-07 -5.5786533425e-11  1.0084992819e-05      0.0000000000  3.4939495681e-07  3.4918215890e-07    0.073991666667    0.028991666667
 3.4889892361e-07 -5.2184661564e-11  1.0085322658e-05      0.0000000000  3.4965234381e-07  3.4958325157e-07    0.074008333333    0.029008333333
 3.4919990830e-07 -4.9164924748e-11  1.0085662663e-05      0.0000000000  3.4990973081e-07  3.5020124967e-07    0.074025000000    0.029025000000
 3.4954150682e-07 -4.3300627023e-11  1.0085992815e-05      0.0000000000  3.5016666307e-07  3.4953006289e-07    0.074041666667    0.029041666667
 3.4976356967e-07 -4.5747307806e-11  1.0086322661e-05      0.0000000000  3.5042405007e-07  3.4990276101e-07    0.074058333333    0.029058333333
 3.4983743508e-07 -5.8458689835e-11  1.0086662666e-05      0.0000000000  3.5068143707e-07  3.5097197460e-07    0.074075000000    0.029075000000
 3.5015494499e-07 -5.4294355154e-11  1.0086992811e-05      0.0000000000  3.5093882407e-07  3.5093180402e-07    0.074091666667    0.029091666667
 3.5037374069e-07 -5.6967331313e-11  1.0087322664e-05      0.0000000000  3.5119621107e-07  3.5046191038e-07    0.074108333333    0.029108333333
 3.5078596771e-07 -4.6242540455e-11  1.0087662658e-05      0.0000000000  3.5145359807e-07  3.5149412930e-07    0.074125000000    0.029125000000
 3.5087070922e-07 -5.8200603907e-11  1.0087992818e-05      0.0000000000  3.5171098507e-07  3.5002992331e-07    0.074141666667    0.029141666667
 3.5140647744e-07 -3.8918894234e-11  1.0088322660e-05      0.0000000000  3.5196837207e-07  3.5177853075e-07    0.074158333333    0.029158333333
 3.5164205592e-07 -4.0429432428e-11  1.0088662661e-05      0.0000000000  3.5222575907e-07  3.5279944531e-07    0.074175000000    0.029175000000
 3.5179249353e-07 -4.7837141505e-11  1.0088992817e-05      0.0000000000  3.5248314607e-07  3.5271504778e-07    0.074191666667    0.029191666667
 3.5199991082e-07 -5.1298228137e-11  1.0089322659e-05      0.0000000000  3.5274053307e-07  3.5225779490e-07    0.074208333333    0.029208333333
 3.5233565862e-07 -4.5870670030e-11  1.0089662668e-05      0.0000000000  3.5299792007e-07  3.5283027682e-07    0.074225000000    0.029225000000
 3.5257994071e-07 -4.6778364597e-11  1.0089992810e-05      0.0000000000  3.5325530707e-07  3.5254343841e-07    0.074241666667    0.029241666667
 3.5277900521e-07 -5.0817996047e-11  1.0090322662e-05      0.0000000000  3.5351269408e-07  3.5265904479e-07    0.074258333333    0.029258333333
 3.5321620990e-07 -3.8363159646e-11  1.0090662660e-05      0.0000000000  3.5377008108e-07  3.5364389230e-07    0.074275000000    0.029275000000
 3.5332242533e-07 -4.8865357588e-11  1.0090992816e-05      0.0000000000  3.5402792282e-07  3.5350864872e-07    0.074291666667    0.029291666667
 3.5346714007e-07 -5.6669453699e-11  1.0091322665e-05      0.0000000000  3.5428530982e-07  3.5350344462e-07    0.074308333333    0.029308333333
 3.5373130165e-07 -5.6200221962e-11  1.0091662660e-05      0.0000000000  3.5454269683e-07  3.5444527580e-07    0.074325000000    0.029325000000
 3.5386682424e-07 -6.4672497825e-11  1.0091992819e-05      0.0000000000  3.5480053857e-07  3.5578151765e-07    0.074341666667    0.029341666667
 3.5403115769e-07 -7.1117729808e-11  1.0092322654e-05      0.0000000000  3.5505792557e-07  3.5598579804e-07    0.074358333333    0.029358333333
 3.5405397697e-07 -8.7396252313e-11  1.0092662663e-05      0.0000000000  3.5531576732e-07  3.5545906814e-07    0.074375000000    0.029375000000
 3.5440192077e-07 -8.1123954369e-11  1.0092992812e-05      0.0000000000  3.5557315432e-07  3.5610332255e-07    0.074391666667    0.029391666667
 3.5471208252e-07 -7.7468580714e-11  1.0093322661e-05      0.0000000000  3.5583054132e-07  3.5578555829e-07    0.074408333333    0.029408333333
 3.5507558099e-07 -7.0150406446e-11  1.0093662662e-05      0.0000000000  3.5608838307e-07  3.5630436414e-07    0.074425000000    0.029425000000
 3.5536291873e-07 -6.8107405385e-11  1.0093992815e-05      0.0000000000  3.5634622482e-07  3.5640545880e-07    0.074441666667    0.029441666667
 3.5560126874e-07 -6.9425977440e-11  1.0094322664e-05      0.0000000000  3.5660361182e-07  3.5623762280e-07    0.074458333333    0.029458333333
 3.5598768514e-07 -6.0520422909e-11  1.0094662658e-05      0.0000000000  3.5686145357e-07  3.5716983190e-07    0.074475000000    0.029475000000
 3.5601621006e-07 -7.6372254733e-11  1.0094992818e-05      0.0000000000  3.5711884057e-07  3.5672819131e-07    0.074491666667    0.029491666667
 3.5628831362e-07 -7.5384428961e-11  1.0095322659e-05      0.0000000000  3.5737668232e-07  3.5821612232e-07    0.074508333333    0.029508333333
 3.5653284460e-07 -7.6306382189e-11  1.0095662661e-05      0.0000000000  3.5763452406e-07  3.5837233951e-07    0.074525000000    0.029525000000
 3.5670871503e-07 -8.1984017498e-11  1.0095992814e-05      0.0000000000  3.5789236581e-07  3.5728024991e-07    0.074541666667    0.029541666667
 3.5697484336e-07 -8.1378560682e-11  1.0096322659e-05      0.0000000000  3.5814975281e-07  3.5896210029e-07    0.074558333333    0.029558333333
 3.5721885947e-07 -8.2336175604e-11  1.0096662664e-05      0.0000000000  3.5840759456e-07  3.5912987340e-07    0.074575000000    0.029575000000
 3.5785028837e-07 -5.6460151964e-11  1.0096992813e-05      0.0000000000  3.5866543631e-07  3.5892345477e-07    0.074591666667    0.029591666667
 3.5820593610e-07 -4.9685749124e-11  1.0097322662e-05      0.0000000000  3.5892327806e-07  3.5917367584e-07    0.074608333333    0.029608333333
 3.5810515300e-07 -7.4525428393e-11  1.0097662656e-05      0.0000000000  3.5918111980e-07  3.5982058733e-07    0.074625000000    0.029625000000
 3.5847548797e-07 -6.6733732717e-11  1.0097992816e-05      0.0000000000  3.5943896155e-07  3.6068226601e-07    0.074641666667    0.029641666667
 3.5843147187e-07 -8.7641520578e-11  1.0098322661e-05      0.0000000000  3.5969680330e-07  3.5917460346e-07    0.074658333333    0.029658333333
 3.5890389483e-07 -7.2778834661e-11  1.0098662659e-05      0.0000000000  3.5995464505e-07  3.6016996922e-07    0.074675000000    0.029675000000
 3.5916224736e-07 -7.2743455554e-11  1.0098992815e-05      0.0000000000  3.6021248680e-07  3.5989149509e-07    0.074691666667    0.029691666667
 3.5933218572e-07 -7.8831968352e-11  1.0099322657e-05      0.0000000000  3.6047032854e-07  3.5995579947e-07    0.074708333333    0.029708333333
 3.5981902901e-07 -6.2970477420e-11  1.0099662662e-05      0.0000000000  3.6072817029e-07  3.6036127867e-07    0.074725000000    0.029725000000
 3.5993491686e-07 -7.2802727791e-11  1.0099992811e-05      0.0000000000  3.6098601204e-07  3.6168200257e-07    0.074741666667    0.029741666667
 3.6015693576e-07 -7.5283950170e-11  1.0100322660e-05      0.0000000000  3.6124385379e-07  3.6149523687e-07    0.074758333333    0.029758333333
 3.6056363470e-07 -6.5005049845e-11  1.0100662658e-05      0.0000000000  3.6150215028e-07  3.6075279644e-07    0.074775000000    0.029775000000
 3.6041063907e-07 -9.3461161658e-11  1.0100992814e-05      0.0000000000  3.6175999203e-07  3.6165602927e-07    0.074791666667    0.029791666667
 3.6115338137e-07 -5.9875161293e-11  1.0101322660e-05      0.0000000000  3.6201783378e-07  3.6164277533e-07    0.074808333333    0.029808333333
 3.6120060347e-07 -7.4494951924e-11  1.0101662658e-05      0.0000000000  3.6227613027e-07  3.6233267170e-07    0.074825000000    0.029825000000
 3.6133971491e-07 -8.2718650793e-11  1.0101992817e-05      0.0000000000  3.6253397202e-07  3.6283661993e-07    0.074841666667    0.029841666667
 3.6175687434e-07 -7.1683721177e-11  1.0102322656e-05      0.0000000000  3.6279181377e-07  3.6392660274e-07    0.074858333333    0.029858333333
 3.6194289159e-07 -7.6690048236e-11  1.0102662664e-05      0.0000000000  3.6305011027e-07  3.6527029698e-07    0.074875000000    0.029875000000
 3.6203267477e-07 -8.8330403841e-11  1.0102992810e-05      0.0000000000  3.6330795201e-07  3.6329723739e-07    0.074891666667    0.029891666667
 3.6254674077e-07 -7.0614865252e-11  1.0103322659e-05      0.0000000000  3.6356624851e-07  3.6512283714e-07    0.074908333333    0.029908333333
 3.6248587080e-07 -9.2690013761e-11  1.0103662660e-05      0.0000000000  3.6382409026e-07  3.6412759716e-07    0.074925000000    0.029925000000
 3.6307055074e-07 -7.0083493329e-11  1.0103992813e-05      0.0000000000  3.6408238675e-07  3.6318257435e-07    0.074941666667    0.029941666667
 3.6304723171e-07 -8.9557725523e-11  1.0104322658e-05      0.0000000000  3.6434022850e-07  3.6300675140e-07    0.074958333333    0.029958333333
 3.6354663263e-07 -7.2857943745e-11  1.0104662656e-05      0.0000000000  3.6459852500e-07  3.6428040260e-07    0.074975000000    0.029975000000
 3.6364440270e-07 -8.3976596253e-11  1.0104992819e-05      0.0000000000  3.6485682149e-07  3.6490979940e-07    0.074991666667    0.029991666667
 3.6403717947e-07 -7.4630498590e-11  1.0105322654e-05      0.0000000000  3.6511466324e-07  3.6390380534e-07    0.075008333333    0.030008333333
 3.6421238154e-07 -8.0385924783e-11  1.0105662663e-05      0.0000000000  3.6537295973e-07  3.6702836927e-07    0.075025000000    0.030025000000
 3.6453179918e-07 -7.6152449532e-11  1.0105992812e-05      0.0000000000  3.6563125623e-07  3.6495625892e-07    0.075041666667    0.030041666667
 3.6463874977e-07 -8.6635224619e-11  1.0106322657e-05      0.0000000000  3.6588955272e-07  3.6489472168e-07    0.075058333333    0.030058333333
 3.6490948627e-07 -8.5773583779e-11  1.0106662659e-05      0.0000000000  3.6614784922e-07  3.6552403986e-07    0.075075000000    0.030075000000
 3.6521755315e-07 -8.2294806292e-11  1.0106992811e-05      0.0000000000  3.6640569097e-07  3.6636636434e-07    0.075091666667    0.030091666667
 3.6539333795e-07 -8.8009870185e-11  1.0107322660e-05      0.0000000000  3.6666398746e-07  3.6755415584e-07    0.075108333333    0.030108333333
 3.6570064001e-07 -8.4615564366e-11  1.0107662655e-05      0.0000000000  3.6692228396e-07  3.6781744218e-07    0.075125000000    0.030125000000
 3.6596067061e-07 -8.4495453573e-11  1.0107992818e-05      0.0000000000  3.6718058045e-07  3.7015527583e-07    0.075141666667    0.030141666667
 3.6636597297e-07 -7.4313285823e-11  1.0108322656e-05      0.0000000000  3.6743887695e-07  3.6746280903e-07    0.075158333333    0.030158333333
 3.6661121640e-07 -7.5217389233e-11  1.0108662657e-05      0.0000000000  3.6769717344e-07  3.6855109383e-07    0.075175000000    0.030175000000
 3.6661377399e-07 -9.2930808649e-11  1.0108992814e-05      0.0000000000  3.6795546994e-07  3.6882728821e-07    0.075191666667    0.030191666667
 3.6728710670e-07 -6.4183870161e-11  1.0109322656e-05      0.0000000000  3.6821376643e-07  3.6844922877e-07    0.075208333333    0.030208333333
 3.6727220993e-07 -8.3137740503e-11  1.0109662660e-05      0.0000000000  3.6847251768e-07  3.6863451657e-07    0.075225000000    0.030225000000
 3.6767225886e-07 -7.3319444169e-11  1.0109992810e-05      0.0000000000  3.6873081417e-07  3.6867995414e-07    0.075241666667    0.030241666667
 3.6803796977e-07 -6.5879525559e-11  1.0110322662e-05      0.0000000000  3.6898911067e-07  3.7057064439e-07    0.075258333333    0.030258333333
 3.6834501426e-07 -6.2503059840e-11  1.0110662656e-05      0.0000000000  3.6924740716e-07  3.6757780224e-07    0.075275000000    0.030275000000
 3.6883343569e-07 -4.6563758589e-11  1.0110992816e-05      0.0000000000  3.6950570366e-07  3.6754602739e-07    0.075291666667    0.030291666667
 3.6879630044e-07 -6.7057947602e-11  1.0111322654e-05      0.0000000000  3.6976445490e-07  3.6868894732e-07    0.075308333333    0.030308333333
 3.6931939173e-07 -4.8717283768e-11  1.0111662656e-05      0.0000000000  3.7002275140e-07  3.6839412196e-07    0.075325000000    0.030325000000
 3.6950204190e-07 -5.3956827568e-11  1.0111992816e-05      0.0000000000  3.7028104789e-07  3.6876584530e-07    0.075341666667    0.030341666667
 3.6969831871e-07 -5.8284036706e-11  1.0112322654e-05      0.0000000000  3.7053979913e-07  3.7237687421e-07    0.075358333333    0.030358333333
 3.7003059871e-07 -5.3159666837e-11  1.0112662662e-05      0.0000000000  3.7079809563e-07  3.7072860676e-07    0.075375000000    0.030375000000
 3.7012595915e-07 -6.4476715968e-11  1.0112992808e-05      0.0000000000  3.7105684687e-07  3.7113903850e-07    0.075391666667    0.030391666667
 3.7050686283e-07 -5.5984490549e-11  1.0113322660e-05      0.0000000000  3.7131514337e-07  3.7109468577e-07    0.075408333333    0.030408333333
 3.7074148840e-07 -5.7655523476e-11  1.0113662655e-05      0.0000000000  3.7157389461e-07  3.7305537188e-07    0.075425000000    0.030425000000
 3.7078635739e-07 -7.2438299336e-11  1.0113992814e-05      0.0000000000  3.7183219111e-07  3.7121464724e-07    0.075441666667    0.030441666667
 3.7096668504e-07 -7.7870206696e-11  1.0114322656e-05      0.0000000000  3.7209094235e-07  3.7300446294e-07    0.075458333333    0.030458333333
 3.7116422992e-07 -8.2109584802e-11  1.0114662658e-05      0.0000000000  3.7234969359e-07  3.7392242760e-07    0.075475000000    0.030475000000
 3.7138510353e-07 -8.4701631860e-11  1.0114992817e-05      0.0000000000  3.7260799009e-07  3.7249480750e-07    0.075491666667    0.030491666667
 3.7148006827e-07 -9.6046088862e-11  1.0115322652e-05      0.0000000000  3.7286674133e-07  3.7465346934e-07    0.075508333333    0.030508333333
 3.7180198798e-07 -9.1670808411e-11  1.0115662661e-05      0.0000000000  3.7312549257e-07  3.7336766476e-07    0.075525000000    0.030525000000
 3.7190441364e-07 -1.0249849472e-10  1.0115992806e-05      0.0000000000  3.7338424381e-07  3.7364563577e-07    0.075541666667    0.030541666667
 3.7224168628e-07 -9.7028315608e-11  1.0116322659e-05      0.0000000000  3.7364254031e-07  3.7272432225e-07    0.075558333333    0.030558333333
 3.7250232006e-07 -9.6897924085e-11  1.0116662653e-05      0.0000000000  3.7390129155e-07  3.7224774662e-07    0.075575000000    0.030575000000
 3.7271082146e-07 -1.0037841321e-10  1.0116992813e-05      0.0000000000  3.7416004280e-07  3.7415191091e-07    0.075591666667    0.030591666667
 3.7284307610e-07 -1.0914003458e-10  1.0117322658e-05      0.0000000000  3.7441879404e-07  3.7290258216e-07    0.075608333333    0.030608333333
 3.7319898648e-07 -1.0241043463e-10  1.0117662653e-05      0.0000000000  3.7467754528e-07  3.7584527004e-07    0.075625000000    0.030625000000
 3.7344518043e-07 -1.0328019908e-10  1.0117992816e-05      0.0000000000  3.7493629652e-07  3.7601228848e-07    0.075641666667    0.030641666667
 3.7368291551e-07 -1.0473585537e-10  1.0118322654e-05      0.0000000000  3.7519504777e-07  3.7588827064e-07    0.075658333333    0.030658333333
 3.7438620024e-07 -7.3945827084e-11  1.0118662659e-05      0.0000000000  3.7545379901e-07  3.7494837331e-07    0.075675000000    0.030675000000
 3.7465669615e-07 -7.3132348498e-11  1.0118992812e-05      0.0000000000  3.7571255025e-07  3.7465644086e-07    0.075691666667    0.030691666667
 3.7526127921e-07 -4.9178761256e-11  1.0119322657e-05      0.0000000000  3.7597130149e-07  3.7701693041e-07    0.075708333333    0.030708333333
 3.7556388613e-07 -4.6141155188e-11  1.0119662655e-05      0.0000000000  3.7623005274e-07  3.7700913213e-07    0.075725000000    0.030725000000
 3.7583993885e-07 -4.4974288555e-11  1.0119992811e-05      0.0000000000  3.7648925873e-07  3.7851605573e-07    0.075741666667    0.030741666667
 3.7609436349e-07 -4.5273965583e-11  1.0120322660e-05      0.0000000000  3.7674800997e-07  3.7815346708e-07    0.075758333333    0.030758333333
 3.7623190975e-07 -5.3669069131e-11  1.0120662651e-05      0.0000000000  3.7700676121e-07  3.7675976006e-07    0.075775000000    0.030775000000
 3.7640357201e-07 -5.9701173713e-11  1.0120992814e-05      0.0000000000  3.7726551245e-07  3.7715645048e-07    0.075791666667    0.030791666667
 3.7661869924e-07 -6.2754230973e-11  1.0121322653e-05      0.0000000000  3.7752471844e-07  3.7620507584e-07    0.075808333333    0.030808333333
 3.7677349828e-07 -6.9954343925e-11  1.0121662658e-05      0.0000000000  3.7778346969e-07  3.7799107101e-07    0.075825000000    0.030825000000
 3.7687518356e-07 -8.0833311265e-11  1.0121992814e-05      0.0000000000  3.7804222093e-07  3.7616136773e-07    0.075841666667    0.030841666667
 3.7717316295e-07 -7.8147722845e-11  1.0122322656e-05      0.0000000000  3.7830142692e-07  3.7709327811e-07    0.075858333333    0.030858333333
 3.7719431713e-07 -9.4604571396e-11  1.0122662657e-05      0.0000000000  3.7856017816e-07  3.7833344073e-07    0.075875000000    0.030875000000
 3.7771305195e-07 -7.6628647846e-11  1.0122992810e-05      0.0000000000  3.7881938415e-07  3.7759276119e-07    0.075891666667    0.030891666667
 3.7799414447e-07 -7.5081208301e-11  1.0123322659e-05      0.0000000000  3.7907813539e-07  3.7915139557e-07    0.075908333333    0.030908333333
 3.7831368662e-07 -7.0902103712e-11  1.0123662649e-05      0.0000000000  3.7933734138e-07  3.7976818305e-07    0.075925000000    0.030925000000
 3.7870833210e-07 -6.1489567403e-11  1.0123992813e-05      0.0000000000  3.7959609263e-07  3.7907720184e-07    0.075941666667    0.030941666667
 3.7887892708e-07 -6.7627092816e-11  1.0124322654e-05      0.0000000000  3.7985529862e-07  3.7903993989e-07    0.075958333333    0.030958333333
 3.7911580998e-07 -6.9173272339e-11  1.0124662656e-05      0.0000000000  3.8011450461e-07  3.8033428170e-07    0.075975000000    0.030975000000
 3.7967752804e-07 -4.8188673766e-11  1.0124992812e-05      0.0000000000  3.8037325585e-07  3.8301965773e-07    0.075991666667    0.030991666667
 3.7974027662e-07 -6.1796037795e-11  1.0125322654e-05      0.0000000000  3.8063246184e-07  3.8178237230e-07    0.076008333333    0.031008333333
 3.8000754532e-07 -6.1237585194e-11  1.0125662659e-05      0.0000000000  3.8089166783e-07  3.8273197031e-07    0.076025000000    0.031025000000
 3.8063431970e-07 -3.5778442953e-11  1.0125992808e-05      0.0000000000  3.8115087382e-07  3.8209471234e-07    0.076041666667    0.031041666667
 3.8081226538e-07 -4.1375334225e-11  1.0126322657e-05      0.0000000000  3.8140962506e-07  3.8099774881e-07    0.076058333333    0.031058333333
 3.8110785959e-07 -3.8854951793e-11  1.0126662651e-05      0.0000000000  3.8166883105e-07  3.8059593292e-07    0.076075000000    0.031075000000
 3.8106315749e-07 -5.9904746567e-11  1.0126992811e-05      0.0000000000  3.8192803704e-07  3.8046103522e-07    0.076091666667    0.031091666667
 3.8148119877e-07 -4.8903228733e-11  1.0127322656e-05      0.0000000000  3.8218724303e-07  3.8357086732e-07    0.076108333333    0.031108333333
 3.8169361861e-07 -5.2143810613e-11  1.0127662654e-05      0.0000000000  3.8244644902e-07  3.8059585431e-07    0.076125000000    0.031125000000
 3.8195100220e-07 -5.2270036619e-11  1.0127992814e-05      0.0000000000  3.8270565501e-07  3.8225044214e-07    0.076141666667    0.031141666667
 3.8188721924e-07 -7.4641442284e-11  1.0128322649e-05      0.0000000000  3.8296486100e-07  3.8323829262e-07    0.076158333333    0.031158333333
 3.8219826378e-07 -7.1050912943e-11  1.0128662657e-05      0.0000000000  3.8322406699e-07  3.8194740972e-07    0.076175000000    0.031175000000
 3.8243446749e-07 -7.2644135551e-11  1.0128992810e-05      0.0000000000  3.8348327298e-07  3.8282105310e-07    0.076191666667    0.031191666667
 3.8247220608e-07 -8.7983784390e-11  1.0129322655e-05      0.0000000000  3.8374247897e-07  3.8480925331e-07    0.076208333333    0.031208333333
 3.8289603756e-07 -7.6581215927e-11  1.0129662653e-05      0.0000000000  3.8400168496e-07  3.8495135184e-07    0.076225000000    0.031225000000
 3.8297748507e-07 -8.8924921167e-11  1.0129992809e-05      0.0000000000  3.8426134570e-07  3.8410314721e-07    0.076241666667    0.031241666667
 3.8329068955e-07 -8.5184786673e-11  1.0130322658e-05      0.0000000000  3.8452055169e-07  3.8560073174e-07    0.076258333333    0.031258333333
 3.8341607282e-07 -9.4453841831e-11  1.0130662649e-05      0.0000000000  3.8477975768e-07  3.8767433571e-07    0.076275000000    0.031275000000
 3.8364508253e-07 -9.6545347314e-11  1.0130992812e-05      0.0000000000  3.8503896367e-07  3.8510189327e-07    0.076291666667    0.031291666667
 3.8383338517e-07 -1.0148787241e-10  1.0131322651e-05      0.0000000000  3.8529862441e-07  3.8569196849e-07    0.076308333333    0.031308333333
 3.8405687801e-07 -1.0396149655e-10  1.0131662656e-05      0.0000000000  3.8555783040e-07  3.8611239964e-07    0.076325000000    0.031325000000
 3.8470191914e-07 -7.7237132202e-11  1.0131992808e-05      0.0000000000  3.8581703639e-07  3.8725758359e-07    0.076341666667    0.031341666667
 3.8485169267e-07 -8.4848325283e-11  1.0132322654e-05      0.0000000000  3.8607669713e-07  3.8627119529e-07    0.076358333333    0.031358333333
 3.8540479169e-07 -6.4492210389e-11  1.0132662655e-05      0.0000000000  3.8633590312e-07  3.8680819188e-07    0.076375000000    0.031375000000
 3.8574799308e-07 -5.8705877036e-11  1.0132992808e-05      0.0000000000  3.8659556385e-07  3.8631490340e-07    0.076391666667    0.031391666667
 3.8622921944e-07 -4.3327927295e-11  1.0133322660e-05      0.0000000000  3.8685476984e-07  3.8535142256e-07    0.076408333333    0.031408333333
 3.8637462821e-07 -5.1241439747e-11  1.0133662648e-05      0.0000000000  3.8711443058e-07  3.8614481911e-07    0.076425000000    0.031425000000
 3.8676506551e-07 -4.2183372711e-11  1.0133992811e-05      0.0000000000  3.8737409132e-07  3.8614433171e-07    0.076441666667    0.031441666667
 3.8707468088e-07 -3.8691833717e-11  1.0134322653e-05      0.0000000000  3.8763329731e-07  3.8657561128e-07    0.076458333333    0.031458333333
 3.8723940243e-07 -4.5267671786e-11  1.0134662654e-05      0.0000000000  3.8789295804e-07  3.8871433719e-07    0.076475000000    0.031475000000
 3.8748254698e-07 -4.6411643570e-11  1.0134992814e-05      0.0000000000  3.8815261878e-07  3.9080814437e-07    0.076491666667    0.031491666667
 3.8765516991e-07 -5.2408705956e-11  1.0135322649e-05      0.0000000000  3.8841182477e-07  3.8872054752e-07    0.076508333333    0.031508333333
 3.8785980459e-07 -5.6220013265e-11  1.0135662657e-05      0.0000000000  3.8867148551e-07  3.8813429283e-07    0.076525000000    0.031525000000
 3.8801890587e-07 -6.3185131939e-11  1.0135992806e-05      0.0000000000  3.8893114625e-07  3.8922397691e-07    0.076541666667    0.031541666667
 3.8826804422e-07 -6.3913951272e-11  1.0136322659e-05      0.0000000000  3.8919080698e-07  3.9080367923e-07    0.076558333333    0.031558333333
 3.8842432815e-07 -7.1042712613e-11  1.0136662649e-05      0.0000000000  3.8945001297e-07  3.8903379946e-07    0.076575000000    0.031575000000
 3.8869753627e-07 -7.0104370904e-11  1.0136992809e-05      0.0000000000  3.8970967371e-07  3.9175552554e-07    0.076591666667    0.031591666667
 3.8886861820e-07 -7.6239665841e-11  1.0137322655e-05      0.0000000000  3.8996933445e-07  3.9083185367e-07    0.076608333333    0.031608333333
 3.8936706621e-07 -5.9700378797e-11  1.0137662649e-05      0.0000000000  3.9022899519e-07  3.9131794132e-07    0.076625000000    0.031625000000
 3.8917306386e-07 -9.1122756990e-11  1.0137992816e-05      0.0000000000  3.9048865592e-07  3.9060579783e-07    0.076641666667    0.031641666667
 3.8949153526e-07 -8.7049313816e-11  1.0138322647e-05      0.0000000000  3.9074831666e-07  3.9090381483e-07    0.076658333333    0.031658333333
 3.8968689991e-07 -9.1502698167e-11  1.0138662659e-05      0.0000000000  3.9100797740e-07  3.8980073531e-07    0.076675000000    0.031675000000
 3.8978840057e-07 -1.0245744799e-10  1.0138992805e-05      0.0000000000  3.9126763814e-07  3.8894336455e-07    0.076691666667    0.031691666667
 3.9016769579e-07 -9.4202619886e-11  1.0139322653e-05      0.0000000000  3.9152775362e-07  3.8992968996e-07    0.076708333333    0.031708333333
 3.9019593978e-07 -1.1023139764e-10  1.0139662651e-05      0.0000000000  3.9178741436e-07  3.9203667246e-07    0.076725000000    0.031725000000
 3.9097765579e-07 -7.4071923986e-11  1.0139992808e-05      0.0000000000  3.9204707509e-07  3.9083803255e-07    0.076741666667    0.031741666667
 3.9133266068e-07 -6.7468036592e-11  1.0140322656e-05      0.0000000000  3.9230673583e-07  3.9177604320e-07    0.076758333333    0.031758333333
 3.9182209595e-07 -5.1553004996e-11  1.0140662647e-05      0.0000000000  3.9256639657e-07  3.9197434910e-07    0.076775000000    0.031775000000
 3.9223093320e-07 -4.1251987751e-11  1.0140992814e-05      0.0000000000  3.9282651205e-07  3.9309151584e-07    0.076791666667    0.031791666667
 3.9252408867e-07 -3.8932019131e-11  1.0141322645e-05      0.0000000000  3.9308617279e-07  3.9320119489e-07    0.076808333333    0.031808333333
 3.9289919186e-07 -3.0936048751e-11  1.0141662657e-05      0.0000000000  3.9334583353e-07  3.9535638210e-07    0.076825000000    0.031825000000
 3.9327928490e-07 -2.2625960752e-11  1.0141992806e-05      0.0000000000  3.9360594901e-07  3.9538982352e-07    0.076841666667    0.031841666667
 3.9331947400e-07 -3.7827376112e-11  1.0142322652e-05      0.0000000000  3.9386560975e-07  3.9463062307e-07    0.076858333333    0.031858333333
 3.9358353218e-07 -3.7554290156e-11  1.0142662653e-05      0.0000000000  3.9412572524e-07  3.9517732035e-07    0.076875000000    0.031875000000
 3.9360916548e-07 -5.3763893238e-11  1.0142992806e-05      0.0000000000  3.9438538597e-07  3.9437917565e-07    0.076891666667    0.031891666667
 3.9392682049e-07 -4.9778493454e-11  1.0143322658e-05      0.0000000000  3.9464550146e-07  3.9433754289e-07    0.076908333333    0.031908333333
 3.9398416243e-07 -6.3791839584e-11  1.0143662646e-05      0.0000000000  3.9490516220e-07  3.9494739682e-07    0.076925000000    0.031925000000
 3.9411843474e-07 -7.2508202335e-11  1.0143992812e-05      0.0000000000  3.9516527768e-07  3.9569648780e-07    0.076941666667    0.031941666667
 3.9420584812e-07 -8.4470186341e-11  1.0144322647e-05      0.0000000000  3.9542539316e-07  3.9529133877e-07    0.076958333333    0.031958333333
 3.9445065351e-07 -8.5499122792e-11  1.0144662652e-05      0.0000000000  3.9568505390e-07  3.9499130932e-07    0.076975000000    0.031975000000
 3.9478912743e-07 -8.0071728454e-11  1.0144992808e-05      0.0000000000  3.9594516939e-07  3.9571711552e-07    0.076991666667    0.031991666667
 3.9506606428e-07 -7.8906618994e-11  1.0145322650e-05      0.0000000000  3.9620528487e-07  3.9583199867e-07    0.077008333333    0.032008333333
 3.9524803860e-07 -8.4287466467e-11  1.0145662655e-05      0.0000000000  3.9646494561e-07  3.9485259109e-07    0.077025000000    0.032025000000
 3.9531973741e-07 -9.7337900140e-11  1.0145992804e-05      0.0000000000  3.9672506109e-07  3.9612908805e-07    0.077041666667    0.032041666667
 3.9577409523e-07 -8.3883959836e-11  1.0146322653e-05      0.0000000000  3.9698517658e-07  3.9706046387e-07    0.077058333333    0.032058333333
 3.9610716504e-07 -7.8830874484e-11  1.0146662648e-05      0.0000000000  3.9724529206e-07  3.9757125132e-07    0.077075000000    0.032075000000
 3.9650306243e-07 -6.9426118692e-11  1.0146992811e-05      0.0000000000  3.9750540755e-07  3.9804329892e-07    0.077091666667    0.032091666667
 3.9670815548e-07 -7.3237175702e-11  1.0147322649e-05      0.0000000000  3.9776552303e-07  3.9906908740e-07    0.077108333333    0.032108333333
 3.9699358672e-07 -7.1483713070e-11  1.0147662651e-05      0.0000000000  3.9802563852e-07  3.9885925702e-07    0.077125000000    0.032125000000
 3.9709787588e-07 -8.2276818908e-11  1.0147992810e-05      0.0000000000  3.9828575400e-07  3.9800323839e-07    0.077141666667    0.032141666667
 3.9724565794e-07 -9.0057446209e-11  1.0148322645e-05      0.0000000000  3.9854586949e-07  3.9914901979e-07    0.077158333333    0.032158333333
 3.9767838219e-07 -7.8101926250e-11  1.0148662657e-05      0.0000000000  3.9880598497e-07  3.9901022295e-07    0.077175000000    0.032175000000
 3.9823031147e-07 -5.7889826670e-11  1.0148992803e-05      0.0000000000  3.9906610046e-07  3.9855974641e-07    0.077191666667    0.032191666667
 3.9841121505e-07 -6.3376335556e-11  1.0149322652e-05      0.0000000000  3.9932621594e-07  3.9905152555e-07    0.077208333333    0.032208333333
 3.9866960834e-07 -6.3495620761e-11  1.0149662650e-05      0.0000000000  3.9958633143e-07  4.0084774024e-07    0.077225000000    0.032225000000
 3.9901554986e-07 -5.7550993070e-11  1.0149992809e-05      0.0000000000  3.9984644691e-07  4.0086630832e-07    0.077241666667    0.032241666667
 3.9931508709e-07 -5.4851995422e-11  1.0150322655e-05      0.0000000000  4.0010701714e-07  3.9926563240e-07    0.077258333333    0.032258333333
 3.9945631560e-07 -6.3086545930e-11  1.0150662649e-05      0.0000000000  4.0036713263e-07  4.0061253400e-07    0.077275000000    0.032275000000
 3.9983270704e-07 -5.5032844596e-11  1.0150992812e-05      0.0000000000  4.0062724811e-07  4.0092888325e-07    0.077291666667    0.032291666667
 3.9970735681e-07 -8.1731620963e-11  1.0151322644e-05      0.0000000000  4.0088736360e-07  4.0035979735e-07    0.077308333333    0.032308333333
 4.0002517361e-07 -7.7766512902e-11  1.0151662652e-05      0.0000000000  4.0114793383e-07  4.0152164699e-07    0.077325000000    0.032325000000
 4.0023700323e-07 -8.1110969870e-11  1.0151992805e-05      0.0000000000  4.0140804931e-07  4.0147789171e-07    0.077341666667    0.032341666667
 4.0045924070e-07 -8.3766037906e-11  1.0152322650e-05      0.0000000000  4.0166861954e-07  4.0069774909e-07    0.077358333333    0.032358333333
 4.0068081061e-07 -8.6435846695e-11  1.0152662651e-05      0.0000000000  4.0192873503e-07  4.0130312215e-07    0.077375000000    0.032375000000
 4.0097581876e-07 -8.4050549810e-11  1.0152992808e-05      0.0000000000  4.0218930526e-07  4.0275431005e-07    0.077391666667    0.032391666667
 4.0100672592e-07 -9.9926363047e-11  1.0153322653e-05      0.0000000000  4.0244942075e-07  4.0259836014e-07    0.077408333333    0.032408333333
 4.0132995004e-07 -9.5586723926e-11  1.0153662647e-05      0.0000000000  4.0270999098e-07  4.0266764850e-07    0.077425000000    0.032425000000
 4.0166794116e-07 -9.0192770523e-11  1.0153992811e-05      0.0000000000  4.0297010646e-07  4.0385078619e-07    0.077441666667    0.032441666667
 4.0187757705e-07 -9.3720671000e-11  1.0154322649e-05      0.0000000000  4.0323067670e-07  4.0343101537e-07    0.077458333333    0.032458333333
 4.0220543632e-07 -8.9059984104e-11  1.0154662650e-05      0.0000000000  4.0349124693e-07  4.0378198522e-07    0.077475000000    0.032475000000
 4.0255012259e-07 -8.3202299141e-11  1.0154992807e-05      0.0000000000  4.0375136241e-07  4.0506734957e-07    0.077491666667    0.032491666667
 4.0266473918e-07 -9.3311586451e-11  1.0155322648e-05      0.0000000000  4.0401193264e-07  4.0441102040e-07    0.077508333333    0.032508333333
 4.0322280802e-07 -7.2705736524e-11  1.0155662650e-05      0.0000000000  4.0427250288e-07  4.0353456272e-07    0.077525000000    0.032525000000
 4.0329130820e-07 -8.6009216005e-11  1.0155992806e-05      0.0000000000  4.0453307311e-07  4.0457687539e-07    0.077541666667    0.032541666667
 4.0359713406e-07 -8.2843146869e-11  1.0156322651e-05      0.0000000000  4.0479318859e-07  4.0452692551e-07    0.077558333333    0.032558333333
 4.0388250506e-07 -8.1125354719e-11  1.0156662646e-05      0.0000000000  4.0505375882e-07  4.0482783541e-07    0.077575000000    0.032575000000
 4.0390809855e-07 -9.7400709856e-11  1.0156992809e-05      0.0000000000  4.0531432906e-07  4.0485847826e-07    0.077591666667    0.032591666667
 4.0436337803e-07 -8.3914429279e-11  1.0157322647e-05      0.0000000000  4.0557489929e-07  4.0639940928e-07    0.077608333333    0.032608333333
 4.0467784725e-07 -8.0181186998e-11  1.0157662649e-05      0.0000000000  4.0583546952e-07  4.0613005411e-07    0.077625000000    0.032625000000
 4.0499921736e-07 -7.5969963285e-11  1.0157992808e-05      0.0000000000  4.0609603975e-07  4.0647703048e-07    0.077641666667    0.032641666667
 4.0490919789e-07 -1.0025309897e-10  1.0158322647e-05      0.0000000000  4.0635660999e-07  4.0645918562e-07    0.077658333333    0.032658333333
 4.0550099982e-07 -7.7310769647e-11  1.0158662652e-05      0.0000000000  4.0661718022e-07  4.0739886284e-07    0.077675000000    0.032675000000
 4.0554395885e-07 -9.2383324517e-11  1.0158992804e-05      0.0000000000  4.0687775045e-07  4.0665126548e-07    0.077691666667    0.032691666667
 4.0606015446e-07 -7.4677767769e-11  1.0159322650e-05      0.0000000000  4.0713832068e-07  4.0778303827e-07    0.077708333333    0.032708333333
 4.0617969236e-07 -8.4446187029e-11  1.0159662648e-05      0.0000000000  4.0739889091e-07  4.0817001228e-07    0.077725000000    0.032725000000
 4.0666863803e-07 -6.8659560194e-11  1.0159992807e-05      0.0000000000  4.0765991589e-07  4.0821288710e-07    0.077741666667    0.032741666667
 4.0685028639e-07 -7.4125979998e-11  1.0160322649e-05      0.0000000000  4.0792048612e-07  4.0778303827e-07    0.077758333333    0.032758333333
 4.0676845538e-07 -9.7841952259e-11  1.0160662647e-05      0.0000000000  4.0818105636e-07  4.0852544726e-07    0.077775000000    0.032775000000
 4.0715811250e-07 -8.8900918310e-11  1.0160992810e-05      0.0000000000  4.0844162659e-07  4.0887852390e-07    0.077791666667    0.032791666667
 4.0721218742e-07 -1.0323504248e-10  1.0161322645e-05      0.0000000000  4.0870265157e-07  4.0801741122e-07    0.077808333333    0.032808333333
 4.0753489667e-07 -9.8931065051e-11  1.0161662654e-05      0.0000000000  4.0896322180e-07  4.0934499007e-07    0.077825000000    0.032825000000
 4.0765324025e-07 -1.0878220760e-10  1.0161992803e-05      0.0000000000  4.0922379203e-07  4.0986855978e-07    0.077841666667    0.032841666667
 4.0813132932e-07 -9.3747548377e-11  1.0162322648e-05      0.0000000000  4.0948481701e-07  4.1100405877e-07    0.077858333333    0.032858333333
 4.0874424674e-07 -6.9342682475e-11  1.0162662650e-05      0.0000000000  4.0974538724e-07  4.1047154304e-07    0.077875000000    0.032875000000
 4.0884403809e-07 -8.0510318446e-11  1.0162992806e-05      0.0000000000  4.1000641222e-07  4.0933346559e-07    0.077891666667    0.032891666667
 4.0911433255e-07 -7.9836782853e-11  1.0163322648e-05      0.0000000000  4.1026698246e-07  4.1067947102e-07    0.077908333333    0.032908333333
 4.0942410636e-07 -7.6460258828e-11  1.0163662646e-05      0.0000000000  4.1052800743e-07  4.1058035737e-07    0.077925000000    0.032925000000
 4.0979662346e-07 -6.8706405805e-11  1.0163992812e-05      0.0000000000  4.1078857767e-07  4.0976880152e-07    0.077941666667    0.032941666667
 4.0997341558e-07 -7.4540684674e-11  1.0164322644e-05      0.0000000000  4.1104960265e-07  4.1208779981e-07    0.077958333333    0.032958333333
 4.1030404731e-07 -6.9719464174e-11  1.0164662648e-05      0.0000000000  4.1131062763e-07  4.1076286232e-07    0.077975000000    0.032975000000
 4.1051546293e-07 -7.3124094002e-11  1.0164992805e-05      0.0000000000  4.1157119786e-07  4.1091076239e-07    0.077991666667    0.032991666667
 4.1085000895e-07 -6.8031755800e-11  1.0165322647e-05      0.0000000000  4.1183222284e-07  4.1168681720e-07    0.078008333333    0.033008333333
 4.1107557891e-07 -7.0487500968e-11  1.0165662648e-05      0.0000000000  4.1209324782e-07  4.1137436709e-07    0.078025000000    0.033025000000
 4.1098824453e-07 -9.4616154620e-11  1.0165992804e-05      0.0000000000  4.1235427280e-07  4.1202863663e-07    0.078041666667    0.033041666667
 4.1180945888e-07 -5.5815373197e-11  1.0166322649e-05      0.0000000000  4.1261529778e-07  4.1296422604e-07    0.078058333333    0.033058333333
 4.1161509824e-07 -8.7325562987e-11  1.0166662644e-05      0.0000000000  4.1287586801e-07  4.1366890142e-07    0.078075000000    0.033075000000
 4.1205947958e-07 -7.4625625065e-11  1.0166992811e-05      0.0000000000  4.1313689299e-07  4.1322748094e-07    0.078091666667    0.033091666667
 4.1228485958e-07 -7.7094528232e-11  1.0167322645e-05      0.0000000000  4.1339791797e-07  4.1356532263e-07    0.078108333333    0.033108333333
 4.1247824130e-07 -8.1779749211e-11  1.0167662647e-05      0.0000000000  4.1365894295e-07  4.1495772468e-07    0.078125000000    0.033125000000
 4.1287042962e-07 -7.2694892872e-11  1.0167992807e-05      0.0000000000  4.1391996793e-07  4.1460247837e-07    0.078141666667    0.033141666667
 4.1301204021e-07 -8.0965973941e-11  1.0168322645e-05      0.0000000000  4.1418099290e-07  4.1376002811e-07    0.078158333333    0.033158333333
 4.1344284153e-07 -6.9206638634e-11  1.0168662650e-05      0.0000000000  4.1444201788e-07  4.1453921166e-07    0.078175000000    0.033175000000
 4.1356263767e-07 -7.8988668833e-11  1.0168992803e-05      0.0000000000  4.1470304286e-07  4.1441503660e-07    0.078191666667    0.033191666667
 4.1397689773e-07 -6.8375041771e-11  1.0169322651e-05      0.0000000000  4.1496406784e-07  4.1521300835e-07    0.078208333333    0.033208333333
 4.1402401645e-07 -8.3190978183e-11  1.0169662642e-05      0.0000000000  4.1522509282e-07  4.1535072035e-07    0.078225000000    0.033225000000
 4.1439620412e-07 -7.5522938073e-11  1.0169992809e-05      0.0000000000  4.1548657255e-07  4.1602135685e-07    0.078241666667    0.033241666667
 4.1487397123e-07 -6.0510578979e-11  1.0170322644e-05      0.0000000000  4.1574759753e-07  4.1492533666e-07    0.078258333333    0.033258333333
 4.1506246050e-07 -6.5534669325e-11  1.0170662645e-05      0.0000000000  4.1600862251e-07  4.1652212916e-07    0.078275000000    0.033275000000
 4.1540551347e-07 -5.9853108154e-11  1.0170992808e-05      0.0000000000  4.1626964749e-07  4.1588053183e-07    0.078291666667    0.033291666667
 4.1554212300e-07 -6.8502078719e-11  1.0171322643e-05      0.0000000000  4.1653112721e-07  4.1638521901e-07    0.078308333333    0.033308333333
 4.1564975547e-07 -7.9126609489e-11  1.0171662648e-05      0.0000000000  4.1679215219e-07  4.1696692994e-07    0.078325000000    0.033325000000
 4.1585932443e-07 -8.2690643107e-11  1.0171992801e-05      0.0000000000  4.1705317717e-07  4.1754744598e-07    0.078341666667    0.033341666667
 4.1603439867e-07 -8.8675405716e-11  1.0172322650e-05      0.0000000000  4.1731465690e-07  4.1734772507e-07    0.078358333333    0.033358333333
 4.1636863555e-07 -8.3604479335e-11  1.0172662644e-05      0.0000000000  4.1757568188e-07  4.1773023393e-07    0.078375000000    0.033375000000
 4.1648951447e-07 -9.3343009947e-11  1.0172992807e-05      0.0000000000  4.1783716161e-07  4.1777012151e-07    0.078391666667    0.033391666667
 4.1695979795e-07 -7.8848994587e-11  1.0173322646e-05      0.0000000000  4.1809818659e-07  4.1833123618e-07    0.078408333333    0.033408333333
 4.1707561047e-07 -8.8938442185e-11  1.0173662644e-05      0.0000000000  4.1835966631e-07  4.1758547833e-07    0.078425000000    0.033425000000
 4.1720023494e-07 -9.8386044536e-11  1.0173992810e-05      0.0000000000  4.1862069129e-07  4.1807876681e-07    0.078441666667    0.033441666667
 4.1760831912e-07 -8.8231679292e-11  1.0174322642e-05      0.0000000000  4.1888217102e-07  4.1841893540e-07    0.078458333333    0.033458333333
 4.1781431847e-07 -9.2042957449e-11  1.0174662650e-05      0.0000000000  4.1914319600e-07  4.1914199019e-07    0.078475000000    0.033475000000
 4.1825012593e-07 -7.9968375637e-11  1.0174992799e-05      0.0000000000  4.1940467572e-07  4.1835464674e-07    0.078491666667    0.033491666667
 4.1868841850e-07 -6.7721666470e-11  1.0175322648e-05      0.0000000000  4.1966615545e-07  4.1894013104e-07    0.078508333333    0.033508333333
 4.1874268753e-07 -8.2073843097e-11  1.0175662643e-05      0.0000000000  4.1992763518e-07  4.1886122061e-07    0.078525000000    0.033525000000
 4.1919030371e-07 -6.9149849065e-11  1.0175992806e-05      0.0000000000  4.2018866016e-07  4.1885240037e-07    0.078541666667    0.033541666667
 4.1945024201e-07 -6.9256613346e-11  1.0176322648e-05      0.0000000000  4.2045013988e-07  4.2009999966e-07    0.078558333333    0.033558333333
 4.1966313384e-07 -7.2621990325e-11  1.0176662642e-05      0.0000000000  4.2071161961e-07  4.2038688524e-07    0.078575000000    0.033575000000
 4.1993804903e-07 -7.1691400909e-11  1.0176992809e-05      0.0000000000  4.2097309934e-07  4.2073181770e-07    0.078591666667    0.033591666667
 4.1996402781e-07 -8.8003064532e-11  1.0177322644e-05      0.0000000000  4.2123457906e-07  4.2134327530e-07    0.078608333333    0.033608333333
 4.2034867573e-07 -7.9471981827e-11  1.0177662649e-05      0.0000000000  4.2149605879e-07  4.2150295141e-07    0.078625000000    0.033625000000
 4.2051123815e-07 -8.6323358752e-11  1.0177992805e-05      0.0000000000  4.2175753852e-07  4.2148593984e-07    0.078641666667    0.033641666667
 4.2105771510e-07 -6.6583400465e-11  1.0178322647e-05      0.0000000000  4.2201901824e-07  4.2179151928e-07    0.078658333333    0.033658333333
 4.2132751580e-07 -6.6007059175e-11  1.0178662645e-05      0.0000000000  4.2228049797e-07  4.2174856584e-07    0.078675000000    0.033675000000
 4.2151835538e-07 -7.0899855915e-11  1.0178992804e-05      0.0000000000  4.2254197770e-07  4.2314983530e-07    0.078691666667    0.033691666667
 4.2199020418e-07 -5.6328918539e-11  1.0179322650e-05      0.0000000000  4.2280345742e-07  4.2225911745e-07    0.078708333333    0.033708333333
 4.2217554319e-07 -6.1602705048e-11  1.0179662640e-05      0.0000000000  4.2306493715e-07  4.2287768156e-07    0.078725000000    0.033725000000
 4.2247376239e-07 -5.9057993726e-11  1.0179992807e-05      0.0000000000  4.2332641688e-07  4.2368771234e-07    0.078741666667    0.033741666667
 4.2270870646e-07 -6.0895950944e-11  1.0180322642e-05      0.0000000000  4.2358789660e-07  4.2345766303e-07    0.078758333333    0.033758333333
 4.2279336102e-07 -7.3143513953e-11  1.0180662647e-05      0.0000000000  4.2384937633e-07  4.2327430908e-07    0.078775000000    0.033775000000
 4.2289938931e-07 -8.3942151326e-11  1.0180992803e-05      0.0000000000  4.2411131081e-07  4.2404105626e-07    0.078791666667    0.033791666667
 4.2315007361e-07 -8.4689882269e-11  1.0181322645e-05      0.0000000000  4.2437279053e-07  4.2429020821e-07    0.078808333333    0.033808333333
 4.2333026234e-07 -9.0320396752e-11  1.0181662646e-05      0.0000000000  4.2463427026e-07  4.2460952898e-07    0.078825000000    0.033825000000
 4.2382497402e-07 -7.4165891416e-11  1.0181992803e-05      0.0000000000  4.2489574999e-07  4.2638069798e-07    0.078841666667    0.033841666667
 4.2402224626e-07 -7.8644636367e-11  1.0182322648e-05      0.0000000000  4.2515768446e-07  4.2545006111e-07    0.078858333333    0.033858333333
 4.2460414280e-07 -5.6451386742e-11  1.0182662639e-05      0.0000000000  4.2541916419e-07  4.2513415209e-07    0.078875000000    0.033875000000
 4.2496378138e-07 -4.9684039886e-11  1.0182992806e-05      0.0000000000  4.2568109866e-07  4.2480450174e-07    0.078891666667    0.033891666667
 4.2530282188e-07 -4.4311894797e-11  1.0183322644e-05      0.0000000000  4.2594257839e-07  4.2560187604e-07    0.078908333333    0.033908333333
 4.2573582055e-07 -3.2463358061e-11  1.0183662645e-05      0.0000000000  4.2620451286e-07  4.2645286353e-07    0.078925000000    0.033925000000
 4.2597162710e-07 -3.4241576852e-11  1.0183992805e-05      0.0000000000  4.2646599259e-07  4.2663980218e-07    0.078941666667    0.033941666667
 4.2623055558e-07 -3.4449783104e-11  1.0184322643e-05      0.0000000000  4.2672792706e-07  4.2656337587e-07    0.078958333333    0.033958333333
 4.2608834816e-07 -6.2410643364e-11  1.0184662648e-05      0.0000000000  4.2698940679e-07  4.2712831107e-07    0.078975000000    0.033975000000
 4.2652110208e-07 -5.0579058424e-11  1.0184992801e-05      0.0000000000  4.2725134126e-07  4.2872037115e-07    0.078991666667    0.033991666667
 4.2681040006e-07 -4.8683761438e-11  1.0185322646e-05      0.0000000000  4.2751327574e-07  4.2787061001e-07    0.079008333333    0.034008333333
 4.2665969503e-07 -7.7233196947e-11  1.0185662641e-05      0.0000000000  4.2777475546e-07  4.2751261228e-07    0.079025000000    0.034025000000
 4.2707933223e-07 -6.6310124649e-11  1.0185992804e-05      0.0000000000  4.2803668994e-07  4.2770995911e-07    0.079041666667    0.034041666667
 4.2714484248e-07 -7.9915191107e-11  1.0186322646e-05      0.0000000000  4.2829862441e-07  4.2822156412e-07    0.079058333333    0.034058333333
 4.2739346744e-07 -8.0837056877e-11  1.0186662644e-05      0.0000000000  4.2856055889e-07  4.2827940662e-07    0.079075000000    0.034075000000
 4.2752511317e-07 -8.9829837999e-11  1.0186992807e-05      0.0000000000  4.2882203861e-07  4.2885841331e-07    0.079091666667    0.034091666667
 4.2777644554e-07 -9.0564179149e-11  1.0187322638e-05      0.0000000000  4.2908397309e-07  4.2875840349e-07    0.079108333333    0.034108333333
 4.2836883971e-07 -6.7675322464e-11  1.0187662647e-05      0.0000000000  4.2934590756e-07  4.2922342321e-07    0.079125000000    0.034125000000
 4.2823455130e-07 -9.5119180235e-11  1.0187992799e-05      0.0000000000  4.2960784204e-07  4.2956499109e-07    0.079141666667    0.034141666667
 4.2882849381e-07 -7.2123079381e-11  1.0188322645e-05      0.0000000000  4.2986977651e-07  4.2954453632e-07    0.079158333333    0.034158333333
 4.2912758978e-07 -6.9549136850e-11  1.0188662643e-05      0.0000000000  4.3013171098e-07  4.2989105674e-07    0.079175000000    0.034175000000
 4.2935001042e-07 -7.2286010713e-11  1.0188992802e-05      0.0000000000  4.3039364546e-07  4.3062747552e-07    0.079191666667    0.034191666667
 4.2933205692e-07 -9.1672083835e-11  1.0189322648e-05      0.0000000000  4.3065557993e-07  4.3142101357e-07    0.079208333333    0.034208333333
 4.2968806150e-07 -8.5156441543e-11  1.0189662639e-05      0.0000000000  4.3091751441e-07  4.3134375398e-07    0.079225000000    0.034225000000
 4.2976450876e-07 -9.8003969981e-11  1.0189992805e-05      0.0000000000  4.3117944888e-07  4.3051010824e-07    0.079241666667    0.034241666667
 4.3026230552e-07 -8.1667278638e-11  1.0190322640e-05      0.0000000000  4.3144138335e-07  4.3076473157e-07    0.079258333333    0.034258333333
 4.3022896260e-07 -1.0211927923e-10  1.0190662645e-05      0.0000000000  4.3170331783e-07  4.3161493294e-07    0.079275000000    0.034275000000
 4.3045224025e-07 -1.0482829135e-10  1.0190992801e-05      0.0000000000  4.3196570705e-07  4.3167242954e-07    0.079291666667    0.034291666667
 4.3072898500e-07 -1.0380247716e-10  1.0191322643e-05      0.0000000000  4.3222764152e-07  4.3218956882e-07    0.079308333333    0.034308333333
 4.3117228370e-07 -9.1240521489e-11  1.0191662645e-05      0.0000000000  4.3248957600e-07  4.3250879525e-07    0.079325000000    0.034325000000
 4.3157262416e-07 -8.1654013194e-11  1.0191992801e-05      0.0000000000  4.3275151047e-07  4.3213840832e-07    0.079341666667    0.034341666667
 4.3191461841e-07 -7.6140275263e-11  1.0192322650e-05      0.0000000000  4.3301389969e-07  4.3319218257e-07    0.079358333333    0.034358333333
 4.3240092053e-07 -6.0599744646e-11  1.0192662637e-05      0.0000000000  4.3327583417e-07  4.3305448630e-07    0.079375000000    0.034375000000
 4.3256870178e-07 -6.7121144029e-11  1.0192992804e-05      0.0000000000  4.3353776864e-07  4.3325508766e-07    0.079391666667    0.034391666667
 4.3313604520e-07 -4.5998891674e-11  1.0193322642e-05      0.0000000000  4.3380015786e-07  4.3342734164e-07    0.079408333333    0.034408333333
 4.3329119574e-07 -5.3395140689e-11  1.0193662643e-05      0.0000000000  4.3406209234e-07  4.3461071516e-07    0.079425000000    0.034425000000
 4.3365606918e-07 -4.6296705912e-11  1.0193992807e-05      0.0000000000  4.3432448156e-07  4.3444544190e-07    0.079441666667    0.034441666667
 4.3350152536e-07 -7.5143528390e-11  1.0194322638e-05      0.0000000000  4.3458641603e-07  4.3417385416e-07    0.079458333333    0.034458333333
 4.3377300800e-07 -7.4513684379e-11  1.0194662646e-05      0.0000000000  4.3484880525e-07  4.3553806606e-07    0.079475000000    0.034475000000
 4.3367102058e-07 -9.9720256668e-11  1.0194992799e-05      0.0000000000  4.3511073973e-07  4.3452468251e-07    0.079491666667    0.034491666667
 4.3395835942e-07 -9.7992154636e-11  1.0195322644e-05      0.0000000000  4.3537312895e-07  4.3536351662e-07    0.079508333333    0.034508333333
 4.3408769960e-07 -1.0720762147e-10  1.0195662639e-05      0.0000000000  4.3563551817e-07  4.3624774114e-07    0.079525000000    0.034525000000
 4.3416057404e-07 -1.2030261652e-10  1.0195992802e-05      0.0000000000  4.3589745265e-07  4.3600762953e-07    0.079541666667    0.034541666667
 4.3488333776e-07 -8.8415381364e-11  1.0196322644e-05      0.0000000000  4.3615984187e-07  4.3574074278e-07    0.079558333333    0.034558333333
 4.3472478734e-07 -1.1757121279e-10  1.0196662638e-05      0.0000000000  4.3642223109e-07  4.3744001351e-07    0.079575000000    0.034575000000
 4.3503252667e-07 -1.1443009711e-10  1.0196992805e-05      0.0000000000  4.3668462031e-07  4.3640290493e-07    0.079591666667    0.034591666667
 4.3526910072e-07 -1.1618665378e-10  1.0197322636e-05      0.0000000000  4.3694655478e-07  4.3791355473e-07    0.079608333333    0.034608333333
 4.3572186705e-07 -1.0300043294e-10  1.0197662648e-05      0.0000000000  4.3720894401e-07  4.3733822706e-07    0.079625000000    0.034625000000
 4.3611442209e-07 -9.3984668585e-11  1.0197992798e-05      0.0000000000  4.3747133323e-07  4.3727257056e-07    0.079641666667    0.034641666667
 4.3645976392e-07 -8.8239064873e-11  1.0198322643e-05      0.0000000000  4.3773372245e-07  4.3842333595e-07    0.079658333333    0.034658333333
 4.3678738300e-07 -8.3721004388e-11  1.0198662641e-05      0.0000000000  4.3799611167e-07  4.3871196670e-07    0.079675000000    0.034675000000
 4.3696941158e-07 -8.9287078908e-11  1.0198992800e-05      0.0000000000  4.3825850089e-07  4.3890635774e-07    0.079691666667    0.034691666667
 4.3776681948e-07 -5.2229712458e-11  1.0199322646e-05      0.0000000000  4.3852089011e-07  4.3936290311e-07    0.079708333333    0.034708333333
 4.3781942315e-07 -6.6760233637e-11  1.0199662637e-05      0.0000000000  4.3878327933e-07  4.3981372555e-07    0.079725000000    0.034725000000
 4.3845094291e-07 -4.1192890899e-11  1.0199992807e-05      0.0000000000  4.3904566856e-07  4.3859687916e-07    0.079741666667    0.034741666667
 4.3877722953e-07 -3.6767121470e-11  1.0200322635e-05      0.0000000000  4.3930805778e-07  4.3960677236e-07    0.079758333333    0.034758333333
 4.3888339396e-07 -4.7587827174e-11  1.0200662643e-05      0.0000000000  4.3957044700e-07  4.3887870214e-07    0.079775000000    0.034775000000
 4.3911085627e-07 -5.0006993192e-11  1.0200992799e-05      0.0000000000  4.3983283622e-07  4.3955987261e-07    0.079791666667    0.034791666667
 4.3905246262e-07 -7.2225598110e-11  1.0201322641e-05      0.0000000000  4.4009522544e-07  4.4041991617e-07    0.079808333333    0.034808333333
 4.3916583734e-07 -8.2546892054e-11  1.0201662643e-05      0.0000000000  4.4035761466e-07  4.4141380402e-07    0.079825000000    0.034825000000
 4.3909899164e-07 -1.0538241420e-10  1.0201992799e-05      0.0000000000  4.4062045863e-07  4.3980683916e-07    0.079841666667    0.034841666667
 4.3956376747e-07 -9.1364370940e-11  1.0202322648e-05      0.0000000000  4.4088284785e-07  4.4089800114e-07    0.079858333333    0.034858333333
 4.3961765871e-07 -1.0580571013e-10  1.0202662635e-05      0.0000000000  4.4114523708e-07  4.4122518308e-07    0.079875000000    0.034875000000
 4.3977823822e-07 -1.1288892368e-10  1.0202992805e-05      0.0000000000  4.4140808104e-07  4.4145936737e-07    0.079891666667    0.034891666667
 4.4005498738e-07 -1.1189430144e-10  1.0203322637e-05      0.0000000000  4.4167047027e-07  4.4173840749e-07    0.079908333333    0.034908333333
 4.4039651138e-07 -1.0641313464e-10  1.0203662642e-05      0.0000000000  4.4193285949e-07  4.4243486008e-07    0.079925000000    0.034925000000
 4.4080057802e-07 -9.6631531714e-11  1.0203992801e-05      0.0000000000  4.4219570346e-07  4.4280240127e-07    0.079941666667    0.034941666667
 4.4114748103e-07 -9.0777795529e-11  1.0204322636e-05      0.0000000000  4.4245809268e-07  4.4197708837e-07    0.079958333333    0.034958333333
 4.4150722809e-07 -8.4065929715e-11  1.0204662645e-05      0.0000000000  4.4272093665e-07  4.4298058257e-07    0.079975000000    0.034975000000
 4.4159035863e-07 -9.6482047428e-11  1.0204992797e-05      0.0000000000  4.4298332587e-07  4.4430850731e-07    0.079991666667    0.034991666667
 4.4211631231e-07 -7.8258098358e-11  1.0205322643e-05      0.0000000000  4.4324616984e-07  4.4302789110e-07    0.080008333333    0.035008333333
 4.4243852380e-07 -7.4114587440e-11  1.0205662637e-05      0.0000000000  4.4350855906e-07  4.4370947035e-07    0.080025000000    0.035025000000
 4.4250207210e-07 -8.7918540473e-11  1.0205992804e-05      0.0000000000  4.4377140303e-07  4.4451454860e-07    0.080041666667    0.035041666667
 4.4301876736e-07 -7.0304366114e-11  1.0206322639e-05      0.0000000000  4.4403379225e-07  4.4494540366e-07    0.080058333333    0.035058333333
 4.4315242515e-07 -7.9252277251e-11  1.0206662640e-05      0.0000000000  4.4429663622e-07  4.4508056864e-07    0.080075000000    0.035075000000
 4.4359518175e-07 -6.6790865530e-11  1.0206992803e-05      0.0000000000  4.4455948019e-07  4.4572801468e-07    0.080091666667    0.035091666667
 4.4361292905e-07 -8.3735666708e-11  1.0207322635e-05      0.0000000000  4.4482186941e-07  4.4484812953e-07    0.080108333333    0.035108333333
 4.4409576336e-07 -6.8498324330e-11  1.0207662643e-05      0.0000000000  4.4508471338e-07  4.4480773884e-07    0.080125000000    0.035125000000
 4.4419772828e-07 -7.9641400547e-11  1.0207992796e-05      0.0000000000  4.4534755734e-07  4.4603838944e-07    0.080141666667    0.035141666667
 4.4460693559e-07 -6.9503735870e-11  1.0208322641e-05      0.0000000000  4.4561040131e-07  4.4510773684e-07    0.080158333333    0.035158333333
 4.4488608342e-07 -6.8374470380e-11  1.0208662639e-05      0.0000000000  4.4587324528e-07  4.4528236490e-07    0.080175000000    0.035175000000
 4.4515130241e-07 -6.8178470210e-11  1.0208992802e-05      0.0000000000  4.4613563450e-07  4.4585296014e-07    0.080191666667    0.035191666667
 4.4555774167e-07 -5.8232531088e-11  1.0209322640e-05      0.0000000000  4.4639847847e-07  4.4729023376e-07    0.080208333333    0.035208333333
 4.4590693086e-07 -5.2251942815e-11  1.0209662638e-05      0.0000000000  4.4666132244e-07  4.4715170420e-07    0.080225000000    0.035225000000
 4.4585061070e-07 -7.4358426682e-11  1.0209992805e-05      0.0000000000  4.4692416641e-07  4.4649320535e-07    0.080241666667    0.035241666667
 4.4643200854e-07 -5.2294211033e-11  1.0210322633e-05      0.0000000000  4.4718701038e-07  4.4757446226e-07    0.080258333333    0.035258333333
 4.4675390222e-07 -4.8204210697e-11  1.0210662641e-05      0.0000000000  4.4744985435e-07  4.4689645198e-07    0.080275000000    0.035275000000
 4.4691435294e-07 -5.5296344300e-11  1.0210992798e-05      0.0000000000  4.4771269832e-07  4.4679900490e-07    0.080291666667    0.035291666667
 4.4739871957e-07 -3.9952868132e-11  1.0211322639e-05      0.0000000000  4.4797554229e-07  4.4762787106e-07    0.080308333333    0.035308333333
 4.4746665334e-07 -5.3484564860e-11  1.0211662637e-05      0.0000000000  4.4823884100e-07  4.4841045063e-07    0.080325000000    0.035325000000
 4.4770549821e-07 -5.5146830861e-11  1.0211992801e-05      0.0000000000  4.4850168497e-07  4.4805534581e-07    0.080341666667    0.035341666667
 4.4784752802e-07 -6.3514864724e-11  1.0212322642e-05      0.0000000000  4.4876452894e-07  4.4858765715e-07    0.080358333333    0.035358333333
 4.4786865591e-07 -8.0257011896e-11  1.0212662637e-05      0.0000000000  4.4902737291e-07  4.4978582539e-07    0.080375000000    0.035375000000
 4.4830576364e-07 -6.8186860957e-11  1.0212992803e-05      0.0000000000  4.4929021688e-07  4.4939371018e-07    0.080391666667    0.035391666667
 4.4826286093e-07 -8.9395500615e-11  1.0213322635e-05      0.0000000000  4.4955351559e-07  4.4969117689e-07    0.080408333333    0.035408333333
 4.4881779662e-07 -6.9164151667e-11  1.0213662640e-05      0.0000000000  4.4981635956e-07  4.4960692086e-07    0.080425000000    0.035425000000
 4.4909034253e-07 -6.8492159029e-11  1.0213992799e-05      0.0000000000  4.5007920353e-07  4.4993054955e-07    0.080441666667    0.035441666667
 4.4923832713e-07 -7.6447742365e-11  1.0214322638e-05      0.0000000000  4.5034204750e-07  4.5072089597e-07    0.080458333333    0.035458333333
 4.4957020357e-07 -7.1697796664e-11  1.0214662639e-05      0.0000000000  4.5060534622e-07  4.5026479082e-07    0.080475000000    0.035475000000
 4.4980734245e-07 -7.3478225568e-11  1.0214992799e-05      0.0000000000  4.5086819018e-07  4.5142442361e-07    0.080491666667    0.035491666667
 4.5016526237e-07 -6.6924412581e-11  1.0215322641e-05      0.0000000000  4.5113148890e-07  4.5105858043e-07    0.080508333333    0.035508333333
 4.5008699337e-07 -9.0551154261e-11  1.0215662635e-05      0.0000000000  4.5139433287e-07  4.5097706009e-07    0.080525000000    0.035525000000
 4.5054531719e-07 -7.7042996418e-11  1.0215992802e-05      0.0000000000  4.5165763159e-07  4.5193701913e-07    0.080541666667    0.035541666667
 4.5065243908e-07 -8.7828882002e-11  1.0216322637e-05      0.0000000000  4.5192047555e-07  4.5167615403e-07    0.080558333333    0.035558333333
 4.5111821794e-07 -7.3804360602e-11  1.0216662638e-05      0.0000000000  4.5218377427e-07  4.5307426329e-07    0.080575000000    0.035575000000
 4.5153618977e-07 -6.3059632856e-11  1.0216992801e-05      0.0000000000  4.5244661824e-07  4.5366400835e-07    0.080591666667    0.035591666667
 4.5163911536e-07 -7.4167666876e-11  1.0217322636e-05      0.0000000000  4.5270991696e-07  4.5371817181e-07    0.080608333333    0.035608333333
 4.5190326775e-07 -7.4108538577e-11  1.0217662641e-05      0.0000000000  4.5297321567e-07  4.5246378047e-07    0.080625000000    0.035625000000
 4.5233134671e-07 -6.2663753465e-11  1.0217992797e-05      0.0000000000  4.5323605964e-07  4.5360720352e-07    0.080641666667    0.035641666667
 4.5221043594e-07 -8.9275519080e-11  1.0218322639e-05      0.0000000000  4.5349935836e-07  4.5383478442e-07    0.080658333333    0.035658333333
 4.5285363578e-07 -6.2962166836e-11  1.0218662634e-05      0.0000000000  4.5376265707e-07  4.5361986001e-07    0.080675000000    0.035675000000
 4.5284898190e-07 -8.1521551651e-11  1.0218992800e-05      0.0000000000  4.5402595579e-07  4.5408349615e-07    0.080691666667    0.035691666667
 4.5301505636e-07 -8.8224164067e-11  1.0219322639e-05      0.0000000000  4.5428879976e-07  4.5461989530e-07    0.080708333333    0.035708333333
 4.5333817736e-07 -8.4080652219e-11  1.0219662637e-05      0.0000000000  4.5455209847e-07  4.5442165229e-07    0.080725000000    0.035725000000
 4.5337327577e-07 -9.9886647084e-11  1.0219992803e-05      0.0000000000  4.5481539719e-07  4.5480949102e-07    0.080741666667    0.035741666667
 4.5354408599e-07 -1.0629274140e-10  1.0220322635e-05      0.0000000000  4.5507869591e-07  4.5511374979e-07    0.080758333333    0.035758333333
 4.5390042523e-07 -9.9848411848e-11  1.0220662640e-05      0.0000000000  4.5534199462e-07  4.5511291650e-07    0.080775000000    0.035775000000
 4.5415055646e-07 -1.0076044011e-10  1.0220992796e-05      0.0000000000  4.5560529334e-07  4.5610207193e-07    0.080791666667    0.035791666667
 4.5456417783e-07 -9.0348538951e-11  1.0221322638e-05      0.0000000000  4.5586859205e-07  4.5491819529e-07    0.080808333333    0.035808333333
 4.5502995669e-07 -7.6324017551e-11  1.0221662639e-05      0.0000000000  4.5613189077e-07  4.5635039060e-07    0.080825000000    0.035825000000
 4.5541128669e-07 -6.8148735646e-11  1.0221992799e-05      0.0000000000  4.5639518949e-07  4.5625385542e-07    0.080841666667    0.035841666667
 4.5569422443e-07 -6.6788464455e-11  1.0222322637e-05      0.0000000000  4.5665848820e-07  4.5573907450e-07    0.080858333333    0.035858333333
 4.5595914925e-07 -6.6675834362e-11  1.0222662635e-05      0.0000000000  4.5692178692e-07  4.5691710242e-07    0.080875000000    0.035875000000
 4.5623371123e-07 -6.5895699534e-11  1.0222992805e-05      0.0000000000  4.5718508564e-07  4.5613464862e-07    0.080891666667    0.035891666667
 4.5655183049e-07 -6.2098626143e-11  1.0223322633e-05      0.0000000000  4.5744838435e-07  4.5649333813e-07    0.080908333333    0.035908333333
 4.5685151869e-07 -5.9578156252e-11  1.0223662638e-05      0.0000000000  4.5771168307e-07  4.5795476127e-07    0.080925000000    0.035925000000
 4.5719038059e-07 -5.4375869170e-11  1.0223992798e-05      0.0000000000  4.5797543653e-07  4.5808344864e-07    0.080941666667    0.035941666667
 4.5740036384e-07 -5.8068695254e-11  1.0224322636e-05      0.0000000000  4.5823873525e-07  4.5775120411e-07    0.080958333333    0.035958333333
 4.5799669781e-07 -3.5001445429e-11  1.0224662637e-05      0.0000000000  4.5850203396e-07  4.5885376479e-07    0.080975000000    0.035975000000
 4.5805740177e-07 -4.9033904880e-11  1.0224992797e-05      0.0000000000  4.5876533268e-07  4.5924276698e-07    0.080991666667    0.035991666667
 4.5834777919e-07 -4.7189831552e-11  1.0225322639e-05      0.0000000000  4.5902908614e-07  4.5888182918e-07    0.081008333333    0.036008333333
 4.5829545789e-07 -6.9050837770e-11  1.0225662633e-05      0.0000000000  4.5929238486e-07  4.5980281253e-07    0.081025000000    0.036025000000
 4.5855278313e-07 -6.9464583157e-11  1.0225992804e-05      0.0000000000  4.5955568358e-07  4.5885135928e-07    0.081041666667    0.036041666667
 4.5861306374e-07 -8.3557863190e-11  1.0226322635e-05      0.0000000000  4.5981943704e-07  4.5920809922e-07    0.081058333333    0.036058333333
 4.5862743621e-07 -1.0079941241e-10  1.0226662636e-05      0.0000000000  4.6008273576e-07  4.6011683487e-07    0.081075000000    0.036075000000
 4.5893863254e-07 -9.7513344525e-11  1.0226992799e-05      0.0000000000  4.6034648922e-07  4.6068997712e-07    0.081091666667    0.036091666667
 4.5922108748e-07 -9.6186514268e-11  1.0227322634e-05      0.0000000000  4.6060978794e-07  4.6083691813e-07    0.081108333333    0.036108333333
 4.5949419235e-07 -9.5538801003e-11  1.0227662636e-05      0.0000000000  4.6087354140e-07  4.6160358670e-07    0.081125000000    0.036125000000
 4.5972457609e-07 -9.7818613444e-11  1.0227992795e-05      0.0000000000  4.6113684011e-07  4.6032834753e-07    0.081141666667    0.036141666667
 4.5992098025e-07 -1.0248347468e-10  1.0228322641e-05      0.0000000000  4.6140059358e-07  4.6178330879e-07    0.081158333333    0.036158333333
 4.6062572384e-07 -7.1907374896e-11  1.0228662632e-05      0.0000000000  4.6166389229e-07  4.6119909801e-07    0.081175000000    0.036175000000
 4.6063929249e-07 -8.9236097704e-11  1.0228992802e-05      0.0000000000  4.6192764576e-07  4.6215495351e-07    0.081191666667    0.036191666667
 4.6133905453e-07 -5.9036536458e-11  1.0229322633e-05      0.0000000000  4.6219139922e-07  4.6231046320e-07    0.081208333333    0.036208333333
 4.6143814626e-07 -7.0410117775e-11  1.0229662635e-05      0.0000000000  4.6245469794e-07  4.6281211597e-07    0.081225000000    0.036225000000
 4.6167603407e-07 -7.2201668053e-11  1.0229992801e-05      0.0000000000  4.6271845140e-07  4.6245224728e-07    0.081241666667    0.036241666667
 4.6228280449e-07 -4.8443049118e-11  1.0230322633e-05      0.0000000000  4.6298220486e-07  4.6248770116e-07    0.081258333333    0.036258333333
 4.6225746142e-07 -6.8466940968e-11  1.0230662638e-05      0.0000000000  4.6324595833e-07  4.6292085169e-07    0.081275000000    0.036275000000
 4.6266380142e-07 -5.8559374253e-11  1.0230992794e-05      0.0000000000  4.6350925704e-07  4.6454533124e-07    0.081291666667    0.036291666667
 4.6287274277e-07 -6.2355863068e-11  1.0231322639e-05      0.0000000000  4.6377301051e-07  4.6486281249e-07    0.081308333333    0.036308333333
 4.6302095796e-07 -7.0358470054e-11  1.0231662634e-05      0.0000000000  4.6403676397e-07  4.6553547717e-07    0.081325000000    0.036325000000
 4.6340277491e-07 -6.2180957671e-11  1.0231992800e-05      0.0000000000  4.6430051744e-07  4.6484158733e-07    0.081341666667    0.036341666667
 4.6353446487e-07 -7.1328162523e-11  1.0232322635e-05      0.0000000000  4.6456427090e-07  4.6376204415e-07    0.081358333333    0.036358333333
 4.6401048380e-07 -5.6625874164e-11  1.0232662633e-05      0.0000000000  4.6482802436e-07  4.6518634684e-07    0.081375000000    0.036375000000
 4.6397184338e-07 -7.7570788934e-11  1.0232992803e-05      0.0000000000  4.6509177783e-07  4.6446423540e-07    0.081391666667    0.036391666667
 4.6456467655e-07 -5.4777515574e-11  1.0233322631e-05      0.0000000000  4.6535553129e-07  4.6450489337e-07    0.081408333333    0.036408333333
 4.6477237522e-07 -5.8660077319e-11  1.0233662640e-05      0.0000000000  4.6561928475e-07  4.6380759178e-07    0.081425000000    0.036425000000
 4.6503202217e-07 -5.8944509277e-11  1.0233992792e-05      0.0000000000  4.6588303822e-07  4.6634662424e-07    0.081441666667    0.036441666667
 4.6521352320e-07 -6.4641616458e-11  1.0234322638e-05      0.0000000000  4.6614679168e-07  4.6627132995e-07    0.081458333333    0.036458333333
 4.6524869361e-07 -8.0474121173e-11  1.0234662632e-05      0.0000000000  4.6641054514e-07  4.6613278467e-07    0.081475000000    0.036475000000
 4.6553980446e-07 -7.8579247975e-11  1.0234992795e-05      0.0000000000  4.6667429861e-07  4.6737079333e-07    0.081491666667    0.036491666667
 4.6603741326e-07 -6.2413062360e-11  1.0235322637e-05      0.0000000000  4.6693850682e-07  4.6742744093e-07    0.081508333333    0.036508333333
 4.6638442221e-07 -5.6646480332e-11  1.0235662632e-05      0.0000000000  4.6720226028e-07  4.6755194615e-07    0.081525000000    0.036525000000
 4.6683573332e-07 -4.3655546126e-11  1.0235992802e-05      0.0000000000  4.6746601374e-07  4.6692820940e-07    0.081541666667    0.036541666667
 4.6730169694e-07 -2.9649724906e-11  1.0236322633e-05      0.0000000000  4.6772976721e-07  4.7000500885e-07    0.081558333333    0.036558333333
 4.6750727536e-07 -3.3710640919e-11  1.0236662638e-05      0.0000000000  4.6799397542e-07  4.6808770068e-07    0.081575000000    0.036575000000
 4.6766927978e-07 -4.0758154837e-11  1.0236992794e-05      0.0000000000  4.6825772888e-07  4.6928483125e-07    0.081591666667    0.036591666667
 4.6771641133e-07 -5.5762186777e-11  1.0237322636e-05      0.0000000000  4.6852148235e-07  4.6995942978e-07    0.081608333333    0.036608333333
 4.6770877592e-07 -7.4591078314e-11  1.0237662634e-05      0.0000000000  4.6878569056e-07  4.6932262776e-07    0.081625000000    0.036625000000
 4.6759475096e-07 -1.0075740541e-10  1.0237992797e-05      0.0000000000  4.6904944402e-07  4.6883951164e-07    0.081641666667    0.036641666667
 4.6787259091e-07 -9.9781723005e-11  1.0238322639e-05      0.0000000000  4.6931319748e-07  4.6948054297e-07    0.081658333333    0.036658333333
 4.6813585063e-07 -9.9847418957e-11  1.0238662630e-05      0.0000000000  4.6957740569e-07  4.7192220697e-07    0.081675000000    0.036675000000
 4.6853226505e-07 -9.0658831864e-11  1.0238992800e-05      0.0000000000  4.6984115916e-07  4.6921313737e-07    0.081691666667    0.036691666667
 4.6847470904e-07 -1.1294540867e-10  1.0239322631e-05      0.0000000000  4.7010536737e-07  4.6880085040e-07    0.081708333333    0.036708333333
 4.6914308440e-07 -8.4919804248e-11  1.0239662636e-05      0.0000000000  4.7036912083e-07  4.6982086878e-07    0.081725000000    0.036725000000
 4.6923138206e-07 -9.7104017311e-11  1.0239992796e-05      0.0000000000  4.7063332904e-07  4.6903883949e-07    0.081741666667    0.036741666667
 4.6959209461e-07 -9.0419770797e-11  1.0240322634e-05      0.0000000000  4.7089753725e-07  4.6898415718e-07    0.081758333333    0.036758333333
 4.6987189492e-07 -8.9308307465e-11  1.0240662636e-05      0.0000000000  4.7116129072e-07  4.7102068787e-07    0.081775000000    0.036775000000
 4.7002188115e-07 -9.7219742564e-11  1.0240992795e-05      0.0000000000  4.7142549893e-07  4.7067707609e-07    0.081791666667    0.036791666667
 4.7058181804e-07 -7.6704986783e-11  1.0241322637e-05      0.0000000000  4.7168925239e-07  4.7144328871e-07    0.081808333333    0.036808333333
 4.7100936571e-07 -6.5391493420e-11  1.0241662628e-05      0.0000000000  4.7195346060e-07  4.7232127145e-07    0.081825000000    0.036825000000
 4.7117599340e-07 -7.2150280400e-11  1.0241992798e-05      0.0000000000  4.7221766881e-07  4.7482107668e-07    0.081841666667    0.036841666667
 4.7166051754e-07 -5.6890386668e-11  1.0242322633e-05      0.0000000000  4.7248187702e-07  4.7206608212e-07    0.081858333333    0.036858333333
 4.7180255270e-07 -6.5321045015e-11  1.0242662635e-05      0.0000000000  4.7274563049e-07  4.7328863572e-07    0.081875000000    0.036875000000
 4.7208961206e-07 -6.3738289823e-11  1.0242992798e-05      0.0000000000  4.7300983870e-07  4.7342229135e-07    0.081891666667    0.036891666667
 4.7226855839e-07 -6.9643842563e-11  1.0243322633e-05      0.0000000000  4.7327404691e-07  4.7346409705e-07    0.081908333333    0.036908333333
 4.7243885882e-07 -7.6148241562e-11  1.0243662638e-05      0.0000000000  4.7353825512e-07  4.7287823542e-07    0.081925000000    0.036925000000
 4.7279848633e-07 -6.9539149245e-11  1.0243992790e-05      0.0000000000  4.7380246333e-07  4.7482107668e-07    0.081941666667    0.036941666667
 4.7311395858e-07 -6.5988412653e-11  1.0244322636e-05      0.0000000000  4.7406667154e-07  4.7351926675e-07    0.081958333333    0.036958333333
 4.7334400006e-07 -6.8354926310e-11  1.0244662630e-05      0.0000000000  4.7433087975e-07  4.7298868488e-07    0.081975000000    0.036975000000
 4.7347425510e-07 -7.7633016701e-11  1.0244992797e-05      0.0000000000  4.7459508796e-07  4.7379038282e-07    0.081991666667    0.036991666667
 4.7381258089e-07 -7.2499359871e-11  1.0245322635e-05      0.0000000000  4.7485929618e-07  4.7342284163e-07    0.082008333333    0.037008333333
 4.7383584588e-07 -8.9187976096e-11  1.0245662633e-05      0.0000000000  4.7512350439e-07  4.7402447277e-07    0.082025000000    0.037025000000
 4.7408983209e-07 -8.9895989673e-11  1.0245992800e-05      0.0000000000  4.7538771260e-07  4.7492267445e-07    0.082041666667    0.037041666667
 4.7436906048e-07 -8.8855636441e-11  1.0246322628e-05      0.0000000000  4.7565192081e-07  4.7594165516e-07    0.082058333333    0.037058333333
 4.7444099404e-07 -1.0217328805e-10  1.0246662636e-05      0.0000000000  4.7591612902e-07  4.7591282039e-07    0.082075000000    0.037075000000
 4.7485287896e-07 -9.1944654130e-11  1.0246992792e-05      0.0000000000  4.7618033723e-07  4.7664098494e-07    0.082091666667    0.037091666667
 4.7482150803e-07 -1.1241755529e-10  1.0247322634e-05      0.0000000000  4.7644454544e-07  4.7685644391e-07    0.082108333333    0.037108333333
 4.7512571116e-07 -1.0964736009e-10  1.0247662632e-05      0.0000000000  4.7670875365e-07  4.7691511969e-07    0.082125000000    0.037125000000
 4.7552992343e-07 -9.9981660429e-11  1.0247992795e-05      0.0000000000  4.7697341661e-07  4.7495158784e-07    0.082141666667    0.037141666667
 4.7589654267e-07 -9.2888294528e-11  1.0248322637e-05      0.0000000000  4.7723762482e-07  4.7783162218e-07    0.082158333333    0.037158333333
 4.7597594383e-07 -1.0568871279e-10  1.0248662628e-05      0.0000000000  4.7750183303e-07  4.7720544846e-07    0.082175000000    0.037175000000
 4.7645028976e-07 -9.1133799103e-11  1.0248992798e-05      0.0000000000  4.7776604124e-07  4.7854827798e-07    0.082191666667    0.037191666667
 4.7680831883e-07 -8.4666918198e-11  1.0249322630e-05      0.0000000000  4.7803070420e-07  4.7978996566e-07    0.082208333333    0.037208333333
 4.7714342261e-07 -7.9756429174e-11  1.0249662635e-05      0.0000000000  4.7829491241e-07  4.8007931965e-07    0.082225000000    0.037225000000
 4.7772159138e-07 -5.8010363666e-11  1.0249992794e-05      0.0000000000  4.7855912062e-07  4.7826313758e-07    0.082241666667    0.037241666667
 4.7795519726e-07 -6.0161490963e-11  1.0250322633e-05      0.0000000000  4.7882378358e-07  4.7704399573e-07    0.082258333333    0.037258333333
 4.7818910146e-07 -6.2260458640e-11  1.0250662634e-05      0.0000000000  4.7908799179e-07  4.7941456330e-07    0.082275000000    0.037275000000
 4.7875367511e-07 -4.1487538658e-11  1.0250992794e-05      0.0000000000  4.7935265475e-07  4.7898057949e-07    0.082291666667    0.037291666667
 4.7854431997e-07 -7.4288282005e-11  1.0251322636e-05      0.0000000000  4.7961686296e-07  4.7839823967e-07    0.082308333333    0.037308333333
 4.7906193451e-07 -5.6767923152e-11  1.0251662626e-05      0.0000000000  4.7988152592e-07  4.7959087365e-07    0.082325000000    0.037325000000
 4.7935192304e-07 -5.4982283088e-11  1.0251992797e-05      0.0000000000  4.8014573413e-07  4.7943165349e-07    0.082341666667    0.037341666667
 4.7966229778e-07 -5.1816116776e-11  1.0252322631e-05      0.0000000000  4.8041039709e-07  4.7993547594e-07    0.082358333333    0.037358333333
 4.7999765886e-07 -4.6887806159e-11  1.0252662633e-05      0.0000000000  4.8067460530e-07  4.8084762334e-07    0.082375000000    0.037375000000
 4.8021519615e-07 -5.0151904007e-11  1.0252992796e-05      0.0000000000  4.8093926826e-07  4.8188322257e-07    0.082391666667    0.037391666667
 4.8039356294e-07 -5.6097596971e-11  1.0253322627e-05      0.0000000000  4.8120347647e-07  4.8149300976e-07    0.082408333333    0.037408333333
 4.8087461193e-07 -4.1109903097e-11  1.0253662636e-05      0.0000000000  4.8146813943e-07  4.8224892424e-07    0.082425000000    0.037425000000
 4.8109789479e-07 -4.3976040873e-11  1.0253992792e-05      0.0000000000  4.8173280238e-07  4.8319883671e-07    0.082441666667    0.037441666667
 4.8120948739e-07 -5.4546761244e-11  1.0254322634e-05      0.0000000000  4.8199701059e-07  4.8263308395e-07    0.082458333333    0.037458333333
 4.8146212925e-07 -5.5379386714e-11  1.0254662628e-05      0.0000000000  4.8226167355e-07  4.8213323925e-07    0.082475000000    0.037475000000
 4.8175761020e-07 -5.3244818630e-11  1.0254992795e-05      0.0000000000  4.8252633651e-07  4.8304136173e-07    0.082491666667    0.037491666667
 4.8191616952e-07 -6.0593947748e-11  1.0255322633e-05      0.0000000000  4.8279099947e-07  4.8185169927e-07    0.082508333333    0.037508333333
 4.8231095411e-07 -5.1581243865e-11  1.0255662628e-05      0.0000000000  4.8305566243e-07  4.8205862101e-07    0.082525000000    0.037525000000
 4.8260747696e-07 -4.9343013050e-11  1.0255992798e-05      0.0000000000  4.8331987064e-07  4.8265290982e-07    0.082541666667    0.037541666667
 4.8268883298e-07 -6.2039527067e-11  1.0256322626e-05      0.0000000000  4.8358453360e-07  4.8418969015e-07    0.082558333333    0.037558333333
 4.8285958830e-07 -6.8543916348e-11  1.0256662638e-05      0.0000000000  4.8384919656e-07  4.8482193269e-07    0.082575000000    0.037575000000
 4.8294616836e-07 -8.0878594644e-11  1.0256992790e-05      0.0000000000  4.8411385951e-07  4.8418467472e-07    0.082591666667    0.037591666667
 4.8307337655e-07 -9.0399219248e-11  1.0257322632e-05      0.0000000000  4.8437852247e-07  4.8379939873e-07    0.082608333333    0.037608333333
 4.8335691907e-07 -8.9091550901e-11  1.0257662630e-05      0.0000000000  4.8464318543e-07  4.8334521171e-07    0.082625000000    0.037625000000
 4.8346078396e-07 -1.0022901784e-10  1.0257992793e-05      0.0000000000  4.8490784839e-07  4.8414368657e-07    0.082641666667    0.037641666667
 4.8393816661e-07 -8.5495267797e-11  1.0258322632e-05      0.0000000000  4.8517251135e-07  4.8393272419e-07    0.082658333333    0.037658333333
 4.8427990531e-07 -8.0156717695e-11  1.0258662626e-05      0.0000000000  4.8543717430e-07  4.8699941418e-07    0.082675000000    0.037675000000
 4.8478142239e-07 -6.3751328076e-11  1.0258992800e-05      0.0000000000  4.8570183726e-07  4.8670235625e-07    0.082691666667    0.037691666667
 4.8515573888e-07 -5.6156319937e-11  1.0259322624e-05      0.0000000000  4.8596650022e-07  4.8588058087e-07    0.082708333333    0.037708333333
 4.8514083293e-07 -7.5520293717e-11  1.0259662633e-05      0.0000000000  4.8623116318e-07  4.8623046587e-07    0.082725000000    0.037725000000
 4.8547278298e-07 -7.0859741439e-11  1.0259992792e-05      0.0000000000  4.8649582614e-07  4.8687009791e-07    0.082741666667    0.037741666667
 4.8588559625e-07 -6.0598304584e-11  1.0260322627e-05      0.0000000000  4.8676048910e-07  4.8664773683e-07    0.082758333333    0.037758333333
 4.8603723611e-07 -6.8458198631e-11  1.0260662632e-05      0.0000000000  4.8702560680e-07  4.8728266789e-07    0.082775000000    0.037775000000
 4.8646966141e-07 -5.6838360306e-11  1.0260992792e-05      0.0000000000  4.8729026976e-07  4.8833290462e-07    0.082791666667    0.037791666667
 4.8664268942e-07 -6.3185334764e-11  1.0261322637e-05      0.0000000000  4.8755493272e-07  4.8815783634e-07    0.082808333333    0.037808333333
 4.8713120573e-07 -4.7680426041e-11  1.0261662625e-05      0.0000000000  4.8781959568e-07  4.8774567514e-07    0.082825000000    0.037825000000
 4.8726900131e-07 -5.6499225460e-11  1.0261992798e-05      0.0000000000  4.8808471338e-07  4.8774397713e-07    0.082841666667    0.037841666667
 4.8749222674e-07 -5.9369342097e-11  1.0262322626e-05      0.0000000000  4.8834937634e-07  4.8819470523e-07    0.082858333333    0.037858333333
 4.8770289519e-07 -6.3109200619e-11  1.0262662631e-05      0.0000000000  4.8861403930e-07  4.8796935690e-07    0.082875000000    0.037875000000
 4.8796738317e-07 -6.3152817594e-11  1.0262992794e-05      0.0000000000  4.8887915700e-07  4.8864216309e-07    0.082891666667    0.037891666667
 4.8794752384e-07 -8.2859880184e-11  1.0263322626e-05      0.0000000000  4.8914381996e-07  4.8980912248e-07    0.082908333333    0.037908333333
 4.8843629772e-07 -6.7337131362e-11  1.0263662634e-05      0.0000000000  4.8940848292e-07  4.8943818527e-07    0.082925000000    0.037925000000
 4.8826330081e-07 -9.7682565251e-11  1.0263992790e-05      0.0000000000  4.8967360063e-07  4.8981333607e-07    0.082941666667    0.037941666667
 4.8876770537e-07 -8.1077177748e-11  1.0264322632e-05      0.0000000000  4.8993826358e-07  4.9198224888e-07    0.082958333333    0.037958333333
 4.8917427516e-07 -7.1279684813e-11  1.0264662626e-05      0.0000000000  4.9020338129e-07  4.9014861502e-07    0.082975000000    0.037975000000
 4.8911052055e-07 -9.4027096471e-11  1.0264992797e-05      0.0000000000  4.9046804425e-07  4.8941287230e-07    0.082991666667    0.037991666667
 4.8967795377e-07 -7.3087609822e-11  1.0265322628e-05      0.0000000000  4.9073316195e-07  4.9068092635e-07    0.083008333333    0.038008333333
 4.9004029282e-07 -6.6322203343e-11  1.0265662629e-05      0.0000000000  4.9099782491e-07  4.9109038331e-07    0.083025000000    0.038025000000
 4.9018063122e-07 -7.4964878041e-11  1.0265992796e-05      0.0000000000  4.9126294262e-07  4.9143835018e-07    0.083041666667    0.038041666667
 4.9062193527e-07 -6.2761562498e-11  1.0266322624e-05      0.0000000000  4.9152806032e-07  4.9286961787e-07    0.083058333333    0.038058333333
 4.9094307361e-07 -5.8849868772e-11  1.0266662632e-05      0.0000000000  4.9179272328e-07  4.9223907334e-07    0.083075000000    0.038075000000
 4.9104253300e-07 -7.0323974603e-11  1.0266992789e-05      0.0000000000  4.9205784099e-07  4.9118206028e-07    0.083091666667    0.038091666667
 4.9159790768e-07 -5.0188208980e-11  1.0267322630e-05      0.0000000000  4.9232250394e-07  4.9119386776e-07    0.083108333333    0.038108333333
 4.9172173689e-07 -5.9974371164e-11  1.0267662625e-05      0.0000000000  4.9258762165e-07  4.9332300305e-07    0.083125000000    0.038125000000
 4.9203685673e-07 -5.6511039029e-11  1.0267992795e-05      0.0000000000  4.9285273936e-07  4.9327297455e-07    0.083141666667    0.038141666667
 4.9220346732e-07 -6.3334005025e-11  1.0268322630e-05      0.0000000000  4.9311785706e-07  4.9364224520e-07    0.083158333333    0.038158333333
 4.9259696460e-07 -5.4410464629e-11  1.0268662628e-05      0.0000000000  4.9338252002e-07  4.9410699763e-07    0.083175000000    0.038175000000
 4.9271599434e-07 -6.4529055978e-11  1.0268992798e-05      0.0000000000  4.9364763772e-07  4.9311265383e-07    0.083191666667    0.038191666667
 4.9277174922e-07 -7.9030297360e-11  1.0269322622e-05      0.0000000000  4.9391275543e-07  4.9337908464e-07    0.083208333333    0.038208333333
 4.9309668977e-07 -7.4886746642e-11  1.0269662631e-05      0.0000000000  4.9417787314e-07  4.9373596608e-07    0.083225000000    0.038225000000
 4.9325824011e-07 -8.2060203979e-11  1.0269992790e-05      0.0000000000  4.9444299084e-07  4.9427450347e-07    0.083241666667    0.038241666667
 4.9351430156e-07 -8.2687473519e-11  1.0270322629e-05      0.0000000000  4.9470810855e-07  4.9387712127e-07    0.083258333333    0.038258333333
 4.9379295137e-07 -8.1718693045e-11  1.0270662627e-05      0.0000000000  4.9497277151e-07  4.9417443076e-07    0.083275000000    0.038275000000
 4.9402301423e-07 -8.4146720807e-11  1.0270992793e-05      0.0000000000  4.9523788921e-07  4.9599069144e-07    0.083291666667    0.038291666667
 4.9408773348e-07 -9.8027056386e-11  1.0271322632e-05      0.0000000000  4.9550300692e-07  4.9543806684e-07    0.083308333333    0.038308333333
 4.9453885156e-07 -8.5143984918e-11  1.0271662626e-05      0.0000000000  4.9576812462e-07  4.9519858412e-07    0.083325000000    0.038325000000
 4.9452777693e-07 -1.0427408452e-10  1.0271992796e-05      0.0000000000  4.9603324233e-07  4.9605968107e-07    0.083341666667    0.038341666667
 4.9498968159e-07 -9.0643894090e-11  1.0272322624e-05      0.0000000000  4.9629836003e-07  4.9641673546e-07    0.083358333333    0.038358333333
 4.9536741073e-07 -8.2844011185e-11  1.0272662629e-05      0.0000000000  4.9656347774e-07  4.9504076325e-07    0.083375000000    0.038375000000
 4.9551024359e-07 -9.1313910807e-11  1.0272992792e-05      0.0000000000  4.9682859544e-07  4.9596176233e-07    0.083391666667    0.038391666667
 4.9607311045e-07 -7.0722203858e-11  1.0273322627e-05      0.0000000000  4.9709416790e-07  4.9839569094e-07    0.083408333333    0.038408333333
 4.9627805376e-07 -7.4890104024e-11  1.0273662629e-05      0.0000000000  4.9735928560e-07  4.9795916011e-07    0.083425000000    0.038425000000
 4.9669261884e-07 -6.4538827737e-11  1.0273992792e-05      0.0000000000  4.9762440331e-07  4.9749811815e-07    0.083441666667    0.038441666667
 4.9716767229e-07 -4.9997903909e-11  1.0274322630e-05      0.0000000000  4.9788952101e-07  4.9729179385e-07    0.083458333333    0.038458333333
 4.9769346662e-07 -3.1942480391e-11  1.0274662621e-05      0.0000000000  4.9815463872e-07  4.9773988060e-07    0.083475000000    0.038475000000
 4.9783486735e-07 -4.0511573929e-11  1.0274992795e-05      0.0000000000  4.9841975642e-07  4.9753355631e-07    0.083491666667    0.038491666667
 4.9831058490e-07 -2.5956149929e-11  1.0275322626e-05      0.0000000000  4.9868532888e-07  4.9767056080e-07    0.083508333333    0.038508333333
 4.9845063687e-07 -3.4618663411e-11  1.0275662628e-05      0.0000000000  4.9895044658e-07  4.9982684857e-07    0.083525000000    0.038525000000
 4.9873434118e-07 -3.3331286787e-11  1.0275992794e-05      0.0000000000  4.9921556429e-07  4.9816147521e-07    0.083541666667    0.038541666667
 4.9893957760e-07 -3.7478885511e-11  1.0276322626e-05      0.0000000000  4.9948068199e-07  4.9971902475e-07    0.083558333333    0.038558333333
 4.9897888514e-07 -5.3150827469e-11  1.0276662627e-05      0.0000000000  4.9974625445e-07  5.0042318128e-07    0.083575000000    0.038575000000
 4.9927348505e-07 -5.1108781306e-11  1.0276992790e-05      0.0000000000  5.0001137215e-07  5.0103396283e-07    0.083591666667    0.038591666667
 4.9928757218e-07 -6.8496084501e-11  1.0277322629e-05      0.0000000000  5.0027648986e-07  5.0058271589e-07    0.083608333333    0.038608333333
 4.9923984316e-07 -9.0196499737e-11  1.0277662623e-05      0.0000000000  5.0054206231e-07  5.0077122677e-07    0.083625000000    0.038625000000
 4.9964874309e-07 -8.0237613117e-11  1.0277992793e-05      0.0000000000  5.0080718002e-07  5.0265589536e-07    0.083641666667    0.038641666667
 4.9950160436e-07 -1.0882351116e-10  1.0278322628e-05      0.0000000000  5.0107275247e-07  5.0213823724e-07    0.083658333333    0.038658333333
 4.9999263557e-07 -9.3175908937e-11  1.0278662626e-05      0.0000000000  5.0133787018e-07  5.0131922900e-07    0.083675000000    0.038675000000
 5.0023786328e-07 -9.4585061107e-11  1.0278992796e-05      0.0000000000  5.0160344263e-07  5.0225801004e-07    0.083691666667    0.038691666667
 5.0056829531e-07 -9.0061149835e-11  1.0279322624e-05      0.0000000000  5.0186856033e-07  5.0088252523e-07    0.083708333333    0.038708333333
 5.0083369240e-07 -9.0073296335e-11  1.0279662629e-05      0.0000000000  5.0213413279e-07  5.0121315036e-07    0.083725000000    0.038725000000
 5.0097208328e-07 -9.8850863656e-11  1.0279992789e-05      0.0000000000  5.0239925049e-07  5.0119782107e-07    0.083741666667    0.038741666667
 5.0156153761e-07 -7.6417610538e-11  1.0280322627e-05      0.0000000000  5.0266482295e-07  5.0225475552e-07    0.083758333333    0.038758333333
 5.0181411922e-07 -7.7285906491e-11  1.0280662628e-05      0.0000000000  5.0292994065e-07  5.0242579888e-07    0.083775000000    0.038775000000
 5.0228186339e-07 -6.3282748324e-11  1.0280992792e-05      0.0000000000  5.0319551310e-07  5.0290562904e-07    0.083791666667    0.038791666667
 5.0273921332e-07 -4.9968035267e-11  1.0281322626e-05      0.0000000000  5.0346063081e-07  5.0454342541e-07    0.083808333333    0.038808333333
 5.0300229256e-07 -5.0140724160e-11  1.0281662624e-05      0.0000000000  5.0372620326e-07  5.0335272528e-07    0.083825000000    0.038825000000
 5.0330682687e-07 -4.7442082277e-11  1.0281992798e-05      0.0000000000  5.0399177572e-07  5.0382504016e-07    0.083841666667    0.038841666667
 5.0358876748e-07 -4.6276865923e-11  1.0282322622e-05      0.0000000000  5.0425689342e-07  5.0477306594e-07    0.083858333333    0.038858333333
 5.0382120390e-07 -4.8571990027e-11  1.0282662627e-05      0.0000000000  5.0452246587e-07  5.0380076486e-07    0.083875000000    0.038875000000
 5.0399690512e-07 -5.4796803286e-11  1.0282992791e-05      0.0000000000  5.0478803833e-07  5.0508378658e-07    0.083891666667    0.038891666667
 5.0432495959e-07 -5.0469067877e-11  1.0283322625e-05      0.0000000000  5.0505361078e-07  5.0535707233e-07    0.083908333333    0.038908333333
 5.0465659530e-07 -4.5861785599e-11  1.0283662623e-05      0.0000000000  5.0531872849e-07  5.0631104116e-07    0.083925000000    0.038925000000
 5.0479095100e-07 -5.4950342040e-11  1.0283992790e-05      0.0000000000  5.0558430094e-07  5.0468774079e-07    0.083941666667    0.038941666667
 5.0473289281e-07 -7.7366193401e-11  1.0284322628e-05      0.0000000000  5.0584987339e-07  5.0533611445e-07    0.083958333333    0.038958333333
 5.0500369722e-07 -7.7003808840e-11  1.0284662623e-05      0.0000000000  5.0611544584e-07  5.0710819535e-07    0.083975000000    0.038975000000
 5.0525275532e-07 -7.8147654295e-11  1.0284992796e-05      0.0000000000  5.0638101830e-07  5.0675129818e-07    0.083991666667    0.038991666667
 5.0554453387e-07 -7.6332523005e-11  1.0285322624e-05      0.0000000000  5.0664659075e-07  5.0663718543e-07    0.084008333333    0.039008333333
 5.0560495663e-07 -9.0541946893e-11  1.0285662626e-05      0.0000000000  5.0691216320e-07  5.0712210962e-07    0.084025000000    0.039025000000
 5.0588264176e-07 -8.9671480821e-11  1.0285992792e-05      0.0000000000  5.0717728091e-07  5.0707925052e-07    0.084041666667    0.039041666667
 5.0633614943e-07 -7.6654395316e-11  1.0286322624e-05      0.0000000000  5.0744285336e-07  5.0657585257e-07    0.084058333333    0.039058333333
 5.0642592798e-07 -8.8830528973e-11  1.0286662625e-05      0.0000000000  5.0770842581e-07  5.0636190294e-07    0.084075000000    0.039075000000
 5.0686920907e-07 -7.6521773163e-11  1.0286992788e-05      0.0000000000  5.0797399827e-07  5.0672155151e-07    0.084091666667    0.039091666667
 5.0694951159e-07 -8.9354252240e-11  1.0287322630e-05      0.0000000000  5.0823957072e-07  5.0546844941e-07    0.084108333333    0.039108333333
 5.0737224390e-07 -7.8468781085e-11  1.0287662621e-05      0.0000000000  5.0850514317e-07  5.0723174151e-07    0.084125000000    0.039125000000
 5.0737041165e-07 -9.6990216352e-11  1.0287992795e-05      0.0000000000  5.0877071563e-07  5.0848503229e-07    0.084141666667    0.039141666667
 5.0795937129e-07 -7.4622725006e-11  1.0288322623e-05      0.0000000000  5.0903674283e-07  5.0862071610e-07    0.084158333333    0.039158333333
 5.0785524854e-07 -1.0022917831e-10  1.0288662624e-05      0.0000000000  5.0930231528e-07  5.0887313830e-07    0.084175000000    0.039175000000
 5.0805510689e-07 -1.0478077896e-10  1.0288992794e-05      0.0000000000  5.0956788773e-07  5.1058210972e-07    0.084191666667    0.039191666667
 5.0837986215e-07 -1.0068155968e-10  1.0289322622e-05      0.0000000000  5.0983346018e-07  5.1101513447e-07    0.084208333333    0.039208333333
 5.0841350454e-07 -1.1674589131e-10  1.0289662627e-05      0.0000000000  5.1009903264e-07  5.0918264833e-07    0.084225000000    0.039225000000
 5.0915494421e-07 -8.3785572737e-11  1.0289992787e-05      0.0000000000  5.1036460509e-07  5.1076843520e-07    0.084241666667    0.039241666667
 5.0907614086e-07 -1.0763831090e-10  1.0290322629e-05      0.0000000000  5.1063017754e-07  5.1093884966e-07    0.084258333333    0.039258333333
 5.0987940551e-07 -7.0427264192e-11  1.0290662623e-05      0.0000000000  5.1089620474e-07  5.1121861302e-07    0.084275000000    0.039275000000
 5.1030038027e-07 -5.9663527660e-11  1.0290992790e-05      0.0000000000  5.1116177720e-07  5.1129670589e-07    0.084291666667    0.039291666667
 5.1077173626e-07 -4.5410200955e-11  1.0291322625e-05      0.0000000000  5.1142734965e-07  5.1241805477e-07    0.084308333333    0.039308333333
 5.1106133858e-07 -4.3745803705e-11  1.0291662623e-05      0.0000000000  5.1169292210e-07  5.1139481330e-07    0.084325000000    0.039325000000
 5.1156674710e-07 -2.7165370592e-11  1.0291992796e-05      0.0000000000  5.1195894930e-07  5.1137399692e-07    0.084341666667    0.039341666667
 5.1188253772e-07 -2.3687075626e-11  1.0292322621e-05      0.0000000000  5.1222452176e-07  5.1088706027e-07    0.084358333333    0.039358333333
 5.1206244311e-07 -2.9620691818e-11  1.0292662629e-05      0.0000000000  5.1249009421e-07  5.1237502272e-07    0.084375000000    0.039375000000
 5.1244788646e-07 -2.1349488829e-11  1.0292992785e-05      0.0000000000  5.1275612141e-07  5.1120713571e-07    0.084391666667    0.039391666667
 5.1241575580e-07 -4.1969504651e-11  1.0293322627e-05      0.0000000000  5.1302169386e-07  5.1312379926e-07    0.084408333333    0.039408333333
 5.1275067911e-07 -3.7166008568e-11  1.0293662621e-05      0.0000000000  5.1328726631e-07  5.1366664457e-07    0.084425000000    0.039425000000
 5.1272382471e-07 -5.7452067988e-11  1.0293992788e-05      0.0000000000  5.1355329351e-07  5.1251245171e-07    0.084441666667    0.039441666667
 5.1297832940e-07 -5.8218661952e-11  1.0294322627e-05      0.0000000000  5.1381886597e-07  5.1164729840e-07    0.084458333333    0.039458333333
 5.1308092289e-07 -6.9538683170e-11  1.0294662621e-05      0.0000000000  5.1408489317e-07  5.1406814602e-07    0.084475000000    0.039475000000
 5.1314613845e-07 -8.3416140551e-11  1.0294992795e-05      0.0000000000  5.1435046562e-07  5.1441655312e-07    0.084491666667    0.039491666667
 5.1331398078e-07 -9.0216786986e-11  1.0295322622e-05      0.0000000000  5.1461649282e-07  5.1453723781e-07    0.084508333333    0.039508333333
 5.1321809805e-07 -1.1525250514e-10  1.0295662627e-05      0.0000000000  5.1488206527e-07  5.1490113142e-07    0.084525000000    0.039525000000
 5.1356042551e-07 -1.0996766826e-10  1.0295992787e-05      0.0000000000  5.1514809247e-07  5.1640737896e-07    0.084541666667    0.039541666667
 5.1376325204e-07 -1.1431368212e-10  1.0296322625e-05      0.0000000000  5.1541366493e-07  5.1497466481e-07    0.084558333333    0.039558333333
 5.1434274499e-07 -9.2601888468e-11  1.0296662623e-05      0.0000000000  5.1567969213e-07  5.1571565880e-07    0.084575000000    0.039575000000
 5.1437124991e-07 -1.0902205976e-10  1.0296992790e-05      0.0000000000  5.1594526458e-07  5.1631502592e-07    0.084591666667    0.039591666667
 5.1488120381e-07 -9.2126797003e-11  1.0297322628e-05      0.0000000000  5.1621129178e-07  5.1567092873e-07    0.084608333333    0.039608333333
 5.1535692203e-07 -7.7602824042e-11  1.0297662619e-05      0.0000000000  5.1647731898e-07  5.1692995816e-07    0.084625000000    0.039625000000
 5.1566898833e-07 -7.4382488780e-11  1.0297992793e-05      0.0000000000  5.1674289143e-07  5.1654979193e-07    0.084641666667    0.039641666667
 5.1603675114e-07 -6.7335905017e-11  1.0298322617e-05      0.0000000000  5.1700891863e-07  5.1787417914e-07    0.084658333333    0.039658333333
 5.1636008657e-07 -6.3335028369e-11  1.0298662626e-05      0.0000000000  5.1727449109e-07  5.1656164658e-07    0.084675000000    0.039675000000
 5.1658916005e-07 -6.5894579673e-11  1.0298992789e-05      0.0000000000  5.1754051829e-07  5.1656469671e-07    0.084691666667    0.039691666667
 5.1685393686e-07 -6.5981185919e-11  1.0299322624e-05      0.0000000000  5.1780654549e-07  5.1685711655e-07    0.084708333333    0.039708333333
 5.1713472403e-07 -6.4958855992e-11  1.0299662625e-05      0.0000000000  5.1807257269e-07  5.1785405454e-07    0.084725000000    0.039725000000
 5.1761220501e-07 -5.0281290229e-11  1.0299992785e-05      0.0000000000  5.1833814514e-07  5.1824995884e-07    0.084741666667    0.039741666667
 5.1764459977e-07 -6.6463534457e-11  1.0300322627e-05      0.0000000000  5.1860417234e-07  5.1877297827e-07    0.084758333333    0.039758333333
 5.1773843809e-07 -7.8389971023e-11  1.0300662618e-05      0.0000000000  5.1887019954e-07  5.2037989596e-07    0.084775000000    0.039775000000
 5.1807674198e-07 -7.3383820933e-11  1.0300992791e-05      0.0000000000  5.1913622674e-07  5.1956434663e-07    0.084791666667    0.039791666667
 5.1823151595e-07 -8.1089630366e-11  1.0301322623e-05      0.0000000000  5.1940225394e-07  5.1982670536e-07    0.084808333333    0.039808333333
 5.1863931306e-07 -7.1238625919e-11  1.0301662624e-05      0.0000000000  5.1966782639e-07  5.1968034607e-07    0.084825000000    0.039825000000
 5.1868938836e-07 -8.6196250921e-11  1.0301992791e-05      0.0000000000  5.1993385360e-07  5.2013915546e-07    0.084841666667    0.039841666667
 5.1893694447e-07 -8.7475627002e-11  1.0302322622e-05      0.0000000000  5.2019988080e-07  5.1922963369e-07    0.084858333333    0.039858333333
 5.1938021741e-07 -7.5198932940e-11  1.0302662627e-05      0.0000000000  5.2046590800e-07  5.2073583406e-07    0.084875000000    0.039875000000
 5.1967266915e-07 -7.3368672263e-11  1.0302992783e-05      0.0000000000  5.2073193520e-07  5.2036260139e-07    0.084891666667    0.039891666667
 5.1998814221e-07 -6.9943869374e-11  1.0303322625e-05      0.0000000000  5.2099796240e-07  5.2030101697e-07    0.084908333333    0.039908333333
 5.2034952835e-07 -6.3338957630e-11  1.0303662620e-05      0.0000000000  5.2126398960e-07  5.2104087894e-07    0.084925000000    0.039925000000
 5.2082968534e-07 -4.8507539046e-11  1.0303992790e-05      0.0000000000  5.2153001680e-07  5.1982972405e-07    0.084941666667    0.039941666667
 5.2095925586e-07 -5.7959031870e-11  1.0304322625e-05      0.0000000000  5.2179604400e-07  5.2074820755e-07    0.084958333333    0.039958333333
 5.2119729718e-07 -5.9897436789e-11  1.0304662623e-05      0.0000000000  5.2206207120e-07  5.2050784438e-07    0.084975000000    0.039975000000
 5.2124907847e-07 -7.4736898888e-11  1.0304992793e-05      0.0000000000  5.2232809840e-07  5.2200027198e-07    0.084991666667    0.039991666667
 5.2146299819e-07 -7.8346055077e-11  1.0305322617e-05      0.0000000000  5.2259412560e-07  5.2193702100e-07    0.085008333333    0.040008333333
 5.2159571991e-07 -8.7579284271e-11  1.0305662626e-05      0.0000000000  5.2286015280e-07  5.2244463253e-07    0.085025000000    0.040025000000
 5.2179241197e-07 -9.2381691461e-11  1.0305992785e-05      0.0000000000  5.2312618000e-07  5.2495223604e-07    0.085041666667    0.040041666667
 5.2218407436e-07 -8.3679735187e-11  1.0306322624e-05      0.0000000000  5.2339220720e-07  5.2269098591e-07    0.085058333333    0.040058333333
 5.2216667062e-07 -1.0331120729e-10  1.0306662622e-05      0.0000000000  5.2365823440e-07  5.2413756716e-07    0.085075000000    0.040075000000
 5.2246406343e-07 -1.0113870909e-10  1.0306992788e-05      0.0000000000  5.2392426160e-07  5.2312839719e-07    0.085091666667    0.040091666667
 5.2261494262e-07 -1.0911428526e-10  1.0307322623e-05      0.0000000000  5.2419028880e-07  5.2524828774e-07    0.085108333333    0.040108333333
 5.2299976182e-07 -1.0088631306e-10  1.0307662617e-05      0.0000000000  5.2445631600e-07  5.2514228771e-07    0.085125000000    0.040125000000
 5.2311127227e-07 -1.1162021065e-10  1.0307992791e-05      0.0000000000  5.2472279795e-07  5.2465135758e-07    0.085141666667    0.040141666667
 5.2360762664e-07 -9.5666901466e-11  1.0308322619e-05      0.0000000000  5.2498882515e-07  5.2697802837e-07    0.085158333333    0.040158333333
 5.2370198010e-07 -1.0755765783e-10  1.0308662624e-05      0.0000000000  5.2525485235e-07  5.2451273369e-07    0.085175000000    0.040175000000
 5.2411616738e-07 -9.7295544103e-11  1.0308992787e-05      0.0000000000  5.2552087955e-07  5.2565180165e-07    0.085191666667    0.040191666667
 5.2433359553e-07 -1.0066169370e-10  1.0309322622e-05      0.0000000000  5.2578690675e-07  5.2726208392e-07    0.085208333333    0.040208333333
 5.2456874416e-07 -1.0283195468e-10  1.0309662623e-05      0.0000000000  5.2605338870e-07  5.2498789431e-07    0.085225000000    0.040225000000
 5.2499785061e-07 -9.1536484627e-11  1.0309992787e-05      0.0000000000  5.2631941590e-07  5.2466525613e-07    0.085241666667    0.040241666667
 5.2531829682e-07 -8.7767223459e-11  1.0310322625e-05      0.0000000000  5.2658544310e-07  5.2547270845e-07    0.085258333333    0.040258333333
 5.2576099438e-07 -7.5561880079e-11  1.0310662616e-05      0.0000000000  5.2685192504e-07  5.2796438522e-07    0.085275000000    0.040275000000
 5.2577337740e-07 -9.3130211243e-11  1.0310992790e-05      0.0000000000  5.2711795224e-07  5.2776158273e-07    0.085291666667    0.040291666667
 5.2647990395e-07 -6.2619602571e-11  1.0311322621e-05      0.0000000000  5.2738397944e-07  5.2750401932e-07    0.085308333333    0.040308333333
 5.2638318881e-07 -8.7744474497e-11  1.0311662622e-05      0.0000000000  5.2765000665e-07  5.2806423782e-07    0.085325000000    0.040325000000
 5.2689774300e-07 -7.0562076343e-11  1.0311992789e-05      0.0000000000  5.2791648859e-07  5.2672027629e-07    0.085341666667    0.040341666667
 5.2725628387e-07 -6.4154238483e-11  1.0312322617e-05      0.0000000000  5.2818251579e-07  5.2712009545e-07    0.085358333333    0.040358333333
 5.2757331904e-07 -6.0652735654e-11  1.0312662625e-05      0.0000000000  5.2844899774e-07  5.2912159676e-07    0.085375000000    0.040375000000
 5.2783141005e-07 -6.1202425739e-11  1.0312992785e-05      0.0000000000  5.2871502494e-07  5.2865030384e-07    0.085391666667    0.040391666667
 5.2809343484e-07 -6.1479647160e-11  1.0313322623e-05      0.0000000000  5.2898105214e-07  5.3067769985e-07    0.085408333333    0.040408333333
 5.2814395220e-07 -7.6438150747e-11  1.0313662618e-05      0.0000000000  5.2924753409e-07  5.2953798727e-07    0.085425000000    0.040425000000
 5.2857191616e-07 -6.5221813747e-11  1.0313992788e-05      0.0000000000  5.2951356129e-07  5.3073953582e-07    0.085441666667    0.040441666667
 5.2900288450e-07 -5.3828879649e-11  1.0314322619e-05      0.0000000000  5.2978004324e-07  5.2757258446e-07    0.085458333333    0.040458333333
 5.2915620657e-07 -6.1635252467e-11  1.0314662617e-05      0.0000000000  5.3004607044e-07  5.2990537124e-07    0.085475000000    0.040475000000
 5.2954680436e-07 -5.3038531961e-11  1.0314992791e-05      0.0000000000  5.3031255238e-07  5.3176516708e-07    0.085491666667    0.040491666667
 5.2979033717e-07 -5.4596576326e-11  1.0315322615e-05      0.0000000000  5.3057857958e-07  5.3029542682e-07    0.085508333333    0.040508333333
 5.2981149901e-07 -7.1588351638e-11  1.0315662627e-05      0.0000000000  5.3084506153e-07  5.3126242947e-07    0.085525000000    0.040525000000
 5.3025146899e-07 -5.9540432800e-11  1.0315992783e-05      0.0000000000  5.3111108873e-07  5.3172872269e-07    0.085541666667    0.040541666667
 5.3024065528e-07 -7.8746952885e-11  1.0316322622e-05      0.0000000000  5.3137757068e-07  5.3090480908e-07    0.085558333333    0.040558333333
 5.3060816146e-07 -7.1749641756e-11  1.0316662620e-05      0.0000000000  5.3164405263e-07  5.2949075736e-07    0.085575000000    0.040575000000
 5.3085125288e-07 -7.3338258574e-11  1.0316992786e-05      0.0000000000  5.3191007983e-07  5.3051220648e-07    0.085591666667    0.040591666667
 5.3129147523e-07 -6.1304357815e-11  1.0317322621e-05      0.0000000000  5.3217656178e-07  5.3166479565e-07    0.085608333333    0.040608333333
 5.3121948046e-07 -8.4717005790e-11  1.0317662616e-05      0.0000000000  5.3244258898e-07  5.2966952039e-07    0.085625000000    0.040625000000
 5.3155418361e-07 -7.9991753532e-11  1.0317992793e-05      0.0000000000  5.3270907092e-07  5.3313904822e-07    0.085641666667    0.040641666667
 5.3163853428e-07 -9.2606837849e-11  1.0318322614e-05      0.0000000000  5.3297555287e-07  5.3329364601e-07    0.085658333333    0.040658333333
 5.3202670079e-07 -8.4147018367e-11  1.0318662622e-05      0.0000000000  5.3324158007e-07  5.3316480142e-07    0.085675000000    0.040675000000
 5.3235123242e-07 -8.0126283500e-11  1.0318992785e-05      0.0000000000  5.3350806202e-07  5.3442056060e-07    0.085691666667    0.040691666667
 5.3285724733e-07 -6.3535347582e-11  1.0319322617e-05      0.0000000000  5.3377454397e-07  5.3429388569e-07    0.085708333333    0.040708333333
 5.3304842279e-07 -6.8719854921e-11  1.0319662622e-05      0.0000000000  5.3404057117e-07  5.3373294397e-07    0.085725000000    0.040725000000
 5.3325936245e-07 -7.2566918742e-11  1.0319992785e-05      0.0000000000  5.3430705311e-07  5.3236777301e-07    0.085741666667    0.040741666667
 5.3383519347e-07 -5.1140260875e-11  1.0320322627e-05      0.0000000000  5.3457353506e-07  5.3622433774e-07    0.085758333333    0.040758333333
 5.3388210595e-07 -6.6348451836e-11  1.0320662614e-05      0.0000000000  5.3484001701e-07  5.3583859008e-07    0.085775000000    0.040775000000
 5.3423972262e-07 -6.0004627364e-11  1.0320992791e-05      0.0000000000  5.3510604421e-07  5.3579354557e-07    0.085791666667    0.040791666667
 5.3449486349e-07 -6.0790152372e-11  1.0321322616e-05      0.0000000000  5.3537252616e-07  5.3493576603e-07    0.085808333333    0.040808333333
 5.3444752884e-07 -8.2526246880e-11  1.0321662617e-05      0.0000000000  5.3563900811e-07  5.3437199429e-07    0.085825000000    0.040825000000
 5.3462354454e-07 -8.8792272802e-11  1.0321992787e-05      0.0000000000  5.3590549005e-07  5.3474393773e-07    0.085841666667    0.040841666667
 5.3493848671e-07 -8.5404241986e-11  1.0322322615e-05      0.0000000000  5.3617151725e-07  5.3520395774e-07    0.085858333333    0.040858333333
 5.3463879728e-07 -1.2461935949e-10  1.0322662623e-05      0.0000000000  5.3643799920e-07  5.3461830050e-07    0.085875000000    0.040875000000
 5.3543947169e-07 -8.7619219676e-11  1.0322992783e-05      0.0000000000  5.3670448115e-07  5.3760054579e-07    0.085891666667    0.040891666667
 5.3571345856e-07 -8.7099400856e-11  1.0323322621e-05      0.0000000000  5.3697096310e-07  5.3622078449e-07    0.085908333333    0.040908333333
 5.3627435092e-07 -6.6707450280e-11  1.0323662612e-05      0.0000000000  5.3723744504e-07  5.3728595744e-07    0.085925000000    0.040925000000
 5.3654778391e-07 -6.6225995077e-11  1.0323992790e-05      0.0000000000  5.3750392699e-07  5.3754010910e-07    0.085941666667    0.040941666667
 5.3673512031e-07 -7.1707907892e-11  1.0324322617e-05      0.0000000000  5.3777040894e-07  5.3804951299e-07    0.085958333333    0.040958333333
 5.3692726553e-07 -7.6856743820e-11  1.0324662619e-05      0.0000000000  5.3803689089e-07  5.3758752769e-07    0.085975000000    0.040975000000
 5.3737930620e-07 -6.3972764613e-11  1.0324992789e-05      0.0000000000  5.3830291809e-07  5.3835867712e-07    0.085991666667    0.040991666667
 5.3723307725e-07 -9.2558643225e-11  1.0325322613e-05      0.0000000000  5.3856940003e-07  5.4137614046e-07    0.086008333333    0.041008333333
 5.3756427519e-07 -8.8076175480e-11  1.0325662622e-05      0.0000000000  5.3883588198e-07  5.3948622061e-07    0.086025000000    0.041025000000
 5.3794835469e-07 -7.9930935347e-11  1.0325992782e-05      0.0000000000  5.3910236393e-07  5.4005953581e-07    0.086041666667    0.041041666667
 5.3805826255e-07 -9.0775833894e-11  1.0326322620e-05      0.0000000000  5.3936884588e-07  5.4004208401e-07    0.086058333333    0.041058333333
 5.3829469875e-07 -9.2856912883e-11  1.0326662614e-05      0.0000000000  5.3963532783e-07  5.3864117616e-07    0.086075000000    0.041075000000
 5.3879127583e-07 -7.6919675980e-11  1.0326992788e-05      0.0000000000  5.3990180977e-07  5.3978005546e-07    0.086091666667    0.041091666667
 5.3898027011e-07 -8.2286757031e-11  1.0327322619e-05      0.0000000000  5.4016829172e-07  5.3914963671e-07    0.086108333333    0.041108333333
 5.3938279671e-07 -7.2863803017e-11  1.0327662617e-05      0.0000000000  5.4043477367e-07  5.4019982627e-07    0.086125000000    0.041125000000
 5.3974144780e-07 -6.6479828602e-11  1.0327992791e-05      0.0000000000  5.4070125562e-07  5.3935808352e-07    0.086141666667    0.041141666667
 5.4014458946e-07 -5.7014273021e-11  1.0328322612e-05      0.0000000000  5.4096773756e-07  5.4076694687e-07    0.086158333333    0.041158333333
 5.4059140731e-07 -4.4523543561e-11  1.0328662620e-05      0.0000000000  5.4123421951e-07  5.4106595437e-07    0.086175000000    0.041175000000
 5.4093940820e-07 -3.8908737929e-11  1.0328992783e-05      0.0000000000  5.4150115621e-07  5.3986107268e-07    0.086191666667    0.041191666667
 5.4109460472e-07 -4.6616776910e-11  1.0329322618e-05      0.0000000000  5.4176763815e-07  5.4018668239e-07    0.086208333333    0.041208333333
 5.4137146920e-07 -4.5897644939e-11  1.0329662616e-05      0.0000000000  5.4203412010e-07  5.4219843467e-07    0.086225000000    0.041225000000
 5.4124799038e-07 -7.2907765262e-11  1.0329992786e-05      0.0000000000  5.4230060205e-07  5.4161683379e-07    0.086241666667    0.041241666667
 5.4147379176e-07 -7.5725451615e-11  1.0330322621e-05      0.0000000000  5.4256708400e-07  5.4269285516e-07    0.086258333333    0.041258333333
 5.4148877357e-07 -9.3145278287e-11  1.0330662612e-05      0.0000000000  5.4283356594e-07  5.4448726178e-07    0.086275000000    0.041275000000
 5.4180855729e-07 -8.9453400864e-11  1.0330992789e-05      0.0000000000  5.4310004789e-07  5.4604176119e-07    0.086291666667    0.041291666667
 5.4232910528e-07 -7.1855850260e-11  1.0331322614e-05      0.0000000000  5.4336652984e-07  5.4239828136e-07    0.086308333333    0.041308333333
 5.4248050468e-07 -7.9858389223e-11  1.0331662619e-05      0.0000000000  5.4363346653e-07  5.4567061958e-07    0.086325000000    0.041325000000
 5.4280296000e-07 -7.5981467029e-11  1.0331992785e-05      0.0000000000  5.4389994848e-07  5.4472210641e-07    0.086341666667    0.041341666667
 5.4322143951e-07 -6.5453555704e-11  1.0332322617e-05      0.0000000000  5.4416643043e-07  5.4361945139e-07    0.086358333333    0.041358333333
 5.4314629448e-07 -8.9115899842e-11  1.0332662618e-05      0.0000000000  5.4443291238e-07  5.4392532955e-07    0.086375000000    0.041375000000
 5.4375066958e-07 -6.5712173968e-11  1.0332992785e-05      0.0000000000  5.4469939432e-07  5.4636117629e-07    0.086391666667    0.041391666667
 5.4372783380e-07 -8.5751386271e-11  1.0333322620e-05      0.0000000000  5.4496587627e-07  5.4434621665e-07    0.086408333333    0.041408333333
 5.4413751045e-07 -7.5864690978e-11  1.0333662611e-05      0.0000000000  5.4523281297e-07  5.4370277980e-07    0.086425000000    0.041425000000
 5.4431059698e-07 -8.2333601771e-11  1.0333992788e-05      0.0000000000  5.4549929491e-07  5.4394241974e-07    0.086441666667    0.041441666667
 5.4469767699e-07 -7.3980535577e-11  1.0334322616e-05      0.0000000000  5.4576577686e-07  5.4406826137e-07    0.086458333333    0.041458333333
 5.4495754599e-07 -7.4438572609e-11  1.0334662617e-05      0.0000000000  5.4603225881e-07  5.4427161414e-07    0.086475000000    0.041475000000
 5.4514412344e-07 -8.0004549953e-11  1.0334992787e-05      0.0000000000  5.4629919550e-07  5.4767913306e-07    0.086491666667    0.041491666667
 5.4571618848e-07 -5.8838738776e-11  1.0335322615e-05      0.0000000000  5.4656567745e-07  5.4776478838e-07    0.086508333333    0.041508333333
 5.4599537026e-07 -5.7959101425e-11  1.0335662616e-05      0.0000000000  5.4683215940e-07  5.4726599708e-07    0.086525000000    0.041525000000
 5.4636068859e-07 -5.1144826666e-11  1.0335992783e-05      0.0000000000  5.4709909610e-07  5.4740433796e-07    0.086541666667    0.041541666667
 5.4648440519e-07 -6.1033281183e-11  1.0336322618e-05      0.0000000000  5.4736557804e-07  5.4806722335e-07    0.086558333333    0.041558333333
 5.4712203406e-07 -3.5326276263e-11  1.0336662612e-05      0.0000000000  5.4763205999e-07  5.4834859038e-07    0.086575000000    0.041575000000
 5.4745303976e-07 -3.0888621126e-11  1.0336992786e-05      0.0000000000  5.4789899669e-07  5.4721342156e-07    0.086591666667    0.041591666667
 5.4742128770e-07 -5.1545408093e-11  1.0337322617e-05      0.0000000000  5.4816547863e-07  5.5002371160e-07    0.086608333333    0.041608333333
 5.4772004010e-07 -4.9310237753e-11  1.0337662615e-05      0.0000000000  5.4843196058e-07  5.4829865623e-07    0.086625000000    0.041625000000
 5.4765975078e-07 -7.1975118120e-11  1.0337992786e-05      0.0000000000  5.4869889728e-07  5.4892987681e-07    0.086641666667    0.041641666667
 5.4783904031e-07 -7.8014386008e-11  1.0338322613e-05      0.0000000000  5.4896537922e-07  5.4889289787e-07    0.086658333333    0.041658333333
 5.4764132291e-07 -1.1016654502e-10  1.0338662618e-05      0.0000000000  5.4923186117e-07  5.4870367948e-07    0.086675000000    0.041675000000
 5.4806099073e-07 -9.9587824104e-11  1.0338992782e-05      0.0000000000  5.4949879787e-07  5.4776854602e-07    0.086691666667    0.041691666667
 5.4784323967e-07 -1.3312758757e-10  1.0339322616e-05      0.0000000000  5.4976527981e-07  5.4681289490e-07    0.086708333333    0.041708333333
 5.4813806937e-07 -1.3119561518e-10  1.0339662614e-05      0.0000000000  5.5003221651e-07  5.4977300313e-07    0.086725000000    0.041725000000
 5.4841845483e-07 -1.3023260683e-10  1.0339992785e-05      0.0000000000  5.5029869846e-07  5.4970762963e-07    0.086741666667    0.041741666667
 5.4885351112e-07 -1.1855652591e-10  1.0340322616e-05      0.0000000000  5.5056518040e-07  5.4996854190e-07    0.086758333333    0.041758333333
 5.4940327075e-07 -9.8967166549e-11  1.0340662614e-05      0.0000000000  5.5083211710e-07  5.5115186825e-07    0.086775000000    0.041775000000
 5.4990615664e-07 -8.2592958235e-11  1.0340992791e-05      0.0000000000  5.5109859905e-07  5.5089693048e-07    0.086791666667    0.041791666667
 5.5048353695e-07 -6.1090488731e-11  1.0341322612e-05      0.0000000000  5.5136553574e-07  5.5138498342e-07    0.086808333333    0.041808333333
 5.5089044139e-07 -5.1364308536e-11  1.0341662617e-05      0.0000000000  5.5163201769e-07  5.4972049051e-07    0.086825000000    0.041825000000
 5.5133713113e-07 -3.8913950166e-11  1.0341992783e-05      0.0000000000  5.5189895438e-07  5.5271576962e-07    0.086841666667    0.041841666667
 5.5152857151e-07 -4.4111605787e-11  1.0342322615e-05      0.0000000000  5.5216543633e-07  5.5256827833e-07    0.086858333333    0.041858333333
 5.5199026431e-07 -3.0622080100e-11  1.0342662613e-05      0.0000000000  5.5243237303e-07  5.5449495701e-07    0.086875000000    0.041875000000
 5.5173700308e-07 -6.6621408547e-11  1.0342992783e-05      0.0000000000  5.5269885497e-07  5.5390596664e-07    0.086891666667    0.041891666667
 5.5215741796e-07 -5.5990943942e-11  1.0343322618e-05      0.0000000000  5.5296579167e-07  5.5237640286e-07    0.086908333333    0.041908333333
 5.5225428631e-07 -6.7739006803e-11  1.0343662612e-05      0.0000000000  5.5323227362e-07  5.5315906105e-07    0.086925000000    0.041925000000
 5.5259095716e-07 -6.2908962000e-11  1.0343992789e-05      0.0000000000  5.5349921031e-07  5.5333972649e-07    0.086941666667    0.041941666667
 5.5281490774e-07 -6.5854841684e-11  1.0344322614e-05      0.0000000000  5.5376569226e-07  5.5252008935e-07    0.086958333333    0.041958333333
 5.5292690861e-07 -7.6586268219e-11  1.0344662615e-05      0.0000000000  5.5403262895e-07  5.5317141881e-07    0.086975000000    0.041975000000
 5.5337332060e-07 -6.4123649871e-11  1.0344992785e-05      0.0000000000  5.5429911090e-07  5.5326339451e-07    0.086991666667    0.041991666667
 5.5332555939e-07 -8.5920787036e-11  1.0345322613e-05      0.0000000000  5.5456604760e-07  5.5488848724e-07    0.087008333333    0.042008333333
 5.5343144022e-07 -9.7044612956e-11  1.0345662615e-05      0.0000000000  5.5483252954e-07  5.5371042787e-07    0.087025000000    0.042025000000
 5.5379553537e-07 -9.0315060165e-11  1.0345992781e-05      0.0000000000  5.5509946624e-07  5.5328853454e-07    0.087041666667    0.042041666667
 5.5395157313e-07 -9.7996329278e-11  1.0346322620e-05      0.0000000000  5.5536640293e-07  5.5576684732e-07    0.087058333333    0.042058333333
 5.5440070829e-07 -8.5345094437e-11  1.0346662611e-05      0.0000000000  5.5563288488e-07  5.5584566342e-07    0.087075000000    0.042075000000
 5.5460325121e-07 -8.9805244673e-11  1.0346992784e-05      0.0000000000  5.5589982158e-07  5.5559173187e-07    0.087091666667    0.042091666667
 5.5483875733e-07 -9.1950744189e-11  1.0347322612e-05      0.0000000000  5.5616630352e-07  5.5574129851e-07    0.087108333333    0.042108333333
 5.5510397368e-07 -9.2069902136e-11  1.0347662614e-05      0.0000000000  5.5643324022e-07  5.5763904809e-07    0.087125000000    0.042125000000
 5.5545802608e-07 -8.6035946686e-11  1.0347992787e-05      0.0000000000  5.5670017691e-07  5.5791058866e-07    0.087141666667    0.042141666667
 5.5587394648e-07 -7.5685288968e-11  1.0348322612e-05      0.0000000000  5.5696665886e-07  5.5690184319e-07    0.087158333333    0.042158333333
 5.5608508693e-07 -7.9549942589e-11  1.0348662617e-05      0.0000000000  5.5723359556e-07  5.5825341433e-07    0.087175000000    0.042175000000
 5.5666091127e-07 -5.8123747380e-11  1.0348992780e-05      0.0000000000  5.5750007750e-07  5.5739657813e-07    0.087191666667    0.042191666667
 5.5717204855e-07 -4.1209514704e-11  1.0349322618e-05      0.0000000000  5.5776701420e-07  5.5713580737e-07    0.087208333333    0.042208333333
 5.5728430699e-07 -5.1923101139e-11  1.0349662613e-05      0.0000000000  5.5803395089e-07  5.5761359362e-07    0.087225000000    0.042225000000
 5.5772827262e-07 -3.9629926728e-11  1.0349992783e-05      0.0000000000  5.5830043284e-07  5.5860153843e-07    0.087241666667    0.042241666667
 5.5781789020e-07 -5.1911702364e-11  1.0350322614e-05      0.0000000000  5.5856736954e-07  5.5886785918e-07    0.087258333333    0.042258333333
 5.5809829957e-07 -5.0978534996e-11  1.0350662612e-05      0.0000000000  5.5883430623e-07  5.5828850660e-07    0.087275000000    0.042275000000
 5.5838660337e-07 -4.9467073109e-11  1.0350992789e-05      0.0000000000  5.5910078818e-07  5.5905696751e-07    0.087291666667    0.042291666667
 5.5833987217e-07 -7.1192868381e-11  1.0351322610e-05      0.0000000000  5.5936772487e-07  5.5969087662e-07    0.087308333333    0.042308333333
 5.5859144089e-07 -7.2257311043e-11  1.0351662618e-05      0.0000000000  5.5963466157e-07  5.5981530324e-07    0.087325000000    0.042325000000
 5.5863262035e-07 -8.7862592279e-11  1.0351992778e-05      0.0000000000  5.5990114352e-07  5.5960930911e-07    0.087341666667    0.042341666667
 5.5904236486e-07 -7.7971196379e-11  1.0352322616e-05      0.0000000000  5.6016808021e-07  5.6031054129e-07    0.087358333333    0.042358333333
 5.5904363880e-07 -9.6371978249e-11  1.0352662611e-05      0.0000000000  5.6043501691e-07  5.6022293640e-07    0.087375000000    0.042375000000
 5.5950317166e-07 -8.3032057716e-11  1.0352992781e-05      0.0000000000  5.6070195360e-07  5.6099024958e-07    0.087391666667    0.042391666667
 5.5988725810e-07 -7.4886336418e-11  1.0353322616e-05      0.0000000000  5.6096843555e-07  5.6101873847e-07    0.087408333333    0.042408333333
 5.6014011440e-07 -7.5861597087e-11  1.0353662610e-05      0.0000000000  5.6123537224e-07  5.6208013806e-07    0.087425000000    0.042425000000
 5.6029337716e-07 -8.3735072920e-11  1.0353992788e-05      0.0000000000  5.6150230894e-07  5.6093910480e-07    0.087441666667    0.042441666667
 5.6079446728e-07 -6.7485245634e-11  1.0354322608e-05      0.0000000000  5.6176879089e-07  5.6159905011e-07    0.087458333333    0.042458333333
 5.6110500488e-07 -6.4465286242e-11  1.0354662617e-05      0.0000000000  5.6203572758e-07  5.6180669508e-07    0.087475000000    0.042475000000
 5.6123324134e-07 -7.4072175771e-11  1.0354992780e-05      0.0000000000  5.6230266428e-07  5.6219722234e-07    0.087491666667    0.042491666667
 5.6164110299e-07 -6.4311193962e-11  1.0355322615e-05      0.0000000000  5.6256960097e-07  5.6321955191e-07    0.087508333333    0.042508333333
 5.6186723888e-07 -6.7105710392e-11  1.0355662613e-05      0.0000000000  5.6283608292e-07  5.6225805208e-07    0.087525000000    0.042525000000
 5.6232331141e-07 -5.4005465310e-11  1.0355992779e-05      0.0000000000  5.6310301961e-07  5.6271871670e-07    0.087541666667    0.042541666667
 5.6252951425e-07 -5.8212115868e-11  1.0356322618e-05      0.0000000000  5.6336995631e-07  5.6335188686e-07    0.087558333333    0.042558333333
 5.6273215710e-07 -6.2665344737e-11  1.0356662609e-05      0.0000000000  5.6363689300e-07  5.6362894597e-07    0.087575000000    0.042575000000
 5.6309792176e-07 -5.5788657852e-11  1.0356992786e-05      0.0000000000  5.6390337495e-07  5.6423663022e-07    0.087591666667    0.042591666667
 5.6314728822e-07 -7.0858374752e-11  1.0357322607e-05      0.0000000000  5.6417031165e-07  5.6374455235e-07    0.087608333333    0.042608333333
 5.6343027247e-07 -6.9746861903e-11  1.0357662615e-05      0.0000000000  5.6443724834e-07  5.6496735751e-07    0.087625000000    0.042625000000
 5.6370992196e-07 -6.8866326531e-11  1.0357992782e-05      0.0000000000  5.6470418504e-07  5.6471069027e-07    0.087641666667    0.042641666667
 5.6384534334e-07 -7.7975562400e-11  1.0358322613e-05      0.0000000000  5.6497112173e-07  5.6437218825e-07    0.087658333333    0.042658333333
 5.6399963517e-07 -8.5746263806e-11  1.0358662615e-05      0.0000000000  5.6523760368e-07  5.6540112120e-07    0.087675000000    0.042675000000
 5.6439999021e-07 -7.6505217276e-11  1.0358992778e-05      0.0000000000  5.6550454037e-07  5.6562986556e-07    0.087691666667    0.042691666667
 5.6464259802e-07 -7.8190325159e-11  1.0359322616e-05      0.0000000000  5.6577147707e-07  5.6532920721e-07    0.087708333333    0.042708333333
 5.6485631335e-07 -8.1876633299e-11  1.0359662607e-05      0.0000000000  5.6603841376e-07  5.6637046648e-07    0.087725000000    0.042725000000
 5.6512033564e-07 -8.2078496025e-11  1.0359992784e-05      0.0000000000  5.6630535046e-07  5.6654808178e-07    0.087741666667    0.042741666667
 5.6563813160e-07 -6.4671560597e-11  1.0360322612e-05      0.0000000000  5.6657183241e-07  5.6634946143e-07    0.087758333333    0.042758333333
 5.6572850211e-07 -7.6901185401e-11  1.0360662614e-05      0.0000000000  5.6683876910e-07  5.6589288462e-07    0.087775000000    0.042775000000
 5.6615349710e-07 -6.5953485325e-11  1.0360992784e-05      0.0000000000  5.6710570580e-07  5.6678453008e-07    0.087791666667    0.042791666667
 5.6618168368e-07 -8.2490198826e-11  1.0361322608e-05      0.0000000000  5.6737264249e-07  5.6723552547e-07    0.087808333333    0.042808333333
 5.6670672267e-07 -6.4613081917e-11  1.0361662617e-05      0.0000000000  5.6763957919e-07  5.6644942408e-07    0.087825000000    0.042825000000
 5.6687475564e-07 -7.1432021394e-11  1.0361992776e-05      0.0000000000  5.6790606113e-07  5.6738328404e-07    0.087841666667    0.042841666667
 5.6737755616e-07 -5.5095223157e-11  1.0362322615e-05      0.0000000000  5.6817299783e-07  5.6871839388e-07    0.087858333333    0.042858333333
 5.6765333038e-07 -5.4483103562e-11  1.0362662609e-05      0.0000000000  5.6843993452e-07  5.6874559353e-07    0.087875000000    0.042875000000
 5.6784735940e-07 -5.9532957932e-11  1.0362992783e-05      0.0000000000  5.6870687122e-07  5.6869448020e-07    0.087891666667    0.042891666667
 5.6832075604e-07 -4.5232781064e-11  1.0363322611e-05      0.0000000000  5.6897380791e-07  5.6804706560e-07    0.087908333333    0.042908333333
 5.6854863439e-07 -4.7938105783e-11  1.0363662612e-05      0.0000000000  5.6924074461e-07  5.6980870686e-07    0.087925000000    0.042925000000
 5.6851964370e-07 -6.8403629852e-11  1.0363992786e-05      0.0000000000  5.6950722656e-07  5.6899803146e-07    0.087941666667    0.042941666667
 5.6885226561e-07 -6.3854029940e-11  1.0364322607e-05      0.0000000000  5.6977416325e-07  5.6964318204e-07    0.087958333333    0.042958333333
 5.6896864407e-07 -7.4282248800e-11  1.0364662615e-05      0.0000000000  5.7004109995e-07  5.7007432011e-07    0.087975000000    0.042975000000
 5.6913246470e-07 -8.1424447092e-11  1.0364992778e-05      0.0000000000  5.7030803664e-07  5.6975331705e-07    0.087991666667    0.042991666667
 5.6954027799e-07 -7.1666814929e-11  1.0365322613e-05      0.0000000000  5.7057497334e-07  5.7094543219e-07    0.088008333333    0.043008333333
 5.6969064739e-07 -7.9740695786e-11  1.0365662607e-05      0.0000000000  5.7084191003e-07  5.7115930321e-07    0.088025000000    0.043025000000
 5.7028318145e-07 -5.7188621397e-11  1.0365992781e-05      0.0000000000  5.7110884673e-07  5.7165388092e-07    0.088041666667    0.043041666667
 5.7052448125e-07 -5.8932829702e-11  1.0366322612e-05      0.0000000000  5.7137532867e-07  5.7066775991e-07    0.088058333333    0.043058333333
 5.7060403686e-07 -7.1911535135e-11  1.0366662607e-05      0.0000000000  5.7164226537e-07  5.7187012602e-07    0.088075000000    0.043075000000
 5.7081319425e-07 -7.5913542721e-11  1.0366992784e-05      0.0000000000  5.7190920206e-07  5.7252832614e-07    0.088091666667    0.043091666667
 5.7074743989e-07 -9.8956951516e-11  1.0367322608e-05      0.0000000000  5.7217613876e-07  5.7190518684e-07    0.088108333333    0.043108333333
 5.7123617063e-07 -8.3594677992e-11  1.0367662613e-05      0.0000000000  5.7244307545e-07  5.7303486856e-07    0.088125000000    0.043125000000
 5.7104434456e-07 -1.1537027903e-10  1.0367992780e-05      0.0000000000  5.7271001215e-07  5.7348268803e-07    0.088141666667    0.043141666667
 5.7136438091e-07 -1.1169240118e-10  1.0368322611e-05      0.0000000000  5.7297694884e-07  5.7324609823e-07    0.088158333333    0.043158333333
 5.7155807100e-07 -1.1673423352e-10  1.0368662613e-05      0.0000000000  5.7324343079e-07  5.7306552713e-07    0.088175000000    0.043175000000
 5.7185780598e-07 -1.1446250347e-10  1.0368992779e-05      0.0000000000  5.7351036749e-07  5.7277683348e-07    0.088191666667    0.043191666667
 5.7233081626e-07 -1.0018908675e-10  1.0369322614e-05      0.0000000000  5.7377730418e-07  5.7349065926e-07    0.088208333333    0.043208333333
 5.7242710950e-07 -1.1200848179e-10  1.0369662605e-05      0.0000000000  5.7404424088e-07  5.7398485964e-07    0.088225000000    0.043225000000
 5.7283314573e-07 -1.0237393521e-10  1.0369992782e-05      0.0000000000  5.7431117757e-07  5.7373888359e-07    0.088241666667    0.043241666667
 5.7337367059e-07 -8.3424210051e-11  1.0370322607e-05      0.0000000000  5.7457811427e-07  5.7523469150e-07    0.088258333333    0.043258333333
 5.7382351821e-07 -7.0755125393e-11  1.0370662612e-05      0.0000000000  5.7484505096e-07  5.7547216175e-07    0.088275000000    0.043275000000
 5.7432622721e-07 -5.4393168267e-11  1.0370992782e-05      0.0000000000  5.7511153291e-07  5.7578829088e-07    0.088291666667    0.043291666667
 5.7464112957e-07 -5.1070889505e-11  1.0371322606e-05      0.0000000000  5.7537846960e-07  5.7591131821e-07    0.088308333333    0.043308333333
 5.7480025387e-07 -5.8538373520e-11  1.0371662615e-05      0.0000000000  5.7564540630e-07  5.7558342877e-07    0.088325000000    0.043325000000
 5.7553084297e-07 -2.6424098087e-11  1.0371992778e-05      0.0000000000  5.7591234299e-07  5.7517191219e-07    0.088341666667    0.043341666667
 5.7559153948e-07 -4.0709054158e-11  1.0372322613e-05      0.0000000000  5.7617927969e-07  5.7719173003e-07    0.088358333333    0.043358333333
 5.7562680410e-07 -5.6755516530e-11  1.0372662607e-05      0.0000000000  5.7644621638e-07  5.7729328063e-07    0.088375000000    0.043375000000
 5.7593463429e-07 -5.3923081757e-11  1.0372992781e-05      0.0000000000  5.7671315308e-07  5.7671300043e-07    0.088391666667    0.043391666667
 5.7610573603e-07 -6.0560964112e-11  1.0373322609e-05      0.0000000000  5.7698008977e-07  5.7686915473e-07    0.088408333333    0.043408333333
 5.7629118609e-07 -6.6173531601e-11  1.0373662607e-05      0.0000000000  5.7724657172e-07  5.7692784624e-07    0.088425000000    0.043425000000
 5.7655548198e-07 -6.6356443847e-11  1.0373992784e-05      0.0000000000  5.7751350842e-07  5.7747377312e-07    0.088441666667    0.043441666667
 5.7662797557e-07 -7.9824290029e-11  1.0374322605e-05      0.0000000000  5.7778044511e-07  5.7792074358e-07    0.088458333333    0.043458333333
 5.7669388328e-07 -9.3748298683e-11  1.0374662617e-05      0.0000000000  5.7804738181e-07  5.7771044154e-07    0.088475000000    0.043475000000
 5.7705640096e-07 -8.7128007252e-11  1.0374992776e-05      0.0000000000  5.7831431850e-07  5.7773539289e-07    0.088491666667    0.043491666667
 5.7747126343e-07 -7.6882122643e-11  1.0375322611e-05      0.0000000000  5.7858125520e-07  5.7906185545e-07    0.088508333333    0.043508333333
 5.7790849342e-07 -6.5086980807e-11  1.0375662609e-05      0.0000000000  5.7884819189e-07  5.7873317989e-07    0.088525000000    0.043525000000
 5.7802362505e-07 -7.5570062141e-11  1.0375992779e-05      0.0000000000  5.7911467384e-07  5.7877452965e-07    0.088541666667    0.043541666667
 5.7855100112e-07 -5.7531070383e-11  1.0376322611e-05      0.0000000000  5.7938161053e-07  5.7934306526e-07    0.088558333333    0.043558333333
 5.7898488327e-07 -4.5967812833e-11  1.0376662605e-05      0.0000000000  5.7964854723e-07  5.7983570913e-07    0.088575000000    0.043575000000
 5.7883836215e-07 -7.4605425420e-11  1.0376992786e-05      0.0000000000  5.7991548392e-07  5.7968139434e-07    0.088591666667    0.043591666667
 5.7945016759e-07 -5.0718545130e-11  1.0377322603e-05      0.0000000000  5.8018242062e-07  5.8021955438e-07    0.088608333333    0.043608333333
 5.7964637284e-07 -5.5617665460e-11  1.0377662612e-05      0.0000000000  5.8044935731e-07  5.8062526942e-07    0.088625000000    0.043625000000
 5.7984088052e-07 -6.0602868438e-11  1.0377992778e-05      0.0000000000  5.8071583926e-07  5.8060424865e-07    0.088641666667    0.043641666667
 5.8034038156e-07 -4.4494604842e-11  1.0378322606e-05      0.0000000000  5.8098277596e-07  5.8075928667e-07    0.088658333333    0.043658333333
 5.8032517516e-07 -6.4036875515e-11  1.0378662611e-05      0.0000000000  5.8124971265e-07  5.8212216217e-07    0.088675000000    0.043675000000
 5.8066683519e-07 -5.8861262053e-11  1.0378992778e-05      0.0000000000  5.8151664935e-07  5.8219275548e-07    0.088691666667    0.043691666667
 5.8088496390e-07 -6.2241882672e-11  1.0379322613e-05      0.0000000000  5.8178358604e-07  5.8240700384e-07    0.088708333333    0.043708333333
 5.8125833257e-07 -5.4870012258e-11  1.0379662603e-05      0.0000000000  5.8205052274e-07  5.8263390868e-07    0.088725000000    0.043725000000
 5.8160387107e-07 -4.9425760942e-11  1.0379992784e-05      0.0000000000  5.8231745943e-07  5.8345807385e-07    0.088741666667    0.043741666667
 5.8178290304e-07 -5.5482868930e-11  1.0380322605e-05      0.0000000000  5.8258394138e-07  5.8272149785e-07    0.088758333333    0.043758333333
 5.8201309897e-07 -5.8027669762e-11  1.0380662606e-05      0.0000000000  5.8285087807e-07  5.8224130607e-07    0.088775000000    0.043775000000
 5.8208709843e-07 -7.1391214281e-11  1.0380992780e-05      0.0000000000  5.8311781477e-07  5.8287996333e-07    0.088791666667    0.043791666667
 5.8242404956e-07 -6.6541756339e-11  1.0381322604e-05      0.0000000000  5.8338475146e-07  5.8385638366e-07    0.088808333333    0.043808333333
 5.8264600519e-07 -6.9657310826e-11  1.0381662613e-05      0.0000000000  5.8365168816e-07  5.8337702518e-07    0.088825000000    0.043825000000
 5.8264830152e-07 -8.7955780928e-11  1.0381992776e-05      0.0000000000  5.8391817011e-07  5.8399543206e-07    0.088841666667    0.043841666667
 5.8333357631e-07 -5.8980141669e-11  1.0382322611e-05      0.0000000000  5.8418510680e-07  5.8382668416e-07    0.088858333333    0.043858333333
 5.8326815647e-07 -8.2000380542e-11  1.0382662602e-05      0.0000000000  5.8445204350e-07  5.8431118385e-07    0.088875000000    0.043875000000
 5.8346823700e-07 -8.6631085094e-11  1.0382992782e-05      0.0000000000  5.8471898019e-07  5.8401492776e-07    0.088891666667    0.043891666667
 5.8406407723e-07 -6.3850013406e-11  1.0383322607e-05      0.0000000000  5.8498591689e-07  5.8441474692e-07    0.088908333333    0.043908333333
 5.8417253320e-07 -7.4795475339e-11  1.0383662608e-05      0.0000000000  5.8525239883e-07  5.8596574024e-07    0.088925000000    0.043925000000
 5.8460700770e-07 -6.3191189261e-11  1.0383992782e-05      0.0000000000  5.8551933553e-07  5.8569462418e-07    0.088941666667    0.043941666667
 5.8466743061e-07 -7.7495095812e-11  1.0384322603e-05      0.0000000000  5.8578627222e-07  5.8545561313e-07    0.088958333333    0.043958333333
 5.8497384792e-07 -7.4760522500e-11  1.0384662611e-05      0.0000000000  5.8605320892e-07  5.8557848323e-07    0.088975000000    0.043975000000
 5.8525348139e-07 -7.3881097507e-11  1.0384992774e-05      0.0000000000  5.8632014561e-07  5.8636977299e-07    0.088991666667    0.043991666667
 5.8555609971e-07 -7.1378159111e-11  1.0385322609e-05      0.0000000000  5.8658662756e-07  5.8723728466e-07    0.089008333333    0.044008333333
 5.8558930405e-07 -8.7567323777e-11  1.0385662604e-05      0.0000000000  5.8685356426e-07  5.8757377422e-07    0.089025000000    0.044025000000
 5.8606584841e-07 -7.3049123862e-11  1.0385992781e-05      0.0000000000  5.8712050095e-07  5.8785487398e-07    0.089041666667    0.044041666667
 5.8618720348e-07 -8.3132643862e-11  1.0386322609e-05      0.0000000000  5.8738743765e-07  5.8650640014e-07    0.089058333333    0.044058333333
 5.8654749937e-07 -7.6634744493e-11  1.0386662603e-05      0.0000000000  5.8765391959e-07  5.8708226236e-07    0.089075000000    0.044075000000
 5.8692335928e-07 -6.9090321079e-11  1.0386992784e-05      0.0000000000  5.8792085629e-07  5.8783710773e-07    0.089091666667    0.044091666667
 5.8702771915e-07 -8.0350991575e-11  1.0387322601e-05      0.0000000000  5.8818779298e-07  5.8751766118e-07    0.089108333333    0.044108333333
 5.8755559058e-07 -6.2277689086e-11  1.0387662610e-05      0.0000000000  5.8845472968e-07  5.8836602304e-07    0.089125000000    0.044125000000
 5.8763504185e-07 -7.5232123934e-11  1.0387992776e-05      0.0000000000  5.8872121163e-07  5.8999809648e-07    0.089141666667    0.044141666667
 5.8798565690e-07 -6.9436252391e-11  1.0388322608e-05      0.0000000000  5.8898814832e-07  5.8977336132e-07    0.089158333333    0.044158333333
 5.8815945909e-07 -7.5887091291e-11  1.0388662606e-05      0.0000000000  5.8925508502e-07  5.8996089742e-07    0.089175000000    0.044175000000
 5.8883473283e-07 -4.7604162387e-11  1.0388992779e-05      0.0000000000  5.8952202171e-07  5.8989480069e-07    0.089191666667    0.044191666667
 5.8883776018e-07 -6.5851999176e-11  1.0389322611e-05      0.0000000000  5.8978850366e-07  5.9047520667e-07    0.089208333333    0.044208333333
 5.8931335817e-07 -5.1399348674e-11  1.0389662602e-05      0.0000000000  5.9005544035e-07  5.9054806401e-07    0.089225000000    0.044225000000
 5.8926597636e-07 -7.3170206854e-11  1.0389992782e-05      0.0000000000  5.9032237705e-07  5.9009958420e-07    0.089241666667    0.044241666667
 5.8959355659e-07 -6.8938314787e-11  1.0390322603e-05      0.0000000000  5.9058885900e-07  5.9139716481e-07    0.089258333333    0.044258333333
 5.8966615919e-07 -8.2398610387e-11  1.0390662608e-05      0.0000000000  5.9085579569e-07  5.9101063103e-07    0.089275000000    0.044275000000
 5.8966602960e-07 -1.0089660600e-10  1.0390992778e-05      0.0000000000  5.9112273239e-07  5.9045714170e-07    0.089291666667    0.044291666667
 5.9018635235e-07 -8.3314656227e-11  1.0391322606e-05      0.0000000000  5.9138921433e-07  5.9176159298e-07    0.089308333333    0.044308333333
 5.9049894969e-07 -8.0152031554e-11  1.0391662608e-05      0.0000000000  5.9165615103e-07  5.9186073807e-07    0.089325000000    0.044325000000
 5.9099604605e-07 -6.4210324909e-11  1.0391992778e-05      0.0000000000  5.9192308772e-07  5.9205953136e-07    0.089341666667    0.044341666667
 5.9126299977e-07 -6.4177648154e-11  1.0392322609e-05      0.0000000000  5.9218956967e-07  5.9188867667e-07    0.089358333333    0.044358333333
 5.9155911704e-07 -6.2156493777e-11  1.0392662600e-05      0.0000000000  5.9245650637e-07  5.9284994066e-07    0.089375000000    0.044375000000
 5.9186368008e-07 -5.9550354380e-11  1.0392992781e-05      0.0000000000  5.9272344306e-07  5.9342350742e-07    0.089391666667    0.044391666667
 5.9207596235e-07 -6.3304423904e-11  1.0393322605e-05      0.0000000000  5.9298992501e-07  5.9327151954e-07    0.089408333333    0.044408333333
 5.9256314822e-07 -4.8049153967e-11  1.0393662606e-05      0.0000000000  5.9325686170e-07  5.9352648877e-07    0.089425000000    0.044425000000
 5.9265014750e-07 -6.0480785057e-11  1.0393992777e-05      0.0000000000  5.9352334365e-07  5.9407798136e-07    0.089441666667    0.044441666667
 5.9295922359e-07 -5.7562055277e-11  1.0394322604e-05      0.0000000000  5.9379028035e-07  5.9379288813e-07    0.089458333333    0.044458333333
 5.9325740087e-07 -5.5398217113e-11  1.0394662606e-05      0.0000000000  5.9405721704e-07  5.9487342181e-07    0.089475000000    0.044475000000
 5.9353419748e-07 -5.4683785750e-11  1.0394992776e-05      0.0000000000  5.9432369899e-07  5.9486117411e-07    0.089491666667    0.044491666667
 5.9361742583e-07 -6.7408103202e-11  1.0395322607e-05      0.0000000000  5.9459063568e-07  5.9426963671e-07    0.089508333333    0.044508333333
 5.9397746415e-07 -6.0928043933e-11  1.0395662602e-05      0.0000000000  5.9485711763e-07  5.9551744039e-07    0.089525000000    0.044525000000
 5.9421441616e-07 -6.3004893762e-11  1.0395992779e-05      0.0000000000  5.9512405433e-07  5.9617301488e-07    0.089541666667    0.044541666667
 5.9419605856e-07 -8.2765428064e-11  1.0396322607e-05      0.0000000000  5.9539099102e-07  5.9600285198e-07    0.089558333333    0.044558333333
 5.9454682711e-07 -7.6927427330e-11  1.0396662605e-05      0.0000000000  5.9565747297e-07  5.9548945462e-07    0.089575000000    0.044575000000
 5.9454360724e-07 -9.5639467127e-11  1.0396992778e-05      0.0000000000  5.9592440967e-07  5.9590848648e-07    0.089591666667    0.044591666667
 5.9487337626e-07 -9.1255971224e-11  1.0397322603e-05      0.0000000000  5.9619089161e-07  5.9632714100e-07    0.089608333333    0.044608333333
 5.9512494498e-07 -9.2320413886e-11  1.0397662608e-05      0.0000000000  5.9645782831e-07  5.9590917826e-07    0.089625000000    0.044625000000
 5.9534785861e-07 -9.5338116629e-11  1.0397992774e-05      0.0000000000  5.9672431026e-07  5.9623808966e-07    0.089641666667    0.044641666667
 5.9586247198e-07 -7.8183116629e-11  1.0398322606e-05      0.0000000000  5.9699124695e-07  5.9701680154e-07    0.089658333333    0.044658333333
 5.9587590892e-07 -9.5709946889e-11  1.0398662604e-05      0.0000000000  5.9725772890e-07  5.9693345740e-07    0.089675000000    0.044675000000
 5.9627705243e-07 -8.6414288185e-11  1.0398992777e-05      0.0000000000  5.9752466559e-07  5.9702849896e-07    0.089691666667    0.044691666667
 5.9650940415e-07 -8.8778273406e-11  1.0399322605e-05      0.0000000000  5.9779114754e-07  5.9825216884e-07    0.089708333333    0.044708333333
 5.9695796419e-07 -7.6198370741e-11  1.0399662603e-05      0.0000000000  5.9805808424e-07  5.9811720826e-07    0.089725000000    0.044725000000
 5.9711331488e-07 -8.3895731571e-11  1.0399992780e-05      0.0000000000  5.9832456618e-07  5.9829943020e-07    0.089741666667    0.044741666667
 5.9759145915e-07 -6.9266715765e-11  1.0400322601e-05      0.0000000000  5.9859150288e-07  5.9874463976e-07    0.089758333333    0.044758333333
 5.9771176057e-07 -7.9391718164e-11  1.0400662606e-05      0.0000000000  5.9885798483e-07  5.9951755010e-07    0.089775000000    0.044775000000
 5.9810005681e-07 -7.0954411165e-11  1.0400992773e-05      0.0000000000  5.9912446677e-07  5.9874726540e-07    0.089791666667    0.044791666667
 5.9821289825e-07 -8.1627616793e-11  1.0401322604e-05      0.0000000000  5.9939140347e-07  5.9929411990e-07    0.089808333333    0.044808333333
 5.9849542761e-07 -8.0516113662e-11  1.0401662602e-05      0.0000000000  5.9965788542e-07  5.9994420730e-07    0.089825000000    0.044825000000
 5.9920736362e-07 -4.9693820488e-11  1.0401992776e-05      0.0000000000  5.9992482211e-07  6.0034855449e-07    0.089841666667    0.044841666667
 5.9923964977e-07 -6.5915084844e-11  1.0402322607e-05      0.0000000000  6.0019130406e-07  5.9963847063e-07    0.089858333333    0.044858333333
 5.9971839829e-07 -5.1212719673e-11  1.0402662602e-05      0.0000000000  6.0045778601e-07  6.0063393072e-07    0.089875000000    0.044875000000
 6.0016756645e-07 -3.8590696606e-11  1.0402992779e-05      0.0000000000  6.0072472270e-07  6.0020894009e-07    0.089891666667    0.044891666667
 6.0032665775e-07 -4.6028968847e-11  1.0403322603e-05      0.0000000000  6.0099120465e-07  6.0061891588e-07    0.089908333333    0.044908333333
 6.0031305647e-07 -6.5428565450e-11  1.0403662605e-05      0.0000000000  6.0125768660e-07  6.0123941384e-07    0.089925000000    0.044925000000
 6.0052667214e-07 -6.9121776451e-11  1.0403992778e-05      0.0000000000  6.0152462329e-07  6.0172741961e-07    0.089941666667    0.044941666667
 6.0069419692e-07 -7.5975914963e-11  1.0404322603e-05      0.0000000000  6.0179110524e-07  6.0186492722e-07    0.089958333333    0.044958333333
 6.0091003250e-07 -7.9483868834e-11  1.0404662604e-05      0.0000000000  6.0205758719e-07  6.0231007389e-07    0.089975000000    0.044975000000
 6.0099494386e-07 -9.2091614927e-11  1.0404992774e-05      0.0000000000  6.0232452388e-07  6.0267428194e-07    0.089991666667    0.044991666667
